session,eligible_assets,gross,net,turnover,forecast_volatility,net_budget_ratio,maximum_factor_budget_ratio,maximum_sleeve_budget_ratio,exposure_equity,exposure_duration,exposure_credit,exposure_commodity,exposure_usd
2008-01-08,16,0.25000000002567246,0.049999999995301844,0.25000000002567246,0.03483082521407551,0.14285714284371956,0.2545454545897689,0.37500000001071027,-0.06363636364744223,0.01000000000150721,-4.053646307186403e-13,3.378438269611314e-12,-1.2709167052872833e-12
2008-01-15,16,0.5002838983180208,-0.09971610168887181,0.2500000000022959,0.07787992569411527,0.2849031476824909,0.9818181818274211,0.7500000000057969,-0.24545454545685527,0.010000000001134561,-3.447570175427086e-13,0.03352259887400982,-0.01508516949318632
2008-01-23,16,0.7260672425695067,0.1260672425432686,0.25000000002136646,0.08843750327723755,0.360192121552196,0.9818181818550855,0.7500000000250964,-0.24545454546377138,0.08000000000186142,-7.443314680654113e-13,0.07377209766520845,-0.03782017276353475
2008-01-30,16,0.9708953336300564,0.3500000000025637,0.25000000003291567,0.1000000008623192,1.000000000007325,1.0000000000407188,0.8717280769718072,-0.2500000000101797,0.0896333178520226,-0.0022389873263328613,0.18065579855503425,-0.09112788566404582
2008-02-06,16,0.999999999980845,0.34999999999212605,0.03314568968008702,0.09999999999913674,0.9999999999775031,0.9999999999769127,0.9042895977949108,-0.24999999999422817,0.09348099388852314,-0.002232422406973815,0.1763516256010008,-0.08711980703520202
2008-02-13,16,1.0000000000064313,0.3500000000012944,0.056397664118487734,0.10000000000218552,1.0000000000036984,1.000000000007075,0.8992180808183081,-0.25000000000176875,0.08224052301476004,-0.010138478107895867,0.18271563174010672,-0.09207294623225701
2008-02-21,16,1.0000000000064588,0.3500000000019924,0.038402652344104705,0.10000000000114968,1.0000000000056926,1.0000000000086575,0.8853710879147398,-0.2500000000021644,0.0812621427490421,-0.009194442242488046,0.18417031296791536,-0.09379951683860185
2008-02-28,16,0.9999999999743123,0.3499999999972816,0.2312777035953448,0.09999999999822738,0.9999999999922332,0.9999999999489035,0.7506712640277113,-0.24999999998722588,0.05751977182634002,-0.009123845757628177,0.18535040979580736,-0.11377563568678786
2008-03-06,17,0.9999999999705924,0.3499999999930043,0.07961853608093494,0.09849767299381722,0.9999999999800123,0.9999999999185307,0.7582367746769638,-0.24999999997963268,0.0712175439231651,-2.830097267647602e-13,0.18579323673546977,-0.12869981758850368
2008-03-13,17,1.0000000000170852,0.350000000003134,0.027095394187618606,0.10000000000234924,1.0000000000089544,1.0000000000208469,0.7530036275137504,-0.2500000000052117,0.06806683647296538,-2.932591495217311e-14,0.189217287045758,-0.13262071028338732
2008-03-20,17,0.9999999999808609,0.34999999999725384,0.11952416830396351,0.09999999999804587,0.9999999999921539,0.999999999969625,0.7231741354507966,-0.24999999999240624,0.06632886045004685,9.814333510471546e-14,0.1816447064935306,-0.14542435645821167
2008-03-28,17,0.9999999999953683,0.3499999999993102,0.02968085555042451,0.09999999999968102,0.9999999999980292,0.999999999990941,0.7132431655545366,-0.24999999999773526,0.06261357639048323,1.9543119918739562e-14,0.18641445314426058,-0.1515694559959298
2008-04-04,17,1.0000000000127829,0.3500000000022592,0.05306806311176031,0.10000000414959884,1.000000000006455,1.0000000000133902,0.691800058798431,-0.25000000000334754,0.059349201810788746,-1.1133640526064538e-13,0.19082799341156548,-0.1615708300385554
2008-04-11,18,0.999999999993855,0.3499999999991063,0.018142742764820703,0.10000000324212303,0.9999999999974466,0.9999999999912624,0.6884923733775534,-0.2499999999978156,0.058880280841614785,4.815246897903868e-13,0.19196181287471958,-0.16373905321709487
2008-04-18,19,1.0000000000357572,0.3356073649613821,0.2500000000299357,0.0887155234737251,0.9588781856039489,0.929224656071292,0.7775475323184944,-0.232306164017823,0.07375960882480768,-2.5341875679644686e-12,0.16052018027561815,-0.185759346218292
2008-04-25,19,1.0000000000633515,0.3255594067358677,0.2500000000275469,0.09784991301988301,0.9301697335310506,1.0000000000583253,0.6823729688371621,-0.23512546463991413,0.05207454851961422,-8.175618468881997e-12,0.22339761045924794,-0.2000000000116651
2008-05-02,19,1.0000000000561713,0.2592109824209103,0.24891703214478636,0.09425073208717503,0.7406028069168866,1.0000000000407965,0.8240137280632709,-0.23829521779032395,0.06960423089155744,-1.3023355673856675e-11,0.22000000000626976,-0.20000000000815932
2008-05-09,19,0.9999999999999182,0.2681007499674929,0.03727714502625648,0.09394100333928067,0.7660021427642655,1.000000000000056,0.8351259374593182,-0.23469716386864642,0.07217802249369647,-1.1868354231509234e-11,0.21999999999997968,-0.20000000000001122
2008-05-16,19,1.0000000001154439,0.2586746978959143,0.015886204530622283,0.09269211222136621,0.7390705654168981,1.0000000001247922,0.8233433724573505,-0.23847556248527155,0.07102884252568906,-5.700198267320348e-12,0.22000000000989786,-0.20000000002495844
2008-05-23,19,1.000000000019733,0.25268763944829653,0.10547168984461222,0.0927706408181341,0.7219646841379901,1.0000000000224065,0.8908679181982453,-0.22468114846600798,0.07006213372576588,4.261455894034332e-13,0.2200000000014911,-0.20000000000448132
2008-06-02,19,1.0000000000318765,0.11099727306474436,0.2500000000188409,0.08512442719465392,0.3171350658992696,0.999999999992599,1.0,-0.20695866922287906,0.03486482726852068,0.050491231255744326,0.20184636252282634,-0.1999999999985198
2008-06-09,19,0.999999999978654,0.008897011955485729,0.12075682435141673,0.09145906788421497,0.025420034158530655,0.9999999999818099,0.9999999999801339,-0.24999999999545247,0.02451960159347705,-9.18878183945617e-14,0.19402905461109338,-0.1937101755602859
2008-06-16,19,1.0000000000142133,-0.025148298817178755,0.25000000001432376,0.09251234449440902,0.07185228233479644,1.0000000000021396,1.0,-0.19347111769419728,0.009941925259439339,1.512444707441895e-12,0.20550090215409972,-0.20000000000042795
2008-06-23,19,0.9999999999982668,0.23855379447411632,0.2500000000014627,0.09379805563987997,0.6815822699260466,0.9999999999959349,0.8467082538844763,-0.18565035310684158,0.07203788332388769,-1.209652485695918e-19,0.23571360358695748,-0.199999999999187
2008-06-30,19,1.0000000000618148,0.24269763319719423,0.11348913324607951,0.10000000117875177,0.6934218091348407,1.0000000000735414,0.8431321618614004,-0.21931258147242585,0.07257811087098452,-1.918868584896402e-12,0.25000000001246603,-0.2000000000147083
2008-07-08,19,0.9999999999822714,0.23156413240472612,0.25000000000169753,0.09978800479373963,0.6616118068706461,0.9999999999721778,0.9740626520830846,-0.2064522829998448,0.07353513860667953,-6.000535364822496e-13,0.24999999999071618,-0.19999999999443557
2008-07-15,19,1.0000000000462999,0.0008342952821553118,0.2500000000485133,0.09785574819278814,0.002383700806158034,1.0000000000440092,0.9431546806175617,-0.21318416664021314,-0.046327614261343776,-0.04996029700748734,0.2500000000110023,-0.19547320209509278
2008-07-22,19,0.9999999999974436,-0.007974075644775147,0.10866481476567554,0.09999999999959784,0.022783073270786137,0.999999999996552,0.9758457452841683,-0.20554974955049346,-0.05098132243214093,-0.05178020067242322,0.24999999999867356,-0.1999999999993104
2008-07-29,19,1.0000000000023161,-0.020615005440400902,0.012374786432511352,0.10000000000010337,0.05890001554400258,1.0000000000027285,0.988849171026884,-0.20752846284585308,-0.052196512733481915,-0.052755030194301944,0.2441694414958819,-0.2000000000005457
2008-08-05,19,1.0000000000856983,-0.02531796271074864,0.01663013734576435,0.10000000042051059,0.07233703631642469,1.0000000000691294,0.9941871420770229,-0.21057621075835814,-0.05098064526217149,-0.05195425700397641,0.24181438803947145,-0.20000000001382587
2008-08-12,19,1.000000000019031,-0.06381212379214021,0.07234108477074008,0.10000000000136168,0.1823203536918292,0.9767336819909391,1.0,-0.22467721437313928,-0.052594209562327604,-0.053278535512369773,0.22000000000379177,-0.19534673639818784
2008-08-19,19,1.000000000030217,-0.06764045827631235,0.019544947409250852,0.10000000000051325,0.19325845221803528,0.9891787228898815,1.0,-0.22064136833075035,-0.057029957482473796,-0.05647109874638664,0.22000000000294181,-0.1978357445779763
2008-08-26,19,1.000000000023375,0.10943804972619162,0.2500000000070125,0.10000000068504357,0.3126801420748332,0.9375043082217258,1.0,-0.21962951911180262,0.04760768364292102,-0.017194890723404115,0.20000229771255632,-0.18750086164434518
2008-09-03,19,0.9999999999993128,0.33900807160950375,0.250000000000883,0.09999999999997121,0.9685944903128679,0.8705593315745,0.9857243703350456,-0.217639832893625,0.10514393283740349,-2.31046496683641e-12,0.20075558733206983,-0.11365643430935315
2008-09-10,19,0.9999999999879662,0.24142372026908954,0.2500000000341581,0.09144107423331331,0.6897820579116845,0.8407454043545572,0.9885391124935263,-0.2101863510886393,0.10544417200091047,3.5025021227429994e-12,0.03282631596185497,0.015683021559484662
2008-09-17,19,1.0000000000224363,-0.01007235988991155,0.25000000002125955,0.09950344813622476,0.028778171114033003,0.7881792717511983,0.9917173711734979,-0.19704481793779957,0.10564265245738776,-4.845984331516767e-13,-0.1130047091243363,0.09320530736720341
2008-09-24,19,0.9999999999764464,0.08607673384966665,0.24261387727122247,0.09999999999809285,0.24593352528476187,0.9999999999778423,0.9999999999712635,-0.15705104681833573,0.10666666666269921,1.8546138506338534e-13,-0.14739669196694621,0.19999999999556847
2008-10-01,19,1.0000000000807088,0.17931146630383732,0.08668500637272046,0.10000001811951863,0.5123184751538209,1.0000000000987435,1.0000000000735287,-0.0840187530336363,0.1060397847302809,1.9792579049550442e-13,-0.1459880606047598,0.2000000000197487
2008-10-08,19,1.000000000003748,0.25623394217466716,0.173897523316438,0.10000001199341799,0.7320969776419062,1.0000000000057063,1.0000000000025893,-0.06492919308866002,0.1208080299990877,0.01810602249538782,-0.147886290140541,0.20000000000114126
2008-10-15,19,0.9419910703161949,0.3212049433345874,0.2500000000305585,0.10000000003494765,0.9177284095273925,1.00000000004231,1.000000000014767,-0.035720703233250974,0.17201320456744448,0.01713321182799382,-0.14295671681889247,0.20000000000846202
2008-10-22,19,1.0000000000212683,0.32374390321784574,0.19189404171252877,0.10000000000226941,0.9249825806224165,1.0000000000228328,1.0000000000137923,-0.09052052784719787,0.15000000000414063,-5.134057175790796e-13,-0.12786887185062978,0.20000000000456658
2008-10-29,19,0.9999999999816658,0.34999999999222964,0.06752610131004994,0.10000003425892796,0.999999999977799,0.9956822917370715,0.9999999999766077,-0.06244452619824937,0.14165424838660043,-0.006259313706463957,-0.12923933994834377,0.1991364583474143
2008-11-05,19,1.0000000000122926,0.3500000000006108,0.1570510127638141,0.10000000000196829,1.0000000000017453,0.9229705111964815,1.0000000000158233,-0.09767618898636245,0.1428751145813805,-0.00646181035099559,-0.11811536953638803,0.18459410223929631
2008-11-12,19,0.9999999999941783,0.3499999999966833,0.2499999999984123,0.10000000000362637,0.9999999999905238,0.8935363417571536,0.9999999999935063,-0.08429543495864109,0.16311529141283868,-0.009044163879486963,-0.1321910972597807,0.17870726835143072
2008-11-19,19,1.0000000000097893,0.34999999999950737,0.21232633225216035,0.1000000000020145,0.9999999999985926,0.9359721238680174,1.0000000000081195,-0.06419824352359826,0.17405132430819725,-2.389341915341508e-13,-0.14504679055309525,0.18719442477360348
2008-11-26,19,0.977787103239435,0.3500000000010396,0.11722931119072168,0.10000000000358975,1.0000000000029703,0.9430172020765774,1.000000000013988,-0.04184790157019402,0.16907582300680732,-0.01778614242585501,-0.1455704784384364,0.1886034404153155
2008-12-04,19,0.9543275080925463,0.34999999999796194,0.04339960829355377,0.09999999999964619,0.999999999994177,0.9512979898267016,0.9999999999934192,-0.03926654867615416,0.170126992543678,-0.016785372252264254,-0.14244495838148918,0.1902595979653403
2008-12-11,19,0.9428195418066686,0.3499999999897935,0.042894634661991386,0.1000000054790782,0.9999999999708385,0.9470173044304161,1.0000000000124754,-0.03868930107948024,0.16950633480963556,-0.016849152803918903,-0.1398888064666508,0.18940346088608323
2008-12-18,19,0.9521755168709111,0.34999999999985887,0.07206806896046623,0.10000000000055334,0.9999999999995969,0.9798573572138882,1.0000000000021192,-0.036605726599452645,0.1795698766842796,-0.009242437259039468,-0.14581328810599045,0.19597147144277766
2008-12-26,19,0.9541682448033711,0.35000000000109166,0.008456358444307647,0.1000000000052283,1.000000000003119,0.9827983310805424,1.0000000000211458,-0.03578244573330257,0.17894610347457554,-0.009854661061999509,-0.14747851809966334,0.1965596662161085
2009-01-05,19,0.9463982188129536,0.349999999988324,0.09209927747893246,0.10000000000387511,0.99999999996664,0.9999999999715854,0.9999999999751435,-0.011954743077068649,0.1736151495336839,-0.02323038888747267,-0.15182447711968583,0.19999999999431708
2009-01-12,19,0.9999999999730007,0.3499999999866017,0.18532023941558148,0.09999999999794613,0.9999999999617192,0.9999999999794607,0.999999999969742,-0.02253843683643725,0.17755782533616443,-0.04760442933359043,-0.14577975182159655,0.19999999999589213
2009-01-20,19,0.9999999999901535,0.34999999999636705,0.16033842002620366,0.10000000001433476,0.9999999999896202,0.8584007966408176,0.9999999999862802,-0.016333443943995538,0.2146001991602044,-0.016999004185378315,-0.15051194647591795,0.13774834698019828
2009-01-27,19,0.9872183833959188,0.349999999992355,0.04832298197618344,0.10000000000517907,0.9999999999781571,0.8647060274770211,1.000000000022375,-0.01219781994673881,0.21617650686925527,-0.009117465694173071,-0.14979031882648006,0.1171336649992011
2009-02-03,19,1.0000000000057534,0.3499999999979443,0.05649002752286701,0.10000000285214841,0.9999999999941266,0.8647413141276115,1.000000000004253,-0.012756693905857326,0.21618532853190287,-0.009073357348183833,-0.1524096887559575,0.09585519939268636
2009-02-10,19,0.9447690485136663,0.34999999999503423,0.0997203899065274,0.10000000017005276,0.9999999999858121,0.8988876893442624,1.0000000000112,-0.0010231414166336403,0.2247219223360656,0.03360961166002053,-0.16881947735907055,0.07672760592983832
2009-02-18,19,0.9245320440061197,0.3499999999797187,0.04048924610983019,0.0999999999980126,0.9999999999420535,0.9000675173513185,0.9999999999579609,-0.0017016310580914144,0.22501687933782963,0.03508439673762779,-0.1683095895868967,0.06665987574116476
2009-02-25,19,0.9268577042924322,0.34999999999186426,0.04096287944843585,0.10000000001160055,0.9999999999767551,0.8948032340134402,0.9999999999772158,0.00010148711466103583,0.22370080850336005,0.037762742299605176,-0.1721978904443295,0.06810927678964422
2009-03-04,19,0.9218242257448629,0.34999999998452025,0.08942486979096861,0.09999999999857576,0.9999999999557722,0.7685257918383929,0.9163186945321264,0.0017051712960045714,0.19213144795959822,0.0501758241451104,-0.17305250547338696,0.06242122787786167
2009-03-11,19,0.9267719833463455,0.3499999999983645,0.1900240409427052,0.10000000002977487,0.9999999999953272,0.6672841990385555,0.7538499931940386,0.0004992353632008094,0.12656995690663972,0.05627246972460047,-0.16682104975963888,0.09519277519702107
2009-03-18,19,1.0000000000208304,0.3500000000190959,0.16706922996791415,0.1000000000198662,1.00000000005456,0.7961962311206403,0.8519111230800874,-0.005447678366247402,0.082693694446765,0.05509360775950062,-0.16589416734571047,0.15923924622412808
2009-03-25,19,1.0000000000181568,0.350000000017445,0.10445081214834781,0.10000000000162108,1.000000000049843,0.9553451252737921,1.0,0.0004438301166800139,0.06239784925422387,0.03626972450344175,-0.16665258282107942,0.19106902505475842
2009-04-01,19,0.9999999999958533,0.34999999999795606,0.10320674436545613,0.1000000000081605,0.9999999999941602,0.9120232876642961,0.9999999999941166,-0.03302270563377272,0.06311591871023466,0.027348628951915834,-0.13972830167752068,0.18240465753285923
2009-04-08,19,0.992884893797885,0.3499999999959817,0.14824628808344117,0.10000000000845956,0.9999999999885192,0.8770062914229365,1.0,-0.025002501603786,0.06709451804689723,-0.01643002127075582,-0.13681892384234587,0.1754012582845873
2009-04-16,19,1.0000000000412734,0.34999999998193454,0.06446836562029483,0.100000000011264,0.9999999999483845,0.8454690554622271,1.0,-0.025322393351657625,0.055219127906101964,-0.02669634817678157,-0.1368775692052611,0.16909381109244542
2009-04-23,19,0.9999999999692359,0.34999999997633763,0.22578814916195278,0.0999999999988597,0.9999999999323933,0.5398554337988062,0.9999999999659029,-0.03411400899119409,0.08686572455648296,-0.038029221274143446,-0.13496385844970155,0.09579529050655623
2009-04-30,19,1.0000000000228937,0.3499999999985244,0.018526072781524936,0.10000000000395932,0.999999999995784,0.5601796654983718,1.0000000000196336,-0.030721744244420975,0.0891573504579102,-0.03767471002606674,-0.14004491637459296,0.097318476585716
2009-05-07,19,0.982845201005549,0.34999999999572584,0.11438475281856321,0.10000000342765278,0.9999999999877882,0.6565355762180737,0.9999999999929837,-0.01361089814355031,0.09353796722459976,-0.015643497208996857,-0.16413389405451842,0.11380111744515103
2009-05-14,19,0.9803995255262843,0.35000000000065035,0.04071070028375649,0.10000000000604486,1.0000000000018583,0.6817933931313044,1.0000000000164428,0.0012177232746669174,0.09502651342209084,-0.008200766251539225,-0.1704483482828261,0.10064492793632171
2009-05-21,19,0.9999999999985179,0.34999999999839665,0.24999999999955475,0.10000000012451309,0.9999999999954191,0.842145124494367,0.9960285014802935,0.06643220508936841,0.11621305015505115,0.040389486216836856,-0.21053628112359174,0.13031079046946425
2009-05-29,19,1.0000000000206954,0.34999999999534454,0.25000000002290396,0.10000000024888353,0.9999999999866988,0.9361913768461168,1.0000000000096507,0.1088691383619722,0.16018600312788353,0.10826670862061828,-0.2340478442115292,0.07569216538762794
2009-06-05,19,1.0000000000067482,0.2901633370066138,0.25000000000829786,0.1000000492188306,0.8290381057331823,1.0000000000087979,1.0000000000024487,0.15116182379066945,0.07458704277479287,0.15000000000131966,-0.22882835474145607,0.06417920623293696
2009-06-12,19,1.0000000000318956,0.26838718108888315,0.1413040898645391,0.10000000000291906,0.766820517396809,1.0000000000293594,1.0000000000163083,0.10124879654729045,0.10013493013261636,0.1500000000044039,-0.23659543889096013,0.06674022459822569
2009-06-19,19,1.0000000000305904,0.11877673604650851,0.16297469341938095,0.10000000083642861,0.33936210299002434,1.0000000000251419,1.0000000000065667,0.10427268384332145,0.004666666666445255,0.15000000000377128,-0.2377255748832135,0.06636697918656764
2009-06-26,19,0.9999999999986611,0.17108301130337739,0.25000000000160183,0.10000000000338681,0.4888086037239354,0.9973979170514649,0.7986989585255122,0.10559298076284598,-0.04207806248909254,0.14960968755771972,-0.1796294950677909,0.02055800287630826
2009-07-06,19,0.9999999999993435,0.3499999999999631,0.2499999999998937,0.10000000000220288,0.9999999999998946,0.9786595743261761,0.7893297871629372,0.09267592620063916,-0.045347888885683314,0.14679893614892642,-0.09270040420733643,-0.037006454784435344
2009-07-13,19,1.000000000012872,0.19719984964725068,0.25000000001323164,0.10000032502256295,0.5634281418492877,0.9784898094551846,0.9090613291723002,0.09155837989244495,-0.08316285653574415,0.14677347141827768,-0.05776563299736142,-0.049607089243506076
2009-07-20,19,1.0000000000562324,0.16296847736128875,0.06403788309797885,0.10000000002166531,0.4656242210322536,0.9867476016473559,0.891029561251191,0.09668815454721001,-0.08996288552653997,0.14801214024710338,-0.05901968270106904,-0.051089894241970614
2009-07-27,19,1.000000000103096,-0.07051461321271027,0.25000000007378936,0.10000000000443547,0.2014703234648865,1.0000000000556775,0.8722291876952721,0.0980009815251213,-0.08359929239670445,0.15000000000835162,-0.1138671349945195,-0.1155388960920579
2009-08-03,19,0.999999999994303,0.12810255856557692,0.2500000000030199,0.09999999999965285,0.36600731018736266,0.9999999999946071,0.8042025705338446,0.09010786636649763,-0.04656071865962951,0.14999999999919106,-0.12234580367026336,-0.11316896182703973
2009-08-10,19,1.0000000000291038,0.28084237117697686,0.25000000003698486,0.10000000000081379,0.8024067747913625,0.9962059106956904,0.7981029553478451,0.0870088274970956,0.0960598865857495,0.14943088660435355,-0.14958976778873428,-0.10153763034780118
2009-08-17,19,1.0000000000340639,0.18428483676491855,0.2500000000246875,0.10000000000504863,0.5265281050426245,1.0000000000288578,1.0,0.12711886961343768,0.056437140117775036,0.15000000000432867,-0.15241333766350706,-0.14758604636053124
2009-08-24,19,1.0000000000278666,0.009365534005305876,0.25000000000394396,0.10000000000122973,0.02675866858658822,1.0000000000291136,1.0,0.15554198419507992,0.05664803045495344,0.15000000000436703,-0.22119567396702045,-0.08738381504379886
2009-08-31,19,0.9999999999726201,0.12070121398104364,0.12488187780385054,0.10000000045005629,0.34486061137441043,0.9999999999342395,0.999999999964615,0.21215708488775015,0.10780606023382946,0.1499999999901359,-0.21685847197833522,-0.08774382332247624
2009-09-08,19,0.9999999999864742,0.1543300819219055,0.03617497215097064,0.10000000000377669,0.44094309120544434,0.9999999999666617,0.9999999999684754,0.23233047343073432,0.1075691375590842,0.14999999999499924,-0.2070617044709147,-0.09343127588119718
2009-09-15,19,0.9999999999759976,0.16941029568625413,0.0328726352675748,0.10000000000742885,0.4840294162464404,0.9999999999503014,0.9999999999590409,0.23859979258523425,0.10763627816985585,0.1499999999925452,-0.2009188952522561,-0.09656344715393345
2009-09-22,19,0.9999999999806068,0.1527874266513345,0.022629111878081202,0.09999999999845517,0.43653550471809854,0.9999999999512127,0.9999999999666187,0.24192069603756763,0.10684919448741984,0.1499999999926819,-0.21103347049365412,-0.0946439437535348
2009-09-29,19,1.0000000000008742,0.1314510948360841,0.07335206011783207,0.10000000000010531,0.37557455667452605,1.0000000000007094,1.0,0.25000000000017736,0.10536873263204198,0.15000000000006852,-0.22015524995884483,-0.09492443551788377
2009-10-06,19,1.000000000017839,-0.007134420207955711,0.23902560941174816,0.10000000000271422,0.020384057737016317,1.0000000000278135,1.0,0.2500000000069534,0.03970244281924489,0.1500000000016143,-0.21424768336205727,-0.10417899112074704
2009-10-13,19,0.9999999999873599,0.002818718228123601,0.03558939480263089,0.10000000005679295,0.008053480651781719,0.9999999999887581,0.9999999999854761,0.246811631178046,0.05511528470930631,0.1499999999983137,-0.2180922954417826,-0.10097392193371352
2009-10-20,19,0.999999999997084,0.008733580086787013,0.018119762389973718,0.09999999999965997,0.02495308596224861,0.9999999999967631,0.9999999999959263,0.2499999999986395,0.06041065365009856,0.14999999999951447,-0.2197836382738615,-0.10047374716179089
2009-10-27,19,1.0000000000266045,0.0916281567556261,0.11044535858437812,0.10000000051585116,0.26179473358750316,1.0000000000453382,1.0,0.25000000001133454,0.12204009955358687,0.15000000000271077,-0.22198250518261298,-0.1008396995466384
2009-11-03,19,1.0000000000006217,0.06588627328792929,0.22553817776218876,0.10000051259753279,0.1882464951083694,0.9976604329912494,1.0,0.14240194379388674,0.16792981298979573,0.1496490649486874,-0.23175043267577503,-0.08870925713755674
2009-11-10,19,1.0000000000198546,0.08447618568128318,0.03627142393142069,0.09714337697189099,0.24136053051795195,0.9849796396670218,1.0,0.14528184967892263,0.16754938918919282,0.14774694595005328,-0.22525201645507695,-0.09460342140469324
2009-11-17,19,1.0000000000302032,0.30225857450085747,0.22004817434588184,0.09534118837711827,0.8635959271453071,1.0000000000512856,1.0,0.2500000000128214,0.16799999999834975,0.15000000000385386,-0.16037789380967188,-0.12850011733389788
2009-11-24,19,1.000000000016609,0.301632048620599,0.010994734924186223,0.09269504802670545,0.8618058532017114,1.000000000025558,1.0,0.250000000006201,0.16660596381850123,0.1500000000038337,-0.15990876208089524,-0.12840195946729463
2009-12-02,19,1.0000000000362403,0.2156221598238924,0.09627354801705726,0.08981450879453041,0.6160633137825497,1.000000000063249,1.0,0.24932227228336237,0.1237734222316149,0.15000000000948732,-0.17417516067753494,-0.11579771236926677
2009-12-09,19,1.0000000000176845,0.10000000001164658,0.2297400875206187,0.09033737757979965,0.2857142857475617,1.0000000000321698,1.0,0.20014093737058317,0.015152359096230573,0.15000000000482547,-0.1482862823678987,-0.11339731358008096
2009-12-16,19,1.0000000000225804,0.10000000001528656,0.032875216886666725,0.08859550402969428,0.2857142857579616,1.000000000037151,1.0,0.2041455095908919,0.012232461885045702,0.15000000000557262,-0.14825270746047625,-0.11359105306575987
2009-12-23,19,1.000000000022279,0.10000000001548229,0.2500000000143552,0.0935236497980146,0.2857142857585208,1.0000000000240206,1.0,0.21572448111643205,-0.04245231181159797,0.15000000000360308,-0.13477692339690903,-0.133800549014036
2009-12-31,19,0.9999999999826111,0.09999999999210882,0.050642322466100786,0.09478467688837754,0.2857142856917395,0.9999999999792879,0.9999999999805219,0.2227500621354487,-0.04999999999989344,0.14999999999689317,-0.1340050136679773,-0.1349999999952275
2010-01-08,19,1.0000000000450007,0.10000000002063483,0.01510047553638405,0.09528101102694587,0.28571428577324237,1.0000000000168205,1.0,0.220612379888021,-0.049999999998452074,0.15000000000252306,-0.13353472357319982,-0.13500000000195406
2010-01-15,19,1.0000000000145912,0.0989743506435668,0.009361535869323246,0.09314691889859177,0.28278385898161945,1.000000000004192,1.0,0.22020659827001973,-0.05013675324724022,0.1500000000006288,-0.13354801655802997,-0.13484615259197305
2010-01-25,19,1.0000000000387068,-0.09999999996190569,0.21326998309851294,0.08880858467683389,0.2857142856054448,1.0000000000111562,1.0,0.20454545457223047,-0.07666666666084505,0.15000000000167343,-0.15000000000960445,-0.10499999999765736
2010-02-01,19,1.0000000000184281,-0.19999999998870638,0.11404412162772155,0.09027389424630182,0.571428571396304,1.0000000000028582,1.0,0.20454545457751955,-0.11333333334475262,0.1500000000004287,-0.15000000000170183,-0.10500000000108169
2010-02-08,19,1.0000000000115532,-0.19999999999078447,0.012858687766693716,0.08909349488943065,0.5714285714022413,1.0000000000033333,1.0000000000042704,0.2045454545503203,-0.11333333333199472,0.15000000000049998,-0.1500000000005472,-0.10500000000182433
2010-02-16,19,1.0000000000083782,-0.19999999999322216,0.02003356471847495,0.0892431437831552,0.5714285714092062,1.0000000000021831,1.0,0.2061064611086558,-0.11413465003257392,0.15000000000032745,-0.15000000000023686,-0.10500000000241858
2010-02-23,19,1.0000000000391847,-0.19551614184799723,0.02553014049599997,0.08785917843987909,0.5586175481371349,1.0000000000112637,1.0,0.2060864974861908,-0.11248032071481326,0.15000000000168953,-0.1500000000048716,-0.10500000000040341
2010-03-02,19,1.0000000000469367,-0.017207381776652472,0.2500000000034128,0.09566292528017216,0.04916394793329278,1.0000000000676583,1.000000000024837,0.2500000000169146,-0.11147285534977255,0.15000000000163705,-0.1500000000063653,-0.016140706320290146
2010-03-09,19,1.0000000000344542,0.07943850691847534,0.25000000002160666,0.0859149403088729,0.2269671626242153,1.000000000035155,0.8151813733476556,0.25000000000878875,-0.05316216784049352,0.15000000000272756,-0.16834480564887325,0.007289276470491428
2010-03-16,19,1.0000000000478892,0.08240653642147303,0.1291004549471057,0.08760853906407819,0.23544724691849436,1.0000000000664506,0.8274449972180865,0.25000000001661266,-0.0582607996942181,0.15000000000489874,-0.19260624431322954,0.08334561988004001
2010-03-23,19,0.9999999999919462,-0.1473922632002822,0.24591615735569422,0.08935882562219029,0.42112075200080634,0.9999999999904269,0.8381889981547186,0.2499999999973076,-0.14353805367355932,0.14999999999856403,-0.19123204386671416,0.08210883947942965
2010-03-30,19,1.0000000000596985,0.09750611722654441,0.2500000000611182,0.08562959009378757,0.2785889063615555,1.000000000075659,0.8368230370294572,0.24820267412966832,-0.09756212368730524,0.15000000001134883,-0.19131551742004488,0.08218396567311256
2010-04-07,19,1.0000000000189975,0.034961881597115024,0.2500000000103913,0.08579703964634286,0.0998910902774715,1.0000000000316964,0.7648368620336333,0.2500000000079241,-0.11875418788084828,0.15000000000398347,-0.22264221269978066,0.08999840074723141
2010-04-14,19,0.9999999999784619,0.03486750552412976,0.2500000000195357,0.08599834742000445,0.09962144435465646,0.9999999999724124,0.7499999999849405,0.24999999998994804,-0.08598640999376064,0.14999999999586186,-0.2299999999942537,0.08999999999847673
2010-04-21,19,1.0000000000090108,0.014298840700108983,0.20329776992986753,0.08559193652094145,0.040853830571739955,1.000000000021318,0.8000000000067374,0.2500000000053295,-0.06069209573153504,0.15000000000202124,-0.23000000000131232,0.09302216644360409
2010-04-28,19,0.999999999994853,0.011913163659830884,0.021682626689440956,0.08465587995580005,0.03403761045665967,0.9999999999932904,0.7999999999953521,0.24999999999677835,-0.06121091447038279,0.14999999999899355,-0.22999999999828818,0.09285074667091028
2010-05-05,19,1.0000000000509779,-0.00563740211457346,0.05120285912334704,0.08783081783842552,0.016106863184495602,1.0000000001038871,0.7947591849078365,0.2500000000259718,-0.06639943586026828,0.14842775547235093,-0.2299999999986122,0.08999999999525225
2010-05-12,19,0.9999999999927787,-0.00363636363845676,0.021403994102746488,0.09062696004813348,0.010389610395590745,0.9999999999877662,0.7999999999917272,0.2499999999947034,-0.06502582744421764,0.14999999999816493,-0.22999999999678536,0.0899999999981316
2010-05-19,19,1.0000000000161882,-0.009294351106365518,0.024816932239723602,0.09045618112053325,0.026555288875330055,1.000000000037658,0.8000000000102924,0.2500000000094145,-0.0665725801483761,0.15000000000308772,-0.23000000000050846,0.08999999999951573
2010-05-26,19,0.9999999999867365,0.09999999999579658,0.12628090802013076,0.09180614189824136,0.28571428570227597,0.9999999999782042,0.7975528529530024,0.24999999999455105,-0.027327793418883955,0.14926585588711572,-0.22999999999529797,0.08999999999796854
2010-06-03,19,1.0000000000018197,0.3187260678760228,0.2500000000013583,0.08657757583248424,0.9106459082172081,1.0000000000022202,0.8000000000009557,0.25000000000055506,0.13723030568765543,0.15000000000028674,-0.23000000000033602,0.09606817494056569
2010-06-10,19,0.9999999999931691,0.3499999999986226,0.25000000000183525,0.085155903540149,0.9999999999960646,0.8804791576674673,0.7878593807215841,0.21297441308909604,0.14998807440508652,0.059999999999554667,-0.22011978941686683,0.0676089674834771
2010-06-17,19,1.000000000027836,0.34880525143945523,0.25000000002667266,0.07891732851573427,0.9965864326841579,0.8787299062349698,0.7883534521444986,0.10313079014698155,0.15000000000165684,0.06000000000048059,-0.21968247655874246,0.1728116067772
2010-06-24,19,1.000000000031282,0.35000000000887255,0.2500000000326465,0.07209245124496994,1.0000000000253502,0.8782805642082052,0.7875461758246766,0.02512438695725456,0.15801962939000816,0.059999999999895,-0.2195701410520513,0.17276985771836473
2010-07-01,19,0.9999999999778375,0.34999999999555415,0.2339997917495264,0.07782997424956237,0.9999999999872976,0.9999999999658233,0.983333333308799,0.007045454547791827,0.12133333332780147,0.030999999997764392,-0.21999999999163017,0.19999999999316467
2010-07-09,19,1.0000000001008291,0.34999999999785336,0.020382134813087618,0.07254609400422946,0.9999999999938668,1.0000000001229044,0.9833333334148857,0.00696826077151185,0.12075189176149168,0.030660347465864504,-0.21550757022383804,0.2000000000245809
2010-07-16,19,1.0000000000003708,0.35000000000051457,0.016937624292451603,0.07288888491278722,1.0000000000014702,1.0000000000000109,0.9824055934786013,0.006855949219142668,0.12093825930042297,0.030166176588243443,-0.21552204619718238,0.20000000000000218
2010-07-23,19,1.0000000000808655,0.34582134660181574,0.19750229750017156,0.07247613657514665,0.9880609902909022,0.8703205451682414,1.0000000000352178,0.006910185100081533,0.14720641934836723,0.030404814505192338,-0.21758013629206036,0.10118509858673175
2010-07-30,19,1.0000000000715774,0.3499999999945049,0.12715111450909677,0.07050040103269267,0.9999999999842997,0.8595883956694027,1.0000000000500047,0.011363636343932318,0.17286271348661805,0.05000000000125191,-0.21489709891735068,0.052500000013880374
2010-08-06,19,1.0000000000097007,0.2986120958091061,0.21813414499223635,0.07565093125903212,0.853177416597446,1.0000000000084115,1.0000000000043527,0.013636363634615732,0.1766666666681507,0.060000000001035066,-0.2500000000021029,0.07541637125721974
2010-08-13,19,1.0000000000636136,0.29643463656505364,0.25000000006568046,0.06933643851421868,0.8469561044715819,0.7378407567119373,0.9978883871620088,0.013636363621848757,0.17627249894268,0.06000000000769589,-0.18446018917798432,-0.08322644467429176
2010-08-20,19,0.9999999999558126,0.27602701490265136,0.24535945352979466,0.06681908387381391,0.7886486140075754,0.9999999999333935,0.999999999973368,0.046363636354279536,0.19373963680297085,0.14999999999000901,-0.1945677913657509,-0.08640405223919684
2010-08-27,19,1.000000000049663,0.2739515164613273,0.05349014348198711,0.06770435123624326,0.7827186184609353,1.0000000000865958,1.0,0.046363636355141756,0.19325535384884573,0.15000000001298935,-0.19869046036595267,-0.08609272746598019
2010-09-03,19,1.0000000000735727,0.28000000001307623,0.01746716923493035,0.06802217062374319,0.8000000000373607,1.000000000143733,1.0000000000205138,0.04636363635538844,0.19466666667188132,0.15000000002155994,-0.19661368502533963,-0.08700000000116871
2010-09-13,19,1.000000000033725,0.27999999999273306,0.0232646152415264,0.06850819384509763,0.7999999999792373,1.0000000000248301,1.0000000000149745,0.04636363633559734,0.194666666671188,0.15000000000372452,-0.19832687386181494,-0.08646882996061007
2010-09-20,19,0.9999999999812887,0.2770400019336927,0.134461470657107,0.07598962762324966,0.7915428626676935,0.9999999999859874,0.9971007928495743,0.04624715772675725,0.1940614180961608,0.14967968381672742,-0.24999999999649686,-0.00397999900065045
2010-09-27,19,1.0000000000447662,0.2769722748741127,0.013043138656292877,0.07637573606761895,0.7913493567831792,1.0000000000159877,1.000000000024292,0.04278957185809119,0.19495336354109036,0.14848613744319863,-0.2500000000039969,-0.0009902935423653086
2010-10-04,19,1.000000000051538,0.24356582275127048,0.2057392655762349,0.07548491834169758,0.6959023507179157,1.0000000000143756,0.796725448201136,0.04600641252175444,0.14780352689527243,0.1490176344603408,-0.2500000000035939,-0.018647956705214894
2010-10-11,19,0.9999999999565119,0.34999999999265774,0.17285988683396636,0.082013119866964,0.9999999999790222,0.9999999999624392,0.7999999999711747,0.021363636372693128,0.14799999999567348,0.14999999999436586,-0.24299999999267863,0.0495000000001919
2010-10-18,19,1.0000000000929707,0.3500000000369927,0.009158183570267486,0.08146390007184927,1.0000000001056935,0.995141167945312,0.7945965712756319,0.021179718585792026,0.1468374009555685,0.1492711751917968,-0.24241875086067377,0.04862812628594497
2010-10-25,19,1.0000000000108504,0.1908312375747596,0.2480283719014936,0.07916070223915474,0.545232107356456,0.959999999999505,0.7500000000022957,0.01346403992897963,0.12827201547264858,0.05924177569249968,-0.23999999999987626,-0.05958438121595887
2010-11-01,19,1.0000000000022162,0.10000000000079848,0.10191162632608912,0.07748373225321711,0.2857142857165671,0.9600000000002376,1.0,0.009307121428850854,0.10396755619048798,0.04095133428670595,-0.2400000000000594,-0.10500000000003112
2010-11-08,19,1.000000000090092,0.12489930372937771,0.25000000004930534,0.07041351633930315,0.3568551535125078,1.0000000000145484,1.0,0.04881128645677627,0.12712397250668633,0.14983448204879926,-0.2500000000036371,-0.07879531334797112
2010-11-15,19,1.0000000000823448,0.13169415665638337,0.2276985634698757,0.07039960947587798,0.3762690190182382,0.9999999999936915,1.0,0.054545454577904544,0.07903976043379854,0.14999999999905372,-0.22395762719048526,-0.10058851650025208
2010-11-22,19,0.9999999999788176,0.14222348729775294,0.2500000000061642,0.07087933482860707,0.4063528208507227,0.9999999999844097,0.9999999999765613,0.17051429667690732,0.047695751292363274,0.14999999999766145,-0.21752218307717378,-0.1042186733437746
2010-11-30,19,1.0000000000145444,0.056938827877304726,0.16618101390275902,0.0717359611484211,0.1626823653637278,1.0000000000017608,1.0,0.2045454545509303,0.0013571480556452253,0.15000000000026412,-0.23015371598509501,-0.08867450394507219
2010-12-07,19,0.9999999999923961,0.060428185780933036,0.2500000000043076,0.07602933255019606,0.1726519593740944,0.9999999999948432,0.9999999999890116,0.20454545454786188,-0.10992482991558288,0.14999999999922647,-0.13911504676670952,-0.12314168873090542
2010-12-14,19,1.0000000000305835,0.11001108237237403,0.14334417027071128,0.08569292316765718,0.31431737820678296,1.0000000000063822,1.0,0.2045454545561257,-0.10799408941329158,0.15000000000095734,-0.09999999999918772,-0.15000000000218644
2010-12-21,19,1.0000000000139577,0.10000000000926343,0.1104831973482954,0.091270838840345,0.2857142857407527,1.000000000032564,1.0,0.250000000008141,-0.11636363636370292,0.15000000000010763,-0.10000000000057095,-0.15000000000246966
2010-12-29,19,1.0000000000299567,0.09980754004155706,0.017024665567508757,0.09003046227838424,0.2851644001187345,1.0000000000560771,1.0,0.2500000000140193,-0.11637530060501722,0.14999999999985825,-0.10000000000062889,-0.14997113100552079
2011-01-05,19,0.9999999999876287,-0.0014216239441065537,0.2500000000050609,0.09003747016756915,0.004061782697447297,0.9999999999831634,0.9999999999927761,0.24999999999579084,-0.13183474969832634,0.09082625150119711,-0.0999999999997854,-0.13478675641070312
2011-01-12,19,1.000000000103757,-0.16936261022746,0.25000000009594686,0.09202444843808932,0.48389317207845717,1.0000000001443294,0.992907063697955,0.25000000003608236,-0.18120597235605299,-9.578727206409793e-13,-0.09999999999153088,-0.14331920477742158
2011-01-20,19,1.0000000000110632,-0.16882929222665596,0.08648581744154228,0.09220664153203481,0.4823694063618742,1.0000000000163405,0.7691058685133588,0.2500000000040851,-0.19000000000970285,-2.6429496813336945e-12,-0.09999999998769045,-0.10965125053981799
2011-01-27,19,1.0000000000288611,-0.16851954194540023,0.024626790169822527,0.0918320691873169,0.48148440555828637,1.0000000000478613,0.7569411897898305,0.2500000000119653,-0.1912956887648702,-2.812036057729451e-12,-0.09999999998464662,-0.10647382012458363
2011-02-03,19,1.000000000023994,-0.19999999992521045,0.08731209724243634,0.0918768681505357,0.571428571214887,1.0000000000413587,0.8484599611057412,0.2500000000103397,-0.2083791927379859,2.7242132227636587e-12,-0.09999999998857674,-0.11061601554056241
2011-02-10,19,1.0000000000391496,-0.19217991359562941,0.03680907230570174,0.09058873764492698,0.5490854674160841,1.0000000000721359,0.8444731243292415,0.25000000001803396,-0.2064061124950694,0.006144353565294732,-0.09999999998979932,-0.1083007070883875
2011-02-17,19,1.0000000000085512,-0.18484761969862507,0.25000000000250633,0.08361770667784975,0.528136056281786,1.0000000000118456,1.0,0.2500000000029614,-0.1886195674221958,0.006085322915003403,-0.07534049896876535,-0.15320018162865584
2011-02-25,19,0.9999999999938037,-0.1975461754286964,0.25000000001373657,0.07929875224064263,0.5644176440819898,0.9659838626591791,0.9999999999898866,0.24149596566479478,-0.16555789769902993,0.12221051149406696,-0.10506075645121327,-0.12995626001891952
2011-03-04,19,1.0000000000076024,-0.13831928417020606,0.17737249514112094,0.07478499490860477,0.39519795477201736,0.9999999999989995,1.0,0.18538581245938948,-0.1517843312164398,0.14999999999984992,-0.05862093802560852,-0.15341371859253988
2011-03-11,19,1.0000000000154357,-0.14066767749450326,0.030038883708606717,0.07772271055280729,0.40190764998429507,0.9999999999986287,1.0,0.18421161579771986,-0.1517669827954366,0.1499999999997943,-0.06999999999872146,-0.15000000000099065
2011-03-18,19,1.0000000000146936,-0.14493046489448158,0.025678565431956485,0.08050142087015286,0.4140870425556617,0.9999999999992815,1.0,0.18208022209379873,-0.15265739532090544,0.14999999999989222,-0.0699999999974379,-0.1500000000018158
2011-03-25,19,0.9999999999995207,0.1022915009128327,0.2500000000008056,0.08859485619990007,0.292261431179522,0.9999999999993142,0.9999999999993131,0.18741346857228286,-0.11796058231761423,0.14999999999989713,-0.03057408785671373,-0.18548332092762626
2011-04-01,19,1.0000000000058815,0.1033120195381281,0.011895527312426213,0.08879201489756679,0.295177198680366,0.9999999999995556,1.0,0.18755901552890755,-0.11745863169203968,0.14999999999993333,-0.030452517070465666,-0.18559273463524498
2011-04-08,19,0.9999999999726064,0.044233967343494274,0.24999999998198558,0.0870375026531477,0.12638276383855507,0.9999999999788917,0.9999999999683955,0.03969756102782714,-0.11020527433206918,0.14999999999683375,0.01565969256121147,-0.19999999999345802
2011-04-15,19,1.0000000000143316,0.1000000000047401,0.21094525347188703,0.08681408708355866,0.28571428572782887,1.0000000000034284,1.0000000000105094,-0.021212121214559416,-0.03666666666633507,0.15000000000042413,0.04683965865039222,-0.20000000000068568
2011-04-25,19,0.9999999999957683,0.10004813652829636,0.021448828104813383,0.08466493957938087,0.2858518186522753,0.9999999999969305,0.9999999999969167,-0.021234001452203447,-0.036618530137549725,0.14999999999953956,0.04688004179866157,-0.1999999999986862
2011-05-02,19,1.000000000023579,0.207383794559075,0.2500000000240883,0.09244056585581639,0.5925251273116429,1.000000000012593,1.0,0.1388841730795582,-0.03871040592232769,0.1499999999995415,0.017386957432984268,-0.2000000000025186
2011-05-09,19,0.9999999999979694,0.15303964784691546,0.14268745739141994,0.10000000443802064,0.43725613670547275,0.9999999999982111,0.9999999999969972,0.16439861180158097,-0.054924290301482104,0.14999999999973165,0.0020687704203854133,-0.19999999999939477
2011-05-16,19,0.9999999999905427,0.14366666340470238,0.24993817353103143,0.09509647119177397,0.41047618115629253,0.9999999999896622,0.9999999999800101,0.054545454543915094,-0.00915903395274066,0.14999999999844932,0.002028323719097832,-0.19999999999600052
2011-05-23,19,1.0000000000255724,0.006518074863582135,0.14482373920840197,0.09269704658301986,0.018623071038806102,1.0000000000023939,1.0,0.05454545455292071,-0.07822876403450418,0.15000000000035907,-0.03408250590192802,-0.1796682945459846
2011-05-31,19,1.0000000000327274,-0.008076715390634842,0.22818770845752795,0.08729199154431938,0.02307632968752812,1.0000000000076024,1.0,0.11320635079638601,-0.08599149639367769,0.15000000000114033,-0.09999483849633622,-0.1500077422557653
2011-06-07,19,1.00000000002126,-0.0548325088606723,0.250000000019876,0.06888924910793721,0.1566643110304923,1.000000000018929,1.0,0.11189612432953544,-0.049999999995962593,0.15000000000283936,-0.18444942355947402,-0.10651350301698266
2011-06-14,19,0.9999999999640411,-0.14745677293628875,0.17518641264827908,0.07105612237369988,0.4213050655322536,0.9999999999643409,0.9999999999497172,0.14521954216685568,-0.04872188300784427,0.1499999999913452,-0.24999999999108521,-0.06750585310888908
2011-06-21,19,1.0000000000327423,0.001672968669122643,0.2500000000247061,0.06785186851208534,0.004779910483207552,1.000000000039654,1.0,0.13851765353862083,0.07335146746969515,0.1500000000059481,-0.24283667448476642,-0.07019210329590383
2011-06-28,19,0.9999999999922932,0.1708019907801461,0.25000000000168476,0.06762516004995843,0.4880056879432746,0.9999999999938993,0.9999999999882524,0.10921766907826257,0.17465865445956774,0.1499999999990849,-0.24167416679754233,-0.07062785394855502
2011-07-06,19,1.0000000000441767,0.17532402541541284,0.25000000003002987,0.06407072871267912,0.5009257869011796,0.8972254693663666,1.0,0.05549223179557745,0.16000000000215955,0.06000000000268739,-0.22430636734159165,-0.09286515548698981
2011-07-13,19,1.0000000000110407,0.2489150165566351,0.21358094073984643,0.055663054326346426,0.711185761590386,0.7467828032467434,1.0000000000068856,0.013636363633661384,0.1866666666679116,0.05999999999986405,-0.18669570081168585,-0.1046745049666126
2011-07-20,19,1.000000000049831,0.24993874462196805,0.004522377451891624,0.05502608662843152,0.7141106989199087,0.7464006381928376,1.0,0.013596857589040662,0.18638839226894569,0.05982617340665382,-0.1866001595482094,-0.10515460197585061
2011-07-27,19,1.0000000000263412,0.24799514223438246,0.08394667109847233,0.06349454655025219,0.7085575492410928,0.9059422878243335,1.0000000000133746,0.013491931973942387,0.18581933427357408,0.05936450070327521,-0.22648557195608338,-0.054823716475747464
2011-08-03,19,1.0000000000048832,0.17451017211992517,0.25000000000064776,0.06185626893685982,0.4986004917712148,0.8407837246134481,1.0,0.01247773509734171,0.1532027125652936,0.05490203442443746,-0.21019593115336202,-0.11617652581745327
2011-08-10,19,0.9999999999929641,0.19999999999981666,0.043707434689195634,0.06243192312156071,0.5714285714280476,0.7894055643316285,0.999999999991013,0.01092755906533122,0.15999999999886352,0.06000000000000738,-0.1973513910829071,-0.11999999999901317
2011-08-17,19,1.0000000000817046,0.18813581482389355,0.25000000008261064,0.08265564258820031,0.5375308994968387,0.7708413331175348,1.0,-0.0007225927166185765,0.09292884946616788,0.009696637098382118,-0.16161486628845603,-0.15416826662350697
2011-08-24,19,0.9999999999614902,0.3166666666534965,0.1866327952214116,0.09736843184456137,0.9047619047242759,0.9999999999292477,0.9999999999626082,-1.0542985383575333e-12,0.07999999999630149,-3.0209884677664885e-13,-0.06444444444570582,-0.19999999998584955
2011-08-31,19,1.0000000000386406,0.3135486960098658,0.133788375506664,0.09527163001833647,0.8958534171710452,0.9101615219964367,1.0,-1.3318029108237858e-11,0.0951398261421408,1.3067397109720887e-12,-0.10458052159666979,-0.18203230439928736
2011-09-08,19,1.0000000000338602,0.162809578621917,0.2500000000100781,0.0770639599816467,0.4651702246340486,0.8146665661515948,1.0000000000211042,-7.515459988381888e-12,0.10666666667729198,2.3678899486596405e-12,-0.2036666415378987,-0.12384287358330402
2011-09-15,19,0.9999999999939709,0.15874786708984126,0.016559000104893612,0.07694928943972372,0.4535653345424036,0.8263031910634504,0.9999999999909642,2.1887465587297374e-12,0.1064911090732543,-1.3442743396622485e-14,-0.2065757977658626,-0.12274472991896984
2011-09-22,19,1.0000000000379738,0.18547320047246688,0.03666952181549121,0.07630128723591613,0.529923429921334,0.7662607456017114,1.0000000000306966,-1.1601397427267805e-11,0.10641267621563616,-7.934385754481264e-13,-0.19156518640042786,-0.13064196014029797
2011-09-29,19,1.0000000000696092,0.17491286425362304,0.01633764454280208,0.07848782583144887,0.4997510407246373,0.7901975076588302,1.0000000000548515,-3.222104329739771e-11,0.10636513803827374,-2.8085444253442544e-12,-0.19754937691470756,-0.12747385927487911
2011-10-06,19,1.0000000000350762,0.1771570839083533,0.10959203580182215,0.08043758348229044,0.5061630968810095,0.7808725091319201,1.0000000000172997,-4.074793905596033e-11,0.09666666667426162,-3.499189100860376e-12,-0.19521812728298002,-0.1271421607686533
2011-10-13,19,1.0000000000126497,0.19263062733978512,0.2500000000139707,0.10000000000108172,0.5503732209708146,0.8225152725804459,1.0000000000091054,-0.08989091572843687,0.10166689716657759,0.003242464983509116,-0.20562881814511147,0.031656935010074924
2011-10-20,19,1.0000000000420235,0.25051395662047077,0.1455533242701859,0.10000003843337582,0.7157541617727736,0.8659914149901693,1.000000000029208,-0.08269245018332344,0.13747826771490912,0.03010279132440995,-0.21649785374754232,0.06742290651052403
2011-10-27,19,1.0000000000125469,0.2690613076764592,0.25000000000240524,0.10000000004930883,0.768746593361312,0.9673937013951754,1.0000000000073785,-0.06650076166761426,0.14566781793731784,0.03077606311672675,-0.24184842534879386,0.18014730361180314
2011-11-03,19,1.0000000000673401,0.3371136253486743,0.23234788622730804,0.10000000004356659,0.963181786710498,1.0000000000428881,1.0000000000489855,-0.06274763297690865,0.18986360005251401,0.030855993612120537,-0.21761504191730963,0.20000000000857765
2011-11-10,19,1.0000000000171618,0.33247302402924483,0.1653092057307463,0.10000000000088163,0.9499229257978424,0.9238581881635494,1.0000000000215343,-0.055284436871049884,0.23096454704088734,0.060000000000316224,-0.2204236698219692,0.12631320663105314
2011-11-17,19,0.9999999999797797,0.24584175917500356,0.2500000000013061,0.09299971508830382,0.7024050262142959,0.9999999999742992,0.9999999999845046,0.020247821990521556,0.23198436712518053,0.059999999999121756,-0.2499999999935748,0.11343056798870015
2011-11-25,19,0.9999999999936586,0.2375019500780366,0.25000000000320244,0.08046395761561916,0.6785770002229617,0.9340436643062464,0.9999999999962547,0.030998011460775108,0.2328690140041668,0.059999999998992894,-0.2335109160765616,0.11437470748695867
2011-12-02,19,1.0000000000499563,0.1773441708530665,0.2500000000208853,0.0833836616044721,0.5066976310087614,1.0000000000627118,1.0000000000673992,-0.004357383397816989,0.25000000001567796,0.060000000000804646,-0.24594515615845108,0.12339837437903424
2011-12-09,19,1.0000000000082188,0.17686678549264448,0.13169043834158495,0.07828675968691726,0.5053336728361271,0.9823059141168426,1.0000000000079363,-0.0058272928044973546,0.2215649853791795,0.060000000000152265,-0.24557647852921066,0.12346998217608146
2011-12-16,19,1.0000000000078566,0.19526309850738435,0.10823466209653979,0.08170663596462631,0.5578945671639554,0.9379626929802494,1.0000000000099707,-0.04022976597327143,0.22256901342918892,0.059999999999948796,-0.23449067324506234,0.10642107044827707
2011-12-23,19,0.9999999999609904,0.2741768858972036,0.21643470352213146,0.08499804938317433,0.7833625311348675,0.7999999999716849,0.9999999999405996,-0.04826493311728894,0.1879129673774067,0.034835377181896485,-0.19999999999292123,0.0638734671103746
2012-01-03,19,1.0000000000060376,0.27246620538206584,0.014207852093997497,0.08465258487027644,0.7784748725201882,0.7999999999980747,1.0000000000049463,-0.04909674545106176,0.18741920603810253,0.0344932410764871,-0.19999999999951867,0.0641300691923898
2012-01-10,19,1.0000000000451081,0.2725256457204563,0.00828474974258344,0.08587216358546873,0.7786447020584466,0.8000000000047018,1.0000000000486395,-0.04908840657948743,0.1869316391981429,0.03450512914513989,-0.20000000000117546,0.06412115314606086
2012-01-18,19,0.9999999999989324,0.19314460297499936,0.24999999999954758,0.08334799674729891,0.5518417227857125,0.9872889683175577,0.9999999999988244,-0.04374522639112958,0.22043350131018766,0.060000000000678615,-0.24682224207938944,0.10705661910636453
2012-01-25,19,1.0000000000331695,0.10000000000769493,0.15050757933895773,0.0976503232751943,0.2857142857362713,1.000000000006512,1.0000000000322198,-0.08964370011491585,0.21975862494065765,0.06000000000041051,-0.250000000001628,0.1350000000041675
2012-02-01,19,0.9999999999701514,0.09615113421915648,0.04803626678737394,0.0997444508278194,0.2747175263404471,0.9999999999724772,0.9999999999632565,-0.08840689740405995,0.218333020052814,0.059230226840962574,-0.2499999999931193,0.13557732986250945
2012-02-08,19,1.0000000000286442,0.09992303268944655,0.05726131744681634,0.0970173866012308,0.2854943791127044,0.9571946997060385,1.0000000000255194,-0.0915013734372181,0.21896329656657282,0.05998460653708542,-0.23929867492650964,0.13501154510309873
2012-02-15,19,1.000000000103674,0.10000000005112236,0.06823700058934642,0.09291686609844076,0.28571428586034964,1.000000000026084,1.0000000001088065,-0.062373784176703244,0.21897652652705477,0.06000000000807139,-0.250000000006521,0.13500000001728807
2012-02-23,19,1.000000000024536,0.27090154546259054,0.21309150789708445,0.08089977245549437,0.7740044156074016,1.0000000000274278,0.9838881534002036,0.046363636377570974,0.2291686520064794,0.15000000000411418,-0.2500000000034084,0.1087961147758489
2012-03-01,19,1.0000000000270324,0.2800000000062107,0.03811948653061814,0.08066872969266345,0.800000000017745,1.0000000000300866,0.9999999999880474,0.04636363637754373,0.23044109070159025,0.15000000000451297,-0.25000000000421485,0.10800000000220493
2012-03-08,19,1.000000000005705,0.28736806514360647,0.10424970792633825,0.07679768370926889,0.8210516146960185,1.0000000000052498,0.9097567650792877,0.07167902598493923,0.1950407216087703,0.15000000000078745,-0.24877198914524487,0.10689479022798133
2012-03-15,19,1.0000000000054974,0.2918509790488263,0.2500000000057142,0.07852762158331311,0.8338599401395037,1.0000000000058205,0.7987287051911551,0.1964305659204053,0.18591907566060775,0.15000000000087305,-0.24802483682775658,0.10622235314168058
2012-03-22,19,1.0000000000328617,0.2010955475058066,0.25000000002563605,0.08000307198025984,0.5745587071594475,1.0000000000491707,0.7989145751244435,0.25000000001229267,0.16710042597368005,0.14967437253733307,-0.24737155492519455,0.058296837949836346
2012-03-29,19,1.0000000000088225,0.10000000000690659,0.23266164984888074,0.08087971891121239,0.28571428573401886,1.0000000000135993,1.0,0.24200558634663658,0.1492371323446487,0.1500000000020399,-0.22999999999996934,-0.06000000000005258
2012-04-05,19,1.000000000018432,0.10000000001277368,0.010139450183153653,0.0798747557575445,0.28571428575078195,1.000000000022742,1.0,0.24215673779665073,0.14915954126945546,0.1500000000034113,-0.23000000000031484,-0.05999999999941458
2012-04-13,19,1.0000000000127507,0.24282681391912372,0.250000000010868,0.07969416808595615,0.6937908969117821,1.0000000000201759,0.8000000000066564,0.25000000000504397,0.1494377401968301,0.15000000000199687,-0.2300000000002313,0.06995251247229906
2012-04-20,19,1.0000000000220262,0.2433056532228569,0.07809902507722932,0.0777094513926453,0.6951590092081626,1.0000000000308147,0.7991846952331197,0.25000000000770367,0.1489991991430055,0.1497554085699359,-0.24082029843008323,0.11350415201797906
2012-04-27,19,1.0000000000079334,0.21288010903338292,0.08253284672229344,0.0787394463382957,0.6082288829525226,1.000000000010031,0.8000000000030955,0.25000000000250777,0.14952440184292143,0.1500000000009286,-0.2500000000002426,0.11806798364640946
2012-05-04,19,0.9999999999777285,0.21548228808767936,0.017553113952766153,0.0802565312467891,0.6156636802505124,0.9999999999838648,0.7999999999892536,0.24999999999152622,0.15002143064075363,0.1499999999975797,-0.24953061328422724,0.11767765678153021
2012-05-11,19,1.000000000058092,0.25150473085093755,0.093596884484237,0.07996384071396759,0.718584945288393,1.000000000064133,0.8000000000320665,0.25000000001566064,0.16800000000753,0.15000000000961994,-0.2488098600058424,0.11227429037904706
2012-05-18,19,1.0000000000179634,0.35000000000948234,0.16301615584663703,0.08270879429896608,1.0000000000270926,1.0000000000194547,0.798771947441452,0.25000000000486367,0.18541656380224605,0.14963158423243555,-0.23833333333474896,0.09750000000128482
2012-05-25,19,0.999999999979707,0.3461568879388674,0.027549642899124076,0.0821066422658387,0.9890196798253355,0.9999999999734622,0.7949079978268022,0.24999999999336556,0.18482681039380164,0.14847239934928275,-0.23897385200149504,0.09807646680584102
2012-06-04,19,1.0000000000396492,0.34703800378563116,0.02643423117713184,0.08201987663315387,0.9915371536732319,0.9944740480557018,0.7882558384406345,0.24861851201392546,0.18450664619940257,0.1464767515321903,-0.23882699937619997,0.09794429943784429
2012-06-11,19,1.0000000000498181,0.34723571191896385,0.23411556873755107,0.08322119569770868,0.9921020340541825,0.9778350000529994,0.7889175000264996,0.2142711876089771,0.18420987671854408,0.1466752500079499,-0.2387940480244302,0.09791464322033934
2012-06-18,19,1.0000000000394769,0.34606260368695296,0.2500000000352892,0.0890588387294722,0.9887502962484371,0.9559582642444062,0.775930118180755,0.17175016366537546,0.20037204726132862,0.06000000000092234,-0.23898956606110155,0.09809060945570017
2012-06-25,19,1.00000000003596,0.34781037828617645,0.2500000000228963,0.09013650719401499,0.9937439379605042,1.0000000000221916,0.9000000000494304,0.07277562383984745,0.2500000000055479,0.06000000000100745,-0.23869827029490656,0.16880050919893744
2012-07-02,19,1.0000000000436162,0.24195053651398052,0.25000000002575495,0.09390248438449161,0.6912872471828015,1.0000000000301323,1.0000000000330111,-0.02156564282874167,0.2500000000075331,0.05999999999928886,-0.25000000000703343,0.18468268779189362
2012-07-10,19,1.0000000000642262,0.23963501827128425,0.015292878740360148,0.09271824654470398,0.6846714807750979,1.0000000000794793,0.9994149484667944,-0.020445845772925537,0.25000000000993655,0.06000000000270246,-0.25000000001986983,0.1841062770421253
2012-07-17,19,1.0000000000473788,0.15845097294262284,0.2500000000079381,0.06582224111050575,0.452717065550351,1.00000000004263,0.9999049217275733,-0.020920680568882164,0.25000000001008044,0.06000000000237438,-0.2500000000106575,0.15549587185918018
2012-07-24,19,0.9999999999807963,0.11981881065790084,0.2500000000197533,0.06632527867468566,0.34233945902257384,0.9999999999764448,0.9507282532997625,0.008138344071312776,0.2499999999941112,0.05999999999817169,-0.22550795665822687,0.1616452823982578
2012-07-31,19,0.9999999999966198,0.11594421727910692,0.2500000000003918,0.07890972232024081,0.3312691922260198,0.9999999999956898,0.9462854761314587,0.0077961783293489266,0.249999999998789,0.059999999999543585,-0.24999999999892245,0.16206628559276254
2012-08-07,19,1.0000000000544578,0.07961579060582075,0.10423219266477604,0.08351675808362007,0.22747368744520216,1.0000000000359295,0.9000000000209516,0.007486625432921545,0.25000000000815753,0.06000000000439015,-0.25000000000898237,0.16786552672349297
2012-08-14,19,0.9999999999808379,0.07990517592597478,0.005030049105358042,0.0833731673891859,0.22830050264564225,0.9999999999875928,0.89999999998083,0.007445251658637361,0.24999999999388212,0.06000000000250111,-0.2499999999968982,0.16796681156485416
2012-08-21,19,1.000000000052502,0.020000000012981443,0.25000000002992967,0.08325466803854943,0.057142857179946986,1.000000000026552,0.988041017896865,0.007223110573066099,0.250000000006638,0.060000000008977414,-0.21938455065424212,0.14700000000846397
2012-08-28,19,0.9999999999988789,0.15816682324821263,0.1921196201023688,0.07144492458108936,0.45190520928060757,0.9999999999985077,0.9976367325606799,0.045005206261410045,0.24999999999962694,0.1463542645193705,-0.1771298756981593,0.12627497651249922
2012-09-05,19,1.0000000000313725,0.1566620556110041,0.2500000000259572,0.06680240115394719,0.44760587317429745,1.000000000039739,1.0,0.11867532676479242,0.1879060138431111,0.15000000000596087,-0.17730671880743193,0.1265006916613904
2012-09-12,19,1.0000000000540619,0.1511381422050582,0.08797284248410919,0.06730324855140975,0.43182326344302346,1.000000000073262,1.0,0.14181818182761316,0.17748508563227164,0.1500000000109893,-0.1795447431347119,0.12732927867309704
2012-09-19,19,0.9999999999813591,0.035900659304690906,0.2500000000124194,0.08516717110494346,0.10257331229911688,0.9999999999867668,0.9999999999840247,0.1418181818200428,0.15059304883599164,0.1499999999959886,-0.2499999999966917,0.14461490109748845
2012-09-26,19,1.0000000000307214,-0.033641566555923624,0.25000000001779826,0.08860305678654708,0.09611876158835322,1.000000000038591,0.8923689334435738,0.14181818182603603,0.1414836344686634,0.15000000000578861,-0.22328965856569846,0.026203100760939582
2012-10-03,19,1.0000000000333409,-0.03002586483670977,0.2500000000258782,0.08072470191874223,0.0857881852477422,1.000000000050587,1.0,0.08764953678059637,0.14232729819952092,0.15000000000758806,-0.18540723559781472,-0.04049612026987025
2012-10-10,19,1.0000000000118519,0.21906333243762974,0.250000000012889,0.08064773721112053,0.6258952355360851,1.000000000017982,1.0,0.20168068571319794,0.1422472766438764,0.1500000000026973,-0.16053367155657472,-0.07785949986479233
2012-10-17,19,1.0000000000683058,0.2201033642213698,0.16990486460881588,0.08526084428517605,0.6288667549181995,1.000000000082631,1.0,0.25000000002065775,0.14160344193505162,0.1500000000119373,-0.21587677375650505,-0.07801550463019445
2012-10-24,19,1.0000000000230667,0.1370791730952959,0.25000000001598033,0.08690092312742023,0.3916547802722741,1.0000000000238178,1.0,0.2500000000055277,0.14182480564285568,0.15000000000280755,-0.25000000000595446,-0.06556187596875251
2012-11-02,19,1.0000000000048568,0.12246917890541173,0.12605808393206758,0.08416598298871582,0.3499119397297478,1.0000000000043736,1.0,0.2500000000010934,0.13424396091961605,0.15000000000057948,-0.25000000000022027,-0.0712592463235361
2012-11-09,19,1.000000000040906,0.1304649551937224,0.14583455039601545,0.08194841725624391,0.37275701483920687,1.0000000000559965,1.0,0.18032583069520505,0.16799999999895854,0.15000000000839947,-0.2454761678004996,-0.07293196242664766
2012-11-16,19,1.0000000000336875,0.07523127867398591,0.16352677656672432,0.06773552409681871,0.21494651049710262,1.0000000000613523,1.0,0.1805596721214431,0.16799999999586407,0.15000000000920283,-0.25000000000532324,-0.05628469180294632
2012-11-26,19,1.0000000000380027,0.07664639040097687,0.006670800010345451,0.06733230459123743,0.21898968685993395,1.0000000000729927,1.0,0.1827272727452551,0.16721749108181688,0.1500000000109489,-0.2490141757284724,-0.05649695856000306
2012-12-03,19,0.9999999999707443,0.07518284405949952,0.2500000000069784,0.04591323361461711,0.21480812588428433,0.999999999948371,0.9999999999674194,0.18199667893398816,0.03989656667021084,0.14999999999225563,-0.13869552508836788,-0.09448376713323475
2012-12-10,19,0.9999999999875365,0.07847848006480412,0.2499999999890744,0.04767972590023681,0.22422422875658324,0.9999999999780864,0.9981255324334797,0.061995284515280406,0.16137824879550391,0.14999999999671296,-0.13833588834834507,-0.09440489266951163
2012-12-17,19,1.0000000000062805,0.0906639815834184,0.25000000000719985,0.05099626942043728,0.25903994738119546,1.0000000000035514,0.9924641796126287,-0.043399834038342106,0.2001688885522785,0.1500000000005327,-0.13839502755360075,-0.0935224239437619
2012-12-24,19,1.0000000000137457,0.02135996391169856,0.07178176194659616,0.05373313519313726,0.061028468319138746,1.000000000018033,1.0,-0.10884498917847005,0.20018132852047746,0.15000000000270491,-0.13819274266701262,-0.09476658225155228
2013-01-02,19,1.0000000000092695,0.02434736498302273,0.25000000000351225,0.06260038441882841,0.06956389995149352,1.00000000001347,1.0,0.004884965392975036,0.20045333188563055,0.15000000000202046,-0.25000000000207667,-0.06135408126682633
2013-01-09,19,1.0000000000004095,0.025442755238163445,0.2500000000000886,0.059269287786633346,0.07269358639475271,1.0000000000002258,1.0,0.10496323449443609,0.16809691978076732,0.15000000000003386,-0.25000000000005057,-0.09797722208717666
2013-01-16,19,0.9999999999997239,0.13028837523076955,0.127449818723217,0.06373192289656573,0.3722525006593416,0.9999999999993524,0.9999999999995381,0.19347982626043506,0.1668435732682514,0.14999999999990285,-0.24999999999981357,-0.11754568200674817
2013-01-24,19,1.0000000000210862,0.05025933522865089,0.2500000000109633,0.05891860707923549,0.14359810065328826,1.0000000000227,1.0,0.1935609484525513,0.14784964561377859,0.15000000000339306,-0.250000000005675,-0.1055335608154418
2013-01-31,19,1.0000000000000295,0.09999999999567183,0.2170104743390335,0.06718441530703202,0.28571428570191953,0.9999999999999106,1.0,0.24999999999994899,0.13022191090709817,0.1499999999999866,-0.23000000000043452,-0.13158711740559284
2013-02-07,19,0.9999999999673164,-0.050238081326360595,0.16118363469830005,0.06506111407778882,0.14353737521817314,0.9999999999356456,0.9999999999750585,0.24999999997607789,0.09525865037535346,0.14999999999034683,-0.24502380811727326,-0.10863317829975369
2013-02-14,19,1.0000000000229479,-0.19629778507885345,0.2500000000184168,0.0656178537671796,0.5608508145110099,1.000000000041746,1.0,0.2500000000104365,-0.03801871999424224,0.150000000003673,-0.2369449713962186,-0.10965961403793853
2013-02-22,19,1.00000000003225,-0.17470386678621933,0.2500000000112402,0.065724694749868,0.49915390510348384,1.0000000000540588,1.0,0.2500000000135147,-0.03977834490693309,0.15000000000091335,-0.24128222864271492,-0.08531174960207753
2013-03-01,19,1.000000000005656,-0.17128275035995047,0.024687302738233413,0.06620522574811241,0.48937928674271564,1.0000000000100886,1.0,0.25000000000252215,-0.04164154292967895,0.14999999999999727,-0.23743297737308064,-0.0857234942639923
2013-03-08,19,1.0000000000445186,-0.1685215578873781,0.17447803235077836,0.06748316707942853,0.4814901653925089,1.00000000010424,1.0,0.25000000002606,-0.12000000000181535,0.1499999999998029,-0.21333582010782307,-0.10999925396779725
2013-03-15,19,1.0000000000198814,-0.16788277054225745,0.2500000000058027,0.06574437176715277,0.4796650586921642,1.0000000000437788,0.7023940328229591,0.2500000000109447,-0.12000000000114477,0.15000000000023994,-0.2500000000019855,0.039826735302424185
2013-03-22,19,1.0000000000417117,-0.16765194136925532,0.2500000000378464,0.06062674500508798,0.47900554676930096,1.0000000000540175,0.7940907460664222,0.25000000001350436,-0.06230876647449296,0.1500000000013845,-0.2500000000057172,0.10261381297626533
2013-04-01,19,1.0000000000752314,-0.15530070319766323,0.2500000000586543,0.05116004098690138,0.44371629485046643,1.0000000001282092,1.0,0.2500000000320523,-0.06317026360453934,0.15000000000335736,-0.18236509098310338,0.10699287668266323
2013-04-08,19,1.0000000000018852,-0.15555555553926576,0.21164392093755346,0.05227773058852777,0.4444444443979022,1.0000000000026976,1.0,0.2500000000006744,0.03000000000104423,0.15000000000003352,-0.24518518518151114,0.13666666667870003
2013-04-15,19,1.0000000000900244,-0.15756335897855908,0.0984360557967809,0.06796028072384054,0.450181025653026,1.0000000001596294,1.0,0.25000000003990736,0.029999999990606305,0.14999999999974173,-0.2474969706735033,0.1386242750416691
2013-04-22,19,1.000000000114346,-0.16449927624707644,0.2500000000817038,0.067585707445892,0.46999793213450414,1.00000000011805,1.0,0.2500000000295125,0.029999999995993173,0.15000000000061967,-0.25000000001174183,0.19071352661091173
2013-04-29,19,1.0000000000309308,-0.14568145184003184,0.054264350477454315,0.06996790636439239,0.41623271954294816,1.0000000000400087,1.0,0.25000000001000217,0.030707541979349752,0.15000000000044056,-0.24189381728686388,0.1890030286484008
2013-05-06,19,1.000000000000924,-0.19702502548448833,0.08126000805277935,0.0714145681721458,0.5629286442413952,1.0000000000003784,0.9950417091320659,0.21422574669223401,0.03070099109875406,0.1500000000000303,-0.2500000000000946,0.1936873745923751
2013-05-13,19,1.0000000000407074,-0.19502703423333062,0.07258308695310711,0.06848570320839453,0.5572200978095161,1.0000000000178138,1.0,0.2414600471902001,0.03000000000231909,0.15000000000163524,-0.25000000000445344,0.17675135171349723
2013-05-20,19,1.0000000000056952,-0.2000000000091936,0.14990087199866525,0.07195912817817729,0.5714285714548389,1.0000000000020892,1.0,0.2318181818065554,0.03000000000075317,0.15000000000031338,-0.25000000000008465,0.17699999999923366
2013-05-28,19,1.0000000000253684,-0.17599999998964444,0.05558809926512759,0.07263502277518782,0.5028571428275556,1.0000000000397384,1.0,0.2500000000099346,0.030000000001408858,0.1500000000010795,-0.2500000000032253,0.17579999999804605
2013-06-04,19,1.000000000040232,-0.1760477747842583,0.020898364144909753,0.07420344897262783,0.502993642240738,1.0000000000828542,1.0,0.25000000002071354,0.02999999999711501,0.15000000000072417,-0.2500000000018098,0.17580238873310305
2013-06-11,19,1.0000000000240763,-0.17526847440735477,0.02105168322453551,0.07552057753767456,0.5007670697352994,1.000000000050107,1.0,0.25000000001252676,0.02999999999477095,0.1500000000003951,-0.2500000000022216,0.17612918650879225
2013-06-18,19,1.0000000000123674,-0.17500000000161572,0.014049305625092379,0.0760172808881627,0.5000000000046164,1.0000000000299858,1.0,0.25000000000749645,0.02999999999296529,0.15000000000014987,-0.2500000000003004,0.17624999999882643
2013-06-25,19,1.0000000000444496,-0.17428502737160453,0.05965106532441469,0.07862276089468981,0.4979572210617273,1.0000000000933325,1.0,0.2500000000233331,0.028707308813947043,0.1435365441216097,-0.24512145513690156,0.1761427541065654
2013-07-02,19,0.9999999999978748,-0.3179938473310721,0.25000000000086486,0.08062226409819533,0.908553849517349,0.9999999999959002,0.9630871469752271,0.24999999999897504,-0.03703482352307747,0.025447335280192968,-0.238100673885849,0.17061917601288856
2013-07-10,19,0.9999999999797226,-0.3500000000030766,0.2500000000087895,0.08016658255741825,1.0000000000087903,0.9999999999595778,0.979878536984276,0.24999999998989444,-0.0648758104936902,0.025620947552092776,-0.2018193420351648,0.15749999999512412
2013-07-17,19,1.0000000000271487,-0.34672913768853875,0.25000000002592826,0.08208675125198588,0.9906546791101107,1.000000000051213,0.9903233266551903,0.25000000001280326,-0.06475826930432854,0.02620865352188951,-0.17629583562958046,0.15700937064956377
2013-07-24,19,1.0000000000496028,-0.34285714283464946,0.11310664703644303,0.08506817296745989,0.9795918366704272,1.0000000000780662,1.0000000000535556,0.25000000001951656,-0.07000000000684026,-1.388584070466114e-12,-0.15999999999312584,0.15642857142918412
2013-07-31,19,1.0000000000356932,-0.342902632226182,0.047144846085562686,0.08442311303770995,0.9797218063605201,1.0000000000591418,1.0,0.25000000001478545,-0.0700000000069706,-1.3523567825868374e-12,-0.15999999999442382,0.15643539483862345
2013-08-07,19,0.9999999999643642,-0.3176130602609806,0.015716020235604197,0.08267758823968571,0.9074658864599445,0.9999999999071252,0.9930441046739582,0.2499999999767813,-0.06964804197875475,-5.933825693197529e-13,-0.15700941091383286,0.16687471985978775
2013-08-14,19,0.9999999999836796,-0.34285714285781427,0.05675233282046968,0.08740740501205663,0.9795918367366122,0.9999999999387321,0.9999999999819936,0.24999999998468303,-0.06999999999630915,-9.801362199532404e-13,-0.15999999999395137,0.1564285714217031
2013-08-21,19,1.000000000091973,-0.16413705946247262,0.25000000005054934,0.08098805185671892,0.4689630270356361,1.0000000001220966,0.8394277925182154,0.25000000003052414,-0.06945003966484561,3.737570382645752e-12,-0.05303556211653608,0.09396033132112043
2013-08-28,19,0.9999999999921326,-0.14848687823768944,0.03174740021102075,0.0806230650844853,0.4242482235362556,0.9999999999467175,0.8407128889643946,0.24999999998667938,-0.06999999999694191,-9.33490228274974e-13,-0.045128985791804174,0.08898883680693363
2013-09-05,19,0.9999999999996849,-0.10070737601292637,0.054659709714849236,0.08203341630159165,0.2877353600369325,0.9999999999947434,0.8481531943945436,0.24999999999868586,-0.06000773019085898,-8.253323533081111e-14,-0.02643014579484143,0.08152970842170873
2013-09-12,19,0.9999999999960438,-0.09889750402853449,0.017011631961406093,0.08031227877626661,0.28256429722438425,0.9999999999818345,0.8528940519227087,0.24999999999545863,-0.07262603607180022,-1.2515400720241887e-13,-0.022142620630688066,0.07751322073137515
2013-09-19,19,1.0000000000465907,-0.09433226598766546,0.25000000004658673,0.061599841847956034,0.2695207599647585,1.0000000000562734,0.8648778018519463,0.25000000001406836,-0.18233671510110977,8.508968883271077e-14,0.017093170327610336,0.04338961406107384
2013-09-26,19,1.0000000000033922,-0.04298062360617284,0.20403195080384723,0.06132362051424538,0.1228017817319224,1.000000000004581,1.0000000000045195,0.25000000000114525,-0.21999999999507558,-1.1143281412014348e-12,0.039999999999964696,0.021447093537414304
2013-10-03,19,1.0000000000061235,-0.04319228781465191,0.20321548476467524,0.061398729251998116,0.12340653661329118,1.0000000000134643,1.0000000000098213,0.2500000000033661,-0.24666666666854115,-9.71208674911314e-13,0.09333333333461728,-0.008589710938066016
2013-10-10,19,1.0000000000504128,-0.0652838523391781,0.2500000000252425,0.06113525956805105,0.18652529239765175,1.0000000001023974,1.000000000074323,0.25000000002559936,-0.25000000000820394,-0.010405172981934541,0.10720689730539429,-0.03780387973829735
2013-10-17,19,1.0000000000531875,-0.06485715706953515,0.019834320570958408,0.057909141466778925,0.18530616305581474,1.0000000000920608,1.0000000000760658,0.2500000000230152,-0.25000000000800854,-0.010557385446673341,0.10740984725757884,-0.03791803909156808
2013-10-24,19,1.000000000022052,-0.07634479826533185,0.09250226851182108,0.05770531417688658,0.21812799504380528,1.0000000000390878,1.000000000028261,0.25000000000977196,-0.25000000000203537,-0.010644711147775716,0.08154004782609972,-0.03315947696216697
2013-10-31,19,0.9999999999471665,-0.10268360096254457,0.2500000000080932,0.05399762274242085,0.29338171703584165,0.9999999999590132,0.9846292709862804,0.24999999996623234,-0.2499999999897533,-0.010626141443359651,0.08204889532968339,-0.04948098347043034
2013-11-07,19,1.0000000000682867,-0.10577660785563067,0.097409202296912,0.05559065021496341,0.3022188795875162,1.0000000000676608,1.0000000000408904,0.2500000000169152,-0.25000000001066647,-0.0060623648015445085,0.10561453899586642,-0.0478375218974388
2013-11-14,19,1.0000000000441496,-0.34231367070344443,0.2500000000124582,0.0610815417891374,0.9780390591526984,1.0000000000620306,0.9811210826220351,0.25000000001550765,-0.2447379169788451,-0.005970907983636199,-0.010974091578831006,0.007752797887609606
2013-11-21,19,1.0000000000652862,-0.34999999997755327,0.2500000000781329,0.05423094275905731,0.9999999999358665,1.0000000001565856,1.0,0.2500000000391464,-0.20590514435171176,0.010182569190914509,-0.01888813648083688,-0.1093941219233793
2013-11-29,19,1.0000000000024987,-0.3500000000001138,0.25000000000211625,0.04917377001196113,1.000000000000325,1.0000000000018652,1.0,0.2500000000004663,-0.19031407124475075,0.07415414873247363,-0.05967205552573966,-0.0882431383810599
2013-12-06,19,1.0000000001259517,-0.3011999383572345,0.2500000001160778,0.04693028074010858,0.8605712524492415,1.0000000002517464,0.9884214849823574,0.2500000000629366,-0.12948416662906007,0.11258274358168696,-0.10799944887711449,-0.05998224932486451
2013-12-13,19,0.9999999999691743,-0.22826999364407205,0.24935101234373908,0.06219766868815102,0.6521999818402059,0.999999999980661,0.726609343889377,0.24999999998613398,-0.12303851774798351,0.14999999999709915,-0.13088938128662675,0.09014564295080088
2013-12-20,19,1.0000000000431801,-0.12757830823676855,0.1327454034625666,0.058160669237432384,0.36450945210505303,1.0000000000609326,0.6843346270277628,0.25000000001523315,-0.11845869951147756,0.15000000000036323,-0.12919291025348464,0.10659011643008068
2013-12-30,19,0.9999999999981417,-0.12835780527295576,0.00896789961034243,0.05616403939186252,0.36673658649415936,0.9999999999974578,0.6955377226105592,0.24999999999854813,-0.11568785117562787,0.14999999999961866,-0.12991608357079915,0.10759839503673262
2014-01-07,19,1.0000000000042883,-0.13232968588591842,0.013141030518034797,0.05566063726093111,0.3780848168169098,1.0000000000070062,0.7090233123631883,0.25000000000175154,-0.11720330187416417,0.15000000000002087,-0.13090233123637174,0.10881209811234524
2014-01-14,19,0.9999999999772865,-0.07586926423863209,0.25000000002808376,0.05460624509212899,0.2167693263960917,0.9999999999659852,0.7711855117271218,0.24999999998206449,-0.0564262686106306,0.14999999999489777,-0.13127565432610525,0.10914808889539315
2014-01-22,19,1.0000000000266382,-0.03203891853756076,0.18451152885085456,0.0538822870168804,0.0915397672501736,1.000000000032204,1.0000000000274138,0.250000000008051,0.01653049246578207,0.14967940176641412,-0.13077053648088185,0.10869348283321695
2014-01-29,19,0.999999999994254,-0.13613052519652727,0.12067904348716246,0.05587341236517762,0.38894435770436364,0.9999999999958874,0.997460905638774,0.2499999999965402,-0.010960488322152441,0.1499999999993831,-0.13108105425180785,0.10897294882807997
2014-02-05,19,1.0000000001052554,-0.13692373358799811,0.014411916208302969,0.05751287962423745,0.39121066739428034,1.0000000000837255,0.9950529517517807,0.25000000002093137,-0.011282822247616389,0.15000000000193847,-0.13109011573813933,0.1090546886511086
2014-02-12,19,1.000000000019714,-0.16029454622192263,0.2500000000009936,0.057522679852092876,0.45798441777692184,1.0000000000212008,0.924105841795116,0.2500000000053002,0.030000000000543012,0.15000000000069827,-0.20867382434812554,0.14410729898169777
2014-02-20,19,1.0000000000313622,-0.1712760292594998,0.2272316134709365,0.05760709828725623,0.4893600835985709,1.000000000044272,0.821809926877752,0.250000000011068,0.02999999999887081,0.15000000000109956,-0.23375867642217063,0.17569140438914152
2014-02-27,19,0.9999999999692737,-0.16958522087635017,0.16763918825680296,0.07157133540154295,0.48452920250385767,0.9999999999251545,0.9999999999599134,0.249999999976243,0.029999999997241605,0.14999999998877317,-0.21711211778789222,0.17543778312706548
2014-03-06,19,1.0000000000402391,-0.19999999997527798,0.250000000032763,0.07445297271129007,0.5714285713579371,1.0000000000206601,1.0,0.13033360110065298,0.030000000007061153,0.15000000000309902,-0.14836696119756043,0.17051008835518774
2014-03-13,19,1.000000000011583,-0.2000000000017437,0.08256548024495475,0.07288342880877442,0.5714285714335534,1.0000000000218774,1.0,0.1590909090813125,0.030000000005081143,0.1500000000032816,-0.18000000000008193,0.17999999999463112
2014-03-20,19,1.0000000000696838,-0.19999999997647883,0.2500000000516868,0.06048712860757263,0.5714285713613682,1.000000000036013,1.00000000006144,0.159083685484233,0.030000000002729323,0.15000000000540192,-0.09731969178260373,0.007349906034270576
2014-03-27,19,1.0000000000427482,-0.20113620248316375,0.06300281866666538,0.05744568723196855,0.5746748642376107,1.000000000014358,1.0,0.15857445341896606,0.029999999996497592,0.15000000000215372,-0.09538741187140139,-0.014829569628466266
2014-04-03,19,1.0000000000269087,0.042193587993038184,0.24999999999115216,0.049547159432648244,0.12055310855153768,1.0000000000049396,1.0000000000238383,0.15909090909915913,0.02999999999305902,0.15000000000074093,0.00880431559833504,-0.08765807639957172
2014-04-10,19,1.0000000000102223,0.09565277259667346,0.06941585338006179,0.049369972239855106,0.2732936359904956,1.0000000000017997,1.0,0.15711489663625397,0.028985646937225936,0.15000000000026995,0.03000000000035359,-0.10500000000047535
2014-04-17,19,0.9999999999201703,0.0979947188858803,0.005285984639505199,0.048875981320766246,0.27998491110251517,0.9999999999022149,0.9999999999173411,0.15817941765768523,0.027733582217150506,0.14999999998533223,0.031284656322028245,-0.10615619068638646
2014-04-25,19,1.000000000002986,0.07314466123245941,0.25000000000212963,0.04564348643166589,0.2089847463784555,1.000000000003546,1.0,0.2500000000008865,-0.029752669415629873,0.15000000000010313,0.029999999999903895,-0.13938412952323478
2014-05-02,19,0.9999999999946505,0.018181818180417725,0.23500254233545126,0.04443206360344026,0.051948051944050645,0.9999999999893028,0.9934292211402326,0.2499999999952711,-0.05183021460695844,0.14999999999839542,0.0308228656806884,-0.1497549622839469
2014-05-09,19,1.0000000000032074,0.011027257905590865,0.010659691265193505,0.0443528491525649,0.03150645115883104,1.0000000000010967,1.0,0.24642271986226785,-0.05186303227943631,0.1500000000001645,0.03000000000056212,-0.1500000000001843
2014-05-16,19,0.9999999999850312,-0.10000000000432474,0.11773727497286887,0.044994675629353824,0.28571428572664215,0.9999999999597302,0.9999999999643071,0.19090909090500954,-0.05198575693960509,0.14999999999395952,0.01898931769893595,-0.13348397654820635
2014-05-23,19,0.9999999999612617,-0.04498988730536185,0.2500000000262084,0.05180917127676693,0.12854253515817674,0.9999999999094071,0.9999999999336059,0.2084123085762153,0.005174771207735718,0.14999999998641106,-7.1646061305941085e-12,-0.1049999999875509
2014-06-02,19,0.999999999981382,0.09999999999333906,0.18755435158435807,0.05296249841089048,0.2857142856952545,0.9999999999744783,0.9999999999762414,0.24999999999361958,0.0315738730916157,0.14999999999524316,-1.0774485007895388e-12,-0.10499999999591572
2014-06-09,19,1.0000000000213858,0.10000000001163903,0.2500000000101641,0.04865357832253336,0.2857142857475401,1.0000000000472926,1.0,0.1904103328321552,0.06815461722042317,0.15000000000709388,-1.6255626474522464e-13,-0.10500000000044288
2014-06-16,19,1.0000000000309244,-0.13556235703468766,0.25000000001149647,0.04604474524419634,0.3873210200991076,1.000000000060235,1.0,0.02758123277730555,0.06854351500181724,0.15000000000903524,-0.036690482271247,-0.08436160372477546
2014-06-23,19,0.9999999999976946,-0.20000000000238743,0.1873626159603863,0.048350451382225386,0.5714285714353927,0.9999999999955141,0.9999999999983066,0.034812898138112176,0.06906661354552972,0.14999999999932712,-0.08000000000056498,-0.07448825638506408
2014-06-30,19,1.0000000000434262,-0.19999999996953235,0.007245682399969144,0.04814557592239049,0.571428571341521,1.0000000000945581,1.0,0.034414244688939555,0.06939793887758601,0.1500000000141837,-0.08000000000387758,-0.07435670074313322
2014-07-08,19,0.9999999999894538,-0.12402768994713,0.25000000000100525,0.04747269219687365,0.3543648284203714,0.9999999999814493,0.9999999999899571,0.15088391823158034,0.029999999998801947,0.1499999999972174,-0.08000000000117202,-0.1013958465047437
2014-07-15,19,1.0000000000441946,-0.0431054846057977,0.2500000000242405,0.048752326882318,0.1231585274451363,1.0000000000868483,1.0000000000728344,0.2500000000217121,0.03000000000030665,0.1500000000011151,-0.08000000000092819,-0.1009904076362464
2014-07-22,19,1.0000000000565845,-0.04579734887183534,0.06526663352874137,0.04889502965044585,0.13084956820524385,1.0000000000712503,1.0000000000687526,0.2500000000178126,0.030000000000847685,0.15000000000228406,-0.0800000000031866,-0.09182642099438823
2014-07-29,19,1.000000000015157,-0.04942048639699653,0.25000000000939626,0.06061150483637327,0.1412013897057044,1.0000000000238507,1.0,0.2500000000059627,0.03000000000461715,0.15000000000257835,-0.16621129570804005,-0.09073960378957205
2014-08-05,19,1.000000000004109,-0.06458057183815383,0.2500000000023775,0.056707613415235995,0.18451591953758237,1.0000000000099358,1.0000000000062799,0.25000000000248396,0.029932229042438935,0.15000000000005437,-0.17979668712906519,-0.06246341065711147
2014-08-12,19,1.000000000014081,-0.2086642066290769,0.25000000000884837,0.055176325591430216,0.5961834475116483,1.000000000025398,1.0,0.2500000000063495,0.03000000000138484,0.15000000000052136,-0.24314812800434524,-0.02447917799826596
2014-08-19,19,1.0000000000152134,-0.22186525915781272,0.2500000000102933,0.05399983223449445,0.6339007404508935,1.0000000000218718,0.9913918910126335,0.25000000000546796,0.04675002237952856,0.05963860227196224,-0.25000000000224215,-0.02095586627047491
2014-08-26,19,1.0000000000145726,-0.2169031714532898,0.25000000000980216,0.05188618603430639,0.6197233470093995,1.0000000000125342,1.0,0.25000000000313355,0.04120455574833357,0.03090341680952211,-0.250000000002729,-0.028208732857004565
2014-09-03,19,1.0000000000320135,0.009598511019959205,0.25000000002744677,0.05100202866942832,0.027424317199883443,1.0000000000355136,0.8965686095084835,0.2500000000085959,0.10248847547010674,0.06000000000030792,-0.2500000000088784,0.08589610610171641
2014-09-10,19,1.0000000000023967,0.2072229571874076,0.2500000000014628,0.049915559980563025,0.5920655919640218,1.0000000000029918,0.8826153720662097,0.2500000000002345,0.15000000000396335,0.06000000000007478,-0.25000000000074796,0.10408615534927308
2014-09-17,19,0.9999999999960908,0.28198372203597194,0.14583081254295338,0.04787064508578689,0.8056677772456342,0.9999999999966416,0.8805930949516592,0.2499999999991604,0.15989856138009464,0.05999999999972142,-0.24999999999879105,0.09297390691444292
2014-09-24,19,1.0000000000668012,0.1151908010630196,0.25000000004520206,0.04463907337982181,0.3291165744657703,1.000000000069993,0.8714914224551376,0.25000000001304995,0.12194030236417375,0.060000000003156764,-0.2500000000174982,0.11849261992137858
2014-10-01,19,1.0000000000073577,0.11080405502826998,0.06032315392919245,0.04637406188015077,0.31658301436648567,1.0000000000061886,0.8538248174518318,0.2500000000010029,0.12293480290754273,0.06000000000035217,-0.25000000000154715,0.12016150938821744
2014-10-08,19,1.0000000000142981,0.14460686126936886,0.25000000000871975,0.04293941077939846,0.4131624607696254,1.000000000018219,0.8542923621095596,0.25000000000352246,0.0911448020684467,0.0600000000004008,-0.20072876389926195,0.20000000000364382
2014-10-15,19,0.9999999999830184,0.03481354616401594,0.2294789705137487,0.04814427097713752,0.09946727475433126,0.9999999999692405,0.9999999999829198,0.24999999999138595,0.08720396996734071,0.05999999999853642,-0.1819323007264922,0.1999999999938481
2014-10-22,19,1.0000000000574072,0.10247364359346767,0.14848650361700952,0.0479832840094349,0.2927818388384791,1.0000000000861833,0.9958772607343941,0.2500000000073593,0.15345831844809346,0.060000000002858316,-0.17975263565111013,0.20000000001723667
2014-10-29,19,1.000000000070025,0.11189764840780053,0.018370419743440655,0.04729455591639515,0.31970756687943014,1.0000000000939115,0.9801705860702167,0.25000000000444417,0.15772002299477195,0.0592390625917375,-0.17881023516620528,0.20000000001878232
2014-11-05,19,1.0000000000286422,0.13712048395104215,0.1871085968307533,0.04843635383706883,0.3917728112886919,1.0000000000411824,0.9381325267777861,0.18648491924883995,0.2360260317814244,0.060000000001248166,-0.17628795160847616,0.20000000000823648
2014-11-12,19,0.9999999999880622,0.3029533204135986,0.25000000001076145,0.04347489563775192,0.8655809154674247,0.9999999999870071,0.6617444659551894,0.16328938663956605,0.24999999999675176,0.059999999999646614,-0.15970466795601965,0.19999999999630352
2014-11-19,19,1.0000000001125784,0.3500000000442401,0.10906620435784992,0.043868982862700176,1.0000000001264002,1.0000000001068798,0.6833333334106445,0.1635727018128653,0.2500000000258094,0.059719888007566474,-0.1700000000135562,0.20000000002137597
2014-11-26,19,1.0000000000629277,0.35000000002163634,0.01508776355313704,0.04354548053350282,1.000000000061818,1.000000000043374,0.6895266502829125,0.1648593095641315,0.2500000000108435,0.05789169806517737,-0.17000000001023668,0.1992853576199938
2014-12-04,19,1.0000000000635074,0.3441515591142037,0.056733551595546224,0.05430543938388953,0.9832901688977249,1.000000000066233,0.6774848924723407,0.17373961757921064,0.2500000000110038,0.05690455338698687,-0.1736294595589474,0.20000000001324664
2014-12-11,19,1.0000000000548261,0.350000000012502,0.2500000000268748,0.05706221877797482,1.00000000003572,0.992588791336562,0.724394050416505,0.23909776191917836,0.1882412865556719,0.008693560370873798,-0.1703102575811359,0.1985177582673124
2014-12-18,19,1.0000000000443259,0.16441575664258565,0.21068661512950693,0.06743187265487555,0.4697593046931019,1.0000000000471005,0.7003712112988383,0.19589098817175332,0.17301522861393737,2.7617548314422973e-13,-0.25000000000736056,0.20000000000942014
2014-12-26,19,1.0000000000135332,0.1643962296358496,0.004091670814353465,0.07181354706935306,0.4697035132452846,1.000000000014269,0.7003537764646462,0.19663540156319115,0.1728066260041581,1.557731489783776e-12,-0.25000000000251177,0.2000000000028538
2015-01-05,19,1.0000000000363547,0.22000000001639475,0.12589021931882788,0.07217946462429167,0.6285714286182708,1.00000000004278,0.7500000000120599,0.20929940050669887,0.18017470532544347,1.6855001912832662e-12,-0.25000000000411293,0.200000000008556
2015-01-12,19,0.9999999999858095,0.3499999999968712,0.16126935631383196,0.06911190748842898,0.9999999999910606,0.9999999999753086,0.7500000000007536,0.2454545454545959,0.1826666666645944,2.843039936096811e-12,-0.22833333332756467,0.19999999999506174
2015-01-20,19,1.0000000000438272,0.350000000009818,0.007616243799240051,0.07292898046650984,1.0000000000280516,1.0000000000616107,0.7500000000067525,0.2449831377298221,0.18279237539705362,-4.1163875141451493e-13,-0.22833333333751957,0.20000000001232215
2015-01-27,19,1.0000000000223768,0.35000000000526765,0.019395444104536225,0.07504677274077673,1.0000000000150504,1.0000000000342741,0.7625000000158544,0.25000000000415523,0.18133333333539536,1.9747735423492414e-12,-0.22833333333670067,0.20000000000685483
2015-02-03,19,1.0000000000387141,0.3500000000100975,0.056278062726271644,0.08185600357162652,1.00000000002885,1.0000000000606861,0.7625000000271962,0.2500000000037117,0.18133333333664808,1.3226113275054769e-12,-0.22863774240689322,0.20000000001213725
2015-02-10,19,1.000000000064415,0.3500000000187867,0.06915726726857921,0.08728320309301921,1.0000000000536764,1.0000000000987666,0.8125000000314955,0.2500000000027231,0.1813333333411569,4.006304598605177e-12,-0.2450000000118246,0.20000000001975332
2015-02-18,19,1.0000000000269138,0.3474623741393177,0.2500000000035686,0.08928289335868841,0.9927496403980506,1.000000000043854,0.8156720323493314,0.1393469545391317,0.23532338391612398,0.03399253793590961,-0.2462688129364251,0.20000000000877083
2015-02-25,19,1.000000000026708,0.34357674408843897,0.07216641670365082,0.09140980868148005,0.9816478402526828,1.0000000000439513,0.8205290699177156,0.11343367861311886,0.2500000000023829,0.04500000000113542,-0.2473340989496632,0.20000000000879026
2015-03-04,19,1.0000000001064722,0.3077700294991702,0.1495302762126825,0.08139715877060548,0.8793429414262006,1.0000000001227127,0.8652874632461562,0.105414480463971,0.2463643925547777,0.04472028898834466,-0.23674706084901362,0.20000000002454255
2015-03-11,19,1.0000000000061162,0.2788079066835114,0.03892767218531046,0.07944690029435908,0.7965940190957469,1.0000000000075102,0.9014901166525608,0.10180663012240158,0.24382571456823654,0.04414128425619284,-0.2419445054549631,0.20000000000150206
2015-03-18,19,1.0000000000339089,0.22500000001283127,0.10279395733930576,0.07437238398970487,0.6428571428938037,1.0000000000407694,0.9687500000184501,0.10538978886560131,0.23831064285010717,0.04371507096663027,-0.2500000000075401,0.20000000000815388
2015-03-25,19,0.9999999999937623,0.22499999999915093,0.010394578060542128,0.07597205541016581,0.642857142854717,0.999999999987676,0.968749999989624,0.10543625625936788,0.23915779892318684,0.04391952753703713,-0.24999999999589126,0.1999999999975352
2015-04-01,19,1.00000000006261,0.22500000002980372,0.24416990610187778,0.07677955645008526,0.6428571429422963,1.000000000061482,0.9687500000333865,0.22525010482958108,0.20776811057702746,0.04399141661651827,-0.25000000001282424,0.2000000000122964
2015-04-09,19,1.0000000000456346,0.22500000001900355,0.05735285879984425,0.07757563524138855,0.6428571429114388,1.0000000000595684,0.9687500000198407,0.25000000001096545,0.19331622515936678,0.03494760422433226,-0.2500000000082469,0.2000000000119137
2015-04-16,19,0.9999999999857642,0.22499999999586295,0.04639881081329686,0.0772746822278855,0.6428571428453228,0.9999999999758264,0.9687499999862892,0.24999999999365746,0.19719887660602964,0.035632351618426955,-0.24999999999389402,0.1999999999951653
2015-04-23,19,0.9999999999988645,0.22499999999755027,0.006521039594188843,0.0768879081465929,0.6428571428501437,0.9999999999976017,0.9687499999987192,0.24999999999935452,0.19729386738348223,0.035461671556243746,-0.24999999999936878,0.19999999999952034
2015-04-30,19,1.0000000000042137,0.22499999999927284,0.25000000000274475,0.07511643346376147,0.6428571428550653,1.0000000000053813,0.9687500000028354,0.2500000000013453,0.2090012817507097,0.03571212956212704,-0.2500000000010764,0.20000000000097545
2015-05-07,19,1.0000000000381961,0.22500000001700615,0.03481152648286206,0.07596378752414014,0.6428571429057319,1.0000000000471703,0.9687500000205098,0.25000000001179257,0.20720387729182033,0.03539644601712607,-0.25000000000811573,0.2000000000069191
2015-05-14,19,1.0000000000556881,0.2250000000251534,0.020781700938058985,0.07625574043818166,0.6428571429290098,1.0000000000735052,0.9687500000306584,0.2500000000183763,0.20537216500961722,0.035594752496870156,-0.25000000001302763,0.20000000000913815
2015-05-21,19,1.000000000115847,0.26240874046771007,0.18138064416526412,0.06547736015298694,0.7497392584791717,1.0000000001257148,0.9219890745433559,0.2500000000312247,0.20860885847103922,0.03524698484675726,-0.2500000000314287,0.2000000000211453
2015-05-29,19,1.0000000000223583,0.26680664844848817,0.25000000001333955,0.06411366424819287,0.7623047098528234,1.0000000000274607,0.9164916894653565,0.24201060641437713,0.1465383268546145,4.990804759195466e-13,-0.2500000000068652,0.20000000000361942
2015-06-05,19,1.000000000054375,0.2691898424053427,0.2500000000369744,0.05978327782403612,0.7691138354438364,1.000000000075756,0.9135126970601228,0.2500000000170273,0.04837135703161865,4.1616177616163705e-12,-0.250000000018939,0.1976505996908548
2015-06-12,19,1.0000000000414437,0.26860445696558716,0.2500000000171736,0.05746832500680415,0.7674413056159634,1.0000000000674605,0.9142444288344764,0.2500000000168651,0.07268671711019825,0.12024544909877279,-0.25000000001151523,0.11990448579512555
2015-06-19,19,1.0000000000430995,0.24433497434529955,0.2500000000374911,0.058999470676562527,0.6980999267008559,1.0000000000620803,0.9131762781477634,0.2500000000155201,0.03640459228620764,0.14999999999891453,-0.25000000001158784,0.20000000000713752
2015-06-26,19,1.0000000000007363,0.24883218478075692,0.12029788833429984,0.05567357422977301,0.7109490993735912,1.000000000001469,0.9250000000004294,0.25000000000036726,0.04330772581342435,0.14999999999891897,-0.2500000000001808,0.2000000000001354
2015-07-06,19,0.9999999999774951,0.22246928062145102,0.10291717515752365,0.05715937834409311,0.6356265160612887,0.9999999999660345,0.9249999999798861,0.2499999999880851,0.039956863060391645,0.14978431530383296,-0.24999999999138314,0.19999999999320692
2015-07-13,19,0.9999999999714007,0.12847224035366714,0.2500000000176481,0.0582752271724867,0.3670635438676204,0.9999999999724243,0.9233724414929884,0.2499999999823485,0.01556194030912378,0.027921697963886893,-0.24934897659900174,0.19999999999448487
2015-07-20,19,0.9999999999788998,0.12383180942208243,0.2499999999907499,0.04938237425649961,0.35380516977737836,0.999999999934011,0.9999999999625753,0.24999999998350275,-0.015066550489121418,-0.018799912869619562,-0.18738705763449515,0.19319148706667538
2015-07-27,19,1.0000000000324567,0.2074485965607548,0.25000000002445166,0.04655311570160187,0.5927102758878708,1.0000000000272584,1.0000000000323135,0.2500000000068146,-0.05101423047235034,-0.04576067285158436,-0.12600762250808822,0.20000000000515814
2015-08-03,19,1.0000000000621987,0.20830033147992513,0.1230846005902234,0.046721870930042646,0.5951438042283576,1.0000000000659774,1.0000000000463967,0.2500000000124058,-0.0509884469062215,-0.04574133517320367,-0.11276727474021246,0.2000000000131955
2015-08-10,19,0.9999999999916926,0.05970456064901114,0.2500000000105034,0.07075416922351428,0.1705844589971747,0.9999999999853378,0.7771306531257088,0.24999999999586922,-0.050904660629460245,-0.045678495472279784,-0.21287466993281043,0.19999999999706758
2015-08-17,19,0.9999999999871757,0.0055524761691466695,0.25000000000073913,0.07995523869266084,0.015864217626133343,0.9999999999811029,0.8284823291442824,0.2499999999941811,-0.006795283661196911,-0.012596462745233482,-0.24999999999527572,0.19999999999461496
2015-08-24,19,0.9999999999639991,0.07920045793525743,0.14893256725349455,0.0802590567041262,0.2262870226721641,0.9999999999470671,0.8070437594993742,0.2499999999859815,0.021410362175581885,5.646835964842108e-13,-0.24999999998676678,0.19999999998644294
2015-08-31,19,1.0000000000347253,0.15154233293637365,0.23447783967062183,0.0856258252923268,0.43297809410392474,1.0000000000428932,0.6888770830025084,0.25000000000578937,0.03747728441039507,-3.9747149120328424e-13,-0.2500000000074931,0.20000000000857865
2015-09-08,19,0.999999999996023,0.1715181621158392,0.2500000000005991,0.08806634237101044,0.4900518917595406,0.9999999999940657,0.9013596319360131,0.14948750396256127,0.1119429171316324,4.587454391205256e-14,-0.24999999999851644,0.19999999999876206
2015-09-15,19,1.0000000000531197,0.3500000000120169,0.22327422580582323,0.08815797593631687,1.000000000034334,1.0000000000544929,1.000000000020567,0.16431818182792501,0.1500000000077314,-1.9353593096495703e-12,-0.2283333333406589,0.2000000000108986
2015-09-22,19,0.9999999999917318,0.15867713771129371,0.25000000000885475,0.09508867821410838,0.45336325060369637,0.9999999999906937,0.9999999999923739,-0.012485934266745493,0.14999999999844782,-1.5870852019642683e-12,-0.21999999999931374,0.19999999999813875
2015-09-29,19,0.9999999999952707,0.14587224513268957,0.109311220687452,0.08941257808558477,0.41677784323625594,0.9999999999920445,0.9999999999953505,0.02923781862956839,0.1508581263528363,-7.170912401598252e-14,-0.24999999999799108,0.1999999999984089
2015-10-06,19,1.0000000000058418,0.09833691773119488,0.16256177617096934,0.07766086612204556,0.28096262208912826,1.0000000000086517,1.0000000000021296,0.014170591101791453,0.1500000000009575,1.8880408958375945e-13,-0.2475278870118846,0.20000000000173038
2015-10-13,19,1.0000000000183806,0.0968040355251014,0.008583866751623093,0.07646568510037001,0.27658295864314686,0.996974670919866,0.9989179553697014,0.013811991628024099,0.14956718214827144,9.86995321197986e-13,-0.24608813839375868,0.19939493418397322
2015-10-20,19,1.0000000000472924,0.06577339065550433,0.06020481163656808,0.0731475613374953,0.18792397330144095,1.0000000000433051,0.968750000026736,0.013836509078148007,0.1368084461318105,4.4554740605205177e-13,-0.2500000000085097,0.20000000000866103
2015-10-27,19,1.000000000085633,-0.05665512320284262,0.2500000000484137,0.07526222351872626,0.16187178057955035,1.0000000000936327,1.0000000000333666,-0.10704256678652917,0.12988619543140809,-0.10056902291966968,-0.22830218343740447,0.20000000001872653
2015-11-03,19,0.9999999999504211,-0.054042011041580615,0.25000000003725587,0.061795056420127684,0.15440574583308747,0.9999999999402247,0.9989767488213616,-0.08466466714769764,0.1240891913207953,-0.1275075411087706,-0.24999999998505618,0.19324233422301934
2015-11-10,19,1.0000000000131204,0.10977744171459763,0.2500000000076249,0.06189571167294013,0.31364983347027897,1.0000000000184568,0.991457967724252,-0.03735234150101236,0.16673382576071943,-0.0900896343550881,-0.2500000000046142,0.17051321821680837
2015-11-17,19,1.0000000000220008,0.3499999999955645,0.2500000000187924,0.062222671581615464,0.9999999999873272,1.0000000000399671,1.00000000000578,0.04682949355381147,0.22887089249569284,0.054354462467117455,-0.2500000000099918,0.16541968456576003
2015-11-24,19,1.0000000000196267,0.3500000000066166,0.05949666777381687,0.06383477863597288,1.0000000000189047,1.0000000000149274,0.996559296734375,0.04391648353711568,0.2260608799143004,0.045162385669396246,-0.25000000000373185,0.16125541722807077
2015-12-02,19,1.0000000000576474,0.3500000000175447,0.25000000005281936,0.0665002087084162,1.000000000050128,1.0000000000509852,0.9864628159344675,0.11776363414661511,0.16509580568494725,-0.00014826608129953067,-0.2500000000127463,0.16042101822849725
2015-12-09,19,1.0000000000303872,0.3500000000093628,0.2500000000285542,0.06787032267038699,1.000000000026751,1.0000000000368758,0.7726932966479139,0.19603231144093053,0.056880359288564296,-0.007129698773326127,-0.25000000000558653,0.20000000000737517
2015-12-16,19,0.9999999999801353,0.34999999999684883,0.13511671344687096,0.07016314216588015,0.9999999999909968,0.9999999999638248,0.7942498981139573,0.24173683097982945,0.04494749236025775,-0.007300040743637467,-0.2499999999909562,0.19999999999216445
2015-12-23,19,0.9999999999981903,0.3499999999998231,0.05857498357846638,0.07429547828149878,0.9999999999994947,0.9999999999973243,0.7731918430069971,0.24999999999933106,0.04383550812703642,-0.010691843007970108,-0.24999999999907205,0.19999999999932266
2015-12-31,19,0.9999999999910475,0.32983193694570084,0.25000000001493805,0.0767083445197397,0.9423769627020024,0.9999999999819503,0.7972625917664746,0.24999999999499609,0.08839479960994474,0.027248087912471162,-0.24999999999477135,0.19999999999639007
2016-01-08,19,1.000000000006194,0.35000000000065673,0.06248725854223902,0.07831048620238565,1.0000000000018765,1.000000000007109,0.7884537082940188,0.2500000000008711,0.10664056772216231,0.031189148083105106,-0.2500000000016977,0.20000000000142182
2016-01-15,19,1.0000000000759492,0.3500000000300743,0.0977521050791816,0.08354401620629875,1.0000000000859266,1.0000000000848646,0.8274506747634467,0.2500000000145251,0.10366032185565698,0.02975320924261104,-0.2500000000063968,0.20000000001697293
2016-01-25,19,0.9999999999906488,0.34999999999789155,0.1884837618026065,0.08499607577418672,0.9999999999939759,0.9999999999824628,0.8510866370855891,0.2499999999956157,0.13588875479321613,-0.0074510602427008705,-0.24999999999532072,0.19999999999644816
2016-02-01,19,0.999999999991311,0.34653151034960894,0.020639767246568047,0.08684373842344259,0.9900900295703113,0.9999999999861623,0.8569635044005656,0.24999999999488173,0.13315091460728368,-0.0075146726430371,-0.24999999999654057,0.1999999999970152
2016-02-08,19,0.9999999999906909,0.3401120711657482,0.2500000000095258,0.085304032979697,0.9717487747592807,0.9999999999873921,0.760702109848094,0.2092308666616003,0.14065475582028653,-0.007427907848822895,-0.2356916736339337,0.19999999999747842
2016-02-16,19,1.0000000000224976,0.3372734998353355,0.25000000002405554,0.0840800958727154,0.9636385709581015,1.0000000000279183,1.0000000000112619,0.0970020534885038,0.1485309002119526,-0.007345498963750623,-0.2355269300506596,0.20000000000558368
2016-02-23,19,1.0000000000968967,0.3438293399466948,0.009315883189810102,0.08719947145376779,0.9823695427048423,1.0000000001050338,1.0000000000678821,0.10065800756643063,0.1495612047095322,-0.0033636318537698423,-0.23511453182654812,0.20000000002100676
2016-03-01,19,0.9999999999953206,0.30066317852128793,0.1464564671299136,0.09933715422446261,0.8590376529179655,0.9999999999956085,0.9999999999955861,0.04758598050726695,0.1492951452520691,-0.003524273734881371,-0.220287588917902,0.1999999999991217
2016-03-08,19,1.0000000000741334,0.31872485391025596,0.2500000000413495,0.09829845016578086,0.9106424397435885,0.792777647946185,1.0000000000459948,0.05750629818686475,0.14928991724974014,-0.003550413826608392,-0.19819441198654625,0.05972936668477235
2016-03-15,19,1.0000000000097211,0.33661334903391416,0.2500000000099657,0.10000006961636922,0.9617524258111834,0.6250820286378737,1.000000000007311,-0.013097024830745202,0.14928117829544799,-0.003594108517018558,-0.1562705071594684,0.02112971089761731
2016-03-22,19,1.0000000000158118,0.1950546169356891,0.2499999999984152,0.10000000000404986,0.5572989055305403,0.9899144274466263,1.0000000000115434,-0.02875576186529622,0.15000000000366306,-9.122386292140956e-13,-0.24747860686165657,0.05285688636206555
2016-03-30,19,0.99999999996935,0.21278879256150623,0.12475195149439473,0.09642262313943906,0.6079679787471607,0.999999999957162,0.999999999975123,-0.02886775399954434,0.15034336986352692,-4.3773171225795114e-13,-0.2499999999892905,0.0475030360249899
2016-04-06,19,1.000000000002565,0.25503253867986964,0.07949239548268672,0.0990707821321295,0.728664396228199,1.0000000000018596,1.0000000000019087,7.075753508974699e-14,0.1520585372657174,7.48925630854359e-14,-0.2500000000004649,0.04349023839628495
2016-04-13,19,0.999999999992801,0.28060398407421655,0.25000000000148426,0.1000000000116616,0.801725668783476,0.9688182532422874,0.899245019889923,0.009025634036414772,0.20103926502888633,0.039712789766100695,-0.24220456331057186,0.039820677410033256
2016-04-20,19,1.0000000000236389,0.0456928298540335,0.2500000000239162,0.10000000000069906,0.1305509424400957,0.9715752408738892,0.9060874010413748,0.009139009856982929,0.11512503339775591,0.04021164334980285,-0.2428938102184723,-0.07533687884622316
2016-04-27,19,1.0000000000381892,0.03584535318868451,0.2500000000169752,0.09627624650107061,0.10241529482481289,1.0000000000299016,1.0,0.013636363642555794,0.15766313729696949,0.05999999999924042,-0.2500000000074754,-0.09537680297280217
2016-05-04,19,0.9999999999973863,0.04281922772595248,0.01558288584538007,0.09737243666189167,0.12234065064557852,0.9999999999965162,0.9767793484468295,0.01363636364070791,0.15934552341671573,0.05999999999979997,-0.24999999999912906,-0.09189485710652925
2016-05-11,19,0.9999999999544418,0.09682598403057069,0.2500000000509669,0.0931717719972647,0.27664566865877344,0.9999999999332905,0.989089660386787,0.08771479491320312,0.15993308095615813,0.05999999999396447,-0.24999999998332262,-0.07530311040711125
2016-05-18,19,1.000000000046962,0.13036914353923562,0.19952992523834362,0.09310110358888467,0.37248326725495895,1.0000000000380036,0.9999999999920872,0.10909090909623002,0.1847707267129513,0.06000000000382028,-0.2500000000095009,-0.06455537152300184
2016-05-25,19,1.0000000000339706,0.15859042219710165,0.25000000002892103,0.10000000002381307,0.453115491991719,0.8827652854198986,1.0,0.10909090910040471,0.15313340314167662,0.06000000001005591,-0.22069132135497466,-0.09207382212554176
2016-06-02,19,1.0000000000220117,0.1626737488831084,0.029648696540502634,0.10000000000071751,0.46478213966602405,0.8753600493070662,1.0,0.10858925428953434,0.1542885754658327,0.060000000000718354,-0.21884001232676656,-0.09255293378848288
2016-06-09,19,1.0000000000640707,0.15559286920976959,0.172433346437826,0.10000000048245979,0.444551054885056,0.9890553308096709,1.0,0.10909090907848873,0.16837829254679756,0.06000000000295332,-0.24726383270241772,-0.06833893037548228
2016-06-16,19,1.0000000000469496,0.14307931313674474,0.2500000000384876,0.09799150193966719,0.4087980375335564,1.0000000000254456,0.9920591306253426,0.020033275771708985,0.2500000000063614,0.06000000000252678,-0.2394114152125427,-0.06491342744396848
2016-06-23,19,1.000000000016932,0.13986276878825502,0.2500000000071063,0.08216609026517237,0.39960791082358577,0.9965263618376685,0.9961590036718451,-0.08188618977167406,0.24913159045941713,0.060000000004789486,-0.15000000000037633,-0.0652304210327309
2016-06-30,19,1.0000000000536295,0.10000000000041562,0.10229390326022975,0.08367991458733841,0.2857142857154732,1.0000000000472085,1.0,-0.09863026598514844,0.2500000000118021,0.060000000011270614,-0.14999999999613797,-0.05999999999837009
2016-07-08,19,1.0000000000320979,0.2155512692683478,0.2500000000224587,0.07862305493817945,0.6158607693381366,0.9994258925204222,1.0,-0.07020396851956967,0.24985647313010556,0.060000000014987814,-0.08568018358009043,-0.11351258712462359
2016-07-15,19,0.9999999999805309,-0.03767958776967634,0.2500000000318246,0.0887872262580772,0.1076559650562181,0.9790309849134972,0.9999999999621517,-0.1757612574319007,0.2447577462283743,0.0599999999968591,-0.14804781550535068,-0.03934806183355455
2016-07-22,19,1.0000000000249194,0.14985068171820445,0.25000000001977063,0.07849664318551172,0.42814480490915563,0.8682731769201116,1.0,-0.011728148912438804,0.2170682942300279,0.06000000000128179,-0.14999999999894495,-0.06747760225794919
2016-07-29,19,1.0000000000226947,0.10605416510717572,0.1128409502832585,0.08129968772326346,0.30301190030621633,0.7744650600347388,0.9798194496089413,-0.0136363636502993,0.1936162650086847,0.06000000000033462,-0.15000000000044436,-0.05697291744122081
2016-08-05,19,0.9999999999789116,0.0958409773882096,0.009742933898274905,0.07713313249013425,0.27383136396631313,0.769201294766688,0.9910694032439131,-0.015550649160562431,0.192300323691672,0.05999999999628007,-0.15173268708241297,-0.05763468024565645
2016-08-12,19,1.0000000000020504,-0.13399120537999332,0.2500000000021263,0.09645943155701427,0.3828320153714095,0.973352259749665,0.9767376902856086,-0.013636363633400282,0.1609818303293116,0.060000000000244844,-0.24333806493741625,-0.020365168799166583
2016-08-19,19,1.0000000000589573,-0.19934422849800795,0.14750843823706267,0.09654022570701268,0.569554938565737,1.0000000000511136,0.975459170132275,-0.0136363636275948,0.1057824217917489,0.06000000000608752,-0.2500000000127784,-0.02383685561460315
2016-08-26,19,1.0000000000213018,-0.20032824255765308,0.2500000000163895,0.07767603935958114,0.5723664073075803,0.7812048794710569,0.9977762138204671,-0.013636363628924324,0.10602921573408206,0.06000000000693443,-0.19530121986776422,-0.027734821668009807
2016-09-02,19,1.0000000000274447,-0.11584840835332111,0.25000000000026124,0.07831745960437139,0.33099545243806033,0.6105656056021003,0.989463333799164,0.019496151186984074,0.08000000000363905,0.06000000000103705,-0.15264140140052507,-0.0681908275815639
2016-09-12,19,1.0000000000284495,-0.09999999997820905,0.23159929200499554,0.08627222093611295,0.2857142856520259,1.0000000000128018,1.0000000000219558,0.10909090910100559,0.08000000000620673,0.060000000003474996,-0.25000000000320044,-0.07499999999350095
2016-09-19,19,1.0000000001001599,-0.09966917223738889,0.01333415046233389,0.08593458036732995,0.2847690635353968,1.0000000001395573,1.0,0.10858080789599239,0.08045126737951738,0.06225633682882754,-0.2500000000348893,-0.07504962415241785
2016-09-26,19,1.0000000001226708,-0.04039445355142257,0.25000000010623885,0.07320144362028541,0.11541272443263592,1.0000000001874962,1.0,0.17051529099599358,0.09800000000694187,0.15000000002812441,-0.2500000000236794,-0.057272531181148084
2016-10-03,19,1.0000000000341398,-0.035533586441420684,0.2500000000199604,0.07083672263660266,0.10152453268977339,1.0000000000450382,1.0,0.22067922317572772,0.09800000000062681,0.15000000000675573,-0.2500000000042576,-0.055660075935619197
2016-10-10,19,1.000000000006905,-0.028181818182709928,0.1442126843900438,0.0681124854321626,0.08051948052202837,1.000000000010704,1.0,0.2500000000020504,0.0980000000008719,0.1500000000016056,-0.25000000000088884,-0.05345454545745219
2016-10-17,19,0.999999999983543,-0.0845000000025733,0.2256805815192727,0.06563680832618614,0.24142857143592372,0.9999999999787942,0.9999999999954969,0.24999999999469855,0.09799999999742429,0.14999999999609384,-0.24999999999458036,-0.03232500000218985
2016-10-24,19,0.9999999999995971,0.02202171843566786,0.25000000000048306,0.061288634542319295,0.0629191955304796,0.9999999999990402,0.999999999999325,0.1963642055624477,0.1544699255134215,0.14999999999985603,-0.2259927605211534,-0.04830325776536604
2016-10-31,19,1.000000000035387,0.10000000001095513,0.1010604697707958,0.059108695369938076,0.2857142857455861,1.0000000000748954,1.0,0.20636363637113453,0.16800000000519116,0.1500000000112343,-0.20000000000385526,-0.05999999999803109
2016-11-07,19,1.0000000001342484,0.07312946192230924,0.25000000011742973,0.03491180940387547,0.2089413197780264,1.000000000199089,0.9873902749977846,0.11209497247491794,0.16708873928584841,0.15000000002986333,-0.10855725325823366,-0.09239957127470391
2016-11-14,19,1.0000000000523206,0.3107962726290384,0.25000000007522855,0.057506586994313304,0.8879893503686812,1.0000000000772078,0.7935918718854755,0.11058630459504311,0.16540148324121573,0.15000000001158117,0.013956497467207443,-0.00906616191309377
2016-11-21,19,1.0000000000030682,0.2005552634236666,0.2500000000019853,0.06756016630796176,0.5730150383533332,1.0000000000038278,1.0000000000013047,0.017605466566013143,0.1660632664517892,0.15000000000057417,-0.05007123159062638,0.07633975357784971
2016-11-29,19,1.0000000000273765,0.18526429114040346,0.2500000000323809,0.04990587670386245,0.5293265461154385,1.000000000026838,0.7880368265163047,0.002666694208294996,0.1723595597717983,0.15000000000402572,-0.1509538393865319,0.10479478709551149
2016-12-06,19,0.9999999999905921,0.13227550943929958,0.1316123422672405,0.058094822643014764,0.3779300269694274,0.9999999999906328,0.7781844837641337,-0.05367210809878608,0.17305514965304442,0.14999999999859492,-0.1820286545342025,0.11784108316934946
2016-12-13,19,1.00000000000599,0.13175586621239624,0.25000000000700995,0.058291233178726254,0.37644533203541786,0.7491906140652241,0.7500000000032667,0.054878459770191394,0.11161270836017866,0.10541530386349977,-0.18729765351630603,0.11849584737203636
2016-12-20,19,1.0000000000371858,0.20019723851598686,0.250000000037623,0.05059118821344025,0.5719921100456767,1.000000000044117,0.832980748424666,0.08953828098654625,0.09376672028213177,0.09574917715852677,-0.16042788889591802,0.2000000000088234
2016-12-28,19,1.0000000000025853,0.16303176904709188,0.25000000000264994,0.04937971290286064,0.46580505442026254,1.0000000000022018,1.000000000001657,0.18526623341537046,0.06371221137796593,0.09595407489791224,-0.16084898451755764,0.20000000000044038
2017-01-05,19,1.000000000046137,0.13759990061906963,0.25000000004849243,0.03896285755679238,0.3931425731973418,0.8435912090464446,1.000000000023617,0.1887201168484762,0.026323136438729196,0.09773275000394988,-0.07999999999338656,0.16871824180928893
2017-01-12,19,0.9999999999536926,0.017858003136019762,0.2500000000008809,0.042960237274179046,0.05102286610291361,0.9563498412135661,0.9999999999583605,0.23908746030339154,-0.10917143967901669,0.09777524205875028,-0.07999999999491743,0.16857369506021552
2017-01-20,19,1.000000000015006,0.00913389365927865,0.25000000001090356,0.04683787374743431,0.02609683902651043,1.0000000000250466,0.949419540412551,0.25000000000626166,-0.17110776125403512,0.09446119373424686,-0.0375206251721446,0.1538116300621293
2017-01-27,19,1.0000000000367166,-0.05312182021358204,0.1975933175397314,0.05252576012868991,0.151776629181663,1.0000000000450775,0.9123568770782001,0.2500000000112694,-0.1773946018161667,0.06302699092982962,-0.029999999994666487,0.1670302582499694
2017-02-03,19,1.0000000000675824,-0.05183176007612236,0.15961465950259535,0.0516105462898015,0.14809074307463532,1.0000000000965754,0.8591053975650526,0.25000000002414385,-0.1787370582908439,0.06344966444628569,-0.029999999991691555,0.1828566126062644
2017-02-10,19,1.0000000000133238,-0.11973058277597827,0.24999999999984587,0.04908226782141354,0.34208737935993794,1.000000000029778,0.8036555179315371,0.2500000000074445,-0.1614308138118839,0.14999999999984898,-0.04103712899136681,0.10314434790570637
2017-02-17,19,0.9999999999640363,-0.16613572417225891,0.22942723988894598,0.0449384955295363,0.4746734976350255,0.9999999999499706,0.9999999999619561,0.24999999997721528,-0.16666666665877228,0.14999999999249558,-0.023507352971311922,0.07860681538990019
2017-02-27,19,0.9999999999854828,-0.16707707763504173,0.18935361506077641,0.04347283006894162,0.4773630789572621,0.9999999999726352,0.9999999999835514,0.2499999999875772,-0.16666666666268443,0.14999999999589528,-0.0029324782091538545,0.03785039601729353
2017-03-06,19,0.9999999999942675,-0.11922441246326702,0.24999999999707626,0.04363845829020656,0.34064117846647723,0.9999999999885112,0.9975559765561709,0.24999999999548003,-0.1666014927068238,0.14999999999827668,0.02616994353255433,0.021060606551808497
2017-03-13,19,0.9999999999913753,-0.1277593109009109,0.24156243676830202,0.06553911114175377,0.36502660257403113,0.9999999999869066,0.7499999999944892,0.24999999999330408,-0.15999999999822861,0.14999999999803598,-0.09200095691470951,0.053327793269359915
2017-03-20,19,1.0000000000021356,-0.05214966864798268,0.2500000000038845,0.0752241603113362,0.14899905327995053,1.0000000000047535,0.7500000000004564,0.2500000000011884,-0.1600000000000806,0.14999999999995856,-0.09649092791978665,0.025956101461369164
2017-03-27,19,0.999999999990386,-0.1352941176509565,0.2321820683596486,0.07642178702356342,0.38655462185987577,0.9999999999848663,0.9999999999893714,0.24999999998888092,-0.15999999999759437,0.14999999999772995,-0.1499999999963946,0.04500000000010068
2017-04-03,19,1.0000000000230203,-0.13529411764390872,0.007737051471302936,0.07587786219433244,0.3865546218397392,1.000000000031155,1.0000000000389015,0.25000000000778877,-0.16000000000143558,0.14999999999948793,-0.15000000000013206,0.04499999999929018
2017-04-10,19,1.0000000000358582,-0.13915820031802137,0.01733199017342662,0.07546628272433041,0.39759485805148964,1.000000000057818,1.0000000000500386,0.2500000000144545,-0.16200717627987532,0.1461681180142081,-0.1500000000040719,0.04500000000224891
2017-04-18,19,1.000000000003462,-0.13923760775862495,0.015386879463412231,0.07485209414177511,0.39782173645321417,1.0000000000063025,1.0000000000049662,0.25000000000157563,-0.16204842402789738,0.14608937230785982,-0.15000000000374294,0.04500000000144972
2017-04-25,19,1.00000000006361,-0.2838306910452212,0.2500000000446408,0.08023689744397347,0.8109448315577749,1.0000000000718008,0.9758352207436811,0.2500000000179502,-0.17065779814042756,0.058084654488276925,-0.2388617611274911,0.07876239999751898
2017-05-02,19,0.9999999999853648,-0.2883717518087152,0.17888814452035423,0.055136415865289154,0.8239192908820435,0.9999999999127044,0.9682351208889358,0.2499999999781761,-0.17037183102138273,0.05675244393211968,-0.20139791099770557,0.08033465732173933
2017-05-09,19,0.9999999999933012,-0.29148423280976193,0.135066936288203,0.04854210706119475,0.832812093742177,0.9999999999514562,0.9617402520526382,0.24999999998786404,-0.1787767489914375,0.05611625502611419,-0.17961483004105042,0.07775629324408302
2017-05-16,19,0.9999999999893633,-0.22014195156245234,0.25000000001118156,0.04338384822384516,0.6289770044641496,0.9999999999568898,0.7708642339545744,0.24999999998922245,-0.16415638965574528,0.12921805171533884,-0.1822961770008413,0.07873087640820489
2017-05-23,19,1.0000000000095361,-0.21957255207767312,0.2500000000072178,0.051878209038618846,0.6273501487933518,1.0000000000224205,0.7690360702606325,0.2500000000056051,-0.14751175609442613,0.13004291141561242,-0.2000000000010214,0.06585860842873764
2017-05-31,19,0.999999999979575,-0.25252664284251625,0.25000000001709427,0.055656192065389146,0.7215046938357608,0.9999999999614063,0.937499999974414,0.24999999997803807,-0.12420269931020769,0.12898650344397333,-0.24999999999035158,0.04427738450423424
2017-06-07,19,0.9999999999985885,-0.2193589394094706,0.25000000000073264,0.053414836308159616,0.6267398268842017,0.9999999999982162,0.8954354697717217,0.24999999999851166,-0.11938355334061244,0.14999999999973243,-0.24999999999938294,0.03248412051707392
2017-06-14,19,1.0000000000252744,-0.16230854835770453,0.2500000000209951,0.05360860563329016,0.46373870959344154,1.0000000000391824,0.8933297670798015,0.2500000000097956,-0.0655856146354912,0.1500000000006335,-0.2500000000055497,0.002968602910191756
2017-06-21,19,1.0000000001075073,-0.15657019362704797,0.21381720307525137,0.05147323456833046,0.44734341036299424,1.0000000001833709,1.0,0.2500000000458427,0.030000000000906586,0.15000000000302371,-0.2500000000269622,-0.07876175160616972
2017-06-28,19,0.9999999999766018,-0.15087934818334728,0.026535093091588843,0.053682409882834764,0.4310838519524208,0.9999999999504708,0.9999999999691108,0.24999999997827163,0.029999999998198225,0.14999999999228592,-0.2499999999876177,-0.08135250934576338
2017-07-06,19,1.0000000000535325,-0.14352864510972646,0.19960756426281218,0.05908157517350205,0.41008184317064705,1.0000000001065963,1.0,0.25000000002664907,0.030000000001097624,0.1500000000014126,-0.25000000000864087,-0.09123632907597412
2017-07-13,19,1.000000000134179,-0.142367779845808,0.007913804323198157,0.05828126528227703,0.40676508527373717,1.0000000002504275,0.9948733422364303,0.25000000006260686,0.029999999998742456,0.15000000000239436,-0.2500000000265767,-0.09102098143106307
2017-07-20,19,1.0000000000675742,-0.1375995053591877,0.03564411393697958,0.057935585569009684,0.39314144388339345,1.0000000001040812,0.9794243317721942,0.2500000000260203,0.030000000007937424,0.1500000000048915,-0.2500000000121656,-0.09291364975862154
2017-07-27,19,1.0000000000069955,-0.1406119740317657,0.024599411847091912,0.05880898429089061,0.40174849723361633,1.0000000000105838,1.0,0.25000000000264594,0.030000000006391525,0.15000000000112967,-0.2500000000013549,-0.09576395286868397
2017-08-03,19,0.9999999999541939,-0.18972236843486365,0.25000000003778566,0.057520160436795,0.5420639098138962,0.9999999999413952,0.9814591057889354,0.24999999997355932,0.030000000002609228,0.14999999999120928,-0.24999999998533048,-0.07320589780796223
2017-08-10,19,1.0000000000332763,-0.1869202954420197,0.2500000000228735,0.05770538543160097,0.5340579869771992,1.0000000000537514,1.0,0.25000000001343786,0.030000000005479272,0.1500000000045507,-0.2500000000075218,-0.07340495384181281
2017-08-17,19,1.0000000001232219,-0.18660811036648012,0.014097493910627257,0.05844312231407628,0.5331660296185147,1.0000000002522695,1.0,0.2500000000630674,0.030000000005869307,0.15000000000832042,-0.2499395673548485,-0.07344990263235562
2017-08-24,19,1.0000000000032898,-0.18594614251827654,0.010375677136373222,0.059076486201919076,0.5312746929093616,1.0000000000055067,1.0,0.2500000000013767,0.030000000004242,0.1500000000005328,-0.25000000000057193,-0.07369104808545035
2017-08-31,19,1.0000000000233007,-0.15795760416934185,0.25000000001565836,0.058399586604013544,0.45130744048383387,1.0000000000396847,1.0,0.2500000000099212,0.030000000004455418,0.15000000000335875,-0.2500000000041797,-0.08755657157395315
2017-09-08,19,1.0000000000023628,-0.15847545592055712,0.2172106580895598,0.05683758253030281,0.4527870169158775,1.0000000000043323,1.0,0.2500000000010831,0.029794686441739826,0.1489734321547605,-0.23740053092993546,-0.08804288935699597
2017-09-15,19,1.0000000000322269,-0.14741580641758747,0.18195543437280404,0.053797940156878554,0.42118801833596425,1.0000000000641174,1.0,0.25000000001602934,0.030000000012849512,0.1500000000053006,-0.2500000000029899,-0.09188685303209096
2017-09-22,19,1.0000000000412477,-0.14476444494612686,0.23163234003396047,0.05484259489978726,0.4136126998460768,1.000000000078628,1.0,0.250000000019657,0.02979031628453752,0.14895158135834033,-0.2491747326229266,-0.12634259948517476
2017-09-29,19,1.000000000030532,-0.14249798835513292,0.011222866716497165,0.05509654483987086,0.40713710958609406,1.000000000052765,1.0,0.2500000000131912,0.02995272329597368,0.149763616402846,-0.25000000000393896,-0.12700188888284197
2017-10-06,19,1.00000000001332,0.00329881263952031,0.2305895448873589,0.05448087510610368,0.009425178970058028,1.000000000019369,1.0,0.25000000000484224,0.02974810338344385,0.1487405168338637,-0.2178677899448349,-0.16498731585147072
2017-10-13,19,1.0000000000481462,0.00361237286777244,0.013646212458276408,0.05448920203344829,0.010321065336492685,1.0000000001234004,1.0,0.2500000000308501,0.029681795780823025,0.1484089789018881,-0.2178282692330191,-0.16509961567785705
2017-10-20,19,1.0000000000418383,-0.10331027188274947,0.24215729054165744,0.05307181931204626,0.2951722053792842,1.000000000086872,1.0,0.250000000021718,0.029780903208929115,0.14890451605348243,-0.2324645037077733,-0.14279573148035993
2017-10-27,19,1.0000000000196625,-0.10263089386487032,0.25000000001038325,0.05140166369138964,0.2932311253282009,1.0000000000441254,1.0,0.25000000001103134,0.029999999998174223,0.15000000000130312,-0.23255572547144535,-0.10713352139521326
2017-11-03,19,1.0000000000352423,-0.10112291477106519,0.02634260394589405,0.051009927842047935,0.28892261363161487,1.0000000000778833,1.0,0.2500000000194708,0.02999999999609253,0.1500000000022803,-0.23109083149675236,-0.1045909381879781
2017-11-10,19,1.000000000060411,-0.10116541273108229,0.026248375440903374,0.051415765696624004,0.28904403637452086,1.000000000136363,1.0,0.25000000003409073,0.029999999996537473,0.15000000000186578,-0.23113211523690688,-0.1045754567864014
2017-11-17,19,1.00000000008399,-0.10158679689192077,0.016740934573097933,0.05041960720407434,0.2902479911197736,1.0000000001802656,1.0,0.2500000000450664,0.029882884436597767,0.14941442222691317,-0.2311161698657194,-0.10451909009938551
2017-11-27,19,0.999999999994722,-0.10701726347075458,0.02382208012433465,0.05112651789368127,0.30576360991644164,0.9999999999823218,0.9949876689480391,0.24999999999558045,0.026603505548300068,0.1464913682645726,-0.2291709635870686,-0.1024289600109693
2017-12-04,19,1.0000000000070215,-0.21532473196752497,0.2500000000067013,0.055257046785851846,0.6152135199072142,1.0000000000067737,0.9780805625994553,0.2500000000016934,0.01579513673111676,0.09233763401701255,-0.2500000000003139,-0.07654846171408881
2017-12-11,19,1.000000000021706,-0.22370597617820467,0.2500000000189282,0.05737665013802225,0.6391599319377277,1.000000000027665,1.0,0.25000000000691625,-0.0026220717321022145,4.605681058010025e-14,-0.21104552122556902,-0.0937719588599158
2017-12-18,19,1.000000000009916,-0.25990251477867365,0.10289996000154293,0.05695749827467448,0.7425786136533533,1.0000000000197324,1.0,0.2500000000049331,-0.002616515191578776,7.181768982277593e-13,-0.23578418843610166,-0.07989711520412744
2017-12-26,19,1.000000000065304,-0.25671828459227464,0.013632681941530961,0.05676899661451368,0.7334808131207847,1.000000000141865,1.0,0.25000000003546624,-0.0025932983352339976,2.566776643592836e-12,-0.23412696658475277,-0.08067740148449425
2018-01-03,19,0.9999999999923627,-0.2499824852452166,0.06554497034479326,0.059121175494808005,0.7142356721291904,0.9999999999827422,0.9999999999907629,0.24999999999568556,-0.0003286243987046076,-1.1926431333395599e-13,-0.23244465486742955,-0.08139990530756226
2018-01-10,19,0.9999999999905819,-0.24794421825410876,0.018370376860944948,0.059776370423155464,0.7084120521545965,0.9999999999760046,0.9999999999939295,0.24999999999400116,-0.00032429352709083216,-3.718670248871992e-13,-0.2310674678445824,-0.08188780516370779
2018-01-18,19,1.0000000000682958,-0.3051022502845753,0.08362755721295576,0.061573566474623004,0.8717207150987867,1.0000000001243254,0.9862229993871043,0.25000000003108136,-0.002380738731475846,2.945351453104394e-12,-0.24999999999481692,-0.07122216390986484
2018-01-25,19,0.9999999999347602,-0.30448766314241327,0.01726828865907851,0.06197928876409701,0.8699647518354665,0.9999999999489696,0.9771612820411574,0.2499999999599897,-0.0024223619694678762,-1.6233170156147036e-12,-0.2499999999872424,-0.06993723915723514
2018-02-01,19,1.0000000000231661,-0.3055563964035904,0.2500000000208571,0.05779829736385401,0.8730182754388297,1.0000000000431015,1.0,0.2500000000107754,-0.009999999999821832,3.650503933086664e-13,-0.2112538295394322,-0.10796882985572952
2018-02-08,19,1.0000000000024993,-0.21972633603240468,0.1073953171727042,0.05977787203379072,0.6277895315211562,1.000000000003653,1.0,0.25000000000091327,-0.010000000000465477,1.8343946344660258e-13,-0.15583069676814454,-0.1313225368984698
2018-02-15,19,1.0000000000017304,-0.001535660981899778,0.24620486559234894,0.05085142300789886,0.004387602805427937,1.0000000000019287,1.0,0.25000000000048217,-0.010000000000460385,1.435552274271436e-13,0.04497660061161799,-0.2000000000001279
2018-02-23,19,1.0000000001069789,-0.0006034918296652092,0.007986696855850656,0.050307539582039144,0.0017242623704720264,1.0000000001248308,0.9980083404274306,0.25000000003094386,-0.010156325667843755,3.499484769437938e-12,0.045590223228581965,-0.20000000002496618
2018-03-02,19,1.0000000000417069,-0.04672388374988479,0.15351397922765306,0.05127660798166132,0.13349681071395655,1.0000000000629474,1.0,0.25000000001573686,-0.02956318450516562,7.682264056926255e-13,0.0666028828907634,-0.20000000000543264
2018-03-09,19,1.0000000000051033,0.04573394696080792,0.25000000000493516,0.05444789389231652,0.13066841988802264,1.0000000000057212,0.7461895346561259,0.2500000000014303,-0.04989838759263358,6.561242069801165e-13,0.1415220592964133,-0.2000000000010435
2018-03-16,19,1.0000000000476539,0.2760584641722703,0.25000000003357925,0.056708908053319004,0.7887384690636295,1.0000000000517655,0.7500000000189128,0.25000000001291767,-0.05000000000705462,-8.808120239380138e-13,0.19920042037828944,-0.20000000001035312
2018-03-23,19,0.9999999999637095,0.2771753970945859,0.1468805031811391,0.059316596052485446,0.7919297059845312,0.9999999999513567,0.7499999999886383,0.19464432401308263,-0.04999999999848557,2.3500563046830526e-13,0.24387369918806523,-0.19999999999027135
2018-04-02,19,0.9999999999725672,0.3499999999913006,0.2500000000268384,0.0680295823991363,0.9999999999751447,0.999999999941157,0.7491542047038311,0.24999999998528924,-0.04749478946069422,1.5326416933325601e-12,0.2422462215202352,-0.18275455165843713
2018-04-09,19,0.9999999999828911,0.34655820525853553,0.01622136236237179,0.06946509422105114,0.9901663007386731,0.9999999999086201,0.7488044555017928,0.24999999997715502,-0.04745245321497183,1.987955931059268e-12,0.2418876585513194,-0.18475861648457076
2018-04-16,19,1.000000000064532,0.10870768602295319,0.2500000000510625,0.07399976698904365,0.31059338863700914,1.0000000000696116,1.0000000000414506,0.2500000000174029,-0.050709735337882644,-0.002554220980212535,0.10558466314366283,-0.12248242807664411
2018-04-23,19,1.0000000000640012,0.10774987672708897,0.22868501242810318,0.07559821472743292,0.30785679064882565,1.000000000041407,1.0000000000464777,0.245660421530661,-0.062111602387365863,-0.017121484255593185,0.10676172900421985,-0.20000000000828141
2018-04-30,19,0.9999999999361499,0.017043727805503645,0.24161637102329633,0.07702048129227786,0.04869636515858185,0.9999999999546405,0.9999999999127197,0.17267867927684374,-0.06241069262022576,-0.017160449293302963,0.05195367684334698,-0.1999999999909281
2018-05-07,19,1.000000000054423,0.15286349676594038,0.14324691096505,0.07792714567989556,0.4367528479026868,1.0000000000533598,1.000000000021019,0.1787470133519688,-0.03920300312893529,6.842505988786162e-13,0.06562867341130788,-0.20000000001067197
2018-05-14,19,1.0000000000348113,-0.08392631896880506,0.250000000011123,0.06951711729431469,0.23978948276801448,1.000000000033311,1.000000000017152,0.0638420368059521,-0.046862262610395375,3.3304963065465464e-12,0.06550562741079846,-0.20000000000666218
2018-05-21,19,1.0000000000328715,0.005055383894002868,0.25000000000448036,0.060925410055507716,0.014443953982865338,1.0000000000134215,1.0000000000146019,0.06076871878809372,-0.05000000000262288,2.056434981023244e-13,0.14835179462850645,-0.2000000000026843
2018-05-29,19,1.000000000029015,-0.03261131917787042,0.25000000002147194,0.05947840483871004,0.09317519765105835,0.5696361522758063,1.0000000000232818,0.03142790572566621,-0.11003043283894343,-0.04502282462696348,0.14240903806895158,-0.10148561296036018
2018-06-05,19,1.0000000000091125,-0.10000000000735097,0.2500000000040375,0.060870233795472475,0.2857142857352885,0.5200000000104796,1.000000000006053,0.09489013425731836,-0.1300000000026199,-0.059999999999072504,0.12537243723344638,-0.09216732712269551
2018-06-12,19,0.9999999999712466,-0.10000000001339121,0.006127104810135203,0.05920877084773611,0.2857142857525463,0.5199999999955577,0.99999999996606,0.0953500989222824,-0.12999999999888942,-0.05999999999958721,0.1252753049203523,-0.09206402849833485
2018-06-19,19,1.0000000000529679,-0.0999999999917657,0.2500000000538784,0.05878451754287741,0.2857142856907592,0.920000000053186,1.000000000037265,0.1148349370954292,-0.2300000000132965,-0.059999999998538577,0.22141203686957547,-0.11599110498273225
2018-06-26,19,1.0000000000473714,-0.03549919628334446,0.25000000002520323,0.06298335292189079,0.1014262750952699,0.9067755387241359,0.9193739953872287,0.13742548313650957,-0.22669388468103396,-0.05999999999779759,0.21999999999947997,-0.058811444895539945
2018-07-03,19,1.0000000000208251,0.20085945019681195,0.250000000002202,0.07307070690691965,0.5738841434194627,1.0000000000276994,0.7454918706408826,0.25000000000692485,-0.2195702749041192,-0.05999999999936618,0.21855739860138879,-0.0508624112656416
2018-07-11,19,1.0000000000192393,0.11917610540172213,0.15178585403767786,0.06376427471268163,0.3405031582906347,1.0000000000114457,0.850000000029086,0.25000000000286143,-0.22041194729568483,-0.05999999999889747,0.15660171970881195,-0.015389741826030909
2018-07-18,19,0.9999999999861751,0.2925247623983196,0.25000000000730893,0.057297532191289,0.8357850354237704,0.9981796690484876,0.9999999999851166,0.2495449172621219,-0.11983055998110545,-0.05999999999891629,0.13436767922553433,0.10743319129848539
2018-07-25,19,0.9999999999945692,0.2961008699969682,0.25000000000136313,0.05674788314444799,0.8460024857056235,0.9955477154185726,0.999999999994498,0.24888692885464314,-0.08650968287599707,-0.05960003575748016,0.1113975531367154,0.1435463725833353
2018-08-01,19,1.0000000000200129,0.1338717575542936,0.25000000002023204,0.05356904036207793,0.3824907358694103,0.9937476225591833,1.0,0.2453745344087718,-0.0799999999987255,-0.06000000000005159,0.010189257262623945,0.19874952451183667
2018-08-08,19,0.9999999999725707,0.018741494787384322,0.2499999999942193,0.053096985174811644,0.05354712796395521,0.9999999999734135,0.9999999999598842,0.24999999999028297,-0.06351115935686989,-0.047633369518433034,-0.05315056932118448,0.1999999999946827
2018-08-15,19,1.0000000000294906,0.22731354970409126,0.2500000000288226,0.04999689348423862,0.6494672848688322,1.0000000000339184,1.0000000000372389,0.2500000000084796,0.04831420269759519,-0.0038211943247871017,-0.05520864396673215,0.20000000000455176
2018-08-22,19,0.9999999999561229,0.028893486501804955,0.25000000004294776,0.054573450859473537,0.08255281857658558,0.9999999999463433,0.9999999999589699,0.24999999998132164,0.018187226627803043,0.012580754649167419,-0.08746441551308273,0.19999999998926865
2018-08-29,19,0.9999999999975154,0.03286658364502418,0.2500000000017696,0.05054041695218748,0.09390452470006909,0.9999999999935885,0.8925584274958455,0.24999999999839712,0.027218691940159603,0.13609345969961298,-0.08481354678975665,0.15347861533808696
2018-09-06,19,0.9999999999898878,0.038565435091424016,0.025951778934716653,0.04992256674412152,0.11018695740406863,0.9999999999890216,0.8584183879776598,0.2499999999958145,0.030000000000315163,0.14999999999835323,-0.08740511779569488,0.15332595704956253
2018-09-13,19,0.9999999999992677,-0.0534569907564664,0.12408820130094007,0.05174824171412483,0.1527342593041897,0.9999999999996447,0.9999999999987874,0.24999999999991118,0.029999999999958796,0.14999999999988864,-0.15136623858672937,0.19999999999970855
2018-09-20,19,1.0000000000195113,-0.057718762139147846,0.25000000000510264,0.04990447600001154,0.16491074896899385,1.0000000000280351,1.0,0.2500000000070088,0.03000000000054146,0.15000000000035868,-0.15999999999996992,0.19955261926511397
2018-09-27,19,0.9999999999670017,-0.10000000000673524,0.09177215552134133,0.04918579939257427,0.2857142857335293,0.9999999999589014,0.9999999999653472,0.24999999998009428,0.0300000000005481,0.1499999999938352,-0.15999999999343237,0.16499999999394344
2018-10-04,19,1.0000000000065457,-0.09999999999797086,0.019256153725251413,0.047860488947920325,0.2857142857084882,1.0000000000079425,1.0000000000101814,0.25000000000198563,0.029999999999399063,0.14999999999987396,-0.1599999999997742,0.16500000000053272
2018-10-11,19,0.9999999999999677,-0.09481967577588382,0.02976490084278009,0.04999374126516299,0.2709133593596681,1.00000000000054,0.9999999999999822,0.250000000000135,0.029999999999993976,0.14999999999995695,-0.1599999999996196,0.1691678063068449
2018-10-18,19,1.000000000022501,-0.09476188729302945,0.005905862058983552,0.05034596237672206,0.2707482494086556,1.0000000000146632,0.9999683304581397,0.2500000000036658,0.029999999997560894,0.14999999999974273,-0.15999809982363924,0.1692056626163219
2018-10-25,19,1.000000000033102,-0.08677278288154903,0.0307733991275171,0.050648890482050166,0.24792223680442582,1.000000000027605,1.0,0.25000000000690126,0.02999999999778556,0.14999999999980076,-0.14989921602502232,0.15922812344850779
2018-11-01,19,1.0000000000928209,-0.09142246280131648,0.2500000000632851,0.05800077063331654,0.26120703657518995,0.9999999999887925,1.0,0.12651094265020962,0.029999999983877916,0.14999999999831887,-0.054658634793379964,0.12421035748491643
2018-11-08,19,1.0000000000204814,0.07596652675451616,0.2500000000136081,0.06075072355001164,0.21704721929861762,0.885954045541628,0.9827432461859658,0.09803921350230164,0.026578621349610074,0.1328931068312442,0.07322669861707906,0.06207797403425046
2018-11-15,19,0.9999999999591748,0.06947899728363117,0.2500000000327002,0.061173912739265666,0.1985114208103748,0.8868608737542709,0.8131389261735572,0.09464181738562089,-0.09392734112173234,0.13302913106314063,0.09574311099641308,0.0274428823433427
2018-11-23,19,1.0000000000435574,0.25585577078866495,0.2500000000424649,0.06059667660963346,0.7310164879676142,0.9001183627746806,0.8431369222551026,0.07550766240330299,-0.09772096645787076,0.1350177544162021,0.12855722812459927,0.12866261697030593
2018-11-30,19,0.9999999999452881,0.25395447650663744,0.25000000002696754,0.05786383891944251,0.7255842185903927,0.9063535449385157,0.9999999999208647,-0.037672778064225323,-0.09067863497146529,0.13595303174077736,0.12737430919521547,0.1532339767140945
2018-12-10,19,0.9999999999950585,0.1999409654211471,0.2500000000016553,0.05579847469540803,0.5712599012032774,0.9054018479363409,0.9999999999895314,0.05325266134032716,-0.1628985222391971,0.13581027719045113,0.10878361439154653,0.1318174700709813
2018-12-17,19,0.9999999999884643,0.1991740508452341,0.25000000000943257,0.07643689880548911,0.5690687167006688,0.9084827738191156,0.9999999999648755,0.05331814776325624,-0.16293120665398267,0.13627241607286733,0.13231042902052398,0.13227955820279697
2018-12-24,19,1.0000000001013654,0.1006575151240862,0.25000000012269163,0.09098172401250594,0.287592900354532,0.7714493523145172,1.0000000000364617,0.03407771452401955,-0.1928623380786293,0.07659174863119014,0.0999999999711542,0.1500000000156808
2019-01-02,19,1.0000000000062659,-0.0930037488708493,0.2500000000044382,0.09671286273883538,0.2657249967738552,0.8920774558071954,1.0000000000029925,-0.001527483194353193,-0.21134124210988298,-0.020713428227662537,0.03685446408948305,0.1784154911614391
2019-01-09,19,1.000000000040361,0.13859832125636135,0.25000000006577494,0.09655854660886061,0.3959952035896039,0.9019199571529771,1.0,-0.0014682955492202711,-0.057040513351316685,-0.021007206541761782,0.032480019050543874,0.18038399143059544
2019-01-16,19,1.0000000000260199,0.22380104765741132,0.25000000001091466,0.10000014558414734,0.6394315647354609,1.0000000000064353,1.0,0.012107533507802413,0.013339408767310193,7.319010882599305e-13,-0.017094474351323663,0.2000000000012871
2019-01-24,19,0.999999999998385,0.3499999999997516,0.2500000000008955,0.09863876878892305,0.9999999999992905,0.9999999999977685,0.9999999999982473,-0.021389969308719423,0.1380566359571622,9.465939884321795e-14,-0.029221765463293255,0.1999999999995537
2019-01-31,19,1.0000000000125646,0.3499999999948681,0.25000000002056255,0.10000000000032767,0.9999999999853374,1.0000000000071507,1.0000000000072202,-0.03333333335778474,0.15000000000277536,-4.547719001256577e-13,-0.08513398309392343,0.20000000000143014
2019-02-07,19,1.000000000010818,0.3496677951286288,0.25000000000814127,0.071463313851134,0.9990508432246538,1.0000000000040365,1.0000000000058424,-0.03366553822786285,0.15000000000239402,4.0075877994055876e-13,-0.17986841309139368,0.2000000000008073
2019-02-14,19,1.0000000000569742,0.16963263946071735,0.25000000002719314,0.08154684962849688,0.4846646841734782,0.7600000000121682,1.0000000000229698,-0.11518368028058734,0.1500000000100896,2.5354354805407863e-12,-0.19000000000304204,0.0798163197512891
2019-02-22,19,1.0000000000899707,0.16006615508389477,0.25000000000967165,0.08019409479026968,0.4573318716682708,0.8527006853306284,1.0000000000240474,-0.10989284887410568,0.20910123183467,0.04432592387219829,-0.2131751713326571,0.11485688152661602
2019-03-01,19,0.9999999999986162,0.17410468134882706,0.2500000000005968,0.07833496914970764,0.4974419467109345,0.7600425307742986,0.7818739030804369,-0.1062370235313445,0.1437712556609642,0.059999999999887955,-0.19001063269357465,0.05063144782524844
2019-03-08,19,0.999999999959753,0.08039267405100133,0.1029748116984085,0.08387539829175704,0.22969335443143238,0.9999999999275482,0.8647886179540096,-0.10025185211991589,0.12973235355791982,0.05999999999302188,-0.24999999998188704,0.07641463080561296
2019-03-15,19,1.0000000000633211,0.30126037807946565,0.25000000004811945,0.07447765158718597,0.860743937369902,1.0000000000777542,0.8734245274487248,0.0136363636283528,0.13000000000380688,0.06000000000312291,-0.25000000001943856,0.1859064411327434
2019-03-22,19,0.999999999966475,0.3320937857012751,0.2500000000037495,0.08843106696156904,0.948839387717929,0.9999999999627491,0.8348827678221238,0.02359953928021989,0.12999999999717782,0.0599999999989673,-0.24999999999068728,0.18066055581814064
2019-03-29,19,1.0000000000192815,0.3329482600684255,0.2500000000113056,0.07832946907493116,0.9512807430526443,1.0000000000240028,0.833814674930976,0.07170653313831413,0.12999999999986692,0.06000000000308022,-0.2500000000060007,0.20000000000401352
2019-04-05,19,0.9999999999907305,0.34999999999856324,0.25000000000302536,0.05618096990384484,0.9999999999958951,0.9999999999890354,0.8124999999888344,0.11875267572112545,0.12089534278323807,0.08656985823463957,-0.22673738950252167,0.1999999999978071
2019-04-12,19,1.000000000049872,0.32671758245493887,0.2500000000233059,0.05034467482559404,0.9334788070141111,1.0000000000650509,0.8416030219661308,0.14181818182091152,0.11449364103278728,0.150000000007148,-0.21780748437007888,0.2000000000130102
2019-04-22,19,1.00000000001224,0.23152324725339074,0.2036077782706095,0.05425811028323984,0.661494992152545,1.0000000000154634,0.9605959409305628,0.1418181818185616,0.12820309963564996,0.1500000000014619,-0.25000000000386585,0.1152715129141675
2019-04-29,19,0.9999999999912235,0.23022036501595336,0.018984731323420878,0.052456890938029105,0.6577724714741525,0.9999999999880381,0.9395265719685378,0.14181818181727196,0.12802938200064926,0.1499999999982057,-0.24678186313165223,0.11546694524495366
2019-05-06,19,0.9999999999953717,0.22950637357802534,0.2056465159170032,0.058805765752220886,0.6557324959372153,0.999999999990584,0.8744800448158313,0.14181818181706726,0.12793418314260335,0.1499999999985876,-0.24999999999741346,0.1155740439614765
2019-05-13,19,1.0000000000172866,0.1256357669938949,0.25000000001361056,0.0631897929001446,0.35895933426827115,1.0000000000211156,0.8000000000105578,0.10843375328531805,0.12807443422479856,0.15000000000316732,-0.25000000000384554,0.13115463495383659
2019-05-20,19,1.0000000000094262,0.10485231255490395,0.25000000000438105,0.09029121019513003,0.29957803587115417,1.0000000000111409,0.8412227538791459,0.06515161000993648,0.13371015897180794,0.15000000000167113,-0.2500000000006449,0.12332542265363128
2019-05-28,19,1.0000000000079245,0.10771090524683648,0.014143000486344065,0.07662598385515179,0.30774544356239,1.0000000000072318,0.8397339035169082,0.06522384087893432,0.13442844819605243,0.15000000000108477,-0.25000000000098244,0.12307529579374232
2019-06-04,19,1.0000000000153415,0.10828101415119666,0.019138021764256753,0.07208487931432789,0.3093743261462762,1.0000000000160234,0.839436971806137,0.0650440306710493,0.13461315412074773,0.15000000000240352,-0.25000000000061323,0.12302541126616116
2019-06-11,19,1.0000000000591587,0.10973572564116946,0.005635942394105753,0.06999144699493268,0.3135306446890556,1.0000000000535723,0.8386793095849149,0.0654540736946888,0.134714623347987,0.15000000000803584,-0.25000000000691885,0.12289812402219573
2019-06-18,19,1.0000000000455687,0.11074474717812634,0.014738029715261947,0.06543870148715275,0.3164135633660753,1.0000000000382958,0.8135303985794147,0.06570290337610483,0.13599372205414825,0.14999538770635962,-0.25000000000957395,0.12415292803872323
2019-06-25,19,1.0000000000060485,0.1524449131442848,0.09271358417395889,0.056682936627990566,0.43555689469795655,1.0000000000082299,0.7993651813116702,0.06513217310885744,0.14844883636890782,0.14980955439350102,-0.25000000000205747,0.12540308820868956
2019-07-02,19,0.999999999978739,0.16738776349151158,0.19332656760237352,0.05364813725011882,0.47825075283289026,0.9999999999627863,0.9999999999590882,0.02588868426771414,0.23618608081884102,0.09369388174535395,-0.24999999999069658,0.12489183546953915
2019-07-10,19,0.9999999999955484,0.16844591187323935,0.04738245967261781,0.05783801880658644,0.481274033923541,0.999999999991704,0.9999999999926636,0.016397350417111295,0.2362814741874712,0.09422295593587557,-0.249999999997926,0.12473311321759586
2019-07-17,19,0.9999999999957286,0.09999999999842116,0.16989729622048802,0.0542883912388365,0.28571428570977475,0.9999999999913762,0.9999999999918626,-0.04335618335916832,0.2294368490885791,0.05999999999938975,-0.24999999999784406,0.13499999999842094
2019-07-24,19,1.000000000006374,0.09999999999892008,0.013083721743829827,0.05283952305382833,0.2857142857112002,1.0000000000052052,1.000000000003562,-0.043581364584843116,0.2293558658530839,0.0600000000004248,-0.2500000000013013,0.13500000000039503
2019-07-31,19,1.000000000041162,0.09999999999040872,0.012673572676624716,0.05128755785958734,0.28571428568688206,1.0000000000399074,1.000000000023329,-0.044014692860652745,0.229359730220086,0.0600000000028853,-0.25000000000997685,0.13500000000637985
2019-08-07,19,1.0000000000281295,0.10000000000753723,0.03304821267747199,0.053612728715049726,0.28571428573582064,1.0000000000229088,1.0000000000185494,-0.04545189445291001,0.2293653078290014,0.060000000004146646,-0.2500000000057272,0.1334103800984647
2019-08-14,19,1.0000000000436655,0.10000000001364454,0.25000000003551376,0.0507233102336158,0.2857142857532701,1.0000000000419564,1.0000000000238147,-0.04796111834990305,0.1766666666735317,0.060000000007932285,-0.2500000000104891,0.126885827054587
2019-08-21,19,1.000000000040932,0.10000000003265251,0.2500000000560184,0.059569569319730155,0.2857142858075786,1.000000000044123,1.0000000000222378,-0.12029631870650283,0.17666666667495387,0.06000000001096698,-0.25000000001103073,0.1055809268911166
2019-08-28,19,1.000000000034941,0.10776634343695582,0.0947670008494591,0.060347386817178494,0.30790383839130236,1.0000000000249833,1.0000000000099603,-0.11704018715954398,0.1766666666716583,0.06000000001338538,-0.25000000000624584,0.1040261396410224
2019-09-05,19,1.0000000000461338,0.1078187936723435,0.11477576159859704,0.05905594044231138,0.3080536962066957,1.0000000000322793,1.0000000000259397,-0.10318172733662494,0.17666666667438274,0.06000000000142668,-0.2500000000080698,0.10883480354419939
2019-09-12,19,1.0000000000320393,0.14071901466772732,0.06734742256567115,0.05983314978182814,0.4020543276220781,0.9084917681443244,1.000000000020278,-0.11029462274551918,0.17666666667255618,0.0600000000009569,-0.2271229420360811,0.097356722821672
2019-09-19,19,0.999999999991196,0.14063701342623866,0.005296943785521049,0.06036203680175146,0.4018200383606819,0.9014104643888806,0.9999999999918354,-0.1118610847012096,0.1767452121429703,0.05999999999949984,-0.22535261609722015,0.09763223846771561
2019-09-26,19,0.9999999999394559,0.1403781571283847,0.015781342682798807,0.05870077863844391,0.401080448938242,0.865722047755283,0.9999999999434082,-0.11991245954752767,0.17674573049350914,0.05999999999534666,-0.21643051193882076,0.09841543390224435
2019-10-03,19,0.9999999999753302,0.13990980520573718,0.01615488884807864,0.057358928145408626,0.3997423005878205,0.8684274900233783,0.9999999999708481,-0.11533412725233265,0.17674628501267597,0.059999999998086084,-0.21710687250584457,0.0995944731171487
2019-10-10,19,0.9999999999847443,0.13346386720284645,0.24999999999191602,0.05094893890859952,0.3813253348652756,0.9999999999742442,0.9925752630191167,-0.04302453985525969,0.17573528213578915,0.05999999999764761,-0.24999999999356104,0.12235747721387151
2019-10-17,19,1.0000000000309401,0.28358577110559935,0.25000000002532935,0.044803664871711356,0.8102450603017125,0.7040923607790361,0.9016923126637943,0.031504430511792206,0.15867049873107772,0.0600000000023376,-0.17602309019475904,0.10149676962847322
2019-10-24,19,1.0000000000062306,0.2830043023502331,0.00570993638199567,0.04434738776450497,0.8085837210006661,0.7039842062323959,0.8972062282855107,0.032110994111520005,0.15783332594296767,0.06000000000026213,-0.17599605155809897,0.10154343198085453
2019-10-31,19,1.0000000000781277,0.2839350074704046,0.002995677142601294,0.04465165079341884,0.8112428784868704,0.702225298445959,0.9004189971092602,0.031376895797346836,0.158156153845688,0.06000000000319388,-0.17555632461148976,0.10137424488286154
2019-11-07,19,1.0000000000159692,0.25206966977779827,0.16037829376795146,0.052793134114884135,0.7201990565079951,1.000000000015321,0.9349129127699157,0.08349269855293608,0.1517455832023075,0.06000000000096267,-0.25000000000383027,0.10624180188610854
2019-11-14,19,0.9999999999359809,0.30104260057809545,0.24999999999848765,0.0550076953931193,0.8601217159374156,0.9999999999036643,0.8736967491665137,0.11633546380122592,0.1428918899459337,0.14999999998146793,-0.24999999997591607,0.09892731467108269
2019-11-21,19,1.0000000000125326,0.344494317177551,0.25000000000987566,0.06284185385243447,0.9842694776501458,1.0000000000195757,0.8193821035276413,0.17444262055124293,0.12736750864607554,0.15000000000293634,-0.25000000000253475,0.08049433723335742
2019-11-29,19,1.0000000001271603,0.33879224755879817,0.2500000001131923,0.0635903516259081,0.9679778501679949,1.000000000193383,0.826509690642664,0.25000000004834577,0.10693156886141661,0.1500000000195291,-0.25000000001718453,0.08488367983987288
2019-12-06,19,0.9999999999748361,0.32731376994060196,0.2500000000107704,0.06230534362841445,0.9351821998302914,0.999999999977075,0.8408577874794939,0.24999999999426875,0.10799999998941974,0.14999999999647434,-0.24999999999256003,0.05159406687106544
2019-12-13,19,1.0000000000210503,0.31731143303091147,0.054952950816361146,0.06313038595527765,0.9066040943740329,1.00000000002479,0.8448651924921002,0.2500000000061975,0.1080000000006737,0.15000000000247438,-0.2500000000051413,0.05159173677676675
2019-12-20,19,0.9999999999843597,0.2788254408270603,0.2500000000113318,0.061613122924309004,0.7966441166487437,0.9999999999877833,0.8235306867887854,0.2499999999946521,0.1079999999989167,0.1499999999981675,-0.24999999999383932,0.09187712351038116
2019-12-30,19,1.0000000000181721,0.2717832093741424,0.12432350954904622,0.06265144033305275,0.7765234553546927,1.0000000000321045,0.8250000000036959,0.25000000000802614,0.10786009355845319,0.15000000000272393,-0.2500000000015212,0.10923251859590531
2020-01-07,19,0.9999999999831702,0.2740793343942297,0.03836792440598047,0.061368605612550926,0.7830838125549421,0.9999999999695197,0.8225564221665336,0.24999999998816338,0.10724814036608571,0.14999999999542796,-0.24934837924173803,0.10888809983813626
2020-01-14,19,1.0000000000077889,0.278368570664727,0.010572137688077396,0.06089713045748684,0.7953387733277915,1.0000000000103104,0.8108710210348982,0.2500000000025776,0.10745258413633464,0.15000000000154207,-0.2462322722762686,0.10774954720571499
2020-01-22,19,1.0000000000000355,0.2981343618192995,0.08279564540674192,0.06186405208870124,0.8518124623408557,1.0000000000000915,0.7933154059312424,0.24999999999988592,0.10648482534439675,0.1500000000000137,-0.22797551548723055,0.09893147104085878
2020-01-29,19,0.999999999982073,0.30510593655952367,0.018316502369335574,0.061404540771730375,0.8717312473129248,0.9999999999688002,0.7999999999769252,0.24999999998715802,0.10799999999804868,0.14999999999532002,-0.2246751296720703,0.0966112110632583
2020-02-05,19,0.9999999999963958,0.30782117949320403,0.008340756149409906,0.05993024844242779,0.8794890842662973,0.9999999999964481,0.8075221222041116,0.24999999999911202,0.10797456133004242,0.14987280665089647,-0.22312978371335726,0.0962464413528327
2020-02-12,19,1.0000000000387452,0.30892690887283203,0.06254391674564758,0.06094391534099365,0.8826483110652344,1.0000000000686688,0.8117937548187751,0.2500000000171672,0.10795077481946216,0.1497538741118527,-0.22939129912656825,0.09590847618452533
2020-02-20,19,0.9999999999976202,0.31241192450660576,0.06269310940356078,0.0625733576596468,0.8926054985903022,0.9999999999980534,0.8201155821914542,0.24999999999894176,0.10799999999650117,0.149999999999708,-0.23388173809784896,0.09523744223421954
2020-02-27,19,1.0000000000268947,0.3500000000039072,0.19554574189944865,0.07015456947770005,1.0000000000111635,1.0000000000306635,0.7924358116546713,0.25000000000766587,0.10754614869997688,0.14773074349640136,-0.2500000000062968,0.0820014119622996
2020-03-05,19,0.9999999999280844,0.3499999999852461,0.16334837921074463,0.07323251171736919,0.999999999957846,0.999999999920444,0.7914017075395651,0.249999999980111,0.1074841024429129,0.14742051226932595,-0.24999999996353867,0.08024575031903265
2020-03-12,19,1.0000000000066245,0.33595799897709283,0.25000000000676814,0.08378720597305372,0.9598799970774081,1.0000000000047886,0.8300525012868679,0.22022501661706134,0.08977435707816167,0.088187837732243,-0.25000000000119715,0.05600386601052285
2020-03-19,19,1.0000000000478868,0.33364992572993485,0.2500000000459584,0.09330893722893847,0.9532855020855282,1.0000000000449256,0.832937592881328,0.18085908273570195,0.09445861979378567,0.048669037213950106,-0.2500000000112314,0.054952511149385215
2020-03-26,19,1.0000000000212914,0.3250000000010057,0.2433943591777497,0.09295986409830255,0.9285714285743021,1.0000000000160445,0.8437500000155591,0.09051540215257216,0.12156429740675391,0.053673223048009686,-0.2500000000040111,0.05625000000743657
2020-04-02,19,1.0000000000051525,0.32499999999816137,0.1296917135318627,0.1000000035655385,0.9285714285661754,1.0000000000043667,0.8854702475002993,0.038441437352241925,0.17451210433667597,0.05274300400535652,-0.2500000000010917,0.0562500000010295
2020-04-09,19,1.000000000000262,0.3211063109454025,0.21049799183692486,0.1000000000251874,0.91744660270115,0.9459018056046388,1.0000000000000835,0.036141301751155534,0.19365495418295486,0.03274121563718171,-0.2364754514011597,0.05683405335818311
2020-04-17,19,1.0000000000072966,0.35000000000051795,0.2500000000032542,0.09505572356134773,1.00000000000148,0.8977942696514352,1.000000000005035,-1.4660450276752535e-12,0.15033118235198875,-1.1025047855002973e-13,-0.22366903696972745,0.17955885393028703
2020-04-24,19,1.000000000022111,0.3500000000055537,0.04746282767176622,0.10000000001099017,1.0000000000158678,0.9011657177336164,1.0000000000155145,-5.358814030863857e-12,0.15000000000513655,-1.1774822573035747e-12,-0.22374368281325768,0.1802331435467233
2020-05-01,19,1.0000000000099742,0.35000000000165843,0.00993980146625569,0.1000000000670267,1.0000000000047384,0.9129763480966305,1.0000000000051343,-5.040694454109198e-12,0.15000000000191388,-8.478055611364497e-14,-0.2233261647999773,0.18259526961932612
2020-05-08,19,1.000000000005464,0.3500000000002247,0.029252755350571934,0.10000000000135395,1.000000000000642,0.907327273859617,0.9964044012203715,-5.6393064108804184e-12,0.1485617604879597,-1.440831601850278e-13,-0.21883802299311036,0.1814654547719234
2020-05-15,19,1.0000000000321572,0.29100535571222785,0.09034309966398409,0.10000105096784564,0.8314438734635082,0.9093730270064008,1.0000000000228495,5.377723089667905e-12,0.1500000000085488,1.2200318867356208e-12,-0.2273432567516002,0.15685187450020746
2020-05-22,19,1.0000000000042721,0.292488721754824,0.13578213422315752,0.10000000000088322,0.83568206215664,0.8051555049764908,1.0000000000026337,5.552467968994495e-12,0.15000000000239336,1.10159783602483e-12,-0.2012888762441227,0.157371052606807
2020-06-01,19,0.9999999999875954,0.2948525943009473,0.045650101308595134,0.10000000001237201,0.8424359837169924,0.7798147968123644,0.9976456158935245,0.0031772022791498327,0.14905824636065634,-2.0346863783782266e-13,-0.1920589622743439,0.1559629593624729
2020-06-08,19,0.999999999992721,0.2837078399913074,0.05262366911560997,0.09999999999839379,0.8105938285465926,0.7935730730843201,0.944484963499854,0.01826363408018952,0.12779398540218845,5.109933608285987e-14,-0.1965898624776563,0.15871461461686404
2020-06-15,19,1.0000000000051226,0.2794418473463324,0.019770364700627353,0.10000000000079927,0.7984052781323783,0.7957817618496594,0.948650269182625,0.017793629495254017,0.12946010767280988,-3.94364628031238e-14,-0.19894544046241486,0.15555090940516875
2020-06-22,19,0.9999999999932357,0.21457967062534797,0.20298109538359693,0.1000000000001527,0.61308477321528,0.9272338821314788,0.9817754117065625,0.07748857523162635,0.12980126008115941,-2.76654521282686e-13,-0.2318084705328697,0.07281304940469215
2020-06-29,19,1.0000000000124198,0.2197491744620817,0.0122442101971087,0.10000000000238819,0.6278547841773763,0.918309861528063,0.9753135319313219,0.07564232815838008,0.13212524208228854,5.689255629800297e-14,-0.22957746538201576,0.07203762383183038
2020-07-07,19,1.0000000000004194,0.1886325470260561,0.16405176415970688,0.10000000000003544,0.5389501343601604,0.9562565865549828,1.000000000000284,0.14033008492164123,0.05186022134239988,3.4644325169004757e-13,-0.2390641466387457,0.06931627351269347
2020-07-14,19,1.0000000000387534,0.19049225807230197,0.009795440856580883,0.10000000000468882,0.5442635944922913,0.9532867056041808,0.997885886645948,0.14124708437955047,0.05195385542483076,1.0337824128977087e-12,-0.2383216764010452,0.06920312658478664
2020-07-21,19,1.0000000000112441,0.2811778107481168,0.16144596337700512,0.10000000000627933,0.8033651735660481,0.8892660033900358,0.8985277365756325,0.1431234851844664,0.07215052942478513,1.998916539627429e-12,-0.22231650084750895,0.06282332838858082
2020-07-28,19,1.0000000000150508,0.3329784976394187,0.15161956228057405,0.10000000382892932,0.951367136112625,0.8483576993398073,1.0000000000026683,0.11648924881757614,0.09666666667107601,2.1376960743866967e-12,-0.21208942483495183,0.055053225354399916
2020-08-04,19,1.0000000000276532,0.3500000000046587,0.04844013219258129,0.10000000769953284,1.0000000000133107,0.8082160473517631,1.0000000000213656,0.12385819168940713,0.09771586593661756,0.0005023956578596754,-0.20205401183794078,0.051179493369334535
2020-08-11,19,1.0000000000201823,0.3500000000011408,0.07907237500389251,0.10000000000317485,1.0000000000032594,0.8397904145124158,1.000000000014359,0.12619145679369162,0.11948621624357526,0.016772401859815655,-0.20994760362810394,0.06295531764580078
2020-08-18,19,1.0000000000256803,0.1788123378687072,0.25000000000163525,0.10000001727611388,0.510892393910592,0.9273247660866965,1.0000000000189455,0.1346036851640046,0.12947098090384254,0.024113092857875627,-0.2318311915216741,0.011759544198254729
2020-08-25,19,1.0000000000143698,0.12376156093659232,0.1654108442010618,0.10000000001848182,0.35360445981883526,0.8074632793222358,1.000000000009584,0.10721142786594585,0.12943552642305114,0.024054515143941017,-0.20186581983055896,-0.06356423414075094
2020-09-01,19,1.000000000022021,0.1498266794376595,0.038910764720361,0.10000000000229377,0.42807622696474146,0.7436046721225203,1.0000000000163924,0.1115299220715376,0.12955498541098479,0.024047798774462226,-0.1859011680306301,-0.0700928007713166
2020-09-09,19,1.0000000000149856,0.13090664145846911,0.1438919497642087,0.10000000000091826,0.3740189755956261,0.774756127286113,1.000000000005847,0.09059631605702541,0.14552977001540984,0.02914732751107272,-0.19368903182152825,-0.06721991977235668
2020-09-16,19,1.0000000000176636,0.11986680832389032,0.16133096954410328,0.10000000000127014,0.34247659521111523,0.7962031263549926,1.0000000000047053,0.023569767797952373,0.1866666666671061,0.060000000000664216,-0.19905078158874814,-0.06298002124935662
2020-09-23,19,1.0000000000238896,0.11622162250326798,0.04001917238166637,0.10000000000026699,0.3320617785807657,0.7906628519158098,1.0,0.02311321770521716,0.18598895592657222,0.059569030098626345,-0.19766571297895244,-0.062433243373240715
2020-09-30,19,1.000000000011938,0.10801195596272381,0.20002556439660577,0.10000000000319938,0.3086055884649252,0.8012454078656567,1.0,0.11362697124856412,0.1593385297230969,0.05950389729656048,-0.20031135196641417,-0.061201793394842996
2020-10-07,19,1.0000000000118041,0.2922799211143041,0.22656252068159832,0.09962018820722318,0.8350854888980118,1.0000000000181462,1.0,0.1479822253912024,0.17750034946715934,0.1500000000027219,-0.15695645828776023,-0.08884198816883851
2020-10-14,19,1.0000000000122455,0.299576125455283,0.07332974827294947,0.09822007671553347,0.8559317870150943,1.0000000000062637,1.0,0.15082147217779313,0.17799600670229296,0.15000000000093955,-0.170211937269651,-0.0899364188214385
2020-10-21,19,1.0000000000197833,0.17745160189667744,0.1210856034106345,0.10000000004460353,0.5070045768476499,0.9250967961878545,1.0,0.12765196668328485,0.16587896710063857,0.09151440530124291,-0.2312741990469636,-0.07161774028778428
2020-10-28,19,1.000000000003244,0.015786973874725135,0.1694805790459205,0.10000000000107437,0.045105639642071815,0.9568937544627998,1.0,0.0605960462484821,0.13627292292362295,0.04220469219217291,-0.23922343861569995,-0.06923296841507413
2020-11-04,19,1.000000000011316,0.02734656541629671,0.047921423596970866,0.09878509638312985,0.07813304404656203,1.0000000000146245,1.0,0.07597489432607983,0.1366852792561018,0.04251395944285124,-0.25000000000365613,-0.0659999999989714
2020-11-11,19,0.9999999999936002,0.0350645891914689,0.020665945342339544,0.09886555806767032,0.10018454054705402,0.9999999999940972,0.999999999994221,0.08190240108419085,0.13676582214343466,0.04257436660839932,-0.2499999999985243,-0.06599999999999065
2020-11-18,19,1.0000000000122018,0.036195273018534896,0.028899762020530698,0.09559188206642341,0.10341506576724256,1.0000000000105405,1.0,0.08294621864050737,0.13660920828511602,0.04245690621568698,-0.2500000000026351,-0.06680491645914097
2020-11-25,19,1.0000000000042228,-0.07471099853434696,0.1433499549577392,0.09955939783152255,0.2134599958124199,1.0000000000036193,1.0,-0.004172575282461996,0.13763898510808692,0.04322923882997768,-0.25000000000090483,-0.06683051114528976
2020-12-03,19,1.0000000000031046,-0.06818782198228887,0.04368048430190825,0.10000000009535095,0.19482234852082536,0.9938019722403834,1.0,-0.00251489009686472,0.13645308265360476,0.04233981198923004,-0.24845049306009584,-0.0685848309695921
2020-12-10,19,1.00000000002361,-0.05406643716336178,0.250000000011107,0.09963028041480879,0.15447553475246223,1.0000000000160263,1.0,0.1002193801663465,0.0799999999972675,2.2105333241053393e-12,-0.2500000000040066,-0.10229666513471737
2020-12-17,19,1.0000000000127238,0.1355731225294264,0.20340292924978826,0.09999468256986527,0.3873517786555041,1.0000000000212144,1.0,0.2500000000053036,0.0799999999975985,3.621407679254808e-12,-0.2500000000034593,-0.11158102766674702
2020-12-24,19,1.000000000069733,0.13536591419720365,0.11876088388896265,0.09889101889922437,0.3867597548491533,1.0000000001150147,1.0,0.25000000002875367,0.0799999999954834,1.2291294839863935e-11,-0.25000000000982003,-0.11062527915999981
