session,eligible_assets,gross,net,turnover,forecast_volatility,net_budget_ratio,maximum_factor_budget_ratio,maximum_sleeve_budget_ratio,exposure_equity,exposure_duration,exposure_credit,exposure_commodity,exposure_usd
2008-01-08,16,0.250000000002331,0.04999999999948529,0.250000000002331,0.03483082521136291,0.08333333333247549,0.12727272727481556,0.2500000000006106,-0.06363636363740778,0.010000000000124434,-3.8369307733426624e-14,2.984131460653191e-13,-1.0638157025703705e-13
2008-01-15,16,0.5002838983010977,-0.09971610170467848,0.2500000000136691,0.07787992569138726,0.16619350284113082,0.4909090908895407,0.499999999998227,-0.24545454544477036,0.009999999997926987,3.060957976115706e-13,0.03352259886200821,-0.015085169488440889
2008-01-23,16,0.7260672425596479,0.1260672425335849,0.2500000000402295,0.0884375032770466,0.21011207088930817,0.49090909092866375,0.500000000018178,-0.24545454546433187,0.08000000000195016,-4.670306312767738e-13,0.07377209765892215,-0.037820172760365825
2008-01-30,16,0.9708953335585389,0.37945289391344983,0.24999999998521832,0.10000000000885047,0.6324214898557498,0.48445564486448994,0.5984117407252095,-0.24222782243224497,0.09538018459197552,-1.8728398077222046e-13,0.1832254138586186,-0.09483812078924271
2008-02-06,16,1.000000000015767,0.4159943385535324,0.04170263956792718,0.1000000000004521,0.6933238975892208,0.47878469644526234,0.6577046521488988,-0.23939234822263117,0.10523274434348763,-2.0459972547559033e-13,0.18168678127917165,-0.09401231339768988
2008-02-13,16,0.9999999999987518,0.4296675707044182,0.02606006361362535,0.10000006203974743,0.716112617840697,0.47202972773684804,0.6558435553901203,-0.23601486386842402,0.10475867780526088,2.0871862937138495e-14,0.18426553042319527,-0.09639829563424251
2008-02-21,16,0.9999999999857562,0.2854209257507049,0.1686877750609164,0.09999999999981175,0.4757015429178415,0.607640071668221,0.644934191064344,-0.3038200358341105,0.10224933885394673,-2.525208835846021e-14,0.1404103995733828,-0.07672498446755432
2008-02-28,16,1.0000000000131712,0.309474803855583,0.2500000000080169,0.10000000000077633,0.515791339759305,0.5926893625466585,0.5754376634643861,-0.29634468127332925,0.06958056666736635,-4.3280211065985955e-14,0.1664956235658295,-0.11311942772135161
2008-03-06,17,1.0000000000014408,0.30427943261441903,0.034905830760755055,0.09806835687498751,0.5071323876906985,0.604390773965921,0.5797671394890531,-0.3021953869829605,0.06914555543763405,6.756378784871916e-15,0.1663214741105373,-0.11261977211018147
2008-03-13,17,1.0000000000204152,0.30495796532942737,0.021360643852296694,0.10000000000112208,0.5082632755490456,0.6071944637845954,0.5792016955726957,-0.3035972318922977,0.06652202162124465,-3.9312890863546515e-14,0.16904060104420135,-0.11440810947388938
2008-03-20,17,1.000000000000664,0.3375212379471662,0.10762226395284359,0.10000000032546068,0.5625353965786104,0.6031296990092705,0.5520656350418722,-0.30156484950463525,0.06928357718463811,-4.888842861576259e-15,0.17329800093088488,-0.11751731464489949
2008-03-28,17,0.9999999999968002,0.3480590310771929,0.023605269056897794,0.1000004366460659,0.5800983851286549,0.6022363602031736,0.5432841407638594,-0.3011181801015868,0.06816302167876723,1.7189230547469677e-14,0.17786582863783504,-0.11981834072451414
2008-04-04,17,1.0000000000096319,0.36727473466062976,0.0528880709059936,0.1000000000009854,0.6121245577677163,0.6037240033850392,0.5272710544530133,-0.3018620016925196,0.06925809418629954,-7.388784849276272e-14,0.18233012225778103,-0.12199672108071347
2008-04-11,18,1.0000000000712876,0.4313773149351458,0.05401897488152706,0.09987202721325447,0.7189621915585763,0.5533771052886618,0.4854523916010869,-0.2766885526443309,0.06865235297057537,-5.092093904675806e-12,0.20509148712085504,-0.13200151320118061
2008-04-18,19,0.9999999999843984,0.31999369783603115,0.2500000000138759,0.09278248709462959,0.5333228297267186,0.5828341073534556,0.5773222871225339,-0.2914170536767278,0.087363073832737,-3.695779526226577e-12,0.13743933695246727,-0.1349550371185101
2008-04-25,19,1.0000000000548128,0.22793222588153803,0.2500000000392292,0.09932726966965365,0.3798870431358967,0.5885042989134878,0.559464974535149,-0.2942521494567439,0.03035886383793906,-9.112846794219594e-12,0.20079125913255752,-0.20081998397316408
2008-05-02,19,1.0000000000558091,0.12627894467636852,0.25000000004207484,0.1000000000033378,0.21046490779394755,0.5998805279658193,0.8588226880491616,-0.2999402639829096,0.03441604323989136,-1.3539698532462099e-11,0.22408065097782429,-0.22592314029029942
2008-05-09,19,1.00000000003895,0.10231704577753661,0.05927727527080014,0.09971644263739007,0.1705284096292277,0.6101707654328837,1.0,-0.2911376652758364,0.03390632656694401,-2.5691294162753033e-12,0.22723254431917747,-0.2440683061731535
2008-05-16,19,1.000000000035569,0.08556501530869262,0.018104873004218258,0.09888220110081569,0.14260835884782105,0.6101450261060385,1.0,-0.29922249886566443,0.03168702346229629,-2.4758851393198186e-12,0.22721424078770783,-0.2440580104424154
2008-05-23,19,1.0000000000129294,0.07719181395592406,0.18734605676832988,0.10000000513199411,0.12865302325987343,0.5914469302316885,1.0,-0.2956942579304329,0.03636725223178065,4.4577334850328125e-13,0.2200000000030545,-0.23657877209267542
2008-06-02,19,1.0000000000648714,0.05556459636294078,0.25000000003039846,0.09032584179041593,0.0926076606049013,0.5640514441303696,1.0,-0.24410165929516867,0.02555645964401489,0.07778229819798414,0.2078519197964804,-0.22562057765214785
2008-06-09,19,1.0000000000233464,-0.09999999996573193,0.17616910842251027,0.09634935844444843,0.16666666660955323,0.5908308648178692,1.0,-0.2954154324089346,0.010000000007969327,3.7524180602564935e-12,0.19035443543780578,-0.21000000000502295
2008-06-16,19,1.00000000000135,0.09743969395037086,0.2500000000010021,0.10000000000002023,0.16239948991728478,0.590093547929695,1.0,-0.1849870260467794,0.009942877722721186,2.9929640171542356e-12,0.2819815865639469,-0.23603741917187804
2008-06-23,19,0.9999999999882493,0.27491974794440605,0.25000000000685463,0.09999999999860122,0.45819957990734345,0.6216638493319908,0.9999999999812589,-0.1774382451082199,0.07030437147430443,1.1487859802333344e-13,0.27005192702839664,-0.24866553973279634
2008-06-30,19,1.0000000000167704,0.29109879691485074,0.10192874738243023,0.10000000000152898,0.48516466152475124,0.637212939761612,1.0,-0.1422071938176931,0.02747973644056906,-6.43780870274853e-13,0.280133730556961,-0.2548851759046448
2008-07-08,19,1.000000000023337,0.33582449068129305,0.2328381132401015,0.10000000000646113,0.5597074844688218,0.6005612214089399,1.0,-0.10525351501499987,0.027661363006113986,-2.068422218736181e-12,0.30028061070446993,-0.2389171112261548
2008-07-15,19,1.0000000000034812,0.0943586138866406,0.25000000000301287,0.10000000000018655,0.15726435647773435,0.5915393007210652,0.9764988633076948,-0.12802827377471657,-0.08351557069628705,-0.04307343344388236,0.2957696503605326,-0.228223571872115
2008-07-22,19,1.00000000001128,0.013624261132152038,0.0762612051833355,0.10000000000125231,0.022707101886920066,0.5557394381822899,1.0,-0.16211359871479147,-0.09382984335135491,-0.04455031511731962,0.27786971909114494,-0.21605999256260355
2008-07-29,19,1.000000000001835,-0.04837815446736739,0.17815956550011056,0.1000000000001528,0.08063025744561232,0.5223715099892583,1.0,-0.23519891917594535,-0.05076367912837469,-0.045572759346562235,0.2497548226898795,-0.20894860399570334
2008-08-05,19,0.9999999999975948,-0.06407260621225297,0.02019635690251381,0.09999999999908417,0.10678767702042162,0.5149550400350045,0.9999999999968144,-0.240897343983261,-0.05157838639221449,-0.04618378979371002,0.24504768269033067,-0.2059820160140018
2008-08-12,19,0.9999999999992781,-0.09948111235298801,0.11656510912222307,0.10000006589342605,0.1658018539216467,0.5085275523645728,0.9999999999852387,-0.2542637761822864,-0.04795653027897461,-0.04753817337126012,0.2109029249611168,-0.19732006003570418
2008-08-19,19,1.0000000000170148,-0.09877344180155082,0.019837895760928446,0.10000000093881325,0.1646224030025847,0.4972411826285198,0.9915134110583967,-0.24508157871693692,-0.05507497673874875,-0.05275964192250212,0.21267145706755652,-0.19889647305140792
2008-08-26,19,0.9999999999982612,0.034088828088911255,0.25000000000060096,0.09999999999991403,0.05681471348151876,0.5168172638121401,0.9976133756740543,-0.25840863190607005,0.03942423960245329,-0.015139593114089845,0.1885891933701124,-0.18286295386486942
2008-09-03,19,1.0000000000073628,0.2634550697140705,0.2500000000039829,0.10000000000029734,0.4390917828567842,0.515171614248228,0.6192083942182433,-0.257585807124114,0.09907334307537427,-1.13212385088164e-12,0.1887619517746503,-0.1029888268054286
2008-09-10,19,1.0000000000258888,0.1540683425068121,0.2500000000276825,0.09263666306673193,0.2567805708446868,0.49701247055044495,0.6203425446729308,-0.24850623527522248,0.09925480714860588,-2.804379153381402e-12,0.015710291316918652,0.022187876159655073
2008-09-17,19,1.000000000111444,-0.07570721597481077,0.2500000001065186,0.10000002303013134,0.12617869329135128,0.46507978577054465,0.6366589016078217,-0.23253989288527233,0.10163483099700413,-4.617446358684531e-12,-0.1254538137798436,0.09657915967845823
2008-09-24,19,1.0000000000044238,0.06687027146588094,0.2500000000013997,0.10000000000264772,0.11145045244313491,0.35834396183322864,0.7500000000185973,-0.1655065029899781,0.12000000001119272,-3.5311490533003166e-14,-0.1501873320222463,0.14333758473329147
2008-10-01,19,1.0000000000289018,0.2767481915584977,0.25000000001074585,0.099999999999796,0.4612469859308296,0.6290843124541312,1.0,-0.09863065311675945,0.13552727483265814,-1.7468367934460953e-13,-0.1620816526348985,0.2516337249816525
2008-10-08,19,0.999999999998005,0.4765225757353875,0.2499999999991279,0.10000000000041749,0.7942042928923125,0.571304034096335,0.9999999999964947,-0.02942230937001589,0.26434970127707513,-1.258160630871722e-13,-0.17132616012431084,0.22852161363853402
2008-10-15,19,1.000000000001954,0.5095654371265941,0.03268432268850723,0.10000000698106903,0.8492757285443235,0.5589129610778895,1.0,-0.02199623273541243,0.26999999999992563,-2.0347665613851396e-13,-0.16430287525483186,0.2235651844311558
2008-10-22,19,1.0000000000060376,0.49754280934707373,0.03948782941529151,0.10000000000083042,0.8292380155784562,0.550051163181632,1.0,-0.04313361704860743,0.26942665551492356,-3.846049297395184e-13,-0.16315254229117626,0.22002046527265284
2008-10-29,19,1.000000000018129,0.5208614669155458,0.040388381404518836,0.10000000000607345,0.868102444859243,0.5349652488129131,1.0,-0.0367211117098669,0.26748262440645654,-2.413976350184546e-12,-0.1604249463164474,0.21203918141753864
2008-11-05,19,1.0000000000037659,0.534135911225633,0.101540333625304,0.10000000000054936,0.8902265187093883,0.538128766325407,1.0,-0.07450877910651042,0.2690643831627035,-1.7876723097482595e-13,-0.14751084908958256,0.19780858669558965
2008-11-12,19,0.9811168525249946,0.5803535256617973,0.25000000005195155,0.10000000000393025,0.9672558761029956,0.43208757936040204,1.0,-0.06471548911892368,0.21604378968020102,-1.4761300835653114e-12,-0.1002449393560582,0.15197895833033656
2008-11-19,19,0.9999999999834683,0.4981817860262585,0.2499999999988516,0.09999999999833918,0.8303029767104309,0.4185220706977701,0.9999999999768829,-0.043788786354020504,0.19999999999733303,-2.2232994063429456e-13,-0.1309509326180048,0.16740882827910805
2008-11-26,19,0.9999999999992089,0.48161104783868824,0.10803879829794287,0.10000000000082421,0.8026850797311471,0.4160157886492237,0.9999999999981674,-0.025883662992087126,0.18235180021464534,-1.7338027274272397e-13,-0.12030423586169534,0.16640631545968948
2008-12-04,19,0.9999999999934179,0.45602467521755086,0.06752088408900928,0.10000000213924083,0.7600411253625848,0.4255233174423902,0.9999999999898089,-0.023738425516982794,0.17532617786611226,1.0953072295468444e-13,-0.12065514628478356,0.1702093269769561
2008-12-11,19,1.0000000000109555,0.4628404306133628,0.02679406144438804,0.10000003010765202,0.771400717688938,0.41982930966019355,1.0,-0.022679793360877488,0.17550169292555087,-3.414877997721687e-13,-0.11345265265773928,0.16793172386407743
2008-12-18,19,1.0000000000006977,0.42781812748274284,0.14930170878632318,0.10000000002818166,0.7130302124712381,0.4761186763082585,1.0,-0.018897203415526077,0.19698916783412504,0.01668664408444171,-0.13742332856407388,0.1904474705233034
2008-12-26,19,1.0000000000047473,0.4293646945540679,0.011416719957338409,0.10000000000017802,0.7156078242567798,0.47604163944589495,1.0,-0.01837726120439923,0.1973643021587017,0.01665378016868641,-0.1387421895663004,0.19041665577835798
2009-01-05,19,1.000000000005497,0.49806814793687204,0.11764232778665609,0.10000000153075218,0.8301135798947867,0.47312812844812385,1.0,0.013921330957566763,0.22015830968432326,0.024737459752192378,-0.14546211920771077,0.18925125137924956
2009-01-12,19,1.0000000000303881,0.5929378017327476,0.17269621182621842,0.10000000000235999,0.9882296695545794,0.5599999999992298,1.0,0.025785777011263913,0.2799999999996149,0.059999999995062524,-0.14171369307689877,0.19711865947896473
2009-01-20,19,1.0000000000201084,0.5922750569695748,0.026545015640026794,0.10000000000586005,0.9871250949492915,0.5592535962962703,1.0,0.023793954191563164,0.2796267981481351,0.058133990732578265,-0.14124722437032144,0.19675768012974082
2009-01-27,19,1.000000000001584,0.599999999999322,0.03119099228784221,0.10000000010208206,0.99999999999887,0.5592501911149054,0.9399966533090223,0.031021245160324597,0.2796250955574527,0.05812547777865727,-0.1379072027337843,0.18512999759533638
2009-02-03,19,1.0000000000272216,0.5999999999921704,0.04311640326684505,0.10000000379765332,0.9999999999869507,0.5592481552129092,0.8580412284035812,0.02926376697769734,0.2796240776064546,0.0581203880318772,-0.13547729240497008,0.16885177422696762
2009-02-10,19,1.0000000000257219,0.5999999999818316,0.02890186005482843,0.10000000000545779,0.9999999999697194,0.5595553012784663,0.8003959267928444,0.029330250608307976,0.27977765063923316,0.05888825319155306,-0.1355176260198565,0.1577148067935108
2009-02-18,19,0.9922449903595771,0.59999999999248,0.042502329672771455,0.10000000019319834,0.9999999999874667,0.5595801827506077,0.7499999999922642,0.029706186279584382,0.27979009137530386,0.058950456888619815,-0.13679990458737634,0.14822603243119298
2009-02-25,19,0.999244150191515,0.5999999999977846,0.058828173717278456,0.10000000000654223,0.9999999999963077,0.5570165738128187,0.7588401446565569,0.030741047148738522,0.27850828690640933,0.057997026936265746,-0.1433198793178756,0.15007840047275686
2009-03-04,19,1.0000000000491218,0.6000000000182152,0.06209834057537871,0.10000000000539891,1.0000000000303586,0.511251917366928,0.7734634211937391,0.02926137326704506,0.255625958683464,0.058684219938361995,-0.141593274939114,0.1458998717259287
2009-03-11,19,1.0000000000473648,0.600000000006899,0.1635956630577833,0.10000000018635367,1.0000000000114984,0.4207454548121631,0.998246885141997,0.02398436496145493,0.19118836662247435,0.05718645003070018,-0.1309038715983726,0.16829818192486523
2009-03-18,19,0.9999999999802022,0.5999999999892812,0.062190588746330586,0.0999999999997525,0.9999999999821354,0.40892734222466576,0.9999999999863257,0.024582158479097622,0.17153722281691194,0.06000000000320048,-0.12485729698903086,0.16357093688986632
2009-03-25,19,1.000000000002871,0.6000000000003414,0.030084499709579698,0.10000000000050757,1.000000000000569,0.4085220364316631,1.0,0.021946490642455074,0.1716085435252182,0.06000000000001525,-0.12199630258517642,0.16340881457266526
2009-04-01,19,1.000000000016837,0.5999999999943799,0.08414171008879089,0.10000000001047422,0.9999999999906333,0.3861784041242621,1.0,-0.00505961683766594,0.16264018932337776,0.05275009376306667,-0.09856811755695206,0.15447136164970485
2009-04-08,19,1.0000000000098066,0.5875164900322839,0.07795608204460035,0.1000000001839674,0.9791941500538065,0.37282441187630705,1.0,0.0004732762445131484,0.146695108722169,0.040504869560673666,-0.0984647437758309,0.14912976475052284
2009-04-16,19,1.00000000002166,0.5903633729461384,0.07600208672897167,0.10000000000650187,0.9839389549102306,0.3662449321597661,1.0,0.014307263650398689,0.13680405511571028,0.0359021948951528,-0.11024309445206736,0.14649797286390645
2009-04-23,19,1.0000000000236196,0.6000000000080226,0.25000000001628814,0.10000000000162544,1.000000000013371,0.31455088369936146,0.8604143894666776,-0.0003285586873514035,0.14498278650906873,-1.4470161899164254e-12,-0.10666463481731799,0.1258203534797446
2009-04-30,19,1.000000000043814,0.599999999987891,0.07130250631486829,0.10000000000672295,0.9999999999798184,0.3138776441529572,0.8115647034602085,0.0007847251919716735,0.1569388220764786,-6.961961260946889e-13,-0.11532208524436519,0.11809431465228765
2009-05-07,19,1.0000000000060583,0.5999999999996048,0.19708421511455126,0.10000000019130496,0.9999999999993414,0.4114060820258748,0.8928384016880947,0.020884703131782867,0.2057030410129374,1.121201361309001e-13,-0.14295046753274654,0.13460503720220268
2009-05-14,19,1.0000000000247538,0.5933075667992553,0.04849432175304321,0.10000000000761658,0.9888459446654256,0.4215087951726764,0.9012573293089629,0.036091590325049126,0.2107543975863382,9.608711721076162e-13,-0.14553547062702726,0.10305393720736296
2009-05-21,19,1.0000000000159284,0.5458330172533881,0.2500000000112007,0.10000000005167864,0.9097216954223135,0.4463722073112924,0.8907957526954279,0.08650929762372084,0.2231861036556462,0.029558547142648613,-0.18847586741974817,0.14252155405152345
2009-05-29,19,0.9999999999977605,0.48815798172878877,0.25000000000076383,0.10000000022701591,0.813596636214648,0.425933700900482,0.7499627621187738,0.11206333162487682,0.17571228258243898,0.09548187330042202,-0.212966850450241,0.10152680733599614
2009-06-05,19,1.0000000000121567,0.424519412457874,0.2500000000138666,0.1000000000011958,0.7075323540964567,0.6087647952611066,0.6846411642759511,0.14617831327477204,0.1366201880123391,0.18262943857833197,-0.20697345949123935,0.05392362193685577
2009-06-12,19,0.9999999999842921,0.406127705054593,0.1700539463781061,0.09999999999917067,0.6768795084243217,0.6999999999883643,0.7499999999868485,0.11766817888457459,0.16181371239760003,0.20999999999650928,-0.21301969403453852,0.056743595326170425
2009-06-19,19,1.0000000000048581,0.17339984623948634,0.2326776182747632,0.10000015392823408,0.2889997437324773,0.6999999999979777,0.7499999999978422,0.11506473901283888,0.009726731430435046,0.20999999999939328,-0.22021239313900492,0.06351865919044139
2009-06-26,19,1.0000000000067455,0.25003941708113314,0.25000000000432643,0.10000000000370667,0.4167323618018886,0.6982140256333075,0.7486605192249807,0.11581796603765551,-0.030107158462026964,0.20946420768999224,-0.15485957586970375,0.01482743718250372
2009-07-06,19,1.0000000000224207,0.39960647624644574,0.21951889234390495,0.10000000000172621,0.6660107937440762,0.6839847938906733,0.737988595418005,0.09327610156265626,-0.03096091236713435,0.205195438167202,-0.08440603281703803,-0.03132331142527668
2009-07-13,19,1.0000000000027645,0.22233532294385147,0.25000000000253536,0.10000026228424827,0.3705588715730858,0.6836676683658881,0.7377507512743509,0.09260543190384256,-0.06925425055061986,0.2051003005097664,-0.05893775868765664,-0.03997897757692906
2009-07-20,19,0.9999999999819772,0.16838155456079423,0.08641728467817358,0.10000000001661301,0.2806359242679904,0.6934842027988918,0.7408178080140151,0.09643153930686502,-0.07962523350716853,0.20804526083966754,-0.05735756112165627,-0.042328947008665664
2009-07-27,19,0.9999999999987305,-0.06433221618076179,0.2500000000008497,0.10000000012034145,0.10722036030126966,0.699999999999056,0.7499999999988267,0.0973854356304989,-0.07311723239397713,0.2099999999997168,-0.11144410357553033,-0.10816166600316476
2009-08-03,19,1.0000000000108948,0.1639967669807048,0.25000000000714323,0.10000000000085638,0.27332794496784135,0.7,0.7499999999999999,0.09865825642602906,-0.036386849164026444,0.21,-0.11891398034179558,-0.1055778046612689
2009-08-10,19,1.000000000002426,0.285192350282541,0.25000000000269146,0.10000000000007205,0.475320583804235,0.6956969630901015,0.7467727223175761,0.09010674103925469,0.09312518233024275,0.20870908892703047,-0.1507722724524261,-0.09220993170236488
2009-08-17,19,0.9999999999917906,0.20596807132970113,0.2500000000004667,0.10000000002588497,0.3432801188828352,0.6999999999941126,0.9999999999896244,0.12598083044034228,0.06492166110066243,0.20999999999823377,-0.1499184177053453,-0.13831392306669846
2009-08-24,19,1.0000000000220644,0.08192172457049968,0.2500000000128021,0.10000120589111942,0.13653620761749946,0.7,1.0,0.15540489345991468,0.09366243426606236,0.21,-0.2128556858060378,-0.08510662531534519
2009-08-31,19,1.0000000000061948,0.13817659243314853,0.10229873198871935,0.10000000000049031,0.23029432072191422,0.7,1.0,0.1988055807732761,0.11884333334645829,0.21,-0.21091170378520127,-0.08491444916913703
2009-09-08,19,1.0000000000208782,0.16888934551580173,0.036103899939406096,0.10000000000609846,0.28148224252633625,0.7,1.0,0.21714673748212474,0.1186340289975244,0.21,-0.2024610769257632,-0.09003215278683993
2009-09-15,19,0.9999999999905584,0.180897608947394,0.03289315462300441,0.10000000000633678,0.30149601491232336,0.6999999999925682,0.999999999986389,0.2220977940859332,0.11869072137955225,0.20999999999777047,-0.19713234454346845,-0.0925022672873887
2009-09-22,19,1.0000000000406115,0.16504930292782763,0.021431270513400782,0.10000000000208764,0.2750821715463794,0.7,1.0,0.22479113187956326,0.1179737292529337,0.21,-0.20684152773917672,-0.090578411985342
2009-09-29,19,1.0000000000524585,0.15457824018256025,0.2500000000148326,0.1000000000178729,0.2576304003042671,0.7,1.0,0.3053945081777989,0.11105186242861113,0.21,-0.21304222827732475,-0.11861980641782034
2009-10-06,19,1.0000000000093443,0.15737023128879465,0.03978597769218137,0.10000014328365077,0.2622837188146578,0.6936401204221281,1.0,0.32368589778125234,0.10961840721804604,0.2080920361266384,-0.21155489082529302,-0.11942866594781261
2009-10-13,19,0.9999999999946939,0.1363628762217216,0.05672555461506425,0.09999999999990321,0.22727146036953602,0.6985406118934256,0.9999999999937097,0.30119087448605486,0.11613158854870426,0.2095621835680277,-0.2197671543648044,-0.10842085333129087
2009-10-20,19,1.0000000000002551,0.13194368739029902,0.018114016436009114,0.10000000000000421,0.21990614565049837,0.6999999999998692,0.9999999999994249,0.30611830750073316,0.1125032689748596,0.20999999999996075,-0.22149476801812754,-0.10878889819260562
2009-10-27,19,1.000000000034143,0.13135191140042798,0.028019058138827827,0.10000000000206141,0.21891985233404665,0.7,1.0,0.3060019066011715,0.11246750815205203,0.21,-0.22319144317901304,-0.10955690895941911
2009-11-03,19,1.0000000000582292,0.14574606295247902,0.2500000000525367,0.08944130581947565,0.24291010492079837,0.698811293582097,1.0,0.19967000730155643,0.17388640982163495,0.2096433880746291,-0.21473829768995342,-0.0815788761987325
2009-11-10,19,1.000000000003349,0.12616518646728916,0.08047082862632118,0.09511333129853272,0.21027531077881528,0.6887583918459516,1.0,0.18095393599675516,0.17932550351068025,0.20662751755378544,-0.22813091794953405,-0.07203155997624909
2009-11-17,19,1.0000000000418914,0.25522154546676257,0.13368351549124025,0.09257719653504708,0.4253692424446043,0.7,1.0,0.24328252067213396,0.17999999999554278,0.21,-0.18860758788101945,-0.09156646363958262
2009-11-24,19,1.000000000009626,0.2542073610473662,0.011559682316956758,0.08954757153365533,0.42367893507894366,0.7,1.0,0.242821527738042,0.17842990155436053,0.21,-0.1880406512148334,-0.09173323784708237
2009-12-02,19,1.000000000080407,0.2521201366209741,0.010130951721908133,0.08816414382019329,0.4202002277016235,0.7,1.0,0.2418063099674252,0.17843984050762648,0.21,-0.18860254518559122,-0.09132347090318582
2009-12-09,19,1.0000000000301583,0.20000000004583898,0.213858567232268,0.08940533397730822,0.33333333340973165,0.7,1.0,0.2181818181884355,0.08000000001482574,0.21,-0.14999999999729327,-0.10500000000839482
2009-12-16,19,1.000000000014006,0.20000000006179106,0.03288241519897947,0.08748450771238875,0.33333333343631844,0.7,1.0,0.218181818187759,0.08000000002712612,0.21,-0.1499999999954718,-0.10500000000992515
2009-12-23,19,1.0000000000074503,0.10000000000355216,0.2500000000043301,0.09209999646421875,0.16666666667258695,0.5476678366558216,1.0,0.20779553432502634,-0.03093286533803282,0.16430035099674647,-0.13715017549886419,-0.12427473675307352
2009-12-31,19,0.9999999999832068,0.09999999999472625,0.08831166265954796,0.09458460831010096,0.1666666666578771,0.4999999999920476,0.9999999999833264,0.20454545454790365,-0.04999999999928898,0.14999999999761426,-0.1299999999987717,-0.13499999999619466
2010-01-08,19,0.9999999999943472,0.09999999999735446,0.014691859805229163,0.0951380476860227,0.16666666666225743,0.49999999999438866,0.9999999999936429,0.2045454545438484,-0.0500827109250631,0.1499999999983166,-0.12996455245933927,-0.13505317130782044
2010-01-15,19,0.9999999999964576,0.09999999999831335,0.008613137409427901,0.09317866879066855,0.1666666666638556,0.4999999999922626,0.9999999999925157,0.2044921858982757,-0.04999999999958133,0.14999999999767877,-0.12998934626898337,-0.13501598059229736
2010-01-25,19,1.0000000000159912,-0.09999999999683565,0.21459602444623826,0.08880858467626428,0.16666666666139276,0.5000000000023376,1.0,0.20454545455137924,-0.07666666666634353,0.15000000000070127,-0.1500000000027043,-0.10499999999951085
2010-02-01,19,1.0000000000052722,-0.19999999999702,0.11404400185222988,0.0902738942449694,0.3333333333283667,0.5000000000004421,1.0,0.20454545455279438,-0.11333333333560056,0.1500000000001326,-0.150000000000547,-0.10500000000041396
2010-02-08,19,1.0000000000219365,-0.1999999999821278,0.011640563258713682,0.08904902791164819,0.33333333330354636,0.500000000003176,1.0,0.20393639229380806,-0.11304910427403128,0.1500000000009528,-0.15000000000090613,-0.10500000000074439
2010-02-16,19,1.000000000043556,-0.19999999996507947,0.01879139206898571,0.08921794995027234,0.3333333332751325,0.500000000008739,1.0,0.20555988427660393,-0.11385407391144453,0.1500000000026217,-0.15000000000136798,-0.10500000000294105
2010-02-23,19,1.0000000000317637,-0.1955168699728741,0.025531927252765124,0.08783664793913133,0.32586144995479016,0.5000000000130204,1.0,0.20554691326043933,-0.11220360112569627,0.1500000000039061,-0.15000000000378508,-0.10500000000082743
2010-03-02,19,0.999999999954413,0.04635497497451662,0.2500000000378432,0.09091033676322087,0.07725829162419437,0.5028341471054452,0.7457752481797879,0.2514170735527226,-0.08932403970768248,0.149999999991341,-0.14999999998598632,0.015642636415702786
2010-03-09,19,0.9999999999926479,0.049919061295561555,0.24999999999862754,0.08546376495585815,0.0831984354926026,0.5051031325832936,0.5415361541254196,0.2525515662916468,-0.052981309103228846,0.14999999999998784,-0.1841412271450786,0.052551547249982934
2010-03-16,19,0.9999999999824798,0.07945065305492294,0.06500788083879466,0.08434660482137286,0.13241775509153825,0.517637654800938,0.549559851420304,0.2544279853618679,-0.05087451430301489,0.15529129644028142,-0.19351292086529506,0.0841616287820072
2010-03-23,19,1.0000000000159506,-0.15259665086425553,0.2500000000137771,0.08586702676593294,0.2543277514404259,0.5186660850127656,0.5560245584270378,0.2542373812821064,-0.13684668963586044,0.15559982550382967,-0.19209944181283875,0.0828894976310477
2010-03-30,19,1.000000000067673,0.09215272346178045,0.2500000000600742,0.08261337548805159,0.15358787243630076,0.6851332450858619,0.722124834535991,0.26397324108485387,-0.03417392292238601,0.20553997352575856,-0.19219502776585573,0.08297552498437415
2010-04-07,19,1.0000000000809717,0.2000000000667381,0.25000000006951417,0.0888454294316424,0.3333333334445635,0.7,0.7499999999999999,0.3136363636821664,-0.048679297366342536,0.21,-0.17849716866924628,0.06523579045052237
2010-04-14,19,0.9999999999627297,0.2000000000833041,0.15580129723333594,0.0897498441454257,0.33333333347217353,0.6999999999730823,0.7499999999713384,0.3136363636611342,-0.040000000000152046,0.20999999999192467,-0.20333333329441583,0.07499999998158359
2010-04-21,19,1.0000000001447154,0.19808786136240047,0.01268743002494313,0.08780827429387289,0.3301464356040008,0.7,0.7499999999999999,0.3129511754501382,-0.040000000000108935,0.21,-0.20384323700055837,0.07528682080688658
2010-04-28,19,1.0000000000227804,0.19944452250458705,0.019090728763392406,0.08742607347730287,0.3324075375076451,0.7,0.7499999999999999,0.3133586248954976,-0.04000000000096428,0.21,-0.20348146066896525,0.0750833216248196
2010-05-05,19,0.9999999999637926,0.19821891251360552,0.2500000000210632,0.09950555059681843,0.3303648541893425,0.8324781794287848,0.6894811752070835,0.4162390897143924,-0.10029043045174767,0.16269499633673024,-0.2038082899832038,0.07526716312012041
2010-05-12,19,0.9999999999998701,0.10779059795839341,0.12016959311479168,0.09999999999997711,0.17965099659732237,0.7423940880178731,0.6105084137791001,0.37119704400893655,-0.09605656730792117,0.16503610028466392,-0.22999999999991053,0.08999999999996922
2010-05-19,19,1.0000000000171456,0.33339316296858923,0.25000000001478145,0.09724541849042675,0.5556552716143154,0.7695409043623356,0.7499999999999999,0.3847704521811678,0.07669658147867199,0.21,-0.23000000000064225,0.08999999999945033
2010-05-26,19,0.9999999999900074,0.33170435130767706,0.013344335919466453,0.09999999999878173,0.5528405855127951,0.7706709383435145,0.7481897655223498,0.38533546917175726,0.07570735689479227,0.2092759062101875,-0.22999999999406134,0.08999999999706819
2010-06-03,19,1.000000000030854,0.40000000000105673,0.07336803642376337,0.10000006365171382,0.6666666666684279,0.8040221310644317,0.7499999999999999,0.4020110655322158,0.11655751170425219,0.21,-0.23000000000302606,0.09000000000604702
2010-06-10,19,1.0000000000289897,0.3999999999962952,0.25000000002699097,0.09927850930551613,0.666666666660492,0.7029629863766029,0.632343193938576,0.35148149318830146,0.0926342952440891,0.09024401901751647,-0.20475234055485433,0.05212851083390314
2010-06-17,19,1.0000000000375169,0.3999999999791313,0.2500000000407917,0.08769436213083667,0.6666666666318856,0.4793107681378717,0.7106223453190427,0.23965538406893586,0.09280984178906122,0.09079719374433692,-0.20419711017298187,0.15788901704784908
2010-06-24,19,1.0000000000331397,0.3999999999511036,0.2500000000370636,0.07877605370100352,0.6666666665851727,0.408421332600082,0.714334281607872,0.13793841535156223,0.09491873681666525,0.05999999999885151,-0.204210666300041,0.15846614167858097
2010-07-01,19,0.999999999953145,0.28676243957369735,0.2500000000179404,0.07610270016690598,0.4779373992894956,0.5481209739618189,0.9999999999603804,0.04745044024908488,0.09674519942503018,0.059999999998974714,-0.2501368611649348,0.21924838958472756
2010-07-09,19,1.000000000037081,0.4350328158946991,0.2500000000305419,0.0570263343566336,0.7250546931578319,0.4923505550005536,1.0,0.01348471521056055,0.13014467398819704,0.05933274698700542,-0.17556115774310668,0.19694022200022143
2010-07-16,19,1.0000000000587859,0.582593073685028,0.2500000000212901,0.0478329125415883,0.9709884561417134,0.4377022648026048,1.0,0.00935405456855312,0.1614611085131566,0.04115784018231472,-0.10194268183991917,0.17508090592104195
2010-07-23,19,1.0000000000375338,0.5787975008280426,0.07637397091958492,0.04772131088486187,0.964662501380071,0.35064942803629334,0.7500000000112632,0.00943034897159033,0.17532471401814667,0.04149353550846814,-0.10362237830396383,0.13664088219125764
2010-07-30,19,0.9999999999938801,0.5778178520636538,0.10031774760405539,0.046407481661761806,0.963029753439423,0.4000000000099591,0.7500000000050352,0.013636363636067723,0.20000000000497956,0.05999999999977447,-0.10395909338833463,0.09029677065110948
2010-08-06,19,1.0000000000259406,0.33131735116081373,0.25000000002323175,0.06837308279765945,0.5521955852680229,0.4798349225337313,0.7500000000132394,0.013636363632538003,0.2000000000084014,0.06000000000228915,-0.23991746126686564,0.08060479465118613
2010-08-13,19,1.0000000000587717,0.3285726418033318,0.2500000000626325,0.07005398761458285,0.5476210696722197,0.3988537809876936,0.7479531803012532,0.01363636362087085,0.1994268904938468,0.06000000000848482,-0.1989590745793422,-0.04649797450107414
2010-08-20,19,0.9999999999873518,0.4118078633489727,0.2500000000079937,0.06450706231728368,0.6863464389149545,0.6380171475805813,0.7074979789901542,0.06142005245972033,0.2146365719532479,0.19140514427417438,-0.18585787504738804,-0.0380487906637055
2010-08-27,19,0.9999999999932434,0.3372732378451816,0.13204581282510808,0.05889259462747809,0.5621220630753027,0.6999999999932462,0.9999999999930147,0.06818181818227004,0.19271017382580752,0.20999999999797386,-0.17018787136682728,-0.09559098567672239
2010-09-03,19,0.9999999999913882,0.33692037750198855,0.047115143869602694,0.06689229245831559,0.5615339625033143,0.6999999999919073,0.9999999999849234,0.06818181818133752,0.19269608174024708,0.20999999999757218,-0.17523184899622193,-0.09553805662409615
2010-09-13,19,0.9999999999802478,0.34545125335601545,0.0111310470167581,0.06688684841036292,0.5757520889266925,0.6999999999825929,0.965787395238008,0.06818181818842832,0.19393862577620577,0.20999999999477786,-0.17592501121629625,-0.09014623007968388
2010-09-20,19,1.0000000000032718,0.34284526200993537,0.23967576127746532,0.07986492130865566,0.571408770016559,0.698387593573407,0.7487906951800551,0.06800591929772316,0.1934595536505522,0.20951627807202208,-0.2700000000000189,0.06142263100494609
2010-09-27,19,1.0000000000484668,0.39999999999549524,0.06663136869759029,0.0818964431245515,0.6666666666591587,0.69267947402101,0.7445096055157575,0.06738321532855542,0.2233135828380159,0.20780384220630302,-0.2699999999996359,0.08999999999746218
2010-10-04,19,0.9999999999974151,0.39999999999325514,0.22270524765411914,0.07705922041027435,0.6666666666554253,0.696830969312174,0.7476232269832032,0.06783610574389284,0.15980985815804746,0.2090492907936522,-0.24980985815825127,0.059714787236312426
2010-10-11,19,1.0000000000299814,0.40000000000683844,0.011742737831520772,0.07789205579761271,0.6666666666780641,0.6958397340661286,0.7468798005495965,0.06772797098127646,0.15962474890542167,0.2087519202198386,-0.24965615768559357,0.059484236527867856
2010-10-18,19,0.9999999999947625,0.3999999999974942,0.009205223201873836,0.07735948956457726,0.6666666666624903,0.6930973310484998,0.7425856252601888,0.06751015877124532,0.1584411547893153,0.20792919931454992,-0.24905547409938283,0.05858321115403795
2010-10-25,19,0.9999999999851774,0.25469725733214416,0.249999999988194,0.07872354020131514,0.42449542888690694,0.47999999998780013,0.4999999999898252,0.025376133638531456,0.13454461468745196,0.09196880537761241,-0.23999999999390006,-0.027651371330641536
2010-11-01,19,1.0000000000610125,0.10000000003421514,0.1661635294354208,0.07651589850093256,0.1666666667236919,0.48000000000211224,1.0,0.018366483455142475,0.09315117912060474,0.061017553605736824,-0.24000000000105612,-0.10500000000115839
2010-11-08,19,1.0000000000061144,0.100000000005009,0.25000000000128486,0.07199194628015582,0.166666666675015,0.5683525179900344,1.0,0.05812009744582755,0.11627220835181239,0.1705057553970103,-0.2625720624809408,-0.0711419062784335
2010-11-15,19,1.0000000000147307,0.10776233403748428,0.16400983380105838,0.07176781965639008,0.17960389006247382,0.4999999999998244,1.0,0.05454545455052858,0.07890242436778924,0.14999999999994731,-0.23566303957001433,-0.0935634727967421
2010-11-22,19,0.9999999999996808,0.11936736286398797,0.25000000000011113,0.07165294665183786,0.1989456047733133,0.4999999999998242,0.9999999999991749,0.17085358695520023,0.04762644910938106,0.14999999999994726,-0.22879949956168513,-0.097338013888889
2010-11-30,19,1.0000000000037417,0.059550456692040704,0.13942821235905437,0.07233291679883543,0.09925076115340117,0.5000000000002517,1.0,0.20454545454722609,0.01451871547060714,0.1500000000000755,-0.2392030469191417,-0.08550952236591053
2010-12-07,19,1.0000000000109428,0.06353221782983334,0.2500000000085712,0.07433751843748039,0.10588702971638891,0.5000000000010633,1.0,0.20454545455104498,-0.09634343878544832,0.15000000000031896,-0.14825699220589925,-0.11996269698295327
2010-12-14,19,0.9999999999998528,0.1361906840805658,0.14071032372346814,0.08486847821464777,0.2269844734676097,0.4999999999998181,0.9999999999996281,0.2045454545454093,-0.09403163515705257,0.14999999999994543,-0.0999999999998363,-0.15000000000008673
2010-12-21,19,1.000000000034907,0.10000000002796991,0.24588074245372565,0.09798777736735849,0.1666666667132832,0.6090909091322365,1.0,0.30454545456611826,-0.1199999999993793,0.15000000000026265,-0.10000000000122812,-0.1500000000026105
2010-12-29,19,1.000000000063077,0.10670399436261266,0.0781894698991296,0.1000000148852917,0.17783999060435443,0.6547433509669436,0.9842736954160652,0.3273716754834718,-0.12512741884955658,0.11939764840813556,-0.10000000000010521,-0.14764105431318833
2011-01-05,19,0.9999999999951372,0.09999999999149345,0.07665308814923695,0.10000000001235425,0.16666666665248908,0.6838508648431941,0.9999999999969067,0.34192543242159706,-0.1320393252248196,0.08980337387397286,-0.09999999999975191,-0.1500000000004805
2011-01-12,19,0.9999999999988234,-0.003218943379315886,0.18424208758426747,0.09999999999905504,0.005364905632193144,0.6879827787387387,0.9918980248786199,0.34399138936936935,-0.16408660478624867,-3.904807348442798e-12,-0.10000000000010302,-0.14878470373134722
2011-01-20,19,1.0000000000104774,0.06020216564079231,0.2500000000093583,0.10000000000079814,0.10033694273465385,0.7610568179784845,0.6476354164802532,0.38052840898924223,-0.1862183931767468,2.4549364175951817e-13,-0.10282672235573712,-0.031535892650613816
2011-01-27,19,1.0000000000210099,0.07725204123157743,0.0291338063017667,0.10000000000081632,0.12875340205262906,0.7611382193048444,0.6477100343629134,0.3805691096524222,-0.184835775880849,3.5268364558079743e-13,-0.09759631467297399,-0.030875628032059274
2011-02-03,19,1.0000000000203606,0.11522712299256548,0.041207450140890924,0.10000005632132285,0.19204520498760913,0.7948794314728503,0.679355935840331,0.39743971573642517,-0.17926605259369863,2.3403541236336036e-12,-0.09553307181542274,-0.0228564085260177
2011-02-10,19,1.0000000000747544,0.1712124030002713,0.07702779886838944,0.10000000000170385,0.28535400500045216,0.846556730030412,0.7260103358582766,0.423278365015206,-0.17163427721041818,1.0329813556537837e-11,-0.09999999999574558,-2.8902782012589825e-12
2011-02-17,19,1.0000000000352531,-0.0646743831619982,0.2500000000222016,0.08777953630780494,0.10779063860333032,0.8451166801807029,0.8417647065519209,0.4225583400903514,-0.17147554578341456,1.3405201948318246e-11,-0.13160198162373068,-0.09334579045474797
2011-02-25,19,0.9999999999949531,-0.09650245140745667,0.2500000000094783,0.08166023933440585,0.1608374190124278,0.7306840163828683,0.8451946833782635,0.36534200819143414,-0.1549344061440553,0.116468798967547,-0.14869920178259757,-0.08216944197276413
2011-03-04,19,0.999999999972766,0.013661563921426645,0.25000000002739686,0.07622760290235119,0.022769273202377743,0.6216716600283703,0.9999999999396147,0.31083583001418513,-0.13414087479311573,0.11558967971155011,-0.07995282442645443,-0.1414559625754682
2011-03-11,19,1.000000000008643,0.12331576134975505,0.16297362144336294,0.08031117494723833,0.20552626891625844,0.6080258814412027,1.0,0.30401294072060137,-0.11362436477818785,0.14999999999990138,-0.06471775454911667,-0.15158467363551276
2011-03-18,19,1.0000000000904614,0.11932851247215212,0.022076267846016878,0.08425217141899599,0.19888085412025355,0.6040370783166693,1.0,0.30201853915833465,-0.11033574379083258,0.14999999999946706,-0.06999999999780097,-0.15000000000322614
2011-03-25,19,1.0000000000573277,0.12426151602068855,0.250000000011522,0.08760934386857731,0.2071025267011476,0.4999999999991053,1.0,0.1876910869071745,-0.10786924200818315,0.1499999999997316,-0.03116530050067267,-0.1849512295457705
2011-04-01,19,0.9999999999815771,0.12585208903952663,0.011977735037544845,0.0877600203806311,0.2097534817325444,0.4999999999903301,0.999999999979187,0.18815091682576118,-0.10707395547278205,0.14999999999709904,-0.031068670015401763,-0.18503819697770568
2011-04-08,19,1.0000000000109592,0.13944614495939703,0.25000000000711664,0.09196442751546796,0.23241024159899507,0.5533744763156369,1.0,0.08353676126746834,-0.1002769275215491,0.14999999999995592,0.038555090058882656,-0.22134979052625475
2011-04-15,19,1.0000000000098963,0.20000000000342757,0.14968204374578223,0.0964899404090269,0.33333333333904597,0.5999999999982825,1.0,0.054545454541842286,-0.06999999999661496,0.15000000000040145,0.08000000000040132,-0.23999999999931299
2011-04-25,19,0.9999999999886382,0.20225555918519658,0.022357468077057435,0.09349119309839699,0.3370925986419943,0.6008458346837096,0.9999999999792122,0.05454545454442165,-0.0688722204049848,0.14999999999840982,0.08005083005651312,-0.24033833387348383
2011-05-02,19,1.000000000010772,0.19604625556212743,0.031087277060981744,0.09791558959721727,0.3267437592702124,0.5985173458372244,1.0,0.05454545454848498,-0.0719768722217097,0.14999999999978247,0.07837078126477631,-0.23940693833488977
2011-05-09,19,1.0000000000044758,0.03347013367507848,0.18738940570488744,0.10000000000014288,0.0557835561251308,0.537551300127247,1.0,0.054545454548584144,-0.09638357762552913,0.15000000000001293,0.034782590944016874,-0.21502052005089878
2011-05-16,19,1.0000000000119114,0.01988251567442781,0.03506976440359097,0.10000000000091656,0.03313752612404635,0.532455943379905,1.0,0.05454545454722706,-0.10120103533451019,0.15000000000021008,0.031576063797677086,-0.21298237735196202
2011-05-23,19,1.0000000000430704,-0.10868631252948843,0.13716632551185198,0.0984193952666996,0.18114385421581405,0.5000000000022946,1.0,0.05454545456202137,-0.14782484167248144,0.1500000000006884,-0.0037251301962315333,-0.1936970531206923
2011-05-31,19,1.0000000000086835,-0.10754412198283267,0.25000000000700645,0.09090895226866218,0.17924020330472112,0.500000000003266,1.0,0.12436616511358978,-0.14767254959458034,0.15000000000097982,-0.0764887232014691,-0.16095290386628497
2011-06-07,19,1.0000000000176033,0.05365895512604993,0.2500000000221807,0.08699620545415489,0.08943159187674989,0.6615131074828612,1.0,0.1339446973619517,-0.06157356298708129,0.19845393224485836,-0.10083198777757431,-0.14946881521558375
2011-06-14,19,1.0000000000085023,0.055716664135936234,0.2500000000130805,0.060596679600792215,0.09286110689322706,0.7,1.0,0.13539510738361463,-0.0007615716798564151,0.21,-0.1412709649469794,-0.11307183274038118
2011-06-21,19,1.000000000004396,0.203619998945797,0.25000000000259814,0.06018786068702619,0.33936666490966166,0.7,1.0,0.16363636365022252,0.10319085891329655,0.21,-0.16674268766213693,-0.09912874200450211
2011-06-28,19,1.0000000000523934,0.3576863582261607,0.2500000000227733,0.058740388120911174,0.5961439303769345,0.553197535616507,1.0,0.14656377847175017,0.17949492745968332,0.1659592606849521,-0.1669254567262308,-0.09865295372770319
2011-07-06,19,1.0000000000444065,0.3703969085839186,0.250000000027213,0.05542584657306268,0.6173281809731977,0.32361796492961364,1.0,0.10203127459660295,0.16000000000330117,0.06000000000272186,-0.14120520731464245,-0.12944718597184546
2011-07-13,19,1.0000000000425366,0.3603932140869207,0.2500000000343143,0.05394623308583923,0.6006553568115346,0.38369642200870535,1.0,0.020730004160107025,0.19184821100435268,0.05999999999948169,-0.14549153349243546,-0.1289445820234779
2011-07-20,19,0.9999999999873793,0.35593945993151865,0.021814496627241275,0.05381814321866487,0.5932324332191978,0.3832557182544592,0.9999999999819259,0.013602085784832919,0.1916278591272296,0.05984917744868945,-0.1458265756522615,-0.131087379544299
2011-07-27,19,1.0000000000165465,0.4148212475172211,0.06528461054606766,0.052635269768648976,0.6913687458620352,0.3983021801170166,0.8064342431050753,0.013491663075170014,0.1991510900585083,0.05936331754311108,-0.14549892584215282,-0.10217856350322244
2011-08-03,19,1.000000000000084,0.26637918239885056,0.25000000000015254,0.05602541588411922,0.44396530399808426,0.3468966540806586,0.9999999999994799,0.013481641706638185,0.1683967066598598,0.059319223509808935,-0.1734483270403293,-0.12995687735979763
2011-08-10,19,1.000000000024875,0.27028434275523683,0.03599889634087747,0.05755746667614891,0.4504739045920614,0.33874249140383594,1.0,0.007626983386532096,0.16937124570191797,0.05999999999848946,-0.16601042443825864,-0.13054265141307328
2011-08-17,19,1.0000000000132367,0.26476411022415103,0.2500000000078725,0.08117418362054855,0.44127351704025175,0.4154548957412896,1.0,-0.004149433962430002,0.10304459618110827,0.010237194577143272,-0.12684253124027214,-0.16618195829651583
2011-08-24,19,0.9999999999798036,0.3616976269110591,0.22938085421381327,0.0999999999983149,0.6028293781850985,0.533773220168471,0.999999999960375,-5.041214549227557e-13,0.07999999999913937,-1.6132162745649536e-13,-0.031421740261807475,-0.2135092880673884
2011-08-31,19,1.0000000000566864,0.360333504809509,0.1800064414576952,0.09582929394698463,0.6005558413491817,0.4726250642950187,1.0,-1.9452152615531224e-11,0.10137780065254244,1.9893984470711957e-12,-0.08586659807776044,-0.1890500257180075
2011-09-08,19,0.9999999999673932,0.26227538899451164,0.2500000000184024,0.07027292557793524,0.4371256483241861,0.34670654173771115,0.9999999999736033,9.31552672597595e-12,0.1199999999989018,3.483728901017052e-12,-0.16395819820758997,-0.13868261669508447
2011-09-15,19,1.0000000000323972,0.2582993389294267,0.01615171082957087,0.07027510599299513,0.4304988982157112,0.3440076149603237,1.0,-8.195482690206246e-12,0.11983606790763554,9.625592657264635e-15,-0.16683788093530777,-0.1376030459841295
2011-09-22,19,1.0000000000657734,0.27353469170115563,0.03266854342539102,0.07061764568549429,0.4558911528352594,0.3551510187850025,1.0,-3.372251326605232e-11,0.12000000001045794,-1.983860817706886e-12,-0.15833034135521032,-0.142060407514001
2011-09-29,19,1.0000000000392575,0.2643761265492851,0.01729987874355668,0.07241216711589775,0.44062687758214186,0.3482820949210004,1.0,-4.6483056897693925e-11,0.12000000001509979,-3.4946391618156547e-12,-0.16352019492431868,-0.13931283796840016
2011-10-06,19,1.0000000000577225,0.454021715835863,0.25000000003040185,0.08337938961058815,0.7567028597264384,0.4940217158731899,0.9616847632194633,-6.424810647317016e-11,0.24701085793659494,9.426302769111485e-13,-0.16532383231902503,-0.04662130780750548
2011-10-13,19,1.0000000000561122,0.49999999999173717,0.13610721030726722,0.09506837520023916,0.8333333333195619,0.5400000000159464,1.0,-0.028418083043038323,0.2700000000079732,3.469615048564644e-12,-0.17499208694342408,0.029999999999988047
2011-10-20,19,1.000000000047053,0.4972552027115869,0.009945466428620098,0.09560717066382585,0.8287586711859782,0.5400000000216162,1.0,-0.027875727891261314,0.2700000000108081,6.695348966161616e-12,-0.17684175811443606,0.03082343918595046
2011-10-27,19,1.000000000048352,0.47903721508180863,0.2500000000228343,0.09503988562465207,0.7983953584696811,0.5400000000261637,1.0,-0.031672381856594156,0.27000000001308183,8.7756703356434e-12,-0.2044528074114564,0.18018620774241334
2011-11-03,19,1.000000000024843,0.48176716955781923,0.071098121471849,0.09584732250777847,0.8029452825963654,0.5465462733880886,1.0,-0.03015271275336283,0.2700000000006181,-9.43103241205718e-13,-0.21075874495711508,0.21861850935523547
2011-11-10,19,0.9999999999939081,0.4801169052313638,0.24999999999969458,0.09439832086801447,0.800194842052273,0.6673239426961145,0.9995793298871913,-0.01788686483315413,0.33366197134805725,0.04783481923466455,-0.21264583299961556,0.09870627080500136
2011-11-17,19,1.0000000000001488,0.5000000000001243,0.22004061165279648,0.0899359573213779,0.8333333333335406,0.7000000000000004,1.0,-0.013792420143333466,0.3500000000000002,0.060000000000001115,-0.17327611261592948,0.07499999999999589
2011-11-25,19,1.0000000000368006,0.499749780449464,0.20430123331935304,0.08270272144229644,0.8329163007491067,0.6999332747933972,0.9997914837261028,0.013636363633517527,0.3499666373966986,0.06000000000261071,-0.20340005855304588,0.07503753293535684
2011-12-02,19,0.9999999999802103,0.4934174496641928,0.007264965404682029,0.08124148611313968,0.822362416106988,0.6946111067459078,0.9945145413697664,0.013636363637707686,0.3473055533729539,0.05999999999779491,-0.20508868008182046,0.07598738254556002
2011-12-09,19,0.9999999999872945,0.48746912552690647,0.02632260834580391,0.08136283552907636,0.8124485425448441,0.687469125518983,0.9895576045909518,0.013636363638170654,0.3437345627594915,0.0599999999987582,-0.20667489985262882,0.07687963116806487
2011-12-16,19,1.000000000072047,0.49530791881380853,0.021257934724843053,0.08260761326743803,0.8255131980230143,0.6968146782574846,0.9987805741636041,0.013489601345055894,0.3484073391287423,0.05935424597255947,-0.20458455498700018,0.0757038121820961
2011-12-23,19,1.0000000000004066,0.3999999999716053,0.2500000000002783,0.0863005398234351,0.6666666666193422,0.567077439137653,1.0,0.002307736277723673,0.2835387195688265,0.010154039676213209,-0.2150770198376565,0.06761552976516595
2012-01-03,19,1.0000000000025544,0.3999999999769749,0.06493271314524157,0.08716900098972453,0.6666666666282915,0.5400000000002353,1.0,-1.044900937605063e-11,0.27000000000011765,1.6808069942420048e-13,-0.20999999999836802,0.06000000000663277
2012-01-10,19,1.000000000005793,0.39999999997456315,0.008300290382862924,0.08849588029193328,0.666666666624272,0.5400000000013682,1.0,-1.2441548481255653e-11,0.2700000000006841,6.55484461726278e-13,-0.21000000000253305,0.060000000007624545
2012-01-18,19,1.0000000000201328,0.39999999996870367,0.24797467772394868,0.08714645378211647,0.6666666666145061,0.6466666666561989,1.0,0.009090909073094903,0.32333333332809944,0.039999999996873814,-0.2300000000026609,0.09000000000922184
2012-01-25,19,0.9999999999915695,0.39999999999695246,0.04046387259269485,0.09178425369121407,0.6666666666615875,0.6457142778930958,0.9982993057625604,0.009183674232661216,0.3228571389465479,0.040408166612826805,-0.22999999999613877,0.08999999999688818
2012-02-01,19,1.0000000000013325,0.39848447410276516,0.04560041477703723,0.09427069244384967,0.6641407901712753,0.6458583861885531,1.0,0.009022021549773863,0.32292919309427653,0.039696894820768415,-0.23025258764958956,0.0902273288848565
2012-02-08,19,1.000000000030895,0.39845568645224877,0.010474839069940595,0.09249784653916468,0.6640928107537479,0.6446240256313487,0.9978232015184226,0.009139447481013347,0.32231201281567434,0.040213568930248945,-0.23025738559286305,0.09023164703961738
2012-02-15,19,1.0000000000737344,0.3988843528324947,0.004399810173389083,0.08792965567821784,0.6648072547208245,0.645613590345872,0.999182027649737,0.009084814529335399,0.322806795172936,0.039973183942244875,-0.23018594120237232,0.09016734709247103
2012-02-23,19,1.0000000000232114,0.3988047995726103,0.2500000000170761,0.07515426387974493,0.6646746659543505,0.49148942809794516,0.803883821025933,0.038026220799570964,0.24574471404897258,0.1270721071670638,-0.23019920007689176,0.09017928006804993
2012-03-01,19,0.9999999999991229,0.39999999999951846,0.09187436848115363,0.07383838275097389,0.6666666666658642,0.556796155128137,0.7382685891008228,0.052559580559106776,0.21938215040764927,0.1670388465384411,-0.22999999999901788,0.08999999999959976
2012-03-08,19,1.0000000000360023,0.4000000000139186,0.029899404946716057,0.07272336300785791,0.6666666666898644,0.5758395387612897,0.7287468973104566,0.05463704059993084,0.21901855021630062,0.1727518616283869,-0.23000000000429005,0.09000000000102873
2012-03-15,19,0.999999999942972,0.39999999996843016,0.2500000000172099,0.07535845218154237,0.6666666666140503,0.578759143837732,0.6590693578646569,0.17751403071153687,0.21041814946795154,0.17362774315131957,-0.22999999997998088,0.08999999999528085
2012-03-22,19,0.9999999999990359,0.3999999999996789,0.24999999999978073,0.08162533752684192,0.6666666666661315,0.5854603676095309,0.6572531011966609,0.29273018380476545,0.1821839959441396,0.17300275521318198,-0.22999999999953027,0.08999999999992211
2012-03-29,19,1.0000000000177467,0.17091205644695828,0.25000000001622946,0.0843535101714511,0.28485342741159714,0.5812030687699216,0.7636264785569447,0.2906015343849608,0.13917258387762763,0.17080968723026735,-0.2299999999999455,-0.024543971783621263
2012-04-05,19,0.9999999999681544,0.16793856067090512,0.007845535216360666,0.08306522915598324,0.27989760111817524,0.5803579624782711,0.7735381310855963,0.29017898123913555,0.13875001828186534,0.17013044368908956,-0.22999999998323015,-0.026030719668892366
2012-04-13,19,1.00000000000902,0.3995007815489764,0.2500000000116984,0.08963475321382627,0.6658346359149607,0.7573141190337547,0.6487070701579775,0.37865705951687734,0.13886833871696622,0.169482828063191,-0.23000000000002177,0.08975039077415768
2012-04-20,19,0.9999999999354213,0.4000000000016367,0.013942860610964475,0.08848943310103392,0.6666666666693946,0.759925795023634,0.6449222612731977,0.379962897511817,0.1378797445782967,0.16863249200965058,-0.22999999996805093,0.08999999998806286
2012-04-27,19,0.9999999999885599,0.3999999999962675,0.026697775875996935,0.08879009820147202,0.6666666666604458,0.7573204881509212,0.6507430710758672,0.3786602440754606,0.13897574334448148,0.17032757790235756,-0.2299999999945229,0.08999999999722948
2012-05-04,19,1.0000000000036273,0.40000000000173963,0.02054373810794541,0.08930867162374367,0.6666666666695661,0.7593980245609632,0.655810705993209,0.3796990122804816,0.1382207243284692,0.17232428239728362,-0.2299999999998873,0.0900000000004334
2012-05-11,19,0.9999999999888182,0.3999999999957322,0.024272991218932526,0.0886570867640158,0.6666666666595538,0.7572505663046855,0.6593318369692189,0.37862528315234273,0.13900812568204376,0.17373273478852,-0.22999999999443005,0.08999999999799758
2012-05-18,19,1.00000000006002,0.40000000003183583,0.1720347530536782,0.08732920863257063,0.6666666667197264,0.6257358929194755,0.660834083937984,0.31286794645973776,0.17286672672237027,0.17433363357519366,-0.23000000000481724,0.09000000000453907
2012-05-25,19,1.000000000016428,0.4000000000023578,0.027213572669495235,0.08624094815264816,0.6666666666705964,0.6333922897926081,0.6503473687017012,0.31669614489630404,0.16966733002523338,0.1716712096101764,-0.23000000000238371,0.09000000000146843
2012-06-04,19,1.0000000000153044,0.39999999999574026,0.026230737774662095,0.08481676398062551,0.6666666666595671,0.6232137867085232,0.651407395290722,0.3116068933542616,0.17211259162491457,0.17056295811628885,-0.23000000000334,0.0900000000028267
2012-06-11,19,1.0000000000276859,0.3999999999870156,0.1867172289999315,0.08630568081222328,0.6666666666450259,0.5775245727948917,0.6512910176984079,0.28876228639744583,0.1721032814196906,0.1705164070793632,-0.2300000000082245,0.0900000000065068
2012-06-18,19,1.000000000045125,0.3999999999588476,0.25000000004333317,0.09100443490338375,0.6666666665980794,0.5163496908097818,0.5000000000234147,0.2581748454048909,0.17714867342692858,0.0678448625943831,-0.2300000000155267,0.09000000001531054
2012-06-25,19,1.0000000000386682,0.39999999991128316,0.25000000004210765,0.09040497064521624,0.6666666665188052,0.5157651034894807,0.6104688893219888,0.13800651382784343,0.25788255174474034,0.0680060908131956,-0.23000000002228196,0.09000000002555858
2012-07-02,19,0.9999999999863489,0.39999999987478774,0.25000000000865996,0.09416599425120874,0.6666666664579796,0.6835123513417958,0.7939043918518512,0.060509232137501874,0.3417561756708979,0.05999999999959851,-0.23000000001953996,0.09000000002238046
2012-07-10,19,0.9999999999931883,0.2524498263183986,0.1591105564341693,0.09773712609191515,0.4207497105306643,0.6834966550824667,0.7937081885923924,0.01363636363703418,0.34174832754123335,0.05999999999925765,-0.2774411822049092,0.11213252605007257
2012-07-17,19,0.9999999999504079,0.2527460459557865,0.2500000000513674,0.06484991208319503,0.4212434099263108,0.6835164030248627,0.793955038253627,0.013636363639421967,0.34175820151243136,0.05999999999502753,-0.24349459485297908,0.11208809309296114
2012-07-24,19,1.0000000000570208,0.19999999997251677,0.25000000003934575,0.07204753255723716,0.33333333328752796,0.6800000000017001,0.7500000000044433,0.013636363632706022,0.34000000000085007,0.06000000000336181,-0.2216853383584757,0.12000000001754559
2012-07-31,19,1.000000000012441,0.2000000000081536,0.15851474482131717,0.08166565177491786,0.33333333334692267,0.6800000000005852,0.7500000000008025,0.01363636363614264,0.3400000000002926,0.060000000001302435,-0.22999999999912016,0.12000000000733457
2012-08-07,19,1.0000000000542129,0.19999999998397683,0.02570314783056444,0.08363321113378475,0.33333333330662807,0.6800000000018833,0.7500000000005861,0.013636363637242226,0.34000000000094166,0.06000000000459108,-0.2311795498266392,0.12000000001483728
2012-08-14,19,0.9999999999808311,0.20000000001536922,0.005341758231066918,0.08355462502893664,0.3333333333589487,0.6799999999900366,0.7499999999902318,0.013636363637409195,0.3399999999950183,0.06000000000202607,-0.23124177611067526,0.11999999999308772
2012-08-21,19,1.0000000000489035,0.20000000000780266,0.2500000000431135,0.08014145085279571,0.3333333333463378,0.6800000000041547,0.7500000000082968,0.013636363637436007,0.34000000000207736,0.06000000000872743,-0.18084761538989078,0.12000000000897547
2012-08-28,19,0.9999999999776957,0.2489408422713723,0.06780406176742455,0.07471596574817903,0.4149014037856205,0.6897881684369398,0.7499999999905691,0.022534698590044568,0.3448940842184699,0.08447042112475497,-0.16358021993854135,0.11265887365394611
2012-09-05,19,0.9999999999772547,0.24432279485280586,0.2500000000176614,0.06467572400350174,0.40720465808800976,0.6724784792875289,0.7293588594566502,0.06517947046363194,0.24876656238239395,0.20174354378625867,-0.16397248319152827,0.1133515807672612
2012-09-12,19,1.0000000000327511,0.16648361824623986,0.25000000001818906,0.06531980179809148,0.27747269707706645,0.7,0.7499999999999999,0.11874770905032982,0.1943416329308784,0.21,-0.17340655271105554,0.1250274572652404
2012-09-19,19,1.0000000000076446,-0.06394027118794227,0.25000000000760125,0.09064480015894442,0.10656711864657045,0.7,0.7499999999999999,0.11874412479955866,0.1405722449311978,0.21,-0.28985755580773664,0.15959104067627386
2012-09-26,19,0.9999999999493301,-0.03003601582668062,0.25000000000613914,0.09292343154820396,0.050060026377801034,0.6999999999664192,0.7499999999626853,0.16363636363173228,0.12632492963025008,0.20999999998992575,-0.26000844885533425,0.11624841955669973
2012-10-03,19,1.0000000000195841,-0.028728761361988764,0.25000000001980033,0.08389171000389398,0.047881268936647944,0.7,0.9292892417086098,0.16363636363519168,0.12662995568354746,0.21,-0.22284996080209044,-0.02690208792610732
2012-10-10,19,1.0000000000098521,0.1968415362105578,0.25000000001154093,0.08333335110910772,0.32806922701759633,0.7,1.0,0.26616464754047703,0.12663183937461142,0.21,-0.19901066313490418,-0.07452623043067938
2012-10-17,19,1.000000000040088,0.2700540522743431,0.12748448395131362,0.08624341239873978,0.4500900871239052,0.7,1.0,0.30000000000952587,0.1263459455226346,0.21,-0.20197837909407312,-0.08550810784181154
2012-10-24,19,1.0000000000550058,0.09999999999321879,0.25000000004854606,0.09016582862145878,0.16666666665536467,0.7,1.0,0.258083791962755,0.12647136440285686,0.21,-0.2700000000013485,-0.06000000000313632
2012-11-02,19,1.0000000000032179,0.22088600763988478,0.2500000000020204,0.0697721500000498,0.36814334606647464,0.7321164600512561,1.0,0.36605823002562804,0.10966378603119013,0.2083189302141714,-0.2095569961594175,-0.07813290115601314
2012-11-09,19,1.0000000000076228,0.2206944543667919,0.25000000000619854,0.06578649078936939,0.3678240906113198,0.7,1.0,0.24336303615314298,0.16679373121651528,0.21,-0.20965277279529285,-0.07810416816544452
2012-11-16,19,0.9999999999815956,0.14247135308582398,0.07889269164662302,0.06840300901821378,0.23745225514303997,0.6999999999783734,0.9999999999702691,0.20271453073840143,0.16751652325598854,0.209999999993512,-0.23441118872152442,-0.06637070296429216
2012-11-26,19,1.0000000000219504,0.14332422217514065,0.007623046838952041,0.06807717419876323,0.23887370362523444,0.7,1.0,0.20454545455142886,0.16677565182783738,0.21,-0.23369610573413852,-0.06649863332894022
2012-12-03,19,1.0000000000040417,0.1412011794534577,0.25000000000192163,0.046448312914702486,0.23533529908909617,0.7,1.0,0.2036562429937499,0.03906695846942027,0.21,-0.12092247019083276,-0.10448111051899668
2012-12-10,19,1.00000000000833,0.19823436339968487,0.2500000000135456,0.04556981896160995,0.3303906056661415,0.7,0.9984768766247473,0.11090089437949804,0.1734276679185199,0.21,-0.12090504354724299,-0.10426244449991692
2012-12-17,19,0.9999999999849577,0.211292471367149,0.24999999999873798,0.04759567577865982,0.35215411894524834,0.6999999999863453,0.9924363593764939,0.006179791569039428,0.2121822093154465,0.20999999999590357,-0.12090761766698922,-0.10335491896992927
2012-12-24,19,1.0000000000286897,0.09663174126302868,0.11705545521932596,0.0515180564209005,0.1610529021050478,0.7,1.0,-0.08181818181463542,0.20621756549880638,0.21,-0.1208982023295183,-0.10449476119378824
2013-01-02,19,0.9999999999686531,0.09811323682660247,0.2500000000255389,0.06134744733686991,0.1635220613776708,0.6999999999782301,0.9999999999747639,0.031058335397936863,0.20641509823299276,0.20999999999346905,-0.23303264326721912,-0.07085403036486011
2013-01-09,19,0.9999999999847509,0.06794426854154975,0.24999999999856234,0.07003069998008678,0.11324044756924959,0.6999999999875499,0.9999999999867839,0.1225255636182487,0.1799999999967949,0.20999999999626495,-0.2708891400864626,-0.08469149897916402
2013-01-16,19,0.9999999999926124,0.09659015514797115,0.15892422193151742,0.07119116686423523,0.16098359191328526,0.6999999999939226,0.9999999999918998,0.19090909090840535,0.15587103619948875,0.20999999999817676,-0.27090929195760716,-0.10448852327231056
2013-01-24,19,1.0000000000606661,-0.09999999999548063,0.250000000033592,0.0693603079372617,0.1666666666591344,0.7,1.0,0.190909090930497,0.11000000000143509,0.21,-0.3172990324542915,-0.07499999999514209
2013-01-31,19,1.000000000026172,0.09737781681111876,0.25000000002825074,0.06659517384456938,0.16229636135186462,0.6975552117758158,0.9883502567144422,0.282126491325462,0.10902208471164376,0.20926656353274473,-0.2312049772499814,-0.13249172244534624
2013-02-07,19,1.000000000021833,0.09999999999003734,0.026010130017870087,0.06713910914517164,0.16666666665006225,0.6978862906130847,1.0,0.2833545542931267,0.10915451624010479,0.2093658871839254,-0.23000000000331028,-0.13468581695018533
2013-02-14,19,0.9999999999938131,0.1255124540056606,0.25000000000186173,0.06844124724560804,0.2091874233427677,0.7116542672598811,0.9999999999940884,0.35582713362994056,0.04628728729463733,0.16221546547349885,-0.2197413080950599,-0.13857234748203717
2013-02-22,19,0.9999999999917899,0.10463579917664981,0.057742139806763015,0.07027494595067992,0.17439299862774968,0.7289213541605042,0.9999999999918643,0.3644606770802521,0.030992835141789132,0.15074462635438457,-0.2276821004076659,-0.135039506462282
2013-03-01,19,0.9999999999798149,0.3390877004105116,0.2500000000290093,0.05749428457733307,0.5651461673508528,0.9666150085865041,0.999999999982118,0.48330750429325203,0.03000000000258394,0.14999999999555738,-0.11045614978685034,-0.17044309652387366
2013-03-08,19,0.9999999999958475,0.36999999999913785,0.09235899570880755,0.057596095501411045,0.6166666666652297,0.9999999999939673,0.996643865954157,0.49999999999698364,0.01449657989407028,0.14999999999931926,-0.07999999999901436,-0.17499657989265419
2013-03-15,19,0.9999999999815026,0.36999999999591293,0.25000000000920286,0.05509006005456604,0.6166666666598549,0.9999999999754439,0.8916666666462832,0.49999999998772193,0.01440319989622325,0.14999999999709782,-0.12087405955393105,-0.014640441582119993
2013-03-22,19,1.000000000040445,0.20349154784478476,0.2500000000313465,0.05433913962492536,0.33915257974130797,0.8487218072208167,0.7529096232200191,0.42436090361040835,0.0300000000028589,0.15000000000133393,-0.14965084522229385,0.0747193835011784
2013-04-01,19,1.0000000000243865,0.09999999999881007,0.11175113221737999,0.053310767484538994,0.16666666666468347,0.7641546625571811,0.7499999999999999,0.38207733127859056,0.03000000000087547,0.15000000000088606,-0.1600000000085045,0.10585519322996802
2013-04-08,19,0.9999999999969811,0.11197310303349747,0.0193745417866647,0.0532371819174145,0.18662183838916246,0.7744889026413647,0.7350336211784869,0.38724445132068236,0.0299999999998827,0.14999999999938315,-0.1580044828310937,0.10400289825925083
2013-04-15,19,1.0000000000751352,0.219093938753517,0.08733693735954552,0.05902367469205609,0.365156564589195,0.8730215625416005,0.765911615675905,0.43651078127080023,0.029999999994192547,0.1499999999998352,-0.14357150018669626,0.08898057917929703
2013-04-22,19,0.9999999999771855,0.3589166559733379,0.15888690521224838,0.05883989963252837,0.5981944266222299,0.9999999999872783,0.8824305466241086,0.49999999999363914,0.03000000000008828,0.1499999999965858,-0.13004934033505897,0.0677875176625599
2013-04-29,19,1.0000000000185254,0.34799566863388903,0.19055739818121176,0.0556359343587171,0.5799927810564818,0.8486884835675177,0.7279644432724601,0.42434424178375885,0.035814611223349516,0.1500000000002612,-0.13169337331972888,0.09780064971118332
2013-05-06,19,1.0000000000273706,0.10590424202731959,0.2500000000199598,0.0583769455147238,0.17650707004553265,0.608528080813204,0.5279161796465028,0.304264040406602,0.03574682755239025,0.1500000000012136,-0.20392343452860512,0.13411436370035212
2013-05-13,19,1.000000000023835,-0.12409477478080269,0.24053086364745013,0.06756280575612023,0.20682462463467116,0.5508229320199867,0.7499999999999999,0.27541146600999333,0.030000000002938173,0.15000000000217326,-0.2346982582657139,0.16861421621864267
2013-05-20,19,1.0000000000102809,-0.12274968738478292,0.01955864012204285,0.07055149600128506,0.20458281230797154,0.5520457387365053,0.7499999999999999,0.27602286936825265,0.030000000003464315,0.1500000000024811,-0.23498542924432755,0.16841245310886024
2013-05-28,19,1.0000000000359959,-0.13437915326490113,0.013492695914014835,0.07187845754495022,0.2239652554415019,0.5445807056662753,0.7499999999999999,0.2722903528331376,0.03000000000174655,0.1500000000013188,-0.23812638443128478,0.17015687299152438
2013-06-04,19,1.0000000000133769,0.09523641631584867,0.2499999999969887,0.0717178241703835,0.15872736052641445,0.7324661588127356,0.7499999999999999,0.3662330794063678,0.029999999998955213,0.1500000000003339,-0.16158786122966648,0.10642907510442624
2013-06-11,19,1.0000000000340756,0.10000000001034125,0.020175139265377104,0.074115005558995,0.1666666666839021,0.7363636363978995,0.7499999999999999,0.36818181819894974,0.029999999996819415,0.15000000000075586,-0.16000000000184414,0.1049999999987796
2013-06-18,19,0.9999999999782373,0.10876297007172417,0.010956402852170949,0.07537502932832385,0.18127161678620696,0.7447627673010648,0.7499999999797842,0.3723813836505324,0.030000000001699962,0.1499999999969744,-0.15766320797519295,0.103385387220982
2013-06-25,19,1.000000000112112,0.1000000000550856,0.04917123813440738,0.07702564795262659,0.166666666758476,0.7492813053443841,0.7499999999999999,0.37464065267219204,0.029071115538090855,0.1453555777446359,-0.15999999999758,0.10640239613909938
2013-07-02,19,1.000000000047928,0.13554036754181067,0.25000000004199047,0.0831988428649697,0.22590061256968447,0.9329453788441081,0.900745105869809,0.46647268942205405,0.005464624035673429,0.02732312026949581,-0.15384806159518227,0.1011831869870589
2013-07-10,19,1.0000000000147196,0.11233794290663952,0.25000000001359435,0.08198439894328095,0.18722990484439922,1.00000000000931,0.8814352296950745,0.500000000004655,-0.001711880801871927,0.027307833639854423,-0.15257966865380312,0.09978642148573766
2013-07-17,19,0.999999999993043,0.0628101222938143,0.25000000000293443,0.07451567976582822,0.10468353715635717,0.9999999999910113,0.8856751019043657,0.49999999999550565,-0.055174973846029735,-8.871025847172663e-14,-0.13669559078354995,0.07579050472167943
2013-07-24,19,1.000000000026341,0.05555555555083364,0.11128022822238674,0.07405959366368244,0.09259259258472274,1.0000000000024387,0.8796296296369565,0.5000000000012194,-0.07000000000378793,-5.7540125911226e-13,-0.13192651609352343,0.07333333333699393
2013-07-31,19,1.0000000000715452,0.04718131373020189,0.015147772463131176,0.07243152684426156,0.07863552288366982,0.9931483476068735,0.8726510947871319,0.49657417380343677,-0.07000000000748376,2.13328777651477e-12,-0.13480067470273843,0.07584560589490265
2013-08-07,19,0.9999999999852078,0.05822582494834791,0.15491306898367033,0.0693670043821958,0.09704304158057986,0.8727272727059228,0.7499999999883327,0.4363636363529614,-0.06981405017091093,-2.690440528317631e-13,-0.13305445524271678,0.17549857788923467
2013-08-14,19,1.0000000000396594,0.038665256630142905,0.17916962046578663,0.07472170854882927,0.06444209438357151,0.8727272727359351,0.7500000000140369,0.43636363636796754,-0.07000000000535582,2.187703950086245e-12,-0.08066737168168703,0.0784004230111811
2013-08-21,19,1.0000000000206728,0.19945822718833617,0.1766098691546295,0.07921538334734511,0.33243037864722697,0.8721854999295617,0.749548522671375,0.43609274996478087,-0.04679308032579669,1.2034868248866354e-12,-0.010000000001209328,0.04499999999936186
2013-08-28,19,1.0000000000326885,0.19999999999565193,0.023792398296107076,0.07938609400397119,0.33333333332608656,0.8727272727421291,0.7500000000165817,0.43636363637106457,-0.04666666667170299,1.9580761180970343e-12,-0.01000000000439342,0.045000000000399415
2013-09-05,19,0.9999999999906903,0.3555555555537411,0.16828841481854379,0.08332123328638026,0.5925925925895685,0.99999999998956,0.879629629621274,0.49999999999478,-0.010370370367686305,-3.277349683006844e-13,-0.010000000001354746,0.021666666667927152
2013-09-12,19,0.9999999999964411,0.3556588977235062,0.014660560973371844,0.08224275569071532,0.592764829539177,0.9999999999955117,0.8797157481000902,0.49999999999775585,-0.021572063041310537,-6.41447629755929e-14,-0.006273419492444889,0.01822748692040125
2013-09-19,19,0.999999999999623,0.36109471901496154,0.25000000000035205,0.07316457121830393,0.6018245316916025,0.9999999999989726,0.888399971774041,0.4999999999994863,-0.13431830214178705,-6.538129205903705e-15,0.03351389727381465,-0.017204080353245988
2013-09-26,19,1.0000000000087688,0.361043012435296,0.04494007437837749,0.07418100910940285,0.6017383540588267,1.0000000000018607,0.8882609846486732,0.5000000000009304,-0.14584414916941577,-6.187434832137814e-14,0.04008576905541352,-0.02357698468019463
2013-10-03,19,1.0000000000268956,0.3561168790656657,0.24173172644099203,0.0745129544581847,0.5935281317761095,1.0000000000201779,0.8800973992424582,0.5000000000100889,-0.2091276881270966,8.823404976673318e-13,0.10249926808222518,-0.059200812671016345
2013-10-10,19,1.0000000000095963,0.35638960349222004,0.06809211645561594,0.07628865036768445,0.5939826724870334,1.00000000001132,0.8803246695871325,0.50000000000566,-0.22581471953551457,-7.180632059894946e-13,0.11999999999929312,-0.06915035447683347
2013-10-17,19,0.9999999999746607,0.34859756149339227,0.014611452591988096,0.07040380859486382,0.5809959358223205,0.9999999999511531,0.8808400397182072,0.49999999997557654,-0.22685365845910369,-1.1403485922440897e-12,0.11663580552250795,-0.06827006641847726
2013-10-24,19,0.9999999999908943,0.33741361041067364,0.015939752368391735,0.06957850954296574,0.5623560173511227,0.999999999983805,0.880689713452571,0.4999999999919025,-0.22689857462848403,-1.214040819519656e-13,0.10681084177661672,-0.06536317933846415
2013-10-31,19,0.99999999999746,0.3352590903800023,0.0071579173016220465,0.06579823432558071,0.5587651506333372,0.9999999999954341,0.8803725331140718,0.49999999999771705,-0.2269028212249652,-1.102613013391634e-14,0.10633432035132186,-0.0662295925399466
2013-11-07,19,1.0000000000057458,0.33144514301808575,0.01668375543380876,0.06665943558214622,0.5524085716968096,1.000000000002798,0.8803020605515002,0.500000000001399,-0.22693796272694444,3.4168973556612855e-13,0.10864356851328523,-0.0650344301981681
2013-11-14,19,1.0000000000885516,0.09190887353241169,0.2500000000715472,0.06641308737947967,0.15318145588735282,1.0000000000519498,0.8800616217863511,0.5000000000259749,-0.22118625205998071,8.709600096723193e-12,-0.012528800017049197,0.009514062098593864
2013-11-21,19,1.0000000000013956,0.055999092054288296,0.25000000000084066,0.05977899979724264,0.0933318200904805,1.0000000000012204,0.8799992433637179,0.5000000000006102,-0.1355113152052912,9.556597898327925e-12,-0.02568475405929569,-0.1161407822703628
2013-11-29,19,0.9999999999961628,0.05602430367101488,0.25000000000263517,0.0585403934773511,0.09337383945169148,0.9999999999959415,0.9999999999975479,0.49999999999797073,-0.07895503959280778,9.09213508890788e-12,-0.08034268369179075,-0.10477605235116216
2013-12-06,19,1.0000000000159517,0.15894532468786346,0.2500000000095489,0.05626373889192241,0.26490887447977246,1.0000000000120142,0.9653760896989078,0.5000000000060071,0.01625934186828521,0.08129670934410459,-0.10514418484766766,-0.08574441323705373
2013-12-13,19,1.000000000042472,0.28992962506993525,0.250000000044026,0.058508347089036246,0.4832160417832254,1.0000000000367042,0.8653055531840589,0.5000000000183521,0.029999999996104865,0.15000000000012037,-0.11308746898639219,0.05509361049660999
2013-12-20,19,1.0000000000472937,0.3957404244117309,0.15039602575065505,0.05501623635996598,0.6595673740195516,1.0000000000344058,0.788572534615531,0.5000000000172029,0.034981779421894364,0.1500000000003973,-0.11161867039266701,0.06708163984814149
2013-12-30,19,1.0000000000162486,0.3936183791469878,0.014147923311033789,0.05255390822467001,0.6560306319116463,1.0000000000078104,0.7879490769904917,0.5000000000039052,0.0349359828816907,0.15000000000013458,-0.11183435174617734,0.06838765691186377
2014-01-07,19,0.9999999999694822,0.3829516424083605,0.00933348435077036,0.05357644456050329,0.6382527373472675,0.9999999999509005,0.7878597572145872,0.49999999997545025,0.03458399779349794,0.1499999999938295,-0.11292582692456157,0.07007609395628277
2014-01-14,19,1.0000000000105058,0.38143912412363357,0.0037345431023639037,0.05425887596033009,0.6357318735393893,0.9990617910741367,0.7867672272834111,0.49953089553706836,0.0345772817119977,0.15000000000012473,-0.1130934793128424,0.0706105540102623
2014-01-22,19,1.0000000000333364,0.3811755521640094,0.0067722954805687074,0.05393696434361099,0.6352925869400157,1.0000000000123457,0.7873741792950034,0.5000000000061728,0.03454421789602837,0.15000000000038788,-0.11313740797060295,0.07082322969393458
2014-01-29,19,0.9999999999581081,0.2444329585239576,0.1618447636126857,0.057612202210721775,0.407388264206596,0.999999999964165,0.787027465403502,0.4999999999820825,-0.0017928103838831266,0.14999999999626662,-0.11321868996182637,0.0712396301948988
2014-02-05,19,1.0000000000336344,0.24423498502117494,0.014475300918646697,0.06092049789913588,0.4070583083686249,1.0000000000108318,0.7868624875355711,0.5000000000054159,-0.0021137172686834706,0.15000000000081462,-0.11287713861198266,0.07122635707406524
2014-02-12,19,0.9999999999958038,0.24343636457244414,0.15344252348846474,0.06125249787752562,0.4057272742874069,0.9999999999960166,0.7861969704715369,0.4999999999980083,0.030000000000771944,0.14999999999980268,-0.15925352145996102,0.09264954454378878
2014-02-20,19,1.0000000000011862,0.23188564549220028,0.0723636050674405,0.06002640326042539,0.38647607582033383,1.0000000000004998,0.7765713712442117,0.5000000000002499,0.029999999999973485,0.15000000000003505,-0.1624836345176633,0.1039114956449011
2014-02-27,19,1.0000000000518985,0.16136165225224042,0.25000000003289924,0.060976188330633126,0.2689360870870674,0.9431798340897335,0.7178013769046112,0.47158991704486675,0.03000000000106192,0.15000000000205604,-0.1826308432881429,0.1257957521605816
2014-03-06,19,1.0000000000458111,0.10000000000474975,0.25000000003808803,0.07396797631510516,0.1666666666745829,0.8401746496515017,0.7499999999945491,0.42008732482575084,0.04221543609983178,0.15916157707110606,-0.1799999999899072,0.13499999999087953
2014-03-13,19,0.999999999994513,0.10440230285218326,0.16321116298169622,0.06855354584009218,0.1740038380869721,0.697722907243248,0.7499999999951057,0.348861453621624,0.0853798829211709,0.1915349121895787,-0.17853256570241888,0.13433965456032892
2014-03-20,19,1.0000000000998255,0.09976922232634035,0.2500000000936361,0.061264423596325654,0.16628203721056725,0.635651746256279,0.7204990749528495,0.2265145809199588,0.08426069849552068,0.19069552387688368,-0.09675762577222008,0.13503461663369037
2014-03-27,19,0.9999999999820944,0.10062373160952338,0.25000000001327244,0.04777643502861675,0.16770621934920565,0.6376928608863928,0.80987154542159,0.2197049931454882,0.08507714435494522,0.1913078582659178,-0.07095915067291561,-0.023018511105529688
2014-04-03,19,0.9999999999685603,0.19195747467725277,0.2500000000286988,0.04731035161732775,0.319929124462088,0.5335824193417542,0.8107567671685086,0.2123923293130046,0.04343296774204373,0.16007472580252624,0.01827388599136536,-0.07316637257100327
2014-04-10,19,0.9999999999897009,0.1834882194976032,0.11035491889169168,0.045057205383893954,0.305813699162672,0.49999999999166955,0.9999999999827436,0.19986100347658128,0.029999999998124728,0.14999999999750085,0.0427147947327406,-0.11752323292412048
2014-04-17,19,0.9999999999887553,0.1969213231265899,0.016480347404074225,0.04445993487307493,0.32820220521098314,0.4999999999925533,0.9999999999830471,0.20314605596370164,0.0299999999995335,0.14999999999776598,0.04615355385366537,-0.11953819846752588
2014-04-25,19,1.0000000000332818,0.19837358233218808,0.2500000000286348,0.048880612546806916,0.3306226372203135,0.635756109242051,1.0,0.3178780546210255,-0.005641012694849059,0.15000000000133373,0.03000000000203456,-0.14266811693707407
2014-05-02,19,0.9999999999901541,0.1969033412645024,0.144732849652989,0.04471354377604868,0.32817223544083735,0.681818181809269,0.9922258362028918,0.3409090909046345,-0.03999999999874658,0.14999999999768543,0.0449360730250016,-0.16255504043976776
2014-05-09,19,1.0000000000083407,0.0999999999990657,0.1026411591659631,0.04668713883265467,0.16666666666510951,0.5818181818194479,1.0,0.29090909090972394,-0.040000000000636624,0.1500000000004126,0.03000000000138158,-0.15000000000048347
2014-05-16,19,1.0000000000976457,0.14278135727138472,0.25000000007862766,0.04025170375986101,0.23796892878564121,0.6618542381935919,1.0,0.20194460714518372,0.03472401196953966,0.19855627145807755,0.03000000001770902,-0.15000000000372196
2014-05-23,19,1.000000000018932,0.20000000008140226,0.25000000001717715,0.04532912578998473,0.3333333334690038,0.7,1.0,0.2045454545529647,0.10709846637447466,0.21,0.011243514446361758,-0.12186527164187656
2014-06-02,19,1.0000000000288132,0.22092389009164856,0.03055802161026694,0.04538829705104568,0.3682064834860809,0.7,1.0,0.2112030559352848,0.11000000000134359,0.21,0.012092389022794242,-0.12313858351814541
2014-06-09,19,1.0000000000002285,0.219391703071573,0.2500000000000274,0.042795870134112145,0.36565283845262164,0.6999999999999874,0.9999999999999764,0.17738312901987702,0.11000000000224111,0.20999999999999622,0.01193917030754966,-0.12290875546348091
2014-06-16,19,0.9999999999529742,0.014417034911514803,0.25000000004111134,0.04401611619325743,0.02402839151919134,0.69999999995273,0.999999999960778,0.12084488109473264,0.10999999999061161,0.20999999998581897,-0.049488790686347074,-0.0771625552350624
2014-06-23,19,0.999999999995221,-0.09999999999659491,0.1427443360627208,0.046203124161865575,0.16666666666099153,0.6999999999934274,0.9999999999915445,0.06363636363935055,0.10999999999882533,0.20999999999802824,-0.07999999999914359,-0.05999999999976681
2014-06-30,19,1.000000000001916,-0.09999999999951345,0.006821851148857805,0.04601936793459366,0.16666666666585575,0.7,1.0,0.06363636363635394,0.1100000000003624,0.21,-0.08000000000024014,-0.05999999999993087
2014-07-08,19,1.0000000000434517,0.10000000002368711,0.2021013448606791,0.046936682274509256,0.1666666667061452,0.6990233310339938,1.0,0.2459872740041413,0.10960933241523885,0.20970699931019815,-0.08000000000388269,-0.09021975052017916
2014-07-15,19,0.9999999999932844,0.11442159520407877,0.2500000000017392,0.05159314604080375,0.19070265867346461,0.701450593121204,0.9999999999933872,0.350725296560602,0.04565842590185938,0.1617438194248426,-0.07811350595457286,-0.09213137229941779
2014-07-22,19,1.0000000000320541,0.35936406035186996,0.2500000000272834,0.04977842046771022,0.59894010058645,0.9417926458314365,1.0,0.47089632291571826,0.045785045062941926,0.1618387837979946,-0.037051065858292216,-0.12900558680519614
2014-07-29,19,1.0000000000275293,0.25868485300583033,0.24743943499010088,0.054934126487956134,0.4311414216763839,0.8776911486548334,1.0,0.4388455743274167,0.04583072604506331,0.16187304453370865,-0.10259423492837978,-0.08380272794902634
2014-08-05,19,0.9999999999809022,0.19612626677745545,0.15690082626503468,0.06314952654648569,0.3268771112957591,0.8702621697486522,0.9999999999823785,0.4351310848743261,0.030000000000094323,0.1499999999973317,-0.17038737331805195,-0.0744189400169897
2014-08-12,19,0.9999999999991093,0.19907924383415085,0.25000000000051936,0.04471636404092813,0.33179873972358476,0.8721413369839905,0.999999999998426,0.4360706684919953,0.029999999999894434,0.1499999999998456,-0.11163981898314462,-0.07486188657509323
2014-08-19,19,1.0000000000307636,-0.03839298629974365,0.2500000000295979,0.059135587515829396,0.06398831049957275,0.7860389140830522,0.9885980654126694,0.3930194570415261,0.006160701375373537,0.030803506854025428,-0.23451624366446092,-0.03701767480761256
2014-08-26,19,0.9999999999996828,0.141170239880364,0.25000000000075706,0.06245052023463862,0.23528373313394002,0.9831477631748115,0.9509751998946281,0.4915738815874057,1.5800297423052698e-12,1.2290324029784805e-12,-0.23513986451403124,0.017249611335947046
2014-09-03,19,1.000000000105594,0.38286264788924995,0.25000000008344025,0.060631772245719605,0.63810441314875,1.000000000058063,0.946156248711401,0.5000000000290316,0.06599337321284372,0.04949502990277311,-0.22269552771642007,0.05627615777307031
2014-09-10,19,1.00000000009484,0.4606406930356074,0.2500000000705286,0.057492848084390535,0.767734488392679,0.8509974126766058,0.8043082785977826,0.4254987063383029,0.12560984372908535,0.06000000000286337,-0.21416649705547655,0.04519293962428357
2014-09-17,19,1.0000000000459033,0.21298348315344515,0.2500000000180885,0.055008240403919766,0.3549724719224086,0.6270251781799077,0.6558470973781977,0.31351258908995383,0.12563566131697826,0.06000000000237956,-0.2967212599951445,0.09927935668369334
2014-09-24,19,1.0000000000669105,-0.033388878260307425,0.2500000000491206,0.05700400252443634,0.05564813043384571,0.7645594715714855,0.8611573985547715,0.29159972976647974,0.0800000000282194,0.060000000003623516,-0.38227973578574276,0.14256252160950839
2014-10-01,19,1.0000000000204334,-0.12107918573539027,0.25000000001374567,0.05754969921406059,0.2017986428923171,0.764032646277153,0.7281453449959889,0.2511528507031383,0.08000000003042602,0.06000000000075229,-0.3820163231385765,0.16816187786915043
2014-10-08,19,1.0000000000916485,0.08396301167435669,0.25000000006885226,0.04587893903677921,0.1399383527905945,0.5886397818152437,0.6536690964307248,0.2552780380427595,0.07995196192348486,0.0599639714199133,-0.2620276476334523,0.2354559127260975
2014-10-15,19,1.000000000114379,0.1371040319065706,0.25000000010968826,0.04443260770020591,0.22850671984428436,0.6985859880684531,1.0,0.2574065810266061,0.0798130103933949,0.059859757773691714,-0.23673483542780316,0.2794343952273812
2014-10-22,19,1.0000000000035287,0.03553770931722283,0.24358788393705208,0.04782146159372195,0.05922951552870472,0.7366733590073219,1.0,0.225244413282386,0.08000000003936564,0.06000000000021738,-0.20873737721307048,0.2946693436029288
2014-10-29,19,1.0000000000068858,0.034860416689545884,0.08138033979402962,0.04913988837924982,0.05810069448257647,0.7369273437436469,1.0,0.22640026833272453,0.07904587449100557,0.059284405839102994,-0.19737055555078106,0.29477093749745875
2014-11-05,19,0.9999999999918163,0.1267693905918665,0.2500000000000187,0.04884575808340973,0.21128231765311087,0.7024614785198626,0.9999999999906303,0.16301641393221555,0.1937783133565434,0.059999999999194385,-0.1773230609384652,0.2809845914079451
2014-11-12,19,1.00000000001714,0.12129165826858185,0.25000000001337686,0.048278925500381244,0.20215276378096975,0.7045156281542887,1.0,0.04117427102618956,0.2521621124658871,0.05999999999938809,-0.17787083417541494,0.2818062512617155
2014-11-19,19,0.9999999999467309,0.3591780234825231,0.2500000000228937,0.04274419269124892,0.5986300391375385,0.6153082411274245,0.9999999999399117,0.04150935619995921,0.2734477345908149,0.05999999999284985,-0.15408219762740744,0.24612329645096984
2014-11-26,19,1.0000000000441736,0.40000000000865493,0.05049594036862359,0.041560242465943614,0.6666666666810915,0.5984090856074754,0.9957575615856618,0.055179220901979076,0.2734388990317226,0.0600000000009988,-0.15000000000879704,0.23936363424299018
2014-12-04,19,1.0000000001420994,0.2895963729362976,0.12019864349121895,0.05613539523892173,0.482660621560496,0.6414013602021756,1.0,0.054578646652585536,0.26834829826468914,0.059060344094486544,-0.19535432545352008,0.25656054408087026
2014-12-11,19,1.0000000000315397,0.3080123579366245,0.2500000000037379,0.057814511773447666,0.5133539298943742,0.6304684094884078,0.989261449874172,0.12559779360106468,0.2056932114305271,0.012237804154705328,-0.1874869951835704,0.2521873637953631
2014-12-18,19,1.0000000000440195,0.12518293780822382,0.19994549629446848,0.07115841668949285,0.20863822968037304,0.6944321285409055,0.9770019472086785,0.09545454545761496,0.1784917222195914,3.1551067850859695e-13,-0.26580284370422613,0.2777728514163622
2014-12-26,19,1.0000000000943887,0.12431448553123325,0.003958788618087055,0.0759502093030895,0.2071908092187221,0.6969149985791991,0.9827544816485028,0.09545454546545967,0.1781914448490634,3.1460927995422044e-12,-0.2659475857588577,0.2787659994316797
2015-01-05,19,0.9999999999928605,0.12990874472329592,0.037847324683730754,0.07808998885392877,0.21651457453882653,0.7012842207204292,0.9999999999919992,0.09545454546666927,0.17955241271830982,-2.3367901110536955e-14,-0.2650152092087793,0.2805136882881717
2015-01-12,19,1.0000000000320057,0.3502862137085501,0.25000000002711253,0.06847231654820762,0.5838103561809169,0.6186426698697445,1.0,0.20557789796861503,0.18067193449384678,-4.0194515880319005e-13,-0.22828563105362024,0.2474570679478978
2015-01-20,19,0.9999999999856368,0.3499833402560931,0.007538609721459529,0.0724689265098751,0.5833055670934886,0.6187562473868726,0.9999999999811825,0.20504154608984163,0.1807745785271596,1.758562016870536e-13,-0.2283361099506265,0.24750249895474907
2015-01-27,19,1.0000000000710958,0.3498501079188867,0.23915255644496308,0.07580049688383311,0.5830835131981446,0.6295602857161186,1.0,0.3147801428580593,0.14866689683876216,2.51003762922925e-12,-0.2283583153603507,0.24752248382173994
2015-02-03,19,1.0000000000252953,0.35840152634121414,0.05540005726956544,0.08218714357177967,0.597335877235357,0.6349104784753571,1.0,0.31745523923767854,0.15000000000805594,3.827300561563038e-12,-0.2269330789539766,0.24623977105253075
2015-02-10,19,0.9999999999945577,0.3595659488816694,0.06066963138716053,0.08702738739761068,0.599276581469449,0.6359690444031708,0.9999999999946828,0.3179845222015854,0.1500000000067246,3.872375062522873e-12,-0.2402170255564247,0.24606510766579742
2015-02-18,19,1.000000000005158,0.3575884107450053,0.25000000000513134,0.08715178732089715,0.5959806845750089,0.6159043459722843,1.0,0.19995470330407542,0.18117565342231629,3.871975584386233e-12,-0.24120579462878552,0.24636173838891373
2015-02-25,19,1.000000000019583,0.13437221563014057,0.23808933358091572,0.09566127833292264,0.22395369271690097,0.6996104191454877,1.0,0.09545454545786493,0.1812496287556368,5.063351078641674e-12,-0.3169582243176509,0.2798441676581951
2015-03-04,19,1.0000000000508007,0.10000000003073159,0.1474531380193184,0.09201953836354165,0.166666666717886,0.7125000000067452,1.0,0.09488830703592784,0.17423422379834336,8.563038009059834e-12,-0.3000000000063476,0.2850000000026981
2015-03-11,19,1.000000000095546,0.08007408820369305,0.03716512191469831,0.08968848966581171,0.13345681367282175,0.7199722169594448,1.0,0.09098291991848956,0.17179622137763007,1.502383468071175e-11,-0.31245340932633775,0.28798888678377793
2015-03-18,19,0.9999999999953593,-0.04934896692767066,0.22169279996007757,0.09999999999972897,0.08224827821278444,0.768505862593921,0.9999999999952843,0.1242271337881263,0.14655292818794574,1.4451800584360066e-11,-0.37920543016440256,0.3074023450375684
2015-03-25,19,1.0000000000225682,-0.028698327447911454,0.023956242415936097,0.100000000002674,0.04783054574651909,0.760761872799682,0.9999999999973666,0.1340712838130103,0.1470340979127054,1.414570412038606e-11,-0.36788374008248315,0.3043047491198728
2015-04-01,19,1.0000000000101756,-0.01477884594955478,0.014660079990890362,0.10000000000065122,0.024631409915924635,0.7555420672347835,1.0,0.14124373724509057,0.14714036578112832,1.3625005800064273e-11,-0.3613703700017638,0.3022168268939134
2015-04-09,19,1.0000000000108467,-0.01244659202327214,0.20668675183390495,0.10000000053334104,0.0207443200387869,0.7546674720123148,1.0,0.24347875886349374,0.04688151149626041,1.0049836537013749e-12,-0.360088649906944,0.3018669888049259
2015-04-16,19,1.0000000000013647,-0.02280381398155687,0.2500000000008292,0.10000000004334748,0.03800635663592812,0.7585514302429767,1.0,0.2964899877162354,0.015755389665102183,8.858860000928064e-14,-0.365506288038335,0.3034205720971907
2015-04-23,19,0.9999999999923455,-0.017895973517387614,0.10632440198512468,0.10000000000103462,0.029826622528979357,0.7567109900599068,0.9999999999909147,0.3162977527904732,0.015441258852484142,-5.735658607582191e-13,-0.36258191963607117,0.30268439602396274
2015-04-30,19,0.9999999999818064,-0.009878458468832091,0.03788441823516798,0.09999999999836946,0.016464097448053487,0.7537044219025874,0.9999999999725849,0.3199265848282363,0.015553412895621337,-1.6024870629880142e-12,-0.36064106442234883,0.30148176876103494
2015-05-07,19,1.0000000000275218,-0.006016146927317834,0.00795936026026724,0.1000000000298556,0.010026911545529723,0.752256055101658,1.0,0.3198633756803473,0.015737236731199214,3.5919897134116174e-12,-0.3591596729014917,0.30090242204066325
2015-05-14,19,1.0000000000117237,-0.015384562536817137,0.11607636776503556,0.10000000000037415,0.025640937561361897,0.755769210949887,1.0,0.30393855977609274,0.016944420101282793,1.9483742906190713e-12,-0.3688193056942565,0.3023076843799548
2015-05-21,19,1.000000000021015,-0.006785110068441874,0.07593832100215031,0.10000000051575939,0.011308516780736457,0.7525444162791902,1.0,0.3034573262323634,0.01824376725143435,3.38866255911355e-12,-0.3708921447026225,0.3010177665116761
2015-05-29,19,0.9999999999959088,-0.002917800041140256,0.09599391245358811,0.09999999999986264,0.004863000068567094,0.747720864135721,0.9910045043352776,0.29387976952383926,0.005201870901387496,-2.328649957801546e-13,-0.3711671200142281,0.29908834565428843
2015-06-05,19,1.000000000015181,-0.0005827806359945675,0.20956362469569315,0.09369684881343887,0.000971301059990946,0.7404662245207853,0.8338189838757281,0.29388135096670426,0.01194166129822804,1.496047054957097e-12,-0.3702331122603926,0.19825937111892086
2015-06-12,19,1.0000000000787992,0.10000000004358689,0.25000000004375134,0.08977377144236194,0.1666666667393115,0.779290676584882,0.750000000011505,0.389645338292441,0.00999999999559086,1.0388179730299458e-11,-0.33000000000496926,0.1020783295330446
2015-06-19,19,0.9999999999897727,0.09999999999967783,0.007379933634793695,0.08966624403491125,0.16666666666612973,0.7794404087060376,0.7499999999924136,0.3897202043530188,0.010000000002941855,1.0488457298377213e-11,-0.3299999999962306,0.10233214665508354
2015-06-26,19,1.0000000000212301,0.10441093907234711,0.25000000001152634,0.08536766720282836,0.17401823178724518,0.6555890609439012,0.8002202794104915,0.2817914930048484,0.010000000002201519,1.2034597289661505e-11,-0.3277945304719506,0.25437140105276074
2015-07-06,19,1.0000000000085045,0.10609142435818272,0.06503056439155509,0.08574273067958733,0.1768190405969712,0.7102157158671849,1.0,0.25266971654424936,0.009999999999720536,6.52549414589585e-13,-0.32695428782297226,0.284086286346874
2015-07-13,19,1.0000000000458094,0.34675899216211087,0.2500000000498372,0.05754530521283509,0.5779316536035182,0.7334172656304279,1.0,0.36670863281521393,0.009999999992733738,1.9011895191370404e-12,-0.20662050391720688,0.2479861511749119
2015-07-20,19,1.0000000000119407,0.39999999998187064,0.17182797769569985,0.057236962474832745,0.6666666666364511,0.8727272727424836,0.7500000000171002,0.4363636363712418,0.009806119236283408,-1.4733745842534793e-12,-0.1800000000016654,0.19290821131901512
2015-07-27,19,0.9999999999947659,0.5000000000177176,0.21518827037507082,0.05715821573739709,0.8333333333628627,0.8727272727362319,0.9999999999948191,0.4363636363681159,0.0099999999927663,-2.453568742512131e-12,-0.1410550628643501,0.22499999998981274
2015-08-03,19,1.0000000000305227,0.4999999999803365,0.10730694150499401,0.05709008235472271,0.8333333333005609,0.8727272727270393,1.0,0.43636363636351966,0.009999999996163285,4.880359178369278e-13,-0.12956821044154188,0.22500000000406295
2015-08-10,19,1.0000000000135494,0.2452031038471818,0.25000000000061817,0.07694731381727452,0.408671839745303,0.6580488360609325,1.0,0.320546865389423,0.009999999999721575,1.9983634327922868e-13,-0.22791776544234946,0.263219534424373
2015-08-17,19,1.0000000000398084,0.21081756911822816,0.05113741426979179,0.07543937271141905,0.3513626151970469,0.6709434115937885,1.0,0.30622438297092647,0.0098961829595214,1.58207114162839e-14,-0.22744248962394545,0.2683773646375154
2015-08-24,19,0.9999999999863654,0.1062929744025278,0.13172707361968983,0.0883754247052435,0.17715495733754635,0.7101401345794262,0.9999999999771219,0.25314648719604277,0.009999999998131148,9.838887663934703e-13,-0.268951170923529,0.28405605383177046
2015-08-31,19,1.0000000000116676,-0.041315666425440545,0.25000000000936473,0.09815448094153253,0.06885944404240091,0.7654933749130421,1.0,0.17934216678837975,0.010000000001977153,-1.9281850464723778e-13,-0.2841315666441841,0.30619734996521686
2015-09-08,19,0.9999999999924462,0.13278546063894328,0.25000000000931855,0.09031956334385163,0.22130910106490548,0.6954322211824804,0.987271383813848,0.14924623520723296,0.04209594482482618,1.8941779868365732e-13,-0.25533840319037676,0.27817288847299215
2015-09-15,19,1.0000000000706637,0.2654368990773114,0.14328702425860024,0.08673584244058989,0.442394831795519,0.6406311819186594,0.9737867174703319,0.14983817902002533,0.08681226292246606,-2.2605403666521023e-12,-0.23345631010371737,0.25625247276746377
2015-09-22,19,1.0000000000134999,0.384267090383806,0.2500000000109243,0.09032494058215058,0.6404451506396768,0.6001405392425924,0.9846418616940256,0.08728594338873155,0.20000000000208765,-3.2168894600913617e-12,-0.22000000000851105,0.24005621569703695
2015-09-29,19,1.0000000000175107,0.2893078240881261,0.11245852334309908,0.08805569711284265,0.48217970681354355,0.633093489579209,0.9775571296161708,0.04802034260706787,0.20000000000068394,2.8491848359015514e-13,-0.24857602213820598,0.2532373958316836
2015-10-06,19,0.9999999999860143,0.3031018392269194,0.1537081114444988,0.0690594516316782,0.5051697320448657,0.636336810278102,0.999999999986921,0.05155091961285646,0.19999999999717724,-3.794893435811782e-13,-0.22748825925580596,0.2545347241112408
2015-10-13,19,1.0000000000037366,0.29911129039056694,0.009058062211110052,0.06817541641697929,0.4985188173176116,0.6332964076536304,0.9879017107965858,0.05189897810336313,0.19947141047361255,1.9059791770605197e-13,-0.22754079884156728,0.2533185630614522
2015-10-20,19,1.0000000000488791,0.05617116264194899,0.25000000004003575,0.07070227859628718,0.09361860440324832,0.7232246126294131,0.9847701296211602,0.052663247127006506,0.07770681475972617,4.4525278035844666e-13,-0.33684814758075005,0.28928984505176525
2015-10-27,19,1.0000000000271017,0.19999999999877832,0.2500000000168878,0.0699576331181332,0.3333333333312972,0.6709283539521493,1.0,-0.0019741314297812215,0.19891422772170814,-0.00542886140215481,-0.26365908102117536,0.26837134158085973
2015-11-03,19,1.0000000000969036,0.10612299911382574,0.2500000000425015,0.07346683190803739,0.17687166518970956,0.6450742445726492,0.7482198836893305,-0.002021423368452508,0.19782014736623607,-0.005558914258562487,-0.3225371222863246,0.23654344522373322
2015-11-10,19,0.9999999999814974,0.11955582256747423,0.24011279923322823,0.07435822987726318,0.1992597042791237,0.6495702279453435,0.7418859881656621,0.010422392581800657,0.25627629603545476,0.0458585273488849,-0.32478511397267174,0.13206662660939478
2015-11-17,19,0.9999999999684189,0.12051653457262142,0.009368120344974029,0.07371685212115531,0.20086089095436904,0.6490578481923157,0.7424355874911446,0.010436083160506714,0.25668637371660175,0.04591876590882625,-0.32452892409615786,0.1319225198058616
2015-11-24,19,1.0000000000325557,0.11748109497734689,0.019012280315586973,0.07290926460097777,0.19580182496224482,0.651267881355562,0.7408716702785186,0.010383413219076728,0.25611259557231075,0.045687018128281055,-0.325633940677781,0.13237783575990467
2015-12-02,19,1.000000000024453,0.12304873738244086,0.2500000000202651,0.0729397787279861,0.20508122897073477,0.6482510708020599,0.7329387910019207,0.07634382647581407,0.1956593062559914,0.0008363711659852286,-0.32412553540102995,0.13154268940053165
2015-12-09,19,1.000000000026692,0.1349004252673649,0.25000000002539047,0.0675404295175228,0.22483404211227484,0.6423484306338789,0.8478295735996576,0.07523162884171732,0.07835215854650632,0.0008229185042874166,-0.32030907198757735,0.25693937225355157
2015-12-16,19,1.0000000000007956,0.13753367407389824,0.2500000000002982,0.07124881116361102,0.22922279012316374,0.6984248722225389,1.0,0.1652781588942673,0.04221299562506751,2.8452041678721344e-14,-0.3202223451226654,0.27936994888901556
2015-12-23,19,1.0000000000312796,0.023193421142886195,0.25000000002293865,0.08469754392917281,0.038655701904810325,0.7413024670811313,1.0,0.22603710142856528,0.0245626231803307,2.8146590092069914e-13,-0.36509576632564034,0.29652098683245254
2015-12-31,19,1.0000000000031073,-0.11301791725113666,0.2132585761568124,0.10000000042869002,0.1883631954185611,0.8371852620813615,1.0,0.24703700599831682,1.6702975137173882e-12,1.0951847935189796e-12,-0.41859263104068073,0.3169526875880732
2016-01-08,19,1.0000000000183529,-0.10313086314068384,0.04577837134535474,0.10000000001083599,0.17188477190113974,0.8307810850471455,1.0,0.2523915475284637,6.0220270386805594e-12,9.543753968546546e-13,-0.41539054252357277,0.3154696294733096
2016-01-15,19,1.0000000000156881,0.06516615511105056,0.21069285840776397,0.10000000834920611,0.1086102585184176,0.7255626918382875,1.0,0.3308184541857159,5.304617025905414e-12,-1.5665044844843985e-13,-0.3622106830402928,0.290225076735315
2016-01-25,19,0.9999999999776573,0.19175034678221575,0.1269078361442107,0.10000000001150228,0.31958391130369296,0.6820955696406727,0.9999999999737188,0.3410477848203364,0.013861984298572735,7.65363278730374e-13,-0.3276608464514355,0.27123744797385096
2016-02-01,19,1.0000000000283895,0.2992048667810423,0.12040482776950946,0.10000000031022124,0.49867477796840387,0.7636363636441841,1.0,0.38181818182209204,0.013227315572832219,-1.3895797066173795e-12,-0.2828504297480499,0.2551192699851779
2016-02-08,19,1.0000000000132225,0.2608627137667849,0.2500000000146584,0.10000000000318794,0.4347711896113082,0.6520605055743314,0.9996907286257797,0.2619003441402655,0.040853945765676955,-1.7040397468711036e-12,-0.2985542094026917,0.26082420222973257
2016-02-16,19,1.00000000000804,0.30121308843413974,0.2500000000067951,0.0896391145790057,0.5020218140568996,0.6289219097641143,0.9783381811363383,0.15630970706355005,0.04969930389640819,-1.6980919820512995e-12,-0.27963696603355925,0.25156876390564575
2016-02-23,19,1.0000000000032407,0.31687000525143133,0.25000000000123146,0.09153072277839361,0.5281166754190523,0.6311737480311298,1.0,0.05779510735286958,0.1676141196388083,-1.4268184922658336e-13,-0.2716251153879761,0.25246949921245193
2016-03-01,19,0.9999999999893756,0.3677854925676224,0.16673909738688097,0.09999999999897527,0.6129758209460373,0.6120804402773298,0.9999999999908636,0.05338629308925147,0.1999999999969176,5.087939637576437e-13,-0.23610725370674235,0.24483217611093194
2016-03-08,19,1.0000000000558702,0.36789247224400407,0.25000000005679923,0.09961666324435102,0.6131541204066735,0.42748703999932924,0.7500000000098371,0.05435158819362718,0.20000000000199536,-4.546813598317941e-12,-0.21374351999966462,0.09833614146679742
2016-03-15,19,1.0000000000225777,0.39239044894961034,0.2500000000097474,0.1000000228470234,0.653984081582684,0.4000000000057085,0.7500000000150346,0.00976056112312329,0.20000000000285426,-6.729823382599741e-12,-0.16957902824964177,0.02188427271097117
2016-03-22,19,1.0000000000493052,0.24567407880048578,0.2227248848683531,0.1000000000014355,0.40945679800080964,0.5156789698307811,0.7500000000254108,-1.8210639743560638e-11,0.20000000000684645,-3.058134117943971e-12,-0.25783948491539055,0.06129777636214786
2016-03-30,19,1.000000000001048,0.2392562276143925,0.13987975730560928,0.10000008359400256,0.39876037935732084,0.5608153607624835,0.7827135230126584,-4.103809659444196e-13,0.20915978644356506,2.0139960960297247e-14,-0.28040768038124175,0.06911156585797223
2016-04-06,19,0.9999999999825505,0.238750509839105,0.02295031159967619,0.10000000000138996,0.39791751639850836,0.5610121003879972,0.7822920915286736,-4.139327403002875e-12,0.20904178562717476,-1.6805003195430795e-12,-0.2805060501939986,0.06918742352293114
2016-04-13,19,1.0000000000007638,0.28715042722631906,0.2500000000009747,0.10000000034185555,0.47858404537719845,0.5302796582193252,0.6577645389881182,0.008992408202081381,0.2569646899586703,0.03956659608812861,-0.2651398291096626,0.06192743591605717
2016-04-20,19,0.9999999999828019,0.05346314240927627,0.25000000001702505,0.09999999999661359,0.08910523734879379,0.5336337616047747,0.7649821851783408,0.009143450012944023,0.18310321015831682,0.04023118007003763,-0.26681688080238736,-0.05219099747492836
2016-04-27,19,1.000000000034606,-0.03570425416865086,0.19023612583401417,0.10000000320587268,0.05950709028108477,0.5748404696138589,1.0,0.013636363641343635,0.20714746226171357,0.059999999999283224,-0.28742023480692946,-0.0649365621775718
2016-05-04,19,0.9999999999664828,-0.030008171535157266,0.18333261487907093,0.0999999999969073,0.05001361922526211,0.6087535890521341,0.9771953344431632,0.013636363634919763,0.2479781245503303,0.05999999999602587,-0.30437679452606703,-0.036051864494380664
2016-05-11,19,1.000000000003987,-0.04556427560690675,0.25000000000380096,0.09966438946827078,0.07594045934484459,0.6189963600477472,0.9893960851679967,0.08717564344327122,0.14877286383408497,0.060000000000197465,-0.3094981800238736,-0.03609759526619416
2016-05-18,19,0.9999999999928195,-0.0476765646359853,0.022758205265940818,0.09999999999963238,0.0794609410599755,0.6189528614192883,0.9999999999858002,0.08767369738130174,0.14821503185799859,0.05999999999841752,-0.30947643070964415,-0.03784851530356288
2016-05-25,19,0.9999999999853647,0.11981296694000412,0.2500000000150214,0.10000000008421668,0.1996882782333402,0.46389083628763966,0.9999999999688945,0.08867094179421627,0.14849098400893512,0.05999999999625663,-0.23194541814381983,-0.08736422021524207
2016-06-02,19,0.9999999999983608,0.16548282429150743,0.0668640302524751,0.09938218845469965,0.2758047071525124,0.4336862999878796,0.9999999999965894,0.0906666773102254,0.1503760428919491,0.059999999999689024,-0.2168431499939398,-0.09408977190337062
2016-06-09,19,1.0000000000108342,0.15729475767672121,0.18093319803813593,0.09975529263622111,0.26215792946120203,0.4941641938617789,1.0,0.10909090908877857,0.15394116188003187,0.060000000000514864,-0.24708209693088945,-0.06859421365052779
2016-06-16,19,0.9999999999908002,0.18475923654424964,0.2500000000049477,0.09567584723847533,0.30793206090708275,0.4740556981571216,0.9922371358212239,0.036137928335380404,0.2369086891359171,0.05999999999840216,-0.2370278490785608,-0.0712001269688551
2016-06-23,19,1.0000000000369689,0.17625364908755142,0.2500000000299154,0.08006371058361073,0.2937560818125857,0.4719778424972768,0.994650939080125,-0.06575010713439226,0.2359889212486384,0.06000000000470474,-0.15000000000075933,-0.07039498048044893
2016-06-30,19,0.9999999999567685,0.09999999998285738,0.2500000000394301,0.08527467335568702,0.16666666663809565,0.5636238919444128,0.9999999999688072,-0.09881635174299859,0.2818119459722064,0.059999999996951436,-0.149999999993493,-0.05999999999879496
2016-07-08,19,1.0000000000253517,0.2685757666070574,0.25000000002179407,0.07795122214121804,0.447626277678429,0.56814850039241,1.0,-0.04610192427728115,0.284074250196205,0.06000000000405135,-0.08587953364236882,-0.12135412731415485
2016-07-15,19,0.9999999999903383,0.01549818118546653,0.2500000000166551,0.08754915059479669,0.025830301975777552,0.5572068425941411,0.9999999999830536,-0.15144308401497578,0.27860342129707055,0.05999999999856232,-0.14811008360748681,-0.04732472717680693
2016-07-22,19,1.0000000000001519,0.14796084483002073,0.25000000000147404,0.07888108214262703,0.24660140805003455,0.4464301699943277,1.0,-0.012357581156017218,0.22321508499716386,0.06000000000000872,-0.14999999999998825,-0.06719412672453791
2016-07-29,19,1.0000000000221934,0.10609433196381196,0.1105602948661567,0.08164317475088752,0.1768238866063533,0.4008408160394157,0.9796855601340253,-0.013636363643000526,0.20042040801970784,0.06000000000033794,-0.1500000000004199,-0.056952834019985674
2016-08-05,19,1.000000000003834,0.09561731986642807,0.009745870240169596,0.07749091867246945,0.15936219977738014,0.3977782057750195,0.991150136422998,-0.015530244520761098,0.19888910288750974,0.06000000000019362,-0.1518187875438972,-0.05761687458237652
2016-08-12,19,0.999999999997419,-0.13414976029842215,0.25000000000082134,0.0968735105329254,0.2235829338307036,0.48682145381707415,0.9766775540217226,-0.013636363636840822,0.1676473991629526,0.05999999999970929,-0.24341072690853707,-0.020329658990274446
2016-08-19,19,0.9999999999802066,-0.39229247617294927,0.2500000000127466,0.09932133595956533,0.6538207936215822,0.6329745284637832,0.9755157146130743,-0.013636363641481039,0.08179842222204553,0.05999999999556975,-0.3164872642318916,0.018618307071166906
2016-08-26,19,0.9999999999912363,-0.23935630754526388,0.24999999999876393,0.07912156199255933,0.39892717924210647,0.3899973147470803,0.9946553325102336,-0.013636363638414514,0.08180985311380053,0.059999999998762925,-0.19499865737354016,-0.030987420575004684
2016-09-02,19,0.999999999995427,-0.10000000000238235,0.1606047009479177,0.07852519289610915,0.16666666667063726,0.29999999999336296,0.9850139022751391,0.025433524369313686,0.07999999999774414,0.05999999999888396,-0.14999999999668148,-0.07207771094522182
2016-09-12,19,1.0000000000498663,-0.10490215364531033,0.25000000004273526,0.09076546370452923,0.1748369227421839,0.5409980531468132,0.8803308463592152,0.10771741569953652,0.08000000000447442,0.06000000000342582,-0.2704990265734066,-0.050841372973590454
2016-09-19,19,0.9999999999893487,-0.2000000000031355,0.10256866150241929,0.09677095024164917,0.3333333333385592,0.6005262258119244,0.9999999999855207,0.07777503373365864,0.0799999999982868,0.06000000000054831,-0.3002631129059622,-0.05976319837924682
2016-09-26,19,1.0000000000074247,-0.1988028225626284,0.25000000000749845,0.09032924914010107,0.3313380376043807,0.680219157170475,0.996009408551351,0.12247090245185654,0.10328742295847627,0.17643711478910426,-0.3401095785852375,-0.023302790556386926
2016-10-03,19,1.0000000000648945,-0.18616463958899204,0.25000000007263357,0.08678826957208231,0.31027439931498674,0.7,1.0,0.169258720050664,0.11000000000028279,0.21,-0.3430823198152564,-0.017075304057928453
2016-10-10,19,0.999999999958489,-0.20000000002697926,0.06830545064101655,0.08664534231675836,0.3333333333782988,0.6999999999726155,0.999999999970246,0.16818181815458771,0.10999999999057053,0.2099999999870397,-0.34999999998630776,-0.014999999998887847
2016-10-17,19,1.0000000000001983,0.039119607011448676,0.2500000000000344,0.06262063307276498,0.06519934501908113,0.699999999999959,1.0,0.2877416216864824,0.1100000000000135,0.2099999999999877,-0.2304401964919436,-0.05086794105172472
2016-10-24,19,1.0000000000371134,0.10000000002198386,0.2048399107559152,0.05869371949488346,0.16666666670330646,0.6995017527621638,1.0,0.21814784678128543,0.15664175431411606,0.2098505258286491,-0.20000000000252724,-0.059999999999755
2016-10-31,19,1.000000000055271,0.19216707229515345,0.08823819453766091,0.055372398941056576,0.32027845382525577,0.7,0.7757845968426832,0.21426535434428562,0.1800000000044037,0.21,-0.19003901947408672,-0.03010305722284151
2016-11-07,19,0.9999999999459662,0.18664189875321222,0.24999999999506,0.03384502353131533,0.3110698312553537,0.6999999999420583,0.7661796972466955,0.1307334072461025,0.17952569697580256,0.20999999998261748,-0.09058533818684494,-0.06595745276938249
2016-11-14,19,0.9999999999979741,0.4249828535413708,0.24999999999678474,0.05840919696319946,0.7083047559022847,0.6972038117844109,0.7447571470989123,0.13288166030507384,0.17784134642025232,0.20916114353532328,0.03229004381599547,0.01209454807086131
2016-11-21,19,1.0000000000676168,0.2000554153183178,0.25000000006020107,0.06880512544847808,0.33342569219719637,0.7,0.7499999999999999,0.01357986337316259,0.17999999999801292,0.21,-0.05566376633287239,0.045479852254658414
2016-11-29,19,1.0000000000468574,0.17208078756938053,0.25000000005700374,0.051582134342607,0.28680131261563424,0.6974881631280206,0.7452903058650386,-0.005803690588866544,0.18559966593179053,0.2092464489384062,-0.15530107685621872,0.07402249302399055
2016-12-06,19,1.000000000060512,0.12981094493172257,0.13526052611259728,0.05924194729236709,0.2163515748862043,0.6532072966087932,0.662263681141487,-0.030463138891970488,0.17128291864436124,0.19596218898263795,-0.18807562202366926,0.08552835827841607
2016-12-13,19,1.0000000000547835,0.11588681153839193,0.250000000052368,0.06032935944273808,0.1931446858973199,0.499999999994867,0.49135822467595125,0.07221938006667883,0.10965432897647455,0.1499999999984601,-0.19364527539387466,0.08761697829616556
2016-12-20,19,1.0000000000447604,0.12109744559064878,0.25000000004561007,0.06064241207520995,0.20182907598441463,0.5349653545092078,0.8473391661572901,0.07294809400191159,0.10060434470187564,0.14952282070792772,-0.19195208615009718,0.2139861418036831
2016-12-28,19,1.0000000000461924,0.12579448211833205,0.25000000004776635,0.06013271540819651,0.20965747019722009,0.5926636275259528,1.0,0.17047797160725603,0.05220680191336553,0.14980315964499627,-0.19263303516109653,0.23706545101038112
2017-01-05,19,1.0000000000360267,0.1278985644425583,0.25000000005091244,0.039195817783902576,0.2131642740709305,0.5000568677591205,0.9913305850525116,0.16964318684148616,0.02204008283225863,0.14999999999571303,-0.09686175824974196,0.2000227471036482
2017-01-12,19,0.9999999999966795,0.1969736963624263,0.24999999999918715,0.04094898151311462,0.32828949393737716,0.561382415472604,0.9899123210137211,0.280691207736302,-0.042555336469878906,0.1499999999955332,-0.07999999999592261,0.19348684815208014
2017-01-20,19,1.000000000037099,0.1958402114699727,0.2500000000356023,0.04516796314809627,0.3264003524499545,0.6818181818562105,0.9861340381296034,0.34090909092810523,-0.13973589521697352,0.14999999999475117,-0.06525013281251732,0.18462330543057826
2017-01-27,19,1.000000000052555,0.19336479205833373,0.20860080654723415,0.049475847459864594,0.3222746534305562,0.681700941431179,0.9789573440495279,0.3408504707155895,-0.1600322411235182,0.1498387943986016,-0.027141887648576633,0.1778388827960927
2017-02-03,19,0.9999999999790867,0.10041930341506723,0.13184457932277938,0.051956719700361885,0.16736550569177872,0.6818181817866187,0.668064344719153,0.34090909089330934,-0.15979034827731803,0.14999999999672242,-0.030000000002056413,0.1452096517085448
2017-02-10,19,1.0000000000321267,0.10000000000075263,0.20955552205815084,0.053384841473244515,0.16666666666792104,0.8818181818348247,0.666666666682317,0.44090909091741237,-0.16000000000175624,0.1499999999994635,-0.02999999999931984,0.04500000000123421
2017-02-17,19,1.0000000000624147,0.1025426246328125,0.004261157612054197,0.05332879105566005,0.17090437438802084,0.8843608064918324,0.6687855205645992,0.4421804032459162,-0.15956395831003015,0.14999999999861183,-0.02983294587566382,0.04474941881699403
2017-02-27,19,0.9999999999840246,0.0999999999954965,0.10411728949105699,0.05149382869840909,0.16666666665916083,0.88181818178916,0.6666666666512571,0.44090909089458,-0.15999999999578327,0.14999999999562744,-0.02999999999949356,0.04499999999897014
2017-03-06,19,0.9999999999824439,0.10774094446397171,0.014353096149857913,0.05222267789735746,0.1795682407732862,0.8773970312473969,0.6629823745308158,0.43869851562369844,-0.15999999999605644,0.14999999999536115,-0.025171873881252204,0.04201454407763417
2017-03-13,19,0.9999999999994152,0.10436441005820019,0.013766913998098568,0.05047860094660242,0.17394068343033364,0.8746196416249936,0.6606678831730851,0.4373098208124968,-0.15999999999985268,0.1499999999998395,-0.02949451392963082,0.042610895953257864
2017-03-20,19,0.9999999999919355,0.10796696593188847,0.25000000001144196,0.06979027567696365,0.1799449432198141,0.8780792848214981,0.6635509191727356,0.43903964241074905,-0.1599999999983969,0.14999999999880806,-0.12209034397053063,0.04204907567226158
2017-03-27,19,1.000000000022352,0.1000000000027413,0.0713468683774943,0.0801469321120205,0.1666666666712355,0.8812995503723555,0.6666666666839278,0.44064977518617776,-0.1600000000008536,0.14999999999953967,-0.1500000000013376,0.0441442580837391
2017-04-03,19,0.9999999999945528,0.0999999999963024,0.0036976503623209755,0.07941491583491372,0.166666666660504,0.8813981437343149,0.6666666666585814,0.44069907186715745,-0.15999999999900297,0.14999999999945937,-0.1499999999991416,0.044306937178712445
2017-04-10,19,0.9999999999913278,0.2448340380844151,0.15268186194271555,0.0575248193998497,0.4080567301406918,0.9999999999819669,0.7873616983908059,0.49999999999098343,-0.15999999999731732,0.1499999999994575,-0.07758298095464584,0.0009422479522887608
2017-04-18,19,0.9999999999926511,0.24499407726592276,0.011922442106789471,0.057368390141483816,0.4083234621098713,0.999999999985453,0.7874950643780488,0.4999999999927265,-0.15999999999836093,0.14999999999942357,-0.07750296136393235,0.0007852026112789358
2017-04-25,19,1.0000000000698481,0.04781931206253293,0.2500000000528849,0.061499764047626145,0.0796988534375549,0.8050597657515364,0.6266233011368828,0.4025298828757682,-0.14724887733644487,0.14793567538360677,-0.17962786565086777,0.039003170255967654
2017-05-02,19,1.0000000000825957,0.040994739479355495,0.16362426393690688,0.04968102696714782,0.06832456579892583,0.7999816908398766,0.6226366068274318,0.3999908454199383,-0.14691487106701223,0.14691540568093198,-0.1455211755937789,0.0409890337513622
2017-05-09,19,0.9999999999974667,0.09657558921185812,0.24999999999896916,0.041069809275910585,0.16095931535309688,0.8471449560753205,0.6638129910038012,0.42357247803766024,-0.1600000000021434,0.14999999999892913,-0.08136976430744157,0.016027323240578012
2017-05-16,19,1.000000000034504,0.2649198947865846,0.1702887890233402,0.04016251401702435,0.44153315797764103,1.000000000023658,0.8040999123485871,0.500000000011829,-0.13752943166809858,0.15000000000054153,-0.0814437470899614,-0.009196579065748566
2017-05-23,19,1.0000000000123166,0.2651048560463406,0.2500000000073329,0.05087449112740824,0.44184142674390103,1.000000000008261,0.8042540467117493,0.5000000000041305,-0.06286283374433346,0.15000000000085087,-0.17966779058565843,0.02760969305761628
2017-05-31,19,1.0000000000352236,0.2695993257126398,0.2500000000214056,0.05849001336698615,0.44933220952106634,1.0000000000294562,0.8098933405300466,0.5000000000147281,0.029772731710746198,0.14886365855447367,-0.24346689143386835,0.046349099533877
2017-06-07,19,0.9999999999687621,0.2741949479106774,0.25000000001855766,0.0562757577809244,0.456991579851129,0.9999999999526937,0.8174235775132074,0.49999999997634686,0.029328665485683483,0.14664332742508707,-0.25354801387516024,0.044123653455183834
2017-06-14,19,1.000000000040899,0.2799999999803666,0.1832101556843231,0.057051848018486284,0.4666666666339444,1.000000000008198,0.8166666666802259,0.500000000004099,0.029999999999515036,0.15000000000173822,-0.25178678034526814,0.01800000000226332
2017-06-21,19,1.0000000000008487,0.2688944212764446,0.250000000000582,0.05027485186849123,0.4481573687940743,0.990364859660375,0.8941837795870313,0.4951824298301875,0.030000000002303046,0.15000000000173633,-0.1650126782238156,-0.1531566960421024
2017-06-28,19,1.0000000000102565,0.2793876973714955,0.25000000000545586,0.0629722654653952,0.46564616228582584,0.9994433612543643,0.8815433130095961,0.49972168062718214,0.030000000000089434,0.1500000000002669,-0.20168457758154312,-0.15379733810095275
2017-07-06,19,1.0000000000581606,0.2749624624722261,0.012072834181522465,0.05840930510821888,0.45827077078704354,0.9954204204685533,0.9301318485125567,0.49771021023427664,0.03000000000116142,0.1500000000015189,-0.19609829698468195,-0.16204364268950366
2017-07-13,19,1.0000000000808769,0.27999999996355285,0.010671392649848142,0.05882229962092663,0.46666666660592143,1.0000000000329503,0.9012847243892596,0.5000000000164752,0.029999999999055615,0.15000000000180091,-0.19795972525660235,-0.15775052123994476
2017-07-20,19,1.000000000051865,0.27980258454652035,0.25000000001926503,0.06910663981189605,0.46633764091086727,1.000000000029153,0.8167763419472698,0.5000000000145765,0.02996709742975118,0.14983548712367165,-0.2915947165384625,0.005209157778231182
2017-07-27,19,1.0000000000061262,0.2799326884062941,0.01169710204729646,0.06985873030075353,0.4665544806771568,0.9998589429052043,0.8166105736602225,0.49992947145260214,0.03000000000535178,0.15000000000383326,-0.2909079529828928,0.005130357644608558
2017-08-03,19,1.0000000001077545,0.28665579830786714,0.25000000008912493,0.07364603747013625,0.47775966384644525,1.0000000000870797,0.822213165311636,0.5000000000435398,0.030000000009543157,0.15000000000792582,-0.28482137896037546,0.0047200123619479725
2017-08-10,19,1.0000000000810514,0.299766418981714,0.1631096197070055,0.07341437084765642,0.4996106983028567,1.0000000000441447,0.8331386825049646,0.5000000000220723,0.030000000012850577,0.1500000000107702,-0.2781794722401579,0.0024321173183651755
2017-08-17,19,1.0000000000153584,0.2985982921656805,0.25000000000335654,0.053867627605255985,0.4976638202761342,1.0000000000091471,0.9240966197344999,0.5000000000045736,0.029794099475215382,0.14897049737643703,-0.15160922932748144,-0.16483772226119126
2017-08-24,19,0.9999999999608142,0.2999159025075363,0.029407598808992012,0.052347472500377995,0.4998598375125605,0.9999999999283133,0.999999999924164,0.49999999996415667,0.030000000000507128,0.14999999999163546,-0.14228597405152632,-0.17998738536704312
2017-08-31,19,1.0000000000321658,0.29999999999114557,0.24552276914664867,0.061215591816541313,0.49999999998524264,1.0000000000120262,1.0,0.5000000000060131,0.02999999999952575,0.1500000000014474,-0.16557667609703147,-0.1799999999952058
2017-09-08,19,1.000000000001185,0.29510015631277264,0.014376020567990894,0.06092277043574285,0.4918335938546211,0.9972487487043502,1.0,0.4986243743521751,0.029662364053823775,0.1483118202606204,-0.16748330728180505,-0.17926502344675294
2017-09-15,19,0.9999999999603629,0.29801992274360745,0.11485335555618281,0.05954101700401991,0.4966998712393458,0.9990446227984279,0.9999999999416644,0.49952231139921394,0.02983897569636932,0.14919487848797156,-0.17719468725231882,-0.17970298840519983
2017-09-22,19,0.9999999999854522,0.29542416660157356,0.007200633806928224,0.0580835395122539,0.4923736110026226,0.9969992122896176,0.9999999999744205,0.4984996061448088,0.029760452734668586,0.1488022636750357,-0.1759236953431129,-0.1793136249870565
2017-09-29,19,0.9999999999976215,0.10759105523301757,0.1939012731958348,0.05954978847543242,0.17931842538836262,0.9295720401517102,0.9999999999964203,0.4647860200758551,0.010831559512056756,0.054157797561105205,-0.2262044723819516,-0.15113865828466608
2017-10-06,19,1.0000000000697336,0.10000000004529278,0.019989310359663143,0.05983464517480134,0.16666666674215463,0.9233096588788314,1.0,0.4616548294394157,0.010722642979005237,0.05361321484757909,-0.2300000000060814,-0.14999999999971228
2017-10-13,19,1.000000000015754,0.10000000000915091,0.013600342501339013,0.05949809616613407,0.16666666668191818,0.9237757224776596,1.0,0.4618878612388298,0.010643432732637377,0.05321716366233746,-0.2300000000016184,-0.1499999999995959
2017-10-20,19,1.0000000000610143,0.10662429405052523,0.007772009371499106,0.057360783099458,0.1777071567508754,0.929733965238542,1.0,0.464866982619271,0.010654194533077938,0.053270972678797754,-0.22744840007904682,-0.1509936441021516
2017-10-27,19,1.0000000000278482,0.1160628885564138,0.24999999999667188,0.05489074888438453,0.19343814759402303,0.9524131563545846,1.0,0.4762065781772923,0.010605704209347666,0.05302852104895634,-0.2219685557301594,-0.1310715972504873
2017-11-03,19,1.0000000000180946,0.16366168147989538,0.0518279685330619,0.05566949958319191,0.27276946913315897,1.0000000000126106,0.8814132700853504,0.5000000000063053,0.010596575738415919,0.052982878696822985,-0.2222787275645442,-0.10698454261405721
2017-11-10,19,1.0000000000805624,0.16415209833629443,0.020713241918656172,0.057162355523714625,0.2735868305604907,1.0000000000494376,0.8814317744120536,0.5000000000247188,0.010643396910148208,0.053216984558499325,-0.22519481754803336,-0.10873187780791149
2017-11-17,19,1.0000000000017635,0.1637025123011784,0.01641073701039676,0.0558716268162527,0.272837520501964,1.000000000001442,0.8815605762211554,0.500000000000721,0.010582982083675734,0.05291491041872405,-0.22338331843855355,-0.11326473857393754
2017-11-27,19,0.999999999997209,0.16264085481529136,0.018161533999346998,0.05725053354776125,0.27106809135881893,0.9999999999952413,0.8818661917650599,0.4999999999976206,0.009069893513164916,0.05220071234639435,-0.22247487110889197,-0.11061955519350702
2017-12-04,19,1.000000000065474,0.16200262171843585,0.011959372476025555,0.057800469936762675,0.27000436953072643,1.000000000039424,0.8816459495476502,0.500000000019712,0.009043270387495637,0.05201374115882829,-0.22230126567410302,-0.109642447447351
2017-12-11,19,0.9999999999903589,0.09567557489905462,0.24999999999765601,0.05972385194716625,0.1594592914984244,0.9999999999910527,0.913062979066127,0.49999999999552636,-0.0013395518844947943,1.3787259234909112e-12,-0.23232869635950587,-0.09837272151666786
2017-12-18,19,1.0000000000491347,0.07361861618399662,0.2500000000173551,0.0592427591860457,0.12269769363999437,0.9760169238202885,1.0,0.48800846191014424,-0.0013265370148953268,3.8882088421514525e-12,-0.2327387260316913,-0.1285779389963526
2017-12-26,19,1.000000000034847,0.1000000000192777,0.03792014512276118,0.05922902988966377,0.16666666669879618,1.0000000000193376,1.0,0.5000000000096688,-2.154262407592642e-12,1.876454475212656e-12,-0.2299999999837251,-0.1350000000096918
2018-01-03,19,1.0000000000120581,0.09999999997522074,0.04364840427435014,0.060306466644963606,0.16666666662536792,0.9999999999535537,1.0,0.49999999997677685,-7.293330370712445e-13,4.471149751863791e-13,-0.2299999999878948,-0.13499999999690565
2018-01-10,19,0.9999999999934879,0.0985351429721448,0.013098479653418482,0.06136216261619558,0.16422523828690802,0.9986683117780955,0.9888206696387907,0.4993341558890477,-1.4703740125868778e-12,-2.680767334205153e-13,-0.23080310934538337,-0.13238057347683635
2018-01-18,19,1.0000000000021059,0.10000000000867446,0.027505921266686436,0.06284525142584536,0.1666666666811241,1.0000000000010385,0.9703320680269516,0.5000000000005193,-7.048378005349252e-13,1.1955087780429826e-13,-0.23148339658891512,-0.12921475327231394
2018-01-25,19,1.00000000002195,0.10000000001283041,0.014292217004502384,0.06303975410202572,0.1666666666880507,1.0000000000110183,0.9538837372791731,0.5000000000055091,-0.00015946973829295786,7.244697493903922e-13,-0.23150846443084788,-0.12672494260214082
2018-02-01,19,0.9999999999766935,0.09500776210163997,0.030376494046605862,0.061368793348386026,0.15834627016939995,0.9954616018778697,0.9999999999638345,0.49773080093893485,-0.0009084882023721381,-4.586631206972238e-13,-0.21886879590617578,-0.13759052553700335
2018-02-08,19,1.000000000004502,0.07222603211390155,0.04350119922957635,0.0692967423200094,0.12037672018983592,0.9758414787429804,1.0,0.4879207393714902,-0.001926957334943134,3.289889272943551e-13,-0.2149826239216463,-0.1353391176408141
2018-02-15,19,0.9999999999949492,0.08052069934031089,0.2500000000122108,0.05586286103107,0.13420116556718484,0.9833811088960556,0.9999999999857117,0.4916905544480278,-0.009986219847044555,-1.0007479200040948e-12,-0.09177349817241387,-0.1740941991114911
2018-02-23,19,0.9999999999995738,0.32583771109672055,0.2500000000002821,0.06664849896997727,0.5430628518278676,0.983847305285837,0.9999999999983894,0.4919236526429185,-0.009982500916719476,-4.7899631952167425e-14,0.0779774129399436,-0.24767256745437566
2018-03-02,19,1.0000000000209035,0.3739127255727802,0.086576369894651,0.07304183283148699,0.6231878759546338,0.9775850805928903,1.0,0.48879254029644514,-0.01347830325925113,4.615519589654145e-13,0.12000000000063556,-0.26626310444228835
2018-03-09,19,1.0000000000080163,0.1387621313748876,0.25000000000357436,0.06633204281647406,0.231270218958146,0.7855458091663904,0.9831475103991751,0.3927729045831952,-0.04607560061850062,1.357697650288352e-13,0.12000000000225891,-0.22828644626699474
2018-03-16,19,1.0000000000331855,0.1040989931404808,0.250000000021535,0.059224772180952914,0.17349832190080133,0.6415200329505424,1.0,0.2791853816062199,-0.04986336689939705,-6.430286377835105e-13,0.14196742236272272,-0.256608013180217
2018-03-23,19,1.0000000000428686,0.10266577483136169,0.11382203473602226,0.06058808306248396,0.17110962471893615,0.6832902054527596,0.9976355554546601,0.22235133250602243,-0.04993478528929679,-2.1570944967395996e-13,0.18095208774848157,-0.27331608218110387
2018-04-02,19,1.0000000000523452,0.13032103071592296,0.2500000000239927,0.06406053872743306,0.2172017178598716,0.6863703865280347,1.0,0.16751672143209995,-0.04190721127100653,-2.543738460238135e-12,0.1810908939609181,-0.2745481546112139
2018-04-09,19,1.0000000000902738,0.12913110493219596,0.003091244936552757,0.06478676150231848,0.2152185082203266,0.6858123763553625,1.0,0.1665950239100259,-0.0419037615764795,-5.500550046245452e-12,0.1813421976117878,-0.274324950542145
2018-04-16,19,1.000000000090934,-0.0986523997519281,0.2500000000698551,0.07308344608919069,0.16442066625321353,0.4982734792766246,0.9799828697009518,0.16991353582812146,-0.04109796982519964,-6.8830274447826505e-12,0.03256026641230605,-0.19930939171064985
2018-04-23,19,0.999999999989524,0.0781014578460126,0.23122800768125196,0.08180692462565903,0.13016909641002103,0.5522831001849101,0.9917328328712207,0.1678551771224655,-0.01686420586133882,-6.965505416083696e-12,0.06999999999907994,-0.22091324007396407
2018-04-30,19,1.000000000012807,0.19535250867262502,0.12564743630393704,0.0831736093592161,0.32558751445437506,0.5993892432893846,1.0,0.166187189570393,-8.89378508608837e-12,-7.642951805361177e-12,0.08161855670309907,-0.23975569731575383
2018-05-07,19,0.9999999999969695,0.39999999999455205,0.21562003246470715,0.08675019186236978,0.6666666666575868,0.674999999993657,0.9999999999978565,0.2409090909051345,3.6005444866672426e-13,-2.4617095180476033e-14,0.09999999999928837,-0.2699999999974628
2018-05-14,19,1.000000000079663,0.16301278237394767,0.25000000007262035,0.07688630597288497,0.2716879706232461,0.6758944290761733,0.9999999999969722,0.12321827059618692,-0.007899573920268152,6.101072984555076e-12,0.09979953508832248,-0.2703577716304693
2018-05-21,19,1.0000000000114222,-0.08385812889229675,0.25000000000569295,0.0701006616226444,0.13976354815382794,0.5975985274927351,1.0,0.011272898902702373,-0.04077950923691491,-8.803679740445509e-13,0.09935960732966093,-0.23903941099709408
2018-05-29,19,1.0000000000656353,-0.07686032912736884,0.25000000006219003,0.06868712915350818,0.12810054854561476,0.29862425912972074,0.7500000000008992,0.0036640897347943895,-0.09451485875634265,-0.03478528116153231,0.09999999999857556,-0.1194497036518883
2018-06-05,19,1.0000000000023033,-0.2000000000172978,0.2500000000020851,0.06718793698641859,0.33333333336216303,0.2600000000061687,0.750000000001072,0.023553211447096628,-0.13000000000308434,-0.059999999997400646,0.08144186974512711,-0.07140458029800555
2018-06-12,19,0.9999999999635952,-0.20000000001915222,0.0065694486035025035,0.06520813668533941,0.3333333333652537,0.2599999999987991,0.7499999999711369,0.023690244183032057,-0.12999999999939954,-0.05999999999948259,0.08141078271022788,-0.0713883137166391
2018-06-19,19,1.0000000000063671,-0.20117932189566995,0.2500000000068946,0.055144418660786176,0.3352988698261166,0.4992149276348604,0.6993457730294879,0.023542167384474268,-0.2496074638174302,-0.05999999999977034,0.20035391781396286,-0.10686904823119102
2018-06-26,19,1.000000000061823,-0.1326009519493558,0.2500000000580909,0.06231460245719195,0.22100158658225968,0.4959617466783573,0.6938341266554029,0.11976811397822694,-0.24798087333917865,-0.059999999998561634,0.22000000000209832,-0.09048682659378893
2018-07-03,19,1.0000000000048643,0.10408088530200006,0.25000000000276784,0.07316642074369906,0.17346814217000012,0.4820388899403584,0.49783465175885566,0.23970328795404308,-0.2410194449701792,-0.05999999999985329,0.21913386070162408,-0.0896102373069186
2018-07-11,19,0.9999999999936463,0.15967521500827705,0.2500000000073803,0.07335131055561218,0.2661253583471284,0.7199457500874787,0.6349502709148707,0.35997287504373937,-0.24016239248754728,-0.05999999999980126,0.13959629916504518,-0.05966023347498463
2018-07-18,19,1.000000000064069,0.40313984002079073,0.2500000000593474,0.06856145061588083,0.6718997333679846,0.7216083469088863,0.8402718421162211,0.36080417345444316,-0.11941563008510682,-0.05975141313176517,0.13563723559199037,0.06792876643707274
2018-07-25,19,0.9999999999670488,0.45886415961688204,0.2500000000167282,0.06724294257633406,0.76477359936147,0.722235940915159,0.999999999976022,0.3611179704575795,-0.0854257637218031,-0.059229379293506516,0.11853285058366067,0.12026993609261395
2018-08-01,19,1.0000000001206506,0.2531814264605716,0.250000000121744,0.061315077049694,0.4219690441009527,0.7149735491441784,1.0,0.3574867745720892,-0.07972995398041022,-0.05979746549110998,0.0024621208963475144,0.18775338331095603
2018-08-08,19,1.000000000103492,0.2538863849477455,0.25000000010122003,0.06236406152227459,0.4231439749129092,0.8220070155427727,0.998412166877537,0.41100350777138633,-0.03896363065598085,-0.02922272299347666,-0.0717825375182647,0.22543027661590598
2018-08-15,19,1.0000000000071347,0.16332600023832797,0.25000000000617506,0.06063640997367664,0.27221000039721327,0.8312547264019465,1.0,0.41562736320097327,1.2770714141873206e-11,7.639221691648979e-12,-0.14586734619783945,0.2741592298055158
2018-08-22,19,1.0000000000779403,0.15781848920270922,0.053936008645554305,0.06195300821360728,0.2630308153378487,0.8727272727645102,0.8593949638449441,0.4363636363822551,6.055573373035412e-12,1.872576687515894e-11,-0.15036358515192064,0.25523647120525794
2018-08-29,19,1.000000000017047,0.16501067045968162,0.2500000000108039,0.06045102404005282,0.27501778409946936,0.9635763995078874,0.7498763399634623,0.4817881997539437,0.025024317682450496,0.12512158841980175,-0.1486601894973895,0.13270634226275413
2018-09-06,19,1.0000000001564786,0.17325712300966395,0.0259953724057273,0.05951191946154585,0.2887618716827733,0.9641467803083433,0.7392605299531021,0.48207339015417167,0.02861444871248853,0.1430722435953561,-0.14738217221935118,0.1240114315763741
2018-09-13,19,1.0000000000207836,0.10376248659274234,0.2500000000057629,0.051523198772976515,0.17293747765457057,0.7161358428372874,0.7499999999999999,0.3580679214186437,0.028681038894411034,0.14340519447080016,-0.15899667024484684,0.22339789944203378
2018-09-20,19,0.9999999999817836,0.09999999999541506,0.020375883905891817,0.05028368397124149,0.1666666666590251,0.7230509660309695,0.7499999999790122,0.36152548301548476,0.029999999998775256,0.14999999999627103,-0.15999999999607067,0.21438360787802885
2018-09-27,19,0.9999999999719413,0.11283638379825504,0.17005055932589136,0.05137475707766446,0.1880606396637584,0.8946545655834831,0.7392839648266752,0.44732728279174155,0.0300000000004869,0.1499999999941788,-0.15788403075084748,0.13307454242395428
2018-10-04,19,0.9999999999980642,0.108548809216689,0.015310962222496283,0.0481133029009269,0.180914682027815,0.8903669910321587,0.7499999999971,0.44518349551607933,0.03000000000021193,0.14999999999952462,-0.1577203175415985,0.13371767861650838
2018-10-11,19,1.0000000000363738,0.10000000001306965,0.026426348342001832,0.052225154471467444,0.16666666668844943,0.881818181829819,0.7499999999999999,0.4409090909149095,0.02999999999682111,0.14999999999951738,-0.1599999999951821,0.1350000000039248
2018-10-18,19,1.0000000000218594,0.10072384456629643,0.005508026239100629,0.05398544458370672,0.16787307427716072,0.8828957435393058,0.749095194306192,0.4414478717696529,0.02994441587176646,0.1497220793692197,-0.15992761553842263,0.13489142332099233
2018-10-25,19,1.0000000000823437,0.10000000004878128,0.011988918326419212,0.05699019060545275,0.1666666667479688,0.8818181818512337,0.7499999999999999,0.44090909092561686,0.02999999999494933,0.14999999999953978,-0.1599999999776541,0.13500000000102325
2018-11-01,19,0.9999999999791789,0.10130539479286774,0.25000000002167877,0.061196180718670376,0.16884232465477958,0.6374199560431839,0.7489152388078011,0.31870997802159196,0.029899007511934257,0.14949503757068455,-0.06125800954434183,0.09785224578485267
2018-11-08,19,0.9999999999734999,0.11657685725452668,0.25000000002812117,0.0618574630539829,0.19429476209087782,0.4984589522914437,0.7345500773935004,0.2027384346218696,0.02990753714187784,0.14953768568743311,0.027367777493930844,0.058487485934221956
2018-11-15,19,1.000000000032587,0.10882232331371142,0.25000000003641215,0.06245760234653283,0.1813705388561857,0.4982876790114997,0.6547939139244462,0.20087539133826396,-0.09222190280010867,0.1494863037034499,0.04968569950051398,0.02356182606447152
2018-11-23,19,1.0000000000412834,0.3061545114528095,0.25000000004676814,0.06143743328641613,0.5102575190880159,0.49999999999391,0.8277508683069678,0.18866412255649997,-0.09670929550665994,0.14999999999817298,0.08615110262400637,0.12046866847365349
2018-11-30,19,1.000000000014652,0.4526947357799348,0.25000000001426725,0.05781011455023963,0.7544912262998914,0.4999999999926124,1.0,0.1449334858973806,-0.08934673151550779,0.1499999999977837,0.12194365305323908,0.1255032636667624
2018-12-10,19,1.000000000031388,0.20288100369674286,0.25000000003976774,0.047747911732366394,0.3381350061612381,0.4999999999835108,0.9999999999822705,0.1421539665794976,-0.15932534554022876,0.14999999999505323,0.034967075349035114,0.16313734674437924
2018-12-17,19,1.0000000000170648,0.2018584148509973,0.2500000000178312,0.07651761288956745,0.3364306914183288,0.44540977587944725,1.0,0.13397119034071356,-0.16277605804602538,0.13362293276383416,0.07354377698040895,0.15793686690866435
2018-12-24,19,1.0000000000442384,0.09645438867007222,0.2500000000756327,0.09183266211556255,0.16075731445012037,0.41963286605360056,1.0,0.07262061846622196,-0.20981643302680028,0.00165174020383509,0.09999999998707532,0.1500000000099105
2019-01-02,19,0.9999999999877889,-0.09999999997613077,0.25000000000595207,0.09679068399304,0.16666666662688462,0.4456895463648067,0.9999999999873523,-0.004819404498952438,-0.21557112012086868,-0.021205379762116453,0.03716484767986581,0.17827581854592267
2019-01-09,19,1.000000000014106,0.1314612112152455,0.25000000001896505,0.09659792283739492,0.21910201869207585,0.4505903036951865,1.0,-0.0048879970886542366,-0.06134909056326537,-0.021507187136364722,0.03280861894845256,0.1802361214780746
2019-01-16,19,1.0000000000077962,0.18064163275225775,0.2500000000040911,0.10000000000009544,0.3010693879204296,0.515903573412147,1.0,-1.1538106277159674e-11,0.011972763181807969,3.340836762761309e-13,-0.03456851016309361,0.20636142936485882
2019-01-24,19,0.9999999999944292,0.4222215534239917,0.2500000000072089,0.09639957146586453,0.7037025890399862,0.4907707699755856,0.9999999999942683,-9.95723045585005e-12,0.17658258005404456,3.0850106330214826e-13,-0.027469357413321297,0.19630830799023424
2019-01-31,19,0.9999999999918279,0.43102870306738694,0.2500000000057556,0.1000000000005761,0.7183811717789783,0.5017284726986408,0.9999999999923669,-7.48403978377682e-12,0.1999999999956884,5.797857795250191e-13,-0.09123887319335462,0.20069138907945636
2019-02-07,19,1.000000000001027,0.1999999999994151,0.23226544473267743,0.07811642725180404,0.3333333333323585,0.6749999999997631,1.0,-0.08181818181856039,0.19999999999984325,2.8934149945093173e-14,-0.22000000000001013,0.26999999999990526
2019-02-14,19,1.0000000000004745,0.19701908157286926,0.250000000000167,0.07855050468068812,0.3283651359547821,0.4000000000000261,0.7500000000000121,-0.0830376484477091,0.20000000000001306,8.17292295408808e-15,-0.1965832302824618,0.11674767538707906
2019-02-22,19,1.000000000021701,0.1899390372250523,0.25000000001728745,0.07733372301818511,0.31656506204175383,0.5192908855341924,0.7500000000001705,-0.07576719339761032,0.2596454427670962,0.04473408207614891,-0.2197049291056168,0.15272549702308547
2019-03-01,19,1.0000000000206624,0.2017143519510675,0.2500000000182927,0.07472163797279685,0.33619058658511247,0.39287327667572675,0.5961831031724837,-0.07292948201164531,0.18863270062881612,0.06000000000049524,-0.19643663833786337,0.09179865298312496
2019-03-08,19,1.0000000000232145,0.08550193039357894,0.2175994900857704,0.10000000001854889,0.14250321732263158,0.6097859163266596,0.6691172590168297,-0.03200073769535714,0.1298576884447127,0.06000000000108192,-0.3048929581633298,0.10918932038133893
2019-03-15,19,0.9999999999824594,-0.023353808188662263,0.20191795782756447,0.09999999999841234,0.03892301364777044,0.7120054716681913,0.7694389220764354,-0.027283814316699205,0.12999999999532294,0.059999999997137635,-0.35600273583409564,0.19182616712996403
2019-03-22,19,1.0000000000352036,-0.015197796221293337,0.12921162221873747,0.10000001013693617,0.02532966036882223,0.7613241156396062,0.8459981635369089,0.016355159846541272,0.13000000000045542,0.06000000000231074,-0.3806620578198031,0.19040837728555512
2019-03-29,19,1.0000000000077218,-0.08197010008585714,0.25000000000538447,0.09679005215104938,0.13661683347642858,0.7924477808163841,0.90164175007579,0.07136650896181293,0.09798177627501378,0.05997265898738352,-0.39622389040819206,0.2005818869568944
2019-04-05,19,1.000000000013184,0.12303615341291138,0.25000000000858724,0.06882194575857674,0.20506025568818564,0.5846425643962283,0.730803205492779,0.12855660402108018,0.1058044092515165,0.1135306610621113,-0.29232128219811415,0.17041345374431266
2019-04-12,19,1.0000000000041704,0.09999999999694598,0.040078788815605074,0.06947187407939859,0.16666666666157665,0.6000000000026044,0.750000000000755,0.13134914633485947,0.10224203048434927,0.12121015242079428,-0.3000000000013022,0.17378984757966662
2019-04-22,19,1.0000000000408453,0.022772355537746685,0.09270393856842926,0.07257540618250637,0.037953925896244474,0.6772276444848196,0.8143563704011997,0.1314131555532989,0.102277235559699,0.12138617777344164,-0.3386138222424098,0.14658414667517314
2019-04-29,19,1.0000000000254456,0.2000000000054317,0.17584822223815483,0.051652505126770026,0.3333333333423862,0.7,0.7499999999999999,0.16363636363604664,0.12000000000466747,0.21,-0.2683094468902591,0.120000000003959
2019-05-06,19,1.0000000000125864,0.11943598251488695,0.2219585887357433,0.10000000000022319,0.19905997085814492,0.7,0.7499999999999999,0.13800235806943872,0.12000000000326035,0.21,-0.3224863108575388,0.13208460262503782
2019-05-13,19,1.000000000010377,-0.0999999999832104,0.24999999999950986,0.10000000025627868,0.16666666663868399,0.7112720794219946,0.7499999999999999,0.06818181818157966,0.12000000000354853,0.21,-0.3556360397109973,0.1649999999992322
2019-05-20,19,0.9999999999971297,-0.0999999999794099,0.01687957845769293,0.09088685850139949,0.16666666663234986,0.7137294917659193,0.7499999999972288,0.06818181818132747,0.12000000000210136,0.209999999999255,-0.35686474588295963,0.16499999999596707
2019-05-28,19,0.9999999999949538,-0.09999999998054228,0.015665580040402582,0.07661916144059033,0.16666666663423713,0.7121052482160196,0.7499999999947744,0.06818181818094603,0.1200000000013087,0.20999999999865052,-0.3560526241080098,0.1649999999949899
2019-06-04,19,1.0000000000537523,-0.09999999997809259,0.0180239666354636,0.07292425590334445,0.1666666666301543,0.707926634481195,0.7499999999999999,0.06818181818761784,0.12000000000956068,0.21,-0.3539633172405975,0.16500000000764828
2019-06-11,19,0.9999999999553334,-0.09999999994873733,0.005309226308998133,0.07130686001882826,0.1666666665812289,0.7079608006556798,0.74999999997745,0.06818181817863417,0.11999999999913384,0.20999999999441493,-0.3539804003278399,0.1649999999844549
2019-06-18,19,0.9999999999984661,0.09920043643417102,0.2499999999993881,0.06654589901526492,0.16533406072361836,0.6999999999991023,0.7499999999988097,0.06818181818185205,0.14656005819101497,0.2099999999997307,-0.280266521187919,0.1351199345355259
2019-06-25,19,1.000000000005118,0.09939972745279636,0.009020187280020294,0.06472545243258009,0.16566621242132729,0.6995818083879122,0.749686356290934,0.06813619727867073,0.1465949941601585,0.20987454251637364,-0.28020009085010555,0.135090040884305
2019-07-02,19,1.000000000017461,0.10914388393644374,0.250000000013032,0.06142710324704329,0.18190647322740625,0.5559849492268425,0.6249358906181253,0.024403784579342752,0.21088361588908405,0.08961040760437625,-0.27799247461342125,0.13362841741219234
2019-07-10,19,0.9999999999964382,0.05107617507050732,0.079548820638115,0.06272279794839301,0.08512695845084553,0.5926158832813193,0.6258968125563513,0.01363636363466627,0.20553808753201105,0.05999999999956694,-0.29630794164065966,0.14233857373850034
2019-07-17,19,1.0000000000585187,0.05078178365940627,0.10442341581640353,0.05606528685959843,0.08463630609901045,0.6166428795186066,0.625651486408565,0.01363636362744207,0.2053908918429193,0.06000000000263979,-0.3083214397593033,0.1423827324618921
2019-07-24,19,1.0000000000232374,0.28927328528780205,0.25000000001662703,0.05399629644329643,0.48212214214633675,0.5365332356506258,0.8243944044121458,0.013636363623065693,0.26094770490803665,0.06000000000418119,-0.2682666178253129,0.1066090072058912
2019-07-31,19,1.000000000006608,0.2955370611568587,0.005330506890573655,0.0530503300139449,0.49256176859476447,0.5343420678503901,0.829614217634596,0.013636363627474876,0.2626874489339676,0.0600000000004022,-0.26717103392519503,0.10566944082730247
2019-08-07,19,1.0000000000031402,0.3553965652904038,0.12258169593131914,0.05713320369875317,0.5923276088173397,0.5553965652922048,0.8794971377434506,0.013636363627531746,0.2776982826461024,0.06000000000016017,-0.2565795254116192,0.0966905152066608
2019-08-14,19,0.9999999999853867,0.19999999999638707,0.2500000000206281,0.07415101909377325,0.3333333333273118,0.6628338027129758,0.7499999999879987,0.013636363635966034,0.19999999999485235,0.05999999999732714,-0.3314169013564879,0.11999999999706254
2019-08-21,19,0.9999999999954381,0.19999999999921372,0.007087993168821444,0.0738754511157458,0.33333333333202286,0.6629097167026486,0.7499999999960332,0.013636363636781987,0.19999999999833662,0.059999999999126245,-0.3314548583513243,0.1199999999995792
2019-08-28,19,1.0000000000318343,0.19999999999589133,0.008271569830404502,0.07440203036478263,0.33333333332648557,0.6628667334898933,0.7500000000016129,0.013636363635483166,0.20000000000149756,0.06000000000264922,-0.33143336674494667,0.12000000000510927
2019-09-05,19,1.0000000000647868,0.19999999998713067,0.10871920974141924,0.06835055086349796,0.33333333331188447,0.6412338178161503,0.7500000000144751,0.013636363617790173,0.20000000000913812,0.06000000000226559,-0.32061690890807515,0.12000000000715769
2019-09-12,19,1.0000000000034386,0.3281926716056234,0.22533229579425124,0.05783355841322034,0.5469877860093724,0.528192671587414,0.8568272263228068,0.013636363617913582,0.264096335793707,0.06000000000011456,-0.2576191766868707,0.10077109925483538
2019-09-19,19,1.0000000000109397,0.32872043611552465,0.05556308932757188,0.05393623239966805,0.5478673935258744,0.5287204361000454,0.8572670300833037,0.013636363625260974,0.2643602180500227,0.06000000000020238,-0.24396444917686738,0.10069193458129809
2019-09-26,19,0.9999999999753711,0.3458317262186316,0.011205453117209843,0.05324209503991956,0.5763862103643861,0.5458317261824887,0.8715264384774104,0.01363636363239124,0.2729158630912443,0.0599999999975903,-0.23588892894348773,0.0981252410588954
2019-10-03,19,1.0000000001066975,0.347003474779278,0.011194203105327094,0.05204124041251415,0.57833912463213,0.5470034748036527,0.8725028956689284,0.013636363601742748,0.2735017374018264,0.060000000002346635,-0.233372353324718,0.09794947878984048
2019-10-10,19,1.0000000000125,0.34172605408495316,0.15697200617572118,0.04609891579510155,0.5695434234749219,0.5429352829512102,0.8681050450333122,0.013636363634459237,0.2714676414756051,0.060000000000804805,-0.209136972954471,0.09874109188805985
2019-10-17,19,1.0000000000024365,0.3999999999780791,0.250000000000966,0.046302915295916,0.6666666666301319,0.45739085825356096,0.7168298352073222,0.08993769925935581,0.22869542912678048,0.060000000001029515,-0.18000000000426802,0.0900000000032218
2019-10-24,19,1.000000000113627,0.39999999999852365,0.005163298491635174,0.04580489721934729,0.6666666666642062,0.45583324620835364,0.7143835222190064,0.09087174604193637,0.22791662310417682,0.06000000000501082,-0.1800000000148442,0.09000000000785191
2019-10-31,19,1.000000000038231,0.399156756783798,0.003903571667094354,0.046262298187090295,0.66526126130633,0.4573999118046753,0.7155551096964637,0.09015610796204059,0.22869995590233766,0.06000000000175458,-0.18033729727323644,0.0901264864755204
2019-11-07,19,1.000000000034257,0.1566493455044454,0.25000000000146805,0.06389018477194484,0.261082242507409,0.6031705912846619,0.7027922120761113,0.05085030243590377,0.20007541837226495,0.06000000000183201,-0.30158529564233094,0.1265025981762171
2019-11-14,19,1.0000000000828506,0.10471502004139897,0.25000000007195056,0.06663982669708246,0.17452503340233164,0.6571252587976891,0.7460708166671235,0.08512916073142492,0.13555961724112237,0.1543532374700041,-0.32856262939884456,0.13429274699548605
2019-11-21,19,1.0000000000306206,0.10813914446808146,0.21178922683916745,0.0663217244280505,0.18023190744680243,0.6988520453665341,0.7478475850622515,0.13617344650998273,0.11940505519353078,0.20965561360996024,-0.32770539422085443,0.13377912833129355
2019-11-29,19,0.9999999999930649,0.3273204525630196,0.24999999999992287,0.06361301510366722,0.5455340876050327,0.6957397889629734,0.7420121043097757,0.25150972856023207,0.11794355557839135,0.20872193668889202,-0.25428303436925104,0.10090193211433633
2019-12-06,19,0.9999999999842912,0.13308249994981486,0.2500000000056974,0.07671091186165813,0.22180416658302476,0.6999999999873696,0.7499999999862891,0.1847230681519124,0.11999999999869503,0.20999999999621088,-0.3365861958055398,0.13003762500453306
2019-12-13,19,1.0000000000109104,0.13514831005337272,0.00967409433032948,0.07655907666057608,0.22524718342228786,0.7,0.7499999999999999,0.1857559732119147,0.12000000000012023,0.21,-0.3351634304794475,0.12972775349321142
2019-12-20,19,1.0000000000954916,0.0997533232575712,0.25000000007385226,0.07757514147318642,0.16625553876261867,0.6900925012065547,0.7502055639979059,0.24150443052098564,0.09474059603153544,0.08370298014371344,-0.34504625060327737,0.13503700152693424
2019-12-30,19,1.0000000000412694,0.3370959102769296,0.2500000000075895,0.06534472295539617,0.561826517128216,0.6502974756520037,0.5524200747799326,0.32514873782600184,0.1037910675370622,0.12915902898110126,-0.2509680299137696,0.09943561345842541
2020-01-07,19,0.999999999994139,0.40434164604659634,0.07271489713598298,0.06399740541417408,0.6739027434109939,0.6761812521940703,0.6339085705894757,0.33809062609703516,0.11009282594778176,0.16451206307000676,-0.22884222771697357,0.08934875309195163
2020-01-14,19,0.9999999999991449,0.4638114917439683,0.09565180990913837,0.06326992104735155,0.7730191529066138,0.7061497646903319,0.7095592645283763,0.35307488234516593,0.11124477910365388,0.20352948232430457,-0.21298360220059306,0.08042827623815893
2020-01-22,19,1.000000000039925,0.4638964819696571,0.03424443898215718,0.06439090908482836,0.7731608032827618,0.7058087711010032,0.7048706024878149,0.3529043855505016,0.11037239519421664,0.20277929639805037,-0.21237951019636758,0.08041552770440928
2020-01-29,19,1.0000000000034877,0.5000000000065278,0.04022139850776518,0.06392380141670857,0.833333333344213,0.7090909090983537,0.7499999999999999,0.35454545454917685,0.11999999999977747,0.21,-0.20276266011441685,0.07499999999508355
2020-02-05,19,0.9999999999871148,0.5000000000067142,0.011583028061523476,0.061968831224969004,0.8333333333445236,0.7090909090890953,0.7499999999923952,0.35454545454454767,0.11999999999935779,0.2099999999978333,-0.20162187726999142,0.07221045218542255
2020-02-12,19,0.9999999999808709,0.49999999999468453,0.07278482656965324,0.06302278806744686,0.8333333333244742,0.7090909090706621,0.7499999999839085,0.35454545453533104,0.11999999999895461,0.20999999999563523,-0.21061876159354792,0.07221371465418464
2020-02-20,19,0.9999999999806359,0.49999999999404615,0.06713036401593199,0.06455070541739946,0.8333333333234103,0.709090909068497,0.7499999999833643,0.3545454545342485,0.11999999999884445,0.20999999999564792,-0.21808472070078272,0.07217115976436783
2020-02-27,19,1.0000000000507214,0.3864138588843612,0.17047144851360635,0.07887984518419562,0.644023098140602,0.6303422293138046,0.6870197474915605,0.3151711146569023,0.11496157980088123,0.18480789899662423,-0.2736229709758369,0.09203792117282186
2020-03-05,19,1.0000000000513034,0.15766463009897963,0.2500000000240127,0.08672882362912866,0.2627743834982994,0.7015569132981209,0.7019461416228289,0.21209521300484496,0.11482628952509044,0.18428515963348016,-0.35077845664906043,0.12635030549274082
2020-03-12,19,1.0000000000852614,0.1594840525256503,0.25000000009828083,0.10000000000137631,0.2658067542094172,0.6451246618134177,0.7004299562992988,0.157980202869512,0.09056235253694123,0.10298015087778864,-0.3225623309067088,0.09061131996551999
2020-03-19,19,1.00000000001438,0.234742146746049,0.20723173581636892,0.1000000000002545,0.39123691124341503,0.5722062826103622,0.6377148777220342,0.13573699915223197,0.09172852050886413,0.046275357943863976,-0.2861031413051811,0.06978867799824964
2020-03-26,19,1.0000000000150828,0.2683062028784873,0.183357625739579,0.10000000008004885,0.4471770047974788,0.5453550377016121,0.6097448309433772,0.0962962141110582,0.10154270722994359,0.03865703041450951,-0.27267751885080604,0.06475406957949922
2020-04-02,19,1.0000000000251292,0.21331041425327765,0.09279517330613311,0.10000000000245293,0.3555173570887961,0.5706204291835806,0.6555746548013371,0.07017396606999111,0.10073566142613698,0.03805174605733772,-0.2853102145917903,0.07300343786567408
2020-04-09,19,0.9999999999982744,0.2943838340519349,0.25000000000108974,0.1000000000026481,0.49063972341989154,0.49768927216082964,0.6701731358687755,0.0692834250619743,0.1672425863127106,0.011354028593127063,-0.24884463608041482,0.060842424891777866
2020-04-17,19,0.999999999995625,0.350361642167894,0.2500000000000935,0.09548384609022305,0.5839360702798234,0.44574266043594724,0.8340438326142845,-2.23426844271799e-12,0.15220411482613277,7.953050565906694e-14,-0.22287133021797362,0.17819128915641186
2020-04-24,19,1.0000000000005185,0.44621289182727586,0.11296367212764195,0.10000000000019549,0.7436881530454598,0.4123114093237325,0.8399406732204423,-2.1789494357972348e-12,0.20000000000002596,-1.0129537399294334e-14,-0.19298129575845488,0.16492456372949302
2020-05-01,19,1.0000000000492026,0.4518433876110187,0.012102079037158072,0.10000000000582383,0.7530723126850313,0.42273552960780547,0.8699857852711246,-1.247677954200417e-11,0.20000000000238155,-1.2459446979026976e-12,-0.19085002452581512,0.1690942118431222
2020-05-08,19,1.0000000000558686,0.4598210448953176,0.018163314569461148,0.10000000000660486,0.7663684081588628,0.423574315559087,0.8839796907269658,-1.2262230583348103e-11,0.20000000000474621,-1.7475599577396277e-12,-0.1858676017869338,0.1694297262236348
2020-05-15,19,0.9999999999866617,0.39324632587477865,0.09053749279135916,0.10000000005023091,0.6554105431246311,0.4000000000009014,0.7499999999982649,-5.8429415712969736e-12,0.2000000000004507,-3.700397273696778e-13,-0.19729737082832566,0.1426362140487985
2020-05-22,19,0.9999999999954811,0.39447989810812195,0.14606245873644302,0.09999999999957997,0.65746649684687,0.40000000000473174,0.7500000000075968,1.4671403482618645e-13,0.20000000000236587,-4.200398038295703e-14,-0.17067838162176655,0.143067964330216
2020-06-01,19,1.0000000000319917,0.3953889201098944,0.04104553020819872,0.10000000010653286,0.6589815335164907,0.3972992892114886,0.7477494076833685,0.0028289681812852735,0.1986496446057443,6.77771271352405e-13,-0.16319700161357648,0.14190750926557144
2020-06-08,19,1.00000000002736,0.37819776873951905,0.036557704219996455,0.10000000000495284,0.6303296145658651,0.3640155239211437,0.718460532305102,0.01105096505926203,0.18107631937690732,-2.0369055576261326e-13,-0.1691132933722436,0.1456062095684575
2020-06-15,19,1.0000000000048563,0.3053100507126373,0.08796451346772181,0.1000000000000919,0.5088500845210622,0.37575195943393325,0.6952802494368533,0.010758674659128312,0.16716814965558963,-3.449779946968059e-14,-0.18787597971696662,0.13393169343035696
2020-06-22,19,1.0000000000305034,0.2567001654690227,0.1581921572636384,0.1000000019337877,0.4278336091150378,0.42357162357025074,0.6960607666995324,0.060713622719468466,0.16763646001364504,2.5248117549995344e-12,-0.21178581178512537,0.06649497518394153
2020-06-29,19,1.0000000000401768,0.2616183831597777,0.011695142167682294,0.09999999999787902,0.43603063859962954,0.41938626953159697,0.7026073385145364,0.05924478847528234,0.1698234285730968,3.848967700003459e-12,-0.20969313476579848,0.06575724252854613
2020-07-07,19,1.000000000008597,0.1600715817476637,0.24257570823433117,0.10000000000742831,0.2667859695794395,0.5155091503761359,0.6958134251020375,0.12674514020261904,0.05153563697948598,4.6613989128085926e-12,-0.25775457518806794,0.07777026244684311
2020-07-14,19,0.9999999999766949,0.16688139005030858,0.012775953991419469,0.09999999999895351,0.27813565008384766,0.5082535380423111,0.6902049664485898,0.12740904189868016,0.05299245930167112,2.4682388295971606e-12,-0.25412676902115555,0.07691479677102178
2020-07-21,19,1.0000000000028448,0.25093650696867403,0.13763381984979906,0.10000000096383206,0.41822751161445676,0.46980228132620233,0.6242195775277686,0.1289880654056795,0.07169075443804286,2.6938138095336507e-12,-0.23490114066310117,0.06735952395485409
2020-07-28,19,0.9999999999809105,0.37527260757894354,0.2500000000270021,0.10000000000721414,0.6254543459649059,0.4035475683434662,0.7406111332315195,0.09326962383596367,0.11737111730955999,2.5564369666292766e-12,-0.2017737841717331,0.04870910886078026
2020-08-04,19,1.0000000000075802,0.3941622519459086,0.05242749130790649,0.10000000119527816,0.6569370865765144,0.3849985036112822,0.7500000000004733,0.09932472754254655,0.12000000000371623,2.4522783078893962e-12,-0.1924992518056411,0.04654874267917612
2020-08-11,19,1.0000000000247506,0.40076423460982036,0.07486904819880412,0.10000000013151829,0.6679403910163673,0.3852473638590139,0.7500000000025768,0.1010241309853795,0.1365909760476152,0.012443232033810217,-0.19262368192950696,0.05356199074993223
2020-08-18,19,1.0000000000240854,0.22093222070361476,0.25000000000910855,0.10000000000285372,0.36822036783935796,0.4440219851613703,0.7500000000051932,0.10860994856784646,0.1495763419190073,0.02218225643678286,-0.22201099258068516,0.007175476800577785
2020-08-25,19,1.0000000000265268,0.1396766392095087,0.1767375545660308,0.10000000000852471,0.23279439868251453,0.38606263707800453,1.0,0.06950419316538678,0.14952935418266344,0.022147015635491887,-0.19303131853900227,-0.06595149587977217
2020-09-01,19,1.0000000000102283,0.15633873264722523,0.026918500460941696,0.10000000000278195,0.26056455441204207,0.3678376042514601,1.0,0.07775658330949684,0.1495754993679162,0.022181624523955643,-0.18391880212573006,-0.06845080989805542
2020-09-09,19,1.000000000053363,0.13823574592760893,0.027902914850608983,0.10000000000308547,0.2303929098793482,0.382990172493012,1.0,0.07022278835923661,0.14897604617535876,0.021913865798792672,-0.191495086246506,-0.06573536188742829
2020-09-16,19,1.0000000000691835,0.12533289490997326,0.12511407258293816,0.10000000000288549,0.2088881581832888,0.3918456001487898,1.0,0.010251533180169014,0.1801155499398178,0.04510674592702805,-0.1959228000743949,-0.06379993423065082
2020-09-23,19,1.0000000000023237,0.1167235327777423,0.034781057689421885,0.10000000001037396,0.19453922129623719,0.39525818348382247,1.0,0.010167299100453487,0.17872054835810314,0.044736115988899476,-0.19762909174191123,-0.06250852991644062
2020-09-30,19,1.0000000000088713,0.10763851747956746,0.2500000000050576,0.1000000000698763,0.17939752913261245,0.4012065093049204,1.0,0.12416597857880571,0.1454810073073425,0.04471010892242664,-0.2006032546524602,-0.06114577762158513
2020-10-07,19,1.0000000000545506,0.3143994692569716,0.24823100922457084,0.09936106019837947,0.523999115428286,0.4879040056622741,1.0,0.1627953504230898,0.16582414720207886,0.14637120169868223,-0.1511500268318861,-0.09215992038680972
2020-10-14,19,0.9999999999763258,0.3226315518689671,0.05002074800967252,0.09608148579067254,0.5377192531149452,0.488722960118724,0.9999999999784319,0.16608461367334712,0.1662475443079386,0.1466168880356172,-0.15868422404661958,-0.09339473278515534
2020-10-21,19,0.999999999997709,0.17746215048429467,0.14484493817962082,0.099999999999914,0.2957702508071578,0.46253784949403065,0.9999999999978917,0.13852250972150468,0.15193828419453143,0.0769765427159872,-0.23126892474701533,-0.07161932257658925
2020-10-28,19,1.0000000000219422,0.013852981495497269,0.17065654191713303,0.10000000000071774,0.02308830249249545,0.47906620288893187,1.0,0.07030070930137361,0.12229031178571896,0.027362749298936596,-0.23953310144446593,-0.06914006956688308
2020-11-04,19,1.0000000000107618,0.025939222482565638,0.053891829729671055,0.10000000000030133,0.04323203747094273,0.5061703233459471,1.0,0.08820391594479164,0.12251973859809391,0.02755464966746696,-0.25308516167297357,-0.06507445149795153
2020-11-11,19,1.0000000000019735,0.03430372303755361,0.02037133879185883,0.1000000040036078,0.05717287172925602,0.5053223167996186,1.0,0.09451642008344725,0.12252870145858134,0.02757723833288763,-0.2526611583998093,-0.06520165248016803
2020-11-18,19,0.9999999999933165,0.022198067977634822,0.03663341115017025,0.09999999999978733,0.036996779962724706,0.5184999033934559,0.9999999999935116,0.09288111818550791,0.12141799392797778,0.027503813814028104,-0.25924995169672793,-0.06322501449006948
2020-11-25,19,1.0000000000083908,-0.09114465680131256,0.18495856387093723,0.10000000005749304,0.15190776133552095,0.49873418393401664,1.0,-0.00923677242187379,0.12682988565959435,0.031513739432415755,-0.24936709196700832,-0.06635536100236075
2020-12-03,19,0.9999999999862399,-0.08300367651912006,0.04352125833376492,0.10000000070117164,0.1383394608652001,0.4941974582223455,0.9999999999931963,-0.00734916791899049,0.12584487093007654,0.030869270357666713,-0.24709872911117275,-0.06848258231157454
2020-12-10,19,1.0000000000068885,-0.08032202935228112,0.2500000000030588,0.10000000000029975,0.13387004892046855,0.5046553142654218,1.0,0.09222493675652249,0.06376001247036585,7.045561667520904e-13,-0.2523276571327109,-0.09608198610673399
2020-12-17,19,1.0000000000004936,0.10209403494451244,0.19614924770403694,0.1000000992395741,0.17015672490752073,0.5054488562125397,1.0,0.23741065383530177,0.06377144557878371,7.692222943866073e-13,-0.2527244281062698,-0.11018267156813749
2020-12-24,19,1.0000000000278906,0.0957551097348329,0.1296556684521014,0.10000000000060784,0.15959184955805483,0.5118016043127346,1.0,0.2348889093638544,0.06361288985785679,3.941437875458585e-12,-0.2559008021563673,-0.10826237872471567
