session,gross_return,transaction_cost,borrow_cost,net_return,gross,net,turnover
2007-01-03,0.0,0.0,0.0,0.0,0.0,0.0,0.0
2007-01-04,0.0,0.0,0.0,0.0,0.0,0.0,0.0
2007-01-05,0.0,0.0,0.0,0.0,0.0,0.0,0.0
2007-01-08,0.0,0.0,0.0,0.0,0.0,0.0,0.0
2007-01-09,0.0,0.0,0.0,0.0,0.0,0.0,0.0
2007-01-10,0.0,0.0,0.0,0.0,0.0,0.0,0.0
2007-01-11,0.0,0.0,0.0,0.0,0.0,0.0,0.0
2007-01-12,0.0,0.0,0.0,0.0,0.0,0.0,0.0
2007-01-16,0.0,0.0,0.0,0.0,0.0,0.0,0.0
2007-01-17,0.0,0.0,0.0,0.0,0.0,0.0,0.0
2007-01-18,0.0,0.0,0.0,0.0,0.0,0.0,0.0
2007-01-19,0.0,0.0,0.0,0.0,0.0,0.0,0.0
2007-01-22,0.0,0.0,0.0,0.0,0.0,0.0,0.0
2007-01-23,0.0,0.0,0.0,0.0,0.0,0.0,0.0
2007-01-24,0.0,0.0,0.0,0.0,0.0,0.0,0.0
2007-01-25,0.0,0.0,0.0,0.0,0.0,0.0,0.0
2007-01-26,0.0,0.0,0.0,0.0,0.0,0.0,0.0
2007-01-29,0.0,0.0,0.0,0.0,0.0,0.0,0.0
2007-01-30,0.0,0.0,0.0,0.0,0.0,0.0,0.0
2007-01-31,0.0,0.0,0.0,0.0,0.0,0.0,0.0
2007-02-01,0.0,0.0,0.0,0.0,0.0,0.0,0.0
2007-02-02,0.0,0.0,0.0,0.0,0.0,0.0,0.0
2007-02-05,0.0,0.0,0.0,0.0,0.0,0.0,0.0
2007-02-06,0.0,0.0,0.0,0.0,0.0,0.0,0.0
2007-02-07,0.0,0.0,0.0,0.0,0.0,0.0,0.0
2007-02-08,0.0,0.0,0.0,0.0,0.0,0.0,0.0
2007-02-09,0.0,0.0,0.0,0.0,0.0,0.0,0.0
2007-02-12,0.0,0.0,0.0,0.0,0.0,0.0,0.0
2007-02-13,0.0,0.0,0.0,0.0,0.0,0.0,0.0
2007-02-14,0.0,0.0,0.0,0.0,0.0,0.0,0.0
2007-02-15,0.0,0.0,0.0,0.0,0.0,0.0,0.0
2007-02-16,0.0,0.0,0.0,0.0,0.0,0.0,0.0
2007-02-20,0.0,0.0,0.0,0.0,0.0,0.0,0.0
2007-02-21,0.0,0.0,0.0,0.0,0.0,0.0,0.0
2007-02-22,0.0,0.0,0.0,0.0,0.0,0.0,0.0
2007-02-23,0.0,0.0,0.0,0.0,0.0,0.0,0.0
2007-02-26,0.0,0.0,0.0,0.0,0.0,0.0,0.0
2007-02-27,0.0,0.0,0.0,0.0,0.0,0.0,0.0
2007-02-28,0.0,0.0,0.0,0.0,0.0,0.0,0.0
2007-03-01,0.0,0.0,0.0,0.0,0.0,0.0,0.0
2007-03-02,0.0,0.0,0.0,0.0,0.0,0.0,0.0
2007-03-05,0.0,0.0,0.0,0.0,0.0,0.0,0.0
2007-03-06,0.0,0.0,0.0,0.0,0.0,0.0,0.0
2007-03-07,0.0,0.0,0.0,0.0,0.0,0.0,0.0
2007-03-08,0.0,0.0,0.0,0.0,0.0,0.0,0.0
2007-03-09,0.0,0.0,0.0,0.0,0.0,0.0,0.0
2007-03-12,0.0,0.0,0.0,0.0,0.0,0.0,0.0
2007-03-13,0.0,0.0,0.0,0.0,0.0,0.0,0.0
2007-03-14,0.0,0.0,0.0,0.0,0.0,0.0,0.0
2007-03-15,0.0,0.0,0.0,0.0,0.0,0.0,0.0
2007-03-16,0.0,0.0,0.0,0.0,0.0,0.0,0.0
2007-03-19,0.0,0.0,0.0,0.0,0.0,0.0,0.0
2007-03-20,0.0,0.0,0.0,0.0,0.0,0.0,0.0
2007-03-21,0.0,0.0,0.0,0.0,0.0,0.0,0.0
2007-03-22,0.0,0.0,0.0,0.0,0.0,0.0,0.0
2007-03-23,0.0,0.0,0.0,0.0,0.0,0.0,0.0
2007-03-26,0.0,0.0,0.0,0.0,0.0,0.0,0.0
2007-03-27,0.0,0.0,0.0,0.0,0.0,0.0,0.0
2007-03-28,0.0,0.0,0.0,0.0,0.0,0.0,0.0
2007-03-29,0.0,0.0,0.0,0.0,0.0,0.0,0.0
2007-03-30,0.0,0.0,0.0,0.0,0.0,0.0,0.0
2007-04-02,0.0,0.0,0.0,0.0,0.0,0.0,0.0
2007-04-03,0.0,0.0,0.0,0.0,0.0,0.0,0.0
2007-04-04,0.0,0.0,0.0,0.0,0.0,0.0,0.0
2007-04-05,0.0,0.0,0.0,0.0,0.0,0.0,0.0
2007-04-09,0.0,0.0,0.0,0.0,0.0,0.0,0.0
2007-04-10,0.0,0.0,0.0,0.0,0.0,0.0,0.0
2007-04-11,0.0,0.0,0.0,0.0,0.0,0.0,0.0
2007-04-12,0.0,0.0,0.0,0.0,0.0,0.0,0.0
2007-04-13,0.0,0.0,0.0,0.0,0.0,0.0,0.0
2007-04-16,0.0,0.0,0.0,0.0,0.0,0.0,0.0
2007-04-17,0.0,0.0,0.0,0.0,0.0,0.0,0.0
2007-04-18,0.0,0.0,0.0,0.0,0.0,0.0,0.0
2007-04-19,0.0,0.0,0.0,0.0,0.0,0.0,0.0
2007-04-20,0.0,0.0,0.0,0.0,0.0,0.0,0.0
2007-04-23,0.0,0.0,0.0,0.0,0.0,0.0,0.0
2007-04-24,0.0,0.0,0.0,0.0,0.0,0.0,0.0
2007-04-25,0.0,0.0,0.0,0.0,0.0,0.0,0.0
2007-04-26,0.0,0.0,0.0,0.0,0.0,0.0,0.0
2007-04-27,0.0,0.0,0.0,0.0,0.0,0.0,0.0
2007-04-30,0.0,0.0,0.0,0.0,0.0,0.0,0.0
2007-05-01,0.0,0.0,0.0,0.0,0.0,0.0,0.0
2007-05-02,0.0,0.0,0.0,0.0,0.0,0.0,0.0
2007-05-03,0.0,0.0,0.0,0.0,0.0,0.0,0.0
2007-05-04,0.0,0.0,0.0,0.0,0.0,0.0,0.0
2007-05-07,0.0,0.0,0.0,0.0,0.0,0.0,0.0
2007-05-08,0.0,0.0,0.0,0.0,0.0,0.0,0.0
2007-05-09,0.0,0.0,0.0,0.0,0.0,0.0,0.0
2007-05-10,0.0,0.0,0.0,0.0,0.0,0.0,0.0
2007-05-11,0.0,0.0,0.0,0.0,0.0,0.0,0.0
2007-05-14,0.0,0.0,0.0,0.0,0.0,0.0,0.0
2007-05-15,0.0,0.0,0.0,0.0,0.0,0.0,0.0
2007-05-16,0.0,0.0,0.0,0.0,0.0,0.0,0.0
2007-05-17,0.0,0.0,0.0,0.0,0.0,0.0,0.0
2007-05-18,0.0,0.0,0.0,0.0,0.0,0.0,0.0
2007-05-21,0.0,0.0,0.0,0.0,0.0,0.0,0.0
2007-05-22,0.0,0.0,0.0,0.0,0.0,0.0,0.0
2007-05-23,0.0,0.0,0.0,0.0,0.0,0.0,0.0
2007-05-24,0.0,0.0,0.0,0.0,0.0,0.0,0.0
2007-05-25,0.0,0.0,0.0,0.0,0.0,0.0,0.0
2007-05-29,0.0,0.0,0.0,0.0,0.0,0.0,0.0
2007-05-30,0.0,0.0,0.0,0.0,0.0,0.0,0.0
2007-05-31,0.0,0.0,0.0,0.0,0.0,0.0,0.0
2007-06-01,0.0,0.0,0.0,0.0,0.0,0.0,0.0
2007-06-04,0.0,0.0,0.0,0.0,0.0,0.0,0.0
2007-06-05,0.0,0.0,0.0,0.0,0.0,0.0,0.0
2007-06-06,0.0,0.0,0.0,0.0,0.0,0.0,0.0
2007-06-07,0.0,0.0,0.0,0.0,0.0,0.0,0.0
2007-06-08,0.0,0.0,0.0,0.0,0.0,0.0,0.0
2007-06-11,0.0,0.0,0.0,0.0,0.0,0.0,0.0
2007-06-12,0.0,0.0,0.0,0.0,0.0,0.0,0.0
2007-06-13,0.0,0.0,0.0,0.0,0.0,0.0,0.0
2007-06-14,0.0,0.0,0.0,0.0,0.0,0.0,0.0
2007-06-15,0.0,0.0,0.0,0.0,0.0,0.0,0.0
2007-06-18,0.0,0.0,0.0,0.0,0.0,0.0,0.0
2007-06-19,0.0,0.0,0.0,0.0,0.0,0.0,0.0
2007-06-20,0.0,0.0,0.0,0.0,0.0,0.0,0.0
2007-06-21,0.0,0.0,0.0,0.0,0.0,0.0,0.0
2007-06-22,0.0,0.0,0.0,0.0,0.0,0.0,0.0
2007-06-25,0.0,0.0,0.0,0.0,0.0,0.0,0.0
2007-06-26,0.0,0.0,0.0,0.0,0.0,0.0,0.0
2007-06-27,0.0,0.0,0.0,0.0,0.0,0.0,0.0
2007-06-28,0.0,0.0,0.0,0.0,0.0,0.0,0.0
2007-06-29,0.0,0.0,0.0,0.0,0.0,0.0,0.0
2007-07-02,0.0,0.0,0.0,0.0,0.0,0.0,0.0
2007-07-03,0.0,0.0,0.0,0.0,0.0,0.0,0.0
2007-07-05,0.0,0.0,0.0,0.0,0.0,0.0,0.0
2007-07-06,0.0,0.0,0.0,0.0,0.0,0.0,0.0
2007-07-09,0.0,0.0,0.0,0.0,0.0,0.0,0.0
2007-07-10,0.0,0.0,0.0,0.0,0.0,0.0,0.0
2007-07-11,0.0,0.0,0.0,0.0,0.0,0.0,0.0
2007-07-12,0.0,0.0,0.0,0.0,0.0,0.0,0.0
2007-07-13,0.0,0.0,0.0,0.0,0.0,0.0,0.0
2007-07-16,0.0,0.0,0.0,0.0,0.0,0.0,0.0
2007-07-17,0.0,0.0,0.0,0.0,0.0,0.0,0.0
2007-07-18,0.0,0.0,0.0,0.0,0.0,0.0,0.0
2007-07-19,0.0,0.0,0.0,0.0,0.0,0.0,0.0
2007-07-20,0.0,0.0,0.0,0.0,0.0,0.0,0.0
2007-07-23,0.0,0.0,0.0,0.0,0.0,0.0,0.0
2007-07-24,0.0,0.0,0.0,0.0,0.0,0.0,0.0
2007-07-25,0.0,0.0,0.0,0.0,0.0,0.0,0.0
2007-07-26,0.0,0.0,0.0,0.0,0.0,0.0,0.0
2007-07-27,0.0,0.0,0.0,0.0,0.0,0.0,0.0
2007-07-30,0.0,0.0,0.0,0.0,0.0,0.0,0.0
2007-07-31,0.0,0.0,0.0,0.0,0.0,0.0,0.0
2007-08-01,0.0,0.0,0.0,0.0,0.0,0.0,0.0
2007-08-02,0.0,0.0,0.0,0.0,0.0,0.0,0.0
2007-08-03,0.0,0.0,0.0,0.0,0.0,0.0,0.0
2007-08-06,0.0,0.0,0.0,0.0,0.0,0.0,0.0
2007-08-07,0.0,0.0,0.0,0.0,0.0,0.0,0.0
2007-08-08,0.0,0.0,0.0,0.0,0.0,0.0,0.0
2007-08-09,0.0,0.0,0.0,0.0,0.0,0.0,0.0
2007-08-10,0.0,0.0,0.0,0.0,0.0,0.0,0.0
2007-08-13,0.0,0.0,0.0,0.0,0.0,0.0,0.0
2007-08-14,0.0,0.0,0.0,0.0,0.0,0.0,0.0
2007-08-15,0.0,0.0,0.0,0.0,0.0,0.0,0.0
2007-08-16,0.0,0.0,0.0,0.0,0.0,0.0,0.0
2007-08-17,0.0,0.0,0.0,0.0,0.0,0.0,0.0
2007-08-20,0.0,0.0,0.0,0.0,0.0,0.0,0.0
2007-08-21,0.0,0.0,0.0,0.0,0.0,0.0,0.0
2007-08-22,0.0,0.0,0.0,0.0,0.0,0.0,0.0
2007-08-23,0.0,0.0,0.0,0.0,0.0,0.0,0.0
2007-08-24,0.0,0.0,0.0,0.0,0.0,0.0,0.0
2007-08-27,0.0,0.0,0.0,0.0,0.0,0.0,0.0
2007-08-28,0.0,0.0,0.0,0.0,0.0,0.0,0.0
2007-08-29,0.0,0.0,0.0,0.0,0.0,0.0,0.0
2007-08-30,0.0,0.0,0.0,0.0,0.0,0.0,0.0
2007-08-31,0.0,0.0,0.0,0.0,0.0,0.0,0.0
2007-09-04,0.0,0.0,0.0,0.0,0.0,0.0,0.0
2007-09-05,0.0,0.0,0.0,0.0,0.0,0.0,0.0
2007-09-06,0.0,0.0,0.0,0.0,0.0,0.0,0.0
2007-09-07,0.0,0.0,0.0,0.0,0.0,0.0,0.0
2007-09-10,0.0,0.0,0.0,0.0,0.0,0.0,0.0
2007-09-11,0.0,0.0,0.0,0.0,0.0,0.0,0.0
2007-09-12,0.0,0.0,0.0,0.0,0.0,0.0,0.0
2007-09-13,0.0,0.0,0.0,0.0,0.0,0.0,0.0
2007-09-14,0.0,0.0,0.0,0.0,0.0,0.0,0.0
2007-09-17,0.0,0.0,0.0,0.0,0.0,0.0,0.0
2007-09-18,0.0,0.0,0.0,0.0,0.0,0.0,0.0
2007-09-19,0.0,0.0,0.0,0.0,0.0,0.0,0.0
2007-09-20,0.0,0.0,0.0,0.0,0.0,0.0,0.0
2007-09-21,0.0,0.0,0.0,0.0,0.0,0.0,0.0
2007-09-24,0.0,0.0,0.0,0.0,0.0,0.0,0.0
2007-09-25,0.0,0.0,0.0,0.0,0.0,0.0,0.0
2007-09-26,0.0,0.0,0.0,0.0,0.0,0.0,0.0
2007-09-27,0.0,0.0,0.0,0.0,0.0,0.0,0.0
2007-09-28,0.0,0.0,0.0,0.0,0.0,0.0,0.0
2007-10-01,0.0,0.0,0.0,0.0,0.0,0.0,0.0
2007-10-02,0.0,0.0,0.0,0.0,0.0,0.0,0.0
2007-10-03,0.0,0.0,0.0,0.0,0.0,0.0,0.0
2007-10-04,0.0,0.0,0.0,0.0,0.0,0.0,0.0
2007-10-05,0.0,0.0,0.0,0.0,0.0,0.0,0.0
2007-10-08,0.0,0.0,0.0,0.0,0.0,0.0,0.0
2007-10-09,0.0,0.0,0.0,0.0,0.0,0.0,0.0
2007-10-10,0.0,0.0,0.0,0.0,0.0,0.0,0.0
2007-10-11,0.0,0.0,0.0,0.0,0.0,0.0,0.0
2007-10-12,0.0,0.0,0.0,0.0,0.0,0.0,0.0
2007-10-15,0.0,0.0,0.0,0.0,0.0,0.0,0.0
2007-10-16,0.0,0.0,0.0,0.0,0.0,0.0,0.0
2007-10-17,0.0,0.0,0.0,0.0,0.0,0.0,0.0
2007-10-18,0.0,0.0,0.0,0.0,0.0,0.0,0.0
2007-10-19,0.0,0.0,0.0,0.0,0.0,0.0,0.0
2007-10-22,0.0,0.0,0.0,0.0,0.0,0.0,0.0
2007-10-23,0.0,0.0,0.0,0.0,0.0,0.0,0.0
2007-10-24,0.0,0.0,0.0,0.0,0.0,0.0,0.0
2007-10-25,0.0,0.0,0.0,0.0,0.0,0.0,0.0
2007-10-26,0.0,0.0,0.0,0.0,0.0,0.0,0.0
2007-10-29,0.0,0.0,0.0,0.0,0.0,0.0,0.0
2007-10-30,0.0,0.0,0.0,0.0,0.0,0.0,0.0
2007-10-31,0.0,0.0,0.0,0.0,0.0,0.0,0.0
2007-11-01,0.0,0.0,0.0,0.0,0.0,0.0,0.0
2007-11-02,0.0,0.0,0.0,0.0,0.0,0.0,0.0
2007-11-05,0.0,0.0,0.0,0.0,0.0,0.0,0.0
2007-11-06,0.0,0.0,0.0,0.0,0.0,0.0,0.0
2007-11-07,0.0,0.0,0.0,0.0,0.0,0.0,0.0
2007-11-08,0.0,0.0,0.0,0.0,0.0,0.0,0.0
2007-11-09,0.0,0.0,0.0,0.0,0.0,0.0,0.0
2007-11-12,0.0,0.0,0.0,0.0,0.0,0.0,0.0
2007-11-13,0.0,0.0,0.0,0.0,0.0,0.0,0.0
2007-11-14,0.0,0.0,0.0,0.0,0.0,0.0,0.0
2007-11-15,0.0,0.0,0.0,0.0,0.0,0.0,0.0
2007-11-16,0.0,0.0,0.0,0.0,0.0,0.0,0.0
2007-11-19,0.0,0.0,0.0,0.0,0.0,0.0,0.0
2007-11-20,0.0,0.0,0.0,0.0,0.0,0.0,0.0
2007-11-21,0.0,0.0,0.0,0.0,0.0,0.0,0.0
2007-11-23,0.0,0.0,0.0,0.0,0.0,0.0,0.0
2007-11-26,0.0,0.0,0.0,0.0,0.0,0.0,0.0
2007-11-27,0.0,0.0,0.0,0.0,0.0,0.0,0.0
2007-11-28,0.0,0.0,0.0,0.0,0.0,0.0,0.0
2007-11-29,0.0,0.0,0.0,0.0,0.0,0.0,0.0
2007-11-30,0.0,0.0,0.0,0.0,0.0,0.0,0.0
2007-12-03,0.0,0.0,0.0,0.0,0.0,0.0,0.0
2007-12-04,0.0,0.0,0.0,0.0,0.0,0.0,0.0
2007-12-05,0.0,0.0,0.0,0.0,0.0,0.0,0.0
2007-12-06,0.0,0.0,0.0,0.0,0.0,0.0,0.0
2007-12-07,0.0,0.0,0.0,0.0,0.0,0.0,0.0
2007-12-10,0.0,0.0,0.0,0.0,0.0,0.0,0.0
2007-12-11,0.0,0.0,0.0,0.0,0.0,0.0,0.0
2007-12-12,0.0,0.0,0.0,0.0,0.0,0.0,0.0
2007-12-13,0.0,0.0,0.0,0.0,0.0,0.0,0.0
2007-12-14,0.0,0.0,0.0,0.0,0.0,0.0,0.0
2007-12-17,0.0,0.0,0.0,0.0,0.0,0.0,0.0
2007-12-18,0.0,0.0,0.0,0.0,0.0,0.0,0.0
2007-12-19,0.0,0.0,0.0,0.0,0.0,0.0,0.0
2007-12-20,0.0,0.0,0.0,0.0,0.0,0.0,0.0
2007-12-21,0.0,0.0,0.0,0.0,0.0,0.0,0.0
2007-12-24,0.0,0.0,0.0,0.0,0.0,0.0,0.0
2007-12-26,0.0,0.0,0.0,0.0,0.0,0.0,0.0
2007-12-27,0.0,0.0,0.0,0.0,0.0,0.0,0.0
2007-12-28,0.0,0.0,0.0,0.0,0.0,0.0,0.0
2007-12-31,0.0,0.0,0.0,0.0,0.0,0.0,0.0
2008-01-02,0.0,0.0,0.0,0.0,0.0,0.0,0.0
2008-01-03,0.0,0.0,0.0,0.0,0.0,0.0,0.0
2008-01-04,0.0,0.0,0.0,0.0,0.0,0.0,0.0
2008-01-07,0.0,0.0,0.0,0.0,0.0,0.0,0.0
2008-01-08,0.0,0.0,0.0,0.0,0.0,0.0,0.0
2008-01-09,-0.0018385560476977263,5.521469911316184e-05,2.739726027436243e-06,-0.0018965104728383244,0.250000000002331,0.04999999999948529,0.250000000002331
2008-01-10,-0.0015708356892039364,0.0,2.793409192588682e-06,-0.001573629098396525,0.25217182724751835,0.04825295618854455,0.0
2008-01-11,0.0004006635330983414,0.0,2.840916335424924e-06,0.0003978226167629165,0.25414258911008347,0.046755696624064,0.0
2008-01-14,0.0004884664625210572,0.0,8.52084020276602e-06,0.00047994562231829115,0.2544780526846722,0.04713760775069906,0.0
2008-01-15,0.0022232660192519193,0.0,2.827037880235971e-06,0.0022204389813716835,0.2539769925099178,0.04760322725269193,0.0
2008-01-16,-0.0022116938444580935,5.311160655208697e-05,8.219178082270908e-06,-0.0022730246290924515,0.5002838983010977,-0.09971610170467848,0.2500000000136691
2008-01-17,0.005333078005737524,0.0,8.28916867476241e-06,0.0053247888370627616,0.502949305494766,-0.10216000776288993,0.0
2008-01-18,0.0037123509565260026,0.0,8.089250471432396e-06,0.00370426170605457,0.4942012067828379,-0.09631407763172697,0.0
2008-01-22,-0.002029258431998908,0.0,3.1866565839208506e-05,-0.0020611249978381165,0.4893048549701367,-0.0922599715954184,0.0
2008-01-23,-0.020168630393432987,0.0,8.051350249608675e-06,-0.020176681743682597,0.49326459491473845,-0.0944839733066948,0.0
2008-01-24,0.006077802606301608,5.408059887442699e-05,8.219178082548808e-06,0.006015502829344632,0.7260672425596479,0.1260672425335849,0.2500000000402295
2008-01-25,0.00659680305803409,0.0,8.071147074844988e-06,0.006588731910959245,0.7205486159543464,0.1313548794906622,0.0
2008-01-28,-0.0064616803603707775,0.0,2.389774490193995e-05,-0.006485578105272717,0.7185604979841399,0.13704870537026756,0.0
2008-01-29,0.0004659359607492741,0.0,8.238015223778206e-06,0.00045769794552549586,0.7328145973986834,0.13143948606287448,0.0
2008-01-30,0.005682603815476849,0.0,8.20786769779413e-06,0.0056743959477790545,0.731019418741815,0.13184507680284346,0.0
2008-01-31,-0.00398558268003494,5.5259387052071526e-05,8.101951228014917e-06,-0.004048944018315026,0.9708953335585389,0.37945289391344983,0.24999999998521832
2008-02-01,-0.011405257828682704,0.0,8.317706087824103e-06,-0.011413575534770529,0.9841862821840721,0.3769937377729127,0.0
2008-02-04,0.007937497771222013,0.0,2.6064355536643352e-05,0.00791143341568537,1.0040419780188066,0.3698093266271516,0.0
2008-02-05,0.008972950380219273,0.0,8.526476775255351e-06,0.008964423903444018,0.9972145680252121,0.37478176343157155,0.0
2008-02-06,0.0045773619805895525,0.0,8.193148950446767e-06,0.004569168831639106,0.9784450121409607,0.38034513875834675,0.0
2008-02-07,-0.0068809502003991715,8.556521510784223e-06,8.000077554277187e-06,-0.006897506799464233,1.000000000015767,0.4159943385535324,0.04170263956792718
2008-02-08,0.01674736984092049,0.0,8.214154173082698e-06,0.016739155686747408,1.0115881043652566,0.41195484973021956,0.0
2008-02-11,0.0034717844646159285,0.0,2.3775384925184854e-05,0.0034480090796907437,1.0001786173252014,0.42164425081236984,0.0
2008-02-12,-0.012579239427575524,0.0,7.820939646270018e-06,-0.012587060367221794,0.9945838622437466,0.4236552680660354,0.0
2008-02-13,-0.004977193392353196,0.0,8.062362281913804e-06,-0.0049852557546351105,1.0048686726880471,0.4163162261083394,0.0
2008-02-14,0.012094077522405704,5.403079271222646e-06,7.812773004031969e-06,0.01208086167013045,0.9999999999987518,0.4296675707044182,0.02606006361362535
2008-02-15,0.00020958715418962863,0.0,7.5574334074560176e-06,0.0002020297207821726,0.9881811298889902,0.4364884911447008,0.0
2008-02-19,0.0059020733885870105,0.0,3.0270533957447417e-05,0.005871802854629563,0.9890471148521529,0.43660987012873764,0.0
2008-02-20,0.0010239793210019938,0.0,7.562687208174989e-06,0.0010164166337938189,0.9920049347152782,0.43992876851850404,0.0
2008-02-21,0.009045778616362726,0.0,7.579642927329262e-06,0.009038198973435396,0.9938189449138699,0.4405050112188337,0.0
2008-02-22,-0.002159954181287748,3.551564379429652e-05,9.788754441576046e-06,-0.0022052585795236204,0.9999999999857562,0.2854209257507049,0.1686877750609164
2008-02-25,-0.004198653515715187,0.0,2.9767621313055415e-05,-0.0042284211370282425,1.0082324677977434,0.2838870158467285,0.0
2008-02-26,0.004354739621774981,0.0,1.0183066418634558e-05,0.004344556555356346,1.0242398730100035,0.2808760244496809,0.0
2008-02-27,-0.00037758225034725985,0.0,1.019442311011185e-05,-0.0003877766734573717,1.0281898104144653,0.2839969233763003,0.0
2008-02-28,0.009770188579223911,0.0,1.0176870631585501e-05,0.009760011708592326,1.0266409208609213,0.2837293647551799,0.0
2008-02-29,0.00466648422592692,5.179285959286217e-05,9.459249262432716e-06,0.004605232117071625,1.0000000000131712,0.309474803855583,0.2500000000080169
2008-03-03,0.007089932824162731,0.0,2.7710979365829622e-05,0.007062221844796901,0.9870017242527253,0.3127012263508713,0.0
2008-03-04,-0.005276550187925482,0.0,9.150145534622021e-06,-0.005285700333460104,0.985509184819631,0.3175485607922234,0.0
2008-03-05,0.0028307374115345645,0.0,9.13823803303649e-06,0.002821599173501528,0.9810227340979677,0.313931357686304,0.0
2008-03-06,0.010750103001351081,0.0,9.205612622005172e-06,0.010740897388729076,0.9878805556194672,0.3158708342130897,0.0
2008-03-07,-0.0076102267110073184,7.031143355829887e-06,9.530418731329067e-06,-0.007626788273094477,1.0000000000014408,0.30427943261441903,0.034905830760755055
2008-03-10,0.011235129692606446,0.0,2.8848540501811127e-05,0.011206281152104635,1.000930380583352,0.2989492283726146,0.0
2008-03-11,-0.010848755836893476,0.0,9.343204663941797e-06,-0.010858099041557418,0.9888008069051476,0.3067468664373965,0.0
2008-03-12,0.008476118597971172,0.0,9.900192992328461e-06,0.008466218404978843,1.0218603588727522,0.2991462704327746,0.0
2008-03-13,-0.0015378884242586406,0.0,9.685127204168319e-06,-0.001547573551462809,1.0120541409004127,0.30503985499612546,0.0
2008-03-14,0.0038650895782971957,4.440162181077545e-06,9.521123762890248e-06,0.0038511282923532277,1.0000000000204152,0.30495796532942737,0.021360643852296694
2008-03-17,-0.009263386949896755,0.0,2.7853966242142652e-05,-0.009291240916138898,0.9854181455709238,0.3076383003454527,0.0
2008-03-18,-0.01743365761596133,0.0,9.291745288169985e-06,-0.0174429493612495,0.9794705920607986,0.30117318602438964,0.0
2008-03-19,-0.004458275856490097,0.0,9.875493678423871e-06,-0.004468151350168521,1.0096876833253356,0.2887766448003931,0.0
2008-03-20,-0.02311049508390099,0.0,9.723959564390182e-06,-0.023120219043465378,0.9954434963635468,0.2855944481630634,0.0
2008-03-24,-0.0044378688084947306,2.329371790190483e-05,3.6300206139917684e-05,-0.004497462732536554,1.000000000000664,0.3375212379471662,0.10762226395284359
2008-03-25,0.007866149516772723,0.0,9.395959945970665e-06,0.007856753556826752,1.0204932430061366,0.33458816695027804,0.0
2008-03-26,0.010310288247747594,0.0,9.349505840547666e-06,0.010300938741907047,1.0222986380846322,0.3397847117246527,0.0
2008-03-27,0.0020624538822236523,0.0,9.156355466141045e-06,0.0020532975267575112,1.0149394114398838,0.3465254624115875,0.0
2008-03-28,-0.0036085569786023118,0.0,9.053977756367585e-06,-0.003617610956358679,1.008814004448169,0.34787362823333556,0.0
2008-03-31,-0.009907934004301485,4.874160891898856e-06,2.6792094613134557e-05,-0.009939600259806518,0.9999999999968002,0.3480590310771929,0.023605269056897794
2008-04-01,-0.020459177156046424,0.0,9.046482814431359e-06,-0.020468223638860857,1.0019391725117042,0.341545927058215,0.0
2008-04-02,0.011878563229559123,0.0,9.6068135438018e-06,0.011868956416015321,1.0290935436063318,0.32779615490880054,0.0
2008-04-03,0.0004589418662129232,0.0,9.495874542793502e-06,0.0004494459916701297,1.0288892647608001,0.33569042313687436,0.0
2008-04-04,0.004635909245801633,0.0,9.546501422643752e-06,0.004626362744378989,1.032892955743616,0.33599835189062227,0.0
2008-04-07,0.00258831100227475,1.1350983993089592e-05,2.600240816502749e-05,0.002550957610116633,1.0000000000096319,0.36727473466062976,0.0528880709059936
2008-04-08,-0.001730958094323214,0.0,8.63114852485253e-06,-0.0017395892428480667,0.9989957837431119,0.3689219414288775,0.0
2008-04-09,0.014139812541620687,0.0,8.625854317369172e-06,0.014131186687303319,0.9975182231061607,0.36783085793821124,0.0
2008-04-10,-0.003957796560611458,0.0,8.391583712771484e-06,-0.0039661881443242295,0.9892337956991888,0.37664818466687044,0.0
2008-04-11,0.005108393445139391,0.0,8.499191059878787e-06,0.0050998942540795116,0.994615381682686,0.3741744343115347,0.0
2008-04-14,0.0026146713960568516,1.1592780907571633e-05,2.3368055553540077e-05,0.00257971055959574,1.0000000000712876,0.4313773149351458,0.05401897488152706
2008-04-15,0.0022177255968979966,0.0,7.74240334534779e-06,0.0022099831935526487,0.998070737576307,0.4328752933659184,0.0
2008-04-16,-0.004984107776441766,0.0,7.757776116858539e-06,-0.004991865552558625,1.0004512475535725,0.4341335910228992,0.0
2008-04-17,-0.00249945956040451,0.0,8.030043031649507e-06,-0.0025074896034361594,1.0174956285858343,0.4313024872754204,0.0
2008-04-18,-0.009480106831229863,0.0,8.033939273139478e-06,-0.009488140770503002,1.016358516666354,0.42988094972717217,0.0
2008-04-21,-0.0012479750722243865,5.422377911795167e-05,2.794546447185071e-05,-0.001330144315814189,0.9999999999843984,0.31999369783603115,0.2500000000138759
2008-04-22,0.005979050315095358,0.0,9.333303722508324e-06,0.00596971701137285,1.0005014370210505,0.3191702652779431,0.0
2008-04-23,-0.005040643232934809,0.0,9.162716258360733e-06,-0.0050498059491931695,0.9920980718047768,0.32321978494444337,0.0
2008-04-24,-0.011101749153792306,0.0,9.24256368592993e-06,-0.011110991717478235,0.9945011886278549,0.3197940395549698,0.0
2008-04-25,0.0004311446426966547,0.0,9.424657465812283e-06,0.0004217199852308424,1.0001607004178465,0.31216070541354957,0.0
2008-04-28,0.0003534889220174086,5.260058528804596e-05,3.1728812637257865e-05,0.00026915952409210477,1.0000000000548128,0.22793222588153803,0.2500000000392292
2008-04-29,-0.008340085924294676,0.0,1.0601756630826517e-05,-0.008350687680925502,1.002152520113668,0.22822428606333237,0.0
2008-04-30,0.003767595599223845,0.0,1.0667770467710303e-05,0.0037569278287561346,1.0004830910873894,0.22173584694453713,0.0
2008-05-01,-0.017325848052615958,0.0,1.056314069406579e-05,-0.017336411193310024,0.9957686840085878,0.22465941334178519,0.0
2008-05-02,0.0060368332733836795,0.0,1.094870811145044e-05,0.006025884565272229,1.010247091075317,0.21099139893943503,0.0
2008-05-05,0.010608219113460085,5.2101468350014324e-05,3.590634474162085e-05,0.01052021130036845,1.0000000000558091,0.12627894467636852,0.25000000004207484
2008-05-06,0.0025783609084402523,0.0,1.1794749448151785e-05,0.0025665661589921005,0.9964787838617003,0.13546207414662,0.0
2008-05-07,0.00747317333817341,0.0,1.1817623153164863e-05,0.007461355715020245,1.000373542307576,0.1376870521265408,0.0
2008-05-08,0.004241095600759013,0.0,1.1604055149158394e-05,0.004229491545609854,0.9911811807595311,0.1440851548709681,0.0
2008-05-09,0.006494563686424593,0.0,1.1571023462261893e-05,0.006482992662962331,0.9923862607682084,0.14770154802309007,0.0
2008-05-12,-0.011214809744392738,1.2354310959595234e-05,3.689108031211287e-05,-0.011264055135664447,1.00000000003895,0.10231704577753661,0.05927727527080014
2008-05-13,0.00028643913468220244,0.0,1.2581488009854448e-05,0.000273857646672348,1.0105887320011466,0.09214010728177185,0.0
2008-05-14,-0.00481732334156147,0.0,1.2625683300517424e-05,-0.0048299490248619875,1.0140761225676436,0.0924012416298716,0.0
2008-05-15,-0.00032528630410473265,0.0,1.2688014976387605e-05,-0.00033797431908112025,1.0142340905350944,0.08800899725879938,0.0
2008-05-16,0.00587335899362381,0.0,1.276000225385339e-05,0.005860598991369957,1.019193520347698,0.08771335581640086,0.0
2008-05-19,0.0004714226198151095,3.6577620409827436e-06,3.7579519920282595e-05,0.00043018533785384416,1.000000000035569,0.08556501530869262,0.018104873004218258
2008-05-20,0.00812551147063396,0.0,1.2536980514645844e-05,0.008112974490119315,1.0011990197985439,0.0859994422293971,0.0
2008-05-21,0.01618257346236216,0.0,1.2345998211437485e-05,0.016170227464150724,0.9946253352664693,0.09336746583153291,0.0
2008-05-22,-0.009380704821124047,0.0,1.1984286358723955e-05,-0.009392689107482772,0.9826596833396651,0.10780677915281642,0.0
2008-05-23,0.006952709464370456,0.0,1.2158155187679025e-05,0.006940551309182777,0.9869046542874278,0.0993593255868589,0.0
2008-05-27,-0.011065212202944368,3.7799532989835516e-05,5.056483211271263e-05,-0.011153576568046917,1.0000000000129294,0.07719181395592406,0.18734605676832988
2008-05-28,0.00023761730305484595,0.0,1.29020519717304e-05,0.00022471525108311554,1.0087222628920918,0.06687246895577209,0.0
2008-05-29,-0.013289061605727693,0.0,1.2956604152787637e-05,-0.013302018209880482,1.0129271121405339,0.06709500898703633,0.0
2008-05-30,0.0018665208667856261,0.0,1.322966281258744e-05,0.0018532912039730387,1.0202967093656705,0.05453132404678773,0.0
2008-06-02,0.0061525238306481475,0.0,3.968147879694373e-05,0.006112842351851204,1.0218761673599852,0.05629351663435431,0.0
2008-06-03,-0.006380913332255454,5.244946278775907e-05,1.2937471283588091e-05,-0.006446300266326801,1.0000000000648714,0.05556459636294078,0.25000000003039846
2008-06-04,-0.0061138500942733475,0.0,1.3010934254847598e-05,-0.006126861028528195,0.9993009935016004,0.04950279289772583,0.0
2008-06-05,0.006420999260543287,0.0,1.3127724735227678e-05,0.006407871535808059,1.0019803252910846,0.04365641961946415,0.0
2008-06-06,0.025694836702166362,0.0,1.322355562135449e-05,0.025681613146545008,1.015078132699521,0.04975857234064335,0.0
2008-06-09,-0.003467576362111152,0.0,3.789077167911145e-05,-0.003505467133790263,0.9955729402005725,0.07356416267552734,0.0
2008-06-10,-0.0006458944697064834,3.7145789205955223e-05,1.5068493150535325e-05,-0.0006981087520629739,1.0000000000233464,-0.09999999996573193,0.17616910842251027
2008-06-11,0.015779392634074824,0.0,1.4994256693096469e-05,0.015764398377381725,0.9938645332962093,-0.10071620529983281,0.0
2008-06-12,-0.0006156223385912237,0.0,1.4638812346770397e-05,-0.0006302611509379941,0.9850146858149763,-0.08361861549926242,0.0
2008-06-13,-0.008262699995161618,0.0,1.4654729906957513e-05,-0.008277354725068575,0.9855079223209624,-0.08428736088693588,0.0
2008-06-16,-0.003982214103645168,0.0,4.4715950601829574e-05,-0.004026930054246998,0.9947656067897861,-0.0933225245214,0.0
2008-06-17,0.001815139711543959,5.305626816567539e-05,1.2363839808917525e-05,0.0017497196035693662,1.00000000000135,0.09743969395037086,0.2500000000010021
2008-06-18,0.008068404419229357,0.0,1.231610072843153e-05,0.008056088318500926,0.9981568220489785,0.09908146887347641,0.0
2008-06-19,-0.013560652549665158,0.0,1.2223262052779668e-05,-0.013572875811717938,0.9985916928147133,0.10629356296179746,0.0
2008-06-20,0.009238471422006986,0.0,1.2423880040705608e-05,0.00922604754196628,1.000952124254494,0.09400888128298474,0.0
2008-06-23,0.009600389857234501,0.0,3.6629058340594194e-05,0.009563760798893907,0.9936105820769237,0.10230349578913181,0.0
2008-06-24,0.0033150372065379142,5.321696196562905e-05,9.932606192381413e-06,0.003251887638379904,0.9999999999882493,0.27491974794440605,0.25000000000685463
2008-06-25,-0.006611706680499133,0.0,9.815398590543557e-06,-0.006621522079089676,0.9938570267350592,0.2773329296253796,0.0
2008-06-26,0.019606216747120445,0.0,9.916786939531679e-06,0.01959629996018091,0.996451204856201,0.2725257582703885,0.0
2008-06-27,0.0020606107537942953,0.0,9.59552688916249e-06,0.002051015226905133,0.9869907590474587,0.28651729613859694,0.0
2008-06-30,-0.0010569364360970268,0.0,2.8732986137052678e-05,-0.0010856694222340796,0.9871565700115575,0.2879872406766091,0.0
2008-07-01,0.00386170854492994,2.077778737154136e-05,9.710975384957805e-06,0.003831219782173441,1.0000000000167704,0.29109879691485074,0.10192874738243023
2008-07-02,0.010162644265682677,0.0,9.688547939314233e-06,0.010152955717743363,1.0010987594848433,0.2938347599149044,0.0
2008-07-03,0.00017276695939968142,0.0,9.484360185498866e-06,0.00016328259921418256,0.9933002473909588,0.3009419538495415,0.0
2008-07-07,-0.005294998740300365,0.0,3.80001176708402e-05,-0.005332998857971205,0.994567709534271,0.3010655620414372,0.0
2008-07-08,-0.020487058723561505,0.0,9.496571716375854e-06,-0.02049655529527788,0.9906060997486135,0.29735636445317615,0.0
2008-07-09,0.0005118849563549602,4.749061181768252e-05,9.098294648521155e-06,0.0004552960498887565,1.000000000023337,0.33582449068129305,0.2328381132401015
2008-07-10,0.012781179192598621,0.0,9.024758822730329e-06,0.012772154433775891,0.9949907067626498,0.3361833127033357,0.0
2008-07-11,0.003799129075827077,0.0,8.933398028960144e-06,0.003790195677798117,0.9967017275857202,0.34456367147162986,0.0
2008-07-14,0.0020873605817753513,0.0,2.6462951412152764e-05,0.0020608976303631986,0.9909792406008882,0.3470474229051707,0.0
2008-07-15,-0.012479849477242178,0.0,8.79689592172033e-06,-0.012488646373163898,0.990590134554618,0.348416732269034,0.0
2008-07-16,-0.008597079030398906,5.229655614858641e-05,1.2406046385162204e-05,-0.008661781632932655,1.0000000000034812,0.0943586138866406,0.25000000000301287
2008-07-17,-0.015978053929833966,0.0,1.2564432356442501e-05,-0.015990618362190408,1.0037144351686296,0.0865108731483267,0.0
2008-07-18,-0.004313622354407708,0.0,1.2808174676770783e-05,-0.0043264305290844785,1.0066757623310698,0.0716790109268026,0.0
2008-07-21,0.003700815113720865,0.0,3.8614865984905563e-05,0.0036622002477359594,1.0072865123033365,0.06765810667063474,0.0
2008-07-22,-0.013694767396016721,0.0,1.28403927866263e-05,-0.013707607788803347,1.0084472181001478,0.07109854467642807,0.0
2008-07-23,-0.011088235430718801,1.5483253005438307e-05,1.3511996423001755e-05,-0.011117230680147241,1.00000000001128,0.013624261132152038,0.0762612051833355
2008-07-24,0.0006520961738897349,0.0,1.3681658555371048e-05,0.0006384145153343638,1.0013256107845145,0.0025645362424279172,0.0
2008-07-25,-0.00561804957101998,0.0,1.3614287899319448e-05,-0.0056316638589193,0.9970575968319885,0.003214580181669008,0.0
2008-07-28,0.0052946505487623755,0.0,4.102514605509477e-05,0.00525362540270728,0.9958614724269753,-0.0024170815803310486,0.0
2008-07-29,-0.008395173217696207,0.0,1.3546365001854166e-05,-0.008408719582698062,0.9917471754418512,0.0028625303064971075,0.0
2008-07-30,0.005020861161896536,3.610781685927178e-05,1.4361344581769895e-05,0.004970392000455494,1.000000000001835,-0.04837815446736739,0.17815956550011056
2008-07-31,-0.0021865124607988538,0.0,1.4398095031647387e-05,-0.0022009105558305013,1.0079180809131016,-0.04314285639715759,0.0
2008-08-01,0.003571613002310956,0.0,1.4366152738224701e-05,0.003557246849572731,1.003299795085913,-0.04542935480449024,0.0
2008-08-04,-0.011256152273138215,0.0,4.273531535969086e-05,-0.011298887588497905,0.9981833024798554,-0.041709371272622184,0.0
2008-08-05,-0.010683913999936059,0.0,1.4343387278692368e-05,-0.01069825738721475,0.9934964571916446,-0.05357081415289819,0.0
2008-08-06,-0.002294462483488037,4.122856714131217e-06,1.4576337071367775e-05,-0.002313161677273536,0.9999999999975948,-0.06407260621225297,0.02019635690251381
2008-08-07,0.0039068771751300125,0.0,1.4645012984774298e-05,0.003892232162145238,1.0025650054981095,-0.06652094239041466,0.0
2008-08-08,-0.015966046052527324,0.0,1.450857840514161e-05,-0.015980554630932467,0.9967549219462487,-0.06237130162908891,0.0
2008-08-11,-0.0015607910014230775,0.0,4.469556809222297e-05,-0.0016054865695153005,1.007982604426524,-0.07960955248423465,0.0
2008-08-12,-0.0005284417947268598,0.0,1.496734569909495e-05,-0.0005434091404259547,1.0113153650918862,-0.08130087094204518,0.0
2008-08-13,0.012013176461289096,2.4315513355546145e-05,1.5061385100715973e-05,0.011973799562832834,0.9999999999992781,-0.09948111235298801,0.11656510912222307
2008-08-14,-0.004559278912609781,0.0,1.4786122767746766e-05,-0.004574065035377528,0.9929539576243671,-0.08643300442114657,0.0
2008-08-15,-0.004631921877056953,0.0,1.4904375374175103e-05,-0.004646826252431128,0.9966090018644562,-0.09141040045032596,0.0
2008-08-18,0.003276079503351639,0.0,4.5028122420683125e-05,0.0032310513809309556,0.9991936144014237,-0.09649069783519905,0.0
2008-08-19,0.008600172716578676,0.0,1.4876389453490112e-05,0.008585296327125186,0.9930620229963267,-0.09291440710845128,0.0
2008-08-20,0.0014524054488437603,4.047021891452168e-06,1.5051690983815969e-05,0.001433306735968492,1.0000000000170148,-0.09877344180155082,0.019837895760928446
2008-08-21,0.014510736107950836,0.0,1.5081083583765897e-05,0.01449565502436707,1.0037373565120726,-0.09718174510283795,0.0
2008-08-22,-0.018220535082798278,0.0,1.4819108058995766e-05,-0.018235354190857273,1.000305126782871,-0.08148976152381983,0.0
2008-08-25,0.004475947230802831,0.0,4.563301842375539e-05,0.0044303142123790756,1.008841126799549,-0.10156232151183216,0.0
2008-08-26,-0.0008262106191646068,0.0,1.5029295959602515e-05,-0.0008412399151242093,1.0004804567381667,-0.0966581483128168,0.0
2008-08-27,0.0015170288849490501,5.1893690919046604e-05,1.3231659889169176e-05,0.0014519035341408343,0.9999999999982612,0.034088828088911255,0.25000000000060096
2008-08-28,-0.010262312431307952,0.0,1.3276425326066342e-05,-0.010275588856634018,1.0047332844563044,0.035554235653461386,0.0
2008-08-29,0.0006756689091858482,0.0,1.353098630407556e-05,0.0006621379228817727,1.0133165110667943,0.025554510869278485,0.0
2008-09-02,-0.006412346937463591,0.0,5.3859658219156663e-05,-0.006466206595682748,1.009151585773718,0.026212823274108787,0.0
2008-09-03,-0.001047609357252578,0.0,1.350575114012865e-05,-0.0010611151083927065,1.0058491768190034,0.01992934358961193,0.0
2008-09-04,0.006651839634510758,5.256774954829311e-05,1.0089656579360169e-05,0.006589182228383105,1.0000000000073628,0.2634550697140705,0.2500000000039829
2008-09-05,-0.003012081994848299,0.0,9.742136251670056e-06,-0.003021824131099969,0.9795147226248235,0.2683387762529096,0.0
2008-09-08,-0.0065024193371412894,0.0,2.9330032529527393e-05,-0.006531749369670816,0.9798283532371598,0.26613089501865994,0.0
2008-09-09,8.803726898084146e-05,0.0,1.0021180777537342e-05,7.801608820330412e-05,0.9928816501245293,0.2613354533643035,0.0
2008-09-10,-0.0016352763655491803,0.0,9.770754595401778e-06,-0.0016450471201445822,0.9746681824505432,0.2614030969862132,0.0
2008-09-11,-0.0016030320249486854,5.452795548740167e-05,1.1588104897521602e-05,-0.0016691480853336085,1.0000000000258888,0.1540683425068121,0.2500000000276825
2008-09-12,-0.007710980912376043,0.0,1.1574270270419778e-05,-0.007722555182646463,0.9976419528905696,0.15272022314992587,0.0
2008-09-15,0.006581416994121002,0.0,3.55687919849643e-05,0.006545848202136038,1.011645071092267,0.14613779945813585,0.0
2008-09-16,-0.004970290365485395,0.0,1.140102456589301e-05,-0.004981691390051288,0.9840008341309229,0.15172604082073315,0.0
2008-09-17,0.00882548433048188,0.0,1.1441383637778657e-05,0.0088140429468441,0.9827115081801177,0.14749050262227556,0.0
2008-09-18,-0.006645876039219812,5.642813702173883e-05,1.4735715288852805e-05,-0.006717039891530403,1.000000000111444,-0.07570721597481077,0.2500000001065186
2008-09-19,-0.018889476077613942,0.0,1.4971712356922352e-05,-0.018904447789970864,1.0100250002517799,-0.08291000180355192,0.0
2008-09-22,0.0028705153279352863,0.0,4.753381755773947e-05,0.0028229815103775467,1.052895204520559,-0.10376102271776788,0.0
2008-09-23,0.00011940558177012345,0.0,1.5878757601575474e-05,0.00010352682416854797,1.0585428078063384,-0.10060649710867102,0.0
2008-09-24,0.004005378844669227,0.0,1.5791127286516185e-05,0.0039895877173827116,1.0522756024213469,-0.10047668949433454,0.0
2008-09-25,-0.004346640072865105,5.118183163645672e-05,1.2782599021075929e-05,-0.004410604503522638,1.0000000000044238,0.06687027146588094,0.2500000000013997
2008-09-26,0.005575062742614083,0.0,1.296529947522403e-05,0.005562097443138858,1.0092674817821667,0.06280062009081244,0.0
2008-09-29,0.030227004712211212,0.0,3.816735481765274e-05,0.03018883735739356,0.9967364414852791,0.06799747425572886,0.0
2008-09-30,-0.007489294158299679,0.0,1.1504643369373568e-05,-0.007500798801669053,0.9351850572885585,0.09534609132428806,0.0
2008-10-01,-0.006421621298522654,0.0,1.1760705288869805e-05,-0.006433382003811524,0.9470522597666193,0.0885207736791234,0.0
2008-10-02,0.025046700080117223,5.230699572077858e-05,9.907559020142522e-06,0.024984485525376302,1.0000000000289018,0.2767481915584977,0.25000000001074585
2008-10-03,0.000983846850752603,0.0,9.049357002656086e-06,0.0009747974937499469,0.9550415584594638,0.2944384972655697,0.0
2008-10-06,0.018093630400877497,0.0,2.709699716066325e-05,0.018066533403716833,0.9544949118443274,0.2951346476015216,0.0
2008-10-07,0.002138828011838573,0.0,8.450427362717311e-06,0.0021303775844758554,0.9245509496262694,0.3076697521479056,0.0
2008-10-08,-0.005555296585211732,0.0,8.31485023894325e-06,-0.005563611435450675,0.9161340414277825,0.3091499739849254,0.0
2008-10-09,-0.004467082881727277,5.1471942438090745e-05,7.170923620035853e-06,-0.004525725747785404,0.999999999998005,0.4765225757353875,0.2499999999991279
2008-10-10,0.014339819316952293,0.0,7.251459987024333e-06,0.014332567856965269,1.0035581782937626,0.47420159924098626,0.0
2008-10-13,-0.017441109816358786,0.0,1.9871140418085193e-05,-0.01746098095677687,0.9651693883776029,0.48163830487086323,0.0
2008-10-14,-0.002219959244128667,0.0,7.072302574965184e-06,-0.002227031546703632,0.9887246636886375,0.4724465757161791,0.0
2008-10-15,0.018618700891640444,0.0,7.187640837471443e-06,0.018611513250802972,0.9959739444904668,0.4712761633550516,0.0
2008-10-16,-0.0022414795888109117,6.610712057083215e-06,6.718281683224109e-06,-0.002254808582551219,1.000000000001954,0.5095654371265941,0.03268432268850723
2008-10-17,7.151801596098629e-05,0.0,6.7755944350177125e-06,6.474242152596857e-05,1.0030888548537324,0.5084704610974395,0.0
2008-10-20,0.0019974853105408715,0.0,2.027949347001397e-05,0.0019772058170708577,1.0019767314426886,0.508509057005682,0.0
2008-10-21,0.0038155882341900094,0.0,6.8204635068069545e-06,0.0038087677706832024,1.0073929936148955,0.5094991576179879,0.0
2008-10-22,0.016841838402691562,0.0,6.8344408527171825e-06,0.016835003961838846,1.0102812496950526,0.5113670674466982,0.0
2008-10-23,0.005844758379009045,8.007712119203506e-06,6.882975214506352e-06,0.005829867691675335,1.0000000000060376,0.49754280934707373,0.03948782941529151
2008-10-24,0.005760794126997601,0.0,6.652887343267725e-06,0.005754141239654334,0.9861306705162716,0.5004698944577276,0.0
2008-10-27,0.00408164802207849,0.0,1.9230128515670562e-05,0.00406241789356282,0.9712675583916024,0.503334431176952,0.0
2008-10-28,-0.01596033108581845,0.0,6.2222092419144435e-06,-0.015966553295060366,0.9595843578269803,0.5053630831672258,0.0
2008-10-29,-0.015479869784887437,0.0,6.60790246765764e-06,-0.015486477687355095,0.9797204955620247,0.49734361542301697,0.0
2008-10-30,0.004527999101333053,8.279201225411493e-06,6.563541549350454e-06,0.004513156358558291,1.000000000018129,0.5208614669155458,0.040388381404518836
2008-10-31,-0.00587980400759029,0.0,6.314967867942252e-06,-0.0058861189754582325,0.984021608924659,0.5230289545648745,0.0
2008-11-03,0.0007183121663888749,0.0,1.9473690842793838e-05,0.000698838475546081,0.994070985936201,0.5202111754282177,0.0
2008-11-04,-0.008989189692751894,0.0,6.542564650637989e-06,-0.008995732257402533,0.9981729157535859,0.5205656962570127,0.0
2008-11-05,0.0063148845454853355,0.0,6.973415647272327e-06,0.006307911129838063,1.0252796282942263,0.5162202860433465,0.0
2008-11-06,0.010315816843678924,2.194604863524455e-05,6.381699846275793e-06,0.010287489095197402,1.0000000000037659,0.534135911225633,0.101540333625304
2008-11-07,-0.002467835695748324,0.0,6.033304379570939e-06,-0.0024738690001278947,0.9793389404772659,0.5389077207685874,0.0
2008-11-10,-0.005422756810773781,0.0,1.8129065876780626e-05,-0.005440885876650562,0.9789108612455613,0.5377702582438992,0.0
2008-11-11,0.01564666608438753,0.0,6.286892673657059e-06,0.015640379191713873,0.9942029540356311,0.5352597888586658,0.0
2008-11-12,0.012996137879526332,0.0,5.859312657273149e-06,0.012990278566869058,0.9701525813170414,0.5424227573361016,0.0
2008-11-13,-0.009081080916911982,5.2004739126112256e-05,5.489908587167085e-06,-0.009138575564625261,0.9811168525249946,0.5803535256617973,0.25000000005195155
2008-11-14,0.013448878818323207,0.0,5.704141059318157e-06,0.01344317467726389,0.992943507490279,0.5765412101600534,0.0
2008-11-17,-0.001322324301971328,0.0,1.6475305595561508e-05,-0.0013387996075668897,0.983063060036115,0.5821639572107848,0.0
2008-11-18,0.0044103990842230675,0.0,5.538783835671458e-06,0.004404860300387396,0.9859515259501836,0.5816203059461673,0.0
2008-11-19,0.006054099500998628,0.0,5.477506780910573e-06,0.006048621994217717,0.9833186374162725,0.5834606424098009,0.0
2008-11-20,0.02795261382986312,5.790934274599098e-05,6.874222109002873e-06,0.02788783026500813,0.9999999999834683,0.4981817860262585,0.2499999999988516
2008-11-21,0.00040160598031375473,0.0,6.3294597251722616e-06,0.00039527652058858246,0.97391030218248,0.5118597422449049,0.0
2008-11-24,-0.017761337300832118,0.0,1.9466138286801738e-05,-0.01778080343911892,0.9857349749932649,0.5120589433477559,0.0
2008-11-25,0.014529632472823014,0.0,7.002466994648888e-06,0.014522630005828365,1.0144258098720809,0.5032457192627121,0.0
2008-11-26,-0.00778903983133228,0.0,6.654055076312821e-06,-0.007795693886408593,0.996109551577099,0.5103635310062632,0.0
2008-11-28,0.01222688362733902,2.2085161933413574e-05,1.420243704549371e-05,0.012190596028360113,0.9999999999992089,0.48161104783868824,0.10803879829794287
2008-12-01,0.005399919219891358,0.0,2.0356286240867797e-05,0.00537956293365049,0.9832265569472465,0.48789025841946343,0.0
2008-12-02,0.0024407724513035712,0.0,6.623252262571571e-06,0.002434149199041,0.9741481065344333,0.49065069136670847,0.0
2008-12-03,0.0005770374030699527,0.0,6.615846835912196e-06,0.0005704215562340405,0.9748509391610521,0.49189412013946165,0.0
2008-12-04,0.01221738394572583,0.0,6.58796894940554e-06,0.012210795976776424,0.9731121348343332,0.49219040152772875,0.0
2008-12-05,-0.00015633567226480574,1.4649849896925748e-05,7.451716777751602e-06,-0.0001784372389394831,0.9999999999934179,0.45602467521755086,0.06752088408900928
2008-12-08,-0.006163759082801083,0.0,2.1941882470784505e-05,-0.006185700965271867,0.9898688380729066,0.4559496979504838,0.0
2008-12-09,0.007874010815190619,0.0,7.507649479991924e-06,0.007866503165710626,1.0006439094553266,0.45258549741591636,0.0
2008-12-10,-0.00019799495708556646,0.0,7.37855275032365e-06,-0.0002053735098358901,0.9954999245225333,0.45686557374890696,0.0
2008-12-11,-0.003636490166476585,0.0,7.50192800534719e-06,-0.0036439920944819322,1.00440212987106,0.45676138548071515,0.0
2008-12-12,-0.002978198469373358,5.497780532454856e-06,7.3583502657204515e-06,-0.002991054600171533,1.0000000000109555,0.4628404306133628,0.02679406144438804
2008-12-15,0.006304638580919191,0.0,2.2422041019806153e-05,0.006282216539899385,1.0068448297949433,0.46124183164632676,0.0
2008-12-16,-0.00017760724813288683,0.0,7.320355664470854e-06,-0.0001849276037973577,0.9990135426708976,0.4646275791645252,0.0
2008-12-17,0.006981871954645329,0.0,7.485933995029443e-06,0.006974386020650299,1.0110090590602314,0.4645358774230821,0.0
2008-12-18,0.007203031082972321,0.0,7.372454343320744e-06,0.007195658628629,1.0064411463814371,0.468251979319023,0.0
2008-12-19,0.0035025422219170507,3.109243371705105e-05,7.838107842711713e-06,0.003463611680357288,1.0000000000006977,0.42781812748274284,0.14930170878632318
2008-12-22,0.004257864159035373,0.0,2.3159219247839532e-05,0.004234704939787533,0.9933729006164025,0.4298318989189739,0.0
2008-12-23,-0.0036329762240108624,0.0,7.549349259128085e-06,-0.0036405255732699904,0.9833617685174068,0.4322592726010566,0.0
2008-12-24,0.0025546948151332675,0.0,7.651399644645317e-06,0.002547043415488622,0.9887445969531266,0.4301924228940185,0.0
2008-12-26,8.499800179363629e-05,0.0,1.5141455091899469e-05,6.985654670173682e-05,0.9843108031510074,0.43164769229667665,0.0
2008-12-29,-0.0020900917484666633,2.3138214806428186e-06,2.345076597742519e-05,-0.0021158563359247313,1.0000000000047473,0.4293646945540679,0.011416719957338409
2008-12-30,0.002471442597295056,0.0,7.944662726941658e-06,0.0024634979345681146,1.0081409504472174,0.4281805713804765,0.0
2008-12-31,-0.010457184775870014,0.0,7.88952226715413e-06,-0.010465074298137167,1.0055288362608659,0.4295937107586143,0.0
2009-01-02,-0.015613552340633505,0.0,1.632558633137545e-05,-0.01562987792696488,1.0194531103229196,0.42356920922771546,0.0
2009-01-05,-0.006565662545650197,0.0,2.5691471044086303e-05,-0.006591354016694283,1.0395923259071282,0.4144331971676948,0.0
2009-01-06,-0.004558603919226709,2.4351624031925656e-05,6.875778795460613e-06,-0.004589831322054095,1.000000000005497,0.49806814793687204,0.11764232778665609
2009-01-07,0.007778273182745877,0.0,7.011826477380367e-06,0.007771261356268497,1.0076484469119473,0.4957851140631807,0.0
2009-01-08,0.00151464071945298,0.0,6.6401630877315536e-06,0.0015080005563652486,0.9844121468991114,0.4996802414947078,0.0
2009-01-09,0.005769818099084133,0.0,6.606870252927759e-06,0.005763211228831205,0.9827417465505845,0.5004402180868582,0.0
2009-01-12,0.007582788981911452,0.0,1.9502753803518805e-05,0.007563286228107933,0.9778763672610561,0.5033093580420984,0.0
2009-01-13,0.0005073746533708447,3.658494785055173e-05,5.576194497227953e-06,0.00046521351102306503,1.0000000000303881,0.5929378017327476,0.17269621182621842
2009-01-14,0.006225047871108834,0.0,5.608211873246298e-06,0.006219439659235588,1.0025686927948176,0.5931692260478378,0.0
2009-01-15,0.001770493978827608,0.0,5.467433463210933e-06,0.0017650265453643971,0.9948120623330036,0.5956894195186057,0.0
2009-01-16,-0.0038070308311484906,0.0,5.425539632640704e-06,-0.003812456370781131,0.992471632071718,0.5964072388889466,0.0
2009-01-20,0.007875145777085804,0.0,2.177940572274495e-05,0.007853366371363059,0.9923422712395603,0.5948681167994649,0.0
2009-01-21,-0.011339104922966001,5.4385929127452675e-06,5.585273192473059e-06,-0.011350128789071219,1.0000000000201084,0.5922750569695748,0.026545015640026794
2009-01-22,-0.0009819334066991114,0.0,5.745366646369571e-06,-0.000987678773345481,1.0070171136133972,0.5876053484284185,0.0
2009-01-23,-0.007435884370655799,0.0,5.64988764667525e-06,-0.007441534258302474,0.9996451815463734,0.5872033833390801,0.0
2009-01-26,-0.004885699399210027,0.0,1.7657889247219558e-05,-0.0049033572884572465,1.0137895098501368,0.5841142048344611,0.0
2009-01-27,0.013481207249886478,0.0,5.915967242355062e-06,0.013475291282644124,1.0139482734036696,0.58208266471175,0.0
2009-01-28,-0.005813731475789504,6.513236886903465e-06,5.4794520548255096e-06,-0.005825724164731234,1.000000000001584,0.599999999999322,0.03119099228784221
2009-01-29,-0.005496238232459542,0.0,5.615018307669148e-06,-0.005501853250767211,1.0075644545816116,0.5976681181217639,0.0
2009-01-30,0.0039997480224049226,0.0,5.606378164133415e-06,0.003994141644240789,1.0047135530945288,0.5954479471127896,0.0
2009-02-02,0.004264423267748588,0.0,1.657647821475447e-05,0.004247846789533834,1.0004239110699626,0.5970629411776041,0.0
2009-02-03,-0.005124023369320232,0.0,5.445159895001084e-06,-0.005129468529215233,0.9962804948423694,0.5987838225072902,0.0
2009-02-04,-0.0010079388947951803,8.82842015624442e-06,5.479452055274672e-06,-0.0010222467670066993,1.0000000000272216,0.5999999999921704,0.04311640326684505
2009-02-05,-0.0035725346237521706,0.0,5.514549530407933e-06,-0.0035780491732825786,1.0021671210953806,0.5996050053756015,0.0
2009-02-06,-0.002541994568156705,0.0,5.640457761656609e-06,-0.0025476350259183616,1.0099261789104435,0.598172762309511,0.0
2009-02-09,-0.0005122043598305738,0.0,1.7103241301477232e-05,-0.0005293076011320511,1.0133309649994016,0.5971520933301224,0.0
2009-02-10,0.012579702137215647,0.0,5.686157370808126e-06,0.012574015979844838,1.012045350314712,0.5969558622457191,0.0
2009-02-11,0.006920607168866649,5.927196889228136e-06,5.479452055395757e-06,0.006909200519922025,1.0000000000257219,0.5999999999818316,0.02890186005482843
2009-02-12,3.2506613489150286e-05,0.0,5.408024251381526e-06,2.709858923776876e-05,0.9975418151236195,0.602756044772768,0.0
2009-02-13,-0.004269543850138614,0.0,5.398149286485794e-06,-0.0042749419994251,0.9968371150230049,0.602772217109542,0.0
2009-02-17,0.0229395166146376,0.0,2.130764130850925e-05,0.022918208973329093,0.9899366760268391,0.6010722221465453,0.0
2009-02-18,-0.0009952956149053057,0.0,4.895106196157039e-06,-0.0010001907211014628,0.9673736749163779,0.6100309225969142,0.0
2009-02-19,-0.009106434052151387,8.910694382369781e-06,5.373219046124618e-06,-0.009120717965579882,0.9922449903595771,0.59999999999248,0.042502329672771455
2009-02-20,0.003519392233290208,0.0,5.4941075931595145e-06,0.0035138981256970484,0.9974024012150756,0.5963325469144312,0.0
2009-02-23,0.0024015680977743613,0.0,1.6244945539382474e-05,0.002385323152234979,0.9930451760594241,0.5977515012677839,0.0
2009-02-24,-0.007357121847800265,0.0,5.364944788178192e-06,-0.007362486792588443,0.9903658864963231,0.5987249169593151,0.0
2009-02-25,-0.00632236916731518,0.0,5.535438264794887e-06,-0.006327904605579976,0.9998410195915234,0.5957540262614965,0.0
2009-02-26,-0.007745164063068216,1.2520964285377759e-05,5.46909794785932e-06,-0.007763154125301453,0.999244150191515,0.5999999999977846,0.058828173717278456
2009-02-27,-0.0026250474229739737,0.0,5.621668240197202e-06,-0.0026306690912141707,1.0072703554641602,0.5968885739297645,0.0
2009-03-02,0.011120835170199891,0.0,1.693947380343249e-05,0.011103895696396459,1.0080248231486157,0.5958309605984252,0.0
2009-03-03,-0.006478709859680321,0.0,5.364542482013984e-06,-0.006484074402162335,0.991897880719737,0.6002862795327161,0.0
2009-03-04,-0.007130729161765455,0.0,5.506936499891442e-06,-0.007136236098265346,0.9996893551454142,0.5976829906533389,0.0
2009-03-05,0.013628669190829572,1.2715530319984242e-05,5.479452055217899e-06,0.013610474208454371,1.0000000000491218,0.6000000000182152,0.06209834057537871
2009-03-06,-0.0023452091069976265,0.0,5.244660264890153e-06,-0.0023504537672625167,0.9882492366673598,0.6053890373303786,0.0
2009-03-09,-0.0038237214606904285,0.0,1.583431470439939e-05,-0.003839555775394828,0.9897662521132967,0.6044645943062449,0.0
2009-03-10,-0.0022315706276153815,0.0,5.240233582737206e-06,-0.0022368108611981186,0.9854930074080329,0.602955955868217,0.0
2009-03-11,0.007078382357174175,0.0,5.242176844293752e-06,0.0070731401803298816,0.9847500140596395,0.6020711044261957,0.0
2009-03-12,-0.00723965886687885,3.4211930355734226e-05,5.479452055348847e-06,-0.007279350249289934,1.0000000000473648,0.600000000006899,0.1635956630577833
2009-03-13,0.004974372696672554,0.0,5.809455841899525e-06,0.0049685632408306545,1.021197167797002,0.5971068913383365,0.0
2009-03-16,-0.005505430686691686,0.0,1.7076083722293316e-05,-0.005522506770413979,1.0146226123083937,0.5991045750659231,0.0
2009-03-17,-0.00437837695329639,0.0,5.775052303271862e-06,-0.004384152005599662,1.0184743219792656,0.5968955038404198,0.0
2009-03-18,0.011621007141472859,0.0,5.866445563734273e-06,0.011615140695909125,1.0233767769859012,0.5951262508332991,0.0
2009-03-19,-0.011320002032588511,1.2859237029125463e-05,5.4794520546701485e-06,-0.011338340721672308,0.9999999999802022,0.5999999999892812,0.062190588746330586
2009-03-20,-0.003589751472962937,0.0,5.871996173576588e-06,-0.0035956234691365135,1.024086920447159,0.595431199776068,0.0
2009-03-23,-0.007339229112313672,0.0,1.7865035715254107e-05,-0.007357094148028927,1.0286930356144424,0.5939771665432592,0.0
2009-03-24,-0.0007981212454989651,0.0,6.1408682412986895e-06,-0.0008042621137402638,1.0392692577768292,0.5909858761620248,0.0
2009-03-25,0.0013222600449843943,0.0,6.102860353328239e-06,0.001316157184631066,1.036171608423639,0.5906628026306774,0.0
2009-03-26,0.00581773689412998,6.386837527787335e-06,5.479452054829172e-06,0.005805870604547363,1.000000000002871,0.6000000000003414,0.030084499709579698
2009-03-27,0.006696817320481267,0.0,5.371001245236564e-06,0.006691446319236031,0.9944038315143118,0.6023207406120428,0.0
2009-03-30,0.004820973571450057,0.0,1.547182971530037e-05,0.004805501741734756,0.9814506271562435,0.6049694374172679,0.0
2009-03-31,0.0013985910541873666,0.0,4.993069856000372e-06,0.0013935979843313663,0.9713681760448378,0.6068740765568106,0.0
2009-04-01,0.003673321031266874,0.0,5.004272333583605e-06,0.0036683167589332904,0.9727380400907585,0.6074261597391551,0.0
2009-04-02,-0.01490177905626069,1.7148601331881112e-05,5.479452055102151e-06,-0.014924407109647674,1.000000000016837,0.5999999999943799,0.08414171008879089
2009-04-03,-0.009097754528920072,0.0,5.772671387741805e-06,-0.009103527200307814,1.0153677743265739,0.5939627630214221,0.0
2009-04-06,-0.0022433787308100703,0.0,1.7682419955176863e-05,-0.002261061150765247,1.0205104774430298,0.5902382585337262,0.0
2009-04-07,0.009807128035341508,0.0,5.824225728942021e-06,0.009801303809612565,1.0144958632711214,0.5893273850583537,0.0
2009-04-08,9.380668203753855e-05,0.0,5.619076053496779e-06,8.818760598404177e-05,1.0035117631534372,0.5933192112481721,0.0
2009-04-09,-0.002119900312964864,1.6079890637992755e-05,5.650459040787983e-06,-0.0021416306626436447,1.0000000000098066,0.5875164900322839,0.07795608204460035
2009-04-13,0.003942413179984015,0.0,2.2856592440619318e-05,0.003919556587543396,1.0037857957789253,0.586652983737623,0.0
2009-04-14,0.002036261487817051,0.0,5.714613620557088e-06,0.0020305468741964937,1.0054563569874624,0.5882895626867949,0.0
2009-04-15,0.002484346770946722,0.0,5.6637534906480975e-06,0.0024786830174560737,1.0025835737871545,0.5891295689698434,0.0
2009-04-16,-0.0029822482015267656,0.0,5.625226708683574e-06,-0.002987873428235449,1.0007926679203096,0.5901511181864088,0.0
2009-04-17,-0.005455609343860858,1.5699768546215932e-05,5.611460644870161e-06,-0.005476920573051945,1.00000000002166,0.5903633729461384,0.07600208672897167
2009-04-20,0.014976991520917717,0.0,1.7108610895330903e-05,0.014959882910022386,1.0044384306544796,0.5881288988680945,0.0
2009-04-21,-0.0006657067824324613,0.0,5.376342352652284e-06,-0.0006710831247851136,0.9866894731476196,0.5942164814040028,0.0
2009-04-22,0.0006957298405457541,0.0,5.3692870216152185e-06,0.0006903605535241388,0.9859073165946499,0.5939493640167389,0.0
2009-04-23,0.003392353135749462,0.0,5.36840271259824e-06,0.003386984733036864,0.9861282555717731,0.5942348575521015,0.0
2009-04-24,0.0011108490326296443,5.2054275595366095e-05,5.479452055008179e-06,0.0010533153049792701,1.0000000000236196,0.6000000000080226,0.25000000001628814
2009-04-27,0.004504536189200253,0.0,1.637078862244412e-05,0.0044881654005778085,0.9988342124774442,0.6004783559979707,0.0
2009-04-28,-0.0067785824070659105,0.0,5.3436548058397294e-06,-0.00678392606187175,0.9923665618286722,0.6022797610023719,0.0
2009-04-29,-0.0009713316364439278,0.0,5.399934810388555e-06,-0.0009767315712543164,0.9937638488573195,0.5995686076989551,0.0
2009-04-30,-0.005161574350715063,0.0,5.426461072709645e-06,-0.005167000811787773,0.9953141748511667,0.5991825165433627,0.0
2009-05-01,-0.010254143192318379,1.4745658889902949e-05,5.479452055560591e-06,-0.010274368303263842,1.000000000043814,0.599999999987891,0.07130250631486829
2009-05-04,-0.0026316358580565752,0.0,1.723402226294255e-05,-0.0026488698803195177,1.0152292327360257,0.5958680243377569,0.0
2009-05-05,0.005495067917566975,0.0,5.95341389400265e-06,0.005489114503672972,1.029411182248346,0.5948119679861525,0.0
2009-05-06,-0.006153267124192642,0.0,5.79369967321669e-06,-0.006159060823865858,1.0199699467268002,0.5970298705819819,0.0
2009-05-07,-0.00888455456498329,0.0,6.113203172133308e-06,-0.008890667768155424,1.0408022332013185,0.5945384016355868,0.0
2009-05-08,-0.006977294615448963,4.168545500112876e-05,5.479452054882922e-06,-0.0070244595225049744,1.0000000000060583,0.5999999999996048,0.19708421511455126
2009-05-11,0.005855379322969733,0.0,1.7127142228824913e-05,0.005838252180740909,1.0139782988140977,0.5972178379126913,0.0
2009-05-12,-0.004423720247789775,0.0,5.606857495913979e-06,-0.004429327105285688,1.0088733574622775,0.5995727602605572,0.0
2009-05-13,0.009456961031343832,0.0,5.797850016375446e-06,0.009451163181327457,1.0210399291230345,0.5977968779276273,0.0
2009-05-14,-0.001088215653469082,0.0,5.535861306399094e-06,-0.0010937515147754812,1.0056861939821575,0.6015683186150237,0.0
2009-05-15,0.0075842856398621785,1.01252096468186e-05,5.571129222267102e-06,0.007568589300993093,1.0000000000247538,0.5933075667992553,0.04849432175304321
2009-05-18,-0.005945150613135106,0.0,1.6040610045276514e-05,-0.005961191223180382,0.9866996225472131,0.5963781114454847,0.0
2009-05-19,0.0065574083714324575,0.0,5.477039160854839e-06,0.006551931332271603,0.9937976106916726,0.5939737519492689,0.0
2009-05-20,-0.0005613136524619267,0.0,5.276967150550071e-06,-0.0005665906196124768,0.9818407350636458,0.5966221330734908,0.0
2009-05-21,0.004903060396786479,0.0,5.381927829330908e-06,0.004897678468957148,0.9892794648900493,0.596398733348893,0.0
2009-05-22,9.188905241914774e-05,5.162269633514631e-05,6.221465517295073e-06,3.404489056670636e-05,1.0000000000159284,0.5458330172533881,0.2500000000112007
2009-05-26,-0.002486594711170251,0.0,2.4677584528912643e-05,-0.0025112722956991637,0.9962722386375054,0.5459063209848496,0.0
2009-05-27,-0.004232761160715425,0.0,6.21826128846235e-06,-0.004238979422003888,0.99872091093321,0.5447878368754584,0.0
2009-05-28,-0.007528088726712798,0.0,6.244272599352304e-06,-0.007534332999312151,0.9986881318644897,0.5428562321117714,0.0
2009-05-29,0.006953956757451932,0.0,6.622505728503176e-06,0.006947334251723429,1.0228350212877984,0.5393921031070665,0.0
2009-06-01,-0.014768559286852685,5.273608084488252e-05,2.103460349050569e-05,-0.014842329971188072,0.9999999999977605,0.48815798172878877,0.25000000000076383
2009-06-02,0.00322000152127047,0.0,7.547197324619468e-06,0.0032124543239458506,1.031466885515709,0.4805214808184881,0.0
2009-06-03,0.015756293661982404,0.0,7.458549209735597e-06,0.01574883511277267,1.0266665533938764,0.4821924610831778,0.0
2009-06-04,-0.009024432824384962,0.0,6.902595430279437e-06,-0.009031335419815241,0.9941176975753168,0.49022823116491787,0.0
2009-06-05,-0.0020914026385285157,0.0,7.1615859407099055e-06,-0.0020985642244692256,1.0083850920226618,0.4855893183508387,0.0
2009-06-08,0.0017018838291982862,5.37335682345666e-05,2.364988715976504e-05,0.0016245003738039544,1.0000000000121567,0.424519412457874,0.2500000000138666
2009-06-09,0.0011870995543163112,0.0,7.7628673841872e-06,0.001179336686932124,0.9922193416519491,0.4255300226062837,0.0
2009-06-10,0.0016270289526844775,0.0,7.802645589795167e-06,0.0016192263070946825,0.995807599852555,0.4262144717975077,0.0
2009-06-11,-0.005453791201252014,0.0,7.7486421074037e-06,-0.0054615398433594175,0.9928007223189345,0.42714984847846443,0.0
2009-06-12,0.00277475842316085,0.0,8.012005965143919e-06,0.002766746417195706,1.0088882501527423,0.4240118146972363,0.0
2009-06-15,-0.009441565030220657,3.493881859594374e-05,2.440571075053559e-05,-0.009500909559567136,0.9999999999842921,0.406127705054593,0.1700539463781061
2009-06-16,0.00014618620446915512,0.0,8.357386751327764e-06,0.00013782881771782737,1.0105804032608066,0.4004911704138799,0.0
2009-06-17,-0.005397679466910703,0.0,8.316168910421116e-06,-0.005405995635821123,1.0076624753156662,0.40058214485492466,0.0
2009-06-18,0.0029803227579938978,0.0,8.45233686231434e-06,0.0029718704211315833,1.0143530337889237,0.39733244283997715,0.0
2009-06-19,0.005135399453412279,0.0,8.295375558624317e-06,0.0051271040778536545,1.0046890288020183,0.3991266130224431,0.0
2009-06-22,0.004858077959702096,4.8117650549752774e-05,3.39698693328235e-05,0.00477599043981952,1.0000000000048581,0.17339984623948634,0.2326776182747632
2009-06-23,-0.0012477939885670653,0.0,1.1054879931339642e-05,-0.001258848868498405,0.9844168477962864,0.17741061280849246,0.0
2009-06-24,0.006231655271310675,0.0,1.1163262115226567e-05,0.006220492009195448,0.9913029951137801,0.17638486070224058,0.0
2009-06-25,-0.0035726232638011784,0.0,1.095556011708626e-05,-0.003583578823918265,0.9812434625172005,0.18148757396990334,0.0
2009-06-26,-0.00022682301028435124,0.0,1.1226893408074924e-05,-0.00023804990369242617,0.9981180347529668,0.1785548159634975,0.0
2009-06-29,0.002697201185186209,5.3554482374818084e-05,3.0820297928449814e-05,0.0026128264048829414,1.0000000000067455,0.25003941708113314,0.25000000000432643
2009-06-30,0.0026384264633134607,0.0,1.017750999922381e-05,0.0026282489533142367,0.9950362122015236,0.2520779822581855,0.0
2009-07-01,0.005329136426673143,0.0,1.0018049784221548e-05,0.005319118376888921,0.9853663397254104,0.2540487054772375,0.0
2009-07-02,-4.833250700630556e-05,0.0,9.895607444848141e-06,-5.82281144511537e-05,0.9803848236866872,0.2580054802127729,0.0
2009-07-06,0.005490996726296928,0.0,3.881079401103975e-05,0.005452185932285888,0.96626915964022,0.2579721689387447,0.0
2009-07-07,-0.0016548109683651967,4.604316312668871e-05,8.22456881884897e-06,-0.0017090787003107345,1.0000000000224207,0.39960647624644574,0.21951889234390495
2009-07-08,-0.0030611377434932355,0.0,8.145776381222924e-06,-0.0030692835198744585,0.993274636209181,0.39863296037990764,0.0
2009-07-09,0.0017326095891709763,0.0,8.217154950568308e-06,0.001724392434220408,0.9966419940617769,0.39678968267029047,0.0
2009-07-10,-0.0012161567912488613,0.0,8.230763599105775e-06,-0.001224387554847967,0.9986820091463242,0.3978362664116028,0.0
2009-07-13,0.005766457582949708,0.0,2.4662369749315223e-05,0.005741795213200392,0.9972239855585481,0.39710632165854415,0.0
2009-07-14,0.0001014519729572887,5.1858724818127566e-05,1.0652940781628945e-05,3.894030735753219e-05,1.0000000000027645,0.22233532294385147,0.25000000000253536
2009-07-15,0.015984413793447724,0.0,1.0699445899867392e-05,0.015973714347547855,1.0034876641880237,0.22242811349770414,0.0
2009-07-16,-0.009104498346221283,0.0,1.0310917518641699e-05,-0.009114809263739925,0.9873610493228038,0.23466407046195972,0.0
2009-07-17,0.0033555832061176274,0.0,1.0698824286084425e-05,0.003344884381831543,1.0086485892872785,0.22763441640311563,0.0
2009-07-20,0.0056769955537233395,0.0,3.175646439000052e-05,0.005645239089333339,1.0029605740157952,0.23021994052578235,0.0
2009-07-21,-0.003803238194741103,1.7567062872227996e-05,1.1392033498920316e-05,-0.0038321972911122514,0.9999999999819772,0.16838155456079423,0.08641728467817358
2009-07-22,-0.0007378568881317174,0.0,1.158594122044028e-05,-0.0007494428293521577,1.0109851482879404,0.16521143919579995,0.0
2009-07-23,0.014748743915928512,0.0,1.1642791313238546e-05,0.014737101124615274,1.0145207041692268,0.16459693830281263,0.0
2009-07-24,-0.0025278237322469707,0.0,1.1140544243474345e-05,-0.002538964276490445,0.9900007615344404,0.1767410317608132,0.0
2009-07-27,0.00545936339330754,0.0,3.391200032584879e-05,0.005425451392981692,0.999848662965342,0.17465665503635486,0.0
2009-07-28,-0.00011180694703223998,5.4854792427941225e-05,1.457989337232181e-05,-0.00018124163283250302,0.9999999999987305,-0.06433221618076179,0.2500000000008497
2009-07-29,0.0022338121027459428,0.0,1.4552243436380983e-05,0.0022192598593095618,0.9978580656707645,-0.0644557051850472,0.0
2009-07-30,-0.005043910470832005,0.0,1.445070861478988e-05,-0.005058361179446795,0.992817616575697,-0.06208411230396419,0.0
2009-07-31,0.005545151550292007,0.0,1.475428664334823e-05,0.005530397263648659,1.0095936180668095,-0.06746930689761121,0.0
2009-08-03,-0.006350798441707472,0.0,4.4109190731503285e-05,-0.006394907632438975,1.0117400674135126,-0.061583573719733865,0.0
2009-08-04,0.0035572044174835486,5.1625618472861745e-05,1.1452099082605342e-05,0.0034941266999280814,1.0000000000108948,0.1639967669807048,0.25000000000714323
2009-08-05,-0.0010749584738385613,0.0,1.1298918741963088e-05,-0.0010862573925805243,0.9917916232867351,0.16697055512342976,0.0
2009-08-06,0.005303101782489916,0.0,1.132230723582501e-05,0.005291779475254091,0.9926044261452989,0.166075997930073,0.0
2009-08-07,0.000961794820949122,0.0,1.1062132369290005e-05,0.000950732688579832,0.9780126361231354,0.17047697316496496,0.0
2009-08-10,-0.0017399777101138347,0.0,3.308697328361179e-05,-0.0017730646833974465,0.9763922802613741,0.17127593036015393,0.0
2009-08-11,0.002916312736977973,5.1792655324849603e-05,9.791885612601166e-06,0.002854728196040522,1.000000000002426,0.285192350282541,0.25000000000269146
2009-08-12,0.001886386651734663,0.0,9.6861926728321e-06,0.001876700459061831,0.9943805974625757,0.28728853234583224,0.0
2009-08-13,0.0021648478534823934,0.0,9.578467302654541e-06,0.002155269386179739,0.9878613539557223,0.28863324086194064,0.0
2009-08-14,-0.0017479933549933192,0.0,9.53746863332792e-06,-0.0017575308236266471,0.98640789863634,0.2901726884034018,0.0
2009-08-17,-0.001866722527387784,0.0,2.8634168118654903e-05,-0.0018953566955064389,0.9856972603820123,0.2889325028280764,0.0
2009-08-18,0.00462677360019766,5.230169555588883e-05,1.0877149707699853e-05,0.004563594754934071,0.9999999999917906,0.20596807132970113,0.2500000000004667
2009-08-19,0.002997428430888279,0.0,1.0810832644227882e-05,0.002986617598244051,0.9988289244359736,0.20963814140733816,0.0
2009-08-20,0.007625659623956149,0.0,1.07456014839068e-05,0.007614914022472242,0.9964313080654884,0.21200239974029206,0.0
2009-08-21,0.0065504497020961805,0.0,1.0486260883076238e-05,0.0065399634412131044,0.9834652943463351,0.21796824988176988,0.0
2009-08-24,-0.006414442406137352,0.0,3.100232134607973e-05,-0.006445444727483432,0.9774497154399764,0.22305989601870302,0.0
2009-08-25,0.00016411038231817243,5.254977435199919e-05,1.2576414732213214e-05,9.898419323396003e-05,1.0000000000220644,0.08192172457049968,0.2500000000128021
2009-08-26,-0.0003957406424998409,0.0,1.25754732668461e-05,-0.00040831611576668697,1.0000872590366212,0.08207771055685595,0.0
2009-08-27,0.0003610431774227844,0.0,1.2630438979077358e-05,0.00034841273844370705,1.003737381075435,0.0817153356027881,0.0
2009-08-28,0.00392105739033189,0.0,1.2573954234853767e-05,0.003908483436097036,0.9999464514285428,0.08204779228421785,0.0
2009-08-31,0.003393371154247905,0.0,3.736361873765511e-05,0.0033560075355102497,0.9948155393005824,0.08563415001764157,0.0
2009-09-01,0.0028339536194204535,2.070364291926104e-05,1.1805800103740362e-05,0.002801444176397452,1.0000000000061948,0.13817659243314853,0.10229873198871935
2009-09-02,0.012293842510337372,0.0,1.15690011662487e-05,0.012282273509171123,0.9851537015874618,0.1406166164513066,0.0
2009-09-03,0.01010173886253809,0.0,1.1107013960074518e-05,0.010090631848578016,0.9618671772791773,0.15105515819373747,0.0
2009-09-04,0.0026625222806719437,0.0,1.0797557996214222e-05,0.0026517247226757294,0.9477687010698659,0.15954696734622784,0.0
2009-09-08,-0.00311960764729866,0.0,4.320764506207145e-05,-0.0031628152923607314,0.9503200146786362,0.16178049229583222,0.0
2009-09-09,0.0022022723858110666,7.307729125719304e-06,1.1385077458973651e-05,0.0021835795792263736,1.0000000000208782,0.16888934551580173,0.036103899939406096
2009-09-10,-0.0113389274498557,0.0,1.129127375683489e-05,-0.011350218723612535,0.9949818239783377,0.1707188397293906,0.0
2009-09-11,0.011967478453489982,0.0,1.1875880664352838e-05,0.011955602572825628,1.0281489658758969,0.1612096773781397,0.0
2009-09-14,-0.0046750248804031955,0.0,3.447012467666915e-05,-0.004709495005079865,1.0099042132611107,0.17113117946216122,0.0
2009-09-15,-0.00421518715529336,0.0,1.1657523566236786e-05,-0.004226844678859597,1.018243008702992,0.16724378836770631,0.0
2009-09-16,-0.002310347516039946,6.7792324823414645e-06,1.1220580699221432e-05,-0.0023283473292215087,0.9999999999905584,0.180897608947394,0.03289315462300441
2009-09-17,0.008359808075119827,0.0,1.1455220915362795e-05,0.008348352854204464,1.0152351718429835,0.17900404502149958,0.0
2009-09-18,-0.003464500366009104,0.0,1.1154897332520396e-05,-0.0034756552633416244,1.000120129022788,0.18581262374879895,0.0
2009-09-21,0.004580618199308826,0.0,3.377299553483668e-05,0.00454684520377399,1.0047936710928782,0.18298411307851906,0.0
2009-09-22,-0.0003769017444183605,0.0,1.1086470123136049e-05,-0.0003879882145414966,0.9960280825925492,0.18671576360361775,0.0
2009-09-23,-0.004181846649020243,4.346303587645259e-06,1.14376807823669e-05,-0.004197630633390255,1.0000000000406115,0.16504930292782763,0.021431270513400782
2009-09-24,-0.006070150154448202,0.0,1.1579776652227223e-05,-0.0060817299311004295,1.0068692605032683,0.1615455648906809,0.0
2009-09-25,-0.0009341168570761272,0.0,1.1772912164385019e-05,-0.0009458897692405122,1.0158493480449287,0.15642676004482237,0.0
2009-09-28,0.0037352154982369604,0.0,3.538885967173152e-05,0.0036998266385652287,1.0167687800190746,0.15563986134027402,0.0
2009-09-29,-0.001336584803739022,0.0,1.176072291692804e-05,-0.0013483455266559501,1.0173203632178585,0.15878759028211156,0.0
2009-09-30,-0.0006348482507664014,5.093755235988496e-05,1.1581119998217785e-05,-0.0006973669231245042,1.0000000000524585,0.15457824018256025,0.2500000000148326
2009-10-01,-0.0034563065759271165,0.0,1.1617205717378281e-05,-0.0034679237816444947,1.0021068392480672,0.15405082187945277,0.0
2009-10-02,-0.003586312858038465,0.0,1.140276615194137e-05,-0.0035977156241904064,0.9835205121231889,0.1511185830314689,0.0
2009-10-05,-0.0022437103585955945,0.0,3.44438024773338e-05,-0.002278154161072928,0.9861974927627917,0.14806496581433606,0.0
2009-10-06,0.006235518456565927,0.0,1.1747013152527435e-05,0.0062237714434134,1.0036861774285297,0.14615421729402722,0.0
2009-10-07,0.0007566506696667164,7.99478266910149e-06,1.1542873544117117e-05,0.0007371130134534977,1.0000000000093443,0.15737023128879465,0.03978597769218137
2009-10-08,0.003223819254497047,0.0,1.158647213210065e-05,0.003212232782364946,1.0038228760720207,0.15801041042867323,0.0
2009-10-09,0.00442316980206167,0.0,1.15399186292747e-05,0.004411629883432395,1.0031320261005978,0.16071796616354467,0.0
2009-10-12,-0.005377805486373783,0.0,3.408111408570378e-05,-0.005411886600459486,0.9937229037528064,0.16441579433401415,0.0
2009-10-13,0.004286671169158966,0.0,1.1622510071638957e-05,0.004275048659087327,1.0083466029705295,0.15990336774088568,0.0
2009-10-14,0.010453229627359617,1.1506589264858459e-05,1.1830645531136607e-05,0.010429892392563622,0.9999999999946939,0.1363628762217216,0.05672555461506425
2009-10-15,-0.005384517589656746,0.0,1.1564485713938724e-05,-0.005396082075370685,0.9895080929700949,0.1453006358525679,0.0
2009-10-16,-0.005905907720637193,0.0,1.1773018321522948e-05,-0.005917680738958716,1.0001055507308056,0.14067521325963028,0.0
2009-10-19,0.002461708291804746,0.0,3.579036461563492e-05,0.002425917927189111,1.0064704471499344,0.1355715748361514,0.0
2009-10-20,-0.0031427746054753293,0.0,1.1956384015634201e-05,-0.0031547309894909632,1.01051526922388,0.13769923608258314,0.0
2009-10-21,-0.0009580309555238641,3.672665766385588e-06,1.1891182364519948e-05,-0.0009735948036547697,1.0000000000002551,0.13194368739029902,0.018114016436009114
2009-10-22,0.006858421420343443,0.0,1.189673840996373e-05,0.00684652468193348,0.9995752115971647,0.1311133076698124,0.0
2009-10-23,-0.000602133736665099,0.0,1.1733128122962778e-05,-0.0006138668647880617,0.9935518786506566,0.13703352567437385,0.0
2009-10-26,0.0045653396381382955,0.0,3.497877178848926e-05,0.004530360866349806,0.9876653076118072,0.13651519409190188,0.0
2009-10-27,-0.0029519443946582073,0.0,1.1400562920644515e-05,-0.002963344957578852,0.9726853637100997,0.1404442705030501,0.0
2009-10-28,-0.002830736117393911,5.754584895004682e-06,1.1899288885393355e-05,-0.0028483899911743086,1.000000000034143,0.13135191140042798,0.028019058138827827
2009-10-29,0.0050967100228571285,0.0,1.171805986109228e-05,0.005084991962996036,0.9843066692848323,0.12888829942509603,0.0
2009-10-30,-0.003980776313828408,0.0,1.176794377017247e-05,-0.00399254425759858,0.9923670389162513,0.13330714369366087,0.0
2009-11-02,0.004823869968295164,0.0,3.5058914029832814e-05,0.004788811054265331,0.9829450197968279,0.12984477840422934,0.0
2009-11-03,-0.0035278389351270224,0.0,1.1582384947081495e-05,-0.003539421320074104,0.9795409203958388,0.13402681925888968,0.0
2009-11-04,0.007330807720237687,5.101933629777419e-05,1.170210872747603e-05,0.007268086275212436,1.0000000000582292,0.14574606295247902,0.2500000000525367
2009-11-05,0.0010922585406061011,0.0,1.1476465868037984e-05,0.0010807820747380631,0.989754331086518,0.15197232271974503,0.0
2009-11-06,0.009009399261554167,0.0,1.153380904124941e-05,0.008997865452512917,0.9948673904160171,0.15289933040481035,0.0
2009-11-09,0.004767710195337817,0.0,3.3667924585809344e-05,0.0047340422707520076,0.9797177197805826,0.1604648881925554,0.0
2009-11-10,0.006117818844601467,0.0,1.1178920530261382e-05,0.0061066399240712055,0.9805152645974614,0.1644540658883805,0.0
2009-11-11,0.00040765782446288806,1.6537649127293168e-05,1.1970339911452876e-05,0.00037914983542414204,1.000000000003349,0.12616518646728916,0.08047082862632118
2009-11-12,0.0008976593414714118,0.0,1.2009149714430787e-05,0.000885650191756981,1.0031928015606493,0.1265248724072018,0.0
2009-11-13,0.004329451719730125,0.0,1.1928760277779983e-05,0.0043175229594523456,0.998109280095704,0.12730977981776517,0.0
2009-11-16,-0.003572081442121503,0.0,3.5392760955942e-05,-0.003607474203077445,0.9922971693992283,0.1310733194713064,0.0
2009-11-17,0.0006658058559392162,0.0,1.2051436364557144e-05,0.0006537544195746591,1.0077177153609578,0.12796286074828628,0.0
2009-11-18,0.0035389198766761385,2.7632647365578694e-05,1.0202444583220944e-05,0.003501084784727339,1.0000000000418914,0.25522154546676257,0.13368351549124025
2009-11-19,-0.0017490730128325446,0.0,1.001629492515801e-05,-0.0017590893077577025,0.98904721326684,0.2578576837303054,0.0
2009-11-20,-0.0027753619070951087,0.0,1.0018561909704952e-05,-0.0027853804690048138,0.987914941942463,0.2565599225340015,0.0
2009-11-23,0.002973339835416082,0.0,3.0237578143559223e-05,0.0029431022572725227,0.9902744897929542,0.25449342163301325,0.0
2009-11-24,0.0010358475042677282,0.0,1.0047296242469605e-05,0.0010258002080252586,0.9901638597562928,0.2567112340560118,0.0
2009-11-25,-0.006391324024854507,2.3376540193798026e-06,1.0216337520030959e-05,-0.0064038780163939175,1.000000000009626,0.2542073610473662,0.011559682316956758
2009-11-27,-0.010306656202192243,0.0,2.1036946944004292e-05,-0.010327693149136247,1.0172618125012256,0.24941324904506873,0.0
2009-11-30,0.013593302010357758,0.0,3.239719182682823e-05,0.01356090481853093,1.0299334496968886,0.2416017819107351,0.0
2009-12-01,0.004227142660509849,0.0,1.0335156154687466e-05,0.004216807504355161,1.006247108974139,0.2517807096819538,0.0
2009-12-02,0.0058592066446633475,0.0,1.0231760104663836e-05,0.005848974884558684,1.0018513372296691,0.25493284958920925,0.0
2009-12-03,0.002156791046596556,2.059082309709986e-06,1.0244929636430587e-05,0.0021444870346504154,1.000000000080407,0.2521201366209741,0.010130951721908133
2009-12-04,-0.0038631938517215162,0.0,1.0131124058820178e-05,-0.0038733249757803363,0.9933048572595075,0.25373280096563444,0.0
2009-12-07,-0.010627248724928826,0.0,3.081358920845938e-05,-0.010658062314137285,1.0006385339914474,0.25084119658560255,0.0
2009-12-08,-0.003866987578635901,0.0,1.0660065384613459e-05,-0.0038776476440205146,1.0209865170547545,0.24280174397797216,0.0
2009-12-09,0.006027642219770842,0.0,1.0789312497336001e-05,0.006016852907273506,1.0274846801445237,0.23986486783899552,0.0
2009-12-10,-0.008254816402356256,4.4569382961805835e-05,1.095890410937424e-05,-0.008310344689427436,1.0000000000301583,0.20000000004583898,0.213858567232268
2009-12-11,0.0006350075012723632,0.0,1.1310138569311067e-05,0.0006236973627030522,1.018992121014915,0.19335200545520753,0.0
2009-12-14,-8.201727899384564e-05,0.0,3.376229558045081e-05,-0.00011577957457429644,1.0154152916393389,0.19386609918170283,0.0
2009-12-15,-0.00805944510304012,0.0,1.1367667963155131e-05,-0.008070812771003275,1.0236462820495542,0.1938065207392299,0.0
2009-12-16,0.0031609692738904555,0.0,1.162427779693628e-05,0.0031493449960935194,1.0358306823241408,0.1872584031477926,0.0
2009-12-17,-0.009818835244498935,6.748874171651846e-06,1.0958904108934451e-05,-0.009836543022779521,1.000000000014006,0.20000000006179106,0.03288241519897947
2009-12-18,-9.191580276272912e-05,0.0,1.1322115670996355e-05,-0.00010323791843372548,1.018584918283895,0.19207047430116114,0.0
2009-12-21,0.005985431361139885,0.0,3.413168759372298e-05,0.005951299673546162,1.0225361114587528,0.1919983800114935,0.0
2009-12-22,-0.0017899125881362644,0.0,1.1166454205709905e-05,-0.0018010790423419742,1.011963678097002,0.19681252108017908,0.0
2009-12-23,-0.0005685974455067811,0.0,1.123921192898367e-05,-0.0005798366574357648,1.0158369642133174,0.1953744933975093,0.0
2009-12-24,0.009346983635228776,5.098753614000017e-05,1.2328767123341071e-05,0.009283667331965435,1.0000000000074503,0.10000000000355216,0.2500000000043301
2009-12-28,-0.0062428855003829895,0.0,4.8114152075296157e-05,-0.0062909996524582856,0.9864244555379427,0.1083411801637878,0.0
2009-12-29,0.0008383981175046298,0.0,1.2285674969245621e-05,0.0008261124425353841,0.9995989340468143,0.10274466129188412,0.0
2009-12-30,0.0032721539491745565,0.0,1.2211319858289581e-05,0.003259942629316267,0.994923908443441,0.10349755878830166,0.0
2009-12-31,0.0031212082025858,0.0,1.2110576590205182e-05,0.0031090976259955947,0.9904948716633168,0.1064227805783386,0.0
2010-01-04,-0.0010748269605798757,1.7893505284365038e-05,4.931506849251948e-05,-0.0011420355343567602,0.9999999999832068,0.09999999999472625,0.08831166265954796
2010-01-05,0.0049797117736887705,0.0,1.253924912245775e-05,0.004967172524566313,1.0144034642066047,0.09903827826718906,0.0
2010-01-06,-0.004391959415862646,0.0,1.2371949199907158e-05,-0.004404331365062553,1.0066561600624537,0.10350386846923115,0.0
2010-01-07,0.002351058173370623,0.0,1.25686877175006e-05,0.0023384894856531223,1.0170645652119428,0.09955036183439903,0.0
2010-01-08,0.006386903632272711,0.0,1.2483337080515693e-05,0.006374420295192195,1.0129472874373535,0.10166368055970801,0.0
2010-01-11,0.008783467470314658,2.962233960834326e-06,3.698630136973943e-05,0.008743518934984085,0.9999999999943472,0.09999999999735446,0.014691859805229163
2010-01-12,-0.008997995862035885,0.0,1.1990296493836385e-05,-0.009009986158529722,0.9831322055264966,0.10784056147644056,0.0
2010-01-13,0.0005917722105223594,0.0,1.2236428237446227e-05,0.0005795357822849131,0.9930004940744089,0.09974123274083432,0.0
2010-01-14,0.003307321166922731,0.0,1.2280040795163898e-05,0.003295041126127567,0.9967178701103057,0.10027489206334114,0.0
2010-01-15,-0.006839528706054869,0.0,1.2180070047432486e-05,-0.006851708776102302,0.9923871399695501,0.10324202650697861,0.0
2010-01-19,0.005132950767700549,1.7331501450586215e-06,4.9315068493049006e-05,0.005081902549062441,0.9999999999964576,0.09999999999831335,0.008613137409427901
2010-01-20,-0.005352100714801208,0.0,1.2207432720869538e-05,-0.005364308147522078,0.9957439653862838,0.10460137676280748,0.0
2010-01-21,-0.007916151679592203,0.0,1.2297096282475388e-05,-0.007928448775874678,0.9974725797493258,0.09978455112862239,0.0
2010-01-22,-0.009577473437985885,0.0,1.2479228481523437e-05,-0.009589952666467408,1.0035862735262568,0.09260259437504587,0.0
2010-01-25,0.003011337632811075,0.0,3.808703305942739e-05,0.002973250599751648,1.0106135085509007,0.08382903743816747,0.0
2010-01-26,0.00588378041224709,4.388520684259966e-05,1.5068493150860645e-05,0.005824826712253629,1.0000000000159912,-0.09999999999683565,0.21459602444623826
2010-01-27,0.0057185535470781175,0.0,1.4842280343643778e-05,0.005703711266734474,0.9899152814314556,-0.09357118365454034,0.0
2010-01-28,-0.002979012319260512,0.0,1.4624972835698442e-05,-0.0029936372920962104,0.9802686310936507,-0.08735438591233538,0.0
2010-01-29,-0.004434602409505563,0.0,1.4633080776980928e-05,-0.004449235490282544,0.9776102610719002,-0.09060463564770765,0.0
2010-02-01,-0.0025441341717671235,0.0,4.4234425407459026e-05,-0.0025883685971745825,0.9809070384640574,-0.09546397978411221,0.0
2010-02-02,0.0007512867364207463,2.319548879499625e-05,1.643835616441496e-05,0.0007116528914613351,1.0000000000052722,-0.19999999999702,0.11404400185222988
2010-02-03,0.0035792031052616184,0.0,1.646048534173876e-05,0.0035627426199198796,1.002508411771525,-0.1991070181754045,0.0
2010-02-04,-0.010938691134867297,0.0,1.6336833626907695e-05,-0.010955027968494204,0.9977551819241417,-0.19483367284011982,0.0
2010-02-05,-0.003887039642329464,0.0,1.6647484547551844e-05,-0.0039036871268770157,1.0072147971755208,-0.20805157479576394,0.0
2010-02-08,0.0010469676135769713,0.0,5.047513691137053e-05,0.0009964924766656007,1.0154591326894915,-0.21276919882052509,0.0
2010-02-09,0.007661987283945895,2.341687180393878e-06,1.6438356164439237e-05,0.007643207240601062,1.0000000000219365,-0.1999999999821278,0.011640563258713682
2010-02-10,-0.0010872947650553337,0.0,1.6146036982034034e-05,-0.0011034408020373677,0.9877816153894956,-0.19087908429898862,0.0
2010-02-11,0.0018355367605157264,0.0,1.6121995396785485e-05,0.001819414765118941,0.9847272273730887,-0.19217843659225153,0.0
2010-02-12,-0.003192075615456008,0.0,1.6114223086350583e-05,-0.0032081898385423586,0.9863410692121448,-0.18999721609144754,0.0
2010-02-16,0.006337346061462162,0.0,6.50399654845573e-05,0.006272306095977605,0.9931682956666954,-0.19381107442647558,0.0
2010-02-17,0.0032194906411091738,3.780655612537383e-06,1.6438356164501857e-05,0.0031992716293321346,1.000000000043556,-0.19999999996507947,0.01879139206898571
2010-02-18,0.007877305029245068,0.0,1.634751073052346e-05,0.007860957518514544,0.9972153206128669,-0.19615296271534563,0.0
2010-02-19,0.0029756998051065605,0.0,1.606826821785536e-05,0.0029596315368887053,0.9861764054796397,-0.1868071744238014,0.0
2010-02-22,0.003357674739248107,0.0,4.78828087128852e-05,0.0033097919305352217,0.9818593386527553,-0.18328900669411793,0.0
2010-02-23,-0.003754813022926481,0.0,1.5806998731059792e-05,-0.003770620021657541,0.9745731460876188,-0.179337761279746,0.0
2010-02-24,0.000593307034268697,5.23954037514979e-06,1.6376943424721066e-05,0.0005716905504688261,1.0000000000317637,-0.1955168699728741,0.025531927252765124
2010-02-25,0.001807141640802906,0.0,1.640385960119109e-05,0.0017907377812017148,1.0026695602368547,-0.1948121906500947,0.0
2010-02-26,0.0011869035903345293,0.0,1.6324617812939416e-05,0.00117057897252159,0.9990370549574884,-0.19266004538708906,0.0
2010-03-01,0.004638252848638837,0.0,4.896308298592953e-05,0.004589289765652907,1.000185749900828,-0.1912492694234573,0.0
2010-03-02,0.0012336074906774657,0.0,1.6183802115492452e-05,0.0012174236885619733,0.995659037516688,-0.18575851691426098,0.0
2010-03-03,-0.0004542866801567325,5.185909611501185e-05,1.3063630479176662e-05,-0.000519209406750921,0.999999999954413,0.04635497497451662,0.2500000000378432
2010-03-04,0.005610818050360089,0.0,1.3084814262706268e-05,0.0055977332360973835,1.0011159739213185,0.04592453274376107,0.0
2010-03-05,0.007119639615378756,0.0,1.2892490439819998e-05,0.007106747124938936,0.992400277606378,0.05124847549951811,0.0
2010-03-08,0.0036581260344057697,0.0,3.8214869629132035e-05,0.0036199111647766376,0.9878513957853365,0.05795623480979012,0.0
2010-03-09,0.0026722401213605585,0.0,1.2618198820096024e-05,0.0026596219225404625,0.982520640665977,0.061392126798966995,0.0
2010-03-10,0.0018506650288339383,5.297266116767498e-05,1.3014807379412141e-05,0.0017846775602868511,0.9999999999926479,0.049919061295561555,0.24999999999862754
2010-03-11,0.004081549194440198,0.0,1.2989557316527518e-05,0.00406855963712367,0.9999151827586881,0.05167749865217923,0.0
2010-03-12,0.0022033790360217018,0.0,1.285439144851303e-05,0.0021905246445731888,0.9939036838259941,0.05553310808454272,0.0
2010-03-15,-0.0007320873933299877,0.0,3.838403282933605e-05,-0.0007704714261593238,0.9916217558735941,0.05761029035975033,0.0
2010-03-16,0.001760033735985721,0.0,1.2804049385275772e-05,0.0017472296866004452,0.9916176649121359,0.05692205978700441,0.0
2010-03-17,0.0034712005262345262,1.3212878329554568e-05,1.2610265026404888e-05,0.0034453773828785664,0.9999999999824798,0.07945065305492294,0.06500788083879466
2010-03-18,0.007439085596833176,0.0,1.252436471335893e-05,0.007426561232119817,0.9969157615319799,0.08263713745677809,0.0
2010-03-19,-0.00205941032865856,0.0,1.222096589356497e-05,-0.002071631294552125,0.9815427081213175,0.08941219789107475,0.0
2010-03-22,0.0059371663766186735,0.0,3.66807471858779e-05,0.005900485629432795,0.9800989741868689,0.08753412599717325,0.0
2010-03-23,-0.0011563220762160326,0.0,1.2085323440144912e-05,-0.0011684073996561775,0.9751516126691485,0.09292300153856975,0.0
2010-03-24,0.008726888577049147,5.1217846269996037e-05,1.578899521753708e-05,0.008659881735561613,1.0000000000159506,-0.15259665086425553,0.2500000000137771
2010-03-25,0.005853174213313505,0.0,1.5395772339456835e-05,0.005837778440974048,0.98125681694734,-0.14263456383300913,0.0
2010-03-26,4.24323645477128e-05,0.0,1.5153213396233645e-05,2.7279151151479155e-05,0.9701970533445978,-0.13598752458045843,0.0
2010-03-29,-0.0019642816695718346,0.0,4.543759305537408e-05,-0.0020097192626272087,0.9697067138304162,-0.13594138385035295,0.0
2010-03-30,-0.0010487103382068002,0.0,1.525950914521525e-05,-0.0010639698473520155,0.9757607922896511,-0.1381833753110622,0.0
2010-03-31,-0.00030439924895273897,5.13854024945368e-05,1.243626406309442e-05,-0.0003682209155103702,1.000000000067673,0.09215272346178045,0.2500000000600742
2010-04-01,-0.010277545939686179,0.0,1.2399072203577441e-05,-0.010289945011889757,0.9970144280060043,0.09188215714485073,0.0
2010-04-05,-0.00527356583009967,0.0,5.1285124721406184e-05,-0.005324850954821075,1.018406574706374,0.0824530485407111,0.0
2010-04-06,0.011070054661640075,0.0,1.3075662470583301e-05,0.011056978999169492,1.0321160123703763,0.0775926520177955,0.0
2010-04-07,-0.0001586874739766168,0.0,1.273244645508139e-05,-0.0001714199204316982,1.0171616772893466,0.08769308606840485,0.0
2010-04-08,0.004148368242406109,5.2653143777103916e-05,1.095890410978402e-05,0.004084756194519221,1.0000000000809717,0.2000000000667381,0.25000000006951417
2010-04-09,-0.0035272125554672244,0.0,1.0814485234180642e-05,-0.003538027040701405,0.9927752864982544,0.20331786440306732,0.0
2010-04-12,0.0017750492970101451,0.0,3.312383006356919e-05,0.0017419254669465759,1.0065132245760493,0.200500026362532,0.0
2010-04-13,-0.00011176457408794043,0.0,1.0963350509035565e-05,-0.000122727924596976,1.0022479274103846,0.2019233402507883,0.0
2010-04-14,0.0010467510412934468,0.0,1.1116169066767717e-05,0.001035634872226679,1.0133166885066742,0.20183634663263095,0.0
2010-04-15,0.0029079879868848706,3.261482186643891e-05,1.0958904107937338e-05,0.002864414260910494,0.9999999999627297,0.2000000000833041,0.15580129723333594
2010-04-16,-0.00703973001189782,0.0,1.0772205894283466e-05,-0.007050502217792103,0.9886994658965221,0.202328435613829,0.0
2010-04-19,0.002707583548380532,0.0,3.263243304599668e-05,0.0026749511153345354,0.9907312364899317,0.1966753657040124,0.0
2010-04-20,0.003319724016976009,0.0,1.077106222974401e-05,0.003308952954746265,0.9851385752326379,0.19885103246132516,0.0
2010-04-21,0.00206338662585748,0.0,1.0784535806277006e-05,0.0020526020900512028,0.9887751031158756,0.20150398925765395,0.0
2010-04-22,-0.0028521560261732274,2.5877185717205247e-06,1.098509779153856e-05,-0.0028657288425364864,1.0000000001447154,0.19808786136240047,0.01268743002494313
2010-04-23,-9.080338492927944e-05,0.0,1.1159945048210267e-05,-0.00010196332997748971,1.0104727944094927,0.19579680589014317,0.0
2010-04-26,0.0006689249205506966,0.0,3.3786119991017466e-05,0.0006351388005596791,1.0178548791572202,0.19572595937579504,0.0
2010-04-27,-0.00959742599247453,0.0,1.1263027149686164e-05,-0.009608689019624216,1.0184712073878508,0.19627022546076084,0.0
2010-04-28,0.0005297774937174462,0.0,1.1361864954167606e-05,0.0005184156287632786,1.0179000241344858,0.18848388248025053,0.0
2010-04-29,0.02129853153529281,3.91285626947311e-06,1.096651339066018e-05,0.021283652165632674,1.0000000000227804,0.19944452250458705,0.019090728763392406
2010-04-30,-0.006619698982976577,0.0,1.0456030928007147e-05,-0.0066301550139045845,0.9794330047392416,0.2161427469947198,0.0
2010-05-03,0.005054083449214544,0.0,3.157663876630951e-05,0.005022506810448235,0.9792863668343147,0.2109214901874498,0.0
2010-05-04,-0.012132665260574365,0.0,1.0527936816728393e-05,-0.012143193197391093,0.9834356433498999,0.21489625572872706,0.0
2010-05-05,-0.004729095246451228,0.0,1.0735681613092635e-05,-0.004739830928064321,0.9889608121473259,0.2052560543915636,0.0
2010-05-06,-0.01945956200695989,5.0772987153914066e-05,1.0983302567810783e-05,-0.019521318296681616,0.9999999999637926,0.19821891251360552,0.2500000000210632
2010-05-07,-0.01026329610996162,0.0,1.1194687518919867e-05,-0.010274490797480539,0.9995306358218826,0.18231844694073235,0.0
2010-05-10,0.021469847248779088,0.0,3.401589927608263e-05,0.021435831349503005,1.0015614971955444,0.17384128147753383,0.0
2010-05-11,0.0029426825298552958,0.0,1.1231526824003211e-05,0.0029314510030312925,1.0111137915479322,0.19121233339569774,0.0
2010-05-12,0.007024161252754086,0.0,1.1155618371891902e-05,0.0070130056343821945,1.0079476647334733,0.19358752358536438,0.0
2010-05-13,-0.007448943312484182,2.472949552138914e-05,1.2222046603307902e-05,-0.007485894854608879,0.9999999999998701,0.10779059795839341,0.12016959311479168
2010-05-14,-0.009773701478267538,0.0,1.2347413427770636e-05,-0.009786048891695308,1.0024596473681442,0.10109846714088797,0.0
2010-05-17,0.0006481495627549145,0.0,3.741582319945548e-05,0.000610733739555459,1.0026790044475165,0.09222730659409968,0.0
2010-05-18,-0.008818244817108842,0.0,1.2464847353635234e-05,-0.008830709664462477,1.0027526254185768,0.09281876860320472,0.0
2010-05-19,0.0009355617424091395,0.0,1.2622081363379e-05,0.0009229396610457605,1.0061608563919777,0.08474891686531098,0.0
2010-05-20,-0.019095328570419314,5.1065231725170675e-05,9.13160050751447e-06,-0.019155525402651998,1.0000000000171456,0.33339316296858923,0.25000000001478145
2010-05-21,0.010542868069664599,0.0,9.242645029585018e-06,0.010533625424635014,0.9951490406040016,0.3204359534442952,0.0
2010-05-24,-0.002399200020362354,0.0,2.739230999210571e-05,-0.0024265923303544595,0.9940749660874204,0.3275287562795147,0.0
2010-05-25,-0.0005017686528283638,0.0,9.106989724183601e-06,-0.0005108756425525475,0.9907306821458327,0.32592043228042994,0.0
2010-05-26,-0.005411938572782417,0.0,9.133262412673184e-06,-0.00542107183519509,0.9923131531973287,0.3255849970721862,0.0
2010-05-27,0.01261018062288909,2.6808421558410113e-06,9.154734913456582e-06,0.012598345045819791,0.9999999999900074,0.33170435130767706,0.013344335919466453
2010-05-28,-0.00345197827940657,0.0,9.184041790784133e-06,-0.003461162321197354,1.0104657584754224,0.3400307077481804,0.0
2010-06-01,-0.002953232685785132,0.0,3.6827700492518894e-05,-0.0029900603862776506,1.009853263171562,0.33774772918309226,0.0
2010-06-02,0.0030364315255547447,0.0,9.10039568287538e-06,0.003027331129871869,1.0001274393026482,0.33579855445274565,0.0
2010-06-03,-0.007673038303291237,0.0,9.260979919770129e-06,-0.007682299283211007,1.0138638503805206,0.33781231623730107,0.0
2010-06-04,-0.017988326716499227,1.4942789551529312e-05,8.219178082599962e-06,-0.018011488684133357,1.000000000030854,0.40000000000105673,0.07336803642376337
2010-06-07,-0.009097743687534956,0.0,2.5130711550826674e-05,-0.009122874399085783,1.0005324562177131,0.3890184751475974,0.0
2010-06-08,0.004970395625083445,0.0,8.53591136589507e-06,0.00496185971371755,1.006540141003502,0.38341861129316196,0.0
2010-06-09,0.00410175526713232,0.0,8.423009541684922e-06,0.004093332257590635,1.0013510866402167,0.38647139009721754,0.0
2010-06-10,0.012421807313772237,0.0,8.278825264471697e-06,0.012413528488507766,0.9933351615347058,0.3889809172282721,0.0
2010-06-11,0.0011207060604730484,5.1396025422658635e-05,8.21917808263965e-06,0.0010610908569677502,1.0000000000289897,0.3999999999962952,0.25000000002699097
2010-06-14,-0.006998740389670883,0.0,2.504099177280785e-05,-0.007023781381443691,1.0100263314966536,0.4006955316916625,0.0
2010-06-15,0.004127786074611015,0.0,8.645247204312873e-06,0.004119140827406702,1.027584637236038,0.3964815913211986,0.0
2010-06-16,0.00453139066186881,0.0,8.801780113343345e-06,0.004522588881755467,1.0414959286115195,0.3989659803374552,0.0
2010-06-17,-4.980261796447598e-05,0.0,8.593014177133341e-06,-5.839563214160932e-05,1.0289707691076542,0.4016807341769201,0.0
2010-06-18,0.0034583997419717124,5.101260648942652e-05,8.21917808299158e-06,0.003399167957399294,1.0000000000375169,0.3999999999791313,0.2500000000407917
2010-06-21,0.00032112781648490555,0.0,2.434371065951311e-05,0.0002967841058253924,0.9944552488092273,0.4020916227610751,0.0
2010-06-22,-0.0022955524539268104,0.0,7.992782597919144e-06,-0.0023035452365247296,0.9857664859516275,0.40229335630352986,0.0
2010-06-23,-0.0003975471578111527,0.0,7.946704297029322e-06,-0.00040549386210818203,0.9810307579856327,0.40092134430249227,0.0
2010-06-24,-0.005364626601845515,0.0,7.95206180753927e-06,-0.005372578663653055,0.9811867849193678,0.400686272969001,0.0
2010-06-25,0.0014931973153090345,5.043568970898771e-05,8.219178083315562e-06,0.0014345424475167312,1.0000000000331397,0.3999999999511036,0.2500000000370636
2010-06-28,0.004730046654823543,0.0,2.4947810626861186e-05,0.004705098844196683,1.0079814552069406,0.4009180632866517,0.0
2010-06-29,0.00346765350809923,0.0,8.088118555318614e-06,0.0034595653895439114,0.9941810881912074,0.4037484336529485,0.0
2010-06-30,-0.004796798345072661,0.0,7.821795463290569e-06,-0.004804620140535952,0.9768032223004229,0.4058121534802113,0.0
2010-07-01,-0.01560632913313042,0.0,7.965746197150193e-06,-0.01561429487932757,0.9844508558597689,0.4029513834678049,0.0
2010-07-02,0.005476813389275535,5.181987205259871e-05,9.770377539444487e-06,0.0054152231396834925,0.999999999953145,0.28676243957369735,0.2500000000179404
2010-07-06,-0.001777086833666597,0.0,3.8262871044174154e-05,-0.001815349704710771,0.9889626324080646,0.2906652358518862,0.0
2010-07-07,-0.00015659678611214093,0.0,9.54634329040325e-06,-0.00016614312940254418,0.9862965959944016,0.2894135357949643,0.0
2010-07-08,0.0038635337972020675,0.0,9.642873833394324e-06,0.003853890923368673,0.9932347948855282,0.2893050050477427,0.0
2010-07-09,0.002172927127045486,0.0,9.489216492070537e-06,0.0021634379105534155,0.9847558407571984,0.29204303683604926,0.0
2010-07-12,0.0014072605814913154,5.2407705305100634e-05,2.3217829485303366e-05,0.0013316350467009114,1.000000000037081,0.4350328158946991,0.2500000000305419
2010-07-13,-0.003403907669693576,0.0,7.683607945507527e-06,-0.0034115912776390834,0.9967630504856071,0.43585967046355756,0.0
2010-07-14,0.00028895842535330186,0.0,7.779219254374718e-06,0.00028117920609892715,1.001819181235172,0.43393617566581755,0.0
2010-07-15,-0.007679001428181951,0.0,7.800132297128483e-06,-0.00768680156047908,1.003512731024025,0.4341030733336458,0.0
2010-07-16,0.0024450277408521208,0.0,8.050128336333701e-06,0.002436977612515787,1.017386668941032,0.4297273003886718,0.0
2010-07-19,-0.00048476685717498635,5.184790546791619e-05,1.7153709303031142e-05,-0.0005537684719459337,1.0000000000587859,0.582593073685028,0.2500000000212901
2010-07-20,0.0020816148473746026,0.0,5.68476088691445e-06,0.0020759300864876882,0.9974183834081485,0.5824308386633937,0.0
2010-07-21,0.002821773183600363,0.0,5.662303144432101e-06,0.002816110880455931,0.9966496897958886,0.5833015602523454,0.0
2010-07-22,-0.004113317249634854,0.0,5.630291720457213e-06,-0.004118947541355311,0.9954886759192064,0.5844773803258297,0.0
2010-07-23,-0.002555305667688531,0.0,5.7337694269393145e-06,-0.0025610394371154703,1.0013296073969222,0.5827644392303521,0.0
2010-07-26,-8.251718314271567e-05,1.549659099093704e-05,1.730969174833526e-05,-0.00011532346588198797,1.0000000000375338,0.5787975008280426,0.07637397091958492
2010-07-27,-0.0017963952977504939,0.0,5.740959852960985e-06,-0.0018021362576034548,0.9978718000262319,0.5787817307600801,0.0
2010-07-28,0.00028958062397041733,0.0,5.714272316676587e-06,0.00028386635165374076,0.9951688980283744,0.5780270189109835,0.0
2010-07-29,-0.0020482582139224065,0.0,5.75677651297497e-06,-0.0020540149904353816,0.998397166946504,0.5781524814993312,0.0
2010-07-30,0.0001500734250047635,0.0,5.837777678288549e-06,0.00014423564732647497,1.003447756084661,0.577289985569597,0.0
2010-08-02,-0.0031153085761121808,2.039133945605844e-05,1.7349951284803825e-05,-0.003153049866853043,0.9999999999938801,0.5778178520636538,0.10031774760405539
2010-08-03,0.002719339855567998,0.0,5.85735840327566e-06,0.0027134824971647223,1.004107504310688,0.5765203408715647,0.0
2010-08-04,-0.003915879462768631,0.0,5.8270664951255775e-06,-0.003921706529263757,1.0030480315288677,0.5776721773847003,0.0
2010-08-05,0.0033400074568976108,0.0,5.941681737871106e-06,0.0033340657751597396,1.0097580275954865,0.5760152607308957,0.0
2010-08-06,0.0061672525310855104,0.0,5.879675770483508e-06,0.006161372855315027,1.0066464095713945,0.5774300783260984,0.0
2010-08-09,0.0029529773601451727,5.3182754598491684e-05,2.7480108857470968e-05,0.00287231449668921,1.0000000000259406,0.33131735116081373,0.25000000002323175
2010-08-10,0.00427585967127479,0.0,9.054608006905641e-06,0.004266805063267884,0.994299333409994,0.3333129489058823,0.0
2010-08-11,0.0035526276091504758,0.0,8.947040149571961e-06,0.0035436805690009037,0.9892884337611421,0.33615450284238885,0.0
2010-08-12,-0.001543621547265793,0.0,8.835873899458563e-06,-0.0015524574211652517,0.9835263624216791,0.3385075677612042,0.0
2010-08-13,0.0007074770617010412,0.0,8.860725239362908e-06,0.0006986163364616783,0.9843208242540544,0.33748788178056194,0.0
2010-08-16,0.008364048255278715,5.35277270935698e-05,2.7592905133785197e-05,0.00828292762305136,1.0000000000587717,0.3285726418033318,0.2500000000626325
2010-08-17,-0.0028564447104542684,0.0,9.001169791327776e-06,-0.0028654458802455963,0.991254188889935,0.3341687941230075,0.0
2010-08-18,0.0014170414015800402,0.0,9.068286768371309e-06,0.001407973114811669,0.9942493692605671,0.3322644351694616,0.0
2010-08-19,0.003233292176477934,0.0,9.022058399422133e-06,0.003224270118078512,0.9918225857371414,0.3332123225793259,0.0
2010-08-20,0.000919817825030332,0.0,8.931310609527317e-06,0.0009108865144208046,0.9873499841290763,0.3353643096335822,0.0
2010-08-23,0.0030423969797809553,5.1560631766890526e-05,2.4172279587878597e-05,0.002966664068426186,0.9999999999873518,0.4118078633489727,0.2500000000079937
2010-08-24,0.0036480278547771743,0.0,7.965126149641823e-06,0.0036400627286275323,0.9950773882286946,0.4136231793048415,0.0
2010-08-25,0.003173403520653269,0.0,7.873896891030849e-06,0.0031655296237622383,0.9905522956506694,0.41575782260541755,0.0
2010-08-26,0.003700796539720699,0.0,7.742793378882226e-06,0.0036930537463418164,0.9828331882640478,0.41760927160564526,0.0
2010-08-27,-0.001430579459977637,0.0,7.648847936048843e-06,-0.001438228307913686,0.9781257717076889,0.4197598723761235,0.0
2010-08-30,0.0001374120249807447,2.6908713974018816e-05,2.7235346389646383e-05,8.326796461707949e-05,0.9999999999932434,0.3372732378451816,0.13204581282510808
2010-08-31,0.003727217697421202,0.0,9.152709979993479e-06,0.0037180649874412088,1.0055303852508914,0.3373825567113676,0.0
2010-09-01,0.0006979748951144967,0.0,9.054453525187879e-06,0.0006889204415893088,1.0008213114747906,0.3398462041360757,0.0
2010-09-02,-0.003133161659560549,0.0,9.002351979897007e-06,-0.0031421640115404464,0.9974814272323429,0.34030973269986153,0.0
2010-09-03,-0.004070670783642913,0.0,9.096876210632232e-06,-0.004079767659853545,1.002311338006704,0.338239374630551,0.0
2010-09-07,0.0031732542579478284,9.72254676361461e-06,3.633312999941917e-05,0.0031271985811847946,0.9999999999913882,0.33692037750198855,0.047115143869602694
2010-09-08,0.0009919370612696508,0.0,9.03957325521872e-06,0.0009828974880144322,0.9989222546016499,0.33903340697068335,0.0
2010-09-09,-0.0005091050646650066,0.0,8.976491234615067e-06,-0.0005180815558996217,0.9949753222740084,0.33969146214710866,0.0
2010-09-10,-0.00425354448712669,0.0,8.949594040086692e-06,-0.004262494081166777,0.9926785372186806,0.3393581722923522,0.0
2010-09-13,0.0016238702215413015,0.0,2.7326040959889728e-05,0.0015965441805814117,1.0014727871859426,0.33653912382862594,0.0
2010-09-14,0.0023567572094520574,2.2408577514814215e-06,8.96642118663332e-06,0.0023455499305139425,0.9999999999802478,0.34545125335601545,0.0111310470167581
2010-09-15,-0.003068293694655556,0.0,8.920869714310665e-06,-0.0030772145643698664,0.998217607679528,0.3469941185348494,0.0
2010-09-16,-0.0014787354635086274,0.0,9.004709131861508e-06,-0.001487740172640489,1.00233119179534,0.3449874251694497,0.0
2010-09-17,0.002472526080818917,0.0,9.035190876482335e-06,0.002463490889942435,1.003589436811421,0.3440205028282106,0.0
2010-09-20,0.006982433692957617,0.0,2.6912123821725455e-05,0.006955521569135892,1.0005032237759053,0.34564154411391934,0.0
2010-09-21,0.0036328434261987774,5.032516654743393e-05,9.002119698538856e-06,0.0035735161399528047,1.0000000000032718,0.34284526200993537,0.23967576127746532
2010-09-22,-0.000796100711068624,0.0,8.961468804111688e-06,-0.0008050621798727357,0.9994315918110419,0.3452443691108886,0.0
2010-09-23,-0.002221644047172727,0.0,8.979996274837874e-06,-0.002230624043447565,1.0002655221622405,0.3447257940990758,0.0
2010-09-24,0.0007872896185294913,0.0,9.058378421488956e-06,0.0007782312401080024,1.004531480814884,0.34326985604619054,0.0
2010-09-27,0.007572017068377772,0.0,2.701651476558998e-05,0.007545000553612182,1.0011914571556642,0.34378959785964147,0.0
2010-09-28,-0.0004523558565830924,1.3534019903999597e-05,8.219178082917418e-06,-0.00047410905457000944,1.0000000000484668,0.39999999999549524,0.06663136869759029
2010-09-29,-0.0037919095874068445,0.0,8.28278200796094e-06,-0.0038001923694148056,1.004380249728557,0.3997371631474085,0.0
2010-09-30,0.0006188856806739354,0.0,8.400887203189632e-06,0.0006104847934707458,1.01072042736498,0.39745566153213674,0.0
2010-10-01,-0.0015439161155677708,0.0,8.401680069942214e-06,-0.0015523177956377132,1.0111543221294086,0.3978316770236267,0.0
2010-10-04,0.0035445997787964365,0.0,2.5340163545964404e-05,0.003519259615250472,1.0135145281521727,0.39690388186703884,0.0
2010-10-05,-0.000687006228030518,4.52081235344571e-05,8.219178082248767e-06,-0.0007404335296472238,0.9999999999974151,0.39999999999325514,0.22270524765411914
2010-10-06,-0.0026172124235246583,0.0,8.32451852476413e-06,-0.0026255369420494223,1.0072987298847085,0.39960887757692726,0.0
2010-10-07,0.01324259040579347,0.0,8.486258531043061e-06,0.013234104147262428,1.0175335980460607,0.39803672527991735,0.0
2010-10-08,-0.0029615903964368465,0.0,8.001226712769721e-06,-0.0029695916231496163,0.989997043672905,0.40590749364071543,0.0
2010-10-11,0.005414391948697302,0.0,2.4436057906217786e-05,0.005389955890791084,0.9987567943593847,0.40414605197475184,0.0
2010-10-12,-0.0029272068531698,2.391874676902488e-06,8.219178082508806e-06,-0.002937817905929211,1.0000000000299814,0.40000000000683844,0.011742737831520772
2010-10-13,-0.0013999716876240938,0.0,8.292193912881342e-06,-0.0014082638815369752,1.0035729134989504,0.3982427578586123,0.0
2010-10-14,-0.0011265967449526028,0.0,8.398909384191754e-06,-0.0011349956543367946,1.010522818710751,0.3974024336647531,0.0
2010-10-15,0.004459832352215247,0.0,8.375508413478908e-06,0.004451456843801768,1.008138233525175,0.39672611934121477,0.0
2010-10-18,0.0014785428361924846,0.0,2.4488012571142417e-05,0.0014540548236213421,0.9952829767641317,0.3994080041996662,0.0
2010-10-19,0.0031096622211286306,1.8695585365126265e-06,8.219178082154362e-06,0.003099573484509964,0.9999999999947625,0.3999999999974942,0.009205223201873836
2010-10-20,-0.002402950525960022,0.0,8.035747761725922e-06,-0.002410986273721748,0.9884736416552069,0.4018640550492144,0.0
2010-10-21,0.005297347651928629,0.0,8.164970019990715e-06,0.005289182681908639,0.9964693388437345,0.4004265273844122,0.0
2010-10-22,0.000848662230190086,0.0,7.899334836461744e-06,0.0008407628953536242,0.9802406609959454,0.4035892179342381,0.0
2010-10-25,0.0013639810691652454,0.0,2.369625222874287e-05,0.0013402848169365026,0.980706933683847,0.4040981294511039,0.0
2010-10-26,-0.004740223247798508,5.149935472690692e-05,1.0209626611685386e-05,-0.0048019322291371,0.9999999999851774,0.25469725733214416,0.249999999988194
2010-10-27,-0.003357273962585685,0.0,1.0339201138619219e-05,-0.003367613163724304,1.0059247853991569,0.25116310227995386,0.0
2010-10-28,-0.0005337042997235777,0.0,1.0386549666901073e-05,-0.0005440908493904789,1.0068612879875907,0.24864316230381256,0.0
2010-10-29,-0.0017216870266438648,0.0,1.0506905975144691e-05,-0.0017321939326190095,1.0152486617644298,0.2482445255788676,0.0
2010-11-01,0.004552177053450732,0.0,3.193084617219915e-05,0.004520246207278532,1.0239345284151864,0.2469506048916738,0.0
2010-11-02,-0.0012187960917030079,3.399615991797868e-05,1.232876712365476e-05,-0.0012651210187446414,1.0000000000610125,0.10000000003421514,0.1661635294354208
2010-11-03,3.330769222353641e-05,0.0,1.242004347788794e-05,2.088764874564847e-05,1.0055695063083665,0.0989063324225469,0.0
2010-11-04,0.0034966789464193145,0.0,1.2401412043414388e-05,0.0034842775343759,1.0042406527107368,0.09893757354148647,0.0
2010-11-05,-0.004583493490973891,0.0,1.24651242366109e-05,-0.004595958615210502,1.0120326516491858,0.10207858237659018,0.0
2010-11-08,-0.005125486696563065,0.0,3.7895767676883585e-05,-0.005163382464239949,1.020075587964714,0.09794524116054701,0.0
2010-11-09,-0.006162756222355334,5.115124262690047e-05,1.2328767123302814e-05,-0.0062262362321055375,1.0000000000061144,0.100000000005009,0.25000000000128486
2010-11-10,0.0007963967268977802,0.0,1.2493652529661448e-05,0.0007839030743681188,1.0064617917824044,0.09442515711711857,0.0
2010-11-11,0.0031738323634263477,0.0,1.2455868903308418e-05,0.0031613764945230393,1.0044253977849216,0.09514696784340718,0.0
2010-11-12,0.006458066273235643,0.0,1.2298325312133661e-05,0.006445767947923509,0.9957886984768699,0.09801095069111276,0.0
2010-11-15,-0.005680349236122022,0.0,3.586044279370416e-05,-0.005716209678915726,0.9764040545757209,0.10379994659558633,0.0
2010-11-16,0.0035376499161225284,3.373049515178335e-05,1.2222433780510226e-05,0.003491696987190235,1.0000000000147307,0.10776233403748428,0.16400983380105838
2010-11-17,-0.0024599060471930225,0.0,1.2058988992488897e-05,-0.002471965036185511,0.9912189068286319,0.1109127103769425,0.0
2010-11-18,0.0028223077192943745,0.0,1.2169118564696165e-05,0.0028101386007296785,0.9970672154481258,0.10872156022530596,0.0
2010-11-19,-0.001415081961678376,0.0,1.2219911677306667e-05,-0.0014273018733556827,1.0032848450390548,0.11123129259566822,0.0
2010-11-22,-0.002364387008022438,0.0,3.6937023125060585e-05,-0.0024013240311474985,1.0087740715966171,0.10997317555347622,0.0
2010-11-23,-0.004721979071263895,5.1038550194986936e-05,1.2063460782680723e-05,-0.004785081082241563,0.9999999999996808,0.11936736286398797,0.25000000000011113
2010-11-24,-0.0024648759346262714,0.0,1.2130961382598873e-05,-0.0024770068960088703,1.0007567898364598,0.11519660890674216,0.0
2010-11-26,-0.004473864786206464,0.0,2.461001139893954e-05,-0.004498474797605403,1.0112770797035804,0.11301166364228726,0.0
2010-11-29,0.003960804044415219,0.0,3.714252674548028e-05,0.003923661517669739,1.0128297438747444,0.10902825973472433,0.0
2010-11-30,0.004682464462583106,0.0,1.2270369935395443e-05,0.004670194092647711,1.008284470903245,0.11254746561937762,0.0
2010-12-01,-4.168944074811089e-06,2.815398573382514e-05,1.2882870456324673e-05,-4.5205800264960905e-05,1.0000000000037417,0.059550456692040704,0.13942821235905437
2010-12-02,-0.0008990341191713507,0.0,1.3031704415889212e-05,-0.0009120658235872398,1.0108634020671612,0.05954897970724857,0.0
2010-12-03,0.002617272416940966,0.0,1.3122792989150164e-05,0.002604149623951816,1.0166673752402866,0.058703487032324725,0.0
2010-12-06,-0.0043176068277424404,0.0,3.928143698474521e-05,-0.004356888264727185,1.017009785751181,0.06116148578904776,0.0
2010-12-07,0.0011432576968922249,0.0,1.3341139892278317e-05,0.0011299165569999465,1.03099583728614,0.05709262514982305,0.0
2010-12-08,-0.006089129820986922,5.18300051924804e-05,1.2828325783302872e-05,-0.006153788151962705,1.0000000000109428,0.06353221782983334,0.2500000000085712
2010-12-09,0.004966993623988671,0.0,1.3040713736572832e-05,0.004953952910252098,1.0097708721609402,0.05779876939112355,0.0
2010-12-10,0.0021818247090842472,0.0,1.2862003314460409e-05,0.0021689627057697868,1.0013825991183918,0.06245635716278197,0.0
2010-12-13,0.003310656439776438,0.0,3.839499830246894e-05,0.0032722614414739688,0.9987765795184549,0.06449828749171066,0.0
2010-12-14,0.007140693713483345,0.0,1.270439085494763e-05,0.0071279893226283975,0.9950083114593701,0.06758777904819283,0.0
2010-12-15,-0.003921689129347488,2.8804087601640173e-05,1.1833004327661468e-05,-0.00396232622127679,0.9999999999998528,0.1361906840805658,0.14071032372346814
2010-12-16,0.009476997230217546,0.0,1.1847882482168387e-05,0.009465149347735378,0.9976905939445421,0.13279517274624983,0.0
2010-12-17,-0.0024091587144106654,0.0,1.1555368613059757e-05,-0.002420714083023725,0.9844800779099658,0.14093816915660373,0.0
2010-12-20,-0.004354092391753558,0.0,3.5083682521434616e-05,-0.004389176074274992,0.9925681046535403,0.1388651632986315,0.0
2010-12-21,0.004705918723394966,0.0,1.1905667801853092e-05,0.004694013055593113,1.0042178159781217,0.135104066442846,0.0
2010-12-22,0.00012343004746960204,4.957612467745557e-05,1.2328767123382703e-05,6.152515566876376e-05,1.000000000034907,0.10000000002796991,0.24588074245372565
2010-12-23,0.0014084750853239703,0.0,1.2324476672486797e-05,0.0013961506086514835,0.9998040674363324,0.10011727034479637,0.0
2010-12-27,-0.0014082576909435832,0.0,4.9058652581404445e-05,-0.0014573163435249877,0.9967046074312567,0.10138419782062555,0.0
2010-12-28,0.0019817765251498864,0.0,1.2332121080492696e-05,0.0019694444040693937,1.0003666882130315,0.10012184933706472,0.0
2010-12-29,0.0013688000060403582,0.0,1.2375826983215175e-05,0.001356424179057143,1.0053383034743892,0.10190293369968148,0.0
2010-12-30,-0.001689126625185701,1.5807858661776674e-05,1.223693158493787e-05,-0.0017171714154324154,1.000000000063077,0.10670399436261266,0.0781894698991296
2010-12-31,-0.0019800723711184375,0.0,1.2276056614657292e-05,-0.0019923484277330947,1.0013476393241243,0.10519550645414205,0.0
2011-01-03,-0.004080791286216441,0.0,3.713828563463039e-05,-0.004117929571851071,1.0071197694934928,0.10342148571748663,0.0
2011-01-04,-0.00566643850537914,0.0,1.264571547570841e-05,-0.005679084220854848,1.0228886936611552,0.0997514639344412,0.0
2011-01-05,0.006813030272205479,0.0,1.270499104680504e-05,0.006800325281158674,1.0220867403903853,0.09462239397361719,0.0
2011-01-06,-0.00024665712791261285,1.548343002729052e-05,1.2328767123337585e-05,-0.000274469325063241,0.9999999999951372,0.09999999999149345,0.07665308814923695
2011-01-07,-0.005024255482523291,0.0,1.2308142804230165e-05,-0.0050365636253275215,0.998275154321894,0.09978072961309203,0.0
2011-01-10,0.003521194650696006,0.0,3.727614192194273e-05,0.003483918508774063,1.0022889237612422,0.09523613699396918,0.0
2011-01-11,0.0018315448356295814,0.0,1.2350065174475885e-05,0.0018191947704551056,0.9999692214098828,0.09841446367314333,0.0
2011-01-12,0.005155387136971027,0.0,1.2396659364967246e-05,0.00514299047760606,1.0050201062956203,0.10006397265301156,0.0
2011-01-13,-0.0014945868079318365,3.7474156747133327e-05,1.374272525175533e-05,-0.001545803689930725,0.9999999999988234,-0.003218943379315886,0.18424208758426747
2011-01-14,-0.000380954499696714,0.0,1.3660826027026927e-05,-0.0003946153257237409,0.9925194723129014,-0.004720827660064236,0.0
2011-01-18,0.006158406989783756,0.0,5.484328768009466e-05,0.006103563702103661,0.9957862039657686,-0.005103796195959132,0.0
2011-01-19,-0.011839954633968931,0.0,1.3534711859043969e-05,-0.011853489345827976,0.9890821786694639,0.0010482129592544465,0.0
2011-01-20,-0.010978873719215824,0.0,1.3847343465345542e-05,-0.01099272106268117,0.9999348770156182,-0.010921195954606139,0.0
2011-01-21,-0.004120419127663828,5.121992047857412e-05,1.2873942936571032e-05,-0.004184512991078973,1.0000000000104774,0.06020216564079231,0.2500000000093583
2011-01-24,0.004969283053531282,0.0,3.895434424597311e-05,0.00493032870928531,1.004206450754848,0.05631740743616904,0.0
2011-01-25,0.0012325162452606123,0.0,1.2818075341713706e-05,0.0012196981699188986,0.9967055093617093,0.060986009416608894,0.0
2011-01-26,0.010203979003401384,0.0,1.2763503491856429e-05,0.010191215499909527,0.9938784851929833,0.06214273028746412,0.0
2011-01-27,0.002228974345657507,0.0,1.2548018195991503e-05,0.0022164263274615154,0.9876221748813856,0.07161684657400588,0.0
2011-01-28,-0.004844536570459014,5.933701923582297e-06,1.2640382997115513e-05,-0.004863110655379712,1.0000000000210099,0.07725204123157743,0.0291338063017667
2011-01-31,0.001992671352774848,0.0,3.823765862487339e-05,0.0019544336941499747,1.0032110443685127,0.0727613511632602,0.0
2011-02-01,0.014260094519945664,0.0,1.2746139720325546e-05,0.014247348380225339,1.0050764053086712,0.07460820572490631,0.0
2011-02-02,-0.003984587420305895,0.0,1.2460941948921492e-05,-0.003997048362254816,0.9972687105874035,0.08761994831613465,0.0
2011-02-03,0.008606761658748874,0.0,1.2566137054702998e-05,0.008594195521694171,1.0012990020253112,0.0839709970319924,0.0
2011-02-04,0.00493292573553196,8.282716411838667e-06,1.2120176397641027e-05,0.00491252284272248,1.0000000000203606,0.11522712299256548,0.041207450140890924
2011-02-07,0.01018549921924602,0.0,3.594181040421879e-05,0.0101495574088418,0.9941566985456454,0.1195726453763215,0.0
2011-02-08,0.012025411597900538,0.0,1.1698613963681934e-05,0.012013712983936857,0.9824532087447565,0.12845438939597537,0.0
2011-02-09,-0.004324197555028253,0.0,1.1440913783072105e-05,-0.004335638468811325,0.9739988578095898,0.1388121516453263,0.0
2011-02-10,0.005788366787725456,0.0,1.1560940386522886e-05,0.005776805847338933,0.9790222325347605,0.1350735843185899,0.0
2011-02-11,0.001907378141937459,1.5658803319255257e-05,1.1353254754444978e-05,0.0018803660838637587,1.0000000000747544,0.1712124030002713,0.07702779886838944
2011-02-14,0.004028596390352678,0.0,3.402381206490991e-05,0.0039945725782877676,1.0007076237874808,0.1727948635413397,0.0
2011-02-15,-0.0038652713248394804,0.0,1.1330152507110496e-05,-0.003876601477346591,1.0032210690836654,0.1761199360645991,0.0
2011-02-16,0.006540637076737753,0.0,1.1444957202746911e-05,0.006529192119535006,1.0084069019521338,0.17292502615160918,0.0
2011-02-17,0.008619431002186031,0.0,1.1270349592684644e-05,0.008608160652593346,1.001037018755487,0.17830149848950785,0.0
2011-02-18,0.002268379959086337,5.200767408694383e-05,1.458458059174317e-05,0.0022017877044076496,1.0000000000352531,-0.0646743831619982,0.2500000000222016
2011-02-22,-0.013704963526916336,0.0,5.806242572133236e-05,-0.013763025952637668,0.9973703691104596,-0.06226890030385583,0.0
2011-02-23,-0.005497678599904935,0.0,1.4810633534770455e-05,-0.005512489233439706,1.0041421620832343,-0.07703408595500871,0.0
2011-02-24,0.0014397964813393624,0.0,1.4931108329299453e-05,0.001424865373010063,1.0069816661817175,-0.08298924185714242,0.0
2011-02-25,0.0018477595854945149,0.0,1.487030809421263e-05,0.0018328892774003023,1.0040990771531404,-0.08143341372438129,0.0
2011-02-28,0.001392833295002738,5.0891420779949896e-05,4.506174457818122e-05,0.001296880129644607,0.9999999999949531,-0.09650245140745667,0.2500000000094783
2011-03-01,-0.000787383461794897,0.0,1.5011873353499945e-05,-0.000802395335148397,1.000880322709413,-0.09498643209608272,0.0
2011-03-02,0.007174322874203407,0.0,1.4884538172366841e-05,0.00715943833603104,0.990720560849703,-0.09585072573307647,0.0
2011-03-03,0.010535835215440404,0.0,1.4620936037798812e-05,0.010521214279402604,0.9792822881134945,-0.08804604264581878,0.0
2011-03-04,-0.004646965024660619,0.0,1.4365875093456671e-05,-0.004661330899754076,0.9720056851599588,-0.07670319666237835,0.0
2011-03-07,-0.006804998181414373,5.207406958704378e-05,4.053445627608243e-05,-0.006897606707277498,0.999999999972766,0.013661563921426645,0.25000000002739686
2011-03-08,0.00414807803276394,0.0,1.3708388880479364e-05,0.004134369643883461,1.007616576389251,0.006904188114257526,0.0
2011-03-09,-0.005677887207529065,0.0,1.3583068811206667e-05,-0.0056914702763402715,1.0025707833501407,0.011006760132053928,0.0
2011-03-10,-0.008824485935099702,0.0,1.3757412630578508e-05,-0.008838243347730281,1.0096504976839777,0.005359375651746545,0.0
2011-03-11,0.0008086054249767858,0.0,1.3897738348685314e-05,0.0007947076866281005,1.0110388905936203,-0.003496008860407268,0.0
2011-03-14,-0.002704638250105077,3.3396146865155606e-05,3.6028119396940605e-05,-0.0027740625163671733,1.000000000008643,0.12331576134975505,0.16297362144336294
2011-03-15,-0.015178613042521093,0.0,1.2028126413748085e-05,-0.015190641168934841,0.9989998648344185,0.12094663663080818,0.0
2011-03-16,-0.007732478179396569,0.0,1.2331765711880135e-05,-0.007744809945108449,1.007618387680691,0.10739949071344126,0.0
2011-03-17,0.004282083677900634,0.0,1.2468170872985564e-05,0.004269615507027648,1.0106214132283693,0.10044493950042335,0.0
2011-03-18,0.002063742495517525,0.0,1.2573270054043982e-05,0.002051169225463481,1.0221304940182345,0.1042817800730238,0.0
2011-03-21,0.007799583315370797,4.4728942682933995e-06,3.6191978943218195e-05,0.007758918442159286,1.0000000000904614,0.11932851247215212,0.022076267846016878
2011-03-22,-0.004274694699787741,0.0,1.1935514957670203e-05,-0.004286630214745411,0.9974419054620624,0.12614931355213754,0.0
2011-03-23,-0.004107248832597519,0.0,1.2093655734121049e-05,-0.00411934248833164,1.0052361679782038,0.12239929938736732,0.0
2011-03-24,0.009830500659914275,0.0,1.2239192483697295e-05,0.009818261467430577,1.0122424029332358,0.11878135162333328,0.0
2011-03-25,-0.0052163392848087724,0.0,1.1994303894618927e-05,-0.0052283335887033915,1.002945569212574,0.12736138490539234,0.0
2011-03-28,0.00018668956372042676,5.1253782425907774e-05,3.5989252768629e-05,9.944652852588999e-05,1.0000000000573277,0.12426151602068855,0.250000000011522
2011-03-29,0.006759349787649592,0.0,1.1920185901181214e-05,0.006747429601748411,0.9946094016592332,0.12443583087300447,0.0
2011-03-30,-0.0023497839401818888,0.0,1.1678086446453491e-05,-0.0023614620266283423,0.9828161940024513,0.1303158834113464,0.0
2011-03-31,0.0031766441832648453,0.0,1.1825383236037452e-05,0.0031648188000288078,0.9915219780789565,0.12826900184822268,0.0
2011-04-01,0.0027435453612532114,0.0,1.1783262697866446e-05,0.002731762098555345,0.9912091337402841,0.1310309567960337,0.0
2011-04-04,0.005425741746913463,2.440424376493231e-06,3.5923886751043174e-05,0.005387377435785926,0.9999999999815771,0.12585208903952663,0.011977735037544845
2011-04-05,0.0045986245217830525,0.0,1.1874827457459748e-05,0.004586749694325593,0.9974367817268699,0.1305743773323082,0.0
2011-04-06,0.006524497173253126,0.0,1.1757276812549627e-05,0.006512739896440576,0.9928370352674885,0.13455582795136561,0.0
2011-04-07,0.0031552928623532293,0.0,1.1521552172308677e-05,0.0031437713101809205,0.981240759553008,0.1401674509744749,0.0
2011-04-08,0.005930593464662923,0.0,1.1398299746859429e-05,0.005919195164916064,0.97494946348959,0.1428735819688516,0.0
2011-04-11,-0.008126924731943753,5.147030460084902e-05,3.5365226919927216e-05,-0.00821376026346453,1.0000000000109592,0.13944614495939703,0.25000000000711664
2011-04-12,-0.005441790494567795,0.0,1.1973350904676027e-05,-0.005453763845472471,1.0064613937985587,0.1324067777572089,0.0
2011-04-13,0.001217927309677406,0.0,1.2044745446231405e-05,0.0012058825642311747,1.0069276389913637,0.12766122141647104,0.0
2011-04-14,0.0033144486327375956,0.0,1.2108157884267305e-05,0.0033023404748533285,1.0126194483435673,0.12872392279205405,0.0
2011-04-15,0.0017191123820513706,0.0,1.2132394710845946e-05,0.0017069799873405246,1.0172685848570437,0.13160377096528966,0.0
2011-04-18,0.0024549647122257,3.0826425037531984e-05,3.287671232903296e-05,0.002391261574859135,1.0000000000098963,0.20000000000342757,0.14968204374578223
2011-04-19,-0.00031164697705183164,0.0,1.0895315913431618e-05,-0.00032254229296526326,0.9973300585209194,0.20197199684041126,0.0
2011-04-20,0.008134937872069875,0.0,1.101976293855448e-05,0.00812391810913132,1.0061681093556887,0.2017254148412116,0.0
2011-04-21,0.0033469035497395664,0.0,1.089943313331128e-05,0.003336004116606255,1.0038278218857386,0.20816920315401516,0.0
2011-04-25,0.0009159029776951977,0.0,4.3839208860184435e-05,0.0008720637688350133,1.0108783959193262,0.21081283422096017,0.0
2011-04-26,-0.007123800640435551,4.51683245533005e-06,1.0928006038403309e-05,-0.007139245478929285,0.9999999999886382,0.20225555918519658,0.022357468077057435
2011-04-27,0.0138232315892143,0.0,1.103409867387955e-05,0.01381219749054042,1.0020240724145082,0.19653486922130112,0.0
2011-04-28,-0.007510783889840928,0.0,1.0796906460541229e-05,-0.00752158079630147,0.9956663494915146,0.207492177872005,0.0
2011-04-29,-0.0015009460379276898,0.0,1.1035236330895026e-05,-0.001511981274258585,1.0070692218754609,0.2014969697201239,0.0
2011-05-02,-0.016569297190139658,0.0,3.34671445009575e-05,-0.016602764334640616,1.014666054682284,0.20029887182565176,0.0
2011-05-03,-0.01003185219906011,6.329715166459214e-06,1.1013064992447187e-05,-0.010049194979219016,1.000000000010772,0.19604625556212743,0.031087277060981744
2011-05-04,-0.010010983297406946,0.0,1.112026767617504e-05,-0.01002210356508312,0.9996822143316959,0.18790267397091764,0.0
2011-05-05,-0.023725184269642853,0.0,1.1150136799229684e-05,-0.023736334406442083,0.9936525747481443,0.17969258840437724,0.0
2011-05-06,0.0024888656113787916,0.0,1.123259418737414e-05,0.0024776330171914175,0.9797388849497217,0.1597595092714096,0.0
2011-05-09,0.02020395629856977,0.0,3.368399095962872e-05,0.02017027230761014,0.9814911564967103,0.16184737647907813,0.0
2011-05-10,0.0020550194955332975,3.878600937049008e-05,1.3240135155197223e-05,0.0020029933510076104,1.0000000000044758,0.03347013367507848,0.18738940570488744
2011-05-11,-0.018200541165416077,0.0,1.3270306916416984e-05,-0.018213811472332496,1.0041865436648367,0.03545413876639705,0.0
2011-05-12,-0.0029658604682436156,0.0,1.3498519643600927e-05,-0.0029793589878872166,1.002965615302275,0.017573681319407508,0.0
2011-05-13,-0.0013545335219274006,0.0,1.351149215147125e-05,-0.0013680450140788718,1.000990399905882,0.01465147284848084,0.0
2011-05-16,-0.010497789541272753,0.0,4.0969867277927324e-05,-0.01053875940855068,1.0102485921542737,0.013315155058042288,0.0
2011-05-17,0.005514482406296168,7.117452751922307e-06,1.3426266908732652e-05,0.0054939386866355135,1.0000000000119114,0.01988251567442781,0.03506976440359097
2011-05-18,0.011139402924893264,0.0,1.3272257062690505e-05,0.011126130667830574,0.9941329964851852,0.025258230908778184,0.0
2011-05-19,0.002123339362330605,0.0,1.3079562739658679e-05,0.002110259799590946,0.9908052051110485,0.03599712511596498,0.0
2011-05-20,-0.005903392309723392,0.0,1.294193388250312e-05,-0.0059163342436058955,0.9828013632177298,0.03804018979500229,0.0
2011-05-23,-0.007283600211720861,0.0,3.958860149977427e-05,-0.007323188813220635,0.9956506975947028,0.03232806110019543,0.0
2011-05-24,0.007878788504448122,2.824570150738293e-05,1.5187483733870669e-05,0.007835355319206868,1.0000000000430704,-0.10868631252948843,0.13716632551185198
2011-05-25,0.007369590411895866,0.0,1.5080135872994245e-05,0.007354510276022872,1.0008261167325563,-0.10002380199602343,0.0
2011-05-26,-0.0009906675254516602,0.0,1.4976691405319548e-05,-0.0010056442168569798,1.0013207123867671,-0.09197776020155961,0.0
2011-05-27,-0.00020889671508709834,0.0,1.4981628192641026e-05,-0.00022387834327973938,1.0005968430585854,-0.09306201500420927,0.0
2011-05-31,-0.00024554905637777426,0.0,6.035155321822018e-05,-0.00030590060959599446,1.008124048500104,-0.09329179773241429,0.0
2011-06-01,-0.01468898552362467,5.3034317027461616e-05,1.5171837287555018e-05,-0.014757191677939686,1.0000000000086835,-0.10754412198283267,0.25000000000700645
2011-06-02,-0.003167758050969899,0.0,1.5478402411534867e-05,-0.003183236453381434,1.0058594331500093,-0.12406394289203605,0.0
2011-06-03,0.0031468414009227616,0.0,1.5547680169020467e-05,0.0031312937207537412,1.0073426494518625,-0.12763800288663157,0.0
2011-06-06,-0.003935810606437027,0.0,4.625444088922771e-05,-0.003982065047326255,1.001422168385436,-0.12410255991910464,0.0
2011-06-07,0.0029649862072425193,0.0,1.5564596707851498e-05,0.0029494216105346678,1.0076652936263684,-0.12855026604679104,0.0
2011-06-08,-0.004348744333304092,5.129614644084174e-05,1.296357595741854e-05,-0.0044130040557023515,1.0000000000176033,0.05365895512604993,0.2500000000221807
2011-06-09,0.006849028683390453,0.0,1.3104655457808813e-05,0.006835924027932644,1.006168629926451,0.04952878150640769,0.0
2011-06-10,-0.014633454664066802,0.0,1.2862632657206898e-05,-0.014646317296724009,0.9949672163784573,0.05599503240235387,0.0
2011-06-13,-0.00034109266200524704,0.0,3.95866525231441e-05,-0.00038067931452839116,1.0052515884724142,0.04197637707590779,0.0
2011-06-14,0.00988849129460912,0.0,1.3054072067003368e-05,0.009875437222542116,0.9945984010326266,0.04165114014138088,0.0
2011-06-15,-0.0062069759687612535,5.123447639813104e-05,1.293538816263789e-05,-0.006271145833322022,1.0000000000085023,0.055716664135936234,0.2500000000130805
2011-06-16,0.001998111575524503,0.0,1.3164731263250213e-05,0.001984946844261253,1.0108475122274612,0.04982213001019567,0.0
2011-06-17,0.0073124280985565025,0.0,1.3019170333914759e-05,0.007299408928222588,1.0021170193045004,0.051717584928723026,0.0
2011-06-20,0.003315936926506861,0.0,3.8411344397898047e-05,0.003277525582108963,0.993278298246946,0.0586022512314269,0.0
2011-06-21,0.0008117447659617853,0.0,1.2731006652641041e-05,0.0007990137593091443,0.9910793983181134,0.061715912675317286,0.0
2011-06-22,0.000629653110286571,5.0871169369248506e-05,1.0909315082994507e-05,0.0005678726258343279,1.000000000004396,0.203619998945797,0.25000000000259814
2011-06-23,0.0018405740774738344,0.0,1.0840359063746014e-05,0.0018297337184100884,0.9954799417522101,0.20413373009875105,0.0
2011-06-24,-0.0007924557400565635,0.0,1.074890126832422e-05,-0.0008032046413248877,0.9902679069615814,0.20559811437391332,0.0
2011-06-27,0.001176610072113517,0.0,3.233342169774445e-05,0.0011442766504157725,0.991750219701951,0.2049702917235029,0.0
2011-06-28,-0.0022967940735150643,0.0,1.0729309590623254e-05,-0.0023075233831056875,0.9891508824386943,0.2059112823231967,0.0
2011-06-29,0.004660276580549102,5.043306032060824e-05,8.798817011318255e-06,0.004601044703217176,1.0000000000523934,0.3576863582261607,0.2500000000227733
2011-06-30,-0.00036406395529870307,0.0,8.694541350304916e-06,-0.000372758496649008,0.995388615920197,0.36068709734793836,0.0
2011-07-01,0.005496119511796873,0.0,8.734617728153143e-06,0.00548738489406872,0.9980844911052121,0.36045739695003276,0.0
2011-07-05,-9.327292511097029e-05,0.0,3.4505145426355985e-05,-0.00012777807053732627,0.9936752519272799,0.36395634789628306,0.0
2011-07-06,0.00516170934530206,0.0,8.688612401376135e-06,0.005153020732900684,0.9981782799349269,0.36390957463446894,0.0
2011-07-07,0.0038954985280600677,5.0667265770461195e-05,8.624699883020383e-06,0.003836206562406586,1.0000000000444065,0.3703969085839186,0.250000000027213
2011-07-08,0.0008890489184421089,0.0,8.53305149901391e-06,0.0008805158669430949,0.9957747907684935,0.372862031340478,0.0
2011-07-11,-0.004124096662721162,0.0,2.5699147838811582e-05,-0.004149795810559973,0.9987682067642298,0.37342227601981476,0.0
2011-07-12,0.0007121408520193331,0.0,8.712212689811966e-06,0.0007034286393295212,1.0068286038640089,0.37083707750773554,0.0
2011-07-13,-0.0006882073535727914,0.0,8.739911786661532e-06,-0.0006969472653594529,1.0093016041426557,0.37128804371636404,0.0
2011-07-14,-0.0023483389830466464,5.1952164079638683e-05,8.761736793912546e-06,-0.002409052883920198,1.0000000000425366,0.3603932140869207,0.2500000000343143
2011-07-15,-0.003417922848640121,0.0,8.781380222224078e-06,-0.0034267042288623453,0.999950263309346,0.35890950708698854,0.0
2011-07-18,0.0006567167284235161,0.0,2.687167612291501e-05,0.0006298450523006011,1.0105913897203829,0.35671393739611795,0.0
2011-07-19,0.0015191843565153839,0.0,8.941613376600332e-06,0.0015102427431387835,1.0098834841594404,0.3571457076676164,0.0
2011-07-20,0.0009409470622490419,0.0,8.910458717694773e-06,0.0009320366035313471,1.008587524186627,0.3581240377949084,0.0
2011-07-21,0.0025832469313055136,4.408924393929313e-06,8.822747124052888e-06,0.002570015259787531,0.9999999999873793,0.35593945993151865,0.021814496627241275
2011-07-22,0.0018154617842523163,0.0,8.672146361412596e-06,0.0018067896378909038,0.9906703443827886,0.35760365999966903,0.0
2011-07-25,0.0009282240549268732,0.0,2.602294358807513e-05,0.0009022011113387981,0.9919958588857614,0.35877089824259983,0.0
2011-07-26,0.0030453738030672877,0.0,8.636990522903313e-06,0.003036736812544384,0.9898752020408327,0.3593748938688909,0.0
2011-07-27,-0.0009553433682887207,0.0,8.57124254871365e-06,-0.0009639146108374343,0.9870237307976023,0.3613230247415057,0.0
2011-07-28,0.004367816556566918,1.3220801075644359e-05,8.016147294511306e-06,0.004346579608196762,1.0000000000165465,0.4148212475172211,0.06528461054606766
2011-07-29,0.009292486343108076,0.0,7.900676980038704e-06,0.009284585666128038,0.9941243303403677,0.41737491079754235,0.0
2011-08-01,-0.0006277440894670443,0.0,2.3192307040708967e-05,-0.0006509363965077532,0.9870885470198973,0.42274240902931254,0.0
2011-08-02,0.007919216631813263,0.0,7.779172506570551e-06,0.007911437459306692,0.9902692066925682,0.4223896137129181,0.0
2011-08-03,0.001977325215235709,0.0,7.67736029562685e-06,0.001969647854940082,0.987378492509035,0.4269311909282749,0.0
2011-08-04,0.009191487710024107,5.102994324771164e-05,1.0049600241112786e-05,0.009130408166535282,1.000000000000084,0.26637918239885056,0.25000000000015254
2011-08-05,-0.0019513515565505143,0.0,9.768991509352298e-06,-0.0019611205480598664,0.9862137425124808,0.273077362329763,0.0
2011-08-08,0.009969669673804278,0.0,2.9281598241930542e-05,0.009940388075562348,0.9841776569156286,0.2716587663619856,0.0
2011-08-09,0.003170243012671825,0.0,9.555586296201445e-06,0.0031606874263756237,0.9764142938881064,0.27885649426540104,0.0
2011-08-10,0.008938284062378794,0.0,9.555002091627223e-06,0.008928729060287167,0.9786533001590763,0.2811381474702888,0.0
2011-08-11,-0.01739180852725566,7.260184248361328e-06,9.996104894104632e-06,-0.017409064816398128,1.000000000024875,0.27028434275523683,0.03599889634087747
2011-08-12,0.004297285137348107,0.0,1.0378041889978782e-05,0.004286907095458129,1.014970218225346,0.2573731602568946,0.0
2011-08-15,0.002010387995192292,0.0,3.082485076698231e-05,0.0019795631444253095,1.0106248455088431,0.26055347684560715,0.0
2011-08-16,0.006949943473100151,0.0,1.0225128375568239e-05,0.006939718344724583,1.0084795013758372,0.2620451299593558,0.0
2011-08-17,0.001871095354804504,0.0,1.0044069048491867e-05,0.0018610512857560122,1.0003582293636506,0.2671411888237442,0.0
2011-08-18,0.007338163276216704,5.1681302295124834e-05,1.007172451765871e-05,0.00727641024940392,1.0000000000132367,0.26476411022415103,0.2500000000078725
2011-08-19,0.007924892223074038,0.0,9.878597152662792e-06,0.007915013625921376,0.9912742405674263,0.27013664842304264,0.0
2011-08-22,0.007848940570685628,0.0,2.9458619274808735e-05,0.00781948195141082,0.9927043651650524,0.2758779628113732,0.0
2011-08-23,-0.017888089866221746,0.0,9.70966804234548e-06,-0.01789779953426409,0.9903312867534187,0.28152551966219874,0.0
2011-08-24,-0.009952264536712165,0.0,1.0015822950950403e-05,-0.009962280359663116,0.9995970254231104,0.26844195000373067,0.0
2011-08-25,0.005326077688697267,4.767159859690636e-05,8.743868124229374e-06,0.0052696622219761315,0.9999999999798036,0.3616976269110591,0.22938085421381327
2011-08-26,0.007682716888876966,0.0,8.737225975885337e-06,0.00767397966290108,1.0029172484678164,0.36509975222818664,0.0
2011-08-29,-0.0034391395775202533,0.0,2.5988369327107216e-05,-0.0034651279468473606,1.0023271836177627,0.3699435299914872,0.0
2011-08-30,0.005547155375973339,0.0,8.612414363889692e-06,0.00553854296160945,0.9964850395447998,0.36777879098085253,0.0
2011-08-31,-0.007589812638470485,0.0,8.662399898184062e-06,-0.00759847503836867,1.0036248459983932,0.3712696534309565,0.0
2011-09-01,0.002401496613493259,3.7640659851706416e-05,8.762554729413389e-06,0.0023550933989121394,1.0000000000566864,0.360333504809509,0.1800064414576952
2011-09-02,0.019912933455869475,0.0,8.742803853549384e-06,0.019904190652015926,1.0001074150945888,0.3618827337854838,0.0
2011-09-06,-0.010138774850882198,0.0,3.354390497414483e-05,-0.010172318755856342,0.9865209059323077,0.37434464015416435,0.0
2011-09-07,-0.00784441827985983,0.0,8.61048887533479e-06,-0.007853028768735166,0.9965144452482959,0.3679487573488561,0.0
2011-09-08,0.004693451258096424,0.0,8.684597615516942e-06,0.004684766660480907,0.9969302581704416,0.36295463223770463,0.0
2011-09-09,0.0016237815539966857,5.1877570861018475e-05,1.0105816588669605e-05,0.0015617981665469976,0.9999999999673932,0.26227538899451164,0.2500000000184024
2011-09-12,-0.006272474278475139,0.0,3.0097562158594675e-05,-0.0063025718406337335,0.9958616685362471,0.26348765601044355,0.0
2011-09-13,-0.002173819579682823,0.0,1.0119110824657239e-05,-0.0021839386905074805,0.9975416711037957,0.2588465809038172,0.0
2011-09-14,-0.0018093463378079733,0.0,1.0229154006869313e-05,-0.0018195754918148427,1.0039627883027047,0.25723454580124483,0.0
2011-09-15,0.00112821130392565,0.0,1.025888699846542e-05,0.0011179524169271846,1.0047895630017152,0.25589081211373954,0.0
2011-09-16,0.004763605075678957,3.2676237391501397e-06,1.0160283028807813e-05,0.004750177168910998,1.0000000000323972,0.2582993389294267,0.01615171082957087
2011-09-19,-0.0003161001089196936,0.0,3.01298949753916e-05,-0.0003462300038950852,0.9949800338866794,0.2618192561521505,0.0
2011-09-20,0.00517975591176015,0.0,1.0021968746571632e-05,0.005169733943013579,0.9931974461402997,0.26159372764057065,0.0
2011-09-21,0.0009654850404999674,0.0,9.911813938388294e-06,0.0009555732265615791,0.9889638462798015,0.26540142877745576,0.0
2011-09-22,-0.0024242636097762064,0.0,9.839629405856268e-06,-0.0024341032391820626,0.9844055703469867,0.2661126237194794,0.0
2011-09-23,-0.014204951879390977,6.627633394924404e-06,9.951579566638596e-06,-0.01422153109235254,1.0000000000657734,0.27353469170115563,0.03266854342539102
2011-09-26,-0.007717234786214561,0.0,3.0177573398553393e-05,-0.007747412359613115,0.9973919651022998,0.2630710124041672,0.0
2011-09-27,0.0013581213113022534,0.0,1.0250652535236215e-05,0.0013478706587670172,1.0056451903204424,0.25734755524819886,0.0
2011-09-28,-0.0009911451451451792,0.0,1.0295136124166608e-05,-0.0010014402812693458,1.0099023812052315,0.25835744414106926,0.0
2011-09-29,0.0015854593250995458,0.0,1.0152756632763829e-05,0.001575306568466782,0.9987755285334707,0.2576242943417115,0.0
2011-09-30,0.005269220280448954,3.4762491617464006e-06,1.0077039362876333e-05,0.005255666991924331,1.0000000000392575,0.2643761265492851,0.01729987874355668
2011-10-03,0.00874507327210144,0.0,2.9638865339112713e-05,0.008715434406762326,0.9894479798122787,0.26823558989386964,0.0
2011-10-04,-0.005482122943244727,0.0,9.726583375647214e-06,-0.005491849526620374,0.9846281001236372,0.27458751370139056,0.0
2011-10-05,0.0034876397135546622,0.0,9.813173807290186e-06,0.003477826539747372,0.9869531261522255,0.27059143822004206,0.0
2011-10-06,-0.0010559928896423008,0.0,9.727398995688064e-06,-0.0010657202886379888,0.9832293087008321,0.2731291820156035,0.0
2011-10-07,0.00037445444734457824,5.114372104435488e-05,7.479154578381638e-06,0.0003158315717218417,1.0000000000577225,0.454021715835863,0.25000000003040185
2011-10-10,-0.005075372354363384,0.0,2.2111914636969246e-05,-0.0050974842690003535,0.9923092924376649,0.4542527029380799,0.0
2011-10-11,-0.0016705525328077249,0.0,7.529423747907707e-06,-0.0016780819565556325,1.0011266699372603,0.45147873633999774,0.0
2011-10-12,0.003264659297026234,0.0,7.571460317737985e-06,0.003257087836708496,1.0032808707697491,0.4505642675748761,0.0
2011-10-13,-0.0001358993397251042,0.0,7.406967560112612e-06,-0.0001433063072852168,0.9930641969512887,0.45235556506306807,0.0
2011-10-14,-0.011484150045364919,2.7690999681404542e-05,6.849315069375e-06,-0.011518690360115698,1.0000000000561122,0.49999999999173717,0.13610721030726722
2011-10-17,0.0063389456730161015,0.0,2.157108690772304e-05,0.006317374586108379,1.019104932540046,0.49420848445211835,0.0
2011-10-18,0.0010755233276977146,0.0,7.066156250078083e-06,0.0010684571714476366,1.0132345418184308,0.4974051355627305,0.0
2011-10-19,-0.00031672654259058073,0.0,6.999163457596325e-06,-0.00032372570604817703,1.0088875545186495,0.49794862211411783,0.0
2011-10-20,-0.0030727076655695097,0.0,6.959939351927391e-06,-0.003079667604921437,1.0058686166668542,0.4977930439761544,0.0
2011-10-21,-0.0029178078734997726,2.003823624727915e-06,6.8869150319926846e-06,-0.002926698612156493,1.000000000047053,0.4972552027115869,0.009945466428620098
2011-10-24,-0.0005694284269859943,0.0,2.0926785480255203e-05,-0.0005903552124662494,1.0050068647995125,0.4957884181133026,0.0
2011-10-25,0.008372742870782431,0.0,7.051266145349656e-06,0.008365691604637081,1.010253946104031,0.495511517493506,0.0
2011-10-26,0.0014153108426711559,0.0,7.059845132679659e-06,0.0014082509975384763,1.015072586398199,0.4997038917125841,0.0
2011-10-27,-0.010024744517985169,0.0,6.948963518880727e-06,-0.01003169348150405,1.0076888302241112,0.5004144933458182,0.0
2011-10-28,-0.002012569627398088,5.09952524755023e-05,7.136476506391007e-06,-0.002070701356379981,1.000000000048352,0.47903721508180863,0.2500000000228343
2011-10-31,0.013218432096848434,0.0,2.1877843381844553e-05,0.013196554253466589,1.0103753262920743,0.4780144706671903,0.0
2011-11-01,0.01743614433456062,0.0,7.145792144726762e-06,0.01742899854241589,1.006477581185774,0.48483475462072023,0.0
2011-11-02,-0.003166036111693132,0.0,6.82527488121296e-06,-0.003172861386574345,0.991911847671364,0.49366678134281783,0.0
2011-11-03,-0.0068121217659448865,0.0,6.872838560529682e-06,-0.006818994604505416,0.9937792046367689,0.49206198971810233,0.0
2011-11-04,0.0015791579836666684,1.4368872151748018e-05,7.099079869411282e-06,0.0015576900316455092,1.000000000024843,0.48176716955781923,0.071098121471849
2011-11-07,0.003909410864713764,0.0,2.128456450835608e-05,0.0038881263002054074,1.0005189977885798,0.48259459475191496,0.0
2011-11-08,-0.007586483597210141,0.0,7.007545582008423e-06,-0.00759349114279215,0.996170570335474,0.4846197428488592,0.0
2011-11-09,0.013596152960902583,0.0,7.1529911990333366e-06,0.01358899996970355,1.0028516813429487,0.480683323813515,0.0
2011-11-10,-0.004061120942314437,0.0,6.876671493570588e-06,-0.004067997613808007,0.9896497824181718,0.4876527633875187,0.0
2011-11-11,-0.0016435992212747786,5.127752853951573e-05,7.121686229623894e-06,-0.0017019984360439181,0.9999999999939081,0.4801169052313638,0.24999999999969458
2011-11-14,0.00995228615746648,0.0,2.13264243438316e-05,0.009930959733122649,0.9982320475990766,0.47928905523250764,0.0
2011-11-15,-0.0007532846453973626,0.0,6.8705531873255965e-06,-0.0007601551985846882,0.9859808644566692,0.48443048178190096,0.0
2011-11-16,0.00316061598297027,0.0,6.8694454145524345e-06,0.0031537465375557176,0.9855146618333468,0.4840451465710191,0.0
2011-11-17,-4.593526442750874e-05,0.0,6.7929042315983445e-06,-5.272816865910708e-05,0.9815560785451655,0.48567406963848636,0.0
2011-11-18,0.0013976310989222123,4.5597440247294306e-05,6.849315068493486e-06,0.0013451843436064247,1.0000000000001488,0.5000000000001243,0.22004061165279648
2011-11-21,-0.0001741441101724899,0.0,2.037531728942402e-05,-0.00019451942746191394,0.9965234523024253,0.5007240649264406,0.0
2011-11-22,0.00031851449203304006,0.0,6.809857638643528e-06,0.00031170463439439655,0.9977669140646556,0.5006473064436779,0.0
2011-11-23,0.0016061802783383574,0.0,6.86015259175709e-06,0.0015993201257466002,1.001600855424481,0.5008097162262136,0.0
2011-11-25,-0.003065782387365719,0.0,1.3714107645740257e-05,-0.003079496495011459,1.002178584759177,0.501613655689658,0.0
2011-11-28,0.003973991509181043,4.338914254714254e-05,2.055822820221931e-05,0.003910044138431681,1.0000000000368006,0.499749780449464,0.20430123331935304
2011-11-29,-0.005746471954822071,0.0,6.731624731271076e-06,-0.005753203579553342,0.9931704663181946,0.5017618609354061,0.0
2011-11-30,-0.0012599861627046538,0.0,6.877423982966336e-06,-0.0012668635866876202,1.0009375300376342,0.4988855792810915,0.0
2011-12-01,-0.0029686879868760442,0.0,6.839565031987976e-06,-0.0029755275519080322,0.9975450638711977,0.49825681653607534,0.0
2011-12-02,0.007222249679528208,0.0,6.9286109429312e-06,0.007215321068585277,1.0025548691072335,0.49676627027325587,0.0
2011-12-05,0.006500751306545612,1.468412121756059e-06,2.0818460971891128e-05,0.006478464433451964,0.9999999999802103,0.4934174496641928,0.007264965404682029
2011-12-06,-0.004143503206089397,0.0,6.73757456421395e-06,-0.004150240780653611,0.9885432886362844,0.49670034544866604,0.0
2011-12-07,0.005715150921095385,0.0,6.798442968805273e-06,0.00570835247812658,0.9908959278610058,0.49460959113822095,0.0
2011-12-08,0.0016117518863368403,0.0,6.656735181476877e-06,0.0016050951511553634,0.9834265910154172,0.49748492276760536,0.0
2011-12-09,2.350863668574664e-05,0.0,6.660530318893531e-06,1.684810636685311e-05,0.9845155740580978,0.49829686077887,0.0
2011-12-12,0.007269488985224309,5.388495317604763e-06,2.106291264905704e-05,0.007243037577257648,0.9999999999872945,0.48746912552690647,0.02632260834580391
2011-12-13,0.001093964227602604,0.0,6.8497829274139124e-06,0.0010871144446751903,0.9912151259739411,0.49118097227272556,0.0
2011-12-14,0.011452452228875509,0.0,6.893138643093042e-06,0.011445559090232416,0.9949394793994156,0.49174035845362346,0.0
2011-12-15,-0.0003208758405090075,0.0,6.61028750763877e-06,-0.00032748612801664626,0.9800496484255763,0.4974986603679461,0.0
2011-12-16,0.003854392497402067,0.0,6.598813171395594e-06,0.003847793684230671,0.9790540182052814,0.4973406566934029,0.0
2011-12-19,0.0027565834291328776,4.349639754346044e-06,2.0740770462667337e-05,0.0027314930189158643,1.000000000072047,0.49530791881380853,0.021257934724843053
2011-12-20,-0.006892381104747652,0.0,6.915399228457793e-06,-0.00689929650397611,1.0015318921729033,0.49670774849548455,0.0
2011-12-21,-0.0055053744428636125,0.0,7.010985984703697e-06,-0.005512385428848316,1.005020203057648,0.4932182261742784,0.0
2011-12-22,0.0013296801932077226,0.0,7.096239609002843e-06,0.0013225839535987197,1.0084417063858662,0.4904162149286583,0.0
2011-12-23,-0.00023067141187760367,0.0,7.091223389963021e-06,-0.0002377626352675667,1.0087556863987217,0.4910963789314211,0.0
2011-12-27,-0.002475514049412601,5.131243371306034e-05,3.287671233034527e-05,-0.0025597031954560064,1.0000000000004066,0.3999999999716053,0.2500000000002783
2011-12-28,0.0037258735364984097,0.0,8.301665732333073e-06,0.0037175718707660767,1.0045662403759505,0.3985446419156361,0.0
2011-12-29,0.0048391031498265305,0.0,8.233558824159153e-06,0.004830869591002371,1.0018303789872631,0.4007805848236451,0.0
2011-12-30,0.004007437266197321,0.0,8.062396462888125e-06,0.003999374869734433,0.9922245545074204,0.4036696127165873,0.0
2012-01-03,-0.003012406178820166,0.0,3.189650527531346e-05,-0.0030443026840954795,0.9881643127275199,0.4060530914530492,0.0
2012-01-04,-0.006870438484661971,1.3140611699486317e-05,8.219178082542184e-06,-0.006891798274443999,1.0000000000025544,0.3999999999769749,0.06493271314524157
2012-01-05,0.010976145743546753,0.0,8.421901687249668e-06,0.010967723841859504,1.01065655630368,0.3958577331344543,0.0
2012-01-06,-0.002964734880432073,0.0,8.053591216866075e-06,-0.0029727884716489387,0.990332403596268,0.4024202447650446,0.0
2012-01-09,-0.0002618044797173361,0.0,2.4630456392610827e-05,-0.0002864349361099469,0.9999876528752265,0.40064654732169624,0.0
2012-01-10,0.0027956147106652667,0.0,8.206146192375265e-06,0.0027874085644728915,0.9995481319225759,0.4004994598791814,0.0
2012-01-11,0.011392221814420213,1.6783265534867061e-06,8.219178082619586e-06,0.011382324309784106,1.000000000005793,0.39999999997456315,0.008300290382862924
2012-01-12,0.004482569208360308,0.0,7.924044863013988e-06,0.004474645163497294,0.9852175961328699,0.4067623211328487,0.0
2012-01-13,0.00822771202073682,0.0,7.757555887385336e-06,0.008219954464849435,0.9757144926100664,0.4094129128309367,0.0
2012-01-17,0.00840331310142972,0.0,3.008977467125989e-05,0.00837322332675846,0.9633740146116496,0.41423562686115656,0.0
2012-01-18,-0.0012411578490250472,0.0,7.279571457948085e-06,-0.0012484374204829952,0.950538191693589,0.41912947526337885,0.0
2012-01-19,0.004548588495918722,5.0688657185110665e-05,8.219178082896286e-06,0.004489680660650716,1.0000000000201328,0.39999999996870367,0.24797467772394868
2012-01-20,-0.004076104482475407,0.0,7.96199457043975e-06,-0.004084066477045847,0.9839660162649091,0.40274041262280735,0.0
2012-01-23,-0.015342266850919863,0.0,2.40917589097082e-05,-0.01536635860982957,0.9865319566424415,0.40029915650620873,0.0
2012-01-24,-0.0005485872264492725,0.0,8.535826098677436e-06,-0.00055712305254795,1.0140798969797216,0.3909645917762685,0.0
2012-01-25,-0.009650169529333782,0.0,8.577995554365582e-06,-0.009658747524888147,1.016827311021974,0.3906336355532867,0.0
2012-01-26,0.01231952914490008,8.362235316927613e-06,8.219178082118042e-06,0.012302947731501035,0.9999999999915695,0.39999999999695246,0.04046387259269485
2012-01-27,-0.004573105840184767,0.0,7.901528131303467e-06,-0.004581007368316071,0.9841199883435733,0.4073084347584201,0.0
2012-01-30,0.010542884325132843,0.0,2.4308415203067445e-05,0.010518575909929776,0.9960935229180674,0.4045887529767597,0.0
2012-01-31,0.012091793186217822,0.0,7.80285081046054e-06,0.012083990335407363,0.9804186050796238,0.4108104959160042,0.0
2012-02-01,0.0025341142406245225,0.0,7.471892254194991e-06,0.0025266423483703278,0.9633010925524094,0.417852957996175,0.0
2012-02-02,-0.010179885694375819,9.495043139196106e-06,8.239938710939277e-06,-0.010197620676225953,1.0000000000013325,0.39848447410276516,0.04560041477703723
2012-02-03,-0.004187281733218803,0.0,8.616905722395831e-06,-0.0041958986389411985,1.0213392854327916,0.3923051676978958,0.0
2012-02-06,-0.001433530005381418,0.0,2.5820415923350337e-05,-0.0014593504213047685,1.0180500385686841,0.38975325110049247,0.0
2012-02-07,0.0022560140711566892,0.0,8.735481621670498e-06,0.0022472785895350186,1.0265774022402219,0.3888872438582757,0.0
2012-02-08,0.003072093470742131,0.0,8.554876664697556e-06,0.0030635385940774337,1.014772217529667,0.3902662210067452,0.0
2012-02-09,-0.0026734548331926776,2.13615475741512e-06,8.240333062721182e-06,-0.002683831321012814,1.000000000030895,0.39845568645224877,0.010474839069940595
2012-02-10,0.004095420018264462,0.0,8.269591825648908e-06,0.0040871504264388125,1.0005275061124481,0.39684730284007785,0.0
2012-02-13,0.002266634820328008,0.0,2.465146038519186e-05,0.002241983359942816,0.9991628827484619,0.3993106800421265,0.0
2012-02-14,-0.0042312936047451625,0.0,8.154616430020366e-06,-0.004239448221175183,0.9959659986050261,0.4006789992135392,0.0
2012-02-15,0.005346856543828267,0.0,8.339197360394608e-06,0.005338517346467872,1.0068969880973608,0.39813558078855477,0.0
2012-02-16,-0.008809202724681893,8.889727122536289e-07,8.234460921112873e-06,-0.00881832615831526,1.0000000000737344,0.3988843528324947,0.004399810173389083
2012-02-17,-0.007761486423885035,0.0,8.482622599771976e-06,-0.007769969046484807,1.0127770130259985,0.39354556324264434,0.0
2012-02-21,-0.0008914966656627625,0.0,3.49712144266382e-05,-0.0009264678800894007,1.027029743543623,0.38880508025747595,0.0
2012-02-22,0.002965423420794226,0.0,8.706530950361815e-06,0.0029567168898438643,1.0238500657152447,0.3882733063388323,0.0
2012-02-23,0.004126404744974186,0.0,8.710008194413872e-06,0.004117694736779772,1.0259159559859694,0.3900853577937569,0.0
2012-02-24,0.0038390380845611965,5.109597169590844e-05,8.235550691104125e-06,0.0037797065621741842,1.0000000000232114,0.3988047995726103,0.2500000000170761
2012-02-27,0.005417496401109098,0.0,2.4352316322985783e-05,0.005393144084786112,0.9937007232108481,0.40112769268486065,0.0
2012-02-28,0.0038950937523997238,0.0,7.970524296706643e-06,0.003887123228103017,0.9862126673078526,0.4043643936482675,0.0
2012-02-29,-0.00403921188351685,0.0,7.850437985545223e-06,-0.004047062321502396,0.9797606502126863,0.4066786772678852,0.0
2012-03-01,0.0042802393481786724,0.0,7.95949597954131e-06,0.004272279852199131,0.9853188004144917,0.40427559390797607,0.0
2012-03-02,0.0005769433883408448,1.8787130909603316e-05,8.21917808218636e-06,0.0005499370793490552,0.9999999999991229,0.39999999999951846,0.09187436848115363
2012-03-05,0.005933491879613405,0.0,2.4616997838761064e-05,0.0059088748817746435,0.9993703864302925,0.40035677235377337,0.0
2012-03-06,0.0024402143417189726,0.0,7.945975769997997e-06,0.0024322683659489747,0.9839598793222524,0.4039036481123985,0.0
2012-03-07,0.0043818219792881,0.0,7.843750983198688e-06,0.004373978228304902,0.977951744974134,0.40535792320062963,0.0
2012-03-08,0.00013725647848314594,0.0,7.696382338177576e-06,0.00012956009614496837,0.9697912680158041,0.4079553573288411,0.0
2012-03-09,-0.0005067791107395267,6.123468970505209e-06,8.219178082494296e-06,-0.0005211217577925263,1.0000000000360023,0.4000000000139186,0.029899404946716057
2012-03-12,0.003151344992719315,0.0,2.472798947731683e-05,0.003126617003241998,1.0014159246734873,0.3997015140587777,0.0
2012-03-13,-0.006304392790704118,0.0,8.127184310576152e-06,-0.006312519975014695,0.9948816730321765,0.4015972183601176,0.0
2012-03-14,-0.001366404471419196,0.0,8.32301496458848e-06,-0.0013747274863837847,1.0053840634979743,0.39780397108301524,0.0
2012-03-15,-0.00019813489264304272,0.0,8.226662205790146e-06,-0.00020636155484883285,0.9975296515028291,0.3969833104801486,0.0
2012-03-16,-0.003921319111760949,5.0404584910043415e-05,8.219178081843038e-06,-0.0039799428747528355,0.999999999942972,0.39999999996843016,0.2500000000172099
2012-03-19,-0.001001104146588746,0.0,2.506173005030782e-05,-0.0010261658766390538,1.0074967815385747,0.3976613503144177,0.0
2012-03-20,0.0026721634990845974,0.0,8.384391609235626e-06,0.0026637791074753617,1.0091282909700725,0.3970677034958719,0.0
2012-03-21,0.0005261119324023403,0.0,8.28828197256937e-06,0.000517823650429771,1.0037224611926356,0.3986778771950716,0.0
2012-03-22,0.00534453401026102,0.0,8.306684492049128e-06,0.005336227325768971,1.005385346767833,0.3989973788482467,0.0
2012-03-23,0.0006348308444152931,5.064934607092498e-05,8.219178082182973e-06,0.0005759623202621851,0.9999999999990359,0.3999999999996789,0.24999999999978073
2012-03-26,0.008102758455993456,0.0,2.4652036708795438e-05,0.00807810641928466,1.000270439685161,0.4004042131044719,0.0
2012-03-27,0.0034511065171060886,0.0,8.054162110019255e-06,0.0034430523549960693,0.9931872866370682,0.4052334526056626,0.0
2012-03-28,0.0007110872262564731,0.0,7.98781314883875e-06,0.0007030994131076344,0.9903926248264746,0.4072822649612457,0.0
2012-03-29,0.009803847139801864,0.0,7.908158544501285e-06,0.009795938981257362,0.9850022675989297,0.4077066938503361,0.0
2012-03-30,-0.000670249849605163,5.128150619877479e-05,1.13573690900108e-05,-0.0007328887248939485,1.0000000000177467,0.17091205644695828,0.25000000001622946
2012-04-02,-2.6591882807520842e-05,0.0,3.409155168242212e-05,-6.068343448994296e-05,0.9999277573451982,0.17036666640626008,0.0
2012-04-03,-0.003798969323709273,0.0,1.1453767357216718e-05,-0.0038104230910664897,1.006475429048338,0.1703504119715178,0.0
2012-04-04,0.0002967050989753805,0.0,1.1531837684243784e-05,0.00028517326129113673,1.0090126525245664,0.16718850157476972,0.0
2012-04-05,0.0032274828711360585,0.0,1.1434607923839301e-05,0.0032160482632122194,1.0021638364280574,0.16743745798778845,0.0
2012-04-09,-0.0025868661701329153,1.5933306311122786e-06,4.5592407632725995e-05,-0.0026340519083967533,0.9999999999681544,0.16793856067090512,0.007845535216360666
2012-04-10,0.004272772558601825,0.0,1.1460224082077736e-05,0.004261312334519747,1.0023847477167924,0.16578838972511756,0.0
2012-04-11,0.004368012289591539,0.0,1.118159288630365e-05,0.004356830696705236,0.9855958342555982,0.16933955355543162,0.0
2012-04-12,0.0028752843103637803,0.0,1.1070885462025241e-05,0.0028642134249017553,0.9811286731266778,0.1729540343988354,0.0
2012-04-13,-0.0012412980036902877,0.0,1.1063963515563652e-05,-0.0012523619672058514,0.9829964809847528,0.1753271443486062,0.0
2012-04-16,-0.0014625633818371067,5.1567668384057766e-05,2.4678050073700408e-05,-0.0015388091002948648,1.00000000000902,0.3995007815489764,0.2500000000116984
2012-04-17,0.010468970026682383,0.0,8.256376144586005e-06,0.010460713650537797,1.0013671255349146,0.39865166698013615,0.0
2012-04-18,0.0012521472932299736,0.0,8.066438574776024e-06,0.0012440808546551976,0.9937352643210227,0.404885248362373,0.0
2012-04-19,-0.0005733116280058653,0.0,7.98211327973593e-06,-0.0005812937412856012,0.9883270251309257,0.4056327557102027,0.0
2012-04-20,-0.0005692907452474591,0.0,7.921517514140297e-06,-0.0005772122627615994,0.9835658180843042,0.40529503955206264,0.0
2012-04-23,-0.01031697147112858,2.8369206075671874e-06,2.4657534243854157e-05,-0.010344465925980002,0.9999999999354213,0.4000000000016367,0.013942860610964475
2012-04-24,0.003488631557166169,0.0,8.496449758681268e-06,0.0034801351074074875,1.0139970587813532,0.39375622639762065,0.0
2012-04-25,-7.185581565779677e-06,0.0,8.391398591026541e-06,-1.5576980156806218e-05,1.0084392838055565,0.39586718666061865,0.0
2012-04-26,0.007016646319093552,0.0,8.604893428052981e-06,0.007008041425665499,1.0240233877263563,0.3958661674784884,0.0
2012-04-27,-0.003910640253625976,0.0,8.428545434026024e-06,-0.003919068799060002,1.0153628599725744,0.4000790432886744,0.0
2012-04-30,-0.00896569428349963,5.476694297851354e-06,2.465753424625859e-05,-0.00899582851204374,0.9999999999885599,0.3999999999962675,0.026697775875996935
2012-05-01,-0.0036613713983020377,0.0,8.49351455195366e-06,-0.0036698649128539913,1.014610477237843,0.39458391494522593,0.0
2012-05-02,0.010544673732309972,0.0,8.671527474926897e-06,0.010536002204835046,1.025383966444506,0.39236246077484266,0.0
2012-05-03,-0.00890255396711271,0.0,8.319572972857305e-06,-0.008910873540085568,1.0060351904020461,0.39870636338346266,0.0
2012-05-04,-0.0026101054165685654,0.0,8.556760161830515e-06,-0.002618662176730396,1.0179520238209312,0.39330853200730376,0.0
2012-05-07,-0.0021661235384445366,4.17502698261313e-06,2.465753424665292e-05,-0.0021949560996738027,1.0000000000036273,0.40000000000173963,0.02054373810794541
2012-05-08,-0.007185313831059879,0.0,8.327364132435198e-06,-0.007193641195192314,1.0066066069380768,0.39870902527030716,0.0
2012-05-09,-0.0022621096195802252,0.0,8.564395780332872e-06,-0.002270674015360558,1.019561492062172,0.3943606000978721,0.0
2012-05-10,-0.0016012513193114917,0.0,8.582521528123706e-06,-0.0016098338408396153,1.0195149161303785,0.39299084457734834,0.0
2012-05-11,0.00018780314428213776,0.0,8.629372239107232e-06,0.00017917377204303053,1.0219648548721194,0.3920206814172914,0.0
2012-05-14,0.0012685452302067474,5.009220552056231e-06,2.4657534246291196e-05,0.0012388784754083998,0.9999999999888182,0.3999999999957322,0.024272991218932526
2012-05-15,-0.00876486956856371,0.0,8.058311610151524e-06,-0.00877292788017386,0.9890287849163504,0.40077203737528927,0.0
2012-05-16,-0.012831017143898829,0.0,8.308434384654776e-06,-0.012839325578283484,1.0019923660677992,0.3954766559880006,0.0
2012-05-17,-0.010952722852011071,0.0,8.67796193207466e-06,-0.010961400813943145,1.0211136707184059,0.3876224496769559,0.0
2012-05-18,-0.009796902797590965,0.0,8.81312356616718e-06,-0.009805715921157133,1.0242023343285964,0.38084431399839247,0.0
2012-05-21,0.013748207471376856,3.4865855303204874e-05,2.46575342477336e-05,0.013688684081825917,1.00000000006002,0.40000000003183583,0.1720347530536782
2012-05-22,-0.001401958800124066,0.0,7.961518701808002e-06,-0.001409920318825874,0.9893518854745803,0.40816102024259593,0.0
2012-05-23,0.0011754578068003535,0.0,7.99382105605229e-06,0.0011674639857443012,0.9908823061278288,0.4073333690360117,0.0
2012-05-24,0.003735421999058971,0.0,7.970670299284048e-06,0.003727451328759687,0.9898913954842374,0.4080324636365018,0.0
2012-05-25,0.0036585012146146518,0.0,7.819290219476224e-06,0.0036506819243951757,0.9810469267182074,0.4102387406964433,0.0
2012-05-29,0.012079820246200057,5.596386687710511e-06,3.287671232953809e-05,0.012041347147182808,1.000000000016428,0.4000000000023578,0.027213572669495235
2012-05-30,0.001157762614875245,0.0,7.924466137690925e-06,0.001149838148737554,0.9856628903507489,0.4071768622993113,0.0
2012-05-31,0.001354488598193524,0.0,7.788174508836313e-06,0.0013467004236846877,0.9764023845805562,0.4078656454355054,0.0
2012-06-01,-0.00034260105910097574,0.0,7.746368579249663e-06,-0.0003503474276802254,0.9741546845553807,0.40866977827015527,0.0
2012-06-04,-0.007110978489437445,0.0,2.2710477350556287e-05,-0.007133688966788001,0.9610918992544438,0.40847028372424093,0.0
2012-06-05,0.002998062210899661,5.366731700811578e-06,8.21917808245978e-06,0.00298447630111639,1.0000000000153044,0.39999999999574026,0.026230737774662095
2012-06-06,0.005085010974220874,0.0,8.190208823428484e-06,0.005076820765397446,0.9996841470133904,0.40179890290311104,0.0
2012-06-07,0.006732627622193228,0.0,8.190833343993873e-06,0.0067244367888492345,1.0027595053841396,0.404828671272587,0.0
2012-06-08,0.0024849116856282783,0.0,7.943689070149044e-06,0.0024769679965581295,0.9887015687700718,0.40881226664919157,0.0
2012-06-11,0.0012045634366695758,0.0,2.390391274836218e-05,0.0011806595239212136,0.9919428024892925,0.4102809256124795,0.0
2012-06-12,0.002837371443718784,3.8228914673681455e-05,8.219178082748907e-06,0.0027909233509623536,1.0000000000276859,0.3999999999870156,0.1867172289999315
2012-06-13,0.0010616813844773344,0.0,8.204317396086647e-06,0.0010534770670812478,1.0006313821877653,0.40171621227344007,0.0
2012-06-14,-0.018776262039879952,0.0,8.134139214833065e-06,-0.018784396179094786,0.9961461856047351,0.40235402292192146,0.0
2012-06-15,0.008891142297038359,0.0,8.902062775539467e-06,0.008882240234262819,1.0407715579722632,0.39092097535788195,0.0
2012-06-18,-0.01035236094077436,0.0,2.6115320627432824e-05,-0.010378476261401792,1.0317649574607781,0.3962921555265794,0.0
2012-06-19,0.0032321024932200136,5.1246676213786934e-05,8.219178083373664e-06,0.003172636638922853,1.000000000045125,0.3999999999588476,0.25000000004333317
2012-06-20,0.0018685358477446422,0.0,8.147241890271536e-06,0.0018603886058543707,0.9967054974457662,0.4019568394559442,0.0
2012-06-21,-0.008090186914001193,0.0,8.07410047674096e-06,-0.008098261014477935,0.9924848330415552,0.40307549823946504,0.0
2012-06-22,-0.002279948395997239,0.0,8.187773061969572e-06,-0.0022881361690592085,0.99591755434627,0.39821012082249113,0.0
2012-06-25,-0.006980362225060445,0.0,2.483580091900903e-05,-0.007005198025979454,1.0011760146099926,0.39683819224743944,0.0
2012-06-26,-0.007736968460909962,5.059834833048976e-05,8.219178083936781e-06,-0.007795785987324389,1.0000000000386682,0.39999999991128316,0.25000000004210765
2012-06-27,0.0009205105224304322,0.0,8.500557701848107e-06,0.0009120099647285841,1.0158857691400642,0.39534505690515237,0.0
2012-06-28,0.0031650294415615813,0.0,8.50825016181235e-06,0.003156521191399769,1.0170067603920985,0.3959044985797973,0.0
2012-06-29,-0.003046372774383507,0.0,8.457849491698648e-06,-0.0030548306238752055,1.015236833161454,0.3978138202674529,0.0
2012-07-02,0.002840819957626834,0.0,2.5938330965221983e-05,0.002814881626661612,1.0271431439223524,0.39597709043528406,0.0
2012-07-03,-0.005149793147435894,5.106743311963943e-05,8.219178083720016e-06,-0.005209079758639253,0.9999999999863489,0.39999999987478774,0.25000000000865996
2012-07-05,-0.004437944336261727,0.0,1.676908927177935e-05,-0.004454713425533506,1.0089895415371781,0.3969177831172318,0.0
2012-07-06,0.012731537081086517,0.0,8.583565773309525e-06,0.012722953515313207,1.0208363488457215,0.394236047394126,0.0
2012-07-09,-0.006423197675847829,0.0,2.461616501498892e-05,-0.006447813840862818,1.0008481531759983,0.4018548044779346,0.0
2012-07-10,0.008510889436405657,0.0,8.496649683652514e-06,0.008502392786722004,1.0182532495783765,0.39799782267174266,0.0
2012-07-11,-0.0051407166559695305,3.344393091038228e-05,1.0240413338010822e-05,-0.005184401000217923,0.9999999999931883,0.2524498263183986,0.1591105564341693
2012-07-12,0.0010526286685122704,0.0,1.0439657192699392e-05,0.001042189011319571,1.0106929161438551,0.2485979410767997,0.0
2012-07-13,-0.0026481076689720447,0.0,1.0467934623859002e-05,-0.0026585756035959036,1.0135498850842024,0.24939065754249534,0.0
2012-07-16,0.0029345813749984706,0.0,3.167351268005099e-05,0.0029029078623184195,1.0181224241094187,0.24740028222817786,0.0
2012-07-17,-0.0008724963773124714,0.0,1.0491989030660023e-05,-0.0008829883663431314,1.0155254672318836,0.24961026799370198,0.0
2012-07-18,-0.00364612346183664,5.463107777502298e-05,1.0236355534172896e-05,-0.0037109908951458354,0.9999999999504079,0.2527460459557865,0.2500000000513674
2012-07-19,-0.004765442800120668,0.0,1.0405084425453183e-05,-0.004775847884546121,1.0095989363422233,0.2500277732841409,0.0
2012-07-20,0.001939388623340622,0.0,1.058070523391748e-05,0.0019288079181067044,1.0188307691076355,0.24643928703165938,0.0
2012-07-23,0.007263221605163782,0.0,3.1770769064437665e-05,0.007231450836099345,1.0209892370643368,0.24790052316302047,0.0
2012-07-24,0.004525969945444002,0.0,1.0330040037734251e-05,0.004515639905406267,1.0074247111497836,0.25333178839518333,0.0
2012-07-25,-0.0028555135781076924,5.2795405087701506e-05,1.0958904110746629e-05,-0.0029192678873061406,1.0000000000570208,0.19999999997251677,0.25000000003934575
2012-07-26,-0.0027752414484974322,0.0,1.1085790061495975e-05,-0.002786327238558928,1.006984363460854,0.19772168897164794,0.0
2012-07-27,-0.009311651120012282,0.0,1.1143009989574578e-05,-0.009322794130001857,1.0089308790777878,0.19549114983884364,0.0
2012-07-30,-0.0011098289537123931,0.0,3.40963040525811e-05,-0.0011439252577649741,1.0176082777772881,0.1879315458311483,0.0
2012-07-31,0.006619517095229311,0.0,1.1475061195381198e-05,0.006608042034033929,1.0247151389692313,0.18703567170640384,0.0
2012-08-01,8.567103923762826e-05,3.3526482568788176e-05,1.0958904109647772e-05,4.118565255919231e-05,1.000000000012441,0.2000000000081536,0.15851474482131717
2012-08-02,0.005560188062988976,0.0,1.0917676361678091e-05,0.005549270386627297,0.9970678051303449,0.2000774307278443,0.0
2012-08-03,-0.01438232203529112,0.0,1.0740752977417738e-05,-0.014393062788268537,0.9885777449347026,0.20450277758320776,0.0
2012-08-06,-0.002350897342537704,0.0,3.357395663243429e-05,-0.0023844712991701383,1.0098631098149842,0.19289683175908318,0.0
2012-08-07,-0.007410717843829971,0.0,1.1295136326447284e-05,-0.007422012980156418,1.015546323536131,0.1910013717054794,0.0
2012-08-08,-0.0018279432320049004,5.244946181964762e-06,1.0958904110551183e-05,-0.0018441470822974163,1.0000000000542129,0.19999999998397683,0.02570314783056444
2012-08-09,-0.0023989024914257986,0.0,1.0977782267067741e-05,-0.002409880273692866,0.9999162958724243,0.19853819037647924,0.0
2012-08-10,0.0028915178114651847,0.0,1.1053584462416133e-05,0.0028804642270027687,1.0035247676772998,0.19661310192092227,0.0
2012-08-13,0.002721527082936977,0.0,3.296891199364465e-05,0.002688558170943332,1.001175129541088,0.1989316043624012,0.0
2012-08-14,-0.005269913735081033,0.0,1.0862324721969835e-05,-0.005280776059803003,0.9940621336849206,0.20111242898112272,0.0
2012-08-15,-0.006793899379372196,1.0719934894628462e-06,1.0958904109115916e-05,-0.006805930276970774,0.9999999999808311,0.20000000001536922,0.005341758231066918
2012-08-16,-0.006409335668944923,0.0,1.109228191928047e-05,-0.006420427950864204,1.0042666387594317,0.19453005865195724,0.0
2012-08-17,0.0006627389914051985,0.0,1.1273325966747064e-05,0.0006514656654384514,1.012289138906403,0.18933634333386745,0.0
2012-08-20,-0.0036051217972256164,0.0,3.38515561707206e-05,-0.003638973353396337,1.013596585185414,0.18987538503121293,0.0
2012-08-21,-0.0030364213083047377,0.0,1.144443524849688e-05,-0.0030478657435532345,1.0223943445219197,0.18695057138164736,0.0
2012-08-22,0.0007343278900963964,5.250311638732371e-05,1.0958904110152068e-05,0.0006708658695989207,1.0000000000489035,0.20000000000780266,0.2500000000431135
2012-08-23,-0.001208561245070082,0.0,1.1088113415708136e-05,-0.00121964935848579,1.0100320317172775,0.2005997523705837,0.0
2012-08-24,-0.0005026676239370183,0.0,1.118206331769054e-05,-0.0005138496872547088,1.0159252976207418,0.1996346754293326,0.0
2012-08-27,0.0027321568349283577,0.0,3.359831079394738e-05,0.00269855852413441,1.016793280317528,0.19923438433147472,0.0
2012-08-28,-0.0007595854216366359,0.0,1.1148496322859783e-05,-0.0007707339179594956,1.015263221010054,0.20142298944128967,0.0
2012-08-29,0.0013952958341022924,1.3821758511117657e-05,1.0288481612415391e-05,0.0013711855939787594,0.9999999999776957,0.2489408422713723,0.06780406176742455
2012-08-30,0.0029602758511956813,0.0,1.0194142988918335e-05,0.002950081708206763,0.9941657890152721,0.2499933508242338,0.0
2012-08-31,-0.006411054877217148,0.0,1.0110021744197636e-05,-0.0064211648989613455,0.9902411751103013,0.252209587783874,0.0
2012-09-04,-0.002884553724657829,0.0,4.194515218800957e-05,-0.0029264988768458386,1.012886073353566,0.24738704592239136,0.0
2012-09-05,-8.26265545292044e-05,0.0,1.0567296175153473e-05,-9.319385070435788e-05,1.016632749414949,0.24522012862874554,0.0
2012-09-06,-0.003404779318831359,5.0801467210033374e-05,1.0351742535951354e-05,-0.0034659325285773435,0.9999999999772547,0.24432279485280586,0.2500000000176614
2012-09-07,-0.008128104415228187,0.0,1.0421584278226872e-05,-0.008138525999506414,1.0025315775698689,0.241755925259307,0.0
2012-09-10,0.002886172982976706,0.0,3.228595718550148e-05,0.0028538870257912045,1.0211697665717554,0.23554480839121947,0.0
2012-09-11,-0.0013583657415331557,0.0,1.066027742886292e-05,-0.0013690260189620186,1.0159527150125243,0.2377524627055309,0.0
2012-09-12,-0.0005353012328803657,0.0,1.0725584369673048e-05,-0.0005460268172500387,1.0196858292844295,0.23671817029829723,0.0
2012-09-13,-0.006915613851078001,5.109699603870573e-05,1.1418032627212482e-05,-0.006978128879743919,1.0000000000327511,0.16648361824623986,0.25000000001818906
2012-09-14,-0.0019404460739682646,0.0,1.1803704277784964e-05,-0.0019522497782460495,1.02235972742415,0.1606893151458475,0.0
2012-09-17,0.007815401894100155,0.0,3.560147855933695e-05,0.007779800415540818,1.025362037679942,0.15905939273607614,0.0
2012-09-18,-0.00425482502122955,0.0,1.156645815159714e-05,-0.004266391479381147,1.009938009275725,0.1655865642091341,0.0
2012-09-19,0.005282845745236183,0.0,1.1724802639338478e-05,0.005271120942596845,1.0179335853751472,0.1620229927034384,0.0
2012-09-20,-0.0036097591003253814,5.323994315738765e-05,1.4574524262953245e-05,-0.0036775735677457224,1.0000000000076446,-0.06394027118794227,0.25000000000760125
2012-09-21,-0.00326872416591882,0.0,1.4670058188626657e-05,-0.003283394224107447,1.0031148803198349,-0.06779936744991141,0.0
2012-09-24,0.0053142991579022,0.0,4.4442999079304346e-05,0.005269856158822896,1.0101441060662941,-0.07130220486344506,0.0
2012-09-25,-0.002209159817027726,0.0,1.458740622020693e-05,-0.002223747223247933,0.9992386721721717,-0.06564198190293423,0.0
2012-09-26,-0.0019532430221831146,0.0,1.4627380046540595e-05,-0.0019678704022296554,0.9997963816143117,-0.06800236178315155,0.0
2012-09-27,-0.008308633026864963,5.1651338404711355e-05,1.4110082407890557e-05,-0.008374394447677565,0.9999999999493301,-0.03003601582668062,0.25000000000613914
2012-09-28,-0.0016638268113356165,0.0,1.4519683561498332e-05,-0.0016783464948971149,1.0212684260826483,-0.038668473906730255,0.0
2012-10-01,-0.00942660275771204,0.0,4.371607333382612e-05,-0.009470318831045866,1.0233576783619127,-0.04040010609452312,0.0
2012-10-02,0.0008836951910160615,0.0,1.4947040895028938e-05,0.0008687481501210325,1.0408308901351258,-0.05030309520198642,0.0
2012-10-03,0.006559728389888726,0.0,1.4957487937344574e-05,0.006544770901951382,1.0425201151619226,-0.04937650426423139,0.0
2012-10-04,-0.0011832842695961867,5.2041486696419533e-05,1.4092174813446203e-05,-0.0012494179311060523,1.0000000000195841,-0.028728761361988764,0.25000000001980033
2012-10-05,0.0028338454619628206,0.0,1.4156477760157258e-05,0.0028196889842026633,1.0034734114612591,-0.029949465030220834,0.0
2012-10-08,0.00018614467676124016,0.0,4.210104025258156e-05,0.0001440436365086586,0.9974192692111763,-0.02703937693497474,0.0
2012-10-09,-0.005044077790399046,0.0,1.4025028705360914e-05,-0.005058102819104407,0.9969777307132737,-0.026849364778072926,0.0
2012-10-10,0.0014677283113362298,0.0,1.4210310002827997e-05,0.0014535180013334017,1.0052970472032152,-0.032055583003228624,0.0
2012-10-11,-0.005971298114010103,5.0435748867959784e-05,1.1002170736976634e-05,-0.00603273603361504,1.0000000000098521,0.1968415362105578,0.25000000001154093
2012-10-12,0.002022295816466537,0.0,1.126724899930561e-05,0.0020110285674672314,1.0145378734829236,0.1920286965336142,0.0
2012-10-15,0.009210044553411019,0.0,3.352708377635165e-05,0.009176517469634667,1.0094872386984024,0.1936615334738453,0.0
2012-10-16,0.0037759873466075983,0.0,1.0907927858992188e-05,0.0037650794187486063,0.9973055853180066,0.20102685161157702,0.0
2012-10-17,-0.0005275766093444455,0.0,1.0828504449111069e-05,-0.0005384051137935567,0.99451545714827,0.20403463236316208,0.0
2012-10-18,-0.0037404280031291632,2.5858815484194246e-05,9.99925955843486e-06,-0.003776286078171792,1.000000000040088,0.2700540522743431,0.12748448395131362
2012-10-19,-0.00417246363090088,0.0,1.01615460890859e-05,-0.004182625176989966,1.0091159773238025,0.2673231128205318,0.0
2012-10-22,0.005668143298971222,0.0,3.061560710883002e-05,0.005637527691862393,1.0092357056884704,0.26425593270694003,0.0
2012-10-23,-0.005737351657341109,0.0,9.962924231248832e-06,-0.005747314581572358,0.9957043709936192,0.26841090211245444,0.0
2012-10-24,0.002710145760534849,0.0,1.0074060608146301e-05,0.0027000716999267026,0.9995983690657354,0.2641919446710552,0.0
2012-10-25,-0.000653088716890247,5.20222636678451e-05,1.232876712413407e-05,-0.0007174397476822262,1.0000000000550058,0.09999999999321879,0.25000000004854606
2012-10-26,0.0021474002905903216,0.0,1.2357169220028544e-05,0.0021350431213702933,1.0014915909339057,0.09941823787182222,0.0
2012-10-31,0.0022659151018443696,0.0,6.140178495438592e-05,0.002204513316889984,0.9978153134706816,0.10134925313664728,0.0
2012-11-01,0.0005592516222287234,0.0,1.2216894343868971e-05,0.0005470347278848544,0.9952205367722327,0.10338724966979784,0.0
2012-11-02,0.005620392316087542,0.0,1.2233603167573413e-05,0.005608158712919968,0.9969427012675083,0.10388967003464913,0.0
2012-11-05,-0.000882686460486693,5.125948500222871e-05,3.201838324780822e-05,-0.0009659643287367299,1.0000000000032179,0.22088600763988478,0.2500000000020204
2012-11-06,-0.0037150574013895604,0.0,1.0740684239909819e-05,-0.0037257980856294703,1.0042859915340223,0.2202160420206056,0.0
2012-11-07,-0.0008890757680578832,0.0,1.0929917413482455e-05,-0.0009000056854713656,1.0151946113706287,0.21731064018640947,0.0
2012-11-08,-0.005955275989637869,0.0,1.0744439354948508e-05,-0.005966020428992818,1.0009605934296264,0.21661652051838529,0.0
2012-11-09,-8.222451448503161e-05,0.0,1.0842290091065034e-05,-9.306680457609664e-05,1.0034127736174425,0.21192559696969512,0.0
2012-11-12,-0.0006557480622034013,5.060184055675173e-05,3.2026255300308124e-05,-0.0007383761580604612,1.0000000000076228,0.2206944543667919,0.25000000000619854
2012-11-13,-0.0048430872052185395,0.0,1.0712292596436585e-05,-0.004853799497814976,1.0021986572326496,0.220201297692779,0.0
2012-11-14,-0.00525155845982925,0.0,1.0865750664438279e-05,-0.005262424210493688,1.0096084130159957,0.21640861451200163,0.0
2012-11-15,0.0019642034773075913,0.0,1.0974515633132116e-05,0.0019532289616744592,1.0134137738054028,0.21227413258675834,0.0
2012-11-16,-0.0032124591056192525,0.0,1.087448606832802e-05,-0.0032233335916875805,1.0076581782773668,0.21382069528942121,0.0
2012-11-19,0.003432235241719676,1.6166951126150357e-05,3.5240903297086505e-05,0.003380827387296439,0.9999999999815956,0.14247135308582398,0.07889269164662302
2012-11-20,0.00018246855732892116,0.0,1.1753741131754943e-05,0.00017071481619716623,1.003435078156314,0.14541197553820323,0.0
2012-11-21,-0.00280504455475354,0.0,1.172658538485005e-05,-0.00281677114013839,1.0016103263032372,0.14556959320918353,0.0
2012-11-23,0.0028438974966921923,0.0,2.367644612508425e-05,0.002820221050567108,1.0073581032025551,0.14316781963697983,0.0
2012-11-26,0.004407599503468774,0.0,3.5390111964949375e-05,0.004372209391503825,1.0067604810221225,0.14560108987502102,0.0
2012-11-27,-5.236227273171777e-05,1.5306504252408137e-06,1.1735284628038488e-05,-6.562820778499707e-05,1.0000000000219504,0.14332422217514065,0.007623046838952041
2012-11-28,0.004362357886390648,0.0,1.1722869881079499e-05,0.004350635016509569,0.9990507645137249,0.14328126319492157,0.0
2012-11-29,0.004007026861177459,0.0,1.1593965150250921e-05,0.0039954328960272074,0.9933635160383197,0.1470040600700027,0.0
2012-11-30,0.00082930174880178,0.0,1.1484598266071505e-05,0.0008178171505357084,0.9887858067597712,0.15041013333655134,0.0
2012-12-03,0.0003281856561267075,0.0,3.439305242393265e-05,0.0002937926037027748,0.9880134589339058,0.15111584995154484,0.0
2012-12-04,0.0006400941123400308,5.260503986225375e-05,1.1764367404802523e-05,0.0005757247050729746,1.0000000000040417,0.1412011794534577,0.25000000000192163
2012-12-05,0.0015686241797878058,0.0,1.1739088679733784e-05,0.0015568850911080719,0.9987131326484788,0.14175965902791257,0.0
2012-12-06,0.002472006383106287,0.0,1.1706114314870022e-05,0.002460300268791417,0.9976518293980745,0.14310548441256266,0.0
2012-12-07,0.00123077572923867,0.0,1.1637169449542389e-05,0.0012191385597891276,0.9947335753016744,0.14522020548508005,0.0
2012-12-10,0.0007739902357121152,0.0,3.4745242199735155e-05,0.00073924499351238,0.9917402147744317,0.14627265458087643,0.0
2012-12-11,-0.0008297321185214486,5.067613139706032e-05,1.0983090912447195e-05,-0.0008913913408309561,1.00000000000833,0.19823436339968487,0.2500000000135456
2012-12-12,-0.0013237152479445345,0.0,1.1020272125735638e-05,-0.0013347355200702701,1.0020606182322518,0.19758075305355022,0.0
2012-12-13,-0.0005331535940190261,0.0,1.1060512677173425e-05,-0.0005442141066961995,1.0039367645816069,0.19651933914794711,0.0
2012-12-14,7.802033825940534e-05,0.0,1.1023493142758905e-05,6.699684511664643e-05,1.0008079014988618,0.19609290207746172,0.0
2012-12-17,-0.0008024866810712833,0.0,3.302898537240839e-05,-0.0008355156664436917,0.9998630911918889,0.19615778046328497,0.0
2012-12-18,-0.0025488333056705456,5.061058413705289e-05,1.0804212720791899e-05,-0.0026102481025283906,0.9999999999849577,0.211292471367149,0.24999999999873798
2012-12-19,-0.0013579989361897503,0.0,1.0880380799357481e-05,-0.0013688793169891079,1.0035577350747806,0.20928993672168453,0.0
2012-12-20,0.0009070079599458011,0.0,1.0944994458484755e-05,0.0008960629654873163,1.0072015571471689,0.20821696167778173,0.0
2012-12-21,0.002231979830585539,0.0,1.0938735250233902e-05,0.002221041095335305,1.007464422421756,0.2089367491546808,0.0
2012-12-24,-0.0003005384459623359,0.0,3.2581154433033336e-05,-0.0003331196003953692,1.0035088451557324,0.210700753951921,0.0
2012-12-26,-0.001939280385919863,2.3544990672156248e-05,2.4749815308648248e-05,-0.0019875751919006678,1.0000000000286897,0.09663174126302868,0.11705545521932596
2012-12-27,0.001213979538157588,0.0,1.2479561507968584e-05,0.0012014999766496194,1.0058890341682238,0.09488104408651682,0.0
2012-12-28,0.0021034386108704337,0.0,1.2463317542072199e-05,0.0020909752933283613,1.005801884583815,0.09597970401254455,0.0
2012-12-31,-0.006419883339777596,0.0,3.714850115051494e-05,-0.006457031840928111,1.0018253424668047,0.0978784811376078,0.0
2013-01-02,-0.005728362099372284,0.0,2.519362253745885e-05,-0.0057535557219097425,1.0116202094823183,0.09205298686507041,0.0
2013-01-03,-0.001584039147952259,5.2586799135783305e-05,1.235461319372672e-05,-0.0016489805602817689,0.9999999999686531,0.09811323682660247,0.2500000000255389
2013-01-04,-0.0034368914402920676,0.0,1.2341285924254661e-05,-0.0034492327262163223,0.9976025078293472,0.09668863535875691,0.0
2013-01-07,0.0013483136858726942,0.0,3.743594000607113e-05,0.001310877745866623,1.004515710974952,0.0935745041605549,0.0
2013-01-08,0.001595036288736646,0.0,1.2451192451681505e-05,0.0015825850962849644,1.0037355975115576,0.09479854853880759,0.0
2013-01-09,0.003995609952307738,0.0,1.2400942212875609e-05,0.003983209010094862,1.0015100563602854,0.0962412748203661,0.0
2013-01-10,-0.0018520730392996927,5.115928675172933e-05,1.2767886732098647e-05,-0.0019160002127835208,0.9999999999847509,0.06794426854154975,0.24999999999856234
2013-01-11,-0.004854753737045816,0.0,1.2877966453909584e-05,-0.004867631703499725,1.0063106223922682,0.06621907125686863,0.0
2013-01-14,-0.00330608252987819,0.0,3.929469022434098e-05,-0.003345377220102531,1.0178352729443745,0.06166447748541046,0.0
2013-01-15,-0.0023612244667893965,0.0,1.322331174038937e-05,-0.002374447778529786,1.0238560381621338,0.05855428111370961,0.0
2013-01-16,-0.0019512664179651236,0.0,1.331615203997403e-05,-0.0019645825700050977,1.028405900614183,0.05632680169607915,0.0
2013-01-17,-0.0024256683739127156,3.2220991105874e-05,1.237547732663892e-05,-0.0024702648423452285,0.9999999999926124,0.09659015514797115,0.15892422193151742
2013-01-18,-0.004504032190231638,0.0,1.2509302010618033e-05,-0.004516541492242256,1.007576720804529,0.09439767402941249,0.0
2013-01-22,0.0002694162782572093,0.0,5.0800034185118916e-05,0.00021861624407209037,1.0174021161542763,0.09030149227585613,0.0
2013-01-23,0.0013946930404392238,0.0,1.2694190546679578e-05,0.0013819988498925443,1.0172270225175872,0.09055111260997797,0.0
2013-01-24,0.0038124970177900058,0.0,1.26349758979724e-05,0.0037998620418920334,1.014172152571593,0.09181891201960765,0.0
2013-01-25,0.0014114213767405146,5.2602196851295e-05,1.5068493151454069e-05,0.0013437506867377655,1.0000000000606661,-0.09999999999548063,0.250000000033592
2013-01-28,0.004908012473793787,0.0,4.510174887958074e-05,0.004862910724914207,0.99901961147547,-0.09845627792766114,0.0
2013-01-29,0.0011980494912013772,0.0,1.480153109757734e-05,0.0011832479601037997,0.9874162200183252,-0.09309555010482072,0.0
2013-01-30,-0.005264345540101925,0.0,1.4763187852904623e-05,-0.0052791087279548295,0.9859238216671578,-0.09178889159487959,0.0
2013-01-31,-1.6599981950527734e-05,0.0,1.4947755936119317e-05,-3.154773788664705e-05,0.9936178724803146,-0.09756831085639538,0.0
2013-02-01,0.00463218569232753,5.1848855985385386e-05,1.2364687441302099e-05,0.004567972148900843,1.000000000026172,0.09737781681111876,0.25000000002825074
2013-02-04,-0.005553090053946441,0.0,3.670734827564229e-05,-0.005589797402222083,0.9947582839264009,0.10154614255243843,0.0
2013-02-05,-0.002962031844215365,0.0,1.2342574802243849e-05,-0.002974374419017609,0.9975406110210483,0.09653265045724735,0.0
2013-02-06,-1.3529832007205995e-05,0.0,1.2483888564983456e-05,-2.601372057218945e-05,1.0051736281909653,0.09384976294717295,0.0
2013-02-07,0.004085895802166562,0.0,1.2485175364754285e-05,0.004073410626801808,1.0052564758352782,0.09383867420821543,0.0
2013-02-08,0.004492108219075457,5.285093983668419e-06,1.2328767123723229e-05,0.004474494357968066,1.000000000021833,0.09999999999003734,0.026010130017870087
2013-02-11,-0.0002751543266742313,0.0,3.662221916730503e-05,-0.0003117765458415363,0.9951673079926702,0.1040266415882479,0.0
2013-02-12,0.003789169507946499,0.0,1.2210736054314034e-05,0.0037769587718921847,0.9951675765950913,0.10378384463016654,0.0
2013-02-13,-0.0011667130885336433,0.0,1.2099398974127714e-05,-0.001178812487507771,0.9904243692098202,0.10716824409849704,0.0
2013-02-14,0.005418634381621413,0.0,1.216608287534902e-05,0.005406468298746064,0.9942506843123435,0.10612663441186529,0.0
2013-02-15,-6.754836143420007e-05,5.087840992719388e-05,1.19792814518925e-05,-0.00013040605281328644,0.9999999999938131,0.1255124540056606,0.25000000000186173
2013-02-19,-0.0005685848352187824,0.0,4.7855926038332884e-05,-0.0006164407612571153,0.9988319167523536,0.12546126655277842,0.0
2013-02-20,-0.005263758862686142,0.0,1.2073745208999255e-05,-0.005275832607895141,1.0063531184026933,0.12496971814574756,0.0
2013-02-21,-0.0025239773155221958,0.0,1.2190365926607961e-05,-0.002536167681448804,1.0102375701455197,0.12034085750313858,0.0
2013-02-22,0.0022731341567724735,0.0,1.2169189225904582e-05,0.0022609649675465688,1.00646725678478,0.11811644329374565,0.0
2013-02-25,-0.013521697982006592,1.1628034467816474e-05,3.67957890745948e-05,-0.013570121805549003,0.9999999999917899,0.10463579917664981,0.057742139806763015
2013-02-26,0.0038029732035698227,0.0,1.2580104253086749e-05,0.003790393099316736,1.0107151504381502,0.09236753996281757,0.0
2013-02-27,0.006136771576099887,0.0,1.2525099108576175e-05,0.00612424647699131,1.0101396005150562,0.09580736558899522,0.0
2013-02-28,-0.005394831152031932,0.0,1.2399895506609978e-05,-0.005407231047538542,1.0065159784079365,0.10132360642540825,0.0
2013-03-01,0.0018997510522885217,0.0,1.2593367235079792e-05,0.001887157685053442,1.0157661125144464,0.09645030435362162,0.0
2013-03-04,0.0006896194068747528,5.2818749667576383e-05,2.7160779434354926e-05,0.0006096398777728214,0.9999999999798149,0.3390877004105116,0.2500000000290093
2013-03-05,0.006547541070607205,0.0,9.061301355111862e-06,0.006538479769252092,1.001045303141793,0.3395703042186274,0.0
2013-03-06,0.0015720228080347808,0.0,8.976171734074933e-06,0.001563046636300706,0.9991299983576567,0.3438694617701866,0.0
2013-03-07,-0.00113063935332444,0.0,8.936392963987389e-06,-0.0011395757462884274,0.9972590724349115,0.3449023860638321,0.0
2013-03-08,0.0011565444574648065,0.0,8.999558478247947e-06,0.0011475448989865585,1.0011317165100373,0.3441639475979372,0.0
2013-03-11,-0.0005064965580787416,1.8863324981599125e-05,2.5890410958768898e-05,-0.0005512502940191097,0.9999999999958475,0.36999999999913785,0.09235899570880755
2013-03-12,-0.0028078893585201997,0.0,8.64816040148823e-06,-0.0028165375189216878,1.0010130084945743,0.3696972991859335,0.0
2013-03-13,-0.0001123877950769191,0.0,8.676989869546836e-06,-0.00012106478494646594,1.0013459468040473,0.3679256863271285,0.0
2013-03-14,0.004979802552540061,0.0,8.673560498583639e-06,0.004971128992041477,1.00102774955812,0.3678578331615142,0.0
2013-03-15,0.0013015377884438369,0.0,8.62712215130363e-06,0.0012929106662925333,1.0007732968131988,0.3709933797680339,0.0
2013-03-18,-0.0037869730285079095,5.202991116361048e-05,2.5890410958311903e-05,-0.003864893350629832,0.9999999999815026,0.36999999999591293,0.25000000000920286
2013-03-19,-0.00264288851035199,0.0,8.651891984170065e-06,-0.0026515404023361605,0.9992220075993947,0.36763389275498004,0.0
2013-03-20,0.003363690932327779,0.0,8.67454684363795e-06,0.0033550163854841413,0.9992032851767575,0.36596136559118697,0.0
2013-03-21,-0.006094115850055102,0.0,8.655969062358948e-06,-0.00610277181911746,0.9999758497314419,0.36809010817923876,0.0
2013-03-22,0.005064583036499695,0.0,8.760005434518345e-06,0.0050558230310651766,1.0036991328881049,0.364218736168266,0.0
2013-03-25,-0.0022200285999569246,5.052570413403696e-05,3.2733224062835356e-05,-0.002303287528153797,1.000000000040445,0.20349154784478476,0.2500000000313465
2013-03-26,0.0034160043853876856,0.0,1.0942668812965447e-05,0.00340506171657472,1.0005509990086856,0.20173617566220792,0.0
2013-03-27,-0.001533819977906671,0.0,1.0894236954347461e-05,-0.0015447142148610185,0.9997352924344546,0.2044559947670901,0.0
2013-03-28,0.006128315759822335,0.0,1.0936530072686216e-05,0.006117379229749649,1.001602811813419,0.20323611650732534,0.0
2013-04-01,-0.001417590822126089,0.0,4.299700141456286e-05,-0.0014605878235406519,0.9927867337204453,0.20809145790467326,0.0
2013-04-02,0.007145985574813341,2.252091794838172e-05,1.2328767123638033e-05,0.007111135889741321,1.0000000000243865,0.09999999999881007,0.11175113221737999
2013-04-03,-0.0010364425212692832,0.0,1.2060105968721843e-05,-0.001048502627238005,0.98677717155484,0.10638943583814543,0.0
2013-04-04,0.005934776195832648,0.0,1.2009196776252481e-05,0.005922766999056395,0.9821349368157837,0.10546357214935265,0.0
2013-04-05,-0.003815648513751414,0.0,1.1899382903547384e-05,-0.0038275478966549614,0.9793973985958089,0.11074244663684986,0.0
2013-04-08,0.0038290596005304376,0.0,3.6167839928067095e-05,0.0037928917606023706,0.9874217429902394,0.10733763807394024,0.0
2013-04-09,-0.005291408882553717,3.883818464052059e-06,1.2164752013198406e-05,-0.005307457453030968,0.9999999999969811,0.11197310303349747,0.0193745417866647
2013-04-10,0.010938178248256243,0.0,1.238794147720422e-05,0.010925790306779039,1.0115706517020697,0.1072509238661617,0.0
2013-04-11,0.0013768375788685784,0.0,1.2111697045274014e-05,0.0013647258818233045,1.0010656331669563,0.11691174886195334,0.0
2013-04-12,0.013225540530154864,0.0,1.2109382464272957e-05,0.01321343114769059,1.002112294846795,0.11812737495486927,0.0
2013-04-15,0.020396616193643843,0.0,3.4744299048531074e-05,0.02036187189459531,0.9750845374134682,0.12963992723254522,0.0
2013-04-16,0.0020759433625397276,1.7531897023684643e-05,1.0697343305775592e-05,0.002047714122210267,1.0000000000751352,0.219093938753517,0.08733693735954552
2013-04-17,-0.006654956620316117,0.0,1.0848958870373053e-05,-0.00666580557918649,1.0126919124618734,0.2207179149246407,0.0
2013-04-18,-0.0036865096181102354,0.0,1.0900040378523967e-05,-0.003697409658488759,1.0112023832770065,0.2154994356447569,0.0
2013-04-19,0.003957819367236585,0.0,1.0986744367331187e-05,0.003946832622869254,1.014631330406719,0.21259899159154227,0.0
2013-04-22,-0.0011373479873330412,0.0,3.2941576827286506e-05,-0.0011702895641603278,1.0172838270856783,0.2157054576217065,0.0
2013-04-23,0.010450935853263862,3.2033629782223214e-05,8.78196361649106e-06,0.010410120259865147,0.9999999999771855,0.3589166559733379,0.15888690521224838
2013-04-24,7.50870963110123e-05,0.0,8.585081112037798e-06,6.65020151989745e-05,0.9922729681341134,0.3655620469553541,0.0
2013-04-25,-0.005930998520138796,0.0,8.644878332563801e-06,-0.00593964339847136,0.996688938339506,0.3656128200623484,0.0
2013-04-26,0.0014429774787524322,0.0,8.913801998456799e-06,0.0014340636767539755,1.012538514352764,0.3618309684654178,0.0
2013-04-29,-4.304721901744574e-05,0.0,2.6451153603498476e-05,-6.949837262094421e-05,1.0063984716757768,0.3627537339906473,0.0
2013-04-30,0.002716811075113319,3.8380320950001766e-05,8.93156618335118e-06,0.0026694991879799663,1.0000000000185254,0.34799566863388903,0.19055739818121176
2013-05-01,-0.0017052565287211344,0.0,8.926185227704118e-06,-0.0017141827139488385,1.0013902672539667,0.34977874563156636,0.0
2013-05-02,0.0030198010530800463,0.0,8.814882548611835e-06,0.0030109861705314347,0.9921576012528965,0.3486711752042325,0.0
2013-05-03,0.003596516719331359,0.0,8.857186672699762e-06,0.0035876595326586594,0.9972098455707,0.3506352184636174,0.0
2013-05-06,0.003831311113722668,0.0,2.655514651128017e-05,0.0038047559672113877,0.9991406472200108,0.3529654154455267,0.0
2013-05-07,0.0030281133737387993,5.135149653270683e-05,1.224788709589111e-05,0.0029645139901102015,1.0000000000273706,0.10590424202731959,0.2500000000199598
2013-05-08,0.0005338842692116421,0.0,1.2174254206916683e-05,0.0005217100150047254,0.9973309355196944,0.10861037841477662,0.0
2013-05-09,-0.00037935875003255,0.0,1.2189733598783306e-05,-0.0003915484836313333,0.9989379034317883,0.10908735072060693,0.0
2013-05-10,0.0022762785624123806,0.0,1.2152232682101639e-05,0.002264126329730279,0.9958635588859823,0.10875057309256284,0.0
2013-05-13,0.0010717580750509077,0.0,3.622342905114538e-05,0.0010355346459997622,0.992212814282384,0.11077604070451277,0.0
2013-05-14,0.005128457588163862,4.852082846906868e-05,1.5398558558967637e-05,0.005064538201135825,1.000000000023835,-0.12409477478080269,0.24053086364745013
2013-05-15,0.012662437916020113,0.0,1.5239302210193928e-05,0.012647198613809918,0.994102217553643,-0.11836684379051392,0.0
2013-05-16,-0.00062123494150926,0.0,1.4767159341329835e-05,-0.0006360021008505898,0.9736183942287793,-0.10438423768829878,0.0
2013-05-17,0.009062380299840236,0.0,1.4764501256591765e-05,0.009047615798583644,0.972736292898592,-0.10507229883260673,0.0
2013-05-20,-0.010240142574411432,0.0,4.333381067762482e-05,-0.010283476385089058,0.9593070133059185,-0.09514904651628563,0.0
2013-05-21,0.009154196707060318,3.947659982396608e-06,1.538013270404197e-05,0.00913486891437388,1.0000000000102809,-0.12274968738478292,0.01955864012204285
2013-05-22,-0.002994884483789271,0.0,1.5028516290547489e-05,-0.0030099130000798184,0.984514485185069,-0.1125672040248976,0.0
2013-05-23,-0.00983607160717411,0.0,1.500305947394706e-05,-0.009851074666648058,0.9793123711526528,-0.11591097044548257,0.0
2013-05-24,0.0027345422366169283,0.0,1.5326383153839235e-05,0.002719215853463089,0.9918278603143021,-0.126998109915962,0.0
2013-05-28,-0.0017598702346535908,0.0,6.075644436225169e-05,-0.0018206266790158426,0.9848785250651111,-0.1239265845459822,0.0
2013-05-29,-0.007277482128560071,2.727017434493714e-06,1.5539440456176673e-05,-0.007295748586450742,1.0000000000359959,-0.13437915326490113,0.013492695914014835
2013-05-30,-0.0043530830865653285,0.0,1.5728487094746962e-05,-0.004368811573660075,1.0054818358187827,-0.14269772209774553,0.0
2013-05-31,0.0025117557870215947,0.0,1.5902985109702014e-05,0.0024958528019118926,1.0132218515613023,-0.1476960614469443,0.0
2013-06-03,-0.00806840883822701,0.0,4.689966074411851e-05,-0.008115308498971128,0.9964022289607831,-0.1448228491461006,0.0
2013-06-04,-0.00019477699488906517,0.0,1.6023028322606852e-05,-0.00021080002321167203,1.0155388983098859,-0.15414216924041405,0.0
2013-06-05,-0.006088256973047259,5.150828446148751e-05,1.2394021694486689e-05,-0.006152159279203233,1.0000000000133769,0.09523641631584867,0.2499999999969887
2013-06-06,0.0017658628493795417,0.0,1.2450664712705347e-05,0.0017534121846668363,0.9985985321073448,0.08970000807985457,0.0
2013-06-07,0.014167029449787621,0.0,1.2530119644427702e-05,0.014154499330143193,1.0060045083153173,0.09130577427209487,0.0
2013-06-10,-0.0038019842723275477,0.0,3.618678948978551e-05,-0.003838171061817333,0.9845459364402589,0.10400072552214484,0.0
2013-06-11,-0.0036046030315862107,0.0,1.217202884071014e-05,-0.003616775060426921,0.9891429083015209,0.10058480292968067,0.0
2013-06-12,-0.004036185693550676,4.0636429267435175e-06,1.23287671236128e-05,-0.0040525781036010325,1.0000000000340756,0.10000000001034125,0.020175139265377104
2013-06-13,0.010406016667030499,0.0,1.2399595450632563e-05,0.010393617071579866,1.0015247655297452,0.09635429763356827,0.0
2013-06-14,-0.0033310780113557036,0.0,1.224447965272604e-05,-0.00334332249100843,0.9995091175134488,0.10566210286444788,0.0
2013-06-17,0.005337976545135591,0.0,3.702404538166193e-05,0.005300952499753929,1.0035927357637637,0.1026742981433232,0.0
2013-06-18,0.006215499949840569,0.0,1.2212831909949058e-05,0.00620328711793062,0.9989794553282892,0.10744272590200817,0.0
2013-06-19,-0.008683597844675919,2.199809775851482e-06,1.220872643707552e-05,-0.008698006380888846,0.9999999999782373,0.10876297007172417,0.010956402852170949
2013-06-20,0.007414079919446178,0.0,1.2256321511063096e-05,0.007401823597935115,0.9956689715244367,0.10095750121683081,0.0
2013-06-21,-0.0034311282321217358,0.0,1.1556506896749299e-05,-0.003442684739018485,0.9512003310010468,0.10757532753834802,0.0
2013-06-24,-0.0010528841412843584,0.0,3.5212319914243785e-05,-0.001088096461198602,0.9613370914543686,0.10450397354110305,0.0
2013-06-25,0.007718586616323126,0.0,1.161938617183478e-05,0.007706967230151291,0.951778967322779,0.10356377677884007,0.0
2013-06-26,0.01953798388252395,9.941191359618774e-06,1.2328767124068857e-05,0.019515713924040265,1.000000000112112,0.1000000000550856,0.04917123813440738
2013-06-27,0.008569325850124935,0.0,1.1712283159725065e-05,0.00855761356696521,0.972246441610018,0.11724977095008832,0.0
2013-06-28,-0.012684924666618573,0.0,1.1527669322336216e-05,-0.01269645233594091,0.9662713820179766,0.12475152148743289,0.0
2013-07-01,0.0008777897087837794,0.0,3.5864924563426586e-05,0.0008419247842203528,0.9862209068394665,0.11350774246275294,0.0
2013-07-02,0.0044506845874515534,0.0,1.1984928504016085e-05,0.004438699658947537,0.9891890899627497,0.11428930916957555,0.0
2013-07-03,-0.004625124268612307,5.050785143661967e-05,1.1841912774056402e-05,-0.0046874740328229835,1.000000000047928,0.13554036754181067,0.25000000004199047
2013-07-05,0.014181941570304037,0.0,2.4024495617014818e-05,0.014157917074687021,1.0084258851684835,0.13153179514744265,0.0
2013-07-08,-0.0010646188852773645,0.0,3.463627937367828e-05,-0.0010992551646510427,0.9864956652191477,0.14367953379297604,0.0
2013-07-09,0.000990958258959312,0.0,1.1656316241467547e-05,0.0009793019427178445,0.9936829432366736,0.1427718576095429,0.0
2013-07-10,0.0011070623217221743,0.0,1.1755059319729067e-05,0.0010953072624024453,1.0017414967421492,0.1436221664019274,0.0
2013-07-11,-0.003080686748841725,5.107611537184836e-05,1.2159754206960006e-05,-0.003143922618420534,1.0000000000147196,0.11233794290663952,0.25000000001359435
2013-07-12,0.0041143792595478524,0.0,1.2543255851547656e-05,0.004101836003696305,1.0252595130115212,0.1096018358485424,0.0
2013-07-15,0.0018154837185214306,0.0,3.7147180823051765e-05,0.0017783365376983788,1.0171664086697558,0.11325167530882953,0.0
2013-07-16,-0.003984278216286751,0.0,1.2389790449388594e-05,-0.0039966680067361395,1.019317596951233,0.11486289414586545,0.0
2013-07-17,0.009204268589498363,0.0,1.2506299641907214e-05,0.009191762289856456,1.0242834130161502,0.11132353915692393,0.0
2013-07-18,0.0011698453651417704,5.073584160665717e-05,1.283821750272916e-05,0.0011062713060323841,0.999999999993043,0.0628101222938143,0.25000000000293443
2013-07-19,-0.0032633564723937893,0.0,1.2850416509008007e-05,-0.003276206888902797,1.0019896718286327,0.06390926667104836,0.0
2013-07-22,-0.007580884024790978,0.0,3.8867908349300066e-05,-0.007619751933140278,1.0066310216648313,0.06084525183186308,0.0
2013-07-23,-0.0006359517392669519,0.0,1.3307725504867923e-05,-0.0006492594647718198,1.0251373072396806,0.05367334538432244,0.0
2013-07-24,0.004035412517004711,0.0,1.3300989327983538e-05,0.004022111527676728,1.0240440719894588,0.05307185104666045,0.0
2013-07-25,0.0025359232961682542,2.245876540046415e-05,1.2937595129801473e-05,0.0025005269356379884,1.000000000026341,0.05555555555083364,0.11128022822238674
2013-07-26,0.0016460107735720394,0.0,1.2913623862855529e-05,0.0016330971497091839,1.000641123846691,0.05794658185823716,0.0
2013-07-29,-0.0006303019895992968,0.0,3.85322796722785e-05,-0.0006688342692715753,0.9971142361721042,0.05949543081332726,0.0
2013-07-30,0.002139677694280857,0.0,1.2800607329895574e-05,0.0021268770869509617,0.9933488612718355,0.058904526189458635,0.0
2013-07-31,-0.0012094932496602043,0.0,1.2740085640386223e-05,-0.0012222333353005905,0.9909408976672688,0.06091464591907447,0.0
2013-08-01,0.01030572580388013,3.0785277351024433e-06,1.3052310771799223e-05,0.01028959496537323,1.0000000000715452,0.04718131373020189,0.015147772463131176
2013-08-02,0.00024348742762805267,0.0,1.2810703203141754e-05,0.00023067672442491093,0.9920828795055183,0.05690154567617056,0.0
2013-08-05,0.0006668616506165223,0.0,3.855363395355791e-05,0.0006283080166629644,0.9952702803180735,0.05713185411483112,0.0
2013-08-06,-0.0020313973777131905,0.0,1.2831361295919822e-05,-0.0020442287390091103,0.9944517977740537,0.057762423171906795,0.0
2013-08-07,-0.0034496597915886825,0.0,1.2820648628751376e-05,-0.0034624804402174337,0.9917525360274634,0.055845186128613014,0.0
2013-08-08,-0.006072083039828782,3.184363162267238e-05,1.2901016096395339e-05,-0.006116827687547849,0.9999999999852078,0.05822582494834791,0.15491306898367033
2013-08-09,-0.0024467865413365375,0.0,1.3193708403774355e-05,-0.002459980249740312,1.0156154342087242,0.05247472073319635,0.0
2013-08-12,-0.007610863239634266,0.0,3.978665437280138e-05,-0.007650649894007068,1.018293228484174,0.05015130541267368,0.0
2013-08-13,0.0035777311438210113,0.0,1.360765158105859e-05,0.0035641234922399526,1.0362269788127167,0.042868413395439536,0.0
2013-08-14,-0.0061251113985220955,0.0,1.3502746106241804e-05,-0.006138614144628338,1.0319816584089279,0.046281192653276126,0.0
2013-08-15,-0.015146459168990963,3.717064749494824e-05,1.3168969087801596e-05,-0.015196798785573713,1.0000000000396594,0.038665256630142905,0.17916962046578663
2013-08-16,-0.0007994853932103848,0.0,1.3594750143301783e-05,-0.0008130801433536865,1.0162984836643558,0.02388172320332561,0.0
2013-08-19,-0.003385645436519644,0.0,4.081001345206603e-05,-0.0034264554499717098,1.0161446814583521,0.023101020791412005,0.0
2013-08-20,0.003827657622778807,0.0,1.3656583794541595e-05,0.0038140010389842655,1.016713778477887,0.01978316147635064,0.0
2013-08-21,-0.0006887993507885398,0.0,1.356345695023918e-05,-0.0007023628077387791,1.0136534669302788,0.023521109562818766,0.0
2013-08-22,0.0071382762070801705,3.625652672479939e-05,1.0966325655237487e-05,0.007091053354700134,1.0000000000206728,0.19945822718833617,0.1766098691546295
2013-08-23,-0.004334085404529848,0.0,1.0870207082977106e-05,-0.004344955611612825,0.9986669487787276,0.20514183172139897,0.0
2013-08-26,-0.005813703413664509,0.0,3.340266766578566e-05,-0.005847106081330294,1.014482301115714,0.2016840545815963,0.0
2013-08-27,-0.005654173206798553,0.0,1.1348091597777937e-05,-0.005665521298396331,1.0254330484556644,0.1970223618178752,0.0
2013-08-28,0.0033148015990140454,0.0,1.1417753014408677e-05,0.0033033838459996367,1.0259545367717204,0.19245856671988706,0.0
2013-08-29,0.004533196794857735,4.8405639502601846e-06,1.0958904110096389e-05,0.0045173973267973785,1.0000000000326885,0.19999999999565193,0.023792398296107076
2013-08-30,-0.0010284155674543094,0.0,1.0809806190138496e-05,-0.001039225373644448,0.9927292460680153,0.20361339418790508,0.0
2013-09-03,-0.001154642712319443,0.0,4.293873378219402e-05,-0.001197581446101637,0.9864276206128262,0.20279572908778556,0.0
2013-09-04,0.00777084998127088,0.0,1.087810476656017e-05,0.007759971876504321,0.9959845054988343,0.2018828575399419,0.0
2013-09-05,0.004151041705833207,0.0,1.0652671394355883e-05,0.0041403890344388515,0.9856843399732673,0.208039328185288,0.0
2013-09-06,-0.00108236891193093,3.421125975969265e-05,8.828006088177387e-06,-0.0011254081777788002,0.9999999999906903,0.3555555555537411,0.16828841481854379
2013-09-09,0.0058734534626322735,0.0,2.6905658851493366e-05,0.00584654780378078,1.0095769285127607,0.354872563126422,0.0
2013-09-10,0.005982319234231564,0.0,8.89052874495974e-06,0.005973428705486604,1.0076577555290693,0.35864915714700857,0.0
2013-09-11,-0.0004088169699546671,0.0,8.727130178766226e-06,-0.00041754410013343334,0.9995468127719096,0.362466309721975,0.0
2013-09-12,0.006451043972582652,0.0,8.771375050521514e-06,0.00644227259753213,1.0025191095586827,0.3622087308706121,0.0
2013-09-13,-4.4285820769192676e-05,2.946470914287193e-06,8.826590442094997e-06,-5.605888212557487e-05,0.9999999999964411,0.3556588977235062,0.014660560973371844
2013-09-16,0.00261090545476383,0.0,2.6612385537077e-05,0.002584293069226753,1.0032025964468378,0.3556345483779642,0.0
2013-09-17,0.002761243389547999,0.0,8.73706129026849e-06,0.0027525063282577305,0.9951275031793277,0.357322028989728,0.0
2013-09-18,7.262255086992393e-05,0.0,8.686467599238973e-06,6.393608327068496e-05,0.9932069962449959,0.35909486150055075,0.0
2013-09-19,-0.0019363823546354052,0.0,8.976961037173085e-06,-0.0019453593156725784,1.0144626774710068,0.35914452175737155,0.0
2013-09-20,-0.0019437516552108702,5.2884625500253823e-05,8.752127136776186e-06,-0.0020053884078479003,0.999999999999623,0.36109471901496154,0.25000000000035205
2013-09-23,-0.004163970333080766,0.0,2.6146701077567487e-05,-0.004190117034158333,0.9961090446914551,0.3598726518039798,0.0
2013-09-24,-0.002396343899602768,0.0,8.784855814353928e-06,-0.002405128755417122,0.9984998884084657,0.35720541396062905,0.0
2013-09-25,-0.003321845554979316,0.0,8.867036137626274e-06,-0.0033307125911169423,1.0029581269974002,0.3556644889506822,0.0
2013-09-26,0.004173284327174528,0.0,8.919447337109328e-06,0.0041643648798374185,1.0046397729105931,0.35352011730161254,0.0
2013-09-27,-0.0023228480058192667,9.223881910594912e-06,8.752835446211953e-06,-0.0023408247231760737,1.0000000000087688,0.361043012435296,0.04494007437837749
2013-09-30,-0.0011105356667632316,0.0,2.6320052925029277e-05,-0.0011368557196882608,1.000016456839622,0.3595618356639094,0.0
2013-10-01,0.004865420708423584,0.0,8.755137746749753e-06,0.004856665570676834,0.9979843267249187,0.35885927121218686,0.0
2013-10-02,0.0014751465972635174,0.0,8.694113476974389e-06,0.001466452483786543,0.9966370243333552,0.3619667405142249,0.0
2013-10-03,-0.00625362562051917,0.0,8.699875195042383e-06,-0.006262325495714213,0.9980005865226094,0.3629096972845154,0.0
2013-10-04,0.004524320509827069,5.134184159566561e-05,8.820316725496299e-06,0.004464158351505907,1.0000000000268956,0.3561168790656657,0.24173172644099203
2013-10-07,-0.00676650764301951,0.0,2.6324496696939086e-05,-0.006792832139716449,0.9996011482833446,0.3590383953244936,0.0
2013-10-08,-0.006600307322531654,0.0,8.861524998786507e-06,-0.00660916884753044,1.0015725022939657,0.3546811773825509,0.0
2013-10-09,-0.0024727697770105177,0.0,8.910169000037315e-06,-0.002481679946010555,1.0008390380234067,0.3503967010206826,0.0
2013-10-10,0.013462714962077611,0.0,8.898491716586905e-06,0.013453816470361025,0.9983794104997392,0.3487895151888951,0.0
2013-10-11,0.0033515484838460407,1.4044683594606861e-05,8.816580774210635e-06,0.0033286872194772236,1.0000000000095963,0.35638960349222004,0.06809211645561594
2013-10-14,0.005104458549618966,0.0,2.635896183985994e-05,0.005078099587779106,0.9999490637360172,0.3585476589660921,0.0
2013-10-15,-0.005331903013251647,0.0,8.689295950083273e-06,-0.00534059230920173,0.9961333903561507,0.36181478600007183,0.0
2013-10-16,0.005797622233459933,0.0,8.741388846214234e-06,0.005788880844613719,0.9965183206746329,0.35839693490099384,0.0
2013-10-17,4.0769086840962436e-05,0.0,8.752876666395799e-06,3.2016210174566634e-05,1.0010584092169554,0.362098412570062,0.0
2013-10-18,0.005347082426165969,2.929508939528567e-06,8.923321075085866e-06,0.005335229596151355,0.9999999999746607,0.34859756149339227,0.014611452591988096
2013-10-21,-0.0012498323969928895,0.0,2.66719365159248e-05,-0.0012765043335088142,1.0010834113198748,0.35206628943237145,0.0
2013-10-22,-0.0024160593473386595,0.0,8.885226773840565e-06,-0.0024249445741125002,0.9998864026265952,0.3512648481362338,0.0
2013-10-23,-0.005363630336049687,0.0,8.978202635022134e-06,-0.005372608538684709,1.0051055764647185,0.3496967841081026,0.0
2013-10-24,0.003295766464519785,0.0,9.042331270716724e-06,0.003286724133249068,1.0062832966138864,0.34619311385156576,0.0
2013-10-25,0.0019391937501158961,3.2159459498984048e-06,9.076525884660557e-06,0.0019269012782813372,0.9999999999908943,0.33741361041067364,0.015939752368391735
2013-10-28,0.0018068942713078233,0.0,2.7261379777545883e-05,0.0017796328915302775,1.0020604036385525,0.3387001623849359,0.0
2013-10-29,0.0009840165150862656,0.0,9.0485598306908e-06,0.0009749679552555748,1.000447023240664,0.33990215560023546,0.0
2013-10-30,-0.004260303280162725,0.0,9.042367423798495e-06,-0.004269345647586523,1.0006469646764118,0.3405541427391216,0.0
2013-10-31,-0.0026552257350118263,0.0,9.048686196053038e-06,-0.0026642744212078792,0.9982898424256134,0.33773575011374135,0.0
2013-11-01,-4.3860099050318176e-05,1.4343385214053178e-06,9.106039857773392e-06,-5.4400477429496884e-05,0.99999999999746,0.3352590903800023,0.0071579173016220465
2013-11-04,0.0023264584436569905,0.0,2.708397544628686e-05,0.0022993744682107036,0.9942768696679284,0.33523346714161484,0.0
2013-11-05,-0.0005983018547938997,0.0,9.011683617253777e-06,-0.0006073135384111535,0.9946384335969164,0.3367855295373907,0.0
2013-11-06,0.0018425162870480442,0.0,8.950888098100122e-06,0.0018335653989499442,0.9898063539699141,0.3363915228086052,0.0
2013-11-07,-0.010905137402871492,0.0,8.962388545371021e-06,-0.010914099791416863,0.9918693637257298,0.3376149999136452,0.0
2013-11-08,0.012647104466161237,3.368554996465383e-06,9.158285712159726e-06,0.012634577625452613,1.0000000000057458,0.33144514301808575,0.01668375543380876
2013-11-11,0.002029782773772658,0.0,2.670361891184835e-05,0.0020030791548608096,0.9895870904476913,0.33979903025938135,0.0
2013-11-12,-0.0033341083861284683,0.0,8.859890144446288e-06,-0.0033429682762729147,0.9879174521946953,0.3411454716501164,0.0
2013-11-13,0.004844092718676674,0.0,8.907465275196597e-06,0.004835185253401477,0.9891894088763384,0.3389444437869868,0.0
2013-11-14,-0.00034709448101052725,0.0,8.88933064174544e-06,-0.00035598381165227266,0.9910553908534271,0.3421342540060102,0.0
2013-11-15,0.0017318791242083875,5.1660319963562085e-05,1.243960447337178e-05,0.0016677791997714536,1.0000000000885516,0.09190887353241169,0.2500000000715472
2013-11-18,-0.0030040354913146387,0.0,3.728867918738533e-05,-0.003041324170502024,1.0008427008103764,0.09348484058400011,0.0
2013-11-19,-9.577780811081659e-05,0.0,1.2462688052013746e-05,-0.00010824049616283034,1.0005330538183057,0.09075682602130218,0.0
2013-11-20,0.00510291196993329,0.0,1.241644784711171e-05,0.0050904955220861785,0.9970715553114875,0.09067086247233284,0.0
2013-11-21,0.00581800378809367,0.0,1.217394659232208e-05,0.005805829841501348,0.9839868089419135,0.09528870770240169,0.0
2013-11-22,0.0020449576014144556,5.194907411151603e-05,1.2931519286946675e-05,0.001980077008015993,1.0000000000013956,0.055999092054288296,0.25000000000084066
2013-11-25,-0.0008876613496074289,0.0,3.875685970885135e-05,-0.0009264182093162803,1.001012931340114,0.0579293450913978,0.0
2013-11-26,0.002807576254280685,0.0,1.2959575280133195e-05,0.0027946166790005517,1.0031435726474827,0.057094577197759594,0.0
2013-11-27,0.0030631491762055435,0.0,1.289996929888451e-05,0.003050249206906659,1.0014329752384787,0.059735216419909476,0.0
2013-11-29,-5.4721455471815734e-05,0.0,2.568825616811554e-05,-8.040971163993128e-05,1.0002287475679694,0.06260739743175237,0.0
2013-12-02,0.0007514138342320778,5.264517788696552e-05,3.879352176678691e-05,0.0006599751345783254,0.9999999999961628,0.05602430367101488,0.25000000000263517
2013-12-03,-0.0023338313908974205,0.0,1.282210917060243e-05,-0.0023466535000680228,0.9927522411107521,0.0567382716567745,0.0
2013-12-04,-0.0016503525616609117,0.0,1.2860655068055002e-05,-0.0016632132167289668,0.9933602289021847,0.05453240893416969,0.0
2013-12-05,0.0023132454976052185,0.0,1.2908235433898255e-05,0.00230033726217132,0.9952713437123588,0.052970157037786236,0.0
2013-12-06,0.0038837656177487753,0.0,1.2783020362639019e-05,0.0038709825973861365,0.988317010400796,0.05515652392814763,0.0
2013-12-09,0.00012035780008100802,5.102958788505774e-05,3.456389076690773e-05,3.476432142904254e-05,1.0000000000159517,0.15894532468786346,0.2500000000095489
2013-12-10,-0.0038183513271966363,0.0,1.1549545759549607e-05,-0.003829900872956186,1.002176993316785,0.15906015286966357,0.0
2013-12-11,-0.005489996792285717,0.0,1.1647470372840047e-05,-0.005501644262658556,1.0061039853342537,0.1558386481169302,0.0
2013-12-12,0.0009994481151868297,0.0,1.1681896012463056e-05,0.0009877662191743665,1.0039588009710578,0.15118039206125478,0.0
2013-12-13,-0.0007817601994453806,0.0,1.1606541858586247e-05,-0.0007933667413039669,0.9993072260805006,0.1520296704037046,0.0
2013-12-16,0.003406840839515769,5.194265139230919e-05,2.9180974313939866e-05,0.0033257172138095197,1.000000000042472,0.28992962506993525,0.250000000044026
2013-12-17,0.0009573764353251385,0.0,9.70726603046248e-06,0.000947669169294676,1.0009945656620272,0.2923641454382662,0.0
2013-12-18,0.00820614465880955,0.0,9.637260031264417e-06,0.008196507398778287,0.9965637955687898,0.2930438132864873,0.0
2013-12-19,0.0023737152102952896,0.0,9.53668785927683e-06,0.0023641785224360126,0.9949790484201833,0.2988008346929748,0.0
2013-12-20,0.002483423672035046,0.0,9.404039894696848e-06,0.0024740196321403492,0.9869591112103457,0.3004641988974758,0.0
2013-12-23,0.004849427380906928,3.0277764003522036e-05,2.483258530009162e-05,0.004794317031603315,1.0000000000472937,0.3957404244117309,0.15039602575065505
2013-12-24,0.00044874014011410716,0.0,8.225224917320113e-06,0.00044051491519678704,0.999119879821983,0.3986784608576149,0.0
2013-12-26,0.0014589980983783382,0.0,1.6463354668088313e-05,0.00144253474371025,0.9998639023157351,0.39895145693051165,0.0
2013-12-27,-0.0009679444671734585,0.0,8.229831464338244e-06,-0.0009761742986377968,1.0006113779489585,0.3998336810522666,0.0
2013-12-30,0.0037092323118987996,0.0,2.4791616135477572e-05,0.003684440695763322,1.0025181388194147,0.39925547952279355,0.0
2013-12-31,0.0021708087352572043,2.843893025337096e-06,8.306597546154254e-06,0.002159658244685713,1.0000000000162486,0.3936183791469878,0.014147923311033789
2014-01-02,-0.006823744383912147,0.0,1.658325108071801e-05,-0.006840327634992866,1.000224924977271,0.39493626053106395,0.0
2014-01-03,-0.003993612560745145,0.0,8.40667160923725e-06,-0.004002019232354382,1.0044726452823207,0.3907856178080016,0.0
2014-01-06,-0.002489200048981433,0.0,2.5600315281877417e-05,-0.0025148003642633107,1.0112871792971858,0.3883461741048352,0.0
2014-01-07,0.0054810782463498514,0.0,8.580983276926383e-06,0.005472497263072925,1.013241552927318,0.38682977371169186,0.0
2014-01-08,0.0018186924581359534,1.869544775429206e-06,8.452717226864681e-06,0.0018083701961336596,0.9999999999694822,0.3829516424083605,0.00933348435077036
2014-01-09,0.000605619370882769,0.0,8.396017583738494e-06,0.0005972233532990305,0.9969850672791677,0.3840757836662577,0.0
2014-01-10,-0.0006238643258745583,0.0,8.369214747286226e-06,-0.0006322335406218444,0.9954044759961892,0.3844517994442946,0.0
2014-01-13,-0.007579820561734396,0.0,2.5390911295728707e-05,-0.007605211473030125,1.0019162657293699,0.3840707575333046,0.0
2014-01-14,0.007603160841713412,0.0,8.562173277363604e-06,0.007594598668436048,1.0044148222425693,0.37937617299502624,0.0
2014-01-15,0.004214639461497507,7.48478225488849e-07,8.473436655984554e-06,0.004205417546616033,1.0000000000105058,0.38143912412363357,0.0037345431023639037
2014-01-16,-0.0009537560294719869,0.0,8.414701624496835e-06,-0.0009621707310964837,0.9983119390000006,0.38403872041173165,0.0
2014-01-17,-0.0023548098965838027,0.0,8.445115406770262e-06,-0.002363255011990573,0.9999473372078339,0.38345391251360467,0.0
2014-01-21,0.004657410288199336,0.0,3.3896767752383006e-05,0.004623513520446953,1.000617881932946,0.38200187045195627,0.0
2014-01-22,0.0010660755534278195,0.0,8.382113457854003e-06,0.0010576934399699656,0.996774066279094,0.3848797838557519,0.0
2014-01-23,-0.006966969371896638,1.3604910559071176e-06,8.477047231086674e-06,-0.006976806910183633,1.0000000000333364,0.3811755521640094,0.0067722954805687074
2014-01-24,-0.01213202333602839,0.0,8.645423454322606e-06,-0.012140668759482711,1.0079536188738432,0.37683770670829286,0.0
2014-01-27,-0.00234581278321763,0.0,2.6293206308922166e-05,-0.0023721059895265525,1.0089892245414964,0.36918787102439027,0.0
2014-01-28,0.0028892138843092437,0.0,8.739854984713006e-06,0.0028804740293245307,1.005723729455624,0.36771431557157475,0.0
2014-01-29,-0.007352333437022288,0.0,8.720775496541294e-06,-0.0073610542125188295,1.00615569297566,0.3695390817281456,0.0
2014-01-30,0.009420701430303859,3.266344840579963e-05,1.0350233444303431e-05,0.009377687748453756,0.9999999999581081,0.2444329585239576,0.1618447636126857
2014-01-31,-0.005453561359272202,0.0,1.0174308940595282e-05,-0.0054637356682127975,0.9942197690086023,0.2514952163451466,0.0
2014-02-03,-0.015793694827792956,0.0,3.086861733305704e-05,-0.015824563445126012,0.9985297019434657,0.24739334683907774,0.0
2014-02-04,0.0033460097910683034,0.0,1.0563270803364727e-05,0.0033354465202649385,1.0064423130149136,0.23532354436928846,0.0
2014-02-05,-0.002781377420795601,0.0,1.054317059500046e-05,-0.0027919205913906012,1.007527584481836,0.23787613104680275,0.0
2014-02-06,0.008077682492971019,2.946621120862633e-06,1.035294541112958e-05,0.008064382926439026,1.0000000000336344,0.24423498502117494,0.014475300918646697
2014-02-07,0.005307439946783892,0.0,1.0226997810529174e-05,0.005297212948973363,0.9968650394157802,0.25029419924715063,0.0
2014-02-10,0.0001647254369765851,0.0,3.068999756267927e-05,0.00013403543941390583,1.0010447380807295,0.25425479738886747,0.0
2014-02-11,0.0039296403361558695,0.0,1.0258821705036144e-05,0.003919381514450833,1.0032794106311063,0.2543854261634677,0.0
2014-02-12,-0.0005224359800750899,0.0,1.0267725890578911e-05,-0.0005327037059656688,1.0068505738436688,0.2573065838314083,0.0
2014-02-13,0.002007644687687228,3.1451872251122534e-05,1.0363885416758353e-05,0.0019658289300193473,0.9999999999958038,0.24343636457244414,0.15344252348846474
2014-02-14,-0.0012129030778175141,0.0,1.0393409277260305e-05,-0.0012232964870947745,1.0036813322193667,0.24496245497936436,0.0
2014-02-18,-0.0021708188520109164,0.0,4.195308666583487e-05,-0.0022127719386767514,1.0096919267304254,0.24404809507893915,0.0
2014-02-19,-0.005288515060096367,0.0,1.0648318818418736e-05,-0.005299163378914786,1.0197409561655084,0.2424136824209405,0.0
2014-02-20,0.0013298084544284031,0.0,1.0740879423825578e-05,0.0013190675750045775,1.0224726245202063,0.23838842658093898,0.0
2014-02-21,0.00040833698808296866,1.4563322089224847e-05,1.0522114445328574e-05,0.0003832515515484152,1.0000000000011862,0.23188564549220028,0.0723636050674405
2014-02-24,-0.0006920958393906404,0.0,3.1539626225748724e-05,-0.0007236354656163891,0.9996692277176437,0.23220498955775795,0.0
2014-02-25,-0.00046693200486918316,0.0,1.0628537844007638e-05,-0.0004775605427131908,1.007563808590688,0.23168054597813034,0.0
2014-02-26,0.002427589694337022,0.0,1.064627625527448e-05,0.0024169434180817476,1.0085022518639828,0.23132408522894582,0.0
2014-02-27,0.002761694842841005,0.0,1.05761746629115e-05,0.002751118668178094,1.0052488229387064,0.23318807254616722,0.0
2014-02-28,-0.00021361211417308078,5.249236474510721e-05,1.1488196545200797e-05,-0.0002775926754633888,1.0000000000518985,0.16136165225224042,0.25000000003289924
2014-03-03,-0.010565549538973037,0.0,3.447949322776269e-05,-0.0106000290322008,1.000193787950378,0.16119278607481916,0.0
2014-03-04,0.011277823678525905,0.0,1.1825637244318355e-05,0.011265998041281587,1.0155125143433632,0.15224099550812345,0.0
2014-03-05,0.0003052712730243439,0.0,1.160161698651391e-05,0.00029366965603782995,1.0086151795449452,0.16169713952943002,0.0
2014-03-06,-0.003620452673913396,0.0,1.1595437436219508e-05,-0.003632048111349616,1.0084217824215094,0.16195484957748524,0.0
2014-03-07,0.004778439996434666,5.241938854704599e-05,1.2328767123850153e-05,0.00471369184076377,1.0000000000458111,0.10000000000474975,0.25000000003808803
2014-03-10,0.0014797436756682132,0.0,3.631072407621503e-05,0.001443432951591998,0.987847816383132,0.10428686386189984,0.0
2014-03-11,-0.003428458073582713,0.0,1.203952146681398e-05,-0.003440497595049527,0.9844992276554554,0.10561416057803479,0.0
2014-03-12,-0.00373654762393538,0.0,1.2111574163142567e-05,-0.0037486591980985225,0.9866833998280627,0.1025384859186554,0.0
2014-03-13,-0.004025316132062222,0.0,1.2291915117914917e-05,-0.004037608047180137,0.9964835103304245,0.09917370672263542,0.0
2014-03-14,-0.005393548304787102,3.2916291908620636e-05,1.2268461604689445e-05,-0.0054387330583004125,0.999999999994513,0.10440230285218326,0.16321116298169622
2014-03-17,0.008215649567121673,0.0,3.731445209458693e-05,0.008178335115027085,1.0075351823782726,0.09955018140999053,0.0
2014-03-18,0.006403781413956351,0.0,1.2188378732085218e-05,0.0063915930352242654,0.9966432828043483,0.10689163536212735,0.0
2014-03-19,0.001395540946236597,0.0,1.2035692175600534e-05,0.0013835052540609964,0.9911814063998416,0.1125758775810028,0.0
2014-03-20,0.004831653022125849,0.0,1.189574602801057e-05,0.004819757276097838,0.9822034163654557,0.11381395632068418,0.0
2014-03-21,-0.003661285433047603,5.1373128321532766e-05,1.233192846265048e-05,-0.003724990489831786,1.0000000000998255,0.09976922232634035,0.2500000000936361
2014-03-24,0.0018432549072426932,0.0,3.726092443012377e-05,0.0018059939828125695,1.0031497710474826,0.09646727658113746,0.0
2014-03-25,-0.0005782919618915615,0.0,1.230171980954978e-05,-0.0005905936817011113,0.9961588494301808,0.09813330333304698,0.0
2014-03-26,-0.0002526264130654465,0.0,1.2366548716701388e-05,-0.0002649929617821479,1.0003707171110743,0.09761266079187324,0.0
2014-03-27,-0.0023489384773950355,0.0,1.2307150263753369e-05,-0.0023612456276587888,0.9958078101952303,0.09738584094123445,0.0
2014-03-28,-0.00036553189894720416,5.161390390580794e-05,1.2320222854418784e-05,-0.0004294660257074309,0.9999999999820944,0.10062373160952338,0.25000000001327244
2014-03-31,0.001968550851184021,0.0,3.710479549824103e-05,0.00193144605568578,1.0031846328246898,0.10030127570082482,0.0
2014-04-01,0.0022732811779405853,0.0,1.2358863683640156e-05,0.002260922314256945,1.0042697275851116,0.10207267867938018,0.0
2014-04-02,-0.0009042342583856492,0.0,1.2369027336991006e-05,-0.0009166032857226402,1.0070495695378987,0.10411057393755521,0.0
2014-04-03,-0.0002038126612682363,0.0,1.2421485778374701e-05,-0.000216234147046611,1.0100694875601335,0.10330102573878046,0.0
2014-04-04,-0.004377784938136265,5.218212345724573e-05,1.1069075688922022e-05,-0.004441036137282433,0.9999999999685603,0.19195747467725277,0.2500000000286988
2014-04-07,-0.002510164620206968,0.0,3.337457337195347e-05,-0.002543539193578921,1.0005310727378136,0.18841645402027923,0.0
2014-04-08,0.0013672426528003557,0.0,1.1156665266950945e-05,0.0013560859875334048,1.0008169196256984,0.1863803551382796,0.0
2014-04-09,0.005104031375510362,0.0,1.11857547322021e-05,0.005092845620778159,1.0040534361497555,0.1874933406990021,0.0
2014-04-10,-0.007493391240290239,0.0,1.1123231122065574e-05,-0.007504514471412305,1.0036173454031767,0.19162147349238984,0.0
2014-04-11,-0.004398764851455872,2.260918985552305e-05,1.1185092883453393e-05,-0.004432559134194848,0.9999999999897009,0.1834882194976032,0.11035491889169168
2014-04-14,0.004157914417970072,0.0,3.367216415088479e-05,0.004124242253819187,0.9992428079230206,0.17988681358482392,0.0
2014-04-15,0.004479715669586873,0.0,1.118410472102482e-05,0.004468531564865849,0.9997284452215741,0.1832888005867622,0.0
2014-04-16,0.0009091207803434525,0.0,1.102577712353482e-05,0.0008980950032199177,0.9918149293725537,0.1869331993545121,0.0
2014-04-17,0.0006105801594969034,0.0,1.1069342199786084e-05,0.0005995108172971173,0.9957357518430368,0.1876737712586527,0.0
2014-04-21,0.001523078086095952,3.3250757888024714e-06,4.400431106094057e-05,0.001475748699246209,0.9999999999887553,0.1969213231265899,0.016480347404074225
2014-04-22,0.004996588287633972,0.0,1.093241349954409e-05,0.0049856558741344275,0.9962181641546026,0.19815197868788417,0.0
2014-04-23,0.0006227583655812811,0.0,1.086952313603247e-05,0.0006118888424452486,0.9956159516249582,0.2021407626945879,0.0
2014-04-24,0.0006054242883309884,0.0,1.0830810697323139e-05,0.0005945934776336653,0.9932887090984182,0.20263952819382894,0.0
2014-04-25,-0.0023202220525826134,0.0,1.08561617008726e-05,-0.0023310782142834862,0.9956239803355583,0.2031241761718585,0.0
2014-04-28,0.0013233469022841176,5.1001757939920456e-05,3.294355141237372e-05,0.0012394015929318234,1.0000000000332818,0.19837358233218808,0.2500000000286348
2014-04-29,0.004455967994331514,0.0,1.0941258740316386e-05,0.004445026735591198,0.998161618963356,0.1994497309202599,0.0
2014-04-30,0.002784178752538207,0.0,1.088232937424174e-05,0.0027732964231639654,0.9974133879444119,0.20300334362476494,0.0
2014-05-01,0.00022430840268765963,0.0,1.0782967920655846e-05,0.00021352543476700378,0.992375049155597,0.2052183909477203,0.0
2014-05-02,-0.004118606407345201,0.0,1.0763377896599372e-05,-0.0041293697852418,0.9911254279252358,0.2053988414734817,0.0
2014-05-05,0.0014967912548166135,2.9636470352927964e-05,3.3003972276396644e-05,0.0014341508121872887,0.9999999999901541,0.1969033412645024,0.144732849652989
2014-05-06,-0.0022040501638707676,0.0,1.0997568691814434e-05,-0.002215047732562582,1.0009385187933117,0.1981160042908579,0.0
2014-05-07,0.0012620777626031773,0.0,1.0995327483422137e-05,0.0012510824351197553,0.9990057781100243,0.19634687182020816,0.0
2014-05-08,-0.0009436391641164864,0.0,1.0951412716885843e-05,-0.0009545905768333723,0.9968151617421197,0.19736203340945324,0.0
2014-05-09,-0.0018448976384030555,0.0,1.0957652336169158e-05,-0.0018558552907392248,0.9965146930898893,0.19660607254954074,0.0
2014-05-12,0.0007611221841899478,2.102432171569683e-05,3.698630137024418e-05,0.0007031115611040068,1.0000000000083407,0.0999999999990657,0.1026411591659631
2014-05-13,0.00021324702290125388,0.0,1.2393039199784303e-05,0.0002008539837014696,1.0053821872354531,0.10069032565119904,0.0
2014-05-14,-0.0038765804947428744,0.0,1.2408385704977062e-05,-0.0038889888804478513,1.0066954663227516,0.100883309859426,0.0
2014-05-15,-0.0005465743502716736,0.0,1.2529890727636617e-05,-0.0005591042409993103,1.0120674834545242,0.09738546033705123,0.0
2014-05-16,0.0013298844972024952,0.0,1.249400949147087e-05,0.0013173904877110244,1.0089557521845351,0.09689305930716155,0.0
2014-05-19,0.0008263787283928185,5.050748211403988e-05,3.522816340381895e-05,0.0007406430828749597,1.0000000000976457,0.14278135727138472,0.25000000007862766
2014-05-20,-0.0019328958158035029,0.0,1.1728029565822487e-05,-0.0019446238453693255,0.9996476109465376,0.14350145264149614,0.0
2014-05-21,0.0011807102279714808,0.0,1.176397896008492e-05,0.0011689462490113958,1.0006148548965934,0.1418443908103944,0.0
2014-05-22,-0.0011407418573718018,0.0,1.1745888939498822e-05,-0.0011524877463113007,1.0003080001727724,0.1428581075893584,0.0
2014-05-23,0.00029207864228487625,0.0,1.179255921385593e-05,0.0002802860830710203,1.0027377043210757,0.1418808817095927,0.0
2014-05-27,0.004155013693227997,5.086160693306208e-05,4.3835616434933144e-05,0.004060316469860001,1.000000000018932,0.20000000008140226,0.25000000001717715
2014-05-28,0.001277290231629153,0.0,1.0792312019420922e-05,0.0012664979196097322,0.9911682093510712,0.20332943193334393,0.0
2014-05-29,0.0018590651217742342,0.0,1.0760138034799965e-05,0.0018483049837394341,0.9898379924949375,0.20434791595454013,0.0
2014-05-30,0.0014402435421927659,0.0,1.0737360214289277e-05,0.0014295061819784767,0.9896538464797342,0.2058265508366171,0.0
2014-06-02,-0.0016432023783665797,0.0,3.1961044040137254e-05,-0.001675163422406717,0.9846896664675254,0.20697092815751883,0.0
2014-06-03,-0.0017815095246053244,6.168065532207164e-06,1.0672275478591297e-05,-0.001798349865616123,1.0000000000288132,0.22092389009164856,0.03055802161026694
2014-06-04,0.00019339014830374235,0.0,1.0712323605681279e-05,0.00018267782469806108,1.001536808449341,0.21953718523460766,0.0
2014-06-05,-0.0001299105550100619,0.0,1.0699918339518491e-05,-0.0001406104733495804,1.0007844815955615,0.21969044281071173,0.0
2014-06-06,0.002920292061573926,0.0,1.0748398591482273e-05,0.002909543662982444,1.0042245062858859,0.21959140910767982,0.0
2014-06-09,-0.001728124576882464,0.0,3.216796104501078e-05,-0.0017602925379274748,1.0046198906168324,0.22186617185490332,0.0
2014-06-10,-0.003588911806658092,5.071049942820757e-05,1.0693264341488432e-05,-0.003650315570427788,1.0000000000002285,0.219391703071573,0.2500000000000274
2014-06-11,-0.0004431961431392944,0.0,1.0786847994428408e-05,-0.0004539829911337228,1.0040333292121777,0.21659342561890393,0.0
2014-06-12,-0.0030201714370980703,0.0,1.0792159167824018e-05,-0.003030963596265894,1.0040760218235456,0.21624840257239233,0.0
2014-06-13,0.0003814123005219535,0.0,1.0908548918640007e-05,0.0003705037516033135,1.010200554029992,0.21387648296927153,0.0
2014-06-16,-4.9685345840608046e-05,0.0,3.284175298515869e-05,-8.252709882576673e-05,1.013327863955584,0.21417854131672268,0.0
2014-06-17,-0.0018500907531559451,5.163262363735621e-05,1.3501136507417252e-05,-0.0019152245133007186,0.9999999999529742,0.014417034911514803,0.25000000004111134
2014-06-18,0.0014623403897327419,0.0,1.3561788090499863e-05,0.001448778601642242,1.0026015894694316,0.012591058862941568,0.0
2014-06-19,-0.010582127435569048,0.0,1.357383808397514e-05,-0.010595701273653023,1.0049232485735835,0.014033068443398133,0.0
2014-06-20,0.0005407557279895269,0.0,1.404922523214255e-05,0.0005267065027573844,1.029081339676658,0.0034878977302519043,0.0
2014-06-23,-0.0009107861729324128,0.0,4.217115188917693e-05,-0.0009529573248215897,1.030191228627279,0.004026532657307319,0.0
2014-06-24,0.0011667532847493072,2.936964893497101e-05,1.5068493150572823e-05,0.0011223151426637632,0.999999999995221,-0.09999999999659491,0.1427443360627208
2014-06-25,-0.0014613973303205998,0.0,1.5036568733239128e-05,-0.0014764338990538388,0.9989470685140582,-0.09872244901239816,0.0
2014-06-26,1.3039487908892658e-05,0.0,1.5100828080087242e-05,-2.061340171194584e-06,1.0020284699673971,-0.10033197987897124,0.0
2014-06-27,0.0015489135956785682,0.0,1.5099962565886383e-05,0.0015338136331126818,1.001978120126756,-0.10031914718295033,0.0
2014-06-30,-0.0026915445452726917,0.0,4.519539696073263e-05,-0.0027367399422334243,1.0011356889119396,-0.09861897046588772,0.0
2014-07-01,-0.00013334825226632516,1.3693092055870322e-06,1.5068493150704511e-05,-0.0001497860546226167,1.000000000001916,-0.09999999999951345,0.006821851148857805
2014-07-02,-0.0013550234676885692,0.0,1.5081557108836367e-05,-0.0013701050247974056,1.0008053198671898,-0.10014834907786506,0.0
2014-07-03,-0.0017034532188049583,0.0,1.5117596608803325e-05,-0.0017185708154137617,1.0019419188140208,-0.10164263362862186,0.0
2014-07-07,0.0033202247107972363,0.0,6.062573372239506e-05,0.003259598977074841,1.002895640260891,-0.10352400017281868,0.0
2014-07-08,0.0019513675455822208,0.0,1.5032824396290592e-05,0.0019363347211859303,0.9975179683866279,-0.09987821254258555,0.0
2014-07-09,-0.00030947591072949494,4.0819766501153174e-05,1.2328767123558418e-05,-0.0003626244443542065,1.0000000000434517,0.10000000002368711,0.2021013448606791
2014-07-10,-0.0038986466703000737,0.0,1.2360747279908585e-05,-0.003911007417579982,1.0020612388809074,0.09972668744758056,0.0
2014-07-11,7.437846143058696e-05,0.0,1.2488858756350816e-05,6.188960267423615e-05,1.0078909857080829,0.0962042964944734,0.0
2014-07-14,0.008323840492210301,0.0,3.752405937305589e-05,0.008286316432837245,1.0093581614200804,0.0962727166757206,0.0
2014-07-15,0.001985366171600886,0.0,1.2209560423709334e-05,0.001973156611177177,0.9950348708232626,0.10373695989248125,0.0
2014-07-16,0.00030954356019980523,5.037951257669109e-05,1.2131211024509664e-05,0.00024703283659860447,0.9999999999932844,0.11442159520407877,0.2500000000017392
2014-07-17,-0.009669093486953894,0.0,1.2158000252679279e-05,-0.009681251487206574,1.0022368218509747,0.11470280340538752,0.0
2014-07-18,0.007327994021181997,0.0,1.2421262647308916e-05,0.007315572758534688,1.0128126816264031,0.10606050837285227,0.0
2014-07-21,-0.0021873223727005777,0.0,3.673629108683476e-05,-0.0022240586637874123,1.0064814412116099,0.11256502476529745,0.0
2014-07-22,0.0019256362238238964,0.0,1.2293822932556816e-05,0.0019133424008913396,1.0080728101478742,0.11062373607122664,0.0
2014-07-23,0.0018706283000067894,5.1853044848911775e-05,8.775834790139509e-06,0.001809999420367738,1.0000000000320541,0.35936406035186996,0.2500000000272834
2014-07-24,0.0019284847021734208,0.0,8.757413311836905e-06,0.001919727288861584,0.9998732071409437,0.3605820353768497,0.0
2014-07-25,-0.004967591383945145,0.0,8.690344486566817e-06,-0.004976281728431712,0.9962110796798872,0.3618159321605098,0.0
2014-07-28,0.0009782380655476758,0.0,2.6390351876624816e-05,0.000951847713671051,1.0007982286176555,0.3586329996197852,0.0
2014-07-29,-0.0017302445437414416,0.0,8.779815669320046e-06,-0.0017390243594107616,1.0001958119143066,0.3592692680539433,0.0
2014-07-30,0.0004954308062832591,5.1361310837637786e-05,1.0155002013995877e-05,0.0004339144934316254,1.0000000000275293,0.25868485300583033,0.24743943499010088
2014-07-31,-0.009108574610648967,0.0,1.0124356266139853e-05,-0.009118698966915107,0.9981458779365269,0.2590678705083176,0.0
2014-08-01,-0.0015565610399074414,0.0,1.0206114927093712e-05,-0.0015667671548345351,0.9973059647016739,0.252259575023833,0.0
2014-08-04,0.0036265327037187985,0.0,3.069412801955142e-05,0.003595838575699247,0.9979868720888903,0.251096423613139,0.0
2014-08-05,-0.0053773334879136155,0.0,1.0205994509526243e-05,-0.005387539482423142,0.9988478946609289,0.2538102954655133,0.0
2014-08-06,-0.0030718705427886404,3.278538300630767e-05,1.101196894799242e-05,-0.0031156678947429407,0.9999999999809022,0.19612626677745545,0.15690082626503468
2014-08-07,0.0004343591047113456,0.0,1.1137221769607537e-05,0.00042322188294173805,1.0066749587111083,0.19365776952975816,0.0
2014-08-08,0.0013391472630122018,0.0,1.1090087330485073e-05,0.0013280571756817167,1.0035863944741816,0.19401001934877132,0.0
2014-08-11,0.0026078810614143934,0.0,3.3457795064379e-05,0.0025744232663500143,1.0092297557365535,0.1950900758366643,0.0
2014-08-12,-0.0004274056504842721,0.0,1.1134081337174011e-05,-0.0004385397318214461,1.0099782432011786,0.19719030558747555,0.0
2014-08-13,0.005948923088038955,5.516516196298857e-05,1.0971517207739158e-05,0.005882786408868227,0.9999999999991093,0.19907924383415085,0.25000000000051936
2014-08-14,0.0011001734348255246,0.0,1.0887011938987465e-05,0.001089286422886537,0.9985809555034383,0.20382908395735347,0.0
2014-08-15,0.0015169766867680421,0.0,1.0891005719467258e-05,0.0015060856810485748,0.9997496911487467,0.2047062736276367,0.0
2014-08-18,0.004748793619830849,0.0,3.2568978945780623e-05,0.004716224640885069,0.99842494851553,0.20591312750153476,0.0
2014-08-19,0.0024501406459748703,0.0,1.079413469449435e-05,0.002439346511280376,0.9976448885867414,0.2096730558886538,0.0
2014-08-20,0.0027508831237713647,5.244163351062306e-05,1.4224561456582288e-05,0.002684216928804159,1.0000000000307636,-0.03839298629974365,0.2500000000295979
2014-08-21,-0.0005702019603049189,0.0,1.414148522415218e-05,-0.0005843434455290711,0.9967817332092423,-0.035546688153866635,0.0
2014-08-22,-0.0009019466502941612,0.0,1.4179306015624712e-05,-0.000916125956309786,0.9989513320188363,-0.03613800712176772,0.0
2014-08-25,-0.0021965951661098706,0.0,4.2545449299910956e-05,-0.0022391406154097814,0.9981986814803845,-0.03707391815078187,0.0
2014-08-26,-0.0009995111777388814,0.0,1.4302218927273653e-05,-0.001013813396666155,1.004703338838306,-0.03935864285267057,0.0
2014-08-27,-0.0009211398410249089,5.0922376893694623e-05,1.1764791234511215e-05,-0.0009838270091531147,0.9999999999996828,0.141170239880364,0.25000000000075706
2014-08-28,-0.004505921628269053,0.0,1.1820333327000975e-05,-0.004517741961596053,1.0032715496460134,0.1403872167749422,0.0
2014-08-29,0.00019309078352858623,0.0,1.1957515643048436e-05,0.0001811332678855378,1.0093965996403726,0.13649795769783682,0.0
2014-09-02,0.007558462483344237,0.0,4.797615611887178e-05,0.007510486327225365,1.0122311428383932,0.13666629366898328,0.0
2014-09-03,0.0036761995266148596,0.0,1.1704422202976893e-05,0.0036644951044118826,0.9975724536098056,0.1431496327924922,0.0
2014-09-04,-0.0007416254047967341,5.076126581300951e-05,8.453936331730737e-06,-0.0008008406069414743,1.000000000105594,0.38286264788924995,0.25000000008344025
2014-09-05,0.004592537120128764,0.0,8.423287469588387e-06,0.004584113832659176,0.9973272710640638,0.3824272857841116,0.0
2014-09-08,-0.0030078353745297227,0.0,2.5110984463334493e-05,-0.0030329463589930574,0.9962877310162511,0.3852537757417783,0.0
2014-09-09,-0.008445108559535794,0.0,8.426623728862538e-06,-0.008453535183264657,0.9985523308941981,0.38340879868723293,0.0
2014-09-10,0.001338907493230212,0.0,8.59579615571631e-06,0.0013303116970744956,1.0056536024435936,0.37816048307630307,0.0
2014-09-11,0.003750995702305942,5.05337336712944e-05,7.388483658345651e-06,0.003693073484976302,1.00000000009484,0.4606406930356074,0.2500000000705286
2014-09-12,-0.007325033792183487,0.0,7.237059479789288e-06,-0.0073322708516632765,0.990988308566844,0.4626829665422261,0.0
2014-09-15,-0.005280397748988213,0.0,2.181192034787977e-05,-0.005302209669336092,0.9894781307823622,0.45872140231728775,0.0
2014-09-16,0.001912208727940043,0.0,7.382212875455984e-06,0.001904826515064587,0.9947595994879342,0.4558580595796476,0.0
2014-09-17,-0.0028874723760178808,0.0,7.4442557743878275e-06,-0.0028949166317922687,1.0003306246923842,0.45689995316207277,0.0
2014-09-18,0.005854465755018667,5.138972592417908e-05,1.0781048176609018e-05,0.005792294980917879,1.0000000000459033,0.21298348315344515,0.2500000000180885
2014-09-19,0.004104074817018746,0.0,1.055816882956912e-05,0.004093516648189177,0.9883239993931054,0.21757767483455973,0.0
2014-09-22,-0.002479364774400022,0.0,3.124909443169084e-05,-0.002510613868831713,0.9811726224399098,0.22077799126876613,0.0
2014-09-23,7.240706243770442e-05,0.0,1.0417646307541333e-05,6.198941613016309e-05,0.9793362499433188,0.2188480694928016,0.0
2014-09-24,-0.0029334523447692444,0.0,1.0382781421103873e-05,-0.002943835126190348,0.9768499503844925,0.21890690664390966,0.0
2014-09-25,-0.0038100881866450433,5.142934351352344e-05,1.4156012031879697e-05,-0.0038756735421904467,1.0000000000669105,-0.033388878260307425,0.2500000000491206
2014-09-26,0.0012188287580929896,0.0,1.4199078130652346e-05,0.0012046296799623371,0.9991890051066926,-0.037343698430928794,0.0
2014-09-29,-0.008590978820360137,0.0,4.271905737455208e-05,-0.008633697877734688,1.0034156578392188,-0.03608140494154854,0.0
2014-09-30,0.005347360726614931,0.0,1.4565560281741084e-05,0.00533279516633319,1.0182244700279772,-0.04506143053912191,0.0
2014-10-01,0.0021810292731261486,0.0,1.433469335026492e-05,0.002166694579775884,1.0069292083306753,-0.039503406238663746,0.0
2014-10-02,0.001814275742851913,5.3143349450747625e-05,1.5357249119942793e-05,0.0017457751442812226,1.0000000000204334,-0.12107918573539027,0.25000000001374567
2014-10-03,0.005445997414570556,0.0,1.527400091122949e-05,0.0054307234136593266,0.9959450033887794,-0.11905706313097314,0.0
2014-10-06,-0.0031851687759217443,0.0,4.5355487927926776e-05,-0.003230524263849671,0.9906527981993788,-0.11299740804683976,0.0
2014-10-07,-0.0010417274934293901,0.0,1.5258770750072965e-05,-0.001056986264179463,0.9973311408546307,-0.11655912390069584,0.0
2014-10-08,0.009781330552303498,0.0,1.5230140388653857e-05,0.009766100411914844,0.9940749629679878,-0.11772528540374363,0.0
2014-10-09,0.001131909808522197,5.273930398929895e-05,1.2548451896127283e-05,0.0010666220526367707,1.0000000000916485,0.08396301167435669,0.25000000006885226
2014-10-10,-0.002616222792094788,0.0,1.242899732381171e-05,-0.0026286517894185996,0.9923210587091738,0.08500425407091894,0.0
2014-10-13,-0.0030026869887109565,0.0,3.735807602061443e-05,-0.003040045064731571,0.9916516880123489,0.08260517151073107,0.0
2014-10-14,0.007999036270028393,0.0,1.2510080883818778e-05,0.007986526189144574,0.9930811221004427,0.0798452175816718,0.0
2014-10-15,0.0006551352953528499,0.0,1.2278714119781929e-05,0.0006428565812330679,0.9834943728776434,0.08714824213356262,0.0
2014-10-16,-0.003583223407438893,5.0856861077552674e-05,1.1820492715175457e-05,-0.0036459007612316212,1.000000000114379,0.1371040319065706,0.25000000010968826
2014-10-17,0.003869977186951333,0.0,1.192789227215739e-05,0.0038580492946791757,1.0047455293162082,0.13400939344871865,0.0
2014-10-20,0.004133322021853132,0.0,3.5593538987073915e-05,0.004097728482866058,1.0034589182967768,0.13734946961131142,0.0
2014-10-21,0.003988697476516292,0.0,1.1797560887895481e-05,0.003976899915628397,1.0021273443803516,0.1409053995639817,0.0
2014-10-22,0.0059227979118682715,0.0,1.182043232425094e-05,0.00591097747954402,1.007211709917475,0.14432015024715653,0.0
2014-10-23,0.0012360948436258283,4.964093471808969e-05,1.3211812201182276e-05,0.0011732420967065563,1.0000000000035287,0.03553770931722283,0.24358788393705208
2014-10-24,0.003229928868179026,0.0,1.3241548713194376e-05,0.0032166873194658316,1.0033637662086534,0.036730710145464085,0.0
2014-10-27,0.0011934506252119133,0.0,3.946131113839459e-05,0.0011539893140735187,1.0000577479838484,0.03983251028291353,0.0
2014-10-28,0.00039130680458560697,0.0,1.3100688222108712e-05,0.0003782061163634983,0.9973289121725163,0.04097867195858032,0.0
2014-10-29,0.00066163768966959,0.0,1.314893937644107e-05,0.0006484887502931489,1.001226912779681,0.04135433829948297,0.0
2014-10-30,0.009418543386293271,1.6821213376541947e-05,1.3221090182429315e-05,0.009388501082734299,1.0000000000068858,0.034860416689545884,0.08138033979402962
2014-10-31,0.01039542765173625,0.0,1.2876473116395948e-05,0.010382551178619855,0.983849651128913,0.043867113632008625,0.0
2014-11-03,0.003078849381820331,0.0,3.771140366874646e-05,0.003041137978151584,0.971349102863261,0.05370494692376382,0.0
2014-11-04,0.0023113033581987647,0.0,1.247285571771853e-05,0.0022988305024810463,0.9671300999133754,0.05661163251992263,0.0
2014-11-05,0.009972488013529178,0.0,1.2356020039354397e-05,0.009960131993489824,0.9607772555799439,0.058787792707072795,0.0
2014-11-06,-0.001569673457580015,5.08290202201969e-05,1.1962063142465064e-05,-0.001632464540942677,0.9999999999918163,0.1267693905918665,0.2500000000000187
2014-11-07,-0.006191574536926581,0.0,1.2033387432928848e-05,-0.00620360792435951,1.0038417180322061,0.12540443542840027,0.0
2014-11-10,0.005623493327690336,0.0,3.6938207978037954e-05,0.005586555119712298,1.018786754721934,0.11995702725634358,0.0
2014-11-11,-0.0047256427641663885,0.0,1.2068423916342014e-05,-0.00473771118808273,1.0058778015205307,0.12488285562756367,0.0
2014-11-12,0.0026558621074012096,0.0,1.2254580101119203e-05,0.0026436075273000904,1.0153135402930835,0.12072919291138164,0.0
2014-11-13,0.0034514292726236144,5.0424048966145887e-05,1.2037100571898059e-05,0.003388968123085571,1.00000000001714,0.12129165826858185,0.25000000001337686
2014-11-14,-0.010833251139171439,0.0,1.191078021991925e-05,-0.010845161919391357,0.993808721096576,0.12432176504247072,0.0
2014-11-17,0.0023177536050753974,0.0,3.709037973381922e-05,0.0022806632253415783,1.0172653833260146,0.1147328098030804,0.0
2014-11-18,-0.0008577729027736966,0.0,1.2268089900656362e-05,-0.000870040992674353,1.012354780684921,0.11678421793700655,0.0
2014-11-19,0.001325357709397231,0.0,1.2306125409807885e-05,0.001313051583987423,1.0143745485389335,0.11602739362295804,0.0
2014-11-20,-0.0010685537656558736,5.0603996840862666e-05,8.778383239235724e-06,-0.001127936145735972,0.9999999999467309,0.3591780234825231,0.2500000000228937
2014-11-21,-0.0004048391960496402,0.0,8.86072035906578e-06,-0.000413699916408706,1.005346436659336,0.35851385044753403,0.0
2014-11-24,0.0018650050908952975,0.0,2.6885695451327932e-05,0.0018381193954439695,1.012475811550022,0.3582572222343755,0.0
2014-11-25,0.0007287752561473637,0.0,8.9048286985516e-06,0.0007198704274488121,1.0095139891751683,0.3594614941809017,0.0
2014-11-26,0.0023906888855548406,0.0,8.93354433860681e-06,0.002381755341216234,1.0120799023532883,0.3599311656349913,0.0
2014-11-28,0.020286663408007787,1.0177265876627832e-05,1.6438356165356676e-05,0.020260047785965803,1.0000000000441736,0.40000000000865493,0.05049594036862359
2014-12-01,-0.014482965323135113,0.0,2.282262498090097e-05,-0.014505787948116014,0.9672912658521866,0.41194072465026293,0.0
2014-12-02,0.0016567182121710578,0.0,8.044405951563138e-06,0.0016486738062194946,0.9905496949950647,0.40330806053095575,0.0
2014-12-03,0.002258456387348563,0.0,7.93955305148037e-06,0.002250516834297083,0.9838855956112744,0.40429822285320766,0.0
2014-12-04,0.001535074442660278,0.0,7.893764012803515e-06,0.0015271806786474745,0.9818885440396132,0.4056437711049568,0.0
2014-12-05,0.001466862560336891,2.4529039443021628e-05,9.731556537065778e-06,0.0014326019643568035,1.0000000001420994,0.2895963729362976,0.12019864349121895
2014-12-08,0.00666644560269759,0.0,2.892859329425747e-05,0.006637517009403332,0.9945759577359112,0.29064685424231274,0.0
2014-12-09,-0.00642198020638211,0.0,9.4690836231369e-06,-0.006431449290005247,0.9865959945027615,0.2953528900137675,0.0
2014-12-10,0.0043668212628139545,0.0,9.732871936341144e-06,0.0043570883908776135,1.0013008342213812,0.2908011828684776,0.0
2014-12-11,0.004021309012028758,0.0,9.583637995600543e-06,0.004011725374033158,0.9934930839509009,0.2938875102720613,0.0
2014-12-12,0.004342975137801745,5.083841993735656e-05,9.479282768423497e-06,0.004282657435095964,1.0000000000315397,0.3080123579366245,0.2500000000037379
2014-12-15,0.00917476903575333,0.0,2.8058109206369182e-05,0.009146710926546961,0.9937706507334456,0.31102332671179556,0.0
2014-12-16,0.004709269827674728,0.0,8.946426041549152e-06,0.004700323401633178,0.9703849830694664,0.3172958820363784,0.0
2014-12-17,0.002139403139993808,0.0,8.800741588046387e-06,0.0021306023984057616,0.9629528402314061,0.32049870430401983,0.0
2014-12-18,-0.000934609237946368,0.0,8.811353905215949e-06,-0.000943420591851584,0.9651809904902905,0.32195215540952626,0.0
2014-12-19,-0.009344406537624602,4.119369694816186e-05,1.198379537309309e-05,-0.009397584029945859,1.0000000000440195,0.12518293780822382,0.19994549629446848
2014-12-22,0.016887596494362195,0.0,3.731320281062225e-05,0.01685028329155157,1.024892062610661,0.11693746088551941,0.0
2014-12-23,-0.010137980664291849,0.0,1.1853625212952617e-05,-0.0101498342895048,0.9969220753654331,0.13160743481989204,0.0
2014-12-24,0.005297745913230146,0.0,1.215608441420108e-05,0.005285589828815945,1.0101091532155526,0.12271499097887376,0.0
2014-12-26,0.001067463925211918,0.0,2.3899092600976806e-05,0.0010435648326109412,0.9996565515546434,0.1273396716189898,0.0
2014-12-29,0.009750391931742665,7.955778771718527e-07,3.59870759409516e-05,0.009713609277924543,1.0000000000943887,0.12431448553123325,0.003958788618087055
2014-12-30,-0.003895558590926575,0.0,1.168880778854473e-05,-0.00390724739871512,0.9860581200830655,0.1327751515193002,0.0
2014-12-31,0.0036295067356601303,0.0,1.184331268337977e-05,0.0036176634229767505,0.9939469585380813,0.12938513265135806,0.0
2015-01-02,0.010507674814079368,0.0,2.331452030374995e-05,0.010484360293775618,0.9835151628308152,0.13253517174394214,0.0
2015-01-05,0.010521505978493178,0.0,3.423020268465018e-05,0.010487275775808528,0.9744936261984116,0.14155869420525719,0.0
2015-01-06,0.009706287292469392,7.707353973907954e-06,1.1919058291363898e-05,0.00968666088020412,0.9999999999928605,0.12990874472329592,0.037847324683730754
2015-01-07,0.0007412328016377608,0.0,1.1683927468386286e-05,0.0007295488741693746,0.99120230833234,0.13827560314014106,0.0
2015-01-08,-0.0014534051755550551,0.0,1.172450421094392e-05,-0.001465129679765999,0.9948042977011303,0.13891549030222414,0.0
2015-01-09,0.0028462913524760327,0.0,1.1746908916037616e-05,0.002834544443559995,0.9951881312879332,0.1376637804171872,0.0
2015-01-12,0.011645439438131412,0.0,3.503769396952486e-05,0.011610401744161888,0.9926968020753797,0.14011291548360813,0.0
2015-01-13,-0.0015846172444059677,5.2056869725443185e-05,8.900188853745968e-06,-0.0016455743029851568,1.0000000000320057,0.3502862137085501,0.25000000002711253
2015-01-14,-0.00495358461439782,0.0,8.965946835429205e-06,-0.00496255056123325,1.0037904756476381,0.3492763566613063,0.0
2015-01-15,0.011975564905625544,0.0,9.203530066805063e-06,0.011966361375558739,1.0178977079849374,0.34604001310816757,0.0
2015-01-16,-0.011190415444547014,0.0,8.846431279662383e-06,-0.011199261875826677,0.9995715770485308,0.3537820936331768,0.0
2015-01-20,0.011664674178251287,0.0,3.707524741692856e-05,0.011627598930834359,1.0230951731758346,0.34647190781688836,0.0
2015-01-21,-0.00596954081173932,1.5151983599005449e-06,8.904337804514297e-06,-0.005979960347903734,0.9999999999856368,0.3499833402560931,0.007538609721459529
2015-01-22,0.009101020680616613,0.0,9.060390743332941e-06,0.00909196028987328,1.0074918885028803,0.34608336423957564,0.0
2015-01-23,0.00854856278547448,0.0,8.899185847232554e-06,0.008539663599627247,1.001624725772562,0.35198415892458546,0.0
2015-01-26,0.00235020692003272,0.0,2.609637384737834e-05,0.0023241105461853416,0.9924917267012743,0.3574799630817347,0.0
2015-01-27,-0.007805529380993175,0.0,8.619485263514034e-06,-0.00781414886625669,0.9882182482576478,0.3589958240211234,0.0
2015-01-28,0.008562877833822216,4.8287152981469635e-05,8.906162906194643e-06,0.008505684517934552,1.0000000000710958,0.3498501079188867,0.23915255644496308
2015-01-29,0.0028360396253029915,0.0,8.614395073019281e-06,0.0028274252302299724,0.98424098959271,0.3553901492623022,0.0
2015-01-30,-0.016098295646175716,0.0,8.560866809213256e-06,-0.016106856512984928,0.9821594639008882,0.35721618682832024,0.0
2015-02-02,-0.00802598596677616,0.0,2.725289935906522e-05,-0.008053238866135225,1.0098560577448068,0.34670217334088627,0.0
2015-02-03,-0.01441147457041186,0.0,9.406471491386355e-06,-0.014420881041903246,1.0280981895314958,0.34142577066029167,0.0
2015-02-04,0.013564567851182699,1.1291437128808462e-05,8.789020187453168e-06,0.013544487393866437,1.0000000000252953,0.35840152634121414,0.05540005726956544
2015-02-05,-0.006423780936605125,0.0,8.307903281507797e-06,-0.006432088839886632,0.9734722701140345,0.3669953305639654,0.0
2015-02-06,-0.009367181094341358,0.0,8.56999781490358e-06,-0.009375751092156262,0.9885156324094699,0.36290579192150885,0.0
2015-02-09,-0.0063878988065708174,0.0,2.620761310200912e-05,-0.006414106419672826,0.9946032581691071,0.3568846726868853,0.0
2015-02-10,0.011171622403847654,0.0,8.906900380008087e-06,0.011162715503467646,1.0029631380189714,0.352759410278381,0.0
2015-02-11,0.004538538785506305,1.2484327896196653e-05,8.773069193327236e-06,0.004517281388416781,0.9999999999945577,0.3595659488816694,0.06066963138716053
2015-02-12,-0.004401515625174927,0.0,8.636191570025703e-06,-0.004410151816744953,0.9929091062963536,0.3624671216844774,0.0
2015-02-13,-0.006620480050957799,0.0,8.860561088937243e-06,-0.006629340612046736,1.0064726842590963,0.35965172476667767,0.0
2015-02-17,-0.00392307247519608,0.0,3.630259251366554e-05,-0.003959375067709746,1.0179095410716923,0.3553872276972963,0.0
2015-02-18,0.008418273297838504,0.0,9.15008954465339e-06,0.00840912320829385,1.0208178020780596,0.3528612653183622,0.0
2015-02-19,-0.002263307932361171,5.062111315624812e-05,8.800158756988396e-06,-0.0023227292042744072,1.000000000005158,0.3575884107450053,0.25000000000513134
2015-02-20,0.0056041654901905266,0.0,8.776414995318954e-06,0.005595389075195208,0.9968306429314326,0.3561523482731491,0.0
2015-02-23,0.00969964797540608,0.0,2.5918237455010104e-05,0.009673729737951069,0.9904207197127899,0.35974360830754415,0.0
2015-02-24,0.0001723718206537896,0.0,8.398405299493606e-06,0.000163973415354296,0.9789871905735459,0.36590360371051245,0.0
2015-02-25,-0.006356642788988442,0.0,8.386125501693806e-06,-0.006365028914490136,0.9782031202680009,0.3660159586443532,0.0
2015-02-26,0.00629806008395672,4.9861372913840015e-05,1.1857914854649898e-05,0.00623634079618823,1.000000000019583,0.13437221563014057,0.23808933358091572
2015-02-27,-9.161714836107871e-05,0.0,1.1536353365891404e-05,-0.00010315350172697012,0.981952240678569,0.13979844496849653,0.0
2015-03-02,-0.0011875588394106979,0.0,3.485565088104926e-05,-0.001222414490291747,0.9878754119942296,0.13972124055536433,0.0
2015-03-03,-0.0029738510968912797,0.0,1.1597530304582964e-05,-0.002985448627195863,0.9853229467942861,0.13870323455972974,0.0
2015-03-04,-0.004815578721247935,0.0,1.1683125070761727e-05,-0.004827261846318697,0.9890039400953112,0.1361358099297053,0.0
2015-03-05,0.004959154941323726,3.2006632948410594e-05,1.2328767123562592e-05,0.004914819541251753,1.0000000000508007,0.10000000003073159,0.1474531380193184
2015-03-06,-0.0017999775269244916,0.0,1.2160940500005773e-05,-0.0018121384674244974,0.9921944791025494,0.10444582260212826,0.0
2015-03-09,0.002561613712350804,0.0,3.608837852609666e-05,0.0025255253338247073,0.9809827353796667,0.10283219124464767,0.0
2015-03-10,0.010032574540101457,0.0,1.2009564625852988e-05,0.010020564975475604,0.9818265184573697,0.10512830077010168,0.0
2015-03-11,0.00364706811534352,0.0,1.1721542540740156e-05,0.00363534657280278,0.969690952529172,0.11401834705514075,0.0
2015-03-12,0.005602964632693199,7.734385464354897e-06,1.2601724820436339e-05,0.005582628522408408,1.000000000095546,0.08007408820369305,0.03716512191469831
2015-03-13,0.011180119790515947,0.0,1.2425034310901609e-05,0.011167694756205045,0.9922289097382644,0.08520140504244704,0.0
2015-03-16,0.004290027940210385,0.0,3.602347817325263e-05,0.004254004462037133,0.9718883552949283,0.09531705307911442,0.0
2015-03-17,0.005759090988639737,0.0,1.189635388893808e-05,0.0057471946347507985,0.9676189808540623,0.09918514696158241,0.0
2015-03-18,-0.00805181293257182,0.0,1.1709354902852514e-05,-0.008063522287474673,0.9591274574233173,0.10434454951508357,0.0
2015-03-19,0.01250432239204751,4.627790772132797e-05,1.4374643382507257e-05,0.012443669840943675,0.9999999999953593,-0.04934896692767066,0.22169279996007757
2015-03-20,-0.0028261243232502783,0.0,1.3900037323685664e-05,-0.002840024360573964,0.9783109276005715,-0.036391797028482054,0.0
2015-03-23,-0.006341951741579442,0.0,4.2270053347188083e-05,-0.00638422179492663,0.9892416796887553,-0.03932961842615462,0.0
2015-03-24,0.0011519129214997276,0.0,1.4299212977177567e-05,0.00113761370852255,0.9978775262769921,-0.045965021056970284,0.0
2015-03-25,-0.007414461714310099,0.0,1.4264261815399389e-05,-0.007428725976125498,0.9965289264651689,-0.044762186058986436,0.0
2015-03-26,-0.007954629979150092,4.881485742758871e-06,1.4091757910554518e-05,-0.007973603222803405,1.0000000000225682,-0.028698327447911454,0.023956242415936097
2015-03-27,0.014989401021152336,0.0,1.4350705080853295e-05,0.014975050316071483,1.010653908270755,-0.036947562631535036,0.0
2015-03-30,0.0017738529734892012,0.0,4.1388177683986296e-05,0.0017324647958052149,0.9854781350953424,-0.021634188548324135,0.0
2015-03-31,0.004968365842468234,0.0,1.3805946929076228e-05,0.0049545598955391575,0.9880081380735469,-0.019825987749017726,0.0
2015-04-01,-0.007623734362981815,0.0,1.3569940845330179e-05,-0.007637304303827145,0.9758213098584056,-0.014784371850697337,0.0
2015-04-02,-0.005786641721161589,2.9509565746868036e-06,1.3901080081640142e-05,-0.005803493757817916,1.0000000000101756,-0.01477884594955478,0.014660079990890362
2015-04-06,-0.0065388085589176215,0.0,5.6395637085238817e-05,-0.00659520419600286,1.0085348407555483,-0.020685536050060044,0.0
2015-04-07,-0.005139113459023308,0.0,1.4371939847461204e-05,-0.005153485398870769,1.0217465221125508,-0.027405086752117058,0.0
2015-04-08,0.013293900435871421,0.0,1.459178226462098e-05,0.0132793086536068,1.0324873202459692,-0.032712785071362105,0.0
2015-04-09,0.00016825937471348293,0.0,1.4065245057471265e-05,0.00015419412965601167,1.0075984944725955,-0.019164394722806954,0.0
2015-04-10,-0.0017648572068993092,4.179572764541403e-05,1.3869131397727655e-05,-0.001820522065942451,1.0000000000108467,-0.01244659202327214,0.20668675183390495
2015-04-13,0.0009595081024133744,0.0,4.190450565475835e-05,0.0009176035967586161,1.0054389355917834,-0.014237368674003464,0.0
2015-04-14,-0.005340108306448063,0.0,1.3916107334399053e-05,-0.005354024413782462,1.0026101474824973,-0.013265687928633307,0.0
2015-04-15,-0.012084320205094532,0.0,1.4117893882619483e-05,-0.012098438098977152,1.01190030509205,-0.018705948339172246,0.0
2015-04-16,-0.008308031199444777,0.0,1.4600929495239605e-05,-0.008322632128940017,1.0347005084172354,-0.03116734473525576,0.0
2015-04-17,-0.0012784159549928103,5.0774545159863336e-05,1.401101115045098e-05,-0.0013432015113031247,1.0000000000013647,-0.02280381398155687,0.2500000000008292
2015-04-20,0.008384136632802216,0.0,4.182674716747965e-05,0.008342309885634737,0.9936695603437772,-0.024114620731560732,0.0
2015-04-21,0.003567316793159869,0.0,1.370857808360385e-05,0.003553608215076265,0.9851258588850846,-0.015600341217996444,0.0
2015-04-22,0.0006977214261798298,0.0,1.3583377225934299e-05,0.0006841380489538956,0.9795961223062778,-0.011990415186926173,0.0
2015-04-23,-0.004122187142688225,0.0,1.3578896432790658e-05,-0.004135766039121016,0.9799744663125749,-0.011284973281143168,0.0
2015-04-24,0.0016149982859908283,2.15100714092542e-05,1.3943780459037438e-05,0.0015795444341225367,0.9999999999923455,-0.017895973517387614,0.10632440198512468
2015-04-27,0.0012692171782410012,0.0,4.1723140308164786e-05,0.0012274940379328363,0.9990077815680903,-0.016255299263919498,0.0
2015-04-28,-0.002260330865840041,0.0,1.3786572620615653e-05,-0.0022741174384606566,0.9914520919932057,-0.014967709311736882,0.0
2015-04-29,-0.011653332337431934,0.0,1.3861344378284343e-05,-0.011667193681810219,0.9946108315507967,-0.017267308063960263,0.0
2015-04-30,-0.014166134478736605,0.0,1.4221784411070613e-05,-0.014180356263147675,1.0089282156443093,-0.0292620463638453,0.0
2015-05-01,0.004789634310991814,7.739943236109785e-06,1.3833951485625186e-05,0.004768060416270079,0.9999999999818064,-0.009878458468832091,0.03788441823516798
2015-05-04,0.0010562604591714381,0.0,4.121634558392535e-05,0.0010150441135875128,0.99786640039635,-0.005064675479166836,0.0
2015-05-05,-0.00973491748018289,0.0,1.3726175493202974e-05,-0.009748643655676093,0.998006460576152,-0.004004350427665088,0.0
2015-05-06,-0.0026831599416946945,0.0,1.3980512749180774e-05,-0.002697140454443875,1.006702904975262,-0.013874525714934333,0.0
2015-05-07,0.010245741138223758,0.0,1.402245387797192e-05,0.010231718684345786,1.0070366682557679,-0.016602464836182218,0.0
2015-05-08,-0.00377524449277419,1.6065420737396565e-06,1.3781043108970406e-05,-0.0037906320779569,1.0000000000275218,-0.006016146927317834,0.00795936026026724
2015-05-11,0.0013805488364059977,0.0,4.211164683693055e-05,0.001338437189569067,1.0148880914893663,-0.009828648209277119,0.0
2015-05-12,-0.008288283841763862,0.0,1.3958289073185373e-05,-0.008302242130837047,1.0105182951062275,-0.008436807236304772,0.0
2015-05-13,-0.0015820138685689437,0.0,1.4257146863152354e-05,-0.0015962710154320962,1.0239066117110898,-0.016865109299032205,0.0
2015-05-14,-0.0010130417700020891,0.0,1.428503966844905e-05,-0.0010273268096705381,1.0243312789412293,-0.018476616855550937,0.0
2015-05-15,-7.256025173748196e-05,2.385869072256477e-05,1.3909377569158095e-05,-0.00011032832002920483,1.0000000000117237,-0.015384562536817137,0.11607636776503556
2015-05-18,0.003840566014843576,0.0,4.173110726133896e-05,0.0037988349075822373,0.9999981150241338,-0.015458828335114472,0.0
2015-05-19,0.011552599779625701,0.0,1.3849778112211151e-05,0.01153875000151349,0.999459508701284,-0.01157429349012995,0.0
2015-05-20,0.0019271818092078752,0.0,1.3412473175789505e-05,0.0019137693360320857,0.9790890955850192,-2.1446247614631542e-05,0.0
2015-05-21,-0.004902275227584967,0.0,1.335340651854951e-05,-0.004915628634103516,0.9767007712438762,0.0019020953897621318,0.0
2015-05-22,0.00835505592249695,1.600974220910594e-05,1.3791576850540507e-05,0.008325254603437304,1.000000000021015,-0.006785110068441874,0.07593832100215031
2015-05-26,0.008177054588550236,0.0,5.386196746707283e-05,0.008123192621083164,0.9845378898435053,0.001556983569426268,0.0
2015-05-27,0.007936212190997348,0.0,1.3102116468160988e-05,0.007923110074529187,0.9661101060039594,0.009655603828207154,0.0
2015-05-28,0.0031842004374254347,0.0,1.2899067001832173e-05,0.0031713013704236024,0.9590854209153048,0.017453529781556232,0.0
2015-05-29,-0.002153286525593114,0.0,1.27469498066687e-05,-0.002166033475399783,0.9510998245443241,0.02057248865750913,0.0
2015-06-01,0.0005077084843050992,1.987016074746133e-05,4.1215800001522565e-05,0.0004466225235561154,0.9999999999959088,-0.002917800041140256,0.09599391245358811
2015-06-02,-0.009449069911327672,0.0,1.3766912810710794e-05,-0.009462836824138383,1.0025756195456954,-0.002409015636192363,0.0
2015-06-03,0.007949875243948789,0.0,1.4090133140011518e-05,0.007935785110808778,1.0166083505651706,-0.011971368655670306,0.0
2015-06-04,-6.418951100364213e-05,0.0,1.3785730784494615e-05,-7.797524178813675e-05,1.002368516297596,-0.003989830970511088,0.0
2015-06-05,0.0038117023458354056,0.0,1.3722704571862577e-05,0.003797979641263543,0.9977030971265752,-0.0040543366193929176,0.0
2015-06-08,-0.010506084737500393,4.283962318291301e-05,4.111984030073323e-05,-0.010590044200984038,1.000000000015181,-0.0005827806359945675,0.20956362469569315
2015-06-09,-0.012166450523312429,0.0,1.4071818468079747e-05,-0.012180522341780508,1.0160351943055184,-0.011207553864302923,0.0
2015-06-10,-0.0006983265370344466,0.0,1.4559434586339589e-05,-0.0007128859716207862,1.0391765021839092,-0.02366222261888084,0.0
2015-06-11,0.008863747566000321,0.0,1.4686450369324995e-05,0.008849061115630996,1.047732949122036,-0.024377927838688668,0.0
2015-06-12,0.004481984509065175,0.0,1.4339807668160186e-05,0.004467644701397015,1.031427861236818,-0.015378098538875534,0.0
2015-06-15,-0.007318307540490206,5.122304049902962e-05,3.69863013713101e-05,-0.007406516882360546,1.0000000000787992,0.10000000004358689,0.25000000004375134
2015-06-16,0.00018139798771776416,0.0,1.2557858196293442e-05,0.00016884012952147071,1.0100969114824216,0.09337326315300049,0.0
2015-06-17,0.0021050469510427773,0.0,1.260261521073669e-05,0.0020924443358320407,1.0135297784099035,0.09353886802612547,0.0
2015-06-18,0.009146697831912706,0.0,1.254562467107281e-05,0.009134152207241633,1.0112748042829116,0.09544420329459652,0.0
2015-06-19,-0.000648830509568157,0.0,1.2323126235422537e-05,-0.0006611536358035795,1.0032324144211415,0.10364419923529632,0.0
2015-06-22,0.004811216753176095,1.494112082869724e-06,3.698630136945596e-05,0.0047727363397237705,0.9999999999897727,0.09999999999967783,0.007379933634793695
2015-06-23,-0.0001559916003431115,0.0,1.223554062065729e-05,-0.0001682271409637688,0.9975078219130488,0.10431335660506638,0.0
2015-06-24,-0.00406731951031905,0.0,1.2281880884355117e-05,-0.004079601391203405,1.0007521946065598,0.10417489004863634,0.0
2015-06-25,-0.005614987835082035,0.0,1.237032032481196e-05,-0.005627358155406847,1.0035510261635792,0.10051764245230614,0.0
2015-06-26,-0.0008398941637837891,0.0,1.2572895892600568e-05,-0.0008524670596763897,1.0132611283096191,0.09543972814977762,0.0
2015-06-29,-0.008888093077762296,5.1422596633297146e-05,3.6805029902008886e-05,-0.008976320704297602,1.0000000000212301,0.10441093907234711,0.25000000001152634
2015-06-30,-0.005955387899183597,0.0,1.242375295850604e-05,-0.005967811652142103,1.003322022069127,0.09638805609818589,0.0
2015-07-01,0.007347235791535196,0.0,1.271611983496136e-05,0.007334519671700234,1.0192523413575665,0.09097559340538747,0.0
2015-07-02,-0.003159895837716248,0.0,1.2490075045150902e-05,-0.0031723859127613992,1.0093824075502293,0.09760692925421338,0.0
2015-07-06,0.009129185595477226,0.0,5.036157111262331e-05,0.009078824024364603,1.013846282203194,0.09474760939781861,0.0
2015-07-07,0.004676857103863376,1.3188373509920116e-05,1.2245322954113998e-05,0.004651423407399342,1.0000000000085045,0.10609142435818272,0.06503056439155509
2015-07-08,-0.001457301501014777,0.0,1.2087596943463982e-05,-0.001469389097958241,0.9926500136156584,0.11025543674278765,0.0
2015-07-09,-0.003185820978903684,0.0,1.2018795012572724e-05,-0.0031978397739162567,0.9863302732055853,0.10895823728777629,0.0
2015-07-10,-0.0015017779012908052,0.0,1.2162593719682198e-05,-0.0015139404950104873,0.9939810862032472,0.1061117446664466,0.0
2015-07-13,-0.0001430025363670824,0.0,3.6868807209096576e-05,-0.00017987134357617897,1.0019095555826167,0.10476858016126675,0.0
2015-07-14,0.0023662979722456237,5.418362866065891e-05,8.94850695731094e-06,0.0023031658366276537,1.0000000000458094,0.34675899216211087,0.2500000000498372
2015-07-15,0.0019752793869154336,0.0,8.917243345711467e-06,0.0019663621435697222,0.9992818086353251,0.348323044398388,0.0
2015-07-16,0.006407226498288035,0.0,8.846912397941984e-06,0.006398379585890093,0.9954354672706164,0.3496108622208516,0.0
2015-07-17,0.0037227129487206532,0.0,8.735002711983653e-06,0.0037139779460086697,0.9914098302762149,0.35375463230140824,0.0
2015-07-20,0.004794435420837319,0.0,2.5964011201702713e-05,0.004768471409635616,0.987945534180588,0.35615459493915513,0.0
2015-07-21,-0.0019277768483678653,3.5105187703185294e-05,8.219178082603696e-06,-0.0019711012141536543,1.0000000000119407,0.39999999998187064,0.17182797769569985
2015-07-22,0.0018545487281839926,0.0,8.230746652859573e-06,0.001846317981531133,0.9997029190952519,0.39885841343650297,0.0
2015-07-23,-0.0013619419475388128,0.0,8.132239587601995e-06,-0.0013700741871264148,0.9936279719812033,0.3999744820862576,0.0
2015-07-24,-0.0017276871511712664,0.0,8.086605605217414e-06,-0.0017357737567764838,0.9894816273349514,0.39915941815407996,0.0
2015-07-27,0.001310803041707961,0.0,2.4017363308536942e-05,0.001286785678399424,0.982545289254417,0.39812278208001817,0.0
2015-07-28,0.0023326469856467524,4.623662446736879e-05,6.849315068178743e-06,0.002279561046111205,0.9999999999947659,0.5000000000177176,0.21518827037507082
2015-07-29,0.00191482169095585,0.0,6.892996451008805e-06,0.0019079286945048411,1.0043788943765015,0.5011901534528587,0.0
2015-07-30,0.0023805631891787313,0.0,6.9048751359840345e-06,0.0023736583140427474,1.006202799563357,0.5021469146365226,0.0
2015-07-31,0.0024519406957448347,0.0,6.870182011114441e-06,0.00244507051373372,1.0048560246990386,0.5033327378876844,0.0
2015-08-03,0.0019711296566247935,0.0,2.036805509744313e-05,0.0019507616015273504,1.0001736898098732,0.5045510157720904,0.0
2015-08-04,-0.0016038032291383888,2.2906717621046578e-05,6.84931506918063e-06,-0.001633559261828616,1.0000000000305227,0.4999999999803365,0.10730694150499401
2015-08-05,0.002252295043075895,0.0,6.893676548091745e-06,0.002245401366527803,1.0024500766394682,0.49921168862877074,0.0
2015-08-06,-0.006158368544320891,0.0,6.870093383554386e-06,-0.006165238637704446,1.0018573353875988,0.5003405183881287,0.0
2015-08-07,-0.002210668913787321,0.0,6.9190847968427206e-06,-0.0022175879985841637,1.0023409913697998,0.49724780120028134,0.0
2015-08-10,-0.0018712001955809305,0.0,2.0838587808568573e-05,-0.001892038783389499,1.0032096638847183,0.4961373605428831,0.0
2015-08-11,0.0010133504288958864,5.1615915650482295e-05,1.0339683509128325e-05,0.0009513948297362757,1.0000000000135494,0.2452031038471818,0.25000000000061817
2015-08-12,-0.0019524902416546786,0.0,1.0214031562809846e-05,-0.0019627042732174886,0.991606731951119,0.245982427866,0.0
2015-08-13,0.0036243107897784214,0.0,1.0250933937850885e-05,0.0036140598558405705,0.9928280155915985,0.24450983812848384,0.0
2015-08-14,0.004580013679225949,0.0,1.0097254038065847e-05,0.004569916425187883,0.9843401513461404,0.24724060656733354,0.0
2015-08-17,0.003910438870508898,0.0,2.9910213943490802e-05,0.0038805286565654074,0.9784902621481686,0.2506750561898925,0.0
2015-08-18,0.002038330204750079,1.0497364244351872e-05,1.0810718231802467e-05,0.0020170221222739243,1.0000000000398084,0.21081756911822816,0.05113741426979179
2015-08-19,-0.0006359915547180309,0.0,1.0688404577274838e-05,-0.0006466799592953057,0.9926809626413783,0.21242742850031526,0.0
2015-08-20,-0.010882747651438924,0.0,1.0620128868691876e-05,-0.010893367780307615,0.9871978942653543,0.21192848685084742,0.0
2015-08-21,-0.00444181443944076,0.0,1.0793668606384897e-05,-0.004452608108047145,0.9911977325760113,0.20325992430991388,0.0
2015-08-24,0.0005054969845767971,0.0,3.2103331654912315e-05,0.00047339365292188476,0.9808883986094086,0.1997073283398757,0.0
2015-08-25,-0.002432577272312871,2.7021334429939373e-05,1.2242561994299144e-05,-0.0024718411687371096,0.9999999999863654,0.1062929744025278,0.13172707361968983
2015-08-26,0.016851215521053915,0.0,1.2329217367461407e-05,0.016838886303686452,1.0041506275197085,0.10411775969502576,0.0
2015-08-27,-0.014999064013112687,0.0,1.1992059824068694e-05,-0.015011056072936756,0.9943860920574603,0.11896572490044555,0.0
2015-08-28,-0.015035476090867052,0.0,1.2779946085114206e-05,-0.015048256036952166,1.0384871584954993,0.10555109428216218,0.0
2015-08-31,-0.0197012444962769,0.0,4.0300997690799175e-05,-0.0197415454939677,1.0725561412884927,0.09189853081237953,0.0
2015-09-01,0.0090824538083201,5.097537843860034e-05,1.4264598170371345e-05,0.00901721383171113,1.0000000000116676,-0.041315666425440545,0.25000000000936473
2015-09-02,0.001047417534653494,0.0,1.3717459034699592e-05,0.0010337000756187942,0.9694293532213004,-0.03194515631176981,0.0
2015-09-03,-0.002841956779754965,0.0,1.3821750767327057e-05,-0.002855778530522292,0.9781219732514206,-0.030865832763454698,0.0
2015-09-04,0.0033960917314355354,0.0,1.393776088604814e-05,0.0033821539705494873,0.9836522174664047,-0.03380432721510937,0.0
2015-09-08,0.0015414102556812908,0.0,5.4959072755464176e-05,0.0014864511829258266,0.9726973409716486,-0.030305736815572637,0.0
2015-09-09,0.007146637743301813,5.17106532634135e-05,1.1879651224020589e-05,0.007083047438814379,0.9999999999924462,0.13278546063894328,0.25000000000931855
2015-09-10,-0.005071847059388462,0.0,1.1556350115119612e-05,-0.0050834034095035814,0.9825614820512566,0.13894792364752492,0.0
2015-09-11,0.0038523283792268413,0.0,1.177678449005359e-05,0.003840551594736788,0.9942653676324524,0.13456009985854045,0.0
2015-09-14,0.0048057246215937426,0.0,3.492418548575207e-05,0.00477080043610799,0.9877047287357059,0.13788288191573886,0.0
2015-09-15,-0.0007914490807117508,0.0,1.1446487402012536e-05,-0.0008028955681137634,0.9776046802668176,0.14201109991990252,0.0
2015-09-16,-0.011278849029659468,2.9582292483722567e-05,1.006250823278565e-05,-0.011318493830375977,1.0000000000706637,0.2654368990773114,0.14328702425860024
2015-09-17,0.002223461369288256,0.0,1.049676925125297e-05,0.002212964600037003,1.023331824213233,0.25706766887176613,0.0
2015-09-18,0.008809262395337048,0.0,1.0428424940836182e-05,0.008798833970396212,1.0199936158296605,0.2587185951486192,0.0
2015-09-21,-0.005910479160755228,0.0,3.0349823135579195e-05,-0.005940828983890808,1.003706818525378,0.2651944555596176,0.0
2015-09-22,0.0024898098785713003,0.0,1.0333810031938895e-05,0.0024794760685393612,1.0152016762078329,0.26083354387629365,0.0
2015-09-23,0.005983508961438035,5.06645655559211e-05,8.434697392187587e-06,0.005924409698489927,1.0000000000134999,0.384267090383806,0.2500000000109243
2015-09-24,-0.0018387942853632677,0.0,8.217672885782092e-06,-0.0018470119582490497,0.9878423321629702,0.38795221150087766,0.0
2015-09-25,-0.004498159431500923,0.0,8.29753278220721e-06,-0.004506456964283131,0.9925477860607217,0.3868278929595951,0.0
2015-09-28,0.00636005716280764,0.0,2.5184952664934337e-05,0.006334872210142706,0.9968943337581023,0.38406048557803324,0.0
2015-09-29,-0.0030111478340715363,0.0,8.187716284750927e-06,-0.003019335550356287,0.9856661364653319,0.3879628476785144,0.0
2015-09-30,-0.0005945299640878675,2.4047315973048377e-05,9.735509259306636e-06,-0.0006283127893202226,1.0000000000175107,0.2893078240881261,0.11245852334309908
2015-10-01,0.0031736032711702847,0.0,9.790171517480304e-06,0.0031638130996528044,1.0035773312042606,0.28889481042819865,0.0
2015-10-02,-0.0009363760877818077,0.0,9.697710973811786e-06,-0.0009460737987556194,0.9990801792151631,0.2911472781269027,0.0
2015-10-05,-0.006756330575152971,0.0,2.9391216349355816e-05,-0.006785721791502327,1.0056719874715276,0.2904857229705359,0.0
2015-10-06,-0.011538500491993701,0.0,9.989431225215044e-06,-0.011548489923218917,1.0148963344247781,0.28566785498408015,0.0
2015-10-07,0.0009109678409485025,3.3109455659542186e-05,9.546550147384862e-06,0.0008683118351415754,0.9999999999860143,0.3031018392269194,0.1537081114444988
2015-10-08,-0.004867864924877173,0.0,9.50187269737636e-06,-0.004877366797574549,0.9973857650742238,0.30374905816574943,0.0
2015-10-09,-0.0005965515588580518,0.0,9.632066752071073e-06,-0.0006061836256101229,1.0034869641955206,0.3003460912943325,0.0
2015-10-12,0.007042895749520102,0.0,2.896147751077311e-05,0.007013934272009329,1.0046606393060769,0.2999313532105977,0.0
2015-10-13,0.0013408227396128575,0.0,9.438780287580907e-06,0.0013313839593252766,0.9938671092459482,0.3048361482525421,0.0
2015-10-14,0.0011719616882719117,1.8609578037966696e-06,9.601215200180408e-06,0.0011604995152679348,1.0000000000037366,0.29911129039056694,0.009058062211110052
2015-10-15,0.001191751968467538,0.0,9.585244926606661e-06,0.0011821667235409313,0.9996580570930818,0.29993517745079556,0.0
2015-10-16,0.00026760031154063465,0.0,9.55419292762144e-06,0.00025804611861301324,0.9982274512335554,0.30077136751719025,0.0
2015-10-19,0.005183216902108189,0.0,2.8658870886577692e-05,0.005154558031221611,0.9983271641719396,0.30096130593188253,0.0
2015-10-20,-0.002931084009333005,0.0,9.37072315379024e-06,-0.002940454732486795,0.9886373657363788,0.30457457550969136,0.0
2015-10-21,0.00715685864515413,5.351404892105032e-05,1.2929162156259316e-05,0.007090415434076821,1.0000000000488791,0.05617116264194899,0.25000000004003575
2015-10-22,0.004010766908185199,0.0,1.2662532268944511e-05,0.0039981043759162544,0.987247016277689,0.06288216064473957,0.0
2015-10-23,0.0074570234418930865,0.0,1.259676321500787e-05,0.007444426678678079,0.986190262356743,0.0666265476611684,0.0
2015-10-26,0.005439278856937748,0.0,3.7026712460364306e-05,0.005402252144477384,0.9745194732605107,0.07353613672497915,0.0
2015-10-27,0.0030913424492968896,0.0,1.2131203908101376e-05,0.0030792112453887884,0.9641289482251324,0.07855106293373212,0.0
2015-10-28,-0.006852767718277449,5.1553030636671096e-05,1.0958904109977032e-05,-0.006915279653024097,1.0000000000271017,0.19999999999877832,0.2500000000168878
2015-10-29,-0.0019632123438935857,0.0,1.1215249705313791e-05,-0.0019744275935988996,1.013205428723368,0.19449220023546104,0.0
2015-10-30,-0.0035918814423856905,0.0,1.1179303152713879e-05,-0.0036030607455384044,1.0089990046189135,0.1929098744708003,0.0
2015-11-02,0.0014970968856898345,0.0,3.4027598812754026e-05,0.0014630692868770805,1.0180074883236248,0.1900025838799433,0.0
2015-11-03,-0.007139235620036593,0.0,1.1248635456621462e-05,-0.007150484255493215,1.012370301117566,0.19121991278419928,0.0
2015-11-04,0.004442637663369198,5.4432758051670626e-05,1.2244890424425728e-05,0.004375960014893101,1.0000000000969036,0.10612299911382574,0.2500000000425015
2015-11-05,-0.00477683366916406,0.0,1.2090047419003541e-05,-0.004788923716583064,0.9926573755586319,0.11008391397137327,0.0
2015-11-06,0.0014419133293204242,0.0,1.2268476721343172e-05,0.001429644852599081,1.0014126152464853,0.10581381458843389,0.0
2015-11-09,0.00539548719138895,0.0,3.646190020725521e-05,0.005359025291181695,0.9943421809336543,0.10710260922377755,0.0
2015-11-10,0.0005751412155061311,0.0,1.1906203398144736e-05,0.0005632350121079864,0.9810512779638585,0.11189842989929276,0.0
2015-11-11,0.0031762965521131346,4.948054279065756e-05,1.206087914265785e-05,0.003114755130179819,0.9999999999814974,0.11955582256747423,0.24011279923322823
2015-11-12,0.0012472677111659662,0.0,1.1925146370425503e-05,0.0012353425647955408,0.9928867106758703,0.12235102563480853,0.0
2015-11-13,-0.00040005801442181857,0.0,1.1898009974873543e-05,-0.00041195602439669213,0.9920005236661166,0.12344579550034791,0.0
2015-11-16,0.000635264209059929,0.0,3.58942678871302e-05,0.0005993699411727988,0.9965236330626845,0.12309644780918293,0.0
2015-11-17,0.002355448991521442,0.0,1.1942504611006272e-05,0.002343506486910436,0.9954604319760365,0.1236575953725788,0.0
2015-11-18,0.0023450036741111888,1.920966842739254e-06,1.204771870405202e-05,0.0023310349885643975,0.9999999999684189,0.12051653457262142,0.009368120344974029
2015-11-19,0.005270976410634088,0.0,1.1961329057513543e-05,0.005259015081576574,0.9957528309439528,0.12257580974546436,0.0
2015-11-20,0.004812008209141489,0.0,1.1798615530319067e-05,0.00480020959361117,0.9884768890840516,0.1271779553707596,0.0
2015-11-23,-0.002996795390589432,0.0,3.477894488717997e-05,-0.0030315743354766118,0.9776470697969839,0.13135941087560493,0.0
2015-11-24,-0.0005319005089979944,0.0,1.1728764577884601e-05,-0.0005436292735758791,0.9849527537778764,0.1287529395923007,0.0
2015-11-25,0.0012289073008881187,3.950966883967423e-06,1.2089300069249436e-05,0.0012128670339349018,1.0000000000325557,0.11748109497734689,0.019012280315586973
2015-11-27,0.00780494494490154,0.0,2.4112020564412825e-05,0.007780832924337127,0.9986549478473241,0.11856619724625608,0.0
2015-11-30,0.0018615187585014601,0.0,3.525916463369642e-05,0.0018262595938677638,0.983368467145799,0.12539546105918575,0.0
2015-12-01,9.337835976842692e-05,0.0,1.1697803130747596e-05,8.168055663767933e-05,0.9809646277388221,0.12702499919424776,0.0
2015-12-02,0.0076173342478666785,0.0,1.1795105688296381e-05,0.0076055391421783825,0.9881507105478425,0.12710799530220673,0.0
2015-12-03,-0.01198311149752716,5.124547283598983e-05,1.2013030995096059e-05,-0.012046370001358244,1.000000000024453,0.12304873738244086,0.2500000000202651
2015-12-04,0.003980794568763573,0.0,1.2286283387391602e-05,0.003968508285376181,1.0093185646022365,0.11241987732264969,0.0
2015-12-07,0.016037124294538293,0.0,3.672486864075611e-05,0.016000399425897538,1.0095790310736057,0.11594056081520694,0.0
2015-12-08,0.0013048770599055153,0.0,1.1657364429097094e-05,0.0012932196954764182,0.9808868486239132,0.12989924529982536,0.0
2015-12-09,-0.000557396947245615,0.0,1.1607348734760852e-05,-0.0005690042959803759,0.9783711233867362,0.13103466574919387,0.0
2015-12-10,0.004185291027442068,5.184027206341494e-05,1.1850679106292151e-05,0.004121600076272361,1.000000000026692,0.1349004252673649,0.25000000002539047
2015-12-11,0.005536774415349912,0.0,1.1673994656557378e-05,0.005525100420693355,0.9907164235570799,0.1385148136283913,0.0
2015-12-14,0.006263397290607986,0.0,3.4464862808836246e-05,0.00622893242779915,0.9819050568309488,0.14326006181593343,0.0
2015-12-15,0.008735644871999402,0.0,1.1223606283529927e-05,0.008724421265715872,0.9679211118182224,0.14859785312053758,0.0
2015-12-16,0.0013968392916784513,0.0,1.0927403198252081e-05,0.0013859118884801992,0.9536731596954071,0.15597272622300543,0.0
2015-12-17,0.006835991883483231,5.073716343041941e-05,1.1814607204478044e-05,0.006773440112848333,1.0000000000007956,0.13753367407389824,0.2500000000002982
2015-12-18,-0.006300194267914444,0.0,1.1551695964464704e-05,-0.006311745963878909,0.9866721711208544,0.14339836571493114,0.0
2015-12-21,-0.00777803113316131,0.0,3.5120853930991526e-05,-0.007813151987092301,0.9925764423592375,0.1379689967051106,0.0
2015-12-22,0.0037534196020495296,0.0,1.2040228515158791e-05,0.003741379373534371,1.010152859116592,0.1312161775100002,0.0
2015-12-23,-0.008000877725555376,0.0,1.1903827406942487e-05,-0.008012781552962318,1.0034459076035165,0.1344665068967151,0.0
2015-12-24,-0.0023810719721135526,5.087768903021475e-05,1.3380912039567034e-05,-0.0024453305731833345,1.0000000000312796,0.023193421142886195,0.25000000002293865
2015-12-28,-0.009445066261417431,0.0,5.3893348956206156e-05,-0.009498959610373638,1.0044169854507192,0.02086336699995714,0.0
2015-12-29,-0.005643313087935996,0.0,1.3875535913856134e-05,-0.005657188623849852,1.0244419245839191,0.011527802872421167,0.0
2015-12-30,0.005758396486831889,0.0,1.4209241697842063e-05,0.005744187245134047,1.0431926127930131,0.005917968850542743,0.0
2015-12-31,-0.00902448858854547,0.0,1.3922469221509856e-05,-0.00903841105776698,1.0279499303480293,0.011609677177809752,0.0
2016-01-04,0.00039476903054530977,4.400522248496011e-05,6.0987283137218854e-05,0.00028977652492313084,1.0000000000031073,-0.11301791725113666,0.2132585761568124
2016-01-05,0.006881157578303928,0.0,1.5102881725037018e-05,0.006866054696578891,0.9899198437973531,-0.11259052213034909,0.0
2016-01-06,0.009705512748011631,0.0,1.489406580483738e-05,0.009690618682206794,0.9822782960375707,-0.10498850771555795,0.0
2016-01-07,-0.012186196618786876,0.0,1.4422651624407418e-05,-0.012200619270411283,0.9584850628191501,-0.09436850576259137,0.0
2016-01-08,-0.007252015201005053,0.0,1.4694560759883125e-05,-0.007266709761764936,0.9648321426160636,-0.10787079285540449,0.0
2016-01-11,0.02057523249027164,9.339038795604965e-06,4.5334145061330274e-05,0.020520559306414707,1.0000000000183529,-0.10313086314068384,0.04577837134535474
2016-01-12,0.009636340347615938,0.0,1.4305420280668265e-05,0.00962203492733527,0.9634000729504888,-0.08089560753829422,0.0
2016-01-13,-0.007241874312153251,0.0,1.394517656397893e-05,-0.00725581948871723,0.9474177465769944,-0.07058014259346765,0.0
2016-01-14,0.009537739438545034,0.0,1.403464842409672e-05,0.009523704790120937,0.9461385285122869,-0.07839080644677365,0.0
2016-01-15,0.004304004461492887,0.0,1.3742442760798648e-05,0.004290262018732088,0.9349948046901823,-0.0682035168481191,0.0
2016-01-19,0.006870650420645889,4.3940132714330644e-05,5.12237723235418e-05,0.006775486515608016,1.0000000000156881,0.06516615511105056,0.21069285840776397
2016-01-20,-0.00275020684173376,0.0,1.2570170371141084e-05,-0.0027627770121049014,0.9891744429739864,0.07155200588068716,0.0
2016-01-21,-0.0060862251254149655,0.0,1.2544727077867216e-05,-0.006098769852492833,0.9847574863667404,0.0689924096824338,0.0
2016-01-22,-0.0014115732879006215,0.0,1.2823764367012433e-05,-0.001424397052267634,0.9994269878434119,0.06329218905150438,0.0
2016-01-25,0.006668630587801163,0.0,3.952410350711226e-05,0.00662910648429405,1.023722069399122,0.06196888405939027,0.0
2016-01-26,-0.002695338017933375,2.6935262064907632e-05,1.1071913057471803e-05,-0.0027333451930557544,0.9999999999776573,0.19175034678221575,0.1269078361442107
2016-01-27,-0.011032783061742742,0.0,1.1320412949951312e-05,-0.011044103474692693,1.015963323044722,0.18957317769827628,0.0
2016-01-28,-0.011117491020682938,0.0,1.154356337356384e-05,-0.011129034584056502,1.0232143596609864,0.1805342333908261,0.0
2016-01-29,0.0035237989769081584,0.0,1.2017448244908285e-05,0.00351178152866325,1.048597128364289,0.17132340648598418,0.0
2016-02-01,0.020712252365353852,0.0,3.65193230583485e-05,0.020675733042295502,1.062872190139165,0.17423532905268455,0.0
2016-02-02,0.005514566656111139,2.5352081032131692e-05,9.599933332155439e-06,0.005479614641746852,1.0000000000283895,0.2992048667810423,0.12040482776950946
2016-02-03,-0.013578279750542025,0.0,9.204519965883962e-06,-0.013587484270507908,0.9749887455742929,0.3030587880647637,0.0
2016-02-04,0.0057129135205691356,0.0,9.668309295731992e-06,0.005703245211273403,0.9992545787385949,0.2934680001501594,0.0
2016-02-05,-0.01078184902849855,0.0,9.441971609439099e-06,-0.01079129100010799,0.9867482153197831,0.2974842878307289,0.0
2016-02-08,-0.009077078131812737,0.0,2.8695099137474606e-05,-0.009105773230950211,0.9880774918762496,0.2898300795310342,0.0
2016-02-09,0.007316064149334817,5.0480863025951557e-05,1.0125168304745722e-05,0.00725545811800412,1.0000000000132225,0.2608627137667849,0.2500000000146584
2016-02-10,0.0066835453918889995,0.0,9.739621376011139e-06,0.006673805770512988,0.9772393941627784,0.26624703371396524,0.0
2016-02-11,-0.0015746438420074168,0.0,9.538053397162579e-06,-0.0015841818954045795,0.9673990670759873,0.2711211690831191,0.0
2016-02-12,-0.0012280738502648517,0.0,9.532643022061283e-06,-0.0012376064932869129,0.9658571541128417,0.26997421350236817,0.0
2016-02-16,0.011835208309155833,0.0,3.873368695351657e-05,0.011796474622202317,0.975968940661682,0.2690791537600048,0.0
2016-02-17,-0.008435689213410395,5.026914838333768e-05,9.572423446217812e-06,-0.00849553078523995,1.00000000000804,0.30121308843413974,0.2500000000067951
2016-02-18,0.008786060283359752,0.0,9.951375075327859e-06,0.008776108908284425,1.021736391113288,0.2952860106143542,0.0
2016-02-19,0.006132355711781187,0.0,9.669170548218306e-06,0.006122686541232969,1.007276167219639,0.3014267171997027,0.0
2016-02-22,-0.0029732028007765305,0.0,2.8369691114333143e-05,-0.0030015724918908636,0.9960165949579369,0.30568744450916374,0.0
2016-02-23,0.007746426885688161,0.0,9.660947573442455e-06,0.007736765938114718,1.0088747688063089,0.3036255959450097,0.0
2016-02-24,-0.003830439031785896,5.071986825087712e-05,9.357945133586429e-06,-0.00389051684517036,1.0000000000032407,0.31687000525143133,0.25000000000123146
2016-02-25,0.0031327217998128134,0.0,9.494723090517807e-06,0.0031232270767222957,1.0073769942439448,0.3142622086361448,0.0
2016-02-26,-0.001623447135593235,0.0,9.451934152908434e-06,-0.0016328990697461435,1.0063979135618644,0.31640672039954887,0.0
2016-02-29,0.0010828533413437022,0.0,2.8409619907790755e-05,0.0010544437214359114,1.006598874365721,0.3152981232761459,0.0
2016-03-01,-0.0049481167766276075,0.0,9.45166873491592e-06,-0.004957568445362524,1.0060195397301293,0.31604772208126697,0.0
2016-03-02,-0.0017483032038349883,3.604404718036065e-05,8.66047270440758e-06,-0.0017930077237197563,0.9999999999893756,0.3677854925676224,0.16673909738688097
2016-03-03,0.0005961517179976989,0.0,8.746791105026786e-06,0.0005874049268926721,1.0052104264166086,0.3666946757496534,0.0
2016-03-04,-0.011858563537355222,0.0,8.733165279726294e-06,-0.011867296702634948,1.004596271103312,0.36707520568329266,0.0
2016-03-07,-0.011480236889011588,0.0,2.733537556025193e-05,-0.011507572264571839,1.0246435356661356,0.359482730366672,0.0
2016-03-08,0.011811396770054716,0.0,9.521314456483578e-06,0.011801875455598233,1.0471097330896233,0.35205377776632196,0.0
2016-03-09,-0.012455417236152596,5.162256512397909e-05,8.659007230299536e-06,-0.012515698808506873,1.0000000000558702,0.36789247224400407,0.25000000005679923
2016-03-10,0.0014129018067005387,0.0,9.05911494281441e-06,0.0014038426917577242,1.0212573712488195,0.3599419804233677,0.0
2016-03-11,-0.0050935933824664105,0.0,9.005918968748057e-06,-0.005102599301435158,1.0182803926886996,0.3608483079700914,0.0
2016-03-14,0.005548565060240683,0.0,2.7400752255351796e-05,0.005521164307985331,1.0243309366797466,0.35757929846618614,0.0
2016-03-15,0.004094016996270911,0.0,8.912975333022598e-06,0.004085104020937889,1.0117811827771606,0.361133983466511,0.0
2016-03-16,-0.002566392719899724,5.192087412501695e-05,8.32341850784887e-06,-0.0026266370125325894,1.0000000000225777,0.39239044894961034,0.2500000000097474
2016-03-17,-0.005514110134056043,0.0,8.60536618032799e-06,-0.0055227155002363715,1.0190424102537248,0.3908506790897814,0.0
2016-03-18,0.0009080465228053855,0.0,8.860769165420554e-06,0.0008991857536399649,1.034312640456351,0.38747649138065043,0.0
2016-03-21,-0.00398869268513364,0.0,2.6434537650968822e-05,-0.004015127222784609,1.031276037974003,0.388035621800428,0.0
2016-03-22,-0.000500100342440435,0.0,8.883318472107253e-06,-0.0005089836609125423,1.0340773911334302,0.3855951426696006,0.0
2016-03-23,0.010037922058377235,4.8137712408623606e-05,1.0333231797929032e-05,0.009979451114170682,1.0000000000493052,0.24567407880048578,0.2227248848683531
2016-03-24,-0.0004576074011096153,0.0,9.908941546304865e-06,-0.0004675163426559202,0.9765380829156161,0.2531853500353609,0.0
2016-03-28,-0.0013742740030268988,0.0,3.9635362323088865e-05,-0.0014139093653499878,0.9761913146454738,0.25284595224910217,0.0
2016-03-29,0.006108156921640907,0.0,9.983399719912742e-06,0.006098173521920994,0.9806159193995285,0.2518277398458983,0.0
2016-03-30,-0.0030572381019918046,0.0,9.913869832599337e-06,-0.003067151971824404,0.9800849905998266,0.256372492820075,0.0
2016-03-31,0.00511682570436125,2.9895012775914655e-05,1.0421147566940488e-05,0.005076509544018395,1.000000000001048,0.2392562276143925,0.13987975730560928
2016-04-01,0.005648425419045474,0.0,1.0294256277479456e-05,0.005638131162767995,0.9946194653538261,0.24313875709782576,0.0
2016-04-04,-0.0013419425040363,0.0,3.0196721065303603e-05,-0.0013721392251016035,0.9821792312434201,0.24739235198769888,0.0
2016-04-05,0.008907048106733165,0.0,1.009996824594367e-05,0.008896948138487222,0.983686170747638,0.2463884887937501,0.0
2016-04-06,-0.00370436235033751,0.0,9.883802940489537e-06,-0.0037142461532779997,0.9745618302929508,0.25304421563721474,0.0
2016-04-07,-0.0031943274104774743,4.732851583796295e-06,1.0428075207444465e-05,-0.003209488337268715,0.9999999999825505,0.238750509839105,0.02295031159967619
2016-04-08,-0.006264144330893185,0.0,1.0684775334975323e-05,-0.006274829106228161,1.0163032309354942,0.2363146314822959,0.0
2016-04-11,0.004160465416292943,0.0,3.265363715097897e-05,0.004127811779141964,1.0260749670684914,0.23150312972800288,0.0
2016-04-12,-0.01537409691008876,0.0,1.0774877652625069e-05,-0.015384871787741386,1.021260887747119,0.23469481910548864,0.0
2016-04-13,-0.0024456966613594085,0.0,1.1322680169861529e-05,-0.00245701934152927,1.0493033188851864,0.22274766648529473,0.0
2016-04-14,0.0030747589063681545,5.0783181381785335e-05,9.765062640745818e-06,0.003014210662345623,1.0000000000007638,0.28715042722631906,0.2500000000009747
2016-04-15,0.009166701779213903,0.0,9.56209130526511e-06,0.009157139687908638,0.9873856804734755,0.28935301518912243,0.0
2016-04-18,-0.0032889256399581974,0.0,2.7946407440953985e-05,-0.0033168720473991512,0.975840182645979,0.29581093491609867,0.0
2016-04-19,-0.013121464230073189,0.0,9.41157277882299e-06,-0.013130875802852012,0.9805403091378803,0.29349549628380184,0.0
2016-04-20,-0.008508951465505562,0.0,9.950671352376069e-06,-0.008518902136857938,1.0105035826524658,0.28410457392901267,0.0
2016-04-21,-0.0002126552386111125,5.149634050722774e-05,1.2966258322925011e-05,-0.0002771178374412652,0.9999999999828019,0.05346314240927627,0.25000000001702505
2016-04-22,-0.005825398122172771,0.0,1.2969721005849204e-05,-0.00583836784317862,1.0000548813479715,0.053265247920979836,0.0
2016-04-25,0.005359903545511156,0.0,3.943770092649185e-05,0.005320465844584664,1.0073691701937229,0.04771844764908792,0.0
2016-04-26,-0.00100250207757306,0.0,1.2921463256185366e-05,-0.0010154235408292452,0.9960642618976041,0.05279744419607246,0.0
2016-04-27,0.0008281291493104735,0.0,1.2958525861873208e-05,0.0008151706234486003,0.9978199772980366,0.05184758938129243,0.0
2016-04-28,0.00798307390512063,3.8530437989138026e-05,1.4187729509633655e-05,0.007930355737621858,1.000000000034606,-0.03570425416865086,0.19023612583401417
2016-04-29,-0.0040922701260607455,0.0,1.3931859861697187e-05,-0.004106201985922443,0.989522698778268,-0.027503071125626943,0.0
2016-05-02,0.009268268728560148,0.0,4.2466967039829646e-05,0.009225801761520318,1.0016372516089518,-0.03172561302690331,0.0
2016-05-03,0.0026370639078891244,0.0,1.3726602837191367e-05,0.002623337305051933,0.9797899558305639,-0.022252051284406035,0.0
2016-05-04,-0.00482943819357549,0.0,1.3670964433960076e-05,-0.00484310915800945,0.9784167383955306,-0.01956366528355505,0.0
2016-05-05,0.005675870495418462,3.718321245921968e-05,1.4109700979474522e-05,0.005624577581979768,0.9999999999664828,-0.030008171535157266,0.18333261487907093
2016-05-06,-0.003747086230922277,0.0,1.3919057185289693e-05,-0.003761005288107567,0.9918949669332051,-0.024196207592942692,0.0
2016-05-09,0.004903489201565659,0.0,4.211011456274228e-05,0.004861379087002916,0.9966306689057787,-0.028048785454283465,0.0
2016-05-10,-0.009609057352666175,0.0,1.3847257786879952e-05,-0.009622904610453054,0.9878164959020197,-0.023033322540216616,0.0
2016-05-11,-0.004451980925845302,0.0,1.4262883586788167e-05,-0.00446624380943209,1.0082309553710214,-0.03295954646451457,0.0
2016-05-12,-7.33312295711686e-05,5.113897116402144e-05,1.4322798296039642e-05,-0.00013879299903122967,1.000000000003987,-0.04556427560690675,0.25000000000380096
2016-05-13,0.003440355690705092,0.0,1.4324255012342867e-05,0.003426031435692749,1.000026674004968,-0.04564394189606133,0.0
2016-05-16,0.0003189268116807023,0.0,4.2540669186130916e-05,0.00027638614249457137,0.9930967944555645,-0.042059489073620865,0.0
2016-05-17,-0.006031744141045143,0.0,1.4167039594588081e-05,-0.006045911180639731,0.9924648614683277,-0.041729028936602325,0.0
2016-05-18,0.0005934303765559922,0.0,1.4354471875710095e-05,0.000579075904680282,0.9998251600365352,-0.04805128689030168,0.0
2016-05-19,-0.00474024462544914,4.723712954092671e-06,1.4351733762038423e-05,-0.00475932007216527,0.9999999999928195,-0.0476765646359853,0.022758205265940818
2016-05-20,-0.00018626665012474634,0.0,1.4528172336803252e-05,-0.0002007948224615496,1.0078891099751717,-0.052667470611465775,0.0
2016-05-23,0.0016045214380389194,0.0,4.369802747865511e-05,0.0015608234105602642,1.010454316497479,-0.05286435214979496,0.0
2016-05-24,0.0028399158206716345,0.0,1.4503302435899307e-05,0.0028254125182357354,1.0075611299696505,-0.05117994785099893,0.0
2016-05-25,-0.0035773949244071257,0.0,1.4409127505529588e-05,-0.0035918040519126553,1.0036624715958635,-0.04820383630779626,0.0
2016-05-26,0.004096545224449228,5.4722955920185255e-05,1.2057356617059733e-05,0.004029764911911983,0.9999999999853647,0.11981296694000412,0.2500000000150214
2016-05-27,-0.002944903799451014,0.0,1.1936867119948235e-05,-0.002956840666570962,0.9948034898075035,0.12341219005128243,0.0
2016-05-31,-0.008040506157781438,0.0,4.814968955121609e-05,-0.008088655847332654,0.9995563794902349,0.12082454518054125,0.0
2016-06-01,-0.007159122064216262,0.0,1.2337995853753889e-05,-0.007171460060070016,1.014377446845222,0.11370374952118811,0.0
2016-06-02,0.001176782599899176,0.0,1.2623459366431433e-05,0.0011641591405327446,1.028826760900356,0.10731422715086147,0.0
2016-06-03,0.008563030685750992,1.3946130616881613e-05,1.1431742132970594e-05,0.00853765281300114,0.9999999999983608,0.16548282429150743,0.0668640302524751
2016-06-06,-0.007505289958186067,0.0,3.3763030684553404e-05,-0.00753905298887062,0.9941395709551296,0.17257249096433017,0.0
2016-06-07,-0.0016435198274556255,0.0,1.1512634205395612e-05,-0.0016550324616610211,1.006743401620975,0.16632110462709523,0.0
2016-06-08,0.004236649488861957,0.0,1.160222205877918e-05,0.0042250472668031785,1.0119127936605663,0.16495058336968643,0.0
2016-06-09,-0.005431414870201571,0.0,1.15702587315099e-05,-0.005442985128933081,1.0131043036617717,0.16847541626154894,0.0
2016-06-10,0.0047208798584784835,3.758669461465676e-05,1.1543907429234426e-05,0.0046717492564345925,1.0000000000108342,0.15729475767672121,0.18093319803813593
2016-06-13,0.0001648383961497759,0.0,3.408726039112695e-05,0.00013075113575864895,0.9907189302061585,0.1612622606887361,0.0
2016-06-14,-0.0021044087501423817,0.0,1.1357565181501372e-05,-0.002115766315323883,0.9905082533173128,0.1614059950677125,0.0
2016-06-15,0.006492046303345777,0.0,1.141442742862044e-05,0.006480631875917156,0.9928925481574502,0.15963934586815834,0.0
2016-06-16,0.005236654265518373,0.0,1.1240245141034266e-05,0.005225414020377339,0.9855995834293921,0.16506168813389085,0.0
2016-06-17,-0.009333348549426516,5.1124993524757595e-05,1.116768169104864e-05,-0.009395641224642322,0.9999999999908002,0.18475923654424964,0.2500000000049477
2016-06-20,-0.0077956236709046875,0.0,3.445863951760773e-05,-0.007830082310422296,1.015583321437986,0.17708975984286468,0.0
2016-06-21,-0.003159083022423407,0.0,1.1744817766495416e-05,-0.0031708278401899022,1.0280018815158862,0.17063018456172088,0.0
2016-06-22,0.008320559302614695,0.0,1.1840233398242495e-05,0.008308719069216453,1.0323408507775855,0.16800381270588338,0.0
2016-06-23,-0.004593889046921477,0.0,1.1544485804999296e-05,-0.004605433532726477,1.0176188783166995,0.17487141455175106,0.0
2016-06-24,0.010025836720984591,5.275785598144022e-05,1.1284196588348182e-05,0.009961794668414802,1.0000000000369689,0.17625364908755142,0.2500000000299154
2016-06-27,-0.0002971687587083401,0.0,3.308265670106958e-05,-0.00033025141540940966,0.9894534244262498,0.1844421113668903,0.0
2016-06-28,-0.006933559114916937,0.0,1.113511537058431e-05,-0.006944694230287521,0.9970691988793601,0.18420577682670564,0.0
2016-06-29,-0.0010530987565315502,0.0,1.1464339443011338e-05,-0.0010645630959745616,1.0154087078113097,0.17851192847148206,0.0
2016-06-30,-0.0033786417148053732,0.0,1.1486802615508924e-05,-0.0033901285174208822,1.0161845380957277,0.17764794716357654,0.0
2016-07-01,-0.0010400930316399372,5.0546660105008496e-05,1.2328767122930289e-05,-0.001102968458867876,0.9999999999567685,0.09999999998285738,0.2500000000394301
2016-07-05,0.017777939737124524,0.0,4.9874561002418427e-05,0.017728065176122104,1.0092799154229728,0.0990691771288365,0.0
2016-07-06,-0.0007013438432606665,0.0,1.1864535544487189e-05,-0.0007132083788051537,0.980922821832776,0.11481172708521128,0.0
2016-07-07,0.0008107229383110721,0.0,1.19071931423897e-05,0.0007988157451686824,0.9834169252033567,0.11419182580890852,0.0
2016-07-08,-0.002784700598852913,0.0,1.1854759289284574e-05,-0.002796555358142198,0.9803081843436311,0.11491075622585725,0.0
2016-07-11,0.0023583324427399535,5.352374408273081e-05,3.0058530140477842e-05,0.0022747501685167447,1.0000000000253517,0.2685757666070574,0.25000000002179407
2016-07-12,-0.0064824646868923965,0.0,9.872690427448698e-06,-0.0064923373773198454,0.9910255916295778,0.270319190425823,0.0
2016-07-13,0.0036360197922435645,0.0,1.000917808866772e-05,0.003626010614154897,0.9962308367550219,0.2655608362822782,0.0
2016-07-14,-0.0026328306000615725,0.0,9.964928413506618e-06,-0.002642795528475079,0.9956640462031967,0.2682242720172135,0.0
2016-07-15,-0.0058968160576656665,0.0,9.998200295507271e-06,-0.005906814257961174,0.9961638267667257,0.26629520519469474,0.0
2016-07-18,0.00038089490357855996,5.357501205329016e-05,4.0458978854994725e-05,0.0002868609126702751,0.9999999999903383,0.01549818118546653,0.2500000000166551
2016-07-19,0.0023022653880874246,0.0,1.3466198853873424e-05,0.0022887991892335514,0.998907038641847,0.015874522309087313,0.0
2016-07-20,0.0012544015233980643,0.0,1.340861597377897e-05,0.0012409929074242852,0.9969642457696029,0.01813527968373807,0.0
2016-07-21,-8.568995551068079e-05,0.0,1.3326145310826296e-05,-9.901610082150708e-05,0.992174256264927,0.019365648574607403,0.0
2016-07-22,-0.0061361236802534415,0.0,1.3350960570743441e-05,-0.006149474640824185,0.9939019894987374,0.019281867834466254,0.0
2016-07-25,0.0015508388150909354,5.103644309577111e-05,3.501530774671772e-05,0.0014647870642484466,1.0000000000001519,0.14796084483002073,0.25000000000147404
2016-07-26,0.0014566871139425714,0.0,1.1593788827909762e-05,0.0014450933251146617,0.995639585625601,0.1492930011881885,0.0
2016-07-27,0.0018547171580854975,0.0,1.1526555486785507e-05,0.001843190602598712,0.9919707058246494,0.1505321552893074,0.0
2016-07-28,-0.009337145209942084,0.0,1.149353134462421e-05,-0.009348638741286708,0.9911342993130046,0.1521065111554372,0.0
2016-07-29,0.0035321245820902052,0.0,1.1889452385727881e-05,0.0035202351297044772,1.0120466846996337,0.14411666054149821,0.0
2016-08-01,0.0033518771058753337,2.241517634370156e-05,3.6735849372262255e-05,0.00329272608015937,1.0000000000221934,0.10609433196381196,0.1105602948661567
2016-08-02,-0.0005530495419499182,0.0,1.2060311915317325e-05,-0.0005651098538652355,0.989489785227208,0.10908701540904317,0.0
2016-08-03,-0.006520373956555591,0.0,1.1961463515154406e-05,-0.006532335420070746,0.9817821707667829,0.10859533416051126,0.0
2016-08-04,0.0007992316946152643,0.0,1.2208057863210285e-05,0.000787023636752054,0.993934356418284,0.10274613240393315,0.0
2016-08-05,-0.0001009002085594771,0.0,1.2204336955078237e-05,-0.00011310454551455534,0.9943805332564417,0.10346393553573036,0.0
2016-08-08,0.00048552910676096536,1.987984871597167e-06,3.716641151249613e-05,0.00044637471037687205,1.000000000003834,0.09561731986642807,0.009745870240169596
2016-08-09,0.008538277086817255,0.0,1.2381471513588233e-05,0.008525895615303668,0.9999073907237391,0.09605997023179805,0.0
2016-08-10,0.004028761287063085,0.0,1.2123605433511942e-05,0.004016637681629573,0.9887371892898621,0.10371399264349049,0.0
2016-08-11,-0.003978250159534781,0.0,1.1989751613542438e-05,-0.003990239911148324,0.9825635894143888,0.10731172162579092,0.0
2016-08-12,0.0005365403581443081,0.0,1.2050830121582376e-05,0.0005244895280227257,0.9834580475521588,0.10374744867664543,0.0
2016-08-15,-0.005085782973062196,5.249620950582818e-05,4.6608894258733204e-05,-0.005184888076826758,0.999999999997419,-0.13414976029842215,0.25000000000082134
2016-08-16,-0.004635645052719109,0.0,1.5719523202690357e-05,-0.0046513645759218,1.00756396723007,-0.1399612265663261,0.0
2016-08-17,0.0007500038509740531,0.0,1.5856097435364395e-05,0.0007341477535386887,1.0122225253957366,-0.14527258738586432,0.0
2016-08-18,-0.006521371089204494,0.0,1.5866540672865217e-05,-0.00653723762987736,1.0138409086776923,-0.1444165604414684,0.0
2016-08-19,0.0034748830540673025,0.0,1.615181007588866e-05,0.003458731243991414,1.0271509940337955,-0.15193114150607664,0.0
2016-08-22,0.0008783508332471441,5.300678551046132e-05,5.72174990199927e-05,0.0007681265487166901,0.9999999999802066,-0.39229247617294927,0.2500000000127466
2016-08-23,-0.006538039871969394,0.0,1.907027104832397e-05,-0.006557110143017718,1.001016086004886,-0.3911137005227637,0.0
2016-08-24,0.0021862054563974638,0.0,1.9383621289879302e-05,0.0021668218351075844,1.014727957344881,-0.4002763968163079,0.0
2016-08-25,-0.002973564550944395,0.0,1.9260937264523594e-05,-0.0029928254882089183,1.0088189544305282,-0.3972294658796941,0.0
2016-08-26,-0.0021737050864987562,0.0,1.9415081134322896e-05,-0.002193120167633079,1.0158965591643494,-0.40140436364122223,0.0
2016-08-29,0.004979569423208885,5.6661149817433706e-05,5.0932450994650696e-05,0.004871975822396801,0.9999999999912363,-0.23935630754526388,0.24999999999876393
2016-08-30,0.000308720304840957,0.0,1.684450760385326e-05,0.00029187579723710373,0.9964086585320272,-0.2332403965492608,0.0
2016-08-31,0.006228441530675295,0.0,1.679081689030388e-05,0.006211650713784991,0.9928659240284642,-0.23286370896371855,0.0
2016-09-01,0.004656751681648467,0.0,1.6525935283758344e-05,0.004640225746364708,0.9811570967531308,-0.22523617896122852,0.0
2016-09-02,-0.0017682123127041624,0.0,1.6338202222748267e-05,-0.0017845505149269106,0.9731281458064023,-0.21956061645422145,0.0
2016-09-06,0.005631762845511866,3.3325786659330365e-05,6.0273972602619696e-05,0.005538163086249916,0.999999999995427,-0.10000000000238235,0.1606047009479177
2016-09-07,-0.005288795140019652,0.0,1.5012999048912884e-05,-0.005303808139068565,1.0021004416508064,-0.09384848891983433,0.0
2016-09-08,-0.010401163733279092,0.0,1.5197684939996756e-05,-0.010416361418219089,1.0097651077863117,-0.09966589283345156,0.0
2016-09-09,-0.00321554301234642,0.0,1.5528823470084552e-05,-0.0032310718358165044,1.0223784904628348,-0.11122562285333748,0.0
2016-09-12,0.0007517308620704236,0.0,4.6068263468322456e-05,0.0007056625986021011,1.0061822789503516,-0.11481213211216168,0.0
2016-09-13,-0.0010641804545940534,5.533644874907832e-05,1.5135645941029817e-05,-0.0011346525492841614,1.0000000000498663,-0.10490215364531033,0.25000000004273526
2016-09-14,0.0061552781872313625,0.0,1.501247402012623e-05,0.006140265713211236,0.9898238978182985,-0.10608670565091638,0.0
2016-09-15,-0.00119877786600351,0.0,1.478872804043261e-05,-0.0012135665940439426,0.9802555802981997,-0.09932156665338085,0.0
2016-09-16,-0.003290019040585173,0.0,1.4861689953839569e-05,-0.0033048807305390126,0.984260885758176,-0.10064248087211233,0.0
2016-09-19,0.004566016545301934,0.0,4.490216022333368e-05,0.0045211143850786,0.9883421087327661,-0.10427712336835362,0.0
2016-09-20,-0.008039949911989063,2.1345383628868364e-05,1.6438356164280605e-05,-0.008077733651782213,0.9999999999893487,-0.2000000000031355,0.10256866150241929
2016-09-21,0.0016892676924907947,0.0,1.6811367676923608e-05,0.001672456324813871,1.0174957140901542,-0.20973412632526925,0.0
2016-09-22,0.005877239982060766,0.0,1.692493730602617e-05,0.00586031504475474,1.0278229296940278,-0.20769749364588252,0.0
2016-09-23,0.005160121152236952,0.0,1.6744330298602594e-05,0.00514337682193835,1.0216916976132606,-0.20064441418472906,0.0
2016-09-26,-0.006134883100920233,0.0,4.942331733260513e-05,-0.006184306418252838,1.0081500665000687,-0.19448398859332303,0.0
2016-09-27,0.0044096507735904705,5.178750997075068e-05,1.642195647356237e-05,0.004341441307146157,1.0000000000074247,-0.1988028225626284,0.25000000000749845
2016-09-28,-0.0033822038269102884,0.0,1.6209101267402216e-05,-0.0033984129281776905,0.9897115191708005,-0.1935528733495613,0.0
2016-09-29,-0.002234834258460571,0.0,1.640639211958174e-05,-0.0022512406505801525,1.0000599986402,-0.19760662608926693,0.0
2016-09-30,0.002696057704131719,0.0,1.6448362309680537e-05,0.0026796093418220385,1.0004380819411132,-0.20029236666556588,0.0
2016-10-03,-0.005483738675647961,0.0,4.8966167384866017e-05,-0.005532704843032827,0.9944418299753758,-0.19706824305636397,0.0
2016-10-04,-0.005566085493885153,5.08248289186269e-05,1.6248830680190226e-05,-0.005633159153483971,1.0000000000648945,-0.18616463958899204,0.25000000007263357
2016-10-05,-0.006882985288759032,0.0,1.645803608997991e-05,-0.006899443324849011,1.0086197412380453,-0.1928168933304881,0.0
2016-10-06,-0.002462781200732677,0.0,1.676890281337682e-05,-0.0024795501035460537,1.0230426365425924,-0.2010872688339155,0.0
2016-10-07,-0.004193360950877341,0.0,1.687984987603623e-05,-0.004210240800753377,1.0281730237975357,-0.2040560171531093,0.0
2016-10-10,-0.00781820680172032,0.0,5.123955626558284e-05,-0.007869446357985902,1.0376993372674286,-0.20912986519508708,0.0
2016-10-11,-0.0009411658210394506,1.4000225686392085e-05,1.6438356164184497e-05,-0.0009716044028900273,0.999999999958489,-0.20000000002697926,0.06830545064101655
2016-10-12,0.002653498752977783,0.0,1.6405182744043476e-05,0.002637093570233739,0.9964417492697131,-0.20113659104546075,0.0
2016-10-13,-0.00724078292770382,0.0,1.629119920937091e-05,-0.007257074126913191,0.9912964918049687,-0.19796105047910778,0.0
2016-10-14,0.0009638669903947513,0.0,1.6600162217705364e-05,0.0009472668281770459,1.0051099575891178,-0.20670188430337377,0.0
2016-10-17,0.0018163259516264442,0.0,4.9654438073038405e-05,0.0017666715135534058,1.002714680159734,-0.205543312950867,0.0
2016-10-18,0.0014782375316470602,5.479592340093701e-05,1.3162745109434929e-05,0.0014102788631366883,1.0000000000001983,0.039119607011448676,0.2500000000000344
2016-10-19,-0.0013544837075776868,0.0,1.3177866414310017e-05,-0.0013676615739919968,1.002524919136471,0.04054067089183955,0.0
2016-10-20,0.002575071114864395,0.0,1.3258032979320825e-05,0.002561813081885074,1.0070762615152007,0.03923985402478053,0.0
2016-10-21,-0.0003104520286826292,0.0,1.3142314895313772e-05,-0.00032359434357794297,1.0010970642006742,0.04170807684276903,0.0
2016-10-24,0.001406305965251571,0.0,3.951861085321772e-05,0.0013667873543983533,1.00303055594923,0.04141102518759873,0.0
2016-10-25,0.0010817389335671206,4.191669022677672e-05,1.2328767123494926e-05,0.001027493476216849,1.0000000000371134,0.10000000002198386,0.2048399107559152
2016-10-26,-0.0006107170600216479,0.0,1.2272358267788184e-05,-0.0006229894182894361,0.9968601382835316,0.10097798473499425,0.0
2016-10-27,-0.004786413475612966,0.0,1.2232524498274779e-05,-0.004798646000111241,0.9934041227731425,0.10042983439908379,0.0
2016-10-28,0.002321695056910826,0.0,1.2359075238695192e-05,0.0023093359816721308,0.9983170852682606,0.0961045928435117,0.0
2016-10-31,0.006802701940823019,0.0,3.666074138909525e-05,0.006766041199433924,0.9902775527014235,0.09819951223343915,0.0
2016-11-01,-0.00047168966335238785,1.7905742197198325e-05,1.106620448986462e-05,-0.0005006616100394508,1.000000000055271,0.19216707229515345,0.08823819453766091
2016-11-02,0.0017855707634195596,0.0,1.1033689744649997e-05,0.0017745370736749096,0.9972507565849826,0.19179140522553292,0.0
2016-11-03,0.001122351164140973,0.0,1.0923220338873573e-05,0.0011114279438020993,0.9906291596968111,0.19323407495904044,0.0
2016-11-04,0.0020284320477145057,0.0,1.0822938603363322e-05,0.0020176091091111425,0.9842151708221797,0.19414065277665726,0.0
2016-11-07,0.002175873488527294,0.0,3.2270323465018436e-05,0.002143603165062276,0.981018626887378,0.19577408923859613,0.0
2016-11-08,-0.0011880783398870152,5.2083568880921885e-05,1.1141891797161016e-05,-0.001251303800565098,0.9999999999459662,0.18664189875321222,0.24999999999506
2016-11-09,-0.0020274850404682393,0.0,1.1188975805898367e-05,-0.0020386740162741377,1.0024814040544192,0.18568617022383865,0.0
2016-11-10,-0.0015203737397632324,0.0,1.1166339547029373e-05,-0.0015315400793102618,0.9991766571859132,0.18403387025276907,0.0
2016-11-11,-0.002734230974919914,0.0,1.1096120416460916e-05,-0.002745327095336375,0.992810242412643,0.18279345201099617,0.0
2016-11-14,-0.005669703630995287,0.0,3.34100424278893e-05,-0.005703113673423177,0.9935326023829529,0.1805549033043134,0.0
2016-11-15,0.0031836184293360112,5.602375741205467e-05,7.87694721173429e-06,0.0031197177247122222,0.9999999999979741,0.4249828535413708,0.24999999999678474
2016-11-16,0.0032938167323388764,0.0,7.839017763777915e-06,0.0032859777145750986,0.9990831644243041,0.42683486766851614,0.0
2016-11-17,-0.002080452076877796,0.0,7.803767802051535e-06,-0.002088255844679847,0.998394969846727,0.4287199202969649,0.0
2016-11-18,0.0022155062128076546,0.0,7.79452572408908e-06,0.0022077116870835656,0.996532642829705,0.4275322649712025,0.0
2016-11-21,0.006136932526402535,0.0,2.3399939874153732e-05,0.006113532586528381,0.9981996389174759,0.4288011019797351,0.0
2016-11-22,0.00017377765691483477,5.1552490291007206e-05,1.095814499656574e-05,0.00011126702162726182,1.0000000000676168,0.2000554153183178,0.25000000006020107
2016-11-23,0.0021703177476036107,0.0,1.0962483769065708e-05,0.002159355263834545,1.0004682316897158,0.20020691654791925,0.0
2016-11-25,0.005722032481611095,0.0,2.186354588412638e-05,0.005700168935726968,0.9999605963343349,0.20194117156372188,0.0
2016-11-28,0.005031062580503156,0.0,3.23449919858191e-05,0.004998717588517337,0.9935476694897101,0.20648619783477867,0.0
2016-11-29,0.004593345046224883,0.0,1.07691862024987e-05,0.004582575860022384,0.9966157970791977,0.2104652042967926,0.0
2016-11-30,-0.008744057401750023,5.439197508708823e-05,1.1341359075033932e-05,-0.008809790735912145,1.0000000000468574,0.17208078756938053,0.25000000005700374
2016-12-01,-0.002477724157178311,0.0,1.1667251465509337e-05,-0.0024893914086438203,1.016497839193785,0.16478848221160328,0.0
2016-12-02,-0.001492081007196189,0.0,1.1723020330746316e-05,-0.0015038040275269355,1.0184963055668053,0.16271582142232413,0.0
2016-12-05,0.0015961410093056718,0.0,3.5466970574210495e-05,0.0015606740387314614,1.0244961717758396,0.16146655447005084,0.0
2016-12-06,2.5964700118825142e-05,0.0,1.1809508247368001e-05,1.415519187145714e-05,1.0249027063751803,0.16280860431731636,0.0
2016-12-07,0.00043847608009282986,2.7396437631106446e-05,1.1920398015462869e-05,0.00039915924444626055,1.000000000060512,0.12981094493172257,0.13526052611259728
2016-12-08,-0.003284062297654945,0.0,1.1942466419595141e-05,-0.00329600476407454,1.001997500125893,0.1301974514954477,0.0
2016-12-09,-0.002324838435025367,0.0,1.2054272586812697e-05,-0.0023368927076121795,1.0072949784722205,0.12733307963489365,0.0
2016-12-12,-0.005859129340427128,0.0,3.634985248182493e-05,-0.005895479192908953,1.0098141333823893,0.12530105632464938,0.0
2016-12-13,-0.0008509085796001332,0.0,1.2338941756362692e-05,-0.0008632475213564959,1.0208930186178846,0.12015027040340802,0.0
2016-12-14,0.004618764854984957,5.041032941167108e-05,1.2111139568717692e-05,0.0045562433860045675,1.0000000000547835,0.11588681153839193,0.250000000052368
2016-12-15,0.0007238751022977054,0.0,1.1821201450231051e-05,0.0007120539008474743,0.9829067197964354,0.1199590139295686,0.0
2016-12-16,-0.0055062709000366986,0.0,1.1790362848480143e-05,-0.005518061262885178,0.9812935053942072,0.1205970174551568,0.0
2016-12-19,0.00021188843917555622,0.0,3.601591465196774e-05,0.00017587252452358848,0.9921166047195521,0.11572934818833722,0.0
2016-12-20,0.0011022913859111718,0.0,1.2046636440568757e-05,0.001090244749470603,0.9953253094966144,0.11592084933509512,0.0
2016-12-21,0.003745473844049856,5.110610543240759e-05,1.2039761019919336e-05,0.003682327977597529,1.0000000000447604,0.12109744559064878,0.25000000004561007
2016-12-22,0.0015236716710866484,0.0,1.1880191075702545e-05,0.0015117914800109459,0.9916388419878008,0.12438489346151482,0.0
2016-12-23,-4.5096704493625305e-05,0.0,1.1819499291812698e-05,-5.6916203785438e-05,0.9885419532702381,0.1257185049679113,0.0
2016-12-27,-0.003595998883081375,0.0,4.738946994805938e-05,-0.0036433883530294343,0.9905383880759527,0.12568056152386925,0.0
2016-12-28,8.491387252457136e-05,0.0,1.1996206887250409e-05,7.291766563732094e-05,0.9982540933941956,0.12253099062491588,0.0
2016-12-29,-0.0019939029982258684,5.033517873867258e-05,1.1975418053806307e-05,-0.0020562135950183474,1.0000000000461924,0.12579448211833205,0.25000000004776635
2016-12-30,-0.003091238548405299,0.0,1.2042280509687135e-05,-0.003103280828914986,1.0031421412702526,0.1240556640630918,0.0
2017-01-03,0.006257580074168508,0.0,4.8542473695009206e-05,0.006209037600473499,1.0072411255876288,0.12134098065371089,0.0
2017-01-04,-0.003878410252709758,0.0,1.1979609840014714e-05,-0.003890389862549773,1.0013227036312022,0.12681118531012806,0.0
2017-01-05,-0.006153359337230346,0.0,1.2207082706998641e-05,-0.006165566419937344,1.0145299369608578,0.12341289934995725,0.0
2017-01-06,0.001658777626219902,5.177516516842355e-05,1.1946595008129703e-05,0.0015950558660433488,1.0000000000360267,0.1278985644425583,0.25000000005091244
2017-01-09,-0.0002652578855097385,0.0,3.569008875341943e-05,-0.0003009479742631579,0.9978098462988092,0.12935101996560336,0.0
2017-01-10,0.0018121543997306842,0.0,1.1864990393103293e-05,0.0018002894093375808,0.9952689205700143,0.12912462187347395,0.0
2017-01-11,0.001392174766164619,0.0,1.1835984184814941e-05,0.001380338781979804,0.9947283212820448,0.1307014757905541,0.0
2017-01-12,-0.004163470831733892,0.0,1.1791178748236615e-05,-0.004175262010482128,0.9926676165250221,0.13191156790374936,0.0
2017-01-13,0.0012454057519992023,5.047849752980976e-05,1.1000360323756893e-05,0.0011839268941456356,0.9999999999966795,0.1969736963624263,0.24999999999918715
2017-01-17,-0.006996424847165065,0.0,4.395673367380247e-05,-0.0070403815808388675,1.0001950922471643,0.19798470270026916,0.0
2017-01-18,0.0036800339000493693,0.0,1.1147251561875638e-05,0.003668886648487494,1.0060918060561723,0.19234244203925077,0.0
2017-01-19,8.133649419308044e-05,0.0,1.1069674957647499e-05,7.026681923543294e-05,1.0033921925629072,0.19530592065463975,0.0
2017-01-20,-0.00014326803755710423,0.0,1.0998470516334498e-05,-0.00015426650807343873,0.9982618765648142,0.19537352887239617,0.0
2017-01-23,-0.0041309794465121995,5.104825918773314e-05,3.304766254385451e-05,-0.0042150753682437874,1.000000000037099,0.1958402114699727,0.2500000000356023
2017-01-24,0.005428433319115662,0.0,1.1126352818618308e-05,0.0054173069662970435,1.004744477133137,0.19252072137400053,0.0
2017-01-25,0.004713852727314294,0.0,1.101170219462195e-05,0.004702841025119672,1.0007368415212246,0.1968825813138224,0.0
2017-01-26,0.000896360820826285,0.0,1.0906602832911424e-05,0.0008854542179933736,0.9968348026435843,0.20065279584105034,0.0
2017-01-27,-0.0009779045956199285,0.0,1.087581815104902e-05,-0.0009887804137709776,0.9953055770181781,0.20137085199159976,0.0
2017-01-30,-0.003256293808506474,4.380660716727567e-05,3.314939210935157e-05,-0.003333249807783101,1.000000000052555,0.19336479205833373,0.20860080654723415
2017-01-31,-0.00310946843195266,0.0,1.1076940392427327e-05,-0.0031205453723450872,0.9993609452871328,0.190744296639938,0.0
2017-02-01,0.0019386980178177269,0.0,1.1188297141127398e-05,0.0019275097206765996,1.0049678753757685,0.18822218407346844,0.0
2017-02-02,-0.0003959159543180165,0.0,1.113128960755052e-05,-0.000407047243925567,1.0023791916381097,0.18979505028692176,0.0
2017-02-03,0.003238921363633009,0.0,1.1147655818991463e-05,0.0032277737078140177,1.0032551349084526,0.18947626012207586,0.0
2017-02-06,-0.005071968127592861,2.6847662465123057e-05,3.6969069721809026e-05,-0.0051357848597797925,0.9999999999790867,0.10041930341506723,0.13184457932277938
2017-02-07,-0.0014457814399465062,0.0,1.2487148871676852e-05,-0.001458268588818183,1.007401414212177,0.095839546579767,0.0
2017-02-08,-0.003727568769449157,0.0,1.2534886454825067e-05,-0.003740103655903982,1.0095783288306879,0.09453161762845819,0.0
2017-02-09,0.007482145402759496,0.0,1.2682225510065765e-05,0.00746946317724943,1.0169474026185563,0.09114494038375555,0.0
2017-02-10,0.0017474292495146604,0.0,1.2482716006778746e-05,0.0017349465335078818,1.0091341247875796,0.09789585629273119,0.0
2017-02-13,0.003716507397615198,4.266323853366943e-05,3.698630137115235e-05,0.003636857857710376,1.0000000000321267,0.10000000000075263,0.20955552205815084
2017-02-14,0.0029887012572523096,0.0,1.2237124457735128e-05,0.0029764641327945747,0.9966507574778182,0.10334067206315391,0.0
2017-02-15,0.0026286270566329897,0.0,1.2161167984686016e-05,0.0026164658886483035,0.9937790898489383,0.10601382696685904,0.0
2017-02-16,-0.00288783620999935,0.0,1.2121153169749634e-05,-0.0028999573631690997,0.9932031179539699,0.10835893656224678,0.0
2017-02-17,-3.4875651427149e-05,0.0,1.2216563626797206e-05,-4.7092215053946204e-05,0.9975869963680857,0.10577785161188959,0.0
2017-02-21,0.0033070419201646304,8.528622028634332e-07,4.917574659888233e-05,0.0032570133113628847,1.0000000000624147,0.1025426246328125,0.004261157612054197
2017-02-22,-0.0013842658122160446,0.0,1.224737206391705e-05,-0.0013965131842799616,0.9995641926682611,0.10550603200231652,0.0
2017-02-23,-0.003185099924853356,0.0,1.2283472766931922e-05,-0.003197383397620288,1.000960888942741,0.10426737695671055,0.0
2017-02-24,-0.0029334408714209,0.0,1.2381923478393318e-05,-0.0029458227948992934,1.0052869264541482,0.10140651253143583,0.0
2017-02-27,0.004194683244851441,0.0,3.753021177117106e-05,0.00415715303308027,1.0119991660391472,0.09876401294065118,0.0
2017-02-28,-0.0031507905340061016,2.0929246645394764e-05,1.2328767123130521e-05,-0.003184048547774627,0.9999999999840246,0.0999999999954965,0.10411728949105699
2017-03-01,0.00989241870865381,0.0,1.2385302346875942e-05,0.009880033406306934,1.0012856383777722,0.09715856705582844,0.0
2017-03-02,-0.0005154870301382821,0.0,1.2161218308423215e-05,-0.0005276482484467053,0.9937726025180745,0.10600366600317988,0.0
2017-03-03,-6.98598508777302e-05,0.0,1.2090773378017906e-05,-8.19506242557481e-05,0.9881703256059663,0.10554386901065925,0.0
2017-03-06,-0.0002079417402794649,0.0,3.631107541699704e-05,-0.00024425281569646196,0.9890521553426812,0.10548265352908656,0.0
2017-03-07,-0.0004949349698842147,2.8970334126078216e-06,1.2222726787924276e-05,-0.0005100547300847468,0.9999999999824439,0.10774094446397171,0.014353096149857913
2017-03-08,0.00043063814369579247,0.0,1.217834352820219e-05,0.00041845980016759027,0.9963198163021851,0.10730073874342513,0.0
2017-03-09,0.0018184218675929714,0.0,1.2112648673065449e-05,0.001806309218919906,0.991909667627255,0.10768631449347724,0.0
2017-03-10,0.0003282076538960945,0.0,1.2026760600329658e-05,0.00031618089329576483,0.9872608174130303,0.10930729358896524,0.0
2017-03-13,0.0019458733476335308,0.0,3.61629017614353e-05,0.0019097104458720955,0.9895647904105696,0.1096008475489772,0.0
2017-03-14,-0.001876193673779563,2.784661977934068e-06,1.2268980684126235e-05,-0.0018912473164416233,0.9999999999994152,0.10436441005820019,0.013766913998098568
2017-03-15,-4.004776388751018e-05,0.0,1.2292305991705229e-05,-5.234006987921541e-05,1.0000207516192505,0.10268241422476869,0.0
2017-03-16,-1.628580788292785e-05,0.0,1.2453779154124885e-05,-2.8739587037052734e-05,1.011773617301833,0.10264773905071618,0.0
2017-03-17,-0.0015997662646188508,0.0,1.2434995454750253e-05,-0.001612201260073601,1.010389071109957,0.10263440291318876,0.0
2017-03-20,-0.0026289166344472554,0.0,3.750877935999917e-05,-0.0026664254138072546,1.013911418942971,0.10119778784965781,0.0
2017-03-21,-0.010526416830865491,5.395478109320343e-05,1.2219630603562288e-05,-0.010592591242562257,0.9999999999919355,0.10796696593188847,0.25000000001144196
2017-03-22,0.0035841310297683375,0.0,1.2418413843876045e-05,0.0035717126159244615,1.0050279577818766,0.09848374717892512,0.0
2017-03-23,-0.001825908225005019,0.0,1.2324097657438293e-05,-0.0018382323226624573,1.0013637475325532,0.10170461853955796,0.0
2017-03-24,-0.0006815256472834232,0.0,1.2398607156349083e-05,-0.0006939242544397724,1.0051609711231853,0.10006264870970225,0.0
2017-03-27,-0.0002930613251735411,0.0,3.7344607864361765e-05,-0.0003304059330379029,1.0081689252885915,0.09945013392245501,0.0
2017-03-28,0.0039035436433882756,1.4760069244097836e-05,1.2328767123556314e-05,0.0038764548070206214,1.000000000022352,0.1000000000027413,0.0713468683774943
2017-03-29,-0.0028581423258724867,0.0,1.2272973275067677e-05,-0.0028704152991475542,0.999429370654066,0.10350232157412582,0.0
2017-03-30,0.005214535039843052,0.0,1.2427177143157263e-05,0.005202107862699894,1.008117832913696,0.10093390146321592,0.0
2017-03-31,-0.0010931370296257794,0.0,1.2279835396260412e-05,-0.0011054168650220398,1.002027082528938,0.10559909860192791,0.0
2017-04-03,-0.001077584897704152,0.0,3.693999001531129e-05,-0.0011145248877194632,1.0034947024393013,0.10462161206672647,0.0
2017-04-04,-0.005758951134244245,7.406861279526187e-07,1.2328767123263707e-05,-0.005772020587495462,0.9999999999945528,0.0999999999963024,0.0036976503623209755
2017-04-05,-0.002642884356240523,0.0,1.256651949526666e-05,-0.0026554508757357896,1.0121440912743633,0.0947881681198971,0.0
2017-04-06,0.0009030316156248222,0.0,1.260926399283304e-05,0.0008904223516319891,1.0128668939999572,0.09239062252314545,0.0
2017-04-07,0.002542627944704697,0.0,1.2617012315679063e-05,0.0025300109323890176,1.0142525563306841,0.09321065728611247,0.0
2017-04-10,0.0006099216611808971,0.0,3.751830096594648e-05,0.0005724033602149506,1.008456963242807,0.09551163973810939,0.0
2017-04-11,-0.0005058750759125481,3.279797635861486e-05,1.0344739204204285e-05,-0.0005490177914753672,0.9999999999913278,0.2448340380844151,0.15268186194271555
2017-04-12,-0.004045596287895895,0.0,1.0364151565769371e-05,-0.004055960439461664,1.0010454415040972,0.24446237720293326,0.0
2017-04-13,-0.005458770335372603,0.0,1.0447604273860655e-05,-0.005469217939646463,1.0040709850181089,0.2413958730262813,0.0
2017-04-17,0.0066777608303135415,0.0,4.225669608983479e-05,0.006635504134223706,1.0084192940079417,0.23723459036845665,0.0
2017-04-18,-0.0035070192053328936,0.0,1.0438882967317611e-05,-0.003517458088300211,1.0043429950464469,0.24230453843226166,0.0
2017-04-19,0.00034251148259867813,2.3938791535295126e-06,1.034254688666751e-05,0.00032977505655848113,0.9999999999926511,0.24499407726592276,0.011922442106789471
2017-04-20,0.006150114648313917,0.0,1.0325858828260462e-05,0.006139788789485657,0.9990434039960525,0.24525570953303888,0.0
2017-04-21,0.00035766483583915337,0.0,1.0226736857467846e-05,0.0003474380989816855,0.9964234555293326,0.2498716649341798,0.0
2017-04-24,0.009106552810020483,0.0,3.0573887928039234e-05,0.009075978922092444,0.9941070270118293,0.2501424207628745,0.0
2017-04-25,0.006139032127489863,0.0,1.0049231737498824e-05,0.0061289828957523645,0.9905111153320487,0.25691719849463457,0.0
2017-04-26,-0.002531952252092391,5.199654965547989e-05,1.3043571068593357e-05,-0.002596992372816464,1.0000000000698481,0.04781931206253293,0.2500000000528849
2017-04-27,0.0019204123378109086,0.0,1.3129080959838144e-05,0.0019072832568510704,1.0038281870365977,0.04540527696841315,0.0
2017-04-28,-0.0015496349857406662,0.0,1.3084245066330604e-05,-0.0015627192308069967,1.002385487483849,0.04723559764171465,0.0
2017-05-01,0.005751918687511703,0.0,3.942625818107441e-05,0.005712492429330629,1.0051297511384591,0.04575746873231504,0.0
2017-05-02,0.003789907608445335,0.0,1.2968323524411781e-05,0.0037769392849209232,0.9979044290523941,0.051216811770334165,0.0
2017-05-03,-0.0014820517650764669,3.621423472848265e-05,1.313705836442795e-05,-0.0015314030581693775,1.0000000000825957,0.040994739479355495,0.16362426393690688
2017-05-04,0.008094216508598132,0.0,1.317929476073052e-05,0.008081037213837402,1.0016618079055049,0.03957329037217684,0.0
2017-05-05,-0.0003810455887529268,0.0,1.2857509054565442e-05,-0.0003939030978074922,0.9858835528526849,0.04728539186940747,0.0
2017-05-08,0.00039743611794229035,0.0,3.8799599640417946e-05,0.0003586365183018724,0.9910464205786551,0.04692282932848496,0.0
2017-05-09,0.0020572547610108595,0.0,1.291521912628908e-05,0.0020443395418845703,0.9901142969744428,0.047303300755340144,0.0
2017-05-10,0.0005616923708548639,5.264851142591129e-05,1.237567686007683e-05,0.0004966681825688758,0.9999999999974667,0.09657558921185812,0.24999999999896916
2017-05-11,1.2102634960357858e-05,0.0,1.2389311125071228e-05,-2.866761647133708e-07,1.001508772665669,0.09708906053546944,0.0
2017-05-12,-0.002705578732027453,0.0,1.2374308968569207e-05,-0.0027179530409960225,1.000425745712579,0.09710119100702687,0.0
2017-05-15,0.003956492127159067,0.0,3.749201090604551e-05,0.003919000116253022,1.006958473056432,0.09465287434265802,0.0
2017-05-16,0.0006152734446857948,0.0,1.2402812186682538e-05,0.0006028706324991123,1.0036297145648954,0.0982244249370699,0.0
2017-05-17,-0.013673265664182959,3.4370157034297896e-05,1.006959048284821e-05,-0.013717705411700105,1.000000000034504,0.2649198947865846,0.1702887890233402
2017-05-18,0.0013077008411263992,0.0,1.0316592693613114e-05,0.001297384248432786,1.0078523590177373,0.2547410923839799,0.0
2017-05-19,0.0028738115850444647,0.0,1.027872268413863e-05,0.002863532862360326,1.0060637859204762,0.25571702997835644,0.0
2017-05-22,0.002789685347931117,0.0,3.092270071983841e-05,0.0027587626472112786,1.0103048567173916,0.257852472534657,0.0
2017-05-23,0.003810724410020583,0.0,1.0276224009168978e-05,0.0038004481860114143,1.0100894389328665,0.25992508626353106,0.0
2017-05-24,0.003049393939857709,5.175408462047732e-05,1.0067056766657205e-05,0.0029875727984705744,1.0000000000123166,0.2651048560463406,0.2500000000073329
2017-05-25,0.008528567192767353,0.0,1.0001721252664036e-05,0.008518565471514689,0.9974811573935782,0.26735550594910346,0.0
2017-05-26,-0.002000975134040641,0.0,9.750609942437948e-06,-0.002010725743983079,0.9853483130927894,0.2735537872948191,0.0
2017-05-30,-0.000786316900376896,0.0,3.935455762791849e-05,-0.0008256714580048145,0.9903206072054752,0.27209993049596287,0.0
2017-05-31,0.0013599174139206074,0.0,9.854744660517022e-06,0.0013500626692600905,0.9909341748366284,0.2715378146188857,0.0
2017-06-01,0.00494508231414688,5.127582106246463e-05,1.0005488689350464e-05,0.004883801004395065,1.0000000000352236,0.2695993257126398,0.2500000000214056
2017-06-02,0.005411986143760975,0.0,9.92005360162384e-06,0.005402066090159351,0.9973740171638031,0.27321010424526265,0.0
2017-06-05,5.968444743274671e-05,0.0,2.9476902432844364e-05,3.0207544999902345e-05,0.9943963351262406,0.2771250425936944,0.0
2017-06-06,-0.0038624387370782684,0.0,9.797248055014915e-06,-0.0038722359851332835,0.9923754622400228,0.2771763542239339,0.0
2017-06-07,0.007601761552545967,0.0,9.900843798837594e-06,0.007591860708747129,0.997137962838048,0.2743763655229035,0.0
2017-06-08,0.0008790190976303237,5.294283337411575e-05,9.942534959699791e-06,0.0008161337292965082,0.9999999999687621,0.2741949479106774,0.25000000001855766
2017-06-09,-0.0069385098665917504,0.0,9.924844299188326e-06,-0.006948434710890939,0.9993632867768092,0.27484965293606123,0.0
2017-06-12,0.00016454719154187077,0.0,3.0149414907784123e-05,0.00013439777663408665,1.003421494367582,0.2697857316115018,0.0
2017-06-13,0.001824662312044971,0.0,1.0003048054249889e-05,0.001814659263990721,1.0001365109214053,0.2699140029611633,0.0
2017-06-14,0.00807000235154636,0.0,1.00311695046694e-05,0.00805997118204169,1.003521819239108,0.27124644539824183,0.0
2017-06-15,-0.004310943306252602,3.680685205611606e-05,9.863013699459348e-06,-0.004357613172008177,1.000000000040899,0.2799999999803666,0.1832101556843231
2017-06-16,-0.001118794987662736,0.0,9.903044647661683e-06,-0.0011286980323103979,0.9998179201324224,0.2768956608531195,0.0
2017-06-19,0.008879476972425459,0.0,2.988619165319958e-05,0.008849590780772259,1.0033191499579865,0.27608848639679656,0.0
2017-06-20,-0.00047642623572983865,0.0,9.779997608295737e-06,-0.0004862062333381344,0.9964080604857836,0.2824682350801952,0.0
2017-06-21,0.007039061389703442,0.0,9.66531634971007e-06,0.007029396073353732,0.9876970752428154,0.28212898171398015,0.0
2017-06-22,0.0008160445424284804,5.3277416047067306e-05,1.0015144914032934e-05,0.0007527519814673801,1.0000000000008487,0.2688944212764446,0.250000000000582
2017-06-23,0.0011123493867039517,0.0,1.0014872719210171e-05,0.0011023345139847417,1.00059330194623,0.26950759344388775,0.0
2017-06-26,-0.00034911883685853433,0.0,3.0116430451476212e-05,-0.00037923526731001056,1.003155098592755,0.2703219576068338,0.0
2017-06-27,-0.00677799179278918,0.0,1.0085377679955524e-05,-0.006788077170469136,1.0063078314704645,0.27007526083371136,0.0
2017-06-28,0.004006978037221358,0.0,1.0195353035505948e-05,0.003996782684185852,1.0093575379404722,0.26509676634853796,0.0
2017-06-29,-0.0050992161434876195,5.576562949258239e-05,9.871401406010425e-06,-0.005164853174386213,1.0000000000102565,0.2793876973714955,0.25000000000545586
2017-06-30,-0.001401699992341372,0.0,9.878238240476642e-06,-0.0014115782305818487,0.9968238873418866,0.2757124957870918,0.0
2017-07-03,-0.0009951853779185153,0.0,2.9896001840798692e-05,-0.001025081379759314,1.0021679324200654,0.27469855429396406,0.0
2017-07-05,0.009563122593589535,0.0,1.9957142352620288e-05,0.009543165451236915,1.0024199209141258,0.2739842250434853,0.0
2017-07-06,-0.005654046021963323,0.0,9.655346482835622e-06,-0.005663701368446158,0.9857072807525196,0.2808669875055191,0.0
2017-07-07,0.004960395457737652,2.4317053139329035e-06,9.932021062821018e-06,0.0049480317313608975,1.0000000000581606,0.2749624624722261,0.012072834181522465
2017-07-10,0.0002997812260445115,0.0,2.9411174884059715e-05,0.00027037005116045177,0.9942165325380928,0.27854461035930644,0.0
2017-07-11,-0.003577719249449888,0.0,9.874115065053169e-06,-0.003587593364514941,0.999579420539819,0.2787690207909377,0.0
2017-07-12,0.008225280877775175,0.0,1.0059207861631453e-05,0.008215221669913543,1.0105043046201565,0.27618213072106024,0.0
2017-07-13,0.0016865256156950407,0.0,9.949457767168068e-06,0.0016765761579278725,1.008400396886502,0.2820899798832332,0.0
2017-07-14,0.003665213526129594,2.1394861539899385e-06,9.863013700237315e-06,0.003653211026275367,1.0000000000808769,0.27999999996355285,0.010671392649848142
2017-07-17,-0.0012760856249167851,0.0,2.956843517672155e-05,-0.0013056540600935066,1.0021312859062794,0.28263269660605517,0.0
2017-07-18,-0.0003571401362137723,0.0,9.880115780174494e-06,-0.0003670202519939468,1.0029728976001633,0.2817244456474256,0.0
2017-07-19,0.0013987283971363226,0.0,9.939771768093053e-06,0.0013887886253682296,1.0070739499965553,0.2814706109257626,0.0
2017-07-20,0.0036261660537964084,0.0,9.977443379718197e-06,0.00361618861041669,1.0108304051444348,0.2824770384250066,0.0
2017-07-21,0.007378969574346745,5.236190380951789e-05,9.865718020621158e-06,0.007316741952516606,1.000000000051865,0.27980258454652035,0.25000000001926503
2017-07-24,0.0006811643882836121,0.0,2.8706406278666687e-05,0.0006524579820049454,0.9836181360869042,0.28509558330601475,0.0
2017-07-25,-0.007977286644677362,0.0,9.56666898018137e-06,-0.007986853313657543,0.9839572475036772,0.28559041195043716,0.0
2017-07-26,0.00026684278491534723,0.0,9.853166247383439e-06,0.0002569896186679638,0.999129368144504,0.2798482320855133,0.0
2017-07-27,-0.005902566625104855,0.0,9.921851508140327e-06,-0.005912488476612995,1.0043382667934713,0.28004310669922733,0.0
2017-07-28,-0.0016088131750534552,2.3622502219621417e-06,9.863935775340165e-06,-0.0016210393610507576,1.0000000000061262,0.2799326884062941,0.01169710204729646
2017-07-31,0.002615956724629036,0.0,2.9766839600825387e-05,0.0025861898850282105,1.0031022120331103,0.27877578174635925,0.0
2017-08-01,0.005503253979175768,0.0,9.820533276485714e-06,0.005493433445899282,0.9975648123862338,0.2806658832027767,0.0
2017-08-02,0.0002594971352646129,0.0,9.667536895837878e-06,0.000249829598368775,0.9903358682450102,0.28460567484884514,0.0
2017-08-03,0.0013168927298292967,0.0,9.676062868090583e-06,0.001307216666961206,0.9911466113785862,0.2847940220079736,0.0
2017-08-04,0.0011904989157676125,5.27842413416066e-05,9.771838380820373e-06,0.0011279428360451856,1.0000000001077545,0.28665579830786714,0.25000000008912493
2017-08-07,0.0013115256630854832,0.0,2.9277641181151865e-05,0.0012822480219043314,0.9999445909307944,0.28752198885609914,0.0
2017-08-08,-0.0021786720815420994,0.0,9.76288034526752e-06,-0.002188434961887367,1.0011538978014247,0.28846363259689595,0.0
2017-08-09,-0.008545580230076276,0.0,9.794608737905782e-06,-0.008555374838814182,1.0019192884958066,0.2869128506286843,0.0
2017-08-10,-0.01286909847873433,0.0,1.005065394517203e-05,-0.012879149132679502,1.014467095492791,0.28076935749523285,0.0
2017-08-11,-0.00010946046884591364,3.2880552885347494e-05,9.592240836977223e-06,-0.00015193326256823838,1.0000000000810514,0.299766418981714,0.1631096197070055
2017-08-14,0.010329760267027633,0.0,2.886758888071651e-05,0.010300892678146916,1.0021471560545752,0.2997024932904736,0.0
2017-08-15,0.0024441143178479865,0.0,9.395163217379498e-06,0.002434719154630607,0.9927181210651613,0.306871206196458,0.0
2017-08-16,0.0059968228361400415,0.0,9.309052531736262e-06,0.005987513783608305,0.9881248885190737,0.3085640537023265,0.0
2017-08-17,-0.009720254340122341,0.0,9.165582067350993e-06,-0.009729419922189692,0.9817761398595652,0.3126886489429428,0.0
2017-08-18,-0.002534756880274893,5.505994873256686e-05,9.60824257328326e-06,-0.0025994250715807433,1.0000000000153584,0.2985982921656805,0.25000000000335654
2017-08-21,0.004277109704943107,0.0,2.9243695209231926e-05,0.004247866009733875,1.0084317194046415,0.29683513597999805,0.0
2017-08-22,0.004175050868452147,0.0,9.609481201307946e-06,0.004165441387250839,1.0013306993036797,0.29983857160819954,0.0
2017-08-23,-0.0010790300342726302,0.0,9.602080041925369e-06,-0.0010886321143145556,1.0037043676412205,0.30275252458066865,0.0
2017-08-24,0.0020922218852403424,0.0,9.643184639502403e-06,0.0020825787006008402,1.005954742593159,0.3020022639094836,0.0
2017-08-25,0.0033292644902279296,5.964328995551513e-06,9.59019311579833e-06,0.0033137099681165797,0.9999999999608142,0.2999159025075363,0.029407598808992012
2017-08-28,0.0012839722892290441,0.0,2.8590668640384e-05,0.0012553816205886602,0.9979498895530219,0.30224361930367794,0.0
2017-08-29,0.0001203144811266381,0.0,9.47337132823374e-06,0.00011084110979840436,0.9947031333487069,0.30314702638764385,0.0
2017-08-30,0.0020258796952739907,0.0,9.450037213462684e-06,0.002016429658060528,0.9930864466883732,0.3032337301055973,0.0
2017-08-31,-0.0008453769318684234,0.0,9.423163990808874e-06,-0.0008548000958592322,0.9925362852836718,0.3046453139546241,0.0
2017-09-01,-0.0007263300705756331,5.4505697489167904e-05,9.589041096452333e-06,-0.0007904248091612534,1.0000000000321658,0.29999999999114557,0.24552276914664867
2017-09-05,-0.00017450907587217377,0.0,3.864194946529637e-05,-0.00021315102533747015,1.0047259881211947,0.2995104103795362,0.0
2017-09-06,0.0009280625911011361,0.0,9.534323115063328e-06,0.0009185282679860728,0.9954053060603051,0.29939971866068216,0.0
2017-09-07,0.003906192224516682,0.0,9.567221108537597e-06,0.0038966250034081443,0.9984593157705601,0.3000521748473154,0.0
2017-09-08,0.0025289860184677247,0.0,9.490416574585723e-06,0.002519495601893139,0.9955789625380591,0.30277855259330133,0.0
2017-09-11,0.003250749077602421,2.9533251354039174e-06,2.896848672692106e-05,0.003218827265740096,1.000000000001185,0.29510015631277264,0.014376020567990894
2017-09-12,-0.001979405142498292,0.0,9.695404821093339e-06,-0.0019891005473193853,1.005158198551816,0.2973936466120025,0.0
2017-09-13,-0.004474141564460549,0.0,9.799598055489167e-06,-0.004483941162516038,1.0113736792917722,0.296003021241063,0.0
2017-09-14,-0.0002250635053869716,0.0,9.927505386580194e-06,-0.0002349910107735518,1.0175498590416145,0.29284196582126065,0.0
2017-09-15,0.004627082498234195,0.0,9.950524501662034e-06,0.004617131973732533,1.0190739694411766,0.29268568081984847,0.0
2017-09-18,-0.004298286997531216,2.419889579000437e-05,2.8848496323976254e-05,-0.004351334389645196,0.9999999999603629,0.29801992274360745,0.11485335555618281
2017-09-19,0.0031780025546767543,0.0,9.80154184765432e-06,0.0031682010128291,1.0105178573425802,0.29500530246381473,0.0
2017-09-20,-0.0016402786444319221,0.0,9.722800151725522e-06,-0.0016500014445836476,1.0070059950071886,0.2972415839312257,0.0
2017-09-21,0.005432515118946596,0.0,9.752613507450472e-06,0.005422762505439146,1.008030640017461,0.2960898539735767,0.0
2017-09-22,0.0003123128600108697,0.0,9.519139305842886e-06,0.0003027937207050268,0.9947932730721349,0.29989610374560427,0.0
2017-09-25,-0.003403041557164526,1.470667971754769e-06,2.895517123495392e-05,-0.003433467396371235,0.9999999999854522,0.29542416660157356,0.007200633806928224
2017-09-26,-0.0010962801954893155,0.0,9.664699983514097e-06,-0.0011059448954728295,0.9985503232623906,0.2930272244658617,0.0
2017-09-27,-0.003431593977138049,0.0,9.69654062259948e-06,-0.0034412905177606487,1.0001016267179694,0.2922541612682076,0.0
2017-09-28,0.0031151680175311243,0.0,9.842868105731626e-06,0.0031053251494253926,1.0083492935583642,0.28981992183995553,0.0
2017-09-29,0.0036148755041401776,0.0,9.739942348087254e-06,0.0036051355617920905,1.0030440386074924,0.2920282471971229,0.0
2017-10-02,0.00448245589383626,4.092527019527286e-05,3.667434019580564e-05,0.004404856283445181,0.9999999999976215,0.10759105523301757,0.1939012731958348
2017-10-03,0.00492582900977512,0.0,1.2064435472761978e-05,0.0049137645743023576,0.9922857979275879,0.11158200841596341,0.0
2017-10-04,-0.0017245572809168126,0.0,1.1963622147035376e-05,-0.001736520903063848,0.9892825614111939,0.11593814467761132,0.0
2017-10-05,0.002208649478107127,0.0,1.2027780021405858e-05,0.002196621698085721,0.9924402082519952,0.11441226668936744,0.0
2017-10-06,0.0004216044128658197,0.0,1.2008909243550498e-05,0.0004095955036222692,0.9930156803914487,0.11636530561226249,0.0
2017-10-09,0.002839690794757309,4.128181824821563e-06,3.6986301370867424e-05,0.00279857631156162,1.0000000000697336,0.10000000004529278,0.019989310359663143
2017-10-10,0.0008245859604350376,0.0,1.2207269585524463e-05,0.0008123786908495131,0.9936833690563376,0.10255268931305164,0.0
2017-10-11,0.0006985533976544431,0.0,1.2266774694041804e-05,0.0006862866229604013,0.998767914612386,0.10329336194733452,0.0
2017-10-12,-0.0051777491040678435,0.0,1.2277084764505573e-05,-0.005190026188832349,1.0001477838389903,0.10392059603008341,0.0
2017-10-13,0.0017767956247114096,0.0,1.2468155228848059e-05,0.0017643274694825615,1.0094333302437866,0.09925799853787823,0.0
2017-10-16,0.002139688138399961,2.767128270434222e-06,3.6986301370134375e-05,0.0020999347087593927,1.000000000015754,0.10000000000915091,0.013600342501339013
2017-10-17,0.0008832673216508347,0.0,1.2249726879831229e-05,0.0008710175947710035,0.9961557131631185,0.1019256509354387,0.0
2017-10-18,0.002019147438751332,0.0,1.2189933318946101e-05,0.002006957505432386,0.9925845800937867,0.10271944781072137,0.0
2017-10-19,-0.003100024272653165,0.0,1.2135447726481422e-05,-0.0031121597203796463,0.9904164944021123,0.10452881036896852,0.0
2017-10-20,0.0012129652940006375,0.0,1.221218984220333e-05,0.0012007531041584342,0.9932352926190159,0.1017454341381728,0.0
2017-10-23,-0.004777548049785167,1.563567565132609e-06,3.67140701100201e-05,-0.00481582568746032,1.0000000000610143,0.10662429405052523,0.007772009371499106
2017-10-24,-0.001304167436497865,0.0,1.2360107942243778e-05,-0.0013165275444401087,1.0046274754381324,0.10233959565433642,0.0
2017-10-25,0.0012616380391827788,0.0,1.2428295226962877e-05,0.0012492097439558158,1.0084341710603228,0.10116861949203287,0.0
2017-10-26,-0.001038516215065833,0.0,1.2323536981119937e-05,-0.001050839752046953,1.0019206599227324,0.10230246030097698,0.0
2017-10-27,0.00807008981571413,0.0,1.233580873088997e-05,0.00805775400698324,1.0018845055585508,0.10137046820358314,0.0
2017-10-30,-0.002330221696551598,5.0321321177839805e-05,3.632618266320963e-05,-0.0024168692003926477,1.0000000000278482,0.1160628885564138,0.24999999999667188
2017-10-31,0.005090341067787817,0.0,1.2145759653163348e-05,0.005078195308134654,1.0006486644716215,0.11400820979069709,0.0
2017-11-01,-0.00019512865487832876,0.0,1.2013749075913336e-05,-0.0002071424039542421,0.9955004835014953,0.1184968009598219,0.0
2017-11-02,-0.0002035253325769541,0.0,1.2018192524243554e-05,-0.00021554352510119764,0.995654236944653,0.11832618267487349,0.0
2017-11-03,-0.002754060835587627,0.0,1.2052510642568634e-05,-0.0027661133462301957,0.9979814003128097,0.11814812340529945,0.0
2017-11-06,-0.00437940847759438,1.047569656148378e-05,3.4370067885131474e-05,-0.004424254242040996,1.0000000000180946,0.16366168147989538,0.0518279685330619
2017-11-07,-0.005516575682512431,0.0,1.1669773212469074e-05,-0.005528245455724901,1.011883554435063,0.1599901099248204,0.0
2017-11-08,0.0017790091625693517,0.0,1.1800325485401717e-05,0.00176720883708395,1.0167560094765284,0.15533224904220314,0.0
2017-11-09,-0.004692929401678068,0.0,1.1761031216579338e-05,-0.004704690432894647,1.0153893784082983,0.15683409959800676,0.0
2017-11-10,-0.001405848332108669,0.0,1.1871324892328434e-05,-0.0014177196570009975,1.0194670478718677,0.15286033073189215,0.0
2017-11-13,0.003152167601073847,4.254228212668082e-06,3.4349913770312386e-05,0.0031135634590908666,1.0000000000805624,0.16415209833629443,0.020713241918656172
2017-11-14,0.003357967509471661,0.0,1.1310364871114127e-05,0.0033466571446005467,0.9924416059394979,0.16678497034816667,0.0
2017-11-15,-0.002111837450730122,0.0,1.1136680250536103e-05,-0.0021229741309806583,0.9825530853323112,0.16957542704317563,0.0
2017-11-16,0.007279910637816419,0.0,1.1151015935520096e-05,0.007268759621880899,0.9818440301213538,0.16781986682838682,0.0
2017-11-17,-0.0017372116600942178,0.0,1.1056540769126005e-05,-0.0017482682008633438,0.9809636800327698,0.1738362038865714,0.0
2017-11-20,0.005771511335951333,3.3336220902968677e-06,3.4368389905503514e-05,0.005733809323955532,1.0000000000017635,0.1637025123011784,0.01641073701039676
2017-11-21,0.005858047308838787,0.0,1.1290481292438285e-05,0.005846756827546349,0.992712966207648,0.16850783185965326,0.0
2017-11-22,0.002548177164641967,0.0,1.1197057687455683e-05,0.0025369801069545115,0.9907375414323081,0.17335233024804325,0.0
2017-11-24,0.008297911046504588,0.0,2.2218094176857837e-05,0.00827569295232773,0.9864158180577497,0.17545538060243868,0.0
2017-11-27,-0.007189852392540966,0.0,3.2498989712735364e-05,-0.007222351382253701,0.9730538369412312,0.1822450872646707,0.0
2017-11-28,5.867201976195418e-05,3.7285179134694913e-06,1.1470673221670106e-05,4.3472828626814584e-05,0.999999999997209,0.16264085481529136,0.018161533999346998
2017-11-29,-0.004498631303733008,0.0,1.1619028406652752e-05,-0.004510250332139661,1.0108815278195267,0.16269245413387587,0.0
2017-11-30,0.009099592191226814,0.0,1.1753854460627081e-05,0.009087838336766187,1.0169419248131726,0.15891054918739572,0.0
2017-12-01,-0.0030011404615607534,0.0,1.1425721591570354e-05,-0.0030125661831523235,1.0005747193514092,0.1664970431667734,0.0
2017-12-04,0.003464866225619323,0.0,3.4464026037165887e-05,0.003430402199582157,1.0026145668034827,0.16398993323244604,0.0
2017-12-05,0.0013387238916434522,2.4132141993192967e-06,1.147941614174025e-05,0.0013248312613023928,1.000000000065474,0.16200262171843585,0.011959372476025555
2017-12-06,-0.0004345240490682956,0.0,1.136091520547748e-05,-0.00044588496427377304,0.9924720422028055,0.16312523220294967,0.0
2017-12-07,0.010208195145144724,0.0,1.1321819230470757e-05,0.010196873325914253,0.9892560856783613,0.16276328185399577,0.0
2017-12-08,0.002054418602463504,0.0,1.0988701028642005e-05,0.0020434299014348623,0.9734006872325337,0.17122551214166723,0.0
2017-12-11,0.0013569695032704205,0.0,3.294968603894153e-05,0.001324019817231479,0.9747022610397449,0.17292656742550094,0.0
2017-12-12,0.005493785524996268,5.05346600546016e-05,1.2388005823168552e-05,0.0054308628591184975,0.9999999999903589,0.09567557489905462,0.24999999999765601
2017-12-13,0.001738787057740589,0.0,1.2159500434213007e-05,0.001726627557306376,0.9882664229984571,0.1006228913009076,0.0
2017-12-14,-0.002125380665225741,0.0,1.2149337017761517e-05,-0.0021375300022435026,0.9890868447995832,0.10218524250299246,0.0
2017-12-15,0.005246524840333131,0.0,1.2151270570432112e-05,0.005234373569762699,0.987316952592294,0.10027420095074996,0.0
2017-12-18,-4.489041424987199e-05,0.0,3.612432017230813e-05,-8.101473442218013e-05,0.9839963911585246,0.10497126696569334,0.0
2017-12-19,-0.0005234072172246089,5.072870781920037e-05,1.2690155943358055e-05,-0.0005868260809871673,1.0000000000491347,0.07361861618399662,0.2500000000173551
2017-12-20,0.0027457650381657924,0.0,1.2644138597980951e-05,0.0027331208995678116,0.996160245980599,0.07313812832798955,0.0
2017-12-21,0.0038213933277723294,0.0,1.2524191758572966e-05,0.0038088691360137566,0.9899430571909164,0.07567705881508993,0.0
2017-12-22,-0.0017916212223632734,0.0,1.2411263464167893e-05,-0.0018040324858274413,0.9852190347727344,0.07919680188847825,0.0
2017-12-26,-0.0015535019405230155,0.0,5.0031016196371944e-05,-0.0016035329567193875,0.9906111200834162,0.07754507449962827,0.0
2017-12-27,-0.0047549208393963625,7.658687076602783e-06,1.2328767123500947e-05,-0.004774908293596466,1.000000000034847,0.1000000000192777,0.03792014512276118
2017-12-28,-0.009382612901199874,0.0,1.2536120918320953e-05,-0.009395149022118195,1.0108388747184975,0.09570204768106799,0.0
2017-12-29,-0.0026697759967399103,0.0,1.294967313447699e-05,-0.0026827256698743873,1.0324642491285732,0.08713811031175275,0.0
2018-01-02,0.0004748063252144175,0.0,5.2129296269190227e-05,0.0004226770289452273,1.036055206151802,0.08469554923908051,0.0
2018-01-03,0.006654509113743124,0.0,1.3200901297107964e-05,0.006641308212446016,1.0488001659100874,0.08513437122120612,0.0
2018-01-04,0.009861977449469633,9.008016158725736e-06,1.2328767123792292e-05,0.009840640666187115,1.0000000000120581,0.09999999997522074,0.04364840427435014
2018-01-05,0.008611058292399578,0.0,1.2023373668410987e-05,0.008599034918731168,0.986497678140313,0.10879140034631113,0.0
2018-01-08,-0.00022453377200780421,0.0,3.54016121913476e-05,-0.0002599353841991518,0.9778407479109685,0.11640151792151018,0.0
2018-01-09,-0.006498386706463091,0.0,1.1831975281829e-05,-0.00651021868174492,0.9799413860837314,0.11620719051021441,0.0
2018-01-10,0.0013559266835291748,0.0,1.2098376661045878e-05,0.001343828306868129,0.993609208616087,0.11042771235973808,0.0
2018-01-11,-0.0042494642889649385,2.676037316713084e-06,1.2348833657826617e-05,-0.004264489159939478,0.9999999999934879,0.0985351429721448,0.013098479653418482
2018-01-12,0.0006519772842499784,0.0,1.2622366761905026e-05,0.0006393549174880733,1.0161222545673108,0.09468948094824403,0.0
2018-01-16,0.003929130075015032,0.0,5.0888159939176525e-05,0.003878241915075855,1.0239894590405791,0.09528054015060772,0.0
2018-01-17,-0.0028760531602236685,0.0,1.2524932709078484e-05,-0.002888578092932747,1.013146485311064,0.09882639754833483,0.0
2018-01-18,0.002666906094748886,0.0,1.2782928302941805e-05,0.0026541231664459443,1.0293820734834482,0.09622830736869636,0.0
2018-01-19,0.004904294133603985,5.643452989707037e-06,1.2328767123197689e-05,0.0048863219134910795,1.0000000000021059,0.10000000000867446,0.027505921266686436
2018-01-22,0.00424115921157192,0.0,3.663488029034193e-05,0.004204524331281578,0.9958429442531459,0.10439419052149218,0.0
2018-01-23,-0.0029947571191231556,0.0,1.21584961361202e-05,-0.0030069156152592756,0.9957507201162548,0.10818050217948016,0.0
2018-01-24,0.001211343083519814,0.0,1.2346842591534286e-05,0.0011989962409282798,1.0068224928112912,0.10550298362928837,0.0
2018-01-25,-0.002931667991266425,0.0,1.2300809946610151e-05,-0.002943968801213035,1.0045456559667085,0.10658652986416747,0.0
2018-01-26,0.002385776440532674,2.88718533197755e-06,1.2328767123412596e-05,0.0023705604880772837,1.00000000002195,0.10000000001283041,0.014292217004502384
2018-01-29,-0.005531034930185506,0.0,3.725626481345537e-05,-0.005568291194998961,1.008712749239912,0.10214363877916477,0.0
2018-01-30,-0.0049961201238042765,0.0,1.2512294458890268e-05,-0.005008632418263167,1.0105510787903729,0.09715358329138321,0.0
2018-01-31,0.01214876344116815,0.0,1.2563595765659057e-05,0.012136199845402491,1.0097638604549013,0.0926213695617901,0.0
2018-02-01,0.0012108735552690424,0.0,1.2121033531016412e-05,0.001198752521738026,0.9883493157781681,0.10351386801397011,0.0
2018-02-02,-0.011611743708572401,6.110365400150724e-06,1.2397153943493883e-05,-0.011630251227916047,0.9999999999766935,0.09500776210163997,0.030376494046605862
2018-02-05,-0.015777666584035236,0.0,3.761390125278222e-05,-0.01581528048528802,0.9996489453010315,0.0843773481499975,0.0
2018-02-06,0.010802745707549556,0.0,1.2575293680047297e-05,0.010790170413869508,0.9876984775043971,0.06970203886094456,0.0
2018-02-07,-0.005393748086700129,0.0,1.249014645668791e-05,-0.0054062382331568175,0.9914260884986698,0.07964539716045238,0.0
2018-02-08,-0.017526121235524807,0.0,1.2506154324443915e-05,-0.01753862738984925,0.987604518842085,0.07465525315767924,0.0
2018-02-09,0.011308029393023278,8.746983396435287e-06,1.2709232436857538e-05,0.011286573177189984,1.000000000004502,0.07222603211390155,0.04350119922957635
2018-02-12,0.010218509040694638,0.0,3.7346081629320644e-05,0.010181162959065317,0.9913564235588584,0.08260177057872262,0.0
2018-02-13,0.00032916539488439696,0.0,1.2277507982517454e-05,0.0003168878869018795,0.988142868367098,0.09188478564332389,0.0
2018-02-14,0.010464326432401031,0.0,1.2303982400252614e-05,0.010452022450000778,0.9903754540295624,0.09218473881112177,0.0
2018-02-15,0.008117550447913579,0.0,1.2158451323703185e-05,0.008105391996589877,0.9891542194180438,0.10158727278771126,0.0
2018-02-16,-0.00010097758548020873,5.261495536055078e-05,1.2595606858282714e-05,-0.00016618814769904223,0.9999999999949492,0.08052069934031089,0.2500000000122108
2018-02-20,-0.004657377771513779,0.0,5.037033884295398e-05,-0.004707748110356733,0.999691772664779,0.08043308878086891,0.0
2018-02-21,-0.002239559707274367,0.0,1.2689090936584668e-05,-0.002252248798210952,1.0024377696929017,0.07613413132222094,0.0
2018-02-22,0.0007486577849741976,0.0,1.2725890266292448e-05,0.0007359318947079052,1.0030513656999722,0.07406137626062345,0.0
2018-02-23,0.007415779249339968,0.0,1.2723100071901988e-05,0.007403056149268066,1.0035413246913456,0.07475501944250038,0.0
2018-02-26,0.006934315410712145,5.301812229516031e-05,2.770529954395287e-05,0.006853591988873031,0.9999999999995738,0.32583771109672055,0.2500000000002821
2018-02-27,-0.011471983163344131,0.0,9.169642532296882e-06,-0.011481152805876428,0.9998907721471824,0.33050686728951006,0.0
2018-02-28,-0.008534070972788351,0.0,9.297383535333766e-06,-0.008543368356323685,1.0014493130786544,0.32274031499928946,0.0
2018-03-01,-0.007711764681898698,0.0,9.394698229860415e-06,-0.007721159380128559,1.002726725752226,0.316913754972416,0.0
2018-03-02,0.004282878066440802,0.0,9.475205361278138e-06,0.004273402861079524,1.0032979564261115,0.31160796505280763,0.0
2018-03-05,0.006972982563566836,1.7809268820211447e-05,2.572961401841603e-05,0.006929443680728209,1.0000000000209035,0.3739127255727802,0.086576369894651
2018-03-06,0.0029111723588091465,0.0,8.517064403129412e-06,0.002902655294406017,1.0000102467019054,0.37826454527345843,0.0
2018-03-07,-0.0021647200015665747,0.0,8.481018730629578e-06,-0.0021732010202972045,0.9991868655191172,0.38007249818315814,0.0
2018-03-08,-0.001531487441371356,0.0,8.49602038906531e-06,-0.0015399834617604213,0.9989403248234889,0.37873083642172123,0.0
2018-03-09,0.012697157086229725,0.0,8.536894650906144e-06,0.01268862019157882,1.0009744351821892,0.3777811256660407,0.0
2018-03-12,-0.0005390655803505619,5.0443051959713866e-05,3.539333706711489e-05,-0.0006249019693773906,1.0000000000080163,0.1387621313748876,0.25000000000357436
2018-03-13,-0.005498560955858029,0.0,1.1810720734016768e-05,-0.005510371676592045,1.0004921092539893,0.13830949567076525,0.0
2018-03-14,-0.00041266319273638335,0.0,1.1873030936768336e-05,-0.00042453622367315166,1.0002780857540339,0.13354682736994536,0.0
2018-03-15,-0.00046114969553347256,0.0,1.1886674306700308e-05,-0.00047303636984017284,1.0009179328467284,0.13319070845760592,0.0
2018-03-16,0.0018840587595410768,0.0,1.1906863848153343e-05,0.0018721518956929235,1.001993435299988,0.13279237438479397,0.0
2018-03-19,-0.0038329850082226735,5.030906855277936e-05,3.681784959833032e-05,-0.003920111926373784,1.0000000000331855,0.1040989931404808,0.250000000021535
2018-03-20,0.0036937279594578386,0.0,1.2299419952884556e-05,0.003681428539504954,0.9985182655466329,0.10066060898606038,0.0
2018-03-21,0.007170257291490789,0.0,1.2269177133358005e-05,0.007157988114357431,0.9996215037644056,0.10397157302927101,0.0
2018-03-22,-0.011958023079085552,0.0,1.2154835465659088e-05,-0.011970177914551211,0.9976549214926471,0.11035193249953373,0.0
2018-03-23,-0.0009601956793057429,0.0,1.2326242707938915e-05,-0.0009725219220136818,0.9994016888932097,0.09958597121366916,0.0
2018-03-26,0.009158205351870048,2.3279671870214695e-05,3.687674898129481e-05,0.009098048931018538,1.0000000000428686,0.10266577483136169,0.11382203473602226
2018-03-27,-0.010356271898033917,0.0,1.2149294392586956e-05,-0.010368421192426503,0.9977142635182759,0.11081577285942801,0.0
2018-03-28,-0.005662975074314033,0.0,1.2322043984183166e-05,-0.005675297118298216,1.0010212311897901,0.10151202034441917,0.0
2018-03-29,0.005392504482552668,0.0,1.2429086992351457e-05,0.005380075395560317,1.0037194723446128,0.09639612190295613,0.0
2018-04-02,-0.009330580313857858,0.0,4.947582168131957e-05,-0.009380056135539178,1.0041776721120657,0.10124392642798374,0.0
2018-04-03,0.002228444713346169,5.0535424571222665e-05,1.1913410538855101e-05,0.002165995878236091,1.0000000000523452,0.13032103071592296,0.2500000000239927
2018-04-04,0.001481546002996213,0.0,1.1905689230997067e-05,0.0014696403137652158,1.0013783081914958,0.13226299432870997,0.0
2018-04-05,0.00076298297619843,0.0,1.1914404733092848e-05,0.0007510685714653371,1.0032998179225214,0.1335482724067435,0.0
2018-04-06,-0.008638942298335827,0.0,1.1909768556083272e-05,-0.00865085206689191,1.0036235587229627,0.13421045412888366,0.0
2018-04-09,0.006050404677234398,0.0,3.598274746121747e-05,0.00601442192977318,1.0022474800568753,0.12666729183391692,0.0
2018-04-10,0.012796265606715757,6.18926204626319e-07,1.1929710892576407e-05,0.012783716969618554,1.0000000000902738,0.12913110493219596,0.003091244936552757
2018-04-11,0.002555481476874612,0.0,1.1758252642635492e-05,0.0025437232242319766,0.9984883556061461,0.1401359126937556,0.0
2018-04-12,0.0024430560377013332,0.0,1.1735067741789287e-05,0.002431320969959544,0.9989892928540053,0.1423293477033874,0.0
2018-04-13,-0.0012731400045631323,0.0,1.1667988281044635e-05,-0.0012848079928441769,0.996184413796837,0.1444212692805787,0.0
2018-04-16,-0.0008081166400971215,0.0,3.510397097085089e-05,-0.0008432206110679724,0.9975289106971684,0.14333228373979703,0.0
2018-04-17,0.0030256114683121,5.418345017711407e-05,1.5050032874559755e-05,0.0029563779852604262,1.000000000090934,-0.0986523997519281,0.2500000000698551
2018-04-18,0.00787683771237367,0.0,1.5026672853621413e-05,0.007861811039520048,1.001602205631609,-0.09534491268275416,0.0
2018-04-19,0.0008986745948723338,0.0,1.4897432897108295e-05,0.0008837771619752255,1.0007268199340265,-0.08678578155487901,0.0
2018-04-20,-0.005894483398463855,0.0,1.476693897810018e-05,-0.005909250337441955,0.9921752764810183,-0.08581126892029478,0.0
2018-04-23,-0.00028799602900047975,0.0,4.4732883449812395e-05,-0.00033272891245029215,0.9962492780480579,-0.09225088589737697,0.0
2018-04-24,-0.0089670127155307,4.768469554334363e-05,1.262874715265084e-05,-0.009027326158226696,0.999999999989524,0.0781014578460126,0.23122800768125196
2018-04-25,-0.00026593878453494,0.0,1.2800071942156511e-05,-0.00027873885647709655,1.0041694813625495,0.06976422958512427,0.0
2018-04-26,0.002736464405281357,0.0,1.2815574620478258e-05,0.002723648830660879,1.0050546153708066,0.06951766807589368,0.0
2018-04-27,0.0014216137334384735,0.0,1.2862376293606138e-05,0.0014087513571448675,1.0110113415752238,0.07205787214197573,0.0
2018-04-30,-0.0002967348479315998,0.0,3.842729064528093e-05,-0.0003351621385768807,1.0084401895392705,0.07337611717076778,0.0
2018-05-01,-0.005796403052797942,2.5303806866872698e-05,1.1022568374523042e-05,-0.0058327294280393375,1.000000000012807,0.19535250867262502,0.12564743630393704
2018-05-02,0.0010461007438691793,0.0,1.118969096587255e-05,0.0010349110529033066,1.007515662276621,0.1906682217679248,0.0
2018-05-03,0.004492020289386621,0.0,1.1122515897501581e-05,0.004480897773489119,1.0034597808796375,0.1915161203620221,0.0
2018-05-04,0.00707152988400292,0.0,1.102304119885207e-05,0.007060506842804068,0.9998157737091434,0.19513376619294226,0.0
2018-05-07,-0.0012221490945736133,0.0,3.285787142445775e-05,-0.0012550069659980712,1.0003291716109883,0.2007876336158501,0.0
2018-05-08,-0.0003229633330947992,4.381489921674311e-05,8.219178082224894e-06,-0.0003749974103937672,0.9999999999969695,0.39999999999455205,0.21562003246470715
2018-05-09,0.006374653933378664,0.0,8.24296854049962e-06,0.0063664109648381645,1.0015636741965628,0.3998269707400906,0.0
2018-05-10,0.002643536344090586,0.0,8.185326591650346e-06,0.0026353510174989356,1.0011607790688766,0.40363193787840124,0.0
2018-05-11,-0.0033654017343612425,0.0,8.251400336643438e-06,-0.003373653134697886,1.0075598345103212,0.4052076099353502,0.0
2018-05-14,0.0008636759329228815,0.0,2.4856371923294724e-05,0.0008388195609995867,1.0080408569564334,0.40320247348959515,0.0
2018-05-15,-0.0053292820796878,5.0296167740305404e-05,1.1465578324735822e-05,-0.005391043825752841,1.000000000079663,0.16301278237394767,0.25000000007262035
2018-05-16,0.00375527528007918,0.0,1.1551218010160646e-05,0.0037437240620690196,1.001777101348037,0.15853818660630986,0.0
2018-05-17,-0.003332225074037187,0.0,1.1486243493901145e-05,-0.003343711317531088,1.000183921138129,0.16168814608334536,0.0
2018-05-18,-0.001395929350464923,0.0,1.1586006300055669e-05,-0.0014075153567649787,1.0046656538218857,0.15888719391782197,0.0
2018-05-21,0.005069514150427328,0.0,3.479965729687642e-05,0.005034714493130452,1.004504909277086,0.1577132483864262,0.0
2018-05-22,-0.004775698367102196,5.045803909093271e-05,1.4847371628818068e-05,-0.004841003777821947,1.0000000000114222,-0.08385812889229675,0.25000000000569295
2018-05-23,-0.0020184551172864073,0.0,1.5021910392037932e-05,-0.002033477027678445,1.0075344674004105,-0.0890649912183587,0.0
2018-05-24,-0.0028530282206043873,0.0,1.5123373582716561e-05,-0.002868151594187104,1.0127372317068284,-0.09126903983148069,0.0
2018-05-25,-0.00998852314005025,0.0,1.5190526966685117e-05,-0.010003713667016936,1.0145156676535059,-0.09439280091450783,0.0
2018-05-29,-0.0027407680883824205,0.0,6.148741712088157e-05,-0.002802255505503302,1.0167092860833236,-0.10543607637276492,0.0
2018-05-30,0.007775060099824823,5.139907527244089e-05,1.475151135880828e-05,0.007708909513193574,1.0000000000656353,-0.07686032912736884,0.25000000006219003
2018-05-31,-0.006942737071943352,0.0,1.4584631963302138e-05,-0.006957321703906654,0.9961213622383057,-0.06855677108275035,0.0
2018-06-01,-0.00502647120523873,0.0,1.4772533794075004e-05,-0.0050412437390328045,1.0023665043396264,-0.07602846262784912,0.0
2018-06-04,-0.00010009924303187265,0.0,4.455294385693858e-05,-0.00014465218688881123,1.0026560119627876,-0.08146562188938412,0.0
2018-06-05,0.0034393441327409627,0.0,1.4766502430870018e-05,0.0034245776303100926,0.9963771559542092,-0.08157752149930186,0.0
2018-06-06,0.0008999390019984031,5.044526379483376e-05,1.643835616465207e-05,0.0008330553820389173,1.0000000000023033,-0.2000000000172978,0.2500000000020851
2018-06-07,-0.0004966339583161975,0.0,1.6405683387897537e-05,-0.000513039641704095,0.9986805496219097,-0.19893433769461066,0.0
2018-06-08,0.0010159071142748746,0.0,1.6494718207995807e-05,0.0009994123960668788,1.0045810890174203,-0.19953334016627372,0.0
2018-06-11,-0.0005674689479835804,0.0,4.9278555581683955e-05,-0.0006167475035652644,1.0007922887995058,-0.19831923035480384,0.0
2018-06-12,0.00044744611982960446,0.0,1.648662135967837e-05,0.0004309594984699261,1.0045139213797374,-0.19900943787678382,0.0
2018-06-13,0.0009722927202029221,1.3274420543068058e-06,1.6438356164147228e-05,0.0009545269219844681,0.9999999999635952,-0.20000000001915222,0.0065694486035025035
2018-06-14,-0.0026258591697494393,0.0,1.6439520724959605e-05,-0.002642298690474399,1.001247101762415,-0.1988379111596363,0.0
2018-06-15,-0.013182299165576165,0.0,1.6528350884039833e-05,-0.013198827516460206,1.0045721064544417,-0.20199750808046585,0.0
2018-06-18,0.007046005688088384,0.0,5.050968128476288e-05,0.006995496006803621,1.01101099519373,-0.21805791606883332,0.0
2018-06-19,-0.0019924989877803836,0.0,1.6627739409710054e-05,-0.0020091267271900937,1.004278944957844,-0.20954603195099014,0.0
2018-06-20,0.003224468475844792,5.362044429213833e-05,1.645451125893202e-05,0.003154393520293722,1.0000000000063671,-0.20117932189566995,0.2500000000068946
2018-06-21,-0.0022870197826660977,0.0,1.6349665245747587e-05,-0.002303369447911845,0.9961931735302456,-0.1973323894093283,0.0
2018-06-22,0.011564284287658037,0.0,1.6417066270615178e-05,0.011547867221387422,0.9983655697865453,-0.20008026796836276,0.0
2018-06-25,-0.005646361733631695,0.0,4.868239330308885e-05,-0.005695044126934784,0.9982410253499377,-0.18636387835855733,0.0
2018-06-26,0.00609684631557445,0.0,1.632619122338128e-05,0.006080520124351068,0.9987019491856514,-0.193110010121182,0.0
2018-06-27,0.0003819294182575787,5.0816167653649734e-05,1.551508153439971e-05,0.0003155981690695293,1.000000000061823,-0.1326009519493558,0.2500000000580909
2018-06-28,0.002902798017371045,0.0,1.557278760695863e-05,0.0028872252297640864,1.0046361876931575,-0.1321773076148225,0.0
2018-06-29,0.004257796727006377,0.0,1.5519372499929236e-05,0.004242277354506448,1.0040118529841933,-0.1289023395106407,0.0
2018-07-02,-0.0031409786216389833,0.0,4.6321936950088356e-05,-0.003187300558589072,1.0030491326483697,-0.12411799980378015,0.0
2018-07-03,-0.0018650831326928103,0.0,1.548473056127535e-05,-0.0018805678632540857,1.0027194429916049,-0.12766588798149536,0.0
2018-07-05,0.0016208074226337142,5.026243786204669e-05,2.4545729169941488e-05,0.0015459992556017261,1.0000000000048643,0.10408088530200006,0.25000000000276784
2018-07-06,0.004661795214230804,0.0,1.2276457774591907e-05,0.004649518756456212,1.0017199477806618,0.10553853023545248,0.0
2018-07-09,0.004434413238769675,0.0,3.6719241097848065e-05,0.0043976939976718265,1.003191851638513,0.10969031825754322,0.0
2018-07-10,-0.0002603090169844496,0.0,1.215730224133473e-05,-0.00027246631922578433,1.0011081069427312,0.11362504332529602,0.0
2018-07-11,-0.015647246664919758,0.0,1.2152471827103387e-05,-0.01565939913674686,1.0005260741769988,0.11339563079845147,0.0
2018-07-12,0.0048617448345410685,5.1027591873828456e-05,1.1511298424457113e-05,0.004799205944242783,0.9999999999936463,0.15967521500827705,0.2500000000073803
2018-07-13,-0.0003715634380492232,0.0,1.1463314362738854e-05,-0.00038302675241196207,1.000573033143859,0.16375108466392282,0.0
2018-07-16,-0.005066139744363585,0.0,3.445795716881036e-05,-0.005100597701532396,1.001919081706196,0.1634421239318105,0.0
2018-07-17,0.0025507989631302244,0.0,1.1517558065631558e-05,0.002539281405064593,0.9999696766082927,0.15918793781718896,0.0
2018-07-18,0.002773234558157657,0.0,1.1476959398740123e-05,0.002761757598758917,0.9991471129633931,0.16132907685536413,0.0
2018-07-19,-0.0004546960879931837,5.1417985813526133e-05,8.17616657593532e-06,-0.0005142902403826451,1.000000000064069,0.40313984002079073,0.2500000000593474
2018-07-20,0.00032008968520646575,0.0,8.197944529422072e-06,0.0003118917406770437,1.001342298182871,0.40289234753505976,0.0
2018-07-23,0.0026485135191477824,0.0,2.4506862348306714e-05,0.002624006656799476,0.9994203682776706,0.4030867178022072,0.0
2018-07-24,0.00016058439595973643,0.0,8.11139050808055e-06,0.00015247300545165587,0.9968048728057671,0.40467336571588686,0.0
2018-07-25,0.00527266006092305,0.0,8.125674963226414e-06,0.0052645343859598235,0.9979465055884443,0.4047722332729161,0.0
2018-07-26,0.00018763381737836886,5.052991146940214e-05,7.412819730824201e-06,0.00012969108617814253,0.9999999999670488,0.45886415961688204,0.2500000000167282
2018-07-27,-0.006933951153926249,0.0,7.39401266237427e-06,-0.006941345166588624,0.9987551905820276,0.4589922662287059,0.0
2018-07-30,-0.0019926628037624542,0.0,2.236036066986717e-05,-0.0020150231644323214,0.9993202509532076,0.4552181413197731,0.0
2018-07-31,0.0007737915647780967,0.0,7.457777740412411e-06,0.0007663337870376843,0.9985583573593786,0.4541405823092727,0.0
2018-08-01,-0.001001224992114279,0.0,7.473666817431286e-06,-0.0010086986589317103,1.0001437022434665,0.4545660245709826,0.0
2018-08-02,0.006480745794381202,5.295119522117739e-05,1.0230391420001082e-05,0.006417564207740023,1.0000000001206506,0.2531814264605716,0.250000000121744
2018-08-03,-0.0012662637111386257,0.0,1.0141198107937807e-05,-0.0012764049092465635,0.9983138614988475,0.25800639961938765,0.0
2018-08-06,0.0025493187650892975,0.0,3.0588407391408266e-05,0.0025187303576978894,1.0013861722871054,0.2570682590961708,0.0
2018-08-07,0.0020475625220448775,0.0,1.0168489549310928e-05,0.0020373940324955667,1.0012650511628363,0.25896531406313855,0.0
2018-08-08,-0.0024862633491575196,0.0,1.0133957263764529e-05,-0.002496397306421284,1.000261052017673,0.2604821717628623,0.0
2018-08-09,0.0015343427516059667,5.2226223732335404e-05,1.0220734454188307e-05,0.001471895793419443,1.000000000103492,0.2538863849477455,0.25000000010122003
2018-08-10,0.001663936773739973,0.0,1.0189506333101735e-05,0.0016537472674068713,0.9988792898710194,0.25504532755459264,0.0
2018-08-13,0.0016801448047010716,0.0,3.032638706429363e-05,0.001649818417636778,0.9942275182249877,0.2562854329938429,0.0
2018-08-14,0.0023038583271370026,0.0,9.999737580123995e-06,0.0022938585895568788,0.9875215257864196,0.25754068243736805,0.0
2018-08-15,-0.0027251340593369908,0.0,1.0015919266485156e-05,-0.002735149978603476,0.9904119647037326,0.2592498582503161,0.0
2018-08-16,-0.0007196413719941511,5.1616577583240555e-05,1.1461287668065845e-05,-0.0007827192372454575,1.0000000000071347,0.16332600023832797,0.25000000000617506
2018-08-17,-0.003625574388003209,0.0,1.1567763994884247e-05,-0.0036371421519980933,1.007180505316792,0.16273373369024188,0.0
2018-08-20,0.0013303844966526465,0.0,3.516149459426928e-05,0.0012952230020583772,1.0152853392496575,0.1596889707891049,0.0
2018-08-21,0.0013985116580938666,0.0,1.1675457308699742e-05,0.001386836200785167,1.013119452625168,0.16081106909008647,0.0
2018-08-22,0.001342779985609209,0.0,1.166907544240201e-05,0.0013311109101668069,1.0138274414728279,0.16198493417748136,0.0
2018-08-23,0.004685822536076341,1.0870406948236046e-05,1.1536733025688096e-05,0.004663415396102417,1.0000000000779403,0.15781848920270922,0.053936008645554305
2018-08-24,-0.0028818945897623235,0.0,1.1354024892290442e-05,-0.002893248614654614,0.9905938214157158,0.16175000427851347,0.0
2018-08-27,3.21380432739875e-05,0.0,3.460303769900461e-05,-2.4649944250171123e-06,1.0013363390286814,0.15932908835290238,0.0
2018-08-28,0.005391962697709508,0.0,1.1600158312270161e-05,0.005380362539397238,1.006173176017401,0.15936161922167932,0.0
2018-08-29,0.001069873819630409,0.0,1.1403041071143652e-05,0.0010584707785592654,0.9962938899253413,0.16387189173185454,0.0
2018-08-30,0.00233218919341723,5.114066414057945e-05,1.1438209993936514e-05,0.0022696103192827136,1.000000000017047,0.16501067045968162,0.2500000000108039
2018-08-31,-0.0002551609659094405,0.0,1.1318772823435095e-05,-0.00026647973873287557,0.9932343327357407,0.16696391662497884,0.0
2018-09-04,0.0019897684661104487,0.0,4.5420528873658974e-05,0.0019443479372367896,0.9956778439503844,0.16675319200610808,0.0
2018-09-05,-0.0037304842851789387,0.0,1.1229651991173941e-05,-0.0037417139371701126,0.9881800974937355,0.16841550213803771,0.0
2018-09-06,-0.002266650356396067,0.0,1.1295340669561323e-05,-0.0022779456970656283,0.9898634052768424,0.16530353639886586,0.0
2018-09-07,-0.0015406914948882329,5.220941460137835e-06,1.1325244892422119e-05,-0.0015572376812407929,1.0000000001564786,0.17325712300966395,0.0259953724057273
2018-09-10,0.00036448926417163987,0.0,3.406659479031741e-05,0.0003304226693813225,1.0009380584367618,0.17198425187237126,0.0
2018-09-11,0.0035447536773721643,0.0,1.1375135215805258e-05,0.003533378542156359,1.0026766827698879,0.17229181201610413,0.0
2018-09-12,-0.0035795001081037094,0.0,1.1290081774167816e-05,-0.0035907901898778773,0.9993934256081533,0.17521745609390277,0.0
2018-09-13,0.004343127801047786,0.0,1.1417612194862562e-05,0.004331710188852924,1.0057421831356523,0.1722564929106856,0.0
2018-09-14,0.00362347328392999,5.111114649035498e-05,1.227722621134303e-05,0.0035600849112282923,1.0000000000207836,0.10376248659274234,0.2500000000057629
2018-09-17,-0.003573795753967604,0.0,3.648937037838647e-05,-0.0036102851243459905,0.9949130254853997,0.10700501294466233,0.0
2018-09-18,0.0020371833056750627,0.0,1.2217497753848369e-05,0.0020249658079212144,0.9956833224301408,0.10380598639920992,0.0
2018-09-19,-0.002976348539568628,0.0,1.2184306646978611e-05,-0.0029885328462156066,0.9950836592660839,0.10562927403664521,0.0
2018-09-20,0.0003468629451405462,0.0,1.2283501206959918e-05,0.0003345794439335863,0.9996562148199462,0.10296062671187195,0.0
2018-09-21,0.00045627825002989903,4.107544604767536e-06,1.232876712310094e-05,0.0004398419383020306,0.9999999999817836,0.09999999999541506,0.020375883905891817
2018-09-24,-0.00025444536762816007,0.0,3.687675956660685e-05,-0.0002913221271947669,0.9977465955745609,0.1004121127871277,0.0
2018-09-25,-0.0017454052528601614,0.0,1.2273922217668502e-05,-0.00175767917507783,0.9961831759567441,0.10018685406694329,0.0
2018-09-26,0.0004861109803375752,0.0,1.234505451568451e-05,0.0004737659258218907,0.9998037616076629,0.09861478196269376,0.0
2018-09-27,0.004285685740783213,0.0,1.2282199250894074e-05,0.004273403541532319,0.9956545098650774,0.09905396454981016,0.0
2018-09-28,-0.0041229860539307986,3.472321326644865e-05,1.2152926248954607e-05,-0.004169862193446202,0.9999999999719413,0.11283638379825504,0.17005055932589136
2018-10-01,-0.0005029501806484428,0.0,3.699621315187528e-05,-0.000539946393800318,1.0094098025238085,0.10916861582817691,0.0
2018-10-02,-0.0083672521542261,0.0,1.2331964599555551e-05,-0.008379584118825655,1.0089577867471122,0.10872437097955702,0.0
2018-10-03,0.003370769042737561,0.0,1.2611202190720857e-05,0.00335815784054684,1.021822936034443,0.10120517611182062,0.0
2018-10-04,-0.004966661052186329,0.0,1.2506026444606852e-05,-0.004979167078630936,1.0171658684599627,0.10422593800366264,0.0
2018-10-05,-0.006714765706107066,3.1240227369485185e-06,1.2211660147690073e-05,-0.006730101388991705,0.9999999999980642,0.108548809216689,0.015310962222496283
2018-10-08,0.0019399723138031548,0.0,3.7095049240340785e-05,0.001902877264562814,1.0051702388809232,0.10252404069929731,0.0
2018-10-09,-0.00010551462408334902,0.0,1.2252806780115654e-05,-0.00011776743086346468,0.9987205033059239,0.10426560835748117,0.0
2018-10-10,-0.012915568328942134,0.0,1.2251754362989492e-05,-0.012927820083305125,0.9985504303430522,0.10417236184481919,0.0
2018-10-11,-0.013800965710235766,0.0,1.2362573102659724e-05,-0.013813328283338425,0.9949198327844199,0.09245199629026,0.0
2018-10-12,0.003928295177851954,5.3098685858825825e-06,1.2328767123606907e-05,0.003910656542142465,1.0000000000363738,0.10000000001306965,0.026426348342001832
2018-10-15,-0.0052675219869465625,0.0,3.700985407324645e-05,-0.005304531841019809,1.0040965663141646,0.1035234505318341,0.0
2018-10-16,0.011639911810994006,0.0,1.2497738069818056e-05,0.011627414072924188,1.011114788817975,0.09877990972125701,0.0
2018-10-17,-0.00030517466127382684,0.0,1.2341112710580072e-05,-0.00031751577398440693,1.0100519092360387,0.10915068136369363,0.0
2018-10-18,-0.006171434030394278,0.0,1.23304239621956e-05,-0.006183764454356474,1.0090010270848868,0.10888007784460807,0.0
2018-10-19,-0.0020305180707214945,1.1074556117148007e-06,1.2318851444596755e-05,-0.002043944377777806,1.0000000000218594,0.10072384456629643,0.005508026239100629
2018-10-22,3.976222283928323e-05,0.0,3.707084545886782e-05,2.6913773804154085e-06,1.0009527028209364,0.09889546332181944,0.0
2018-10-23,-0.0054123936606808995,0.0,1.2347020676072635e-05,-0.0054247406813569725,1.0002674686266495,0.09893495927334706,0.0
2018-10-24,-0.015159203627053376,0.0,1.2493364953619461e-05,-0.015171696992006996,1.006048310068829,0.09403266845460838,0.0
2018-10-25,0.011055922689623549,0.0,1.26737426025093e-05,0.01104324894702104,1.0052717539320573,0.08008854394887854,0.0
2018-10-26,-0.010356498124222256,2.410226266440636e-06,1.2328767123747432e-05,-0.010371237117612444,1.0000000000823437,0.10000000004878128,0.011988918326419212
2018-10-29,0.0007960803202382453,0.0,3.7590495449111294e-05,0.000758489824789134,1.0052850152023793,0.09058295927400462,0.0
2018-10-30,0.008133548519427974,0.0,1.2388206026691324e-05,0.008121160313401283,0.995648822002118,0.09130978205365149,0.0
2018-10-31,0.007861461928348811,0.0,1.2262302588487902e-05,0.007849199625760323,0.9937903300788935,0.09864224111927665,0.0
2018-11-01,-0.0013558663111534115,0.0,1.2075246395284908e-05,-0.0013679415575486964,0.9871672316606492,0.10567424480485077,0.0
2018-11-02,-0.005730127975632704,5.1584010703206875e-05,1.2310885002552205e-05,-0.0057940228713384626,0.9999999999791789,0.10130539479286774,0.25000000002167877
2018-11-05,0.002874305111709245,0.0,3.728232353666525e-05,0.0028370227881725795,1.0033354653853004,0.09613225932644594,0.0
2018-11-06,0.003553169627163873,0.0,1.2329254218163474e-05,0.0035408403729457094,0.9987620331042119,0.09872647517827833,0.0
2018-11-07,0.006515755585658108,0.0,1.2220547980886655e-05,0.006503535037677221,0.9940187693261997,0.10191876672147406,0.0
2018-11-08,-0.0011637274583864935,0.0,1.2149449484529578e-05,-0.0011758769078710231,0.9946436836710448,0.10773387130038542,0.0
2018-11-09,0.0006515991236407096,5.19655179477198e-05,1.2101686886561276e-05,0.0005875319188064286,0.9999999999734999,0.11657685725452668,0.25000000002812117
2018-11-12,-0.004102660094474695,0.0,3.580313079029292e-05,-0.004138463225264987,0.9883691372581502,0.11715962136102255,0.0
2018-11-13,-0.011649963968792284,0.0,1.1908435034344037e-05,-0.011661872403826627,0.982842545209652,0.11352678770253732,0.0
2018-11-14,-0.0005406652274587442,0.0,1.2027909918017652e-05,-0.0005526931373767618,0.9811163409255659,0.10307891691027724,0.0
2018-11-15,0.0005178123000120644,0.0,1.2118698046101363e-05,0.0005056936019659631,0.9872599125758924,0.10259495521049285,0.0
2018-11-16,-0.0020511004791968677,5.0567926283813675e-05,1.2207913379710626e-05,-0.002113876318860392,1.000000000032587,0.10882232331371142,0.25000000003641215
2018-11-19,-0.002547582647979239,0.0,3.700339970632408e-05,-0.002584586047685563,1.0074134616295651,0.10699740210901236,0.0
2018-11-20,-0.015244368989313499,0.0,1.2368059771268514e-05,-0.015256737049084767,1.0075888418513985,0.1047204785487973,0.0
2018-11-21,0.0037386900193022467,0.0,1.2503883026901681e-05,0.003726186136275345,1.00364583385415,0.09086237289032743,0.0
2018-11-23,-0.010855437278159468,0.0,2.5001877132496216e-05,-0.010880439155291965,1.0068183856854998,0.09424987034938793,0.0
2018-11-26,0.0061805966497379995,5.324409307385451e-05,2.8514198161170153e-05,0.006098838358502975,1.0000000000412834,0.3061545114528095,0.25000000004676814
2018-11-27,0.0014525465949003094,0.0,9.421281959913752e-06,0.0014431253129403958,0.9981953569774853,0.3104417739037814,0.0
2018-11-28,-0.0014550470926677854,0.0,9.38231466010463e-06,-0.0014644294073278901,0.9963538367158475,0.3114448665282095,0.0
2018-11-29,0.002136529346502521,0.0,9.439732516853644e-06,0.0021270896139856674,0.9995449171381255,0.3104444434078097,0.0
2018-11-30,-0.0003532709905814792,0.0,9.437599888406481e-06,-0.00036270859046988566,1.0008622881412117,0.31191749628753856,0.0
2018-12-03,0.00859656042064281,5.1789514314353986e-05,2.249199716033085e-05,0.008522278909168126,1.000000000014652,0.4526947357799348,0.25000000001426725
2018-12-04,-0.009031391222078708,0.0,7.509484187991901e-06,-0.009038900706266699,1.00558560896348,0.4573932632400711,0.0
2018-12-06,-0.004565766106026147,0.0,1.5351420168257184e-05,-0.004581117526194404,1.012778372672482,0.4524515365310948,0.0
2018-12-07,-0.0013703095453846247,0.0,7.71607829805229e-06,-0.001378025623682677,1.0132207464108696,0.4499470306530524,0.0
2018-12-10,-0.004416031194684034,0.0,2.3319378026974105e-05,-0.004439350572711008,1.0166339229822077,0.4491957243258376,0.0
2018-12-11,0.002924571649937805,5.1959866750240274e-05,1.0919438305954043e-05,0.0028616923448816106,1.000000000031388,0.20288100369674286,0.25000000003976774
2018-12-12,-0.0018019443728163305,0.0,1.0879779128592445e-05,-0.001812824151944923,0.9994421800852071,0.20521830369795868,0.0
2018-12-13,0.004177693960535864,0.0,1.092542118492119e-05,0.004166768539350943,1.0013415336211067,0.20378578712185996,0.0
2018-12-14,-0.004494318108690741,0.0,1.0882928299433164e-05,-0.004505201036990174,1.0015543069220312,0.2071005410634103,0.0
2018-12-17,-0.008623465584505826,0.0,3.27005172089095e-05,-0.008656166101714735,0.9992357210130565,0.2035231355962592,0.0
2018-12-18,0.007539122502140617,5.5651565026223264e-05,1.093344637213791e-05,0.0074725374907422554,1.0000000000170648,0.2018584148509973,0.2500000000178312
2018-12-19,-0.0066643376149224855,0.0,1.0877872889885208e-05,-0.00667521548781237,1.0019291331524212,0.20784441219080083,0.0
2018-12-20,-0.004861308786844086,0.0,1.0992379800266955e-05,-0.004872301166644354,1.0049757448683692,0.2025320194488814,0.0
2018-12-21,0.00036471362818590565,0.0,1.1071130268144172e-05,0.0003536424979177615,1.00683104701427,0.19863853743974558,0.0
2018-12-24,-0.010261417124223349,0.0,3.309695673993721e-05,-0.010294514080963286,1.0042921806120837,0.19893289994027855,0.0
2018-12-26,-0.0014330771549324697,5.046803931807363e-05,2.475467428422373e-05,-0.0015082998685347672,1.0000000000442384,0.09645438867007222,0.2500000000756327
2018-12-27,0.0012629729466534004,0.0,1.241646521639769e-05,0.0012505564814370028,1.0015668094408696,0.09516484864383834,0.0
2018-12-28,-0.010823437670639046,0.0,1.2457944086744707e-05,-0.010835895614725791,1.0057373020998748,0.09630738376751105,0.0
2018-12-31,-0.015319387654649875,0.0,3.8039467693690375e-05,-0.015357427122343566,1.0120474356177407,0.08642038840460846,0.0
2019-01-02,-0.0015181973016105644,0.0,2.586013055964546e-05,-0.00154405743217021,1.0161047253744169,0.07220995994735746,0.0
2019-01-03,-0.007288098085045008,5.198489260062226e-05,1.5068493150190679e-05,-0.0073551514707958215,0.9999999999877889,-0.09999999997613077,0.25000000000595207
2019-01-04,0.0057768871050582,0.0,1.5319775801681597e-05,0.005761567329256518,1.0102605681442942,-0.10808306537846227,0.0
2019-01-07,-0.004702808899620016,0.0,4.56218428044506e-05,-0.004748430742424466,1.0084113972365223,-0.10172011100510872,0.0
2019-01-08,0.001601924696698716,0.0,1.5268675960494234e-05,0.0015866560207382218,1.0076826723173244,-0.10693067279875434,0.0
2019-01-09,-0.0033963042848010666,0.0,1.527178889381718e-05,-0.003411576073694884,1.0096786968962517,-0.10516189235240256,0.0
2019-01-10,0.0026470900823487515,5.043066940107732e-05,1.1897791627381654e-05,0.0025847616213202926,1.000000000014106,0.1314612112152455,0.25000000001896505
2019-01-11,0.00805925035256681,0.0,1.1795101871805723e-05,0.008047455250695003,0.994804993615776,0.13376255697395828,0.0
2019-01-14,0.02281767549014666,0.0,3.514752118574896e-05,0.02278252796896091,0.9959459628072174,0.1406896139539928,0.0
2019-01-15,-0.005566432173179916,0.0,1.1426496005496446e-05,-0.005577858669185413,0.9939993654340182,0.15986515703277784,0.0
2019-01-16,-0.003778074713404498,0.0,1.1491253997831296e-05,-0.003789565967402329,0.994025750728972,0.15516420888728719,0.0
2019-01-17,0.0006104511271362285,5.144185125114899e-05,1.122408722267861e-05,0.000547785188662401,1.0000000000077962,0.18064163275225775,0.2500000000040911
2019-01-18,0.0002437929055566309,0.0,1.120003626379905e-05,0.00023259286929283186,0.998755498288046,0.18115285103071532,0.0
2019-01-22,-0.006708814967899542,0.0,4.4824916827058476e-05,-0.006753639884726601,0.9994091942753711,0.1813544621815541,0.0
2019-01-23,-0.001959467933601436,0.0,1.1244051657633816e-05,-0.00197071198525907,0.9966489320705375,0.17583316106326904,0.0
2019-01-24,0.004471039172537812,0.0,1.1260619116409983e-05,0.004459778553421402,0.9962422202062251,0.17421702470829642,0.0
2019-01-25,-0.0038940013440360516,5.0594658753800536e-05,7.914773240690924e-06,-0.003952510776030543,0.9999999999944292,0.4222215534239917,0.2500000000072089
2019-01-28,-0.005729759128665469,0.0,2.4152248163041242e-05,-0.00575391137682851,1.007692262727153,0.4199875574264826,0.0
2019-01-29,-0.0009567621796473005,0.0,8.026147752467043e-06,-0.0009647883273997675,1.0025639812967464,0.4166551953666521,0.0
2019-01-30,-0.004845309224514171,0.0,8.1099570042002e-06,-0.004853419181518371,1.0081267428023186,0.4160998814957042,0.0
2019-01-31,0.0017529938570438096,0.0,8.233975816595753e-06,0.0017447598812272138,1.0143405323386292,0.4132602977271389,0.0
2019-02-01,-0.010379335894075793,5.2425521422955296e-05,7.794127355129328e-06,-0.010439555542853878,0.9999999999918279,0.43102870306738694,0.2500000000057556
2019-02-04,-0.0021001203966060566,0.0,2.4012057591756593e-05,-0.0021241324541978134,1.0093804888325297,0.4250870874331192,0.0
2019-02-05,0.005325872883490596,0.0,7.981437813010584e-06,0.005317891445677586,1.0065323202844472,0.4238873599346745,0.0
2019-02-06,-8.215575740576559e-05,0.0,7.852754536730699e-06,-9.000851194249629e-05,1.0001938785495879,0.426942797368247,0.0
2019-02-07,0.002108841401125444,0.0,7.867853139891152e-06,0.0021009735479855527,1.0012523453725901,0.42689906616053597,0.0
2019-02-08,0.0010622840093261585,5.0791841255757894e-05,1.0958904109611122e-05,0.0010005332639607895,1.000000000001027,0.1999999999994151,0.23226544473267743
2019-02-11,0.001625346084038669,0.0,3.2844508311627015e-05,0.001592501575727042,1.000077684497317,0.20086131558105944,0.0
2019-02-12,-0.005175087472649013,0.0,1.0878360929221923e-05,-0.005185965833578235,0.9962850618726341,0.20216471403943392,0.0
2019-02-13,-0.0035667408196977273,0.0,1.1046658528474858e-05,-0.0035777874782262024,1.0044226061228934,0.19801653354422885,0.0
2019-02-14,-0.0007463799185981027,0.0,1.1178059973258817e-05,-0.0007575579785713615,1.0111463688101747,0.19514799076228137,0.0
2019-02-15,-0.006606566892430765,5.142372755609095e-05,1.0999738608597333e-05,-0.006668990358595453,1.0000000000004745,0.19701908157286926,0.250000000000167
2019-02-19,0.0007369288806520767,0.0,4.509562937886894e-05,0.0006918332512732077,1.0146861356049968,0.1916908994406386,0.0
2019-02-20,-0.0034128828511463863,0.0,1.131261554084649e-05,-0.003424195466687233,1.018115726871662,0.19229479238986863,0.0
2019-02-21,-0.0028091117303795867,0.0,1.1427027166188782e-05,-0.0028205387575457753,1.023703883520411,0.18953090038863027,0.0
2019-02-22,0.00021564240961055296,0.0,1.144871046388701e-05,0.00020419369914666596,1.0230057982192,0.18724993435544807,0.0
2019-02-25,0.005940041462173862,5.039606707902388e-05,3.3290176553286945e-05,0.005856355218541551,1.000000000021701,0.1899390372250523,0.25000000001728745
2019-02-26,-0.0006012223623942438,0.0,1.0849730962097958e-05,-0.0006120720933563418,0.9867689803859933,0.19473862015284255,0.0
2019-02-27,-0.006123546129526959,0.0,1.0908527958601167e-05,-0.00613445465748556,0.9905788376264708,0.19425629664858562,0.0
2019-02-28,-0.0013001208560073432,0.0,1.1074128089968415e-05,-0.0013111949840973116,0.9977053163366985,0.18929396576900426,0.0
2019-03-01,0.0026951937853900206,0.0,1.1095060359626258e-05,0.0026840987250303944,0.9981800713816338,0.1882406651289171,0.0
2019-03-04,-0.0007786756227963552,5.0493098473101424e-05,3.2806259509709394e-05,-0.000861974980779166,1.0000000000206624,0.2017143519510675,0.2500000000182927
2019-03-05,-0.0006926668666696038,0.0,1.0995020468268418e-05,-0.0007036618871378722,1.0037455214617883,0.2011090272781937,0.0
2019-03-06,0.0027850037586702897,0.0,1.1032799982221562e-05,0.002773970958688068,1.0059518837721215,0.2005574850699481,0.0
2019-03-07,0.002392837687093327,0.0,1.0948129254927315e-05,0.0023818895578384,1.0019934186543429,0.20277998304464925,0.0
2019-03-08,0.0028044605510295505,0.0,1.089583742648867e-05,0.0027935647136030617,1.00008141512721,0.20468528299353714,0.0
2019-03-11,0.0005192522085744683,4.883332926130862e-05,3.7582112450532976e-05,0.00043283676686262676,1.0000000000232145,0.08550193039357894,0.2175994900857704
2019-03-12,-0.0005153711599765738,0.0,1.2495735449549952e-05,-0.0005278668954261238,0.9981726533976361,0.08598396558048953,0.0
2019-03-13,-0.00581961743488071,0.0,1.2555966992115412e-05,-0.005832173401872825,1.002099324714374,0.08551373428994882,0.0
2019-03-14,-0.0021561860664236353,0.0,1.2800177919406012e-05,-0.0021689862443430414,1.0145746215178806,0.0801616334012415,0.0
2019-03-15,0.0030545203932421192,0.0,1.2844099771441349e-05,0.003041676293470678,1.0157942911667177,0.07817500785149918,0.0
2019-03-18,-0.00449159319640823,4.188713614031736e-05,4.2055635952237875e-05,-0.004575535968500786,0.9999999999824594,-0.023353808188662263,0.20191795782756447
2019-03-19,-0.0005422467896150511,0.0,1.4196775117145594e-05,-0.0005564435647321967,1.008391188893137,-0.02797339465849153,0.0
2019-03-20,-0.0011108288016894853,0.0,1.421578131603274e-05,-0.001125044583005518,1.0092205184429075,-0.028531517627482385,0.0
2019-03-21,0.002013973863210389,0.0,1.4318721195736702e-05,0.0019996551420146526,1.0155909143370034,-0.029675732951775974,0.0
2019-03-22,0.009414059864421431,0.0,1.4247425466190316e-05,0.00939981243895524,1.0124555035339824,-0.02760655549791089,0.0
2019-03-25,-0.0002767021332758322,2.7162800546049385e-05,4.1720457380404005e-05,-0.00034558539120228555,1.0000000000352036,-0.015197796221293337,0.12921162221873747
2019-03-26,-0.001783824148604007,0.0,1.394252074056589e-05,-0.001797766669344573,1.0023241660974267,-0.015479847963883561,0.0
2019-03-27,0.004783548411593389,0.0,1.4018538578699554e-05,0.00476952987301469,1.0060585521821934,-0.017294764062873932,0.0
2019-03-28,0.0013316005331822248,0.0,1.3843325543113369e-05,0.0013177572076391113,0.9981109383534772,-0.012451826293798748,0.0
2019-03-29,0.000832860364827243,0.0,1.3798519834466269e-05,0.0008190618449927768,0.9961863566283854,-0.011105591287652108,0.0
2019-04-01,-0.008745513880758712,5.1258709889533695e-05,4.4464524661379954e-05,-0.008841237115309626,1.0000000000077218,-0.08197010008585714,0.25000000000538447
2019-04-02,-0.0015819760070636176,0.0,1.5167807077442149e-05,-0.0015971438141410598,1.0157251101706146,-0.09152480648266187,0.0
2019-04-03,-0.0009024490862156326,0.0,1.5263315888936044e-05,-0.0009177124021045686,1.0209663345978188,-0.09325572529451287,0.0
2019-04-04,0.00018594598865132506,0.0,1.5284243458404622e-05,0.00017066174519292043,1.0215051085859361,-0.09424466387760114,0.0
2019-04-05,-0.002702676184820612,0.0,1.5282216065431867e-05,-0.002717958400886044,1.0215591043734886,-0.09404266840303757,0.0
2019-04-08,-0.004116930384055209,5.715058867653416e-05,3.6039610134257785e-05,-0.0042101205828660015,1.000000000013184,0.12303615341291138,0.25000000000858724
2019-04-09,0.0010642147717874661,0.0,1.2141947496634826e-05,0.0010520728242908314,1.0057841713205649,0.1194220040662225,0.0
2019-04-10,-0.00010924851778920661,0.0,1.2087990098170556e-05,-0.00012133650788737717,1.0027828689488036,0.12035959178235298,0.0
2019-04-11,0.002902533907340144,0.0,1.215968905124501e-05,0.002890374218288899,1.0079222365327798,0.12026493579189407,0.0
2019-04-12,-0.0013936595545097396,0.0,1.2040214858532804e-05,-0.0014056997693682723,1.0017481803010815,0.1228124956281868,0.0
2019-04-15,0.00017385552669835737,8.105959184861803e-06,3.698630137015991e-05,0.00012876326614333567,1.0000000000041704,0.09999999999694598,0.040078788815605074
2019-04-16,-0.0031557112414565677,0.0,1.2293782105474314e-05,-0.003168005023562042,0.9976070521711162,0.10016095847149153,0.0
2019-04-17,0.0006238471651974999,0.0,1.2316465764411442e-05,0.0006115306994330884,0.9964155378061597,0.09731353700412465,0.0
2019-04-18,-0.0003829969719335495,0.0,1.2251263420832736e-05,-0.00039524823535438226,0.9922197587763097,0.09787752905552002,0.0
2019-04-22,-0.00493797468841928,0.0,4.923196917597291e-05,-0.0049872066575952535,0.9960165193235865,0.09753308186208118,0.0
2019-04-23,0.0028983262764357954,2.0381148557484677e-05,1.3386680061686283e-05,0.002864558447816624,1.0000000000408453,0.022772355537746685,0.09270393856842926
2019-04-24,0.005205490592202292,0.0,1.3348278537520048e-05,0.0051921423136647715,1.0000216899287984,0.025597356689834802,0.0
2019-04-25,0.001619482876637047,0.0,1.318171339877854e-05,0.0016063011632382685,0.9929088187305499,0.030643740619716517,0.0
2019-04-26,0.0077353507443929685,0.0,1.3106316760777553e-05,0.007722244427632191,0.9889726056918594,0.03221148215509821,0.0
2019-04-29,-0.0030105740306623063,0.0,3.855278840058944e-05,-0.0030491268190628957,0.9777585686699921,0.039640717588982285,0.0
2019-04-30,0.0014793386892991865,3.623233025765775e-05,1.0958904109863208e-05,0.0014321474549316654,1.0000000000254456,0.2000000000054317,0.17584822223815483
2019-05-01,-0.00043248960192480865,0.0,1.094703210930884e-05,-0.0004434366340341175,1.000324547204623,0.20119120322507744,0.0
2019-05-02,0.0032889685299422756,0.0,1.0948681431758638e-05,0.003278019848510517,1.0001015214036681,0.20084777688528788,0.0
2019-05-03,0.003224390223297373,0.0,1.081345941064649e-05,0.0032135767638867265,0.9928523044560561,0.2034697674788626,0.0
2019-05-06,0.00039270707520592385,0.0,3.226770282866312e-05,0.00036043937237726075,0.9912128266991809,0.20603205786837836,0.0
2019-05-07,-0.0010603859273639851,5.3156646609798234e-05,1.2062520787639722e-05,-0.0011256050947614231,1.0000000000125864,0.11943598251488695,0.2219585887357433
2019-05-08,-0.003292250153182444,0.0,1.2027701903628512e-05,-0.0033042778550860727,0.9965312298763492,0.11850899091146787,0.0
2019-05-09,0.0024213238353072678,0.0,1.2142040620358612e-05,0.002409181794686909,1.0019676763053615,0.11559871101918281,0.0
2019-05-10,-0.00014192530082942124,0.0,1.2054335315946994e-05,-0.00015397963614536823,0.9977028645597033,0.11773638649557266,0.0
2019-05-13,-0.00011587362845348739,0.0,3.6319843882048525e-05,-0.00015219347233553593,1.001395438932167,0.11761257113565282,0.0
2019-05-14,-0.005526386025636954,5.1908654269944265e-05,1.5068493150597082e-05,-0.005593363173057495,1.000000000010377,-0.0999999999832104,0.24999999999950986
2019-05-15,0.0019025447349928237,0.0,1.5320607333899476e-05,0.0018872241276589243,1.0122843819262695,-0.10611995344839208,0.0
2019-05-16,-0.003063063086603784,0.0,1.5257968782103912e-05,-0.003078321055385888,1.0098106235053403,-0.10402109758824515,0.0
2019-05-17,0.004586101499616797,0.0,1.5392786166705785e-05,0.004570708713450091,1.0162585721988542,-0.10741481797066844,0.0
2019-05-20,-0.005407029238363757,0.0,4.5592656195268106e-05,-0.005452621894559025,1.0070604459315142,-0.10236085482000969,0.0
2019-05-21,0.00234989321960561,3.459402942673336e-06,1.5068493150363555e-05,0.0023313653235125732,0.9999999999971297,-0.0999999999794099,0.01687957845769293
2019-05-22,0.00711416257351668,0.0,1.498360431893979e-05,0.00709917896919774,0.9963801370759048,-0.09742297820669996,0.0
2019-05-23,0.0004678718785287585,0.0,1.4694839221261012e-05,0.0004531770393074975,0.9830510466325074,-0.08967221651954627,0.0
2019-05-24,-0.0037624209719127276,0.0,1.4671138400079544e-05,-0.003777092110312807,0.9818291656140399,-0.08916393759176676,0.0
2019-05-28,-0.0004167885507673278,0.0,5.9326617651444084e-05,-0.0004761151684187719,0.9894320914061192,-0.09327868073273546,0.0
2019-05-29,-0.0025478064170870885,3.2549484360392925e-06,1.5068493150349262e-05,-0.002566129858673477,0.9999999999949538,-0.09999999998054228,0.015665580040402582
2019-05-30,0.003419320627438054,0.0,1.5168381451077852e-05,0.003404152245986976,1.0044802115261944,-0.10281163440248861,0.0
2019-05-31,0.009537042368121185,0.0,1.505924839215495e-05,0.00952198311972903,1.0002700175447456,-0.09905511508256569,0.0
2019-06-03,0.0027668796385939445,0.0,4.3941321851035405e-05,0.002722938316742909,0.98056510868785,-0.08867372302067808,0.0
2019-06-04,-0.001021107501218746,0.0,1.4558474624275332e-05,-0.0010356659758430213,0.9770950880080838,-0.08567355956401551,0.0
2019-06-05,0.007726038715434644,3.808211103342254e-06,1.5068493151121166e-05,0.00770716201118018,1.0000000000537523,-0.09999999997809259,0.0180239666354636
2019-06-06,-0.0013856487490843774,0.0,1.4751963624897504e-05,-0.0014004007127092748,0.9853251145391506,-0.09156823007836698,0.0
2019-06-07,0.0008500281143675455,0.0,1.4824615306115344e-05,0.0008352034990614301,0.9891126832912559,-0.09308423405516428,0.0
2019-06-10,0.00018648339957621945,0.0,4.446616483335232e-05,0.00014201723474286713,0.9898527750499932,-0.09215723589491337,0.0
2019-06-11,-0.0037043675301442155,0.0,1.4802330047044385e-05,-0.00371916986019126,0.9886124005161644,-0.09195769291807565,0.0
2019-06-12,0.0018351137863692332,1.0798202346470414e-06,1.5068493149370832e-05,0.0018189654729852153,0.9999999999553334,-0.09999999994873733,0.005309226308998133
2019-06-13,0.0009261023122750743,0.0,1.4990935557908864e-05,0.0009111113767171654,0.9963516439014639,-0.0979866518258833,0.0
2019-06-14,-0.00370131555813908,0.0,1.497628404473181e-05,-0.0037162918421838114,0.996296538223764,-0.09697219704165835,0.0
2019-06-17,0.0003739772753280464,0.0,4.539391034763092e-05,0.0003285833649804155,1.0035361114683379,-0.10104904032401409,0.0
2019-06-18,0.0031126676055619603,0.0,1.5109988756570018e-05,0.0030975576168053905,1.0023871854658946,-0.10064199376371681,0.0
2019-06-19,0.004466450483095523,5.343411861103922e-05,1.233972004882596e-05,0.004400676644435658,0.9999999999984661,0.09920043643417102,0.2499999999993881
2019-06-20,0.0039035358562753805,0.0,1.2225331800484158e-05,0.0038913105244748965,0.9956619027166856,0.10321268128134213,0.0
2019-06-21,0.001954415516061172,0.0,1.2120724533641964e-05,0.00194229479152753,0.9915139013288442,0.10670101037298096,0.0
2019-06-24,-0.007257357367305148,0.0,3.600814050182767e-05,-0.007293365507806976,0.984642879674708,0.1084447941302348,0.0
2019-06-25,0.00014181878990528462,0.0,1.2312934466812339e-05,0.00012950585543847228,1.000775071827742,0.10193085575044113,0.0
2019-06-26,-0.0008852117775714948,1.84624127903465e-06,1.233699003496331e-05,-0.0008993950088854928,1.000000000005118,0.09939972745279636,0.009020187280020294
2019-06-27,-0.0014175209884649722,0.0,1.2346116889982755e-05,-0.001429867105354955,0.9998697318689169,0.09860319890017584,0.0
2019-06-28,0.0018211824688469512,0.0,1.2449664793261541e-05,0.0018087328040536897,1.0061503694063356,0.09732483949824342,0.0
2019-07-01,0.005247246969762662,0.0,3.717206549665539e-05,0.005210074904266007,1.003487277495399,0.09896701707678422,0.0
2019-07-02,0.0022162065412012905,0.0,1.2186450553756227e-05,0.0022040200906475343,0.9932850045704162,0.10367411414621175,0.0
2019-07-03,-0.0033930865543645205,5.029479646159421e-05,1.2203508439465985e-05,-0.003455584859265581,1.000000000017461,0.10914388393644374,0.250000000013032
2019-07-05,-0.008711002946378369,0.0,2.4753964966260118e-05,-0.008735756911344629,1.009637216660955,0.10611749539246068,0.0
2019-07-08,0.00011267606355919036,0.0,3.787260270569718e-05,7.480346085349318e-05,1.0198315766585513,0.09826491081992007,0.0
2019-07-09,-0.0031093750236758175,0.0,1.2609573627698753e-05,-0.0031219845973035165,1.0188691032719552,0.0983702284499463,0.0
2019-07-10,-0.0031448617745000545,0.0,1.2719950352138017e-05,-0.0031575817248521926,1.0241155634445964,0.09555918773852107,0.0
2019-07-11,-0.00012598612853022707,1.649912048141112e-05,1.299895650583467e-05,-0.00015548420551747286,0.9999999999964382,0.05107617507050732,0.079548820638115
2019-07-12,-0.004669579125004288,0.0,1.2930313218572633e-05,-0.004682509438222861,0.9948709770793575,0.05095811212355528,0.0
2019-07-15,0.004175582307384733,0.0,3.9393205596759094e-05,0.004136189101787974,1.0050743020378854,0.046506299183414194,0.0
2019-07-16,0.0043118553647577915,0.0,1.2991428418026425e-05,0.004298863936339765,0.9988473896579442,0.05047311514201522,0.0
2019-07-17,-0.0003920585552302656,0.0,1.2793049093943486e-05,-0.0004048516043242091,0.9884430493358933,0.054550465478019027,0.0
2019-07-18,0.000489739895560578,2.2222344634452732e-05,1.3002989265741272e-05,0.00045451456166038394,1.0000000000585187,0.05078178365940627,0.10442341581640353
2019-07-19,0.0006266647631290129,0.0,1.300844112312425e-05,0.0006136563220058886,1.0008644324760207,0.05124823048795073,0.0
2019-07-22,-0.004122978276892954,0.0,3.8880862220835074e-05,-0.0041618591391137895,0.9979440621234033,0.05184308141641629,0.0
2019-07-23,-0.00012076823049999803,0.0,1.3146840820007487e-05,-0.0001339150713200055,1.0076389173651754,0.04791953750462908,0.0
2019-07-24,0.0040118028420069495,0.0,1.3135193269782635e-05,0.0039986676487371664,1.0066742798011596,0.04780517110702736,0.0
2019-07-25,-0.0005840176015381967,5.1495601440517e-05,9.7359823936361e-06,-0.0006452491853723498,1.0000000000232374,0.28927328528780205,0.25000000001662703
2019-07-26,0.004368066970515369,0.0,9.720265238514407e-06,0.004358346705276854,0.9984550268849908,0.2888756644734392,0.0
2019-07-29,0.00218659462375373,0.0,2.8700457004196055e-05,0.002157894166749534,0.9903490067429015,0.2919712196407975,0.0
2019-07-30,-0.00113202078318401,0.0,9.485344304971722e-06,-0.0011415061274889816,0.9859545538945652,0.29352441963162956,0.0
2019-07-31,-0.003300255131136929,0.0,9.538055550080882e-06,-0.00330979318668701,0.9890046031525667,0.2927265479966625,0.0
2019-08-01,0.014251303859625733,1.073806941932997e-06,9.650177244517112e-06,0.014240579875439283,1.000000000006608,0.2955370611568587,0.005330506890573655
2019-08-02,0.002941847999682981,0.0,9.272814945643314e-06,0.0029325751847373376,0.9823542312710185,0.30543874023905665,0.0
2019-08-05,0.007497899934769879,0.0,2.760154989227644e-05,0.007470298384877603,0.979116597341149,0.3074788832957558,0.0
2019-08-06,0.002678416165119537,0.0,9.021866120105055e-06,0.002669394298999432,0.9712374865005661,0.31264125973289697,0.0
2019-08-07,0.001650085619005351,0.0,8.987353673044534e-06,0.0016410982653323064,0.9705570223659379,0.31448020423368694,0.0
2019-08-08,-0.002638303771540396,2.5870179799992726e-05,8.830184037160772e-06,-0.00267300413537755,1.0000000000031402,0.3553965652904038,0.12258169593131914
2019-08-09,-0.0035798810724931816,0.0,8.951554244936651e-06,-0.003588832626738118,1.0071671728868035,0.3537037130064279,0.0
2019-08-12,0.00634927181678878,0.0,2.7158507788873853e-05,0.006322113308999906,1.012241916366883,0.35138489350428576,0.0
2019-08-13,-0.007561943044065904,0.0,8.94020329218724e-06,-0.007570883247358092,1.0081215782139918,0.3554867378843232,0.0
2019-08-14,0.006011602170036187,0.0,9.179981909964497e-06,0.006002422188126222,1.020717666850422,0.3505789874230139,0.0
2019-08-15,5.699373366735758e-05,5.173709848883555e-05,1.0958904109438348e-05,-5.70226893091632e-06,0.9999999999853867,0.19999999999638707,0.2500000000206281
2019-08-16,0.0003774638842922825,0.0,1.1030576117766618e-05,0.0003664333081745159,1.0052901911123022,0.20005813451533935,0.0
2019-08-19,-0.005495877797212406,0.0,3.3001003475501684e-05,-0.0055288788006879076,1.003386596927413,0.20036217902353895,0.0
2019-08-20,0.0009231882794794153,0.0,1.1159625400467497e-05,0.0009120286540789479,1.010602337510321,0.19594968327619386,0.0
2019-08-21,0.002295064190988977,0.0,1.1174671957094662e-05,0.0022838895190318825,1.0124445343324173,0.19669348146450705,0.0
2019-08-22,0.0015376864292718482,1.4288315850475434e-06,1.095890410953732e-05,0.0015252986935772633,0.9999999999954381,0.19999999999921372,0.007087993168821444
2019-08-23,0.008116023474456566,0.0,1.0870626932312887e-05,0.008105152847524253,0.9947865154881141,0.20123074942927352,0.0
2019-08-26,-0.005482863732074889,0.0,3.1904764822299166e-05,-0.005514768496897188,0.9840129048048902,0.20766362746227696,0.0
2019-08-27,0.0009724928056478381,0.0,1.0834808250612294e-05,0.0009616579973972258,0.9942429290861277,0.20330192679142997,0.0
2019-08-28,-0.005365275341370995,0.0,1.0858137864457536e-05,-0.0053761334792354525,0.9967222303018611,0.2040781661964608,0.0
2019-08-29,-0.006125701361776595,1.67550788594633e-06,1.0958904110081414e-05,-0.006138335773772622,1.0000000000318343,0.19999999999589133,0.008271569830404502
2019-08-30,0.005140266903381684,0.0,1.1179028227085419e-05,0.005129087875154598,1.0111407748937908,0.19507171431655518,0.0
2019-09-03,-0.0006211367230115651,0.0,4.387232539938328e-05,-0.0006650090484109484,0.9998602551210513,0.19919031658230635,0.0
2019-09-04,-0.013100551997161487,0.0,1.0995844536199704e-05,-0.013111547841697687,1.0013979691762966,0.19870131803371838,0.0
2019-09-05,-0.00309808101058136,0.0,1.1533676747815527e-05,-0.0031096146873291755,1.0300250129867259,0.18806661039619252,0.0
2019-09-06,-0.00273508172193627,2.3227444926574526e-05,1.0958904110652824e-05,-0.0027692680709734976,1.0000000000647868,0.19999999998713067,0.10871920974141924
2019-09-09,-0.012836532515773135,0.0,3.3257625344150896e-05,-0.012869790141117287,1.0070815980743844,0.19781271470004574,0.0
2019-09-10,-0.0033573882809030883,0.0,1.1504355007198438e-05,-0.0033688926359102867,1.0272057396816492,0.18738782415616317,0.0
2019-09-11,0.004872550745366893,0.0,1.1539258336674827e-05,0.004861011487030218,1.0270183689348684,0.1846525103576061,0.0
2019-09-12,-0.001458394448471091,0.0,1.1338651411603751e-05,-0.0014697330998826948,1.01632978735652,0.18860823430944643,0.0
2019-09-13,-0.008427335373987228,4.7525406987495933e-05,9.202840115038567e-06,-0.008484063621089761,1.0000000000034386,0.3281926716056234,0.22533229579425124
2019-09-16,-0.004465315740934377,0.0,2.8110869811696465e-05,-0.0044934266107460735,1.006532624546726,0.32250145912877887,0.0
2019-09-17,0.005359417976630152,0.0,9.624678093355458e-06,0.005349793298536796,1.0220731666876044,0.31947166587265624,0.0
2019-09-18,0.0023945521924708018,0.0,9.465547100532126e-06,0.0023850866453702696,1.0140874903207984,0.32310255198195315,0.0
2019-09-19,0.00493869181006594,0.0,9.381422331431305e-06,0.004929310387734509,1.009566442802129,0.3247226126076437,0.0
2019-09-20,0.005394593688476088,1.2086165428878259e-05,9.195610464320752e-06,0.005373311912582889,1.0000000000109397,0.32872043611552465,0.05556308932757188
2019-09-23,-0.0008368688532918185,0.0,2.730362377178644e-05,-0.000864172477063605,0.9967174991529533,0.33232932070614984,0.0
2019-09-24,0.004706071358009873,0.0,9.14268424351713e-06,0.004696928673766356,0.9991951160535679,0.33177916627681736,0.0
2019-09-25,-0.004612888202486405,0.0,9.03979104160254e-06,-0.004621927993528008,0.9948169250549895,0.3349121790180041,0.0
2019-09-26,0.0041934737952994934,0.0,9.10504459452057e-06,0.004184368750704973,0.9965012544429723,0.33183299904297064,0.0
2019-09-27,0.0029471187192330692,2.2492998731625194e-06,8.961209229544378e-06,0.0029359082101303624,0.9999999999753711,0.3458317262186316,0.011205453117209843
2019-09-30,0.0035805845511040525,0.0,2.6586778363461574e-05,0.003553997772740591,0.9947027999597579,0.3477578597821927,0.0
2019-10-01,0.00262108270039452,0.0,8.76021081035458e-06,0.0026123224895841656,0.9895895994455624,0.35009421028967797,0.0
2019-10-02,0.003266493654876392,0.0,8.700245168665422e-06,0.0032577934097077267,0.9869141849487042,0.3517962876361284,0.0
2019-10-03,-0.000903064561646826,0.0,8.604493647769993e-06,-0.000911669055294596,0.9820378525112885,0.353909816224079,0.0
2019-10-04,0.0018445097727509525,2.30454687987077e-06,8.945157881197528e-06,0.0018332600679898843,1.0000000001066975,0.347003474779278,0.011194203105327094
2019-10-07,0.0009469636388792412,0.0,2.6790965804228607e-05,0.0009201726730750125,1.0001231269860815,0.3482096257498521,0.0
2019-10-08,0.0001177150983820929,0.0,8.829288128052673e-06,0.00010888581025404023,0.993373633749691,0.3488356004018459,0.0
2019-10-09,0.0008011452038165217,0.0,8.834182850793951e-06,0.0007923110209657277,0.9938106716804693,0.34891532357251076,0.0
2019-10-10,-0.001899984512498453,0.0,8.774222799057897e-06,-0.0019087587352975108,0.9899578682582004,0.3494396039269741,0.0
2019-10-11,-0.006817748198588733,3.52441522501943e-05,9.017451314075982e-06,-0.006862009802153003,1.0000000000125,0.34172605408495316,0.15697200617572118
2019-10-14,0.0016560849342468985,0.0,2.7572462292745964e-05,0.0016285124719541526,1.0081522446023303,0.3372223288121785,0.0
2019-10-15,-0.0038116533456442133,0.0,9.177058847730107e-06,-0.0038208304044919433,1.0082527391697287,0.33832744328543074,0.0
2019-10-16,0.001646846322779533,0.0,9.247336919960758e-06,0.0016375989858595722,1.0108544154392483,0.33579882028211316,0.0
2019-10-17,-0.0002662531035210008,0.0,9.210530172081299e-06,-0.0002754636336930821,1.009262671944225,0.3368939693822899,0.0
2019-10-18,0.001203183508460439,5.1317467662018266e-05,8.219178082525442e-06,0.0011436468627158954,1.0000000000024365,0.3999999999780791,0.250000000000966
2019-10-21,-0.00028673109340025924,0.0,2.464453346073033e-05,-0.00031137562686098957,1.0004285204143704,0.40074487286993227,0.0
2019-10-22,0.0011690890255086634,0.0,8.204273565820594e-06,0.001160884751942843,0.9994948438247875,0.4005828735198842,0.0
2019-10-23,-0.001648232772150454,0.0,8.187238632622177e-06,-0.001656420010783076,0.9989545357940306,0.40128611561261174,0.0
2019-10-24,-0.0005189568393554102,0.0,8.259724865236679e-06,-0.0005272165642206468,1.0032608645055665,0.40030094934328886,0.0
2019-10-25,-0.003290441707216934,1.0461381391578003e-06,8.219178083768539e-06,-0.0032997070234398605,1.000000000113627,0.39999999999852365,0.005163298491635174
2019-10-28,-0.0029955543815521433,0.0,2.484213371046816e-05,-0.0030203965152626115,1.0025148375950932,0.3980229173070348,0.0
2019-10-29,0.0011825428166655273,0.0,8.31330740883776e-06,0.0011742295092566895,1.0030955577124883,0.3962241168673318,0.0
2019-10-30,0.0035275820323530335,0.0,8.282533116118445e-06,0.003519299499236915,1.0015654778412428,0.3969405603645965,0.0
2019-10-31,0.0042055980634672155,0.0,8.23995707473536e-06,0.00419735810639248,1.000580584110923,0.3990637176552417,0.0
2019-11-01,-0.004364653332404415,7.921749853733171e-07,8.230729359649768e-06,-0.004373676236749439,1.000000000038231,0.399156756783798,0.003903571667094354
2019-11-04,-0.004400484911768654,0.0,2.5129021591078354e-05,-0.0044256139333597325,1.0079992401794837,0.3965263814632435,0.0
2019-11-05,-0.006373918104382845,0.0,8.440744164767874e-06,-0.0063823588485476136,1.010043332752459,0.3938690087244042,0.0
2019-11-06,0.004896060513307902,0.0,8.540004499683176e-06,0.004887520508808219,1.0134044376267186,0.3899841091498469,0.0
2019-11-07,-0.005069605807905431,0.0,8.426247972311418e-06,-0.005078032055877743,1.0080756736760852,0.3929595716973517,0.0
2019-11-08,-0.0015870140793154254,5.435551254020745e-05,1.1552748692189202e-05,-0.001652922340547822,1.000000000034257,0.1566493455044454,0.25000000000146805
2019-11-11,0.00857558047648622,0.0,3.477841589483102e-05,0.008540802060591388,1.0015938485464677,0.1553190617722462,0.0
2019-11-12,-0.0012022208565963652,0.0,1.1273118134997033e-05,-0.0012134939747313622,0.9854443285055746,0.162506704650791,0.0
2019-11-13,0.00027382908318456314,0.0,1.1322726747935853e-05,0.0002625063564366273,0.9880595162330478,0.1615004636337305,0.0
2019-11-14,0.004686365235157632,0.0,1.1361888728851376e-05,0.00467500334642878,0.9911497142877933,0.16173183708164296,0.0
2019-11-15,-0.0011657968279991796,5.091932978627165e-05,1.2264177808787012e-05,-0.0012289803355942383,1.0000000000828506,0.10471502004139897,0.25000000007195056
2019-11-18,0.009552342816045015,0.0,3.697403364423275e-05,0.009515368782400783,1.0033781251079281,0.10367663976493138,0.0
2019-11-19,0.004614565924911583,0.0,1.1964841250570301e-05,0.004602601083661013,0.9855951337204292,0.11216172242879709,0.0
2019-11-20,-0.003585491795328475,0.0,1.1790440657618138e-05,-0.0035972822359860933,0.9769434441363497,0.11624127613022561,0.0
2019-11-21,-0.004211575370498612,0.0,1.1943189829271789e-05,-0.004223518560327884,0.9849153596019725,0.11306250206513214,0.0
2019-11-22,-0.00332756786977821,4.273712726138831e-05,1.2217271994007387e-05,-0.0033825222690336055,1.0000000000306206,0.10813914446808146,0.21178922683916745
2019-11-25,0.006605137861032908,0.0,3.709769562715505e-05,0.006568040165405753,1.0078779009515202,0.10516730735741406,0.0
2019-11-26,0.004537927710324325,0.0,1.2140129648187941e-05,0.004525787580676137,0.9972725739321278,0.1110431096144079,0.0
2019-11-27,0.0035805949751136013,0.0,1.2017423953499882e-05,0.0035685775511601014,0.9923322474586449,0.11506029885315378,0.0
2019-11-29,0.011289617925865015,0.0,2.3786627945175295e-05,0.01126583129791984,0.9864309400859628,0.11821902008706447,0.0
2019-12-02,-0.003977208322768835,5.353099293650482e-05,2.7644364962878568e-05,-0.004058383680668219,0.9999999999930649,0.3273204525630196,0.24999999999992287
2019-12-03,-0.006142377533932294,0.0,9.263297917864902e-06,-0.006151640831850159,1.0008815905093635,0.32466084250522603,0.0
2019-12-04,0.0024448054353777672,0.0,9.514741876945026e-06,0.0024352906935008224,1.0150661613853527,0.320490004368366,0.0
2019-12-05,-0.0003423954816276717,0.0,9.457858201956124e-06,-0.0003518533398296278,1.0125739289672018,0.3221502802244047,0.0
2019-12-06,0.0047935622550088226,0.0,9.478282389097286e-06,0.004784083972619725,1.013835768179997,0.321921153775895,0.0
2019-12-09,0.004906031459293045,5.2387242316341815e-05,3.5626746576759304e-05,0.004818017470399945,0.9999999999842912,0.13308249994981486,0.2500000000056974
2019-12-10,-0.002156014214251479,0.0,1.1669816567833702e-05,-0.0021676840308193124,0.9892234975151236,0.1373268880632634,0.0
2019-12-11,0.00411714646270746,0.0,1.175968819053062e-05,0.00410538677451693,0.9939217560304221,0.13546451812168692,0.0
2019-12-12,-0.007672303691881208,0.0,1.164379345490015e-05,-0.007683947485336108,0.9890078929911382,0.13901097078342725,0.0
2019-12-13,0.0027983379382150743,0.0,1.1956203007443948e-05,0.0027863817352076306,1.0051585007386448,0.13235568119523625,0.0
2019-12-16,-0.005425717695591564,1.964294747270887e-06,3.554185027222758e-05,-0.005463223840611063,1.0000000000109104,0.13514831005337272,0.00967409433032948
2019-12-17,0.0021527455368617558,0.0,1.2090590968910766e-05,0.002140654945892845,1.0130483297224224,0.1304351889919365,0.0
2019-12-18,0.002533983898294321,0.0,1.2018254295835902e-05,0.002521965643998485,1.0096372793806099,0.132304715784589,0.0
2019-12-19,0.000784744904568493,0.0,1.1926371118686377e-05,0.0007728185334498067,1.0051245882374957,0.1344994965733902,0.0
2019-12-20,-0.0010139366563618915,0.0,1.1918752574916263e-05,-0.0010258554089368078,1.0052487100136618,0.13517977204477488,0.0
2019-12-23,0.006504387469728242,5.039403662048155e-05,3.699643877416112e-05,0.006416996994333599,1.0000000000954916,0.0997533232575712,0.25000000007385226
2019-12-24,8.494908308353069e-06,0.0,1.2091649182385442e-05,-3.5967408740323732e-06,0.9882705931968768,0.10558020288273967,0.0
2019-12-26,-0.003465258324335786,0.0,2.419762103440578e-05,-0.0034894559453701917,0.9888022453234103,0.10558907756759933,0.0
2019-12-27,-0.00020230566864152107,0.0,1.229360808559534e-05,-0.0002145992767271164,0.9999148139047909,0.1024814236563311,0.0
2019-12-30,0.0027403891256169745,0.0,3.691851811190787e-05,0.0027034706075050666,1.0006516791134479,0.10230107172368987,0.0
2019-12-31,0.00035249446211006036,5.186602841438736e-05,9.08087794197726e-06,0.00029154755575369574,1.0000000000412694,0.3370959102769296,0.2500000000075895
2020-01-02,0.00855691227578594,0.0,1.814119229861994e-05,0.00853877108348732,0.9995035700558195,0.33735005115619177,0.0
2020-01-03,7.87456116170067e-05,0.0,8.886071734947947e-06,6.985953988205875e-05,0.9916615864675041,0.34297834981630404,0.0
2020-01-06,-0.0012613806634014073,0.0,2.648837962656049e-05,-0.0012878690430279678,0.9875837022041766,0.3430331312912047,0.0
2020-01-07,-0.0014928174438175073,0.0,8.900581375879378e-06,-0.0015017180251933866,0.9919549159203079,0.3422124754811134,0.0
2020-01-08,0.0023745953073781396,1.5006160829879266e-05,8.159703478733461e-06,0.002351429443069527,0.999999999994139,0.40434164604659634,0.07271489713598298
2020-01-09,0.0025752424603347384,0.0,8.12330544522225e-06,0.0025671191548895162,0.9987634178585082,0.40576212035728404,0.0
2020-01-10,-0.005005587881722444,0.0,8.122183964450813e-06,-0.0050137100656868945,1.000211225650756,0.40729179624584677,0.0
2020-01-13,0.004222653185256641,0.0,2.4875044610416816e-05,0.004197778140646224,1.0096060703036673,0.404313318116858,0.0
2020-01-14,-0.0006435039636680762,0.0,8.207783781001243e-06,-0.0006517117474490775,1.0059964128037193,0.40682819679062854,0.0
2020-01-15,0.0042480575269618105,1.9817739195917828e-05,7.3450480582900855e-06,0.004220894739707603,0.9999999999991449,0.4638114917439683,0.09565180990913837
2020-01-16,0.007300977300145937,0.0,7.219986858503057e-06,0.007293757313287434,0.9931512637291277,0.4660922230584045,0.0
2020-01-17,0.004811921137661008,0.0,7.048404841310793e-06,0.004804872732819697,0.9844989402966828,0.4699653868809952,0.0
2020-01-21,0.005930638967848252,0.0,2.765631964955092e-05,0.0059029826481987015,0.9772348057563996,0.4725069721520955,0.0
2020-01-22,0.0007141895812696889,0.0,6.7117596727370975e-06,0.0007074778215969518,0.9655884317366633,0.4756299756268551,0.0
2020-01-23,0.00040896730002487353,7.078230433482773e-06,7.343883809181753e-06,0.000394545185782209,1.000000000039925,0.4638964819696571,0.03424443898215718
2020-01-24,0.0015736354346914398,0.0,7.341345940850436e-06,0.0015662940887505893,1.000040585720044,0.46412233203796227,0.0
2020-01-27,-0.0045259533993005545,0.0,2.1618200287197796e-05,-0.004547571599587752,0.9910105649814157,0.4649676913262693,0.0
2020-01-28,0.0021903904533751356,0.0,7.1971909438553256e-06,0.00218319326243128,0.9879401342221739,0.46254519532073507,0.0
2020-01-29,0.0039833164709018555,0.0,7.256234265590678e-06,0.003976060236636264,0.9934282898216084,0.4637231884334889,0.0
2020-01-30,0.005553692426301169,8.261480979397667e-06,6.849315068451506e-06,0.00553858163025332,1.0000000000034877,0.5000000000065278,0.04022139850776518
2020-01-31,-0.005208656368317437,0.0,6.69526706296289e-06,-0.0052153516353804,0.9915235605218635,0.5027690649255723,0.0
2020-02-03,0.005024473977679649,0.0,2.019825139655963e-05,0.005004275726283089,0.991659749572862,0.5001689655899108,0.0
2020-02-04,0.00139100873146787,0.0,6.6480858260720156e-06,0.001384360645641798,0.987988166053982,0.5026779007507247,0.0
2020-02-05,0.0027946499443322398,0.0,6.7661831132023e-06,0.0027878837612190376,0.9973034282745814,0.5033720610108137,0.0
2020-02-06,0.0019021542107391283,2.326175342666031e-06,6.849315068224662e-06,0.0018929787203282376,0.9999999999871148,0.5000000000067142,0.011583028061523476
2020-02-07,-0.0002958813019690864,0.0,6.835910889528457e-06,-0.0003027172128586149,0.999975354157657,0.5009538592220795,0.0
2020-02-10,0.009915019541896615,0.0,2.0455371670650535e-05,0.009894564170225965,0.9985569589199884,0.5008095816008257,0.0
2020-02-11,-0.0018021278090338978,0.0,6.5793779033098e-06,-0.0018087071869372076,0.9860153020168134,0.5057207150751981,0.0
2020-02-12,-0.0013155339642595934,0.0,6.643486227383312e-06,-0.0013221774504869768,0.9898061745528721,0.5048316799538903,0.0
2020-02-13,0.00024626986567036,1.5372314097224556e-05,6.849315068303922e-06,0.00022404823650483153,0.9999999999808709,0.49999999999468453,0.07278482656965324
2020-02-14,0.000435334578382661,0.0,6.830927047157922e-06,0.00042850365133550306,0.9987918901138463,0.5001342156713179,0.0
2020-02-18,-0.008705173551548187,0.0,2.738367623620702e-05,-0.008732557227784394,1.0001072375533495,0.5003551462425713,0.0
2020-02-19,-0.00047531762049199866,0.0,7.138680536883042e-06,-0.0004824563010288817,1.017104835716736,0.495981156524274,0.0
2020-02-20,0.002760430273631484,0.0,7.2114054994885405e-06,0.0027532188681319955,1.0221776156722546,0.49574501420959094,0.0
2020-02-21,-0.0024352915052804507,1.4205547285894453e-05,6.849315068309447e-06,-0.0024563463676346544,0.9999999999806359,0.49999999999404615,0.06713036401593199
2020-02-24,-0.004536950129686765,0.0,2.0457938693606624e-05,-0.004557408068380372,0.9965997508150433,0.49878990927061534,0.0
2020-02-25,-0.0063338268456068995,0.0,6.646005894827565e-06,-0.006340472851501727,0.9816742145042492,0.4965157841818372,0.0
2020-02-26,0.0031265897163005505,0.0,6.615283492491522e-06,0.003119974432808059,0.9762254695211481,0.4933097745692671,0.0
2020-02-27,-0.006885401701860007,0.0,6.506458903327921e-06,-0.0068919081607633345,0.9698638128651952,0.494892312922257,0.0
2020-02-28,0.011504746248172973,3.602403539844125e-05,8.405289605018635e-06,0.011460316923169513,1.0000000000507214,0.3864138588843612,0.17047144851360635
2020-03-02,0.0008091774718650295,0.0,2.4180462413900918e-05,0.0007849970094511285,0.9818012539023975,0.3934100018308084,0.0
2020-03-03,-0.010094376814076857,0.0,8.39576390049326e-06,-0.01010277257797735,1.006800725897177,0.3939099611611689,0.0
2020-03-04,0.01094574203270958,0.0,8.576645785461843e-06,0.010937165386924118,1.0138279025835917,0.38773276024487746,0.0
2020-03-05,-0.00042799360716784296,0.0,8.548521501518185e-06,-0.00043654212866936113,1.0184073337714323,0.3943652641606047,0.0
2020-03-06,0.018520027239257723,5.298755828958354e-05,1.1538840684278407e-05,0.018455500840283863,1.0000000000513034,0.15766463009897963,0.2500000000240127
2020-03-09,0.015867562354542137,0.0,3.2269439410807794e-05,0.01583529291513133,0.958215028939397,0.17299200327640715,0.0
2020-03-10,-0.01810112550206921,0.0,9.660661493290574e-06,-0.018110786163562497,0.8911438276296483,0.18591553861943622,0.0
2020-03-11,-0.0026412098382402518,0.0,1.0492076851466169e-05,-0.002651701915091718,0.9368313327128802,0.1709097225558498,0.0
2020-03-12,-0.010007020211320513,0.0,1.0210997980382806e-05,-0.010017231209300896,0.9141187495526951,0.16871589698475037,0.0
2020-03-13,-0.00031724097731651677,5.1474900096749225e-05,1.1513917089857687e-05,-0.00038022979450312366,1.0000000000852614,0.1594840525256503,0.25000000009828083
2020-03-16,0.012166924025861768,0.0,3.580143926506535e-05,0.012131122586596703,1.0303957099825507,0.15922735453262696,0.0
2020-03-17,0.019198052140710988,0.0,1.085272846415134e-05,0.019187199412246836,0.9615891722115244,0.16933999432847646,0.0
2020-03-18,0.013712470069298268,0.0,1.026805870287742e-05,0.013702202010595391,0.9345569179949155,0.18498863268486399,0.0
2020-03-19,-0.02567683520742435,0.0,9.351457777020466e-06,-0.02568618666520137,0.8786716797590713,0.19601526203657732,0.0
2020-03-20,0.015847951328352386,4.220679277698987e-05,1.0482984291347e-05,0.01579526155128405,1.00000000001438,0.234742146746049,0.20723173581636892
2020-03-23,0.013778118373205708,0.0,2.9791428715247025e-05,0.013748326944490461,0.9716182749721185,0.24669350956777422,0.0
2020-03-24,0.007689257807618447,0.0,9.85478694349604e-06,0.007679403020674951,0.9763385914517152,0.2569391445765044,0.0
2020-03-25,0.0012630645528900295,0.0,1.0075939813982092e-05,0.0012529886130760474,0.9981553077126493,0.2626117012919567,0.0
2020-03-26,0.016043690623924047,0.0,1.0120408517528902e-05,0.01603357021540652,1.0023343693073659,0.2635445475277562,0.0
2020-03-27,0.0038561087807923566,3.710274073981192e-05,1.0023202700501309e-05,0.0038089828373520434,1.0000000000150828,0.2683062028784873,0.183357625739579
2020-03-30,0.007201498290595936,0.0,2.9386046388693843e-05,0.007172112244207242,0.9861900458530443,0.2711295837281607,0.0
2020-03-31,-0.0003249562106405399,0.0,9.673925150216517e-06,-0.0003346301357907564,0.9825456113969869,0.27634907543118126,0.0
2020-04-01,0.005126628396418443,0.0,9.534326467912625e-06,0.00511709406995053,0.9721223482854482,0.27611651612782656,0.0
2020-04-02,-0.005173936336738373,0.0,9.264658936323298e-06,-0.005183200995674696,0.9561314260108442,0.2798113236592434,0.0
2020-04-03,-0.022124522719755516,1.9957270924444516e-05,1.0776569668107557e-05,-0.022155256560348068,1.0000000000251292,0.21331041425327765,0.09279517330613311
2020-04-06,0.0033576805070634186,0.0,3.4875729389642266e-05,0.0033228047776737765,1.0441603833780269,0.19551763489673174,0.0
2020-04-07,-0.012583452146811473,0.0,1.1763146304786043e-05,-0.012595215293116259,1.0569263603216175,0.19821668007223647,0.0
2020-04-08,0.008710186033422615,0.0,1.2222557935289704e-05,0.008697963475487326,1.080247872070419,0.18800114279427071,0.0
2020-04-09,0.01931358105536796,0.0,1.1926883153233426e-05,0.019301654172214727,1.0656775648432364,0.1950150946571963,0.0
2020-04-13,0.00026713874132556494,5.179704836490471e-05,3.8663899503909006e-05,0.00017667779345675123,0.9999999999982744,0.2943838340519349,0.25000000000108974
2020-04-14,0.013954557378073128,0.0,9.705675301307354e-06,0.013944851702771821,1.0031132207009024,0.2945989237054655,0.0
2020-04-15,0.011561228385934267,0.0,9.30775493579359e-06,0.011551920630998474,0.9837760346301849,0.30430992431725284,0.0
2020-04-16,-0.0037881498799167052,0.0,8.95954136698279e-06,-0.003797109421283688,0.9663104246480816,0.312263904858338,0.0
2020-04-17,-0.008119718200896357,0.0,9.161443437581076e-06,-0.008128879644333937,0.978436906685521,0.3096515357421025,0.0
2020-04-20,1.360229301397472e-05,5.2180644974804974e-05,2.669746676004374e-05,-6.5275818720874e-05,0.999999999995625,0.350361642167894,0.2500000000000935
2020-04-21,0.019968099052629033,0.0,8.972987808562252e-06,0.01995912606482047,1.0054262270099168,0.3503981169848724,0.0
2020-04-22,-0.0022855542870446133,0.0,8.28573710980818e-06,-0.0022938400241544216,0.9679774934543027,0.3631186844383056,0.0
2020-04-23,0.006901975297707707,0.0,8.41315926826887e-06,0.006893562138439438,0.9758233531723827,0.361662726588755,0.0
2020-04-24,0.006217153070860463,0.0,8.225973135305668e-06,0.006208927097725157,0.9665374118141964,0.3660413729368827,0.0
2020-04-27,-0.0010223456737276167,2.3899542019126612e-05,2.275837430848943e-05,-0.0010690035900552328,1.0000000000005185,0.44621289182727586,0.11296367212764195
2020-04-28,0.0003818057386434874,0.0,7.488116915294317e-06,0.00037431762172819306,0.9922995005563784,0.44566696573989323,0.0
2020-04-29,-0.000579029993116035,0.0,7.518913781111249e-06,-0.0005865489068971464,0.9947625760584937,0.4458818700373726,0.0
2020-04-30,-0.012606578603147485,0.0,7.523602965103999e-06,-0.012614102206112589,0.9947872016826478,0.4455641852300558,0.0
2020-05-01,0.007837920851585956,0.0,7.823246390171884e-06,0.007830097605195784,1.0095857349994788,0.4384887485169313,0.0
2020-05-04,-0.008260910732528255,2.4554301306662978e-06,2.2526984072802074e-05,-0.008285893146731723,1.0000000000492026,0.4518433876110187,0.012102079037158072
2020-05-05,-0.012032737397665373,0.0,7.81538115477141e-06,-0.012040552778820145,1.0178114872437136,0.4472886629454005,0.0
2020-05-06,0.007745666372011016,0.0,8.234029044947226e-06,0.0077374323429660686,1.0416446379946767,0.4405605177135291,0.0
2020-05-07,0.0074431730754190035,0.0,7.845138155709202e-06,0.007435327937263294,1.0175591637440518,0.44486407837728,0.0
2020-05-08,-0.003580766305060916,0.0,7.730405804499578e-06,-0.0035884967108654156,1.0132886432870782,0.4489690195586092,0.0
2020-05-11,-0.0008804890582976688,3.774245950586103e-06,2.2199135143584287e-05,-0.0009064624393918391,1.0000000000558686,0.4598210448953176,0.018163314569461148
2020-05-12,0.011354011606302465,0.0,7.373799159646123e-06,0.01134663780714282,0.9976442843086966,0.4593569456545295,0.0
2020-05-13,0.008389873517659756,0.0,7.048025638253411e-06,0.008382825492021503,0.9799357644346341,0.465429892842135,0.0
2020-05-14,-0.0011496911925019007,0.0,6.842692175501776e-06,-0.0011565338846774025,0.9693973661103045,0.46988083729867497,0.0
2020-05-15,-0.0008140402195393387,0.0,6.966733662540069e-06,-0.0008210069532018787,0.9778454346118277,0.46927387724640257,0.0
2020-05-18,-0.018894492010685937,1.9850089136926777e-05,2.493508249774862e-05,-0.01893927718232061,0.9999999999866617,0.39324632587477865,0.09053749279135916
2020-05-19,0.0015993722505834038,0.0,8.825167614455675e-06,0.0015905470829689482,1.025815893686888,0.3815786578316238,0.0
2020-05-20,2.4751898618659675e-05,0.0,8.8348505055068e-06,1.5917048113152876e-05,1.0275136221259205,0.382569535223924,0.0
2020-05-21,-3.4984421576167424e-05,0.0,8.84838465719176e-06,-4.3832806233359184e-05,1.0285202774227948,0.3825881974477963,0.0
2020-05-22,0.004199080585107661,0.0,8.806511255394089e-06,0.004190274073852267,1.0254453037858866,0.3825699821421181,0.0
2020-05-26,-0.009043658640706359,3.366972462001645e-05,3.317918366506077e-05,-0.009110507548991436,0.9999999999954811,0.39447989810812195,0.14606245873644302
2020-05-27,0.004390150707853412,0.0,8.475727173893033e-06,0.004381674980679519,1.007708128798941,0.38898004510474943,0.0
2020-05-28,-0.0011959792889360207,0.0,8.320293053410159e-06,-0.0012042995819894309,0.9990354877629979,0.39165409486405645,0.0
2020-05-29,-0.001569272596809467,0.0,8.34610198482594e-06,-0.0015776186987942929,1.0001943559916386,0.3909289110993449,0.0
2020-06-01,-0.0020312134254426,0.0,2.5412487251747942e-05,-0.002056625912694348,1.0083453932756101,0.3899748701497436,0.0
2020-06-02,-0.004398771914748528,8.756872378340514e-06,8.282343560576677e-06,-0.004415811130687445,1.0000000000319917,0.3953889201098944,0.04104553020819872
2020-06-03,-0.007041925252018074,0.0,8.38925979523228e-06,-0.007050314511813306,1.0051403097798437,0.3927243447278873,0.0
2020-06-04,-0.004585359571388185,0.0,8.46862213204997e-06,-0.004593828193520235,1.0066303246872672,0.38842090904761933,0.0
2020-06-05,-0.010360093659580032,0.0,8.591688540396932e-06,-0.010368685348120429,1.01280022505706,0.3856069616080841,0.0
2020-06-08,0.004063734988855772,0.0,2.6519338295633458e-05,0.004037215650560138,1.0244823485142902,0.3791784499872094,0.0
2020-06-09,0.0026465852639976015,7.455945263683419e-06,8.517838784764942e-06,0.002630611479949153,1.00000000002736,0.37819776873951905,0.036557704219996455
2020-06-10,0.004466236884388938,0.0,8.513473444208604e-06,0.00445772341094473,1.0013286904736725,0.37984512904644424,0.0
2020-06-11,0.012279796887464568,0.0,8.48971881176031e-06,0.012271307168652807,1.0023552882905042,0.38260581503200153,0.0
2020-06-12,-0.0018263195007841237,0.0,8.116643002341218e-06,-0.0018344361437864648,0.9826135314385992,0.39009859226769017,0.0
2020-06-15,-0.0022623075233610007,0.0,2.4460562116395267e-05,-0.0022867680854773958,0.9841928539546797,0.38898584245572804,0.0
2020-06-16,-0.004179589721088422,1.912285708325338e-05,9.516300675235876e-06,-0.004208228878846911,1.0000000000048563,0.3053100507126373,0.08796451346772181
2020-06-17,0.00252663179929075,0.0,9.622432294102786e-06,0.0025170093669966472,1.0048405996763181,0.3024030422068147,0.0
2020-06-18,6.974662748226968e-05,0.0,9.560556695894677e-06,6.018607078637501e-05,1.002084728942425,0.3041640901421137,0.0
2020-06-19,8.164280873655861e-05,0.0,9.600961566051468e-06,7.204184717050715e-05,1.005085721554097,0.3042155272323397,0.0
2020-06-22,-0.00226250547930352,0.0,2.8951808592825273e-05,-0.0022914572878963454,1.0087692585821364,0.3042752494900549,0.0
2020-06-23,0.002431684172268156,3.298735186955329e-05,1.0182189514540833e-05,0.0023885146308840616,1.0000000000305034,0.2567001654690227,0.1581921572636384
2020-06-24,0.007490256007531023,0.0,1.0117728536658311e-05,0.007480138278994365,0.9971085674282671,0.2585143842522105,0.0
2020-06-25,-0.00026581628396552405,0.0,9.832552472374965e-06,-0.000275648836437899,0.9818059923625018,0.2640296618791294,0.0
2020-06-26,0.006461724395210459,0.0,9.865481452112269e-06,0.006451858913758347,0.9840167178433966,0.26383657183920106,0.0
2020-06-29,-0.00737889758908489,0.0,2.895747338945675e-05,-0.0074078550624743465,0.973197401678646,0.26856554920186504,0.0
2020-06-30,-0.0019183243908434545,2.400551869909439e-06,1.0114816669594506e-05,-0.0019308397593829584,1.0000000000401768,0.2616183831597777,0.011695142167682294
2020-07-01,-0.003300671170628727,0.0,1.0213396575847255e-05,-0.003310884567204574,1.0057804180765644,0.26020246803971486,0.0
2020-07-02,-1.3525052868190166e-05,0.0,1.0324823146677356e-05,-2.384987601486752e-05,1.0114672842723347,0.2577551945648877,0.0
2020-07-06,-0.0005047235308679064,0.0,4.142556165092856e-05,-0.0005461490925188349,1.0137643168949388,0.2577478167654925,0.0
2020-07-07,0.0017689237999768135,0.0,1.0421745261916403e-05,0.001758502054714897,1.0181710672085469,0.2573836630886496,0.0
2020-07-08,0.0006379059082430945,5.066549719129686e-05,1.1505868743300454e-05,0.0005757345423084971,1.000000000008597,0.1600715817476637,0.24257570823433117
2020-07-09,0.005861991868427843,0.0,1.1546446220281791e-05,0.005850445422207562,1.0035075889729215,0.16061701489235086,0.0
2020-07-10,-0.001512781571850756,0.0,1.1352188898224913e-05,-0.0015241337607489807,0.9942204850405578,0.16551069547013905,0.0
2020-07-13,0.004440134098403399,0.0,3.42447816296653e-05,0.004405889316773734,0.9975379365234202,0.16424825020156442,0.0
2020-07-14,5.3064889127629445e-05,0.0,1.1180535675736593e-05,4.188435345189285e-05,0.9841275264698588,0.1679484221410874,0.0
2020-07-15,-0.005625660299117574,2.60936045033403e-06,1.141258369762173e-05,-0.00563968224326553,0.9999999999766949,0.16688139005030858,0.012775953991419469
2020-07-16,0.0005830213116708939,0.0,1.1642114334999028e-05,0.0005713791973358949,1.0120446652735462,0.16217031881861707,0.0
2020-07-17,0.001261926650178067,0.0,1.1559943686379683e-05,0.0012503667064916874,1.006536288467579,0.1626603993618623,0.0
2020-07-20,0.008124856206312973,0.0,3.4646675758062565e-05,0.00809020953055491,1.0067867290648924,0.1637176189520366,0.0
2020-07-21,-0.002679523872980386,0.0,1.1355295280150493e-05,-0.0026908791682605363,0.9993999460620036,0.17046339061101762,0.0
2020-07-22,-0.0014997014664180472,3.105829226768776e-05,1.0261143740194122e-05,-0.001541020902425929,1.0000000000028448,0.25093650696867403,0.13763381984979906
2020-07-23,-0.0054965047143988996,0.0,1.0394046277618826e-05,-0.005506898760676518,1.0085871643626863,0.2498217860965121,0.0
2020-07-24,-0.0018456736481907733,0.0,1.0551496923022e-05,-0.0018562251451137953,1.015937481773027,0.24567820639242094,0.0
2020-07-27,0.006323998591116757,0.0,3.186976205568803e-05,0.006292128829061069,1.019783525882672,0.2442859825275966,0.0
2020-07-28,-0.0016238236077259405,0.0,1.0522099939646145e-05,-0.0016343457076655867,1.0171562662574962,0.24904297066332762,0.0
2020-07-29,-0.001619052682672041,5.527516160359912e-05,8.557909484958452e-06,-0.0016828857537605985,0.9999999999809105,0.37527260757894354,0.2500000000270021
2020-07-30,0.0049467428768752994,0.0,8.69270049662609e-06,0.004938050176378673,1.0088505674041277,0.37428343115042323,0.0
2020-07-31,0.0025345124936429846,0.0,8.509280277002097e-06,0.0025260032133659826,0.9985441784588983,0.3773667182377452,0.0
2020-08-03,-0.01653647631702783,0.0,2.5544755426059555e-05,-0.01656202107245389,1.0005330656277271,0.3789440169269449,0.0
2020-08-04,-0.0004622991927771856,0.0,9.163261106587686e-06,-0.0004714624538837733,1.0374288854341525,0.3685108246532515,0.0
2020-08-05,-0.0014924188169344484,1.1451836233612088e-05,8.299147233721527e-06,-0.001512169800401782,1.0000000000075802,0.3941622519459086,0.05242749130790649
2020-08-06,0.007014660769289972,0.0,8.384351401339611e-06,0.007006276417888632,1.0053221681512092,0.3932645158534175,0.0
2020-08-07,-0.006666753591047207,0.0,8.234222155464158e-06,-0.006674987813202671,0.9985924395761531,0.39749422222726943,0.0
2020-08-10,0.002300005717728317,0.0,2.506619881813115e-05,0.0022749395189101858,1.0033979389821432,0.39345376774095175,0.0
2020-08-11,-0.008949169142710574,0.0,8.237664452614246e-06,-0.008957406807163188,0.9962050061158655,0.39485550107502554,0.0
2020-08-12,-0.0015020813376686627,1.539464806732343e-05,8.208709115273018e-06,-0.0015256846948512592,1.0000000000247506,0.40076423460982036,0.07486904819880412
2020-08-13,-0.0019419504906427857,0.0,8.30213883624112e-06,-0.0019502526294790268,1.0059283672623425,0.3998722322167407,0.0
2020-08-14,-0.006030037300519739,0.0,8.429100194960584e-06,-0.006038466400714699,1.0140321770160088,0.3987078627838862,0.0
2020-08-17,0.0025582506239512685,0.0,2.5861132731728588e-05,0.0025323894912195398,1.0243509657046415,0.39506340256591255,0.0
2020-08-18,0.0008151321444170193,0.0,8.652387165960903e-06,0.0008064797572510584,1.028241526914129,0.3966172637989832,0.0
2020-08-19,-0.003557614941809884,5.170118027778675e-05,1.0672161360554395e-05,-0.003619988283448225,1.0000000000240854,0.22093222070361476,0.25000000000910855
2020-08-20,0.005627820559111687,0.0,1.076647092468982e-05,0.005617054088186997,1.0041167356846474,0.21816435818229069,0.0
2020-08-21,-0.0001980682749025177,0.0,1.0605517723137975e-05,-0.00020867379262565566,0.9967449412512782,0.22254214746220585,0.0
2020-08-24,-0.0016407667129192049,0.0,3.195584722618471e-05,-0.0016727225601453897,0.9999827687573418,0.2223904862535138,0.0
2020-08-25,-0.0018754370100893883,0.0,1.0731828108478e-05,-0.0018861688381978663,1.0045430431882947,0.22111959126940117,0.0
2020-08-26,0.0035411195391206575,3.813952782900537e-05,1.1785251518041344e-05,0.0034911947597736108,1.0000000000265268,0.1396766392095087,0.1767375545660308
2020-08-27,-0.005975920616093686,0.0,1.1692114625060822e-05,-0.005987612730718747,0.9962438648173693,0.14271949718792928,0.0
2020-08-28,0.002332414284795318,0.0,1.1878152592356989e-05,0.002320536132202961,1.0046724153878768,0.13756727614581668,0.0
2020-08-31,0.0018782717789333425,0.0,3.5465515917902245e-05,0.0018428062630154402,1.0025700204130794,0.13957579974412457,0.0
2020-09-01,0.002967511709072437,0.0,1.179425397612321e-05,0.0029557174550963136,1.0021744188163435,0.1411938785593494,0.0
2020-09-02,0.0031456692101293855,5.644266735033391e-06,1.1557003662506892e-05,0.003128467939731845,1.0000000000102283,0.15633873264722523,0.026918500460941696
2020-09-03,-0.0020911746500864065,0.0,1.1467662418117224e-05,-0.0021026423125045236,0.9961263725972884,0.15898701607473115,0.0
2020-09-04,-0.0019024958522550102,0.0,1.143473797915643e-05,-0.0019139305902341665,0.9919623048524177,0.1572264323739985,0.0
2020-09-08,0.005039808927652612,0.0,4.5720862293761544e-05,0.00499408806535885,0.9900275226792757,0.1556217858181277,0.0
2020-09-09,0.0007739476455412145,0.0,1.1160379010953412e-05,0.0007627872665302611,0.9745708915276692,0.15986322372807024,0.0
2020-09-10,0.0009909636022576987,6.049141984128845e-06,1.1804989782544578e-05,0.0009731094704910253,1.000000000053363,0.13823574592760893,0.027902914850608983
2020-09-11,-0.0015096305986193315,0.0,1.1740032074957588e-05,-0.001521370630694289,0.9961136998836366,0.13909135841173267,0.0
2020-09-14,0.002482031821413977,0.0,3.5380035598352056e-05,0.002446651785815625,0.9987055591005818,0.13779135954068195,0.0
2020-09-15,-0.0020771891361367144,0.0,1.17239755956127e-05,-0.002088913111732327,0.9957812473401703,0.13993102886044334,0.0
2020-09-16,-0.004369351966443786,0.0,1.1833691573934216e-05,-0.00438118565801772,1.0020018921072116,0.13814240721001397,0.0
2020-09-17,-0.001527032964933752,2.5255670576716132e-05,1.1981741166564528e-05,-0.0015642703766770326,1.0000000000691835,0.12533289490997326,0.12511407258293816
2020-09-18,-0.001785699336956148,0.0,1.2045775271897792e-05,-0.0017977451122280458,1.0033414260562494,0.12399983120771071,0.0
2020-09-21,0.0036119397738554786,0.0,3.6311849579525435e-05,0.003575627924275953,1.0060225771911027,0.12243423742265047,0.0
2020-09-22,0.0017937883541645854,0.0,1.1958741147988448e-05,0.0017818296130165969,0.9985851925419604,0.12559708873880365,0.0
2020-09-23,-0.0029548384278862685,0.0,1.1892473157848882e-05,-0.0029667309010441172,0.9953148325147474,0.12716429199177903,0.0
2020-09-24,-0.0024109247183686368,7.428978693456121e-06,1.2099677633213445e-05,-0.0024304533746953064,1.0000000000023237,0.1167235327777423,0.034781057689421885
2020-09-25,0.0007429321877366391,0.0,1.2192061616193997e-05,0.0007307401261204452,1.0046116144071608,0.11459111642499895,0.0
2020-09-28,0.0010887637297872085,0.0,3.6506851108222615e-05,0.0010522568786789858,1.0035832079034916,0.11524983093674149,0.0
2020-09-29,0.007009474498991309,0.0,1.2150131340323715e-05,0.006997324367650985,1.0031758931035357,0.11621630525990423,0.0
2020-09-30,-0.00563786564486512,0.0,1.1880424564053078e-05,-0.005649746069429173,0.9896405137069008,0.12236952053102612,0.0
2020-10-01,0.006532379925761294,5.0339395976230314e-05,1.2224129897661697e-05,0.006469816399887402,1.0000000000088713,0.10763851747956746,0.2500000000050576
2020-10-02,0.003148619388404086,0.0,1.2009630124474673e-05,0.0031366097582796112,0.9901399800521753,0.11343698096552426,0.0
2020-10-05,-0.007154368832018287,0.0,3.548473864231565e-05,-0.0071898535706606025,0.9796830338719357,0.11622106024225498,0.0
2020-10-06,-0.0036450196073647334,0.0,1.214647853816586e-05,-0.0036571660859028993,0.9965494771605806,0.109856543874473,0.0
2020-10-07,-0.00048238745715607594,0.0,1.2238073962585977e-05,-0.0004946255311186619,0.9999807824993455,0.10660138323056931,0.0
2020-10-08,-0.002103030524016373,5.335184981147751e-05,9.391788093117521e-06,-0.0021657741619209676,1.0000000000545506,0.3143994692569716,0.24823100922457084
2020-10-09,0.00436502367962831,0.0,9.525584313037514e-06,0.004355498095315272,1.008341925172701,0.31297427032096253,0.0
2020-10-12,0.007277430444721847,0.0,2.8256767235679335e-05,0.007249173677486167,1.0035444533134366,0.3159631172452394,0.0
2020-10-13,-0.0037268102589217414,0.0,9.265400238611823e-06,-0.003736075659160353,0.9972884024457938,0.3209141850271306,0.0
2020-10-14,-0.0022968980364854136,0.0,9.375608021154218e-06,-0.0023062736445065677,1.0027962403300719,0.31837685478581423,0.0
2020-10-15,-0.0031632015196306025,1.0779474766295777e-05,9.279019837087106e-06,-0.0031832600142339853,0.9999999999763258,0.3226315518689671,0.05002074800967252
2020-10-16,0.0010520647598367256,0.0,9.376701004292655e-06,0.001042688058832433,1.0049877220448973,0.32048854873153343,0.0
2020-10-19,-0.0024659309029053623,0.0,2.7962572407675198e-05,-0.0024938934753130377,1.0016282914009982,0.3212056961475682,0.0
2020-10-20,-0.0012287391090438702,0.0,9.331498226368611e-06,-0.0012380706072702388,1.0007360261501588,0.31953665562525,0.0
2020-10-21,0.004421760700677127,0.0,9.385611710911446e-06,0.004412375088966215,1.0038521476014235,0.3187024927048879,0.0
2020-10-22,-0.0007638157602878726,3.200225325158063e-05,1.1267641774156361e-05,-0.0008070856553136097,0.999999999997709,0.17746215048429467,0.14484493817962082
2020-10-23,0.007169215284312867,0.0,1.1292862078223085e-05,0.007157922422234644,1.0012199923175784,0.17684106060729335,0.0
2020-10-26,-0.00013886706397979882,0.0,3.3125240545586487e-05,-0.0001719923045253853,0.9887500254732743,0.18270250553066977,0.0
2020-10-27,-0.0037873459121134908,0.0,1.099436839840714e-05,-0.003798340280511898,0.9851839364927221,0.1825950434090008,0.0
2020-10-28,0.0015836773213150576,0.0,1.1168053884387377e-05,0.0015725092674306702,0.9947573931012674,0.17948945954098916,0.0
2020-10-29,0.002426755145812387,3.505274585378095e-05,1.3508863267485548e-05,0.0023781935366911206,1.0000000000219422,0.013852981495497269,0.17065654191713303
2020-10-30,-0.0024291361085122492,0.0,1.3432965946788815e-05,-0.0024425690744590382,0.9968476262489887,0.01624111213340529,0.0
2020-11-02,-0.0013189111918114659,0.0,4.035750753754639e-05,-0.0013592686993490124,0.9958784787500216,0.013845795336393046,0.0
2020-11-03,0.004809136927795656,0.0,1.355325212368824e-05,0.004795583675671967,1.0019313397516578,0.012543934722416439,0.0
2020-11-04,0.001610215278963389,0.0,1.3409665681779576e-05,0.0015968056132816095,0.9961758454877041,0.017270250717795033,0.0
2020-11-05,0.010960872483823877,1.1466819124111278e-05,1.3343298322304055e-05,0.010936062366377463,1.0000000000107618,0.025939222482565638,0.053891829729671055
2020-11-06,0.005413774242219723,0.0,1.2985568646011558e-05,0.005400788673573712,0.9844474298025161,0.036500918643672275,0.0
2020-11-09,-0.01103543477761352,0.0,3.822976563245438e-05,-0.011073664543245975,0.9719471668990294,0.04168953650930596,0.0
2020-11-10,-0.011035976723874916,0.0,1.3152137941012507e-05,-0.011049128861815928,0.9911034257482791,0.0309973560543661,0.0
2020-11-11,-0.0025638620628203684,0.0,1.357164438926639e-05,-0.0025774337072096347,1.0109144397764651,0.02018439936001845,0.0
2020-11-12,0.005960515040998903,4.163243874453492e-06,1.322871612280027e-05,0.005943123081001649,1.0000000000019735,0.03430372303755361,0.02037133879185883
2020-11-13,0.0020488377928751045,0.0,1.2985167637232656e-05,0.0020358526252378718,0.9879435940332818,0.040026356515297984,0.0
2020-11-16,0.009195201074583065,0.0,3.8830463135289545e-05,0.009156370611447777,0.9868643124066728,0.04198970944796049,0.0
2020-11-17,-5.300492961983987e-05,0.0,1.2613124889352321e-05,-6.56180545091922e-05,0.9714786117966017,0.05072049487388228,0.0
2020-11-18,-0.0005785765104952825,0.0,1.2614038405722316e-05,-0.0005911905489010047,0.9714956184822832,0.05067081486455419,0.0
2020-11-19,0.006043510388543805,7.910168359721755e-06,1.3394547013913447e-05,0.00602220567317017,0.9999999999933165,0.022198067977634822,0.03663341115017025
2020-11-20,-0.003387696861262719,0.0,1.3185576699202866e-05,-0.003400882437961922,0.9906196189195203,0.028072519877710866,0.0
2020-11-23,-0.0034384394919465405,0.0,3.992730806370453e-05,-0.003478366800010245,0.9963335558933172,0.024769059676506833,0.0
2020-11-24,-0.007912423330069182,0.0,1.3459615849894697e-05,-0.007925882945919076,1.0039570319287097,0.021405074886396896,0.0
2020-11-25,-0.005213887317789148,0.0,1.3834833876639038e-05,-0.0052277221516657865,1.0235433201027688,0.013600447108118807,0.0
2020-11-27,0.007855010339336756,3.7996877106737365e-05,2.9894374159169958e-05,0.007787119088070848,1.0000000000083908,-0.09114465680131256,0.18495856387093723
2020-11-30,-0.0013700785288962996,0.0,4.395515951864047e-05,-0.0014140336884149402,0.9869294766271184,-0.0826460716597997,0.0
2020-12-01,0.003496189847810348,0.0,1.4725500549304258e-05,0.003481464347261044,0.9908264200163386,-0.08413512008287208,0.0
2020-12-02,0.00498326065348177,0.0,1.4577039757476917e-05,0.004968683613724293,0.9837647396205831,-0.08035916267523213,0.0
2020-12-03,0.009761950504160313,0.0,1.4367057795452324e-05,0.00974758344636486,0.9737919843893934,-0.0750032346786264,0.0
2020-12-04,-0.006693727738976896,9.26660248778334e-06,1.4835666801443287e-05,-0.006717830008266123,0.9999999999862399,-0.08300367651912006,0.04352125833376492
2020-12-07,0.009604468930929859,0.0,4.5311347841871606e-05,0.009559157583087988,1.0122720792935742,-0.09030405152530162,0.0
2020-12-08,-0.0003198685279257216,0.0,1.4726423509274568e-05,-0.0003345949514349962,0.9950934493069605,-0.07993546687008289,0.0
2020-12-09,-0.00024739354066450464,0.0,1.4749939733714751e-05,-0.0002621434803982194,0.9964634031452227,-0.08028219741595416,0.0
2020-12-10,-0.009072204367352572,0.0,1.4707737760421934e-05,-0.009086912105112994,0.9931141497115537,-0.08055070679924752,0.0
2020-12-11,-0.0013139817603737697,5.0448013788213344e-05,1.4798931909029724e-05,-0.0013792287060710128,1.0000000000068885,-0.08032202935228112,0.2500000000030588
2020-12-14,-0.00374825818668687,0.0,4.450249215881671e-05,-0.0037927606788456867,1.001145214513544,-0.08174876135099587,0.0
2020-12-15,-0.0013574527359237775,0.0,1.4990068792751601e-05,-0.001372442804716529,1.008452498039437,-0.08582252383142992,0.0
2020-12-16,-0.0008793853445498268,0.0,1.510259083299019e-05,-0.000894487935382817,1.0151893402715548,-0.08729979053672904,0.0
2020-12-17,0.00025802854753641886,0.0,1.5162168954954123e-05,0.00024286637858146474,1.018580212005306,-0.08825812170634471,0.0
2020-12-18,-0.0040239312556318565,4.012640309773357e-05,1.2300081713095631e-05,-0.0040763577404426855,1.0000000000004936,0.10209403494451244,0.19614924770403694
2020-12-21,0.0012097869410081876,0.0,3.733007423580821e-05,0.0011724568667723795,1.006836648523933,0.09847150878593325,0.0
2020-12-22,-0.0010119321051791253,0.0,1.2330856521805954e-05,-0.0010242629617009313,0.9997170866660434,0.09956456057420898,0.0
2020-12-23,0.006672581205142431,0.0,1.236022694303344e-05,0.006660220978199398,1.000950242616603,0.09865367577516196,0.0
2020-12-24,0.0008580392362572579,0.0,1.2142309476035954e-05,0.0008458969267812219,0.9910179937925132,0.10462940204188853,0.0
2020-12-28,0.012559629140504042,2.6260115441389852e-05,4.954766522153741e-05,0.012483821359841114,1.0000000000278906,0.0957551097348329,0.1296556684521014
2020-12-29,-0.005568741093505052,0.0,1.189854507978701e-05,-0.005580639638584839,0.9755730201121476,0.10697922928769582,0.0
2020-12-30,0.003981148527220293,0.0,1.2123308715061609e-05,0.003969025218505231,0.9869811357894872,0.10197959958998978,0.0
2020-12-31,-0.00684589407353314,0.0,1.2051719473519772e-05,-0.006857945793006659,0.9853173714204768,0.10554184985353371,0.0
