date,net_return,gross_return,transaction_cost,borrow_cost,nav,turnover,gross_exposure,net_exposure,beta_exposure,max_group_exposure,max_weight,rank_ic,risk_liquidation,capacity_proxy_nav
2018-01-02,0.0,0.0,0.0,0.0,100000.0,0.0,0.0,0.0,0.0,0.0,0.0,,False,
2018-01-03,0.0,0.0,0.0,0.0,100000.0,0.0,0.0,0.0,0.0,0.0,0.0,,False,
2018-01-04,0.0,0.0,0.0,0.0,100000.0,0.0,0.0,0.0,0.0,0.0,0.0,,False,
2018-01-05,0.0,0.0,0.0,0.0,100000.0,0.0,0.0,0.0,0.0,0.0,0.0,,False,
2018-01-08,0.0,0.0,0.0,0.0,100000.0,0.0,0.0,0.0,0.0,0.0,0.0,,False,
2018-01-09,-0.00017267722121102737,0.0,0.00017267722121102737,0.0,99982.7322778789,0.4874922895301653,0.4875764828823572,-1.6635866603755967e-14,-1.6427831317500363e-14,3.879139847881574e-15,0.058010017008539444,0.033766233766233764,False,430048.8886603153
2018-01-10,0.00015228784224663485,0.000348536200187529,0.0001762109682333993,2.003738970749482e-05,99997.95843243941,0.4953915053627609,0.703834823270676,-1.977483655993147e-15,-1.2628786905111156e-15,2.4702462297909733e-15,0.05936002332576454,0.0974025974025974,False,217780.3553252357
2018-01-11,-3.9590294844691257e-05,0.00016344364280527902,0.00017410921888542187,2.8924718764548405e-05,99993.9994837812,0.49055587272181483,0.42976555678185524,2.6181624402503792e-15,2.5118795932144167e-15,8.118505867571457e-16,0.06252919528447068,0.02727272727272727,False,257296.52419641204
2018-01-12,-0.0002701818002756125,-7.825782153459268e-05,0.0001742623805171081,1.7661598223911755e-05,99966.98292498391,0.48996300419581645,0.5244440263248574,5.801409228967936e-15,5.523359547510154e-15,9.159339953157541e-16,0.059513440541871056,0.17012987012987013,False,205973.29876550616
2018-01-16,-2.365807702622101e-05,0.00023966388207635164,0.00017711198217246007,8.620997693011259e-05,99964.61789840179,0.49806047655336483,0.8202471470928338,-2.2142128643909197e-15,-2.2551405187698492e-15,7.91033905045424e-16,0.0957307183815576,-0.07662337662337662,False,117579.90376667523
2018-01-17,-0.00030417440584841026,-9.394028902212948e-05,0.0001765253299594519,3.370878686682887e-05,99934.21122014668,0.4976197415814982,0.5572755922335587,-5.601253356302691e-15,-5.252742685257772e-15,1.788499903732088e-15,0.05536863638834006,-0.0012987012987012987,False,359669.55420069635
2018-01-18,-6.1584298874704e-06,0.0001943901917639391,0.00017764688498427672,2.290173666713278e-05,99933.59578231352,0.4993315416158076,0.7477525412961671,4.2609003239517745e-15,3.608224830031759e-15,2.491062911502695e-15,0.084777454872677,0.11168831168831168,False,183239.46480876225
2018-01-19,5.1137742635466186e-05,0.00025363906830222233,0.00017177176917513302,3.072955649162313e-05,99938.70616081529,0.4834591413741601,0.645211706585804,-5.4864352547074306e-15,-4.773959005888173e-15,1.5890067039947553e-15,0.0601396646159441,0.033766233766233764,False,306145.2644706006
2018-01-22,-2.6629839465655252e-05,0.00022451169769678323,0.00017159488840528392,7.954664875715457e-05,99936.04480911382,0.48314663167070027,0.4865448724917066,-4.1842901060375584e-16,-4.163336342344337e-16,6.245004513516506e-17,0.05168317257264611,-0.02727272727272727,False,180823.56821438164
2018-01-23,-0.0002243506138615279,-2.8427757162929523e-05,0.00017592786193866523,1.9994994759933164e-05,99913.62409611401,0.49577225518347146,0.3751570522392638,2.5168966538209515e-16,2.498001805406602e-16,6.245004513516506e-17,0.06183313523782852,-0.044155844155844164,False,321910.97329167364
2018-01-24,-0.00027735349691976997,-0.00013644976687336637,0.00012548631694068044,1.5417413105723157e-05,99885.91270308102,0.35409405174618425,0.5934498562916406,4.808557493579143e-15,4.642120021713936e-15,1.717376241217039e-15,0.09917414443744248,0.10389610389610389,False,432212.16000100976
2018-01-25,-0.00021258396058924304,-1.407029498020522e-05,0.00017412531535047744,2.438835025856038e-05,99864.67856015153,0.49029437369747336,0.7612363236396144,-1.017235711988096e-15,-1.0408340855860843e-15,3.9898639947466563e-16,0.09887003917318006,-0.01948051948051948,False,257534.89969258284
2018-01-26,-0.0007207061422485314,-0.000516314136902187,0.00017310832081320963,3.128368453313487e-05,99792.70547291955,0.4883582616266823,0.6532376534141584,-2.011613285447832e-15,-2.1788126858268697e-15,6.800116025829084e-16,0.09247560618428083,-0.014285714285714285,False,294745.5555961647
2018-01-29,-0.0004435141606623495,-0.00019028170446092443,0.00017269630715036427,8.053614905106088e-05,99748.44599491151,0.4863726538264819,0.7654791712754032,-8.416865736578951e-15,-7.771561172376096e-15,1.805847138491856e-15,0.09753065544350029,-0.0935064935064935,False,394358.849021488
2018-01-30,-0.00035666504978553,-0.0001501214460491796,0.0001750855556017445,3.145804813460596e-05,99712.86921045471,0.4934781389210609,0.6124050275003432,2.527693919397836e-15,2.4980018054066022e-15,5.620504062164855e-16,0.09159348934434389,-0.025974025974025972,False,316052.1795708871
2018-01-31,-0.0004112922936288063,-0.0002093184670706641,0.00017680649666086795,2.5167329897274274e-05,99671.85807577283,0.4975081453988869,0.5954715680374478,-1.299335436521546e-16,2.7755575615628914e-17,7.494005416219807e-16,0.09962499152687983,0.0038961038961038965,False,203744.08252412238
2018-02-01,-0.0004896919158164636,-0.0003202482257973511,0.0001449722557162036,2.4471434302908818e-05,99623.04957263872,0.40812674001354693,0.8892627369903718,1.1040788940092724e-14,1.111610803405938e-14,2.4581031654591357e-15,0.0997888178539552,0.04155844155844156,False,213355.87088643364
2018-02-02,0.00019879086467408498,0.00040923624499047994,0.00017390033633048972,3.654504398590524e-05,99642.85372480474,0.4881077418254029,0.6796619981820399,1.8526680539173947e-15,1.7034984534092246e-15,6.054184931159057e-16,0.09960738373665153,-0.012987012987012986,False,178037.1776450737
2018-02-05,-0.0005082627348507456,-0.0002483789372410891,0.00017608985262830936,8.379394498134712e-05,99592.20897546224,0.4965396519833352,0.6095559406179739,4.07990170984526e-15,4.066191827689636e-15,1.0304257447302234e-15,0.0691851456627993,0.11298701298701298,False,372828.1846147527
2018-02-06,0.00011597765747497658,0.0003191216786992563,0.00017809377708929468,2.505024413498506e-05,99603.75944656199,0.4979252448093592,0.6141237899771131,1.4137402675450193e-14,1.3600232051658168e-14,3.612453218504452e-15,0.07756310115279996,-0.05844155844155843,False,166536.86818910245
2018-02-07,-0.0004493951625349621,-0.00024699274671846806,0.00017716445184483244,2.5237963971661604e-05,99558.99799889642,0.49703088346611357,0.34037624790982185,2.1656513217063406e-15,2.275957200481571e-15,7.73686670285656e-16,0.03966614777156776,0.07922077922077922,False,271711.59779674123
2018-02-08,-0.0001798861153699486,7.356449199949508e-06,0.00017325449958730278,1.3988064982595328e-05,99541.08871749628,0.48630694912007477,0.7212262182255016,-1.0939002220524428e-15,-1.2212453270876722e-15,5.412337245047638e-16,0.06344273555478559,0.033766233766233764,False,195789.27313307818
2018-02-09,0.00011425266326483532,0.0003165854056894419,0.00017269330879890102,2.9639433625705586e-05,99552.46155198655,0.48397567097582106,0.511932061780967,1.1862816910826043e-14,1.1296519275560968e-14,3.066991105526995e-15,0.058791518367792825,0.0012987012987012987,False,547737.4679150089
2018-02-12,-4.1933301832555335e-05,0.0001978034156870566,0.00017662180579319282,6.311491172641913e-05,99548.28698856811,0.49373416120326996,0.7754320976033726,-5.1343132197229534e-15,-4.8433479449272454e-15,1.0289078616887437e-15,0.09555477908859693,0.04805194805194805,False,440302.24767037394
2018-02-13,-0.00012781122606658513,7.720396296865048e-05,0.0001731481165309872,3.1867072504248406e-05,99535.56359995528,0.4853447555939184,0.6640839306925025,2.2549882178937564e-14,2.08305594995295e-14,3.809452753245068e-15,0.06976074328557651,0.11948051948051949,False,354489.34362670325
2018-02-14,0.00017062731430778733,0.00037599799590992927,0.00017807956116272497,2.7291120439416978e-05,99552.54708585046,0.4994982324736446,0.5698878943225995,-4.468540560129985e-15,-4.218847493575595e-15,8.951173136040325e-16,0.06201609728314036,0.0,False,376360.5922774908
2018-02-15,-0.0003408068554344455,-0.00014201469089178214,0.00017537211409104946,2.342005045161386e-05,99518.61889532763,0.4905914558603615,0.3572295264798613,5.1885193642434495e-15,4.926614671774132e-15,1.5681900222830336e-15,0.04267913531083475,-0.05844155844155843,False,352829.57782724325
2018-02-16,-0.00013029462681638014,6.082490683355761e-05,0.00017643886817816286,1.468066547177491e-05,99505.65215401739,0.4939521695850912,0.6898408870935719,-1.7611812020610259e-15,-1.824929096727601e-15,2.831068712794149e-15,0.06391351192424768,0.06883116883116883,False,359925.3437830335
2018-02-20,-0.00020380255544351074,8.710940920679827e-05,0.00017751346266232427,0.00011339850198798472,99485.37264782733,0.4964818065706718,0.578130399638996,-4.5742447692105694e-15,-4.1494585545365226e-15,2.0539125955565396e-15,0.07348480082393946,-0.005194805194805195,False,219588.40185243855
2018-02-21,-0.00029881080386110484,-9.831224387566778e-05,0.00017673977643862883,2.3758783546808242e-05,99455.64534365402,0.4943357304267737,0.5820911058019888,-1.1907866184388271e-14,-1.115427195053087e-14,1.6583956430338276e-15,0.08143911520270095,0.022077922077922082,False,318038.8582186609
2018-02-22,-0.00017393288088950523,2.041265266398685e-05,0.0001704239812602592,2.3921552293232903e-05,99438.34673673868,0.4771443718438899,0.6491518153595988,2.526970306255441e-15,2.220446049250313e-15,1.106753577673203e-15,0.09966351767736811,0.02857142857142857,False,287626.8576626826
2018-02-23,-0.0004345568311519621,-0.00023320966553211947,0.00017466969375574962,2.6677471864092994e-05,99395.13512388576,0.4880050401618844,0.49923325699448684,5.952768139700074e-15,5.440092820663267e-15,9.783840404509192e-16,0.09204406472747959,-0.08961038961038961,False,316272.2446653423
2018-02-26,-0.0003053643880498555,-0.00014274623695459184,0.0001010688454384099,6.15493056568538e-05,99364.78338927352,0.28423457100729854,0.515719959954038,-4.2778897920791956e-17,-5.551115123125783e-17,1.5612511283791264e-17,0.09984729003946972,-0.0025974025974025974,False,467699.2073088106
2018-02-27,-0.0003728769234749757,-0.00017623101017340614,0.00017545194234455425,2.119397095701526e-05,99327.73255454157,0.491100674000424,0.8647203569362245,2.4584091236537148e-15,2.3314683517128287e-15,4.2674197509029455e-16,0.09164908579320967,0.024675324675324677,False,322316.9540747642
2018-02-28,-0.00012047877972347809,5.096443909574747e-05,0.00013590676579444932,3.553645302477625e-05,99315.7656705307,0.38100695172628224,0.52322806228618,3.132919325569027e-16,3.0531133177191805e-16,1.249000902703301e-16,0.0998702815632039,0.24935064935064938,False,368391.7579442334
2018-03-01,0.0007136189234402349,0.0009101114918167705,0.00017499004526888427,2.150252310765123e-05,99386.63928030914,0.48866099023240794,0.5999626369091604,8.11926348196463e-16,7.216449660063518e-16,7.355227538141662e-16,0.06642793917377621,0.07402597402597402,False,372429.4852169038
2018-03-02,0.00015054275678017537,0.0003530878952969897,0.00017788913973972555,2.4655998777088748e-05,99401.60121897353,0.49731211988102675,0.27532400697840503,-2.616277353705437e-16,-2.3245294578089215e-16,8.326672684688674e-17,0.03649857714573522,0.1883116883116883,False,370059.5067543643
2018-03-05,-0.00017213181597443907,3.888868034643267e-05,0.00017707644066599986,3.394405565487189e-05,99384.49104084495,0.4954650072582758,0.4598753213291153,-1.0628669340347356e-15,-8.881784197001252e-16,1.0824674490095276e-15,0.09235998664574761,-0.14805194805194805,False,448623.7832806619
2018-03-06,-0.00039582622707713693,-0.00019955490606681878,0.0001773723352022723,1.889898580804588e-05,99345.15205272628,0.4960585599307229,0.8160143670908417,7.53969779901717e-15,6.994405055138486e-15,1.8041124150158794e-15,0.08161347093067889,-0.14025974025974028,False,349694.56581223215
2018-03-07,-0.00039154793598368786,-0.00018081373101540142,0.00017719936796455353,3.353483700373291e-05,99306.25366349005,0.49480177636800726,0.840214423418907,-1.1123357298064366e-14,-1.0602629885170245e-14,4.78089789979208e-15,0.0954802473404946,0.15974025974025974,False,227307.55579449423
2018-03-08,0.00033010325034759904,0.0005140399789268331,0.00014940736871270325,3.4529359866530876e-05,99339.0349806042,0.417921368149748,0.9970523109925442,-1.0821988802014137e-14,-9.880984919163893e-15,1.8110513089197866e-15,0.09738606840216563,-0.04155844155844156,False,361971.6589537408
2018-03-09,-4.510756934167485e-05,0.00017362470358775733,0.00017775752042288882,4.0974752506543356e-05,99334.55403819548,0.4974843941671173,0.6019862756062612,-1.47737834642707e-16,-1.1102230246251565e-16,4.891920202254596e-16,0.06085295936825001,-0.08831168831168833,False,285257.5330489237
2018-03-12,-0.0005726010776834769,-0.00032521364366589714,0.0001731699479839311,7.421748603364866e-05,99277.674965502,0.48585824799723437,0.3831287590474195,1.2068243593554608e-15,1.169203622808368e-15,2.983724378680108e-16,0.05696461665711665,-0.024675324675324677,False,512250.06221019273
2018-03-13,-0.0002594849532651741,-9.404468624481489e-05,0.00014969524952525978,1.5745017495099386e-05,99251.9139026533,0.4196490678326092,0.5656962092774562,-4.612228771316916e-16,-4.787836793695988e-16,8.673617379884035e-17,0.09915890558100883,-0.006493506493506493,False,397739.76629546814
2018-03-14,-0.00027898077237645995,-0.00013562237470307663,0.00012011060825102209,2.3247789422361237e-05,99224.2245270529,0.33715818684920784,0.4996611513610333,1.767932576794008e-16,6.938893903907228e-17,2.0469737016526324e-16,0.09999996837934283,0.06103896103896104,False,755892.095254216
2018-03-15,-3.760466301437051e-05,7.489438633579275e-05,9.196502943121669e-05,2.053401991894657e-05,99220.4932335267,0.2578560512074336,0.6310388888843496,-3.121461294988073e-16,-3.122502256758253e-16,2.220446049250313e-16,0.09999976989436309,0.0987012987012987,False,375458.89353681996
2018-03-16,1.2151740040711233e-05,0.00021288225191161387,0.00017479740684825813,2.593310502264451e-05,99221.69893516717,0.48695779619039037,0.6272563644730247,-1.7601828856636894e-16,-8.326672684688674e-17,4.85722573273506e-17,0.09485302342689206,0.12207792207792208,False,309769.86654780986
2018-03-19,-9.260905831681071e-05,0.0001608401980563884,0.00017611627993131934,7.733297644187978e-05,99212.5101070642,0.49200471325459594,0.5199205972226141,-6.232791777480871e-15,-5.738465258531278e-15,1.2732870313669764e-15,0.05692133843360093,0.0974025974025974,False,327640.7219832187
2018-03-20,-0.00020533768960642837,-1.0021985426312848e-05,0.00017394910429425442,2.136659988586111e-05,99192.13803945876,0.4868683340789396,0.462810667653816,1.6925894912743169e-15,1.4988010832439613e-15,3.157196726277789e-16,0.06925319531532938,-0.07142857142857142,False,315507.99444166216
2018-03-21,-0.0003407831845949515,-0.00014586012741893347,0.00017590344069709415,1.9019616478923874e-05,99158.33502677089,0.4922043283683057,0.5212000879452425,3.66877475539714e-15,3.4833247397614286e-15,7.268491364342822e-16,0.0826257818408658,0.0038961038961038965,False,306924.4277728365
2018-03-22,-0.00011455549972350864,7.966605420757707e-05,0.00017280237223470603,2.1419181696379682e-05,99146.97589415015,0.48454850152692386,0.7741933750050105,1.444157877665141e-16,1.6653345369377348e-16,2.2898349882893854e-16,0.0714436504302743,0.03766233766233767,False,573597.3591452475
2018-03-23,-0.00011672080751450477,8.919287564750857e-05,0.00017409751706591703,3.181616609609632e-05,99135.40337906117,0.48741479718992725,0.6785609369052976,5.694857034733301e-15,5.35682609381638e-15,1.1796119636642288e-15,0.05808574188617489,-0.03766233766233767,False,411208.46012683504
2018-03-26,-0.0002826282604605522,-2.3376792468687393e-05,0.0001755932702912124,8.365819770065243e-05,99107.38491245409,0.4914297348899095,0.7374275058058303,1.0197052553187552e-15,9.992007221626409e-16,8.478460988836645e-16,0.07297425815029591,0.012987012987012986,False,345647.38967240375
2018-03-27,0.0001002472885434294,0.0003087680978125791,0.0001782155693045266,3.0305239964623115e-05,99117.32015906619,0.4980780962706513,0.35796246885594996,3.4627836464025613e-16,3.8163916471489756e-16,1.1796119636642288e-16,0.08966027317418666,0.0987012987012987,False,286903.7543511424
2018-03-28,0.0004778416776951464,0.0006694347854662518,0.00017688232137976514,1.471078639134039e-05,99164.68254561965,0.4941297776481971,0.4301790903168543,3.0268520752814887e-15,2.8033131371785203e-15,5.689893001203927e-16,0.050040603586425744,0.06103896103896104,False,542903.942470769
2018-03-29,-0.00014210300275159732,5.113921400030841e-05,0.00017556362399915844,1.767859275274731e-05,99150.59094646301,0.4903306517463631,0.39175893290307867,8.654903099753824e-18,6.938893903907228e-18,4.336808689942018e-17,0.06532322716061642,-0.06363636363636363,False,654831.1483771258
2018-04-02,-0.00022411085370847758,1.7987443724703698e-05,0.0001776995687367848,6.439872869639648e-05,99128.3702228803,0.4960080978884481,0.5610209547776369,3.292127213327906e-15,3.0531133177191805e-15,1.1674688993323912e-15,0.09859998437839958,-0.18961038961038962,False,275130.7769106753
2018-04-03,-0.0008139936971042894,-0.000612918708707723,0.00017801933272077326,2.3055655675793162e-05,99047.68035431465,0.49545210586561045,0.5112275727823381,1.7005753084141866e-17,1.1102230246251565e-16,3.157196726277789e-16,0.0999330372879113,0.05714285714285714,False,276442.49520220386
2018-04-04,-1.275285475312905e-05,0.00019351430037562814,0.0001852578028226337,2.1009352306123485e-05,99046.41721363347,0.5172332384100274,0.0,0.0,0.0,0.0,0.0,-0.011688311688311687,True,463782.87753228255
2018-04-05,-0.00017883376329369725,0.0,0.00017883376329369725,0.0,99028.7043701024,0.5,0.5000894328752645,-4.584446700196346e-16,-3.677613769070831e-16,2.8449465006019636e-16,0.04946518512901069,-0.0974025974025974,False,398254.5019405616
2018-04-06,-0.00034366341752906543,-0.00014600566522678611,0.00017710613177315883,2.055162052912048e-05,98994.67182712509,0.4932837817760833,0.7676166279304553,-1.2654405907818511e-14,-1.1796119636642288e-14,2.1961599205866378e-15,0.07736370493240359,0.03506493506493507,False,341292.55028935324
2018-04-09,-8.004164183604617e-05,0.00013605480901148935,0.00012145878439035454,9.463766645718098e-05,98986.74813105902,0.33958119052179153,0.7474894314448852,-5.60946724240063e-15,-5.190292640122607e-15,9.959481156451844e-16,0.09908578350489855,-0.06753246753246753,False,576451.7117913726
2018-04-10,-0.0009519283952827088,-0.000744347064617872,0.00017686258690682765,3.071874375800921e-05,98892.51983475637,0.4945454399271785,0.5490607359366174,-3.194373528380751e-15,-3.094746681142624e-15,7.008282842946301e-16,0.0650307454569651,-0.06493506493506493,False,432398.6742522441
2018-04-11,-6.527240524264709e-05,0.00013445335496194448,0.00017716162037157977,2.2564139833011804e-05,98886.06488212624,0.49494708472543425,0.43611168725020333,-1.4182005559304641e-15,-1.3600232051658168e-15,3.434752482434078e-16,0.07277856339023321,0.0038961038961038965,False,353258.7397847642
2018-04-12,-0.0002414532468357278,-4.396666318737641e-05,0.00017956418554217858,1.79223981061728e-05,98862.18852069364,0.49985234386131416,0.6352988315892679,1.2293730486584264e-15,1.1657341758564144e-15,3.0878077872387166e-16,0.08325244393836927,0.05324675324675325,False,431485.49493361375
2018-04-13,-0.00010674463044586432,5.834022002142907e-05,0.00013897667930609065,2.610817116120274e-05,98851.63551291493,0.3873244397652199,0.5362977869106774,2.849870930841499e-15,2.8171909249863347e-15,9.213550061781817e-16,0.09967388261786138,0.08441558441558442,False,429687.9679798989
2018-04-16,-0.00033841509864179016,-9.396357610775851e-05,0.00017833261729846903,6.611890523556261e-05,98818.18262693193,0.4959846749926187,0.6075740080830895,1.7265386484719515e-15,1.6930901125533637e-15,8.98586760555986e-16,0.07716775407901519,-0.024675324675324677,False,196362.7893650517
2018-04-17,-0.00023131888691742492,-3.302883275593188e-05,0.0001733212593087634,2.4968794852729624e-05,98795.32411491947,0.48416141706066357,0.3516618365005816,-1.050675336108022e-16,6.938893903907228e-18,7.988401606873197e-16,0.08022971077227284,0.03506493506493507,False,331769.4468350668
2018-04-18,-0.0002273835727798884,-3.567548394202538e-05,0.00017725623254331857,1.445185629454445e-05,98772.85968114827,0.49546592688299634,0.4544810521267148,9.440101297950829e-17,2.0816681711721685e-17,9.853229343548264e-16,0.04073413533163675,-0.07532467532467534,False,412472.0173469156
2018-04-19,-0.0003985712023135536,-0.00020218562122404884,0.00017770827757744798,1.8677303512056763e-05,98733.49166370921,0.49635791826128967,0.5303320900150202,-2.2158303842541134e-15,-2.1371793224034263e-15,1.2490009027033011e-15,0.05783471223892983,0.06103896103896104,False,224991.69262566103
2018-04-20,-0.0002545372334097897,-5.49650796792805e-05,0.00017777768427783706,2.179446945267215e-05,98708.36031389625,0.49550072887945906,0.837126824683471,1.5365288260173095e-15,1.4432899320127035e-15,4.2327252813834093e-16,0.09318873849709591,0.0974025974025974,False,362187.2402906352
2018-04-23,0.00025548419138607105,0.000534956714193025,0.0001762651060651563,0.00010320741674179761,98733.57873951408,0.4889848278877012,0.8586806837181242,7.301838466661483e-16,6.106226635438361e-16,1.5716594692349872e-15,0.09355526270571864,-0.04935064935064935,False,214092.67849606264
2018-04-24,-0.0006459265026869392,-0.0004322440802547586,0.00017839417515609336,3.528824727608727e-05,98669.8041043011,0.4983350461241425,0.5475294466003428,-1.5993477600112234e-15,-1.4224732503009818e-15,9.020562075079397e-16,0.0839557539928585,-0.04805194805194805,False,334676.8701171495
2018-04-25,-0.00013131635362365223,1.5141005610175206e-05,0.0001239561490995667,2.250121013426073e-05,98656.84714541337,0.34550393051254535,0.6056921247113567,-2.495609469428581e-16,-2.7755575615628914e-16,5.551115123125783e-17,0.09969422741533801,0.01818181818181818,False,313153.25158943643
2018-04-26,-0.000182150897757096,2.166616628044446e-05,0.0001789256068576217,2.4891457179918776e-05,98638.87671213594,0.49939541820548505,0.8425848330875554,4.758678456176262e-16,4.163336342344337e-16,9.020562075079397e-17,0.08641524853124748,-0.005194805194805195,False,438128.78669322596
2018-04-27,-0.0004919037265330357,-0.0002790988586321377,0.00017817809393839575,3.462677396250225e-05,98590.3558811002,0.496644334132685,0.5746071881050934,2.2566691309931187e-16,1.97758476261356e-16,1.249000902703301e-16,0.0983074227516608,0.09480519480519481,False,260192.2155681906
2018-04-30,-0.00015580954408059115,7.15065221096088e-05,0.00015647408409505149,7.084198209514847e-05,98574.99456269962,0.4329680518297506,0.4437413783431287,-4.828378802940653e-16,-4.0939474033052647e-16,2.8275992658421956e-16,0.09998101754186821,-0.01818181818181818,False,252409.1112816904
2018-05-01,-0.00037556935051094874,-0.00019816390255724382,0.00015916950089850783,1.823594705519709e-05,98537.97281601508,0.44530161169839316,0.0,0.0,0.0,0.0,0.0,0.04155844155844156,True,576826.0162592777
2018-05-02,-0.00016585229589265266,0.0,0.00016585229589265266,0.0,98521.63006699094,0.4636482120120216,0.46372512188814985,-6.8001984677658716e-15,-6.3074545586516706e-15,1.3478801408339791e-15,0.09801625622112908,-0.07922077922077922,False,469740.73964985536
2018-05-03,-0.00031128368344794216,-0.00011591748082804183,0.00017630900582997608,1.9057196789924245e-05,98490.9618910844,0.48974462941970326,0.7141540625303625,-1.2990171969951895e-16,-1.1102230246251565e-16,4.163336342344337e-17,0.09869691915029251,-0.016883116883116882,False,294780.94079049386
2018-05-04,-0.00025386811838636167,-4.9556161398973516e-05,0.0001749631598970993,2.9348797090288875e-05,98465.95817591104,0.48922368367436625,0.6315942449335238,-1.6862620563135951e-15,-1.582067810090848e-15,6.036837696399289e-16,0.0644164849967223,-0.1064935064935065,False,320938.32172191207
2018-05-07,-0.0007669006862489811,-0.000513640395417361,0.00017539250720967865,7.786778362194147e-05,98390.44456501378,0.48761069633162485,0.838132015806559,-1.223892993016829e-15,-1.2212453270876722e-15,3.2612801348363973e-16,0.07805353631301519,0.06623376623376624,False,224895.77602517887
2018-05-08,-0.0004500349981412955,-0.00024119211097729622,0.00017439910569249682,3.444378147150248e-05,98346.16542147684,0.48842496099016336,0.60440639771507,1.7192260489396038e-15,1.6375789613221059e-15,2.740863092043355e-16,0.08525560355412189,0.0,False,289941.48264514556
2018-05-09,-0.00010388635975301327,3.078110718793968e-05,0.00010982884785677206,2.4838619084180887e-05,98335.94859635553,0.30802071250420493,0.4490444754615817,1.6804186492374427e-15,1.5543122344752192e-15,4.926614671774132e-16,0.09973191789342964,0.12077922077922078,False,510727.93820499396
2018-05-10,1.20402808770511e-05,0.000192060554035785,0.00016156639060551829,1.8453882553215612e-05,98337.13258879694,0.4529019452847683,0.0,0.0,0.0,0.0,0.0,-0.04421330136187546,True,624683.8514635095
2018-05-11,-0.0001788774623598364,0.0,0.0001788774623598364,0.0,98319.54229206372,0.49999999999999994,0.5000894547326155,1.4206832172067592e-15,1.3739009929736312e-15,8.604228440844963e-16,0.045400145645170156,-0.06753246753246753,False,308835.5688826751
2018-05-14,-0.00031859702399095495,-7.976156056788429e-05,0.00017718059914096753,6.16548642821031e-05,98288.21797848932,0.4948013626692613,0.5196210731330537,-1.2705748480463015e-15,-1.0824674490095276e-15,1.0547118733938987e-15,0.08190590964644054,-0.05844155844155843,False,392074.10247112834
2018-05-15,-0.00019747735509691131,1.4387804271383706e-06,0.00017756184484734878,2.1354290676700892e-05,98268.80828116574,0.49683428429949716,0.6275488043903599,3.611140191264241e-15,3.4416913763379853e-15,5.863365348801608e-16,0.06371289700500248,0.1155844155844156,False,316855.3613904956
2018-05-16,3.0779667006066724e-05,0.00023365037038884594,0.00017708102649002485,2.578967689275437e-05,98271.83296236172,0.49561396405891917,0.6048137121883882,-2.218867275558307e-15,-2.0816681711721685e-15,7.077671781985373e-16,0.055083601965983414,0.016883116883116882,False,405272.4358980981
2018-05-17,-9.051362558931117e-05,0.00011141022448139234,0.00017706849203556418,2.4855358035139332e-05,98262.93802246699,0.4950874688354535,0.4271928774051339,2.6840731513262285e-17,4.163336342344337e-17,1.3877787807814457e-17,0.06368841297864715,-0.033766233766233764,False,434057.56268884323
2018-05-18,-0.000198145412287302,-6.137275949573205e-06,0.00017445226466354522,1.7555871674183582e-05,98243.46767209996,0.48736437352534967,0.5246254075320126,-7.577658033846517e-15,-6.716849298982197e-15,3.226585665316861e-15,0.06897037819081485,0.06103896103896104,False,363284.49030305666
2018-05-21,-0.00022113534637380238,1.8664798297959596e-05,0.0001751202999075403,6.467984476422166e-05,98221.74256884732,0.4887550422816211,0.8687944159201403,9.40640049305668e-15,8.659739592076221e-15,1.7486012637846216e-15,0.09098605937390142,0.06493506493506493,False,303638.1458565417
2018-05-22,3.974787706507446e-05,0.0002535353958591907,0.00017808363868780948,3.570388010630675e-05,98225.64667459606,0.4973755567453505,0.5027708061764941,-7.189791005469028e-15,-6.661338147750939e-15,1.6583956430338276e-15,0.07275828849489373,-0.011688311688311687,False,298407.0314914445
2018-05-23,-0.00027653629131438177,-7.767877712031272e-05,0.00017819570024161006,2.066181395245896e-05,98198.48371855271,0.4960923575210241,0.5984190449009272,2.782437432798789e-15,2.6229018956769323e-15,4.926614671774132e-16,0.08878028175142677,0.04025974025974026,False,184907.99122395762
2018-05-24,-0.0002894331147341979,-0.00012449914332624692,0.0001403414079188719,2.4592563489079085e-05,98170.06182554788,0.3929973267662121,0.5006343400295924,-6.148805467998388e-16,-5.620504062164855e-16,1.8735013540549517e-16,0.09978712403666687,0.1155844155844156,False,383026.6206058936
2018-05-25,-9.323853694308003e-06,0.00018964778216846304,0.00017839762188895215,2.0574013973818887e-05,98169.14650225425,0.5000853181844341,0.0,0.0,0.0,0.0,0.0,-0.02727272727272727,True,399578.74516097264
2018-05-29,-0.00017616271413910392,0.0,0.00017616271413910392,0.0,98151.8527589617,0.4916105928120668,0.4916972115273841,-7.855096425404977e-15,-7.16093850883226e-15,2.282896094385478e-15,0.08801550505025597,-0.012987012987012986,False,224334.6319632097
2018-05-30,-0.0002271876585152124,-3.066705337536527e-05,0.00017631387041954337,2.0206734720303775e-05,98129.55386935445,0.49303842123907193,0.8052328012941162,-1.295150132256183e-15,-1.0547118733938987e-15,8.187894806610529e-16,0.07714885209614201,-0.03506493506493507,False,180689.29051407648
2018-05-31,-0.00023251459035842308,-2.0388838821109403e-05,0.00017903399258002118,3.30917589572925e-05,98106.73731633446,0.4999381390466452,0.8146246105259939,-1.9342306593646113e-15,-1.5543122344752192e-15,3.594347042223944e-15,0.09646092914226846,0.04285714285714286,False,349717.1930746569
2018-06-01,-0.00011633889446387621,9.058695933373741e-05,0.00017344813007736724,3.3477723720246395e-05,98095.32368697562,0.48531389023772703,0.8453047250303994,3.0081036186371555e-15,2.7200464103316335e-15,5.620504062164855e-16,0.07127824065824634,-0.015584415584415586,False,348410.54337825667
2018-06-04,-0.00022792361128057942,5.198968587061847e-05,0.0001756976461200531,0.0001042156510311448,98072.96544655116,0.48845361375850566,0.4692014967471666,-2.2302140777517536e-16,-1.8041124150158794e-16,6.245004513516506e-17,0.06047343778352968,-0.03636363636363636,False,184464.18425285438
2018-06-05,-0.0003574262085769132,-0.0001611893331332234,0.00017695462215271035,1.928225329097946e-05,98037.9115983477,0.4946822784372977,0.5741548167611653,1.099457822210706e-16,1.0234868508263162e-16,9.71445146547012e-17,0.05681167745581177,-0.07922077922077922,False,331481.8096545773
2018-06-06,-0.0004716382008532176,-0.0002706115214360166,0.00017743127598866,2.359540342854103e-05,97991.67317410605,0.49814153069873746,0.595951282979864,3.341275566463155e-15,3.1363800445660672e-15,1.2455314557513475e-15,0.06575683163251497,0.020136408986670774,False,271032.37827860937
2018-06-07,-9.893532341794434e-06,0.00019179565086352223,0.00017719803458970596,2.449114861561071e-05,97990.70369031827,0.4931890729085421,0.6650137906281379,1.758667922520164e-17,1.3877787807814457e-17,2.2898349882893854e-16,0.07535006494140986,-0.15584415584415584,False,137510.105148305
2018-06-08,-0.0004315793531958252,-0.00022900372928834467,0.00017524629004605016,2.7329333861430325e-05,97948.41292580041,0.4902940154733457,0.4393310394604117,6.76238030534438e-17,4.163336342344337e-17,7.632783294297951e-17,0.0451953838702263,-0.07012987012987014,False,203436.32387656954
2018-06-11,-0.0002475479497784965,-1.847084281789963e-05,0.00017491300620520365,5.41641007553932e-05,97924.16599699657,0.4893672985025658,0.6225089402525826,2.7991560167609704e-17,4.85722573273506e-17,2.2898349882893854e-16,0.08360297572345814,0.032467532467532464,False,284245.2600829207
2018-06-12,-0.00023824716945720727,-3.863372550383249e-05,0.00017403088476491247,2.5582559188462302e-05,97900.83584162632,0.4854944394757766,0.4085561163242191,-3.1608962566090406e-16,-2.3592239273284576e-16,4.649058915617843e-16,0.04341842746360339,0.08181818181818182,False,182364.78773106387
2018-06-13,4.330555631327796e-05,0.00023479589427417236,0.0001747003605777073,1.6789977383187094e-05,97905.07549178599,0.48768231029245707,0.5575375053516901,7.0063667148685514e-15,6.439293542825908e-15,1.1345091532888318e-15,0.0696338420273639,-0.04805194805194805,False,272213.1410471996
2018-06-14,-8.332835419510497e-06,0.00018899483281378408,0.0001744151680133624,2.2912500219932184e-05,97904.25966490518,0.48649055701230626,0.4377395060281729,2.7395371616927234e-17,1.0408340855860843e-17,2.0816681711721685e-17,0.043371458242852726,-0.006493506493506493,False,162022.16637920277
2018-06-15,-0.00027588739307772727,-8.198587110608724e-05,0.00017591222720335898,1.798929476828108e-05,97877.24911393503,0.48888891637163223,0.5492037246097934,7.731731494477482e-16,7.28583859910259e-16,1.3877787807814457e-16,0.09815457866406829,-0.006493506493506493,False,136099.04135458142
2018-06-18,-4.502853182232644e-05,0.00014318965198519993,0.00012050813556796291,6.771004823956347e-05,97872.84184510862,0.3372854219318725,0.48796373547795174,-5.196716878234858e-15,-4.85722573273506e-15,1.5681900222830336e-15,0.09905284638939672,-0.06363636363636363,False,248653.66962253634
2018-06-19,-0.0001452559317897692,4.838278910281343e-05,0.00017358541669485836,2.0053304197724257e-05,97858.6252342695,0.4846721780807096,0.6225656667869003,-9.944523776975075e-16,-8.326672684688674e-16,6.106226635438361e-16,0.08793170376813843,-0.11038961038961038,False,235875.60256611515
2018-06-20,-0.00036255775249561444,-0.00016259728344004832,0.00017437557863966605,2.558489041590005e-05,97823.14583104225,0.489096030184008,0.6897895232889595,2.5128290938518207e-17,-5.551115123125783e-17,3.469446951953614e-17,0.08803060508512493,0.03896103896103896,False,385422.3417812696
2018-06-21,-0.00016223761799835155,4.290896133982896e-05,0.00017679906468246983,2.8347514655710662e-05,97807.27523687751,0.49351583246865705,0.8049275702851294,1.7561567767424085e-15,1.970645868709653e-15,6.938893903907228e-16,0.0980674248972722,0.05584415584415584,False,256697.41718335208
2018-06-22,-0.00023509102955061937,-2.9141093023924383e-05,0.00017287072130949796,3.307921521719702e-05,97784.28162384452,0.4845177006214448,0.6686030544340437,2.280864130449922e-15,2.112893193739751e-15,5.204170427930421e-16,0.06841148160982657,0.08311688311688312,False,304440.4033755813
2018-06-25,-6.59951631940486e-05,0.00019243671406102668,0.00017600136369471403,8.243051356036125e-05,97777.82833422095,0.4917923210071712,0.7214738071621625,-3.2432241485674e-15,-2.9698465908722937e-15,7.73686670285656e-16,0.09101244652793675,-0.06103896103896104,False,273531.45781540545
2018-06-26,-0.00039100065637790636,-0.00018843572853496,0.00017291531932943274,2.9649608513513657e-05,97739.59713916306,0.48337436351406465,0.6711728405809155,4.096331328828075e-15,3.6637359812630166e-15,8.326672684688674e-16,0.07046875794852218,-0.15454545454545454,False,200194.41531294494
2018-06-27,-0.0006135910586540131,-0.000408410256421784,0.000177598356728904,2.7582445503325123e-05,97679.62499628203,0.49931507422445354,0.6611222983811277,2.0777222769843833e-15,1.942890293094024e-15,8.187894806610529e-16,0.0946210415635973,-0.06363636363636363,False,359689.8289792791
2018-06-28,-0.0002696582451858714,-6.598223969280421e-05,0.00017650659597055515,2.716940952251201e-05,97653.28488001511,0.4937338774505437,0.6494551886135583,-4.49137297378328e-15,-4.08006961549745e-15,1.908195823574488e-15,0.08891354822834462,-0.07922077922077922,False,210716.93045683322
2018-06-29,-0.0002726122990891511,-6.992333846861654e-05,0.0001759990213624429,2.668993925809162e-05,97626.66339351036,0.491709291214658,0.5823581334529466,1.3496841521931302e-14,1.2739809207573671e-14,2.8102520310824275e-15,0.09430839035038603,0.023376623376623374,False,189543.9256358136
2018-07-02,-0.00023330253107250548,1.4008506319721657e-05,0.0001755134592952902,7.179757809693697e-05,97603.88684584049,0.49312160805343114,0.7802434582616723,1.5248859659915545e-15,1.1657341758564144e-15,9.159339953157541e-16,0.08312852679972006,0.05714285714285714,False,357815.89430253726
2018-07-03,8.53935455633792e-05,0.000295074416973199,0.0001776160717552306,3.206479965458922e-05,97612.22158779902,0.49842116428129907,0.4592092843676269,-7.731773788189715e-17,-6.938893903907228e-17,4.163336342344337e-17,0.07600707391134745,-0.08831168831168833,False,259416.6755990681
2018-07-05,-0.00027985095610110914,-6.957852451664633e-05,0.00017252920273232907,3.7743228852133723e-05,97584.90471426053,0.48506682068014767,0.4251499479150514,-2.6252883964377065e-15,-2.4841240175987878e-15,7.632783294297951e-16,0.038606010669145256,-0.04285714285714286,False,259521.96877217916
2018-07-06,-0.00020878018185983762,-1.5479202176194947e-05,0.00017582906401590075,1.7471915667741943e-05,97564.5309201075,0.49443175124568706,0.5027537869077665,-4.9053695930492775e-15,-4.6074255521944e-15,1.8943180357666733e-15,0.05338159023695722,0.04675324675324675,False,282836.19589277863
2018-07-09,-0.00020669779433263885,2.9140201239759105e-05,0.00017385465198102888,6.198334359136908e-05,97544.36454676121,0.48830906600122,0.4759026490798974,4.096746831328033e-15,3.941291737419306e-15,2.040034807748725e-15,0.051994102216451586,0.22337662337662337,False,213617.75781191367
2018-07-10,8.536647724273342e-05,0.0002822322000067302,0.00017730807965112445,1.9557643112872326e-05,97552.69156553743,0.49708736063998477,0.4960848925215246,1.2414791126225819e-15,1.0547118733938987e-15,7.91033905045424e-16,0.07323686334776347,0.0,False,233287.10859956345
2018-07-11,-0.00017446746800264606,1.9676439671905535e-05,0.00017375685729695476,2.0387050377596846e-05,97535.67179444314,0.48835627700440404,0.43612668397696525,2.3266776112497464e-15,2.192690473634684e-15,3.139849491518021e-16,0.05927589492693764,-0.1077922077922078,False,430439.8073796223
2018-07-12,-0.00019188992427128393,1.0924048220527935e-06,0.00017505931468332454,1.7923014410012172e-05,97516.95568176876,0.4920374512318049,0.5438723365538252,-1.3218097278484025e-15,-1.1657341758564144e-15,3.0531133177191805e-16,0.06365785967174437,-0.12987012987012986,False,242434.83066505744
2018-07-13,-0.00019161613482141415,8.168159730746166e-06,0.00017743337661159213,2.2350917940568213e-05,97498.26985964146,0.49663387380925583,0.6783869240296473,3.0878623316569534e-15,2.7200464103316335e-15,2.5604518505417673e-15,0.06729362127974718,-0.05844155844155843,False,355182.88901717664
2018-07-16,-0.0005532828963672797,-0.00029865936078436023,0.0001709867915244701,8.363674405844928e-05,97444.32573450272,0.47972450190304816,0.49525858902632686,-2.811904340551139e-15,-2.581268532253489e-15,4.727121472036799e-16,0.051764201304451425,-0.11948051948051949,False,159121.0525815903
2018-07-17,-0.0001442206672687034,5.421656525421797e-05,0.0001780841398232092,2.0353092699712174e-05,97430.27224882375,0.4988202255782236,0.8992865955044992,-4.80842680636212e-15,-4.3298697960381105e-15,4.720182578132892e-15,0.07926063378045838,0.12857142857142856,False,227801.01407220023
2018-07-18,-0.00026042043065626437,-4.828174319375399e-05,0.00017518170408561295,3.695698337689742e-05,97404.89941536575,0.49174878558263035,0.608847913690177,8.742804885118884e-16,7.91033905045424e-16,5.273559366969494e-16,0.05275637875163456,0.011688311688311687,False,240874.3728621701
2018-07-19,-2.0232046782510122e-05,0.00018046643669858114,0.0001756773363431388,2.5021147137952446e-05,97402.92871488394,0.491858078532755,0.5169952926197257,-2.4686814836432293e-15,-2.2620794126737565e-15,1.4155343563970746e-15,0.06305954120595461,0.059740259740259746,False,161811.40837749405
2018-07-20,-0.00016895119454726605,2.75217608594018e-05,0.00017522657351818586,2.124638188848198e-05,97386.47237372515,0.4920831854348993,0.4174325719476119,-4.559055349651677e-15,-4.218847493575595e-15,7.563394355258879e-16,0.08518695293878024,0.04805194805194805,False,192806.65762684398
2018-07-23,-0.00016751235444815798,5.7819645502314134e-05,0.00017386771025830022,5.14642896921719e-05,97370.15893644643,0.4892544790466933,0.5220236002368128,-7.281055772978866e-15,-6.744604874597826e-15,3.747002708109903e-15,0.06627899014358357,0.15064935064935067,False,228716.79189256523
2018-07-24,0.00019245889578832823,0.0003880583992596065,0.00017414647880401168,2.1453024667266577e-05,97388.89868971806,0.4896021525361857,0.2960289895357795,9.410316548827168e-16,9.367506770274758e-16,7.997075224253081e-16,0.0293581774190595,0.032467532467532464,False,232397.85783647746
2018-07-25,-0.00017381854601473726,1.1304788655286541e-05,0.00017295775975759454,1.2165574912429256e-05,97371.97069294984,0.48678095516778974,0.39879758277092875,2.0234983789236006e-15,1.887379141862766e-15,5.117434254131581e-16,0.05588610553996022,0.05584415584415584,False,405996.3126899672
2018-07-26,0.0005102110152153489,0.0007032266110141738,0.00017662665404111552,1.6388941757709312e-05,97421.6509449706,0.4954756868868821,0.7552896827299838,8.202473885380792e-16,1.1102230246251565e-15,1.3079815008865125e-15,0.09535767078649846,-0.15454545454545454,False,281737.50858545507
2018-07-27,-0.0008512350998907618,-0.0006453572860164132,0.00017483851184434934,3.10393020299993e-05,97338.72221619694,0.49179235411319006,0.55607937311935,-2.4527739961660933e-15,-2.220446049250313e-15,5.898059818321144e-16,0.057641937927679965,0.05844155844155843,False,215991.33257866828
2018-07-30,-6.55415633795566e-05,0.00012681256811424254,0.00012379640056127625,6.85577309325229e-05,97332.34248416552,0.3478326466340295,0.8540744090491283,1.4080862096447667e-15,1.1379786002407855e-15,2.949029909160572e-15,0.09864697504630784,0.033766233766233764,False,170699.86939061538
2018-07-31,-0.0003742422046762867,-0.00016181479500830686,0.00017732846135089245,3.50989483170874e-05,97295.91661372794,0.498835867233798,0.6227850458961174,-1.342908347767509e-15,-1.27675647831893e-15,3.5041414214731503e-16,0.0917299113648639,-0.023376623376623374,False,282321.0881548641
2018-08-01,-0.00018386734212935162,1.891396183217979e-05,0.0001771873979658005,2.5593905995730912e-05,97278.02707214013,0.4989939268493502,0.5328419268178146,3.594135291361349e-15,3.3306690738754696e-15,7.407269242420966e-16,0.08010745367487782,0.022077922077922082,False,302283.7446840745
2018-08-02,0.00021521281871724114,0.0004118538067645132,0.00017474337461640313,2.189761343086895e-05,97298.96255054558,0.4909902307345223,0.42118776619994797,5.731342132914298e-17,8.326672684688674e-17,2.7755575615628914e-17,0.07423749315626495,-0.04155844155844156,False,294819.3580166942
2018-08-03,-0.00024663696145201626,-5.467662516009751e-05,0.0001746512500097291,1.7309086282189638e-05,97274.96503006968,0.4899379054129047,0.42532470207853557,4.9043025711645994e-17,1.1102230246251565e-16,3.7470027081099033e-16,0.056469042787952915,-0.04935064935064935,False,164327.6640508741
2018-08-06,-0.00016600687828565455,6.239428531880114e-05,0.00017596387156737595,5.2437292037079726e-05,97258.8167167897,0.4930947953994884,0.5489155119872557,-1.1701542448483037e-15,-1.1796119636642288e-15,3.0726289568239196e-16,0.07003292109882228,0.05584415584415584,False,188436.00452380514
2018-08-07,-0.0002814166264407113,-8.534843784992369e-05,0.0001735100168652839,2.2558171725503714e-05,97231.44646869766,0.48755700347992353,0.6612482426931288,-1.5119004562939558e-15,-1.4432899320127035e-15,7.147060721024445e-16,0.06173131817489931,0.007792207792207793,False,228339.00778363558
2018-08-08,-0.0002984233335448648,-9.698194624054452e-05,0.00017426680198816426,2.7174585316156038e-05,97202.43033631708,0.48903967062574427,0.7276588622020022,1.5594944782815391e-15,1.2628786905111156e-15,1.9845236565174673e-15,0.08732138309705018,-0.14155844155844155,False,277038.2023625656
2018-08-09,-7.642782878245779e-05,0.00012637116282203904,0.00017289520274688038,2.9903788857616455e-05,97195.0013656141,0.4859347464063299,0.48561451338537026,3.113537451632144e-15,2.9559688030644793e-15,6.522560269672795e-16,0.07663171995980635,-0.06623376623376624,False,298950.1644458271
2018-08-10,-0.0003124097201052488,-0.00011735866652815906,0.00017509429275303355,1.9956760824056188e-05,97164.63670244183,0.4905628251164378,0.5651958863306753,1.208989468931027e-15,1.2281842209915794e-15,3.95516952522712e-16,0.07825256959066114,0.005196492641721491,False,155766.53614702926
2018-08-13,-0.0003026025678560521,-5.632271798249665e-05,0.00017659816525744494,6.96816846161105e-05,97135.23443387086,0.4969423560867646,0.5370999775641471,-2.7345767095576352e-14,-2.5729418595688003e-14,5.134781488891349e-15,0.09868918237542573,0.03636363636363636,False,254290.32356330592
2018-08-14,-0.00037515315101630263,-0.00017785437112294444,0.00017522617807565237,2.20726018177058e-05,97098.79384459829,0.4926002096503722,0.5830088287210299,-7.358945826688125e-17,-5.551115123125783e-17,2.42861286636753e-17,0.060294508453655554,-0.11298701298701298,False,251589.61541593552
2018-08-15,-0.00020327477991580976,-2.1841101435510016e-05,0.0001574744115465588,2.395926693374096e-05,97079.05610864944,0.44380176133481314,0.707241623773277,8.243523068745017e-15,7.854827899222983e-15,1.3253287356462806e-15,0.09920566685343458,0.011688311688311687,False,290578.7244627823
2018-08-16,-0.00022889178100448109,-2.292316659847302e-05,0.0001769038901413532,2.9064724264654884e-05,97056.8355105985,0.4977486264562283,0.5215885847207633,-3.4026566174591484e-16,-3.400058012914542e-16,1.8735013540549517e-16,0.08137158040908446,-0.012987012987012986,False,261378.68264960387
2018-08-17,-0.00030594711061702004,-0.00010766026191310027,0.00017685170138662814,2.1435147317291653e-05,97027.1412522084,0.49664961851122075,0.6289151354642378,1.8987175699853004e-16,1.5265566588595902e-16,3.226585665316861e-16,0.0782172197092854,0.0,False,224089.7156231892
2018-08-20,-0.0002737196544010116,-2.2569529357311244e-05,0.00017361264258920525,7.753748245449507e-05,97000.58301663732,0.4889156807273285,0.6049115326420023,6.038730634616859e-16,6.38378239159465e-16,4.371503159461554e-16,0.09541018330239806,-0.025974025974025972,False,365882.9122428152
2018-08-21,-0.00016181245964666104,4.0628801194348046e-05,0.0001775818827872282,2.4859378053780894e-05,96984.88711371223,0.49857449406248994,0.6187069629111169,3.4677882241497525e-15,3.2751579226442118e-15,1.6969932403743115e-15,0.09210575933337885,-0.0987012987012987,False,214926.54782611626
2018-08-22,-0.000535347015377012,-0.0003366551413867064,0.0001732655604460132,2.542631354429233e-05,96932.96654385922,0.487154316158438,0.76317370160977,1.5325482991940096e-14,1.504352198367087e-14,2.831068712794149e-15,0.09194279462138973,0.13116883116883118,False,459065.66253335145
2018-08-23,-0.00021364184384043826,-3.116019348274323e-05,0.0001511183475518147,3.1363302805880337e-05,96912.25760615787,0.4249826812897473,0.6411707118319544,6.464665827449437e-16,6.661338147750939e-16,1.078998002057574e-15,0.09934836621149865,0.012987012987012986,False,189255.3777696615
2018-08-24,-0.00021126731948996604,-7.873018724368993e-06,0.00017704481945743456,2.6349481308162486e-05,96891.7832132677,0.4980727487008545,0.6568777323189476,-7.544867032938825e-16,-7.771561172376096e-16,5.065392549852277e-16,0.07131741567684984,0.05714285714285714,False,211279.9969387648
2018-08-27,3.171143660948763e-05,0.00028861688290786114,0.00017592052039603742,8.09849259023361e-05,96894.85579090905,0.4939472053574069,0.36020151643375775,9.870752812300232e-16,5.967448757360216e-16,1.3634926521177704e-15,0.042339325601197825,0.005194805194805195,False,140033.98327957882
2018-08-28,-0.00037039464462349593,-0.000184826293397405,0.000170765549180868,1.480280204522288e-05,96858.96645523253,0.4809341456229346,0.38822891417745775,6.476925509509857e-15,6.314393452555578e-15,1.569057384021022e-15,0.06717057432394395,-0.007792207792207793,False,355583.16687206895
2018-08-29,-0.00026143561900328474,-7.989499988891001e-05,0.00016558600620297263,1.5954612911402112e-05,96833.64407138129,0.4665196941460738,0.7236594162612278,1.0130022178341634e-14,1.0144662887512368e-14,2.1371793224034263e-15,0.09936611158070667,-0.12987012987012986,False,364527.77583783114
2018-08-30,-0.00040789068571131265,-0.0002241081377536365,0.00015404311989214667,2.9739428065529493e-05,96794.14652990109,0.43346520626484547,0.7722062839883956,-5.340178748031185e-16,-6.245004513516506e-16,9.992007221626409e-16,0.09997599825018018,0.13766233766233765,False,236649.16185649807
2018-08-31,-6.2176557980111425e-06,0.00019416166833932468,0.00016864481931589488,3.173450482144094e-05,96793.5446972147,0.4745823844632146,0.5214851884552167,-4.580210717801805e-17,-2.914335439641036e-16,1.2073675392798577e-15,0.0999980346971862,-0.032467532467532464,False,225319.5303578925
2018-09-04,-0.0002687838598894702,-7.63943715425785e-06,0.00017542083011243698,8.572359262277538e-05,96767.5281546586,0.4925234403650432,0.5688629721578052,-2.065968995594824e-16,-8.326672684688674e-17,9.020562075079397e-16,0.09580236398294208,0.15974025974025974,False,144480.99266535282
2018-09-05,0.00038180351495271415,0.0005747880244672207,0.00016960657915185697,2.3377930362649534e-05,96804.47433704135,0.4764213777752776,0.6342019500547181,-1.5818783930770548e-15,-1.7486012637846216e-15,8.153200337090993e-16,0.09991138159958314,0.03896103896103896,False,165348.88226468678
2018-09-06,-0.00021878668958839464,-1.5252485436330285e-05,0.00017747111031419916,2.606309383786519e-05,96783.2948065638,0.49990095711237115,0.5198305101368852,2.3689722999153153e-15,2.345346139520643e-15,4.649058915617843e-16,0.08423286662503526,0.0,False,300635.0669826461
2018-09-07,-1.6485391224700424e-05,0.00018279411940332516,0.00017791661295116738,2.1362897676858197e-05,96781.6992960849,0.4982589386793547,0.6219673824140384,-6.036338910385875e-15,-6.175615574477433e-15,1.180045644533223e-15,0.08616368439980818,-0.07012987012987014,False,124395.86999171329
2018-09-10,-0.0003951865357005703,-0.0001433118026865251,0.00017519382285340962,7.66809101606356e-05,96743.45247162087,0.4937025318284526,0.5758893837869725,1.7052424860980508e-15,1.6653345369377348e-15,3.434752482434078e-16,0.09495165795630406,0.07142857142857142,False,255652.96732135548
2018-09-11,5.065131176220249e-05,0.00022173393596809643,0.00014741593720094993,2.366668700494401e-05,96748.35265439296,0.41407153724882845,0.5223813972376468,1.5502692073764612e-15,1.5126788710517758e-15,3.0531133177191805e-16,0.09990600837507815,-0.04025974025974026,False,213344.58831450096
2018-09-12,-0.0003436862569425459,-0.00015060530884570343,0.00017161321944324058,2.1467728653601855e-05,96715.10157520381,0.48326711765204666,0.29499331330774714,-6.929347509449197e-15,-7.042977312465837e-15,1.321859288694327e-15,0.04458987849938885,-0.04805194805194805,False,259840.26743073473
2018-09-13,-0.00021229931551750063,-2.2889101798413216e-05,0.0001772872008434263,1.2123012875661124e-05,96694.5690253392,0.4998345187926878,0.5414322574577457,1.5915901269994968e-14,1.5584755708175635e-14,4.867634073590921e-15,0.07901924348390107,-0.01948051948051948,False,354860.2332992588
2018-09-14,5.334900580887399e-05,0.0002531282165835819,0.00017752857005726695,2.225064071744095e-05,96699.7275844638,0.4983754462806202,0.6017513502444233,9.328301055419234e-16,8.326672684688674e-16,6.487865800153259e-16,0.08381233422431236,0.0,False,176499.74212821177
2018-09-17,-0.0005810620810411753,-0.0003292477701067235,0.0001776257883015777,7.418852263287399e-05,96643.53903951746,0.4993585167798736,0.5400591149979115,-3.002899229010793e-16,-2.498001805406602e-16,9.020562075079397e-17,0.08338736048414706,-0.16623376623376623,False,188671.58532918832
2018-09-18,-0.00026494340285641003,-9.729385222652795e-05,0.00014545534042448844,2.2194210205393634e-05,96617.93397142025,0.4105074066997388,0.5150910497820863,-3.324962663308739e-15,-3.3306690738754696e-15,1.1796119636642288e-15,0.09969486494127514,-0.05584415584415584,False,341134.7634207022
2018-09-19,-0.0003812681243309392,-0.0001837219451104452,0.00017637805388698348,2.116812533351053e-05,96581.09663295824,0.4961371196393284,0.7196846760684836,-1.136996568184695e-15,-1.3322676295501878e-15,1.3201245652183502e-15,0.09950043917216587,-0.04675324675324675,False,205778.64037207898
2018-09-20,-0.00039673551469603737,-0.0001928937101911577,0.0001742657219267228,2.9576082578156908e-05,96542.77948187567,0.4903620472672667,0.7350127379651068,3.143460176475705e-15,3.3861802251067274e-15,1.4432899320127035e-15,0.0848911905217715,-0.01038961038961039,False,179627.97448200613
2018-09-21,-0.00042803022962064735,-0.00022287137611507393,0.00017495285057550063,3.020600293007275e-05,96501.45625380582,0.49300131646245365,0.7166258351103226,-1.0615172909171744e-16,-1.1102230246251565e-16,1.3877787807814457e-16,0.08673521059407363,0.016883116883116882,False,223827.77729078088
2018-09-24,0.00016279616520966137,0.0004261535164810956,0.00017500622091536704,8.835113035606718e-05,96517.1663208211,0.49191901573183405,0.5575483658131819,2.7454937971815724e-15,2.7755575615628914e-15,9.024898883769339e-16,0.07421317432507557,0.044155844155844164,False,174022.0204065094
2018-09-25,-4.127821218645343e-05,0.00015426735903625928,0.00017263262468244508,2.2912946540267634e-05,96513.18226475007,0.4860915226053469,0.46365444623922675,2.7877796226360227e-15,2.831068712794149e-15,1.186550857568136e-15,0.03604442056020163,0.06363636363636363,False,300185.2747719211
2018-09-26,-0.00024639864599765776,-5.102612456628558e-05,0.00017631822912017117,1.9054292311200985e-05,96489.40154731911,0.49704877941278214,0.3745154561078855,2.8635867957647583e-15,2.942091015256665e-15,5.967448757360216e-16,0.060409279317278436,0.12467532467532469,False,327980.3182577749
2018-09-27,-0.00018104427717516463,6.588979470071106e-06,0.0001722422105038159,1.5391046141419833e-05,96471.93269336091,0.48419294745331787,0.6707955772041821,-1.0410878334015542e-16,-1.3877787807814457e-16,3.469446951953614e-17,0.056585661786721635,0.014285714285714285,False,206617.13020019518
2018-09-28,-7.488980727190341e-05,0.00012787931675093412,0.00017520218249389853,2.7566941528938998e-05,96464.70792891436,0.4925015867419112,0.48741517090250625,-3.13239452110047e-15,-3.191891195797325e-15,8.049116928532385e-16,0.044300447282662525,-0.08961038961038961,False,206334.00013680742
2018-10-01,-0.00045383293176548426,-0.00021611924469689358,0.00017762140572444564,6.0092281344144996e-05,96420.92906770308,0.4980711048033882,0.5327633936498305,5.65093776617035e-16,5.689893001203927e-16,1.3183898417423734e-16,0.07392491132685397,0.005194805194805195,False,122620.24662840248
2018-10-02,-0.0003629016100927095,-0.00016790221659990548,0.00017310500745240006,2.189438604040397e-05,96385.93775729778,0.4878411252006996,0.44848821897629154,9.34454204497842e-16,9.992007221626409e-16,2.7755575615628914e-16,0.08020750317242628,0.006493506493506493,False,188570.9631280708
2018-10-03,3.729576972662974e-05,0.00013714030224726555,8.141350982298003e-05,1.843102269765578e-05,96389.53254503726,0.23001687912195315,0.5450403890780693,1.4737474983779361e-15,1.3322676295501878e-15,2.393918396847994e-16,0.09960808815775739,-0.08311688311688312,False,543380.4079396608
2018-10-04,-0.0004900777014535523,-0.0003440837797195562,0.00012359500163489735,2.2398920099098672e-05,96342.2941844834,0.34623529640339046,0.6117289482081198,1.273719698468151e-16,1.6653345369377348e-16,2.7755575615628914e-17,0.09998892620996296,0.022077922077922082,False,118415.45831816943
2018-10-05,-0.00018614494073218428,-6.09338003460274e-06,0.0001549120148808095,2.5139545816772036e-05,96324.36055384242,0.4354325721482529,0.44646099815577994,-1.416230573545039e-15,-1.4155343563970746e-15,4.0245584642661925e-16,0.09999774435420208,0.015584415584415586,False,146795.07554951665
2018-10-08,-0.00045416578576341687,-0.00022413166104154399,0.00017499098796294095,5.5043136758931946e-05,96280.61332494332,0.4923764640751699,0.8594971243236492,5.906332382048908e-15,6.161737786669619e-15,1.2073675392798577e-15,0.08469309311090445,0.01818181818181818,False,159321.13345820765
2018-10-09,-0.00030866964240653923,-0.00010398271397347147,0.00016936512880332897,3.532179962973877e-05,96250.89442245763,0.4776435916712166,0.49231478458704503,-9.473830472333773e-16,-9.43689570931383e-16,2.5673907444456745e-16,0.09969305071400317,-0.15064935064935067,False,454865.0666734981
2018-10-10,-0.00027670227638926904,-0.000160870194767128,9.559996718705693e-05,2.023211443508408e-05,96224.26158086643,0.2702708635232627,0.6303324322639675,-3.043825570018096e-15,-3.219646771412954e-15,8.257283745649602e-16,0.09998213735167644,0.05714285714285714,False,441355.2159683607
2018-10-11,8.628252500117953e-05,0.00028730620264225614,0.0001751196050822833,2.590407255879331e-05,96232.564053122,0.4928312797273315,0.6712643665157404,-1.7895359736166508e-16,-1.1102230246251565e-16,1.8041124150158794e-16,0.07075324669575252,0.15454545454545454,False,358959.4525858628
2018-10-12,-0.00016902662780365565,3.58438206104088e-05,0.00017728424157095182,2.758620684311263e-05,96216.29818733521,0.4980131684156085,0.39886058385113893,1.6841872368727313e-15,1.6930901125533637e-15,2.740863092043355e-16,0.046893676820861756,0.04805194805194805,False,295359.6168088222
2018-10-15,-0.0001987697897481541,2.8343513308029673e-05,0.0001779387105265915,4.917459252959226e-05,96197.17329397416,0.4992239847418898,0.5029004223628595,1.1821984661413437e-15,1.2073675392798577e-15,2.914335439641036e-15,0.0455820279288444,0.05064935064935065,False,183599.5978671607
2018-10-16,-0.0001555664344157501,3.829098596231416e-05,0.0001731902797330153,2.0667140645048966e-05,96182.20824272395,0.48510891004223444,0.34471358351669723,-1.4041089258295143e-15,-1.3877787807814457e-15,2.220446049250313e-16,0.041157325568636605,0.09090909090909091,False,229529.98844714128
2018-10-17,-0.00013978480904870146,4.9622907629320775e-05,0.00017524140502665105,1.4166311651371176e-05,96168.76343111086,0.4910834633485217,0.4748781951390339,4.121038651042931e-15,4.08006961549745e-15,8.604228440844963e-16,0.067083301120854,0.14415584415584418,False,278881.6658832209
2018-10-18,4.263903028584979e-05,0.00023988622303869876,0.00017773165048686143,1.9515542265987527e-05,96172.86397392735,0.49806318517781345,0.525838555429763,7.787452248993064e-16,7.216449660063518e-16,2.5673907444456745e-16,0.08403104802264054,0.005194805194805195,False,326469.64426428505
2018-10-19,8.065706572859275e-05,0.0002778233159753251,0.00017555644659893388,2.1609803647798448e-05,96180.6209949382,0.49200326830637414,0.5661653839619619,2.27602265132677e-15,2.1371793224034263e-15,9.853229343548264e-16,0.07236660960312209,-0.051948051948051945,False,295720.88471194025
2018-10-22,-0.0003063190453878961,-6.25922986905947e-05,0.00017392553497596393,6.98012117213375e-05,96151.15903893021,0.4882101456607109,0.46865740919639853,3.0894415259703313e-15,3.039235529911366e-15,7.147060721024445e-16,0.04650151939502912,0.005194805194805195,False,361064.6146428127
2018-10-23,-0.00042608115291840675,-0.00023300658954438853,0.00017381466984539928,1.925989352861899e-05,96110.19084223246,0.4880960982106253,0.5774980466332743,-9.99770123993036e-16,-1.0269562977782698e-15,4.111294638065033e-16,0.08084706644726351,-0.06753246753246753,False,294013.59997401614
2018-10-24,-0.0006491057029504959,-0.0004461767670033483,0.0001791961395101636,2.3732796436983918e-05,96047.80516924511,0.4983278927623448,0.8262428735264513,-1.2674790288456353e-16,-1.1102230246251565e-16,4.163336342344337e-17,0.08101510147016523,0.0935064935064935,False,118223.42456139039
2018-10-25,0.0002451503831879137,0.00044956560907793655,0.00017046003930674402,3.395518658327883e-05,96071.35132548671,0.47773074880867544,0.8225778565968106,4.441194009982773e-15,4.218847493575595e-15,1.2073675392798577e-15,0.09948177245893447,-0.04025974025974026,False,232060.44688006924
2018-10-26,-9.77839835765975e-05,0.0001107376619145519,0.0001747170760419656,3.38045694491838e-05,96061.95708604652,0.486641462613941,0.6973301098767661,-1.530709380410935e-14,-1.4960255256823984e-14,4.5102810375396984e-15,0.05630978828079368,-0.14675324675324675,False,191970.11581340042
2018-10-29,-0.0006328801851866685,-0.0003747872777872958,0.0001721207020720982,8.597220532727441e-05,96001.1613768565,0.4826479457223457,0.36577536734928484,-2.0351737074327308e-16,-2.220446049250313e-16,6.245004513516506e-17,0.053137582743332,0.0987012987012987,False,228726.7110232255
2018-10-30,-0.0003212619630830706,-0.00013080080204000313,0.00017542929663145302,1.5031864411614454e-05,95970.31985529432,0.49121848007048324,0.5788122448056763,-8.39071553813616e-15,-8.396061623727746e-15,1.259409243559162e-15,0.04673849891787126,0.18311688311688312,False,284653.20135696616
2018-10-31,-0.00010695050506362089,9.179803277638099e-05,0.00017496173325894635,2.3786804581055533e-05,95960.05578111469,0.4905679618080138,0.6040535549031318,-4.0958043938517846e-15,-3.6463887465032485e-15,1.3548190347378863e-15,0.07772325799319234,-0.0038961038961038965,False,336297.88147751696
2018-11-01,2.7802032456472557e-05,0.00022711707207450523,0.00017449092092338325,2.4824118694649424e-05,95962.72366570003,0.48747068803447424,0.7028358540552252,-7.269902706116236e-15,-7.618905506490137e-15,2.220446049250313e-15,0.08333467187950656,0.11428571428571428,False,267569.27382504643
2018-11-02,7.072004993894843e-05,0.0002780391114878499,0.0001784353963137549,2.8883665235146534e-05,95969.51015430996,0.49864554479326106,0.5509366522230386,6.686305558425092e-16,5.689893001203927e-16,2.3245294578089215e-16,0.05088979710893927,0.1987012987012987,False,234204.62841408336
2018-11-05,-0.00019295416200505348,4.6407978604559724e-05,0.00017143844376019758,6.792369684941562e-05,95950.9924379001,0.47895451054879545,0.4624348885772606,2.9832797500502314e-15,3.4416913763379853e-15,1.6930901125533637e-15,0.05978452169547513,0.10909090909090909,False,217311.36477539162
2018-11-06,-0.00012925623172211124,6.539648435704537e-05,0.00017564854257598163,1.900417350317497e-05,95938.59017418759,0.49099979924895737,0.580788566963765,-9.072111341997665e-15,-9.069134332406747e-15,1.6167622796103842e-15,0.0465292172537176,-0.012987012987012986,False,301850.7365938447
2018-11-07,-0.0002508983815283997,-5.0121884247146936e-05,0.0001769084739813716,2.3868023299881128e-05,95914.51933718676,0.49352888100784187,0.5619089852139223,-2.3534480428874837e-15,-2.4147350785597155e-15,6.036837696399289e-16,0.04952920488114344,0.06493506493506493,False,196752.2825001355
2018-11-08,-0.00018248837635441412,1.725135057285961e-05,0.00017664757684998918,2.3092150077284572e-05,95897.01605228412,0.4945712534193381,0.5775062852464626,1.0710753360031571e-14,1.1268763699945339e-14,2.1441182163073336e-15,0.06681576601676655,0.07792207792207792,False,214759.99519719312
2018-11-09,-0.0005249624659726654,-0.0003271079452252521,0.0001741213857372852,2.3733135010128163e-05,95846.6737182579,0.48617049359880804,0.6686170979010815,-1.579261465129049e-14,-1.534883331544279e-14,4.848552115355176e-15,0.07126510659580912,-0.11038961038961038,False,221549.89033034525
2018-11-12,-0.0002558169327568913,-1.1044008129197939e-05,0.0001623406796809827,8.243224494671065e-05,95822.15451617233,0.45468498116050554,0.7917400545696716,4.7865142889995285e-15,5.329070518200751e-15,1.412064909445121e-15,0.09859255133591718,-0.006493506493506493,False,354950.7358100598
2018-11-13,-0.00038798719760863086,-0.0001790146201508064,0.00017643531494126283,3.253726251656165e-05,95784.97674697278,0.4943735967558809,0.5362558480258163,-1.5578350892588188e-15,-1.3600232051658168e-15,5.93275428784068e-16,0.09265921750662116,0.1012987012987013,False,358407.21921496
2018-11-14,-0.00036555013937259227,-0.00016906252853693697,0.00017444969927295044,2.203791156270484e-05,95749.96253537312,0.4889775606529327,0.5874265533733803,-1.2168955853264544e-17,8.326672684688674e-17,1.9081958235744878e-16,0.06897117854630053,-0.033766233766233764,False,261444.28902206858
2018-11-15,-0.00019205142642126342,7.824616771412263e-06,0.00017573522593075595,2.4140817261919742e-05,95731.57361848842,0.49069134827930694,0.6056842470925515,-2.2695505090275215e-16,-2.7755575615628914e-16,1.9255430583342559e-16,0.09027051526190959,-0.04285714285714286,False,211552.41353760142
2018-11-16,-0.0003321497267772584,-0.00013109143002431592,0.0001761671633107828,2.489113344215966e-05,95699.77640246708,0.49274814918414134,0.7190772010958271,7.503904230284783e-16,1.0200174038743626e-15,2.0573820425084932e-15,0.0907320153444183,0.04155844155844156,False,224273.6356718336
2018-11-19,-0.0004510181574071575,-0.00018650920977049507,0.00017585559407690303,8.865335355975941e-05,95656.61406564976,0.4903153515242091,0.4038975936390058,-5.9310544269651724e-15,-5.703770789011742e-15,1.4432899320127035e-15,0.09809677540043367,-0.07272727272727272,False,212806.1438344828
2018-11-20,3.555071391987204e-05,0.00022724456825033335,0.00017509532308502247,1.6598531245438837e-05,95660.01472657094,0.48906856194153747,0.6905796351100764,2.8598692750039004e-16,2.914335439641036e-16,6.394232257535872e-17,0.08997987436123353,0.006493506493506493,False,205532.04423161404
2018-11-21,3.555636618811538e-05,0.00023411320003612987,0.00017017684884349082,2.8379985004523666e-05,95663.4160490841,0.47684305590173565,0.5129874816221051,3.4774500953868323e-15,4.0245584642661925e-15,1.061650767297806e-15,0.05601266121525345,-0.09480519480519481,False,474252.3647852879
2018-11-23,-0.000267794162815474,-5.275256939423155e-05,0.00017287823876737106,4.2163354653871364e-05,95637.79794467117,0.4845191583364769,0.4285104321674162,8.86473370886335e-15,8.881784197001252e-15,2.3800406090401793e-15,0.0413734310269982,0.059740259740259746,False,327240.54130752233
2018-11-26,-0.00022691616738131927,-3.3239701723310255e-05,0.0001408464123770958,5.2830053280913245e-05,95616.09618210477,0.3958260238465121,0.6099244564393752,3.720284703751692e-15,3.635980405647388e-15,1.2559397966072083e-15,0.09879152639506956,0.13636363636363635,False,459623.10299711995
2018-11-27,0.0002788673477000501,0.00047932202597554915,0.00017538928965470297,2.5065388620796084e-05,95642.7603892445,0.490647404756019,0.6812847910268467,9.195477037586184e-16,9.992007221626409e-16,3.365363543395006e-16,0.07410320880407516,-0.12207792207792208,False,361406.7685480294
2018-11-28,-0.0002916009345847888,-9.401472013858663e-05,0.00016958820933550984,2.7998005110692297e-05,95614.87087092873,0.47480146235133824,0.4854272092822632,-3.2134185150001344e-15,-3.0808688933348094e-15,1.078998002057574e-15,0.052187690182376345,-0.17272727272727273,False,391572.30846950656
2018-11-29,-0.00031038078217061595,-0.00011451813403690712,0.0001759135847385472,1.9949063395161633e-05,95585.19385252066,0.4925185799274348,0.4752192498426887,3.60347048618703e-15,4.055783486833775e-15,1.0928757898653885e-15,0.04291822479132738,0.15194805194805194,False,427947.19983886357
2018-11-30,7.98035848877091e-07,0.00019576635048026487,0.0001754387564186747,1.9529558212713082e-05,95585.27013293198,0.4894350890159951,0.5169527927101708,-1.1111519961872983e-14,-1.1587952819525071e-14,3.7110071959833846e-15,0.08308659931230158,0.125974025974026,False,251009.98659545853
2018-12-03,-0.0007392943833116953,-0.0004983070980053958,0.00017725337935572903,6.373390595057038e-05,95514.60447959538,0.4949384671497003,0.40962064648522056,-3.247499132035069e-15,-2.9629076969683865e-15,2.2325891135821507e-15,0.04235817827431206,-0.0038961038961038965,False,266909.9448783197
2018-12-04,-0.00022177765054511324,-2.9778164338055624e-05,0.00017516576100903473,1.6833725198022896e-05,95493.42147502115,0.4889479266681559,0.4470688881175263,-7.921382296834809e-15,-8.0629947163402e-15,1.47646651849076e-15,0.08335214528747281,-0.08181818181818182,False,403867.7315096526
2018-12-06,-0.0001717721522131762,3.561915035999237e-05,0.00017064591450871366,3.674538806445488e-05,95477.01836449219,0.47776505636142214,0.5396339802767846,-1.3015977205027518e-16,-8.326672684688674e-17,5.551115123125783e-17,0.052951438833678775,0.04805194805194805,False,393527.54397633596
2018-12-07,-5.3947744859733616e-05,0.00014665178071927217,0.00017842278666352148,2.21767389154843e-05,95471.8675946655,0.49930065218160546,0.6896701960596465,-1.3307852280131542e-15,-1.2073675392798577e-15,4.388850394221322e-16,0.09114643437067547,-0.0006495615802151863,False,616713.8048511065
2018-12-10,-0.0005549853485983075,-0.0002945958654319158,0.00017536165077547622,8.502783239091546e-05,95418.88210694715,0.4893390562136573,0.4725278711224008,-2.1718872480356564e-16,-1.5959455978986625e-16,2.463307335887066e-16,0.05021332610232594,0.05844155844155843,False,214706.32505636715
2018-12-11,-0.0001991594994328398,-3.434192910129589e-06,0.00017630635291494032,1.9418953607769904e-05,95399.87853015028,0.4936857935459942,0.7210125028913728,1.2137511333315952e-14,1.2378986724570495e-14,2.9845917404180966e-15,0.09378894508970599,0.0961038961038961,False,491608.85321373347
2018-12-12,2.2198350798327378e-05,0.00023035016569895216,0.00017852116409687024,2.963065080375454e-05,95401.99625012002,0.49833466142225813,0.8743943046227151,-3.6909482033575025e-15,-3.594347042223944e-15,1.5994150448506161e-15,0.09816533880798038,-0.08961038961038961,False,241022.17128264462
2018-12-13,-0.00015292172685382657,6.065275236977483e-05,0.00017764046670485953,3.593401251874187e-05,95387.40721210816,0.4974770261387897,0.6180865507328399,1.026490039696925e-15,1.1102230246251565e-15,3.41740524767431e-16,0.08437822802261466,0.01948051948051948,False,432964.6436548929
2018-12-14,-0.00028036200722809175,-7.68292961908287e-05,0.00017813189388385872,2.540081715340434e-05,95360.66420715788,0.49747610826036115,0.6100562586864045,-1.564559180967078e-15,-1.8041124150158794e-15,1.231653667943533e-15,0.07089125062878318,-0.08961038961038961,False,335338.1452952498
2018-12-17,-0.0004179561084766321,-0.0001631858616786333,0.0001795578313435104,7.521241545448842e-05,95320.80763504411,0.4986563728891541,0.6970547807146057,4.100262744053137e-15,4.246603069191224e-15,9.159339953157541e-16,0.06662791828946277,0.024675324675324677,False,248919.27369911043
2018-12-18,-0.00023996061049031943,-3.666252269656015e-05,0.000174652000915077,2.8646086878682257e-05,95297.93439585157,0.4888621820421346,0.6406400854142634,3.998556642979593e-15,4.135580766728708e-15,1.2490009027033011e-15,0.05670615840538349,-0.16623376623376623,False,359386.75764330453
2018-12-19,-0.000511685655430259,-0.0003077217860860077,0.00017763619460119958,2.632767474305175e-05,95249.17180982907,0.49555960454881615,0.6803932573127135,-7.962665912200478e-16,-1.0824674490095276e-15,6.192962809237201e-16,0.07652228514860222,0.062337662337662345,False,275091.8951681145
2018-12-20,-0.00010966212652318885,9.493499338149704e-05,0.00017663575316580722,2.7961366738878664e-05,95238.72658309883,0.49372585921762824,0.5552170087512485,1.7029265968507032e-15,1.4710455076283324e-15,3.7470027081099033e-16,0.09904968741421932,-0.09220779220779221,False,450039.8587693119
2018-12-21,-0.0003365917606719921,-0.00013618196137159326,0.00017759266195445722,2.2817137345941642e-05,95206.67001243407,0.49743820741640393,0.6785746446097313,6.137720013804188e-15,5.898059818321144e-15,3.0982161280945775e-15,0.0847771303111766,0.0025974025974025974,False,363307.5382795559
2018-12-24,-3.501111149995557e-05,0.0002220772498943798,0.00017342847370272542,8.365988769160994e-05,95203.33672109473,0.4846628911531376,0.7632941160558111,-1.185497342061289e-14,-1.1796119636642288e-14,2.185751579730777e-15,0.06514177373239961,0.1909090909090909,False,395453.62150285655
2018-12-26,7.181893098778972e-05,0.00031219032557432076,0.00017763489189701135,6.27365026895197e-05,95210.17412296451,0.4965442883154053,0.5491598648107575,1.5541150852313573e-14,1.561945017769517e-14,2.994891661056709e-15,0.06363079067562381,0.051948051948051945,False,438332.8066346837
2018-12-27,-0.0003358536500557621,-0.00013927263626930647,0.00017401280016409639,2.2568213622359254e-05,95178.19743846287,0.4856248148366985,0.41238477118574185,-1.9374138134935855e-15,-2.1024848528838902e-15,8.413408858487514e-16,0.04922431494398359,-0.033766233766233764,False,401366.76912660815
2018-12-28,-9.730424742909585e-05,9.215069379974139e-05,0.00017250762186503955,1.694731936379769e-05,95168.93619558947,0.48270342140463873,0.5920112781551681,3.3841977519125215e-16,2.480654570646834e-16,8.673617379884035e-17,0.07047755433473536,0.11688311688311687,False,514620.9216747751
2018-12-31,-0.0002018869525065757,4.702043818707459e-05,0.00017591969886630084,7.298769182734945e-05,95149.72282908765,0.48565265496794285,0.4943307605026507,-1.133252395285798e-14,-1.156713613781335e-14,2.491062911502695e-15,0.08413551806852448,-0.1012987012987013,False,235202.3891869658
2019-01-02,-0.0004233344939771962,-0.00020523928625675066,0.00017746528219967882,4.062992552076673e-05,95109.44266932172,0.49321840339430434,0.36309153589884974,-2.364278679586222e-15,-2.373101715136272e-15,6.852157730108388e-16,0.037162979245938386,-0.07142857142857142,False,220731.8073056442
2019-01-03,-1.002605534378643e-05,0.00018402537997910147,0.00017912986535444192,1.492156996844598e-05,95108.4890967858,0.4997722418023518,0.43219378238809547,2.876754921616918e-17,4.163336342344337e-17,4.5102810375396984e-17,0.08361345662233072,-0.15714285714285717,False,292956.72478875646
2019-01-04,-0.00023788398990723023,-4.3738251995997305e-05,0.00017638434959391395,1.7761388317318986e-05,95085.86430992541,0.493383954074706,0.3988372735475444,-5.322354376277494e-16,-5.828670879282072e-16,5.711577044653637e-16,0.05885391126359143,-0.12467532467532469,False,432609.03148213885
2019-01-07,-0.00034704932743035826,-0.00016975854016762333,0.00012811906860618833,4.9171718656546626e-05,95052.86482466852,0.3594287870637692,0.6410046065348732,1.392422665986949e-15,1.1102230246251565e-15,6.175615574477433e-16,0.09921884400395053,-0.14675324675324675,False,1002759.2086669783
2019-01-08,-0.0006451061994724082,-0.0004466909342172159,0.00017207261019211537,2.6342655063076925e-05,94991.5456322925,0.48047565649826424,0.6641729940052069,4.649931747819481e-16,1.1102230246251565e-16,2.439888568961379e-15,0.09956918090325137,0.031168831168831172,False,648742.4067433324
2019-01-09,-0.00052679830837163,-0.00038119085461925465,0.00011831267317681894,2.729478057555643e-05,94941.5042467438,0.3304010174022094,0.6102439064721578,5.702343613886703e-15,5.9396931817445875e-15,2.890482991846355e-15,0.09989244815654306,-0.04805194805194805,False,696452.8868385818
2019-01-10,-0.0001481001724517642,9.71390548886661e-05,0.00022016071063609528,2.507851670433501e-05,94927.44339359202,0.6151740988161724,0.0,0.0,0.0,0.0,0.0,0.012987012987012986,True,836309.1911912328
2019-01-11,-0.00017523566431533225,0.0,0.00017523566431533225,0.0,94910.8087199872,0.48929204420720224,0.48937780065120057,3.5259179133860654e-15,3.497202527569243e-15,1.1900203045200897e-15,0.054009464384370716,-0.014285714285714285,False,494541.93947687454
2019-01-14,-0.0002077770787756644,3.024857610165215e-05,0.0001776914054819635,6.033424939535305e-05,94891.08842940713,0.4945025324592211,0.5985721484981991,-2.985801196094957e-16,-2.7755575615628914e-16,1.3183898417423734e-16,0.06083420067660373,-0.029870129870129873,False,257147.13831362646
2019-01-15,-3.851326902345245e-06,0.0001969056062134064,0.00017615807769801742,2.459885541773422e-05,94890.72297280547,0.4905822175219811,0.393790452749587,9.05485366638076e-16,9.506284648352903e-16,5.93275428784068e-16,0.04406139893871047,0.10519480519480517,False,275047.55747231067
2019-01-16,-0.0003216533480698302,-0.00013010455529185907,0.00017536562348689227,1.6183169291078877e-05,94860.2010540605,0.49059052485607485,0.5049590013679174,-8.613372900518727e-16,-7.355227538141662e-16,6.92154666914746e-16,0.06946869671564888,-0.051948051948051945,False,767242.9244208381
2019-01-17,-0.0003362383658556858,-0.00013770732139402732,0.00017777930467941528,2.0751739782243214e-05,94828.30541507334,0.49706854499508657,0.48992170023923554,-1.0229920379639716e-15,-9.922618282587337e-16,4.0543048051622833e-16,0.08487679597120566,-0.0987012987012987,False,640628.0231146453
2019-01-18,-0.00012973316945446542,3.706961471498609e-05,0.0001466690156664692,2.0133768502982326e-05,94816.00303845784,0.4085693420321618,0.6098556253148599,-1.1875809014214797e-15,-1.27675647831893e-15,5.100087019371813e-16,0.0997153651777537,0.022077922077922082,False,380873.8152525687
2019-01-22,-0.00014307342413819943,0.0001361010053165095,0.00017892418967692354,0.0001002502397777854,94802.43738824003,0.4999539054390649,0.6327649993191469,1.0810377710119736e-15,1.304512053934559e-15,6.492202608843201e-16,0.09936576872376826,-0.04805194805194805,False,596877.0841698435
2019-01-23,-9.865673280293214e-05,0.00010437310682472822,0.00017702579855975026,2.6004041067910103e-05,94793.08448950555,0.4946564460465841,0.4359802220344103,2.007397612096547e-15,2.1822821327788233e-15,9.853229343548264e-16,0.06199597511883743,0.04935064935064935,False,514754.3814815171
2019-01-24,-0.00023002703447544477,-3.628969492985685e-05,0.00017582034411951634,1.791699542607157e-05,94771.27951739164,0.48973486200098454,0.46938275107222527,-1.1402870494688288e-14,-1.1185496973098452e-14,2.529660508843179e-15,0.04194505676059061,0.06103896103896104,False,262333.68844400806
2019-01-25,-7.049751944838597e-05,0.00012161416084064566,0.00017282197819017258,1.9289702098859043e-05,94764.59837727071,0.48078146290811047,0.6539563259528719,-1.2360976177836161e-15,-1.2212453270876722e-15,2.8796409701215e-16,0.09885535785762084,-0.07142857142857142,False,318249.2799154921
2019-01-28,-0.00036974231326552447,-0.00011121198077681461,0.0001779055799739721,8.062475251473778e-05,94729.55989545102,0.4973693829210593,0.579434920014015,6.473792219096058e-15,6.38378239159465e-15,2.1892210266827306e-15,0.09196832296606662,-0.11168831168831168,False,332457.96100749995
2019-01-29,-0.00016440806187657738,3.802072307199791e-05,0.00017861639097539685,2.381239397317843e-05,94713.98559210618,0.49828121449680407,0.5433398321039835,1.0085671641670207e-15,1.0269562977782698e-15,1.6653345369377348e-16,0.08175054094736808,0.08961038961038961,False,408194.8605938516
2019-01-30,-3.189797541472801e-05,0.00016760259940814227,0.0001771715406268162,2.2329034196054072e-05,94710.96440772233,0.49101629608147396,0.4877225948448062,7.515322400852716e-16,8.326672684688674e-16,4.49293380277993e-16,0.07506233083230306,0.1064935064935065,False,234020.38093191347
2019-01-31,-0.0003533948916310062,-0.00015582363759755155,0.00017752785972476403,2.0043394308690633e-05,94677.4940367192,0.4962549510203364,0.31344932338244524,-2.098499879273266e-15,-1.9914625504213745e-15,5.30825383648903e-16,0.039705105076955724,0.006493506493506493,False,357444.56647389295
2019-02-01,-0.00012844023891194221,3.825309061623624e-05,0.0001538118504850642,1.2881479043114273e-05,94665.33363676554,0.42552470049159263,0.6228836235121469,1.5187435347965414e-17,2.7755575615628914e-17,5.898059818321144e-17,0.09847605435365539,0.023376623376623374,False,225405.09897163743
2019-02-04,-0.00036198566861429403,-0.00010826631319771712,0.00017692548402466839,7.679387139190851e-05,94631.06614267443,0.49421185639281817,0.6664534138985049,6.709816615152665e-16,6.800116025829084e-16,3.228754069661832e-16,0.09965094797307279,-0.00909090909090909,False,418286.8548238417
2019-02-05,-0.0002748698907428709,-6.929482656722354e-05,0.00017818656771406504,2.7388496461582357e-05,94605.05491186291,0.4994842643080463,0.6253444281350665,-2.128610951872223e-17,1.1102230246251565e-16,2.3071822230491534e-16,0.07949795889440653,-0.16623376623376623,False,802522.1864462842
2019-02-06,-0.000379281101366581,-0.00017879186642715295,0.0001747901488516856,2.5699086087742457e-05,94569.1730024411,0.489651189698964,0.6110052258428575,-4.7960379629889704e-15,-4.191091917959966e-15,1.2492177431377982e-15,0.09088943964256893,0.0,False,543828.4787726804
2019-02-07,-0.0004297041293372275,-0.00022828889477304466,0.00017630543076242137,2.5109803801761472e-05,94528.53623829395,0.49382483132813093,0.5512318689427251,-3.4050306972724668e-15,-3.247402347028583e-15,7.051650929845721e-16,0.08290637984521114,-0.0571614190589364,False,531197.7891422348
2019-02-08,-7.771086921818293e-05,0.00010396182267879742,0.00015901932741988191,2.2653364477098427e-05,94521.19034357695,0.44494610676853397,0.7228390412059713,4.802393620226653e-16,5.689893001203927e-16,2.040034807748725e-15,0.09901802574727334,0.18961038961038962,False,492389.514834315
2019-02-11,-0.0003899605081945979,-0.00012269262558332251,0.00017815074054478583,8.911714206648953e-05,94484.33081215541,0.49704537684340017,0.6010026574494778,-1.0181555147340505e-15,-1.0269562977782698e-15,3.0184188481996443e-16,0.07662524731586703,0.04675324675324675,False,339038.53588466963
2019-02-12,-0.00014075961651503798,6.0259570581600705e-05,0.00017632044774939983,2.4698739347238854e-05,94471.03123398361,0.49220201638483374,0.5254268891118365,-2.708185394782877e-16,-2.498001805406602e-16,6.245004513516506e-17,0.09823086718100332,0.044155844155844164,False,359128.64151681826
2019-02-13,-0.0001960575998420924,2.49792702449852e-06,0.0001769626410126798,2.1592885853911102e-05,94452.50947034526,0.49288293726555416,0.5343817163227539,4.816233042835509e-15,4.6629367034256575e-15,1.0894063429134349e-15,0.07746723512935728,-0.05584415584415584,False,262051.6108489594
2019-02-14,-0.0002766561599809575,-7.682593194124871e-05,0.00017786933558808896,2.1960892451619824e-05,94426.37860177463,0.4976887988277925,0.6459670650440249,-1.3733727451308452e-15,-1.429412144204889e-15,2.8449465006019636e-16,0.0940309232905369,0.08961038961038961,False,486627.6451377564
2019-02-15,-2.5534540953134405e-05,0.0001797524599023191,0.00017874040914131543,2.6546591714138065e-05,94423.96746754317,0.49957056001125805,0.9718633747938622,-4.13486938214394e-15,-4.385380947269368e-15,2.4390212072233908e-15,0.08902514825550667,-0.10909090909090909,False,504561.0532404908
2019-02-19,-0.0006578197392397967,-0.00032112578989309035,0.00017693558636689273,0.00015975836297981363,94361.85351788568,0.4949182520984576,0.6509571994023299,8.901462648774962e-16,8.187894806610529e-16,3.3133218391157016e-16,0.055312508242857,-0.07402597402597402,False,363715.96922308
2019-02-20,-0.0002831736254954025,-8.226133648060278e-05,0.0001741606232859369,2.675166572886283e-05,94335.13272971657,0.485651857486012,0.7559159069235847,2.431546004464548e-15,2.6922908347160046e-15,1.0408340855860843e-15,0.07962625379864569,0.11038961038961038,False,467592.4936770583
2019-02-21,-0.00019660204780687753,1.0647877507825053e-05,0.00017618488804387042,3.1065037270832154e-05,94316.58624944177,0.49194086445618057,0.8348920709516177,2.6099366912097324e-16,2.7755575615628914e-16,2.2724877535296173e-16,0.08608454136161664,0.025974025974025972,False,248058.49120264017
2019-02-22,-0.0003529308416967753,-0.00015320708898428846,0.00016541311965968068,3.431063305280619e-05,94283.2990172708,0.4639022071401808,0.7672707403677296,-9.73897726986504e-15,-9.395262345890387e-15,1.8110513089197866e-15,0.09871582733524335,0.14025974025974028,False,546415.0577674715
2019-02-25,-3.6301506556439526e-05,0.00023414163354143163,0.0001758481173128074,9.459502278506375e-05,94279.87639147336,0.49178560662346976,0.4506123739317451,2.1065944314628034e-16,1.942890293094024e-16,8.153200337090993e-17,0.08873530380044954,0.1077922077922078,False,592311.5296341929
2019-02-26,-0.00012815690540885193,6.536014245471885e-05,0.00017499873112664975,1.8518316736921025e-05,94267.7937742727,0.4872243358935292,0.5181185015647856,4.2216202215056106e-15,4.315992008230296e-15,8.959846753420209e-16,0.06740624797001683,-0.031178955850328947,False,360754.45739578956
2019-02-27,-0.0003550451447220232,-0.00015819383059460126,0.0001755587729672255,2.129254116019649e-05,94234.32445178948,0.48909012030255744,0.7720306292219694,-9.319637348587438e-16,-1.0408340855860843e-15,1.1102230246251565e-15,0.08008122333549479,0.08441558441558442,False,306733.71085178736
2019-02-28,-0.0002749049502874731,-6.814971650226916e-05,0.00017502794765279417,3.172728613240975e-05,94208.41896951069,0.4892831670222826,0.6380950711546606,-3.4566910481010877e-16,-7.355227538141662e-16,9.228728892196614e-16,0.08833597928981854,0.03506493506493507,False,320712.85158045904
2019-03-01,-0.0003761799388890456,-0.00017491961263059854,0.00017503724114250208,2.6223085115944965e-05,94172.9796522199,0.4890591657914392,0.6707051075877185,1.458088585803912e-16,3.469446951953614e-18,5.134781488891349e-16,0.08553479223619713,0.014285714285714285,False,475496.5661667654
2019-03-04,-0.00015783547800545395,0.00010143332033720203,0.0001765791275441702,8.26896707984858e-05,94158.1158149613,0.49188630046043796,0.49771345258620747,7.676972631777355e-15,7.494005416219807e-15,1.4016565685892601e-15,0.09541763954937357,-0.125974025974026,False,406455.3132273903
2019-03-05,-0.0002197899781071012,-2.3897976763834896e-05,0.00017543802383972382,2.0453977503542454e-05,94137.42080474773,0.49145891382191376,0.41955699648299194,-1.1678758892307702e-15,-1.1379786002407855e-15,2.220446049250313e-16,0.06843753493664147,0.08831168831168833,False,460930.2412423644
2019-03-06,-0.00025971102484552693,-6.439442762185272e-05,0.00017807452887505808,1.7242068348616157e-05,94112.97227871421,0.49650511466244984,0.6004155171453123,-1.584831676331336e-15,-1.5751289161869408e-15,3.5388358909926865e-16,0.05890998629417668,0.05844155844155843,False,419900.91266401333
2019-03-07,-0.000230495118472982,-2.9161480826938016e-05,0.00017665902735240093,2.467461029364304e-05,94091.27969801899,0.4943378337778584,0.5068116312852498,3.5905106032124175e-15,3.6914915568786455e-15,1.5057399771478686e-15,0.053199892064816345,0.0,False,361040.4388586861
2019-03-08,-8.916731904688414e-05,0.00010854700593795732,0.00017688644972654367,2.0827875258297784e-05,94082.88983086262,0.4949032276219293,0.703940506465067,-4.606248548493426e-15,-4.718447854656915e-15,1.4536982728685643e-15,0.09167863553025354,-0.005194805194805195,False,308020.9811862433
2019-03-11,-0.0002550910783606183,8.974142208470198e-06,0.00017727803484051798,8.678718572857047e-05,94058.89012504039,0.4947777335693301,0.5754663403258915,-1.8531995702949507e-15,-1.915134717478395e-15,4.2327252813834093e-16,0.0892840235052445,0.11038961038961038,False,300193.56646993844
2019-03-12,-0.00037001373995793383,-0.00017302415544980307,0.00017334028285090225,2.364930165722849e-05,94024.08704332892,0.48646768442068505,0.7186954683843011,6.9514714997556344e-15,6.661338147750939e-15,2.3245294578089215e-15,0.07500710509787588,0.06103896103896104,False,549320.0531154734
2019-03-13,-0.0002882275814462848,-8.221362230552336e-05,0.00017647852893318768,2.953543020757373e-05,93996.98670812273,0.493248409037546,0.6412405960602,2.4862686739086874e-15,2.3869795029440866e-15,6.002143226879753e-16,0.08976923111484635,0.07402597402597402,False,305701.97631189454
2019-03-14,-0.00037353163349282945,-0.00017155884227093639,0.00017562043795914522,2.6352353262747838e-05,93961.87586013424,0.49188293124384236,0.7015552943898574,-5.331427229181221e-16,-5.620504062164855e-16,2.7755575615628914e-16,0.09742547317563899,0.08441558441558442,False,455590.615238634
2019-03-15,-5.582457107078445e-05,0.00015005287292005643,0.00017704640449536728,2.8831039495473602e-05,93956.63047871734,0.49364605796231414,0.8567097834165152,1.626347281959292e-15,1.4988010832439613e-15,1.4398204850607499e-15,0.09677454269662836,0.2025974025974026,False,320874.66784042795
2019-03-18,-0.000145245481879738,0.0001335895236153785,0.00017321325137527237,0.00010562175411984411,93942.98370264766,0.48420835529353695,0.8206372289669356,-4.770329926348525e-15,-4.746203430272544e-15,8.951173136040325e-16,0.06738175505754274,-0.08961038961038961,False,428120.6181468347
2019-03-19,-0.0003782026626482895,-0.00017247737437228795,0.00017200047064722313,3.3724817628778374e-05,93907.45421607418,0.48020139187329924,0.44623100036435165,1.4554785726142784e-16,9.71445146547012e-17,2.636779683484747e-16,0.06478083115243692,-0.1064935064935065,False,328177.2725521159
2019-03-20,-0.0003343785464114623,-0.00013909201409777357,0.00017694827202474275,1.833826028894595e-05,93876.05357803621,0.4941815831342112,0.4991407275391591,1.0876492202894492e-15,1.0269562977782698e-15,2.1510571102112408e-16,0.09155853970201623,-0.03766233766233767,False,298472.25554440176
2019-03-21,-0.0002078767430121008,-1.3259319631654021e-05,0.00017410479074185127,2.0512632638595532e-05,93856.53892977157,0.48743139224840387,0.7054705537364032,1.207542888080507e-15,1.0824674490095276e-15,3.642919299551295e-16,0.07860195855686443,-0.04155844155844156,False,474593.2661974465
2019-03-22,-0.0006922514580510147,-0.0004847388181390563,0.0001785206993474488,2.899194056450967e-05,93791.56660384982,0.498668914859866,0.6719116641835807,-1.2412484201708521e-16,-1.8041124150158794e-16,2.0816681711721685e-16,0.09770152543700293,-0.1987012987012987,False,336683.9678706075
2019-03-25,-0.0002590195194772536,-3.1864148598522823e-06,0.00017299468026600096,8.28384243514004e-05,93767.27275733706,0.48412367786454596,0.586193704194759,-3.0837418477051653e-15,-3.0808688933348094e-15,6.38378239159465e-16,0.0755250057134022,0.05454545454545454,False,274210.48060023313
2019-03-26,-5.70342917969561e-06,0.00019225303507794899,0.0001738663120304626,2.4090152227182006e-05,93766.73796233752,0.4876160874880659,0.5134693678080898,-1.294113197250336e-14,-1.301736496372996e-14,3.028827189055505e-15,0.06408325740432977,-0.03766233766233767,False,273190.99887419766
2019-03-27,-0.00018732549275574873,8.507062704005789e-06,0.0001747310745909284,2.110148086882614e-05,93749.17306194462,0.49197328900036236,0.3518300901783655,4.893055176921284e-16,6.938893903907228e-16,1.061650767297806e-15,0.028590223377964574,-0.023376623376623374,False,436538.5451017614
2019-03-28,-0.00017807504202035774,1.1500503440116037e-05,0.0001751167746312259,1.4458770829247877e-05,93732.47867401224,0.49316302833856673,0.5725681397329784,8.278061738331492e-17,1.249000902703301e-16,2.7755575615628914e-17,0.08046016146111751,0.03636363636363636,False,423256.67429602734
2019-03-29,-4.889139564534134e-05,0.00010962224896758806,0.00013498344708965632,2.353019752327308e-05,93727.89596231257,0.3797347116039857,0.5389425836942064,1.9973025014834098e-16,5.412337245047638e-16,8.743006318923108e-16,0.09962480748423828,-0.02857142857142857,False,365490.109636193
2019-04-01,-0.0003825036335727133,-0.00014212719644882897,0.00017393146105199587,6.644497607188842e-05,93692.04470153985,0.48857457378329955,0.6722974657738505,-7.632053436061919e-16,-6.938893903907228e-16,1.6306400674181987e-16,0.08277001201977509,0.1922077922077922,False,349480.3728592305
2019-04-02,-6.17655062879052e-05,0.00013935448651513992,0.00017349132982603753,2.7628662977007586e-05,93686.25776496371,0.4884007856407367,0.40799774406188793,1.6926800805308148e-15,1.6618650899857812e-15,6.804452834519026e-16,0.08472351293019363,0.13896103896103898,False,289592.49594443274
2019-04-03,-0.00017970995085249552,9.31971767016467e-06,0.00017226263794477447,1.6767030577885737e-05,93669.42141218521,0.48565831462020287,0.3936155599250166,1.5712077368325325e-15,1.4363510381087963e-15,4.718447854656915e-16,0.053926862915981054,0.044155844155844164,False,351314.62028762244
2019-04-04,-0.0002697181946768332,-7.845909760420681e-05,0.0001750831151578997,1.617598191472665e-05,93644.1570649455,0.4913827500535991,0.5390141732664605,-1.1136301091769409e-15,-1.1379786002407855e-15,2.0946785972419946e-16,0.06628410207422644,-0.022077922077922082,False,251129.7522278534
2019-04-05,-0.00013881441481085484,6.02474513958894e-05,0.00017691059881223213,2.215126739451212e-05,93631.15790608207,0.49765994034002525,0.7817295831204238,1.989945281056679e-15,2.310651670001107e-15,9.992007221626409e-16,0.06288663032454031,0.011688311688311687,False,215035.2682000152
2019-04-08,-0.00031000758371402834,-3.856479383998864e-05,0.00017506517003727538,9.637761983676431e-05,93602.13153705925,0.49243974147749114,0.5450475099550026,-1.028146334332814e-14,-1.0498546476611637e-14,1.85268467234323e-15,0.07099561863716886,0.05714285714285714,False,316428.57255926635
2019-04-09,-5.563571676566839e-05,0.00014378064966056575,0.0001770171536883569,2.239921273787724e-05,93596.9239153804,0.49613974971653296,0.6760904251559066,-3.4051840437801034e-15,-3.25434124093249e-15,8.326672684688674e-16,0.07399736032452842,-0.08571428571428572,False,141662.19444342898
2019-04-10,-0.00044625064037059843,-0.00024373383650802452,0.00017473226584246803,2.7784538020105888e-05,93555.15622814643,0.49093352733924017,0.4353061790010479,9.863424796476128e-17,2.1510571102112408e-16,8.36136715420821e-16,0.0720596685904654,-0.13116883116883118,False,246955.95491979283
2019-04-11,-0.00014686368856902448,4.7364812547228716e-05,0.00017633920608881287,1.7889295027440318e-05,93541.41637281812,0.49534862858923145,0.6839442806863407,-2.7069211211787507e-16,-2.498001805406602e-16,1.6653345369377348e-16,0.08354354334037664,-0.0038961038961038965,False,337196.43046901555
2019-04-12,2.298115565013399e-05,0.00022807162059765662,0.00017698316574123464,2.8107299206287985e-05,93543.56606266751,0.4988490772586332,0.5585414558826202,-4.961511876183068e-17,-5.551115123125783e-17,1.71954464556201e-16,0.0833544976946098,-0.07272727272727272,False,352569.0279883451
2019-04-15,-0.0003983198116376153,-0.00015769261863299492,0.00017176591762183157,6.886127538278881e-05,93506.30580705352,0.4839927264107126,0.5822452972070209,-3.7750248123641307e-16,-3.885780586188048e-16,7.632783294297951e-17,0.05490000489451079,0.005194805194805195,False,305149.3456687723
2019-04-16,-0.0001492879484655927,4.990356755999767e-05,0.0001752636270992744,2.3927888926315938e-05,93492.34644249099,0.49427506794379217,0.6398967879400572,-1.7518247130117722e-15,-1.6861512186494565e-15,4.839878497975292e-16,0.0818504875328689,-0.03506493506493507,False,364511.14480762294
2019-04-17,-0.0005175361275737867,-0.0003188915977966972,0.0001723474015055802,2.629712827150926e-05,93443.96077555536,0.4858344425578366,0.5721585441508789,1.8636251846039496e-15,1.942890293094024e-15,7.91033905045424e-16,0.05398410659921098,-0.032467532467532464,False,255707.71321674253
2019-04-18,-0.0001849029580801697,1.0984823868322563e-05,0.00017237441712037403,2.3513364828118233e-05,93426.68271079323,0.48526394669916784,0.7414868479985665,5.100243229911069e-15,5.10702591327572e-15,2.220446049250313e-15,0.09901953107876518,0.11688311688311687,False,228482.56198389115
2019-04-22,-0.00016355330978592183,0.00013373059885521494,0.00017539565965507192,0.00012188824898606486,93411.40246761356,0.4935230286237027,0.5596524132251591,-1.2972842881728217e-15,-1.27675647831893e-15,3.0531133177191805e-16,0.06518070683972085,0.044155844155844164,False,241236.77294016938
2019-04-23,2.897519782897463e-05,0.00021214913166787803,0.00016017451959677353,2.2999414242129877e-05,93414.10908147955,0.4520241013466132,0.3694945297546262,-2.03014196071574e-15,-2.0122792321330962e-15,5.169475958410885e-16,0.09931962607760976,0.07792207792207792,False,437513.1142608476
2019-04-24,-0.00018434449225267755,4.053400239092197e-06,0.00017321318578952477,1.5184706702244996e-05,93396.88870497169,0.48645308903008017,0.32936155134238027,-1.7923090879700963e-15,-1.7763568394002505e-15,4.077684370717982e-16,0.028837374561199905,0.2675324675324675,False,116901.64435686718
2019-04-25,-0.00012124364797570568,6.727097409072799e-05,0.0001749792158468837,1.3535406219549948e-05,93385.56492547551,0.4915401484356908,0.6195918014748166,-7.634773379375336e-15,-7.716050021144838e-15,1.9914625504213745e-15,0.07770266347962344,-0.1064935064935065,False,190709.6187182248
2019-04-26,-0.00030764058815277505,-0.00010788941267832831,0.0001742884987015087,2.5462676772937992e-05,93356.83573535686,0.4904089411403196,0.8432170519967868,-2.8827386007901403e-15,-2.9559688030644793e-15,7.008282842946301e-16,0.08504218996901496,0.1909090909090909,False,287121.2594864202
2019-04-29,-0.00017402641588582136,0.00010147727331633109,0.00017154542251761676,0.00010395826668453568,93340.5891798354,0.48345843888601137,0.6890593329034047,9.776866750601168e-16,8.881784197001252e-16,2.8796409701215e-16,0.07746525991893619,-0.06623376623376624,False,231098.8265029847
2019-04-30,-0.00016216863438578224,3.968091545939105e-05,0.00017353204301352656,2.8317506831646723e-05,93325.45226395535,0.4874014121290164,0.5710427185488245,-3.9031098510401e-15,-3.941291737419306e-15,1.7763568394002505e-15,0.05780543942824573,0.007792207792207793,False,169552.2536033128
2019-05-01,-0.00020633717965507468,-1.0792161913805603e-05,0.00017207750875981038,2.34675089814587e-05,93306.19575334516,0.4844800016362755,0.49079321844670254,-1.1482284126683447e-14,-1.149080830487037e-14,2.2343238370581275e-15,0.06612012647743352,-0.08831168831168833,False,213919.9397437485
2019-05-02,-0.00020010165485375824,-6.490976168060755e-06,0.00017344109436596953,2.0169584319727972e-05,93287.52502916682,0.4882634473372412,0.5043200879238711,-1.227041420143705e-15,-1.214306433183765e-15,1.8735013540549517e-16,0.045500981157678755,0.15974025974025974,False,248217.4707972711
2019-05-03,-0.00014295088916838742,5.431268053893496e-05,0.00017653808664195775,2.072548306536461e-05,93274.18949451558,0.4961487419289577,0.43102630686126014,-2.5925256295475507e-15,-2.4424906541753444e-15,4.579669976578771e-16,0.07370536305518541,0.04805194805194805,False,166873.8791929819
2019-05-06,-0.0001416840222422193,8.472579728044032e-05,0.00017326958990962723,5.314022961303239e-05,93260.97403217661,0.48640621912977944,0.3337715204099083,3.0997841643846614e-15,2.8796409701214998e-15,1.124100812432971e-15,0.06692802160600772,0.005194805194805195,False,152978.06887237032
2019-05-07,-5.238958714939819e-05,0.00013527325468165862,0.0001739462040059922,1.3716637825064599e-05,93256.08812824992,0.4893800268094004,0.6621790822508233,6.11060902897936e-16,8.604228440844963e-16,1.9012569296705806e-15,0.06574405948335818,0.31469467439923116,False,235420.18260636626
2019-05-08,-7.36173132003418e-05,0.00013150459013516088,0.00017790906433889353,2.7212838996609156e-05,93249.22286560234,0.49886588408784976,0.6202377038873746,2.196001107929867e-15,2.1094237467877974e-15,7.077671781985373e-16,0.0640644958873724,-0.15064935064935067,False,219121.49252218922
2019-05-09,-0.00027218339049732003,-6.941751555852059e-05,0.00017727665423109923,2.5489220707700237e-05,93223.84197596154,0.49932194762464466,0.46473681549103857,7.662318425519557e-16,8.049116928532385e-16,1.700029006457271e-16,0.045005204319255525,-0.06493506493506493,False,288199.22266127495
2019-05-10,-8.297470415797385e-05,0.00011224447286653887,0.000176120403785155,1.9098773239357715e-05,93216.10675525312,0.4959671702547026,0.5154100293588677,1.2927972519075812e-15,1.2836953722228372e-15,4.0939474033052647e-16,0.0703557568913383,0.04285714285714286,False,246227.3822287171
2019-05-13,-0.00023952772163428907,-3.0771697968970774e-06,0.00017290684958766876,6.354370224972324e-05,93193.77891358241,0.485949361540676,0.7639895573377646,-1.938193339013722e-15,-1.5543122344752192e-15,1.394717674685353e-15,0.056503539193986194,0.03896103896103896,False,213864.08124971998
2019-05-14,-0.00016523795672744227,4.019630311962786e-05,0.00017403742872360028,3.1396831123469854e-05,93178.37976397503,0.4885136536463892,0.772520394933287,-3.743856713211926e-15,-3.941291737419306e-15,1.3981871216373065e-15,0.08901828467775576,-0.06883116883116883,False,222035.3129475402
2019-05-15,-0.0001488810573982608,6.041449726673087e-05,0.00017754814117458244,3.174741349040921e-05,93164.50726826911,0.4992405352765907,0.689901637499812,-1.3716854199398762e-14,-1.3461454173580023e-14,4.711508960753008e-15,0.08635786216387635,-0.08441558441558442,False,282350.5146055108
2019-05-16,-0.0006206048650138689,-0.00041536909466682837,0.0001768836482580066,2.8352122089033933e-05,93106.6889218118,0.49640725665338353,0.4750550093300285,1.638983036049011e-16,1.1102230246251565e-16,6.245004513516506e-17,0.0716465349855528,0.08961038961038961,False,162357.02156775046
2019-05-17,-0.00018977163542802005,4.493144441353808e-06,0.00017474197126676996,1.9522808602603905e-05,93089.01991318582,0.49285945368696776,0.685582837554623,-2.511726195867031e-15,-2.5049406993105094e-15,1.8457457784393227e-15,0.05683830990422105,-0.08571428571428572,False,433214.63340576383
2019-05-20,-0.00010156262161837665,0.000158712985320946,0.00017575169545998526,8.452391147933738e-05,93079.56554827956,0.4952124256549649,0.6755190005908647,-2.074049565281646e-14,-2.0899948438568572e-14,5.245803791353865e-15,0.07992890128930831,0.04935064935064935,False,227163.0836914191
2019-05-21,-0.00018794598806193285,1.2137620326840717e-05,0.00017232255356997006,2.776105481880351e-05,93062.07161736421,0.48456948465597716,0.5098980834054243,-1.0153808256963659e-14,-9.880984919163893e-15,1.8492152253912764e-15,0.07641814542093722,-0.1064935064935065,False,262214.64123313816
2019-05-22,-0.00018226400810207765,1.3005517469224419e-05,0.00017431480981491433,2.095471575638772e-05,93045.10975118895,0.49099367558205703,0.4486344026686902,1.7339681714891266e-15,1.6653345369377348e-15,4.761815941556335e-16,0.05480649674847177,-0.1012987012987013,False,313935.9623262841
2019-05-23,-0.00037117441692384505,-0.0001768333995011951,0.00017590398717599152,1.843703024665843e-05,93010.57378682944,0.493426930306815,0.677997896565833,-1.360862111726256e-14,-1.3572476476042539e-14,3.191891195797325e-15,0.054977250322081984,0.04155844155844156,False,222576.24358991598
2019-05-24,-0.00042618530841132316,-0.00022044461647420153,0.00017787776468099098,2.7862927256130682e-05,92970.93404675458,0.49969699061151696,0.610862326552748,-8.544175989696771e-15,-8.604228440844963e-15,1.3374717999781183e-15,0.07904676256317655,0.14545454545454545,False,385714.0474751106
2019-05-28,-0.00021547335048577516,5.86046811209145e-05,0.00017366230669390776,0.00010041572491278188,92950.90128809774,0.4879691024376489,0.799591598764428,-2.675367352327711e-15,-2.5118795932144167e-15,6.38378239159465e-16,0.07509619948228421,-0.01948051948051948,False,332136.6885262834
2019-05-29,-0.00032745815900192305,-0.00011689806150827291,0.00017770016877730364,3.285992871634647e-05,92920.46375708436,0.4989033716535463,0.3823386768875693,3.265211255979947e-15,3.2127078775090467e-15,8.951173136040325e-16,0.09645146051866393,-0.015584415584415586,False,187916.60605107402
2019-05-30,-0.00032765583663843094,-0.00013702974437308692,0.0001749135439001016,1.5712548365242437e-05,92890.01782479121,0.49086243096285803,0.7500559260888687,-5.1917017758317694e-15,-5.023759186428833e-15,7.389922007661198e-16,0.09956266124531593,-0.07402597402597402,False,307129.62215462915
2019-05-31,-0.00024153247467116528,-3.663318977892596e-05,0.00017407506875160067,3.082421614063865e-05,92867.58186891374,0.4883281395002216,0.6121936709687646,-6.472497470762668e-15,-6.300515664747763e-15,1.7381929229287607e-15,0.09960631843194073,-0.14675324675324675,False,393629.3368134863
2019-06-03,-0.0003905981939381103,-0.00014007258412246877,0.00017504967777839576,7.547593203724574e-05,92831.30795916033,0.4919131673239754,0.6164247071503172,8.448128239072149e-15,8.180955912706622e-15,1.3012594474171024e-15,0.09679788571311446,0.03636363636363636,False,196372.01509889276
2019-06-04,-6.901633859834154e-05,7.56323748296055e-05,0.0001193161912162905,2.5332522211656527e-05,92824.90108217769,0.33489560361830434,0.577672969929611,-3.273629609290699e-16,-3.5388358909926865e-16,9.020562075079397e-17,0.09992689828140008,-0.04805194805194805,False,279176.7004170723
2019-06-05,-0.000357008306378662,-0.0001250319788075995,0.00020823634250546197,2.3739985065600474e-05,92791.76182145257,0.5850992745759935,0.0,0.0,0.0,0.0,0.0,0.14545454545454545,True,250684.23492404423
2019-06-06,-0.00017189766846232386,0.0,0.00017189766846232386,0.0,92775.81113394295,0.48346574714726814,0.483548868070277,-1.184100870612543e-15,-1.0269562977782698e-15,6.388119200284592e-16,0.05600962792445167,-0.07792207792207792,False,320384.9513664116
2019-06-07,-0.00024149717194640218,-4.552675763722714e-05,0.00017609854301861566,1.987187129055938e-05,92753.40603792906,0.49467985930409997,0.549172802635823,-3.781490702012913e-14,-3.6318170693050433e-14,7.158336423618294e-15,0.0978004678942074,-0.007792207792207793,False,261051.56295240534
2019-06-10,-0.000287514259624015,-4.072445714464205e-05,0.00017908356653796543,6.77062359414075e-05,92726.73811106446,0.49827014488893867,0.5929735818025209,3.748135612253204e-15,3.6637359812630166e-15,1.5751289161869408e-15,0.09993998840685851,0.08571428571428572,False,125400.89627677093
2019-06-11,4.290201597756914e-05,0.00027969193421451607,0.0002124211409025969,2.4368777334350027e-05,92730.71627506445,0.5932706704011157,0.0,0.0,0.0,0.0,0.0,-0.015584415584415586,True,151749.30133674337
2019-06-12,-0.00017696828066644953,0.0,0.00017696828066644953,0.0,92714.30587964028,0.49650344923379647,0.4965913301476865,-1.767369008466304e-15,-1.887379141862766e-15,6.279698983036042e-16,0.0780138059691106,-0.12467532467532469,False,195351.21770027353
2019-06-13,-0.0003214820186072431,-0.0001286963038707136,0.00017237785185374779,2.040786288278171e-05,92684.49989743232,0.48446265208038225,0.5365363009933047,-9.280984418768163e-15,-9.256484467812243e-15,2.796374243274613e-15,0.05636192326757111,-0.02857142857142857,False,340114.9427249203
2019-06-14,-3.587459037763289e-05,0.00012782472359853077,0.00014164987694904117,2.204943702712249e-05,92681.17487896414,0.39830758522189824,0.6375995174061542,1.7106445442239477e-14,1.6438239658356224e-14,3.83026943495679e-15,0.09907407054205596,0.04675324675324675,False,289852.2464987922
2019-06-17,-7.939025762127084e-05,0.00017084805404601127,0.00017163015198707343,7.860815968020868e-05,92673.81689661386,0.4830134831124579,0.4323679605357686,-1.1469576918170497e-14,-1.1757955720170798e-14,2.588207426157396e-15,0.048080369036329625,0.07532467532467534,False,444738.34468828206
2019-06-18,-0.0002176411037026553,-2.257083479663498e-05,0.0001773017225826321,1.776854632338822e-05,92653.64726482015,0.49830600329487035,0.5313002709333952,3.2331372108155382e-15,3.0773994463828558e-15,2.2273849431542203e-15,0.08750905991756841,0.04805194805194805,False,356585.1820952268
2019-06-19,-0.00014745800207056908,4.89202390334487e-05,0.00017454398339442634,2.183425770959145e-05,92639.98474310992,0.4875372358871981,0.6612493448182796,-2.478769844922265e-16,-3.469446951953614e-16,5.624840870854797e-16,0.08179410548976801,0.02077922077922078,False,187234.89710201262
2019-06-20,-0.00028324880169024945,-7.937022707127248e-05,0.00017670394401000654,2.71746306089704e-05,92613.74457844283,0.49483911268139497,0.5624027595202138,3.1950410840268617e-15,3.3202607330196088e-15,6.908536243077634e-16,0.06532539899571822,-0.03636363636363636,False,236304.06370694033
2019-06-21,-0.00023433479215667126,-3.333713657197215e-05,0.00017788521341263565,2.311244217206345e-05,92592.04195585618,0.4970209790498096,0.7670538166281045,-1.688522023003017e-14,-1.702804564018834e-14,7.181755190543981e-15,0.09514258934719794,-0.07792207792207792,False,198977.17490151053
2019-06-24,-0.00044531428721693766,-0.00017334627074998756,0.00017739973770457902,9.456827876237112e-05,92550.80939669065,0.49679342717649216,0.536172076493306,-2.2288939749902953e-15,-2.671474153004283e-15,1.2888995426507677e-15,0.07948195101550631,-0.08831168831168833,False,187070.8168670621
2019-06-25,-0.0002729238466271686,-7.921189745266036e-05,0.000171677480277523,2.2034468896985268e-05,92525.55007378165,0.4828729546625411,0.5701739483588182,3.015889267811561e-15,2.942091015256665e-15,1.6289053439422219e-15,0.08161786773069088,-0.044155844155844164,False,287274.6666566967
2019-06-26,-0.0002057598847469594,-8.201243667143263e-06,0.00017412683498287853,2.343180609693761e-05,92506.51202726232,0.48874570370983134,0.515915226797463,8.770761894538737e-15,8.659739592076221e-15,1.27675647831893e-15,0.05882506104839092,-0.047995482778091486,False,302214.63855681405
2019-06-27,0.0001683144045672247,0.0003672082293597024,0.0001776918291706645,2.1201995621813186e-05,92522.08220575277,0.49789437680347326,0.7225228018675843,2.789435349370706e-15,2.1649348980190553e-15,2.671474153004283e-15,0.09023182775201208,0.023150762281197064,False,262081.7127510979
2019-06-28,-4.010978830730014e-05,0.0001612669515495287,0.00017168402197185973,2.9692717884969108e-05,92518.37116462176,0.4813169024042963,0.4814179897475914,2.0469737016526324e-15,2.1371793224034263e-15,9.506284648352903e-16,0.040642223131008806,0.007340485601355168,False,264138.3001054415
2019-07-01,-0.00026353414900512627,-3.1131401791194605e-05,0.00017304984436833845,5.935290284559322e-05,92493.98941440955,0.48456249639141824,0.486482678311959,-1.5543122344752192e-15,-1.8318679906315083e-15,6.453171330633722e-16,0.06394336261014386,0.06493506493506496,False,204172.34916004297
2019-07-02,-1.040174092198925e-05,0.0001827746312418578,0.00017318393332910894,1.9992438834738104e-05,92493.02731589481,0.4856105663290564,0.4652916913866781,4.2327252813834093e-16,1.3877787807814457e-16,2.7755575615628914e-16,0.05963050307818144,-0.017504234895539244,False,251547.52371298737
2019-07-03,-8.814069485059829e-05,0.0001071044536666624,0.00017612357215890408,1.9121576358356612e-05,92484.87491619834,0.4944587098724756,0.49738372782571316,-5.311723283440983e-15,-5.190292640122607e-15,8.925152283900673e-16,0.05257047609085968,0.018633540372670808,False,236623.10165587466
2019-07-05,-0.0002472850214058607,-3.258140330050457e-05,0.0001738227637635162,4.088085434183987e-05,92462.00479192498,0.4889763032551552,0.49851204559677925,-7.605027718682322e-15,-7.750744490664374e-15,1.6241348543832856e-15,0.0496831607411227,-0.09768492377188029,False,482862.414531546
2019-07-08,-0.0002588753850345952,-2.4341910879743583e-05,0.0001730730849716861,6.146038918316551e-05,92438.0686548334,0.4853700613207716,0.49633340701811995,2.3592239273284576e-16,4.163336342344337e-16,8.049116928532385e-16,0.07060470508605877,0.03557312252964427,False,286330.83785164874
2019-07-09,-9.8898159643738e-05,9.947094389999142e-05,0.0001779718402416149,2.0397263302114508e-05,92428.92669996242,0.49693607462258294,0.7416384241298042,2.0816681711721685e-16,3.0531133177191805e-16,2.3739690768742605e-15,0.08412812983878742,0.0005646527385657821,False,137784.6003718757
2019-07-10,-0.0003713074366002711,-0.00016522467808063846,0.00017560446711703794,3.0478291402594683e-05,92394.60715212174,0.49164929298168564,0.5069968806530696,2.0816681711721685e-17,8.326672684688674e-17,9.71445146547012e-17,0.08887291217919088,-0.019762845849802372,False,238305.63516398382
2019-07-11,3.493420497711505e-05,0.00022894539836107873,0.00017317570513794713,2.083548824601655e-05,92397.83488426676,0.48624210037244064,0.7542642840728273,-7.771561172376096e-15,-7.771561172376096e-15,1.6653345369377348e-15,0.06749860116858847,-0.007340485601355168,False,317803.8303360541
2019-07-12,-0.0001873604164329334,1.956161516401822e-05,0.000175924869237794,3.099716235915761e-05,92380.52318744535,0.49129649302670186,0.5317232046567791,5.113964807179627e-15,5.4262150328554526e-15,1.2264494975156026e-15,0.04943231215194327,-0.07396950875211745,False,226419.2022507043
2019-07-15,-0.00027755725133283773,-3.713584282204054e-05,0.0001748664928681812,6.555491564261597e-05,92354.88230335274,0.49071391045082235,0.48618273475844875,-8.673617379884035e-16,-8.951173136040325e-16,1.717376241217039e-16,0.04890083562361988,-0.025409373235460195,False,375615.9331487833
2019-07-16,-0.0001228283725817579,7.310177739981481e-05,0.00017595003759423919,1.9980112387333542e-05,92343.53850345945,0.49363074399675383,0.4702102156819678,7.424616477180734e-16,8.326672684688674e-16,4.163336342344337e-16,0.05339002817063731,0.014116318464144554,False,323586.5678664033
2019-07-17,-0.00021682733717185408,-1.935058545679254e-05,0.00017815304422128206,1.9323707493779468e-05,92323.51589990071,0.49816320621701515,0.34994489721476346,1.1032841307212493e-15,1.1449174941446927e-15,5.898059818321144e-16,0.04628665796913442,-0.09881422924901187,False,206442.01024822574
2019-07-18,-0.0002660746290523964,-7.526894594304315e-05,0.00017642438596354116,1.4381297145812152e-05,92298.95095465484,0.49351953918072256,0.6318907637410294,3.3341385208274232e-15,3.164135620181696e-15,1.4155343563970746e-15,0.08059795156439847,0.07396950875211745,False,191836.58879777993
2019-07-19,-3.304038921497153e-05,0.0001672335020888056,0.0001743057777253788,2.596811357839833e-05,92295.90136139117,0.4881689009836956,0.7044743246012329,2.2690183065776637e-15,2.192690473634684e-15,4.2327252813834093e-16,0.06706495067253893,0.059288537549407126,False,163866.54196009738
2019-07-22,-8.168531414573394e-05,0.00018180696420446027,0.0001766392794267548,8.685299892343941e-05,92288.36214169409,0.49500273164848885,0.8139717950768839,-7.632783294297951e-17,-8.326672684688674e-17,4.787836793695988e-16,0.089117113658905,0.015245623941276118,False,269012.39944766846
2019-07-23,-0.00015391139174067954,5.7203413876920855e-05,0.00017766390992950926,3.3450895688091126e-05,92274.1579114354,0.4982080956074462,0.8203254911723099,3.899658373995862e-15,3.840677775812651e-15,1.0408340855860843e-15,0.09364587882352052,-0.011857707509881424,False,292227.1438055047
2019-07-24,-0.0003175945475005117,-0.00011487823582399527,0.0001690043051899833,3.371200648653312e-05,92244.85214200753,0.4747171388814808,0.5155178739796916,1.474514954580286e-16,1.457167719820518e-16,6.245004513516506e-17,0.050928872086657834,-0.05477131564088086,False,335119.01393901964
2019-07-25,-0.00026259849690038136,-6.440167211113187e-05,0.0001770111587352896,2.1185666053959925e-05,92220.62878248825,0.49381628664948435,0.5779659151853549,1.2490009027033011e-15,1.2351231148954867e-15,4.3021142204224816e-16,0.057026740440995594,-0.1101072840203275,False,192555.0356503734
2019-07-26,-0.00021571509486546523,-1.7243534131903973e-05,0.0001747195368218344,2.3752023911726862e-05,92200.73540080187,0.4895909733474631,0.5630645398896199,-3.635980405647388e-15,-3.566591466608315e-15,8.708311849403572e-16,0.052988862975989134,-0.03557312252964427,False,170679.15207872345
2019-07-29,-0.00016131670888839145,8.610361027648584e-05,0.0001780014032880744,6.941891587680288e-05,92185.86188160992,0.49991088607132733,0.45238774815616745,-8.187894806610529e-16,-8.326672684688674e-16,2.636779683484747e-16,0.0761741479600104,0.03557312252964427,False,347668.21984148107
2019-07-30,-7.104599838666365e-05,0.0001224022015287959,0.00017485692259397318,1.8591277321486364e-05,92179.3124450154,0.48685625590033993,0.3645861713424964,-5.277028813921447e-15,-5.294376048681215e-15,1.2906342661267445e-15,0.02973162104837923,0.06832298136645965,False,177800.76770094066
2019-07-31,-0.00012154856715084112,6.851635390763286e-05,0.00017508192771563145,1.4982993342842535e-05,92168.10818166676,0.49287745568466235,0.6374924944296314,4.614364446098307e-16,5.689893001203927e-16,7.337880303381894e-16,0.06486465417423179,0.007340485601355168,False,372699.6779707658
2019-08-01,-0.0002607979969954026,-5.8134205006409414e-05,0.00017646547030010425,2.619832168888894e-05,92144.07092366612,0.4940265868712878,0.6756888457060811,7.452372052796363e-15,7.771561172376096e-15,2.2820287326474897e-15,0.08023390583297704,0.06832298136645965,False,245683.42426377942
2019-08-02,-1.3254557834201905e-05,0.00019177230014122523,0.00017725882322038302,2.776803475504412e-05,92142.84959474899,0.49556995671211973,0.8475921990022613,-7.632783294297951e-17,-6.938893903907228e-17,2.0816681711721685e-17,0.07382272312346738,-0.06606437041219651,False,175018.40104761854
2019-08-05,-0.00023783049580086262,4.2755837172417334e-05,0.00017608866460313815,0.00010449766837014181,92120.93521514536,0.4931705926407178,0.6702482132986329,-4.371503159461554e-15,-4.3021142204224816e-15,1.6696713456276768e-15,0.06151802697805685,-0.13833992094861663,False,233228.32074710113
2019-08-06,-0.00042369046815635125,-0.00021996074165703445,0.00017618527937745504,2.7544447121861802e-05,92081.90445297706,0.49268742156934237,0.6374438984408437,-5.065392549852277e-16,-3.469446951953614e-16,3.191891195797325e-16,0.07630342155640733,-0.06041784302653869,False,188008.13046447004
2019-08-07,-0.0003392682564504221,-0.0001386804595909093,0.00017439147226605342,2.6196324593459348e-05,92050.66398580266,0.4887617086292079,0.6677740411732404,-1.1136924715771102e-15,-1.1379786002407855e-15,3.0878077872387166e-16,0.07846789808634548,-0.04347826086956522,False,189033.77900757198
2019-08-08,-0.00012163330551369429,7.971193653067473e-05,0.00017390247322903032,2.7442768815338696e-05,92039.46755926733,0.48693393266972057,0.510620359636688,1.6653345369377348e-16,1.457167719820518e-16,1.3183898417423734e-16,0.05937638929065521,-0.028797289666854884,False,241718.09723557907
2019-08-09,-0.0002676625193019635,-6.929830682328355e-05,0.00017737981413744623,2.0984398341233745e-05,92014.8320435052,0.4956714851638818,0.4802280355755366,8.257283745649602e-16,8.187894806610529e-16,1.457167719820518e-16,0.04400774677580387,-0.033314511575381144,False,152127.07881960602
2019-08-12,-0.00029983318781843404,-6.435082309518106e-05,0.00017627616855640611,5.920619616684687e-05,91987.24294308701,0.49514283458486863,0.6165607131087062,-2.248201624865942e-15,-1.9290125052862095e-15,9.783840404509192e-16,0.05554975756110623,0.02089215132693394,False,282595.6788419733
2019-08-13,-0.00015879758163680457,4.0877148169487566e-05,0.000174336618308674,2.5338111497618152e-05,91972.63559136621,0.4890289370051647,0.5767865062626307,-2.914335439641036e-15,-2.858824288409778e-15,1.609823385706477e-15,0.07578192382748172,-0.040090344438170535,False,277904.76582991437
2019-08-14,3.8061118912505046e-05,0.0002369396023125434,0.0001751749283481493,2.370355505188905e-05,91976.13617278615,0.4887578675160816,0.6384724563646849,-7.965850201685498e-15,-7.93809462606987e-15,1.8110513089197866e-15,0.07226188000687973,-0.08865047995482779,False,252502.20498799553
2019-08-15,-0.0002245437921476174,-2.4844955869121344e-05,0.0001734602421813169,2.6238594097179148e-05,91955.48350238282,0.48437535421515776,0.45983496301078686,4.3021142204224816e-16,3.191891195797325e-16,6.38378239159465e-16,0.04528640489431672,-0.17786561264822137,False,348261.79068238236
2019-08-16,-0.0003378669273654237,-0.00014296757852310705,0.000176002021595298,1.889732724701862e-05,91924.41478571747,0.49158501753848777,0.44558051520637465,-2.9698465908722937e-15,-2.914335439641036e-15,5.204170427930421e-16,0.04432421411481209,-0.0852625635234331,False,253247.35591854196
2019-08-19,-0.0003166278870989557,-8.694781324060925e-05,0.00017474548979180674,5.493458406653971e-05,91895.30895249106,0.488488891094146,0.47241024653322444,7.91033905045424e-16,7.355227538141662e-16,5.830839283627043e-16,0.051724869125471404,0.09542631281761718,False,263535.9084475168
2019-08-20,-0.00010602000584341448,8.870500177665625e-05,0.00017531088789952729,1.9414119720543437e-05,91885.56621129894,0.4914862639054191,0.39169653563541845,5.814793091474257e-15,5.797445856714489e-15,1.3869114190434573e-15,0.06052754108529683,-0.07058159232072277,False,357837.66640326346
2019-08-21,-0.00026186203750944175,-7.090009221303798e-05,0.00017486482739357862,1.6097117902825176e-05,91861.50486971314,0.4888957583562053,0.3892474216569781,1.4242079737769586e-15,1.3461454173580023e-15,3.5908775952719907e-16,0.04376604528311719,0.03444381705251271,False,235700.29953761632
2019-08-22,-0.00011420881035509257,7.950330043600214e-05,0.0001777156414079313,1.599646938316342e-05,91851.01347652455,0.4955920545814179,0.44929808906442226,-3.219646771412954e-15,-3.2612801348363973e-15,7.28583859910259e-16,0.07410818125624823,0.014116318464144554,False,135079.24555159465
2019-08-23,-0.00027627164965654365,-8.366657257184175e-05,0.000174140772054657,1.846430503004488e-05,91825.63764550876,0.4858888709856539,0.5523166450263433,-1.5543122344752192e-15,-1.5126788710517758e-15,2.914335439641036e-16,0.0570204091502454,-0.033314511575381144,False,201159.7138930815
2019-08-26,-0.0002634450123641416,-2.077586917119726e-05,0.0001745753102444909,6.809383294845347e-05,91801.44663926389,0.48904790258278624,0.6636803674205867,1.9255430583342559e-16,1.3877787807814457e-16,2.220446049250313e-16,0.06838444742509847,-0.0028232636928289105,False,345605.8473950592
2019-08-27,-0.0003615892296337088,-0.00015993666010533423,0.00017437803388095318,2.7274535647421366e-05,91768.25222489434,0.48649887560255667,0.49443080966348957,2.5326962749261384e-15,2.456368441983159e-15,6.032500887709347e-16,0.05424791400267036,-0.06267645398080182,False,174323.85123930208
2019-08-28,-0.00024480120780654585,-4.763431598505794e-05,0.00017684781745175553,2.0319074369732343e-05,91745.78724591139,0.49331987362755064,0.6566877555274669,4.649058915617843e-16,3.885780586188048e-16,4.562322741819003e-16,0.06614070155851905,-0.007340485601355168,False,157363.68879647553
2019-08-29,-0.00024078126451443837,-3.8443498237586914e-05,0.00017535059824147614,2.6987168035375332e-05,91723.69657924444,0.4908895941792615,0.5092222436004789,-4.40619762898109e-16,-3.885780586188048e-16,1.734723475976807e-16,0.08241713457873698,-0.040090344438170535,False,277376.343238914
2019-08-30,-0.00013950955604475522,5.6472991310261347e-05,0.00017505560583718865,2.0926941517827917e-05,91710.90024705588,0.4899343402898999,0.6269790782709562,3.937822290467352e-15,4.107825191113079e-15,7.528699885739343e-16,0.07267221496900082,0.04686617730095992,False,190702.98158696297
2019-09-03,-0.0003662129141421554,-8.727717076642094e-05,0.00017587068941338617,0.00010306505396234832,91677.3145310178,0.49045666839681057,0.5832200802909531,5.793976409762536e-16,6.036837696399289e-16,1.8735013540549517e-16,0.07186872659852575,0.019762845849802372,False,189738.90616501225
2019-09-04,-9.205969820197466e-05,0.00010842661090397054,0.00017651836060083757,2.396794850510763e-05,91668.8747451101,0.49416625065809133,0.5423190990315142,-5.88418203051333e-15,-5.814793091474257e-15,1.3808398868775384e-15,0.056832069397074116,-0.008469791078486732,False,213556.9209648839
2019-09-05,-0.00045888108445879723,-0.00025912185716306065,0.00017747214103416728,2.228708626156932e-05,91626.80963245594,0.49031092600856263,0.7150195292126325,-1.3877787807814457e-15,-1.2490009027033011e-15,8.465450562766819e-16,0.09084687237098027,-0.023150762281197064,False,115656.96853131194
2019-09-06,3.0315355751634325e-05,0.00019396045495983922,0.00013426073499398706,2.938436421421783e-05,91629.58733178634,0.37336940199481333,0.796233362619918,-5.273559366969494e-16,-5.689893001203927e-16,3.0704605524789486e-16,0.0870439909718217,-0.1236589497459063,False,93261.32190750593
2019-09-09,-0.0005492244422778532,-0.00027535983323734834,0.00017569885200517242,9.816575703533239e-05,91579.26212278788,0.49067533304896194,0.6009747632322548,-5.412337245047638e-16,-5.412337245047638e-16,3.209238430557093e-16,0.08319474443900185,-0.005081874647092039,False,195461.89578797802
2019-09-10,-0.0003900834968418215,-0.00018612430736862659,0.00017926159646365015,2.469759300954474e-05,91543.53856398084,0.4986143740949692,0.8755182786474328,-4.704570066849101e-15,-4.9960036108132044e-15,2.994132719535969e-15,0.09556081846808942,-0.18012422360248448,False,157545.35647035285
2019-09-11,-0.0007213250887939166,-0.0005092944826434968,0.0001760504029183334,3.5980203232086465e-05,91477.50591289766,0.4938512165678667,0.8955075404497583,4.066191827689636e-15,4.121702978920894e-15,2.130240428499519e-15,0.09497926937990181,0.09881422924901187,False,277522.86408473435
2019-09-12,-0.00013214763428575813,8.065208114698552e-05,0.0001759980356882332,3.680167974451045e-05,91465.4173769009,0.48979290833202327,0.7925764066323616,6.467049118441537e-15,6.106226635438361e-15,1.779826286352204e-15,0.0987761852317903,-0.05477131564088086,False,159091.97718196048
2019-09-13,-0.0002488479375965718,-7.032545004296716e-05,0.00014595085440432975,3.257163314927487e-05,91442.65639642526,0.40761249619346307,0.6947690112508625,2.0816681711721685e-15,2.0816681711721685e-15,4.85722573273506e-16,0.09961159476331968,-0.13833992094861663,False,130892.85471557762
2019-09-16,5.537509518347348e-05,0.0003176814405344547,0.00017664989190909435,8.56564534418869e-05,91447.72004222704,0.49405882435082304,0.7057834462007073,-1.1102230246251565e-15,-1.1379786002407855e-15,3.421742056364252e-16,0.07454063778356837,-0.006211180124223602,False,185470.54100168095
2019-09-17,-9.476918578653682e-05,0.00010930158388179362,0.00017506597050939723,2.9004799158933218e-05,91439.0536162566,0.4905205446380485,0.5974675881618049,-8.465450562766819e-16,-1.0130785099704553e-15,3.5214886562329184e-16,0.06950338541067641,0.006211180124223602,False,360600.8408139072
2019-09-18,-5.338823664711916e-05,0.00014450302946519004,0.0001733378035851117,2.4553462527197495e-05,91434.17184642334,0.4849241725073302,0.5678501114074732,-2.8380076066980564e-15,-2.6506574712925612e-15,1.2490009027033011e-15,0.055321882473959715,0.0378317334839074,False,221159.99676954854
2019-09-19,-8.071584484603943e-06,0.0001928588049437127,0.0001775940834800642,2.3336305948252445e-05,91433.4338277805,0.49428677205730515,0.760458954889284,1.949829186997931e-15,2.1371793224034263e-15,1.1449174941446927e-15,0.08489939188357899,0.09090909090909091,False,194971.72036961158
2019-09-20,0.00023819076084671722,0.0004437120124257557,0.00017426951370687623,3.125173787216227e-05,91455.21242695076,0.4887258103442489,0.49687599682313544,-5.023759186428833e-15,-4.912736883966318e-15,1.3535179921309037e-15,0.06984765862292715,0.02089215132693394,False,320252.5952903043
2019-09-23,-0.00018007442133902965,5.5147790351069874e-05,0.0001739635271502603,6.125868453983923e-05,91438.74368249453,0.4873352077262437,0.46384522797287203,-1.3773704399255848e-15,-1.3739009929736312e-15,6.973588373426765e-16,0.054990596881789866,-0.0694522868435912,False,218369.14398957975
2019-09-24,-0.0004137121279833307,-0.00022340813601547194,0.0001712418593114393,1.906213265641945e-05,91400.91436526552,0.4796557046036765,0.5132506403626118,3.4937330806172895e-15,3.472916398905568e-15,7.979727989493313e-16,0.0757149838455274,-0.08865047995482779,False,178592.3264886165
2019-09-25,-0.00046641574245406803,-0.00026883882714708653,0.00017648442323728525,2.1092492069696236e-05,91358.28353993085,0.49307653057633904,0.6772109320177033,3.309852392163748e-15,3.3306690738754696e-15,5.134781488891349e-16,0.08365314446693074,-0.05590062111801244,False,170195.74550940952
2019-09-26,-0.00031347908925435323,-0.00011252600723066328,0.0001731224957763872,2.7830586247302737e-05,91329.64462841091,0.4838136052118639,0.6095223152656529,-3.3410774147313305e-15,-3.247402347028583e-15,1.061650767297806e-15,0.06734338769412156,-0.03444381705251271,False,170171.17580695517
2019-09-27,-0.00032913674189233224,-0.00012548060276716623,0.00017860727685397462,2.5048862271191353e-05,91299.58468673973,0.49959339308150225,0.6115513514288784,-9.624245844719326e-15,-9.631184738623233e-15,1.915134717478395e-15,0.07998457782517795,-0.047995482778091486,False,295081.11514463037
2019-09-30,-0.0003085516790077094,-5.8097536294164116e-05,0.00017505740075655907,7.53967419569862e-05,91271.41404659193,0.4878402507119371,0.6982802741620687,1.2212453270876722e-15,1.1102230246251565e-15,2.42861286636753e-16,0.09415530558426995,-0.04347826086956522,False,204158.44971664538
2019-10-01,-0.0004397627373875151,-0.00023255602985538797,0.00017851025790902844,2.8696449623098662e-05,91231.27627970558,0.4972410003150766,0.624187830760807,-5.887651477465283e-15,-5.648259637780484e-15,1.339206523454095e-15,0.09790520800316918,0.1326933935629588,False,154954.81303908693
2019-10-02,-1.0346634442233669e-05,0.00019061134841953518,0.00017530642817296832,2.5651554688800526e-05,91230.33234304021,0.48863159656059546,0.7651250738403033,2.237793284010081e-16,2.220446049250313e-16,1.1102230246251565e-16,0.09944071461483889,-0.06041784302653869,False,108723.73334095321
2019-10-03,-0.0002348040711639508,-3.371555205473405e-05,0.00016964502292399878,3.144349618521794e-05,91208.91108959242,0.47503169727087863,0.5514635693245766,-3.066991105526995e-15,-2.9976021664879227e-15,7.771561172376096e-16,0.057217664173828967,-0.019762845849802372,False,225745.06830518506
2019-10-04,-0.0003926887152932383,-0.00019768621184715744,0.00017233961703548171,2.2662886410599165e-05,91173.09437947336,0.48324332411604126,0.39931135426083353,2.751271432899216e-15,2.8900493109773606e-15,5.503410227536421e-16,0.04997721147879542,0.14398644833427443,False,287719.84413168783
2019-10-07,-0.00015500214061816067,6.749807638138553e-05,0.00017327005003588212,4.9230166963664074e-05,91158.96235467776,0.48599058814553725,0.6038118525800016,2.9108659926890823e-15,2.942091015256665e-15,9.332812300755222e-16,0.06502096585521194,0.025409373235460195,False,286940.99075457477
2019-10-08,-0.0002675585090180488,-6.812883879480996e-05,0.00017461548450077314,2.4814185722465696e-05,91134.5719986265,0.4887212387086388,0.510394745318528,1.0755285551056204e-15,1.1657341758564144e-15,7.806255641895632e-16,0.03939882702940255,0.011857707509881424,False,208013.34356926155
2019-10-09,-0.0001262919095508812,7.117606540560388e-05,0.00017649284843654562,2.0975126519939465e-05,91123.06243950268,0.49525529023078996,0.6881340030531148,-1.9502628678669254e-15,-1.8041124150158794e-15,4.0939474033052647e-16,0.0776570922626929,-0.0016939582156973462,False,339221.8855311709
2019-10-10,-0.00021107421748136384,-8.097657384275366e-06,0.00017469708051956313,2.827947957752534e-05,91103.82871040376,0.4891388989027792,0.3285056024200105,-2.2985086056692694e-15,-2.293304435241339e-15,2.031361190368841e-15,0.0415948360375443,0.03670242800677584,False,218408.63235198305
2019-10-11,-0.00011105774526148641,7.63797595077385e-05,0.00017393727453278603,1.350023023643888e-05,91093.71092460249,0.48895697549914297,0.4451587446693413,-1.2243678293444304e-14,-1.199040866595169e-14,2.3908826307650344e-15,0.07170730022855083,-0.06493506493506496,False,393741.25618881284
2019-10-14,-0.0002344880210247188,-4.701637091073857e-06,0.0001749037989744096,5.488258495923536e-05,91072.35054059997,0.48876555686485146,0.3478431802387267,-1.0408340855860843e-16,-1.231653667943533e-16,1.6653345369377348e-16,0.04946008035529133,-0.04912478825522304,False,149572.62269499965
2019-10-15,-0.00019053757156113418,2.3085009657591296e-06,0.00017855114731160317,1.4294925215290143e-05,91054.9978360916,0.49672847562088956,0.34806767995473864,-4.8780424144467815e-15,-4.690692279041286e-15,1.7312540290248535e-15,0.03999320493829518,0.07509881422924902,False,127608.25657207092
2019-10-16,-0.0001276085176456374,6.307123992202248e-05,0.00017637560633664302,1.4304151231016856e-05,91043.37844279352,0.49232797087170643,0.5085642173217292,3.625572064791527e-16,3.7816971776294395e-16,8.326672684688674e-17,0.06472044184466415,0.005081874647092039,False,116574.43102553295
2019-10-17,-0.00023124902663033714,-3.8037263323871465e-05,0.00017231186396447683,2.0899899341988855e-05,91022.32475014748,0.4830047227634946,0.5473339115516889,9.367506770274758e-16,9.43689570931383e-16,1.8735013540549517e-16,0.06675793094177158,0.008469791078486732,False,264591.0261051447
2019-10-18,4.440848319131129e-05,0.00024298976566735709,0.00017608810802871615,2.2493174447329642e-05,91026.36691352617,0.492108696413126,0.8686154532901285,1.1060596882828122e-14,1.0907941216942163e-14,1.7832957333041577e-15,0.08692794597087691,-0.0220214568040655,False,287778.86838494265
2019-10-21,-0.00033391222311783867,-4.860610511553696e-05,0.0001782165415692735,0.00010708957643302817,90995.97209698774,0.4949433203959055,0.6448385642325178,9.08995101411847e-16,8.881784197001252e-16,2.8275992658421956e-16,0.06395957851930327,-0.05251270468661773,False,117383.56500061366
2019-10-22,-0.00022590474461662075,-3.0418450423837218e-05,0.00016898607922432392,2.6500214968459602e-05,90975.41567515003,0.46880456696178974,0.8021170838017417,-9.71445146547012e-17,-1.942890293094024e-16,1.942890293094024e-16,0.06094893192945867,0.0694522868435912,False,93239.46726310285
2019-10-23,-6.26193296461741e-05,0.00014513087403180075,0.00017478648790530054,3.2963715772674315e-05,90969.71885560617,0.4878285599337695,0.5754234836500052,-2.8102520310824275e-15,-2.7755575615628914e-15,4.961309141293668e-16,0.09142624656624673,-0.08074534161490683,False,185707.66409556346
2019-10-24,-0.0004951683223215752,-0.00029527743544095346,0.00017624334645664882,2.3647540423972932e-05,90924.67353253838,0.49246590564711645,0.7839901238574732,2.3626933742804113e-15,2.2620794126737565e-15,1.5126788710517758e-15,0.05808540951814961,0.02428006775832863,False,162815.4075506532
2019-10-25,-0.0003857932179054779,-0.00017817496090504392,0.00017539948478711322,3.2218772213320715e-05,90889.59541014925,0.4884452832278601,0.8656784908844178,-1.9845236565174673e-15,-1.9984014443252818e-15,4.40619762898109e-16,0.08204976995220714,-0.12140033879164315,False,154305.54834174228
2019-10-28,-0.0009150314687205854,-0.0006742458176014759,0.00013405816594157832,0.0001067274851775312,90806.42857016968,0.37248037140413187,0.6555274486224136,3.6290415117434804e-15,3.58046925441613e-15,7.632783294297951e-16,0.09351063297949969,-0.06380575945793338,False,93111.30735987294
2019-10-29,-0.00045619865487226584,-0.00028282056389575315,0.00014643860678655062,2.6939484189962054e-05,90765.00279960221,0.40869892639880145,0.5080959348086198,1.1657341758564144e-15,1.1934897514720433e-15,3.677613769070831e-16,0.09988508728922621,0.15302089215132694,False,158573.61430991808
2019-10-30,0.0003398731052134015,0.00047597902180317143,0.00011522526173462124,2.088065485514871e-05,90795.85138294841,0.3214928686456128,0.4290563458705501,3.802513859341161e-15,3.83026943495679e-15,8.604228440844963e-16,0.09999709395358387,0.07509881422924902,False,190495.04388366325
2019-10-31,-0.00038538953122379117,-0.00019207691683980195,0.00017568016181396677,1.7632452570022443e-05,90760.85961234687,0.4925367410449336,0.6520988844932302,1.4710455076283324e-15,1.519617764955683e-15,3.608224830031759e-16,0.07415795495174717,-0.08977978543195936,False,233233.20970866023
2019-11-01,-0.0002993715557483378,-9.597406662358394e-05,0.00017659890483051157,2.6798584294242276e-05,90733.68839260367,0.49427860062220025,0.6914931837845356,-1.0685896612017132e-15,-1.1102230246251565e-15,4.163336342344337e-16,0.08976046827162978,0.04573687182382835,False,230812.1937512412
2019-11-04,-0.0005671449444841907,-0.0003099917065869439,0.00017190065359504365,8.525258430220314e-05,90682.2292399374,0.4816726490873952,0.6274275173729037,-1.3010426069826053e-16,-1.942890293094024e-16,1.3877787807814457e-16,0.06915092279673309,0.08865047995482779,False,303009.70255540503
2019-11-05,-5.922185646209597e-05,0.0001417821521441631,0.00017521931611148218,2.5784692494776873e-05,90676.85886997369,0.4906926171052624,0.4730077193840127,-2.0886070650760757e-15,-2.0088097851811426e-15,3.937822290467352e-16,0.08497151840164435,-0.04912478825522304,False,186811.33367789787
2019-11-06,-0.00016321204014681963,1.757117910535286e-05,0.00016134454585282941,1.9438673399343075e-05,90662.05931484341,0.4494168022728121,0.5570526555879329,9.169748294013402e-15,9.645062526431047e-15,4.274358644806853e-15,0.060384612923298185,-0.07622811970638058,False,94779.5839187678
2019-11-07,-0.00023333351514282866,-3.901723987958005e-05,0.00017142370037607368,2.289257488717495e-05,90640.90481785338,0.48010705134388865,0.5502502581760875,2.4320823133194835e-15,2.400857290751901e-15,7.147060721024445e-16,0.0480954534622398,0.033314511575381144,False,165506.13202332414
2019-11-08,-0.0001364048029781053,5.9966062743863966e-05,0.00017375784141336303,2.2613024308606237e-05,90628.54096308995,0.4883930299375305,0.6083895575627148,2.060851489460447e-15,2.220446049250313e-15,9.610368056911511e-16,0.06451123386512361,0.11462450592885377,False,209093.17829730883
2019-11-11,-9.542036771698046e-05,0.00013301659991791893,0.00015343003588059233,7.500693175430706e-05,90619.8931543856,0.4302621855617731,0.632071638831519,-3.219646771412954e-15,-3.1710745140856034e-15,1.1280039402539188e-15,0.09931913019261648,0.10333145115753813,False,195733.79608249292
2019-11-12,-0.00011179351707075994,8.809675953997928e-05,0.00017391472980944378,2.5975546801295433e-05,90609.76243781329,0.48651246948089155,0.5505604718598774,3.7470027081099033e-16,3.0531133177191805e-16,1.8388068845354155e-16,0.06854849436426019,-0.012987012987012988,False,116004.92062981645
2019-11-13,-0.0002295011628408881,-2.875209934280319e-05,0.00017812329068192558,2.262577281615933e-05,90588.96739196907,0.4996304998402016,0.7692390831976327,-6.0021432268797525e-15,-5.2735593669694936e-15,2.4980018054066022e-15,0.066274184321548,0.005081874647092039,False,251598.20378366177
2019-11-14,-0.0003465342910097982,-0.00013901559207604472,0.00017590613387083684,3.161256506291666e-05,90557.57520838059,0.49372073244550985,0.6245754840419987,5.9119376061289586e-15,6.300515664747763e-15,1.762479051592436e-15,0.05563943448724,0.08977978543195936,False,155387.12205538971
2019-11-15,-0.00011139037351640245,8.828392665524357e-05,0.00017400681452608467,2.566748564556135e-05,90547.4879662534,0.48710715672411864,0.5027151360011345,-1.2739809207573671e-14,-1.2581949371259782e-14,2.3973878437999474e-15,0.057952347183886914,-0.05590062111801244,False,147161.02403289848
2019-11-18,-0.00028690206940232537,-4.945109709291605e-05,0.000175472393898309,6.197857841110034e-05,90521.50970457669,0.4912830564710023,0.5224658365183591,-1.5612511283791264e-15,-1.4502288259166107e-15,5.620504062164855e-16,0.04863487894420957,-0.145115753811406,False,164829.92997739196
2019-11-19,-0.00038798016501362414,-0.00019335783821517773,0.00017315112803741785,2.1471198761028515e-05,90486.38915430423,0.48590777421876186,0.7546049409113653,-4.107825191113079e-15,-3.524958103184872e-15,1.0130785099704553e-15,0.05369101292157049,0.0028232636928289105,False,136324.03482592874
2019-11-20,-0.00026468891083622324,-5.55400096161613e-05,0.0001781377392648002,3.1011161955261754e-05,90462.43841051347,0.4998482474441034,0.6511515179755293,-1.1171619185290638e-15,-1.2212453270876722e-15,5.48172618408671e-16,0.06369633320078355,-0.07509881422924902,False,201952.67933717687
2019-11-21,-0.0003356113989998983,-0.0001338241786972706,0.00017502756887897576,2.675965142365193e-05,90432.07818500158,0.49011671804904766,0.6619940666608265,-1.5751289161869408e-15,-1.5751289161869408e-15,4.718447854656915e-16,0.07274015504878771,0.02428006775832863,False,120038.0120199502
2019-11-22,-0.00011094739813088725,9.051407653951592e-05,0.00017425623905420476,2.7205235616198415e-05,90422.04498121938,0.4899594048564839,0.7198764151390882,-1.3877787807814457e-17,0.0,2.42861286636753e-17,0.09153824248764957,0.1394692264257482,False,181888.74116235596
2019-11-25,-8.557713070287597e-06,0.00025455034791738314,0.00017435617418970096,8.875188679796978e-05,90421.2711753032,0.48859115750737026,0.6735999418047052,-1.0130785099704553e-15,-1.0547118733938987e-15,5.065392549852277e-16,0.04651805771858002,0.012987012987012988,False,105850.56771696023
2019-11-26,-0.0002448566509040761,-4.144498843732689e-05,0.00017572947307751467,2.7682189389234496e-05,90399.13092567273,0.4927163360012857,0.44397505111747976,6.366435156834882e-15,6.2727600891321345e-15,9.575673587391975e-16,0.04750588992762189,-0.09090909090909091,False,184206.25911051163
2019-11-27,-0.00016493397023979408,2.9689377297682283e-05,0.0001763777974915528,1.8245550045923562e-05,90384.22103810293,0.4946774941247829,0.6951469205560146,-3.4486302702418925e-15,-3.552713678800501e-15,1.3322676295501878e-15,0.052602531177111236,0.044607566346696784,False,151730.5633832537
2019-11-29,-0.00017828748517256362,5.6268208608814465e-05,0.00017742033044800673,5.7135363333371345e-05,90368.10666263476,0.49918762693510477,0.6587069423914542,2.8275992658421956e-14,2.781108676686017e-14,4.496403249731884e-15,0.09331072912340044,-0.1485036702428007,False,190480.11199572348
2019-12-02,-0.0006098205482202764,-0.0003567837732494291,0.00017182633001847973,8.121044495236757e-05,90312.99833428813,0.4824611477377609,0.48160758460316816,-4.440892098500626e-16,-5.134781488891349e-16,2.498001805406602e-16,0.06451528057350553,-0.031055900621118016,False,125483.46960873956
2019-12-03,-0.00019502250248577588,-2.486775560585757e-06,0.0001727436344072517,1.9792092517938436e-05,90295.38526734598,0.4844314066882639,0.6061495428624829,7.66053886991358e-15,7.681355551625302e-15,1.457167719820518e-15,0.08175589467622475,0.04912478825522304,False,95832.17548358937
2019-12-04,-0.00011090129042372032,8.494278991498696e-05,0.00017093382515257817,2.4910255186129122e-05,90285.37139260053,0.48154998443243213,0.43306505056818334,-3.093011957666647e-15,-3.0878077872387166e-15,7.008282842946301e-16,0.042884427438111675,0.04347826086956522,False,176130.2249138901
2019-12-05,-0.00015509035199465186,3.557369957398925e-05,0.00017286685770967453,1.7797193858966568e-05,90271.36900257129,0.4843872830667518,0.548104889799159,1.196959198423997e-16,9.71445146547012e-17,4.163336342344337e-17,0.06544217336014713,-0.07961603613777528,False,95400.09122349501
2019-12-06,-7.628910081429772e-05,0.00011842131711857902,0.0001721855594479798,2.252485848489694e-05,90264.4822810008,0.48551376647948874,0.5729832620458231,-2.3592239273284576e-16,-1.5959455978986625e-16,7.7021722333370235e-16,0.05288105151564877,-0.042348955392433656,False,336694.9303360514
2019-12-09,-0.0003237553659954451,-7.935332009292346e-05,0.0001737602738694749,7.064177203304671e-05,90235.25867050352,0.4885370118221829,0.5117668089579646,4.871103520542874e-15,4.9682480351975755e-15,1.779826286352204e-15,0.044270929504051974,-0.02766798418972332,False,130328.89368300486
2019-12-10,-0.0002050608848934136,-3.162939303853114e-05,0.00015239997915798001,2.1031512696902456e-05,90216.75494851197,0.427155628453313,0.5878455925324306,4.007211229506424e-15,3.649858193455202e-15,7.771561172376096e-16,0.054980060001011515,0.047995482778091486,False,91032.12724218292
2019-12-11,-0.0001313787935522093,7.105670365127769e-05,0.0001782774591542092,2.4158038049277804e-05,90204.90238008864,0.4979568625070234,0.43548218039317094,1.1015494072452725e-15,1.2628786905111156e-15,1.3895135042574225e-15,0.06077997866861588,-0.11236589497459064,False,104225.68765049071
2019-12-12,-0.00017078442260379833,1.839358648476459e-05,0.00017128148112719978,1.7896527961363145e-05,90189.49678791962,0.48245042534082716,0.3719685840863552,-5.585809592645319e-16,-4.996003610813204e-16,1.491862189340054e-16,0.0400996637266532,0.033314511575381144,False,222352.99440618017
2019-12-13,-0.00013927282781728363,2.5175127392585096e-05,0.0001491615750419363,1.5286380167932422e-05,90176.93584166255,0.42034844964628265,0.5831344920344205,1.0755285551056204e-15,9.992007221626409e-16,6.036837696399289e-16,0.09841710776501347,-0.050254093732354614,False,378958.3445798976
2019-12-16,-0.0003200559440871645,-3.917099698067981e-05,0.0002089916535679946,7.189329353849006e-05,90148.07417732685,0.5878368119599146,0.0,0.0,0.0,0.0,0.0,0.06493506493506496,True,200035.94970724694
2019-12-17,-0.00017544289969887315,0.0,0.00017544289969887315,0.0,90132.25833779092,0.49214915281094784,0.49223551203651433,-1.5629858518551032e-14,-1.5307199952019346e-14,3.7192471324942744e-15,0.06401123031585991,0.042348955392433656,False,103411.77878245035
2019-12-18,-0.00034207611092313767,-0.0001491891120649862,0.00017265814219911597,2.0228856659035477e-05,90101.42624539,0.4843173967068539,0.5582045932042774,1.3183898417423734e-16,5.551115123125783e-17,9.194034422677078e-17,0.04866941429988992,-0.1078486730660644,False,146898.54360784835
2019-12-19,-0.00046832573075181064,-0.00027183625939775096,0.0001735495565648428,2.2939914789216876e-05,90059.22942910185,0.4887408378297944,0.567150237051778,1.5126788710517758e-15,1.7763568394002505e-15,1.1657341758564144e-15,0.06637707996978649,-0.02428006775832863,False,200939.7585436352
2019-12-20,-0.00026958357571591835,-7.102163169387307e-05,0.00017525440003361614,2.3307543988429168e-05,90034.95094000612,0.4930890128379596,0.6066460918662553,-9.922618282587337e-16,-1.0547118733938987e-15,4.579669976578771e-16,0.06209854002127112,-0.0942970073404856,False,192040.58913869024
2019-12-23,-0.0004744366941645229,-0.00022340709162499943,0.00017623761861080693,7.479198392871652e-05,89992.23505552289,0.49544959318921367,0.6675860300507986,6.800116025829084e-16,8.049116928532385e-16,1.8596235662471372e-15,0.09005632917749588,0.21400338791643145,False,116919.52254633626
2019-12-24,-4.610561375346008e-05,0.0001583014013802583,0.00017697197280286368,2.7435042330854714e-05,89988.0859082926,0.49630850271330074,0.7024058642630059,-1.5543122344752192e-15,-1.4988010832439613e-15,4.614364446098307e-16,0.09606869261609317,0.007340485601355168,False,132489.23645037433
2019-12-26,-0.00022405937249014076,8.492542905981482e-06,0.00017481992655258736,5.773198884353487e-05,89967.9232342324,0.4925981737283486,0.7704264021350791,2.4077961846558082e-15,2.3869795029440866e-15,8.849258131826687e-16,0.07544521184366376,0.009599096555618296,False,556142.4291565607
2019-12-27,-0.00020715721882357213,-2.4178237099928203e-06,0.00017307803612172685,3.166135899185246e-05,89949.28572947186,0.4875026765205494,0.8032232140400639,1.9845236565174673e-15,2.0261570199409107e-15,4.510281037539698e-16,0.08306988465803788,-0.014116318464144554,False,235671.18520993448
2019-12-30,-0.00018636814324909598,5.1288938523738354e-05,0.0001386295622336486,9.902751953918573e-05,89932.52204810387,0.38928078948826184,0.5687526705528112,-2.8128541162963927e-15,-2.7478019859472624e-15,5.273559366969494e-16,0.07057730702057093,-0.11236589497459064,False,93646.41818126457
2019-12-31,-0.0002768803061259244,-7.658066571088704e-05,0.0001769262429950587,2.337339741997865e-05,89907.62150386852,0.49866682328602385,0.44409104471868244,-1.5386997231914279e-15,-1.5404344466674047e-15,4.891920202254596e-16,0.04751870952848379,0.042348955392433656,False,259371.1747528836
2020-01-02,-0.00022796023048747257,-1.483596086722299e-05,0.00017662363580775502,3.6500633812494573e-05,89887.12614174793,0.49848537063330284,0.5274469445924741,7.441963711940502e-16,6.938893903907228e-16,1.3183898417423734e-16,0.0525472110319215,0.06719367588932806,False,172795.2431816233
2020-01-03,2.968299885111109e-05,0.00022019973297140742,0.00016884083228772893,2.1675901832567393e-05,89889.79426120991,0.4738311831139702,0.5707909211703138,2.7755575615628914e-15,2.858824288409778e-15,6.800116025829084e-16,0.09845289316142282,0.007340485601355168,False,94528.07830936069
2020-01-06,-0.00030866847266630915,-6.031509587544106e-05,0.00017798189335891193,7.037148343195616e-05,89862.04811570702,0.49983009947776436,0.6965095117827894,-7.271960811294775e-15,-7.244205235679146e-15,1.4016565685892601e-15,0.0996227487702596,-0.08977978543195936,False,125856.08673025893
2020-01-07,-0.0001247456924447302,4.141904078682658e-05,0.00013754105466514047,2.8623678566416304e-05,89850.83821229033,0.38639355902663486,0.5186757652781285,-4.683753385137379e-16,-3.157196726277789e-16,1.942890293094024e-16,0.09998781184765149,-0.07284020327498589,False,142410.11297877153
2020-01-08,-0.00015861605535793432,3.709548682081536e-05,0.00017439609977005946,2.131544240869023e-05,89836.58642676249,0.4917764385541044,0.5924904857212377,-1.1553258350005535e-15,-1.1379786002407855e-15,3.469446951953614e-16,0.0952768719155562,0.007340485601355168,False,227987.53346393484
2020-01-09,-8.635860211170633e-05,0.00011074542057691487,0.00017275509861788536,2.4348924070735846e-05,89828.82826474018,0.485355765191888,0.659394197480591,2.095545958979983e-15,2.0747292772682613e-15,3.7470027081099033e-16,0.0830749122986802,0.018633540372670808,False,109734.55737179401
2020-01-10,-0.0002600834282581276,-6.717283406460255e-05,0.00016581220251624058,2.709839167728447e-05,89805.46527512868,0.46570448475386733,0.6100974651688763,5.88418203051333e-15,5.88418203051333e-15,1.3255455760807777e-15,0.08328175364038097,0.040090344438170535,False,91730.09741390744
2020-01-13,-0.00023616877306489956,1.626255560856736e-05,0.00017721383296771576,7.521749570575115e-05,89784.25602858013,0.4996906368517763,0.6956410296439458,-1.687538997430238e-14,-1.644517855226013e-14,3.226585665316861e-15,0.09484224270380662,0.1078486730660644,False,162146.78606616493
2020-01-14,5.841486499671827e-05,0.00026433686166570027,0.0001773340091493671,2.85879875196149e-05,89789.50076377486,0.4998481274847715,0.6256378259465553,2.689038228198548e-15,2.67841304690819e-15,8.571702375670398e-16,0.08192789501530605,-0.014116318464144554,False,119865.39926112331
2020-01-15,-0.00020994282927919476,-6.193655893946088e-05,0.00012229512680768376,2.57111435320501e-05,89770.65010194495,0.3430506837018607,0.4775403163946264,3.608224830031759e-16,3.608224830031759e-16,6.938893903907228e-17,0.07585083951683161,0.051383399209486175,False,92436.50409283818
2020-01-16,-0.00016107869668182987,3.152544645792767e-05,0.00017297919863038934,1.9624944509368195e-05,89756.18996262625,0.48826565744916417,0.6724272979205189,2.9004576518332215e-15,2.7200464103316335e-15,5.516420653606247e-16,0.0847045298179216,0.14285714285714288,False,207521.1835599954
2020-01-17,8.304217495110912e-05,0.00028482401115296487,0.000174147837657177,2.7633998544678738e-05,89763.64351185608,0.49043541911547694,0.6752278830587163,-2.7755575615628914e-17,-5.551115123125783e-17,3.3306690738754696e-16,0.08791183446904757,-0.014116318464144554,False,153747.11789202123
2020-01-21,-0.0002674807260010622,1.7366096261185393e-05,0.0001738504579238285,0.0001109963643384191,89739.63346732102,0.4880822002023637,0.5655783626426493,-1.7763568394002505e-15,-1.7486012637846216e-15,4.996003610813204e-16,0.05270351150673748,0.042348955392433656,False,130213.7102544303
2020-01-22,-0.0001688884471488587,3.081683145725402e-05,0.00017646233219614075,2.3242946409971956e-05,89724.47747997701,0.49766162043887063,0.4608880213737839,1.5092094240998222e-15,1.4085954624931674e-15,4.0245584642661925e-16,0.046833836939941906,-0.11688311688311688,False,155677.428888616
2020-01-23,-7.908521474924414e-05,0.00011304082985611342,0.00017318544098725693,1.8940603618100637e-05,89717.38160040724,0.48847625527044536,0.5961741432087556,-2.0816681711721685e-17,0.0,2.7755575615628914e-17,0.07976306036110425,-0.02428006775832863,False,169545.1281936891
2020-01-24,-0.000336258706348273,-0.00013763964997171588,0.00017411874912140273,2.4500307255154346e-05,89687.21334973334,0.48979094384115857,0.528756587474266,1.0130785099704553e-15,1.0200174038743626e-15,9.97465998686664e-16,0.08836107231346095,0.042348955392433656,False,152967.86799149984
2020-01-27,-0.00015599197987238963,5.238070427205114e-05,0.00014318351582569576,6.5189168318745e-05,89673.22286375368,0.4039739799453812,0.735670377254526,-9.221789998292707e-15,-9.18709552877317e-15,1.9984014443252818e-15,0.09976250513921686,0.008469791078486732,False,151047.03924194863
2020-01-28,-0.0003608604123206608,-0.00018099208611771877,0.00014963529700070087,3.0233029202241174e-05,89640.86334757695,0.4198346623613463,0.5113861769451491,4.356324329046757e-16,4.544975507059235e-16,1.3725999503666486e-16,0.0822482109935721,-0.026538678712591763,False,90063.4147957197
2020-01-29,-0.00030931386091750143,-0.00011283883830234294,0.0001754591523297414,2.1015870285417063e-05,89613.13618603893,0.49153075920641653,0.7057625567207477,8.36136715420821e-16,8.94249951866044e-16,3.859759734048396e-16,0.09674124375439816,-0.019762845849802372,False,104208.45353719877
2020-01-30,-0.00048600833189233383,-0.0002825907705657956,0.00017441362063938423,2.900394068715398e-05,89569.5834552055,0.489562367588736,0.5933217513537092,1.249000902703301e-16,1.6653345369377348e-16,8.534839501805891e-16,0.0998348970896837,-0.0220214568040655,False,129546.06508977815
2020-01-31,-0.00013816237124619196,6.261353362704012e-05,0.00017639281920116184,2.4383085672070238e-05,89557.20830916379,0.4932723456083038,0.6453794283230854,2.0816681711721685e-17,6.938893903907228e-17,2.7755575615628914e-17,0.09999177236030919,-0.040090344438170535,False,99010.75602208883
2020-02-03,-0.000494860921983066,-0.0003401579776062046,7.513561759730297e-05,7.956732677955847e-05,89512.8899464897,0.21297883606885762,0.6126397066589432,-3.3133218391157016e-16,-1.8735013540549517e-16,2.654126918244515e-16,0.0999988507620805,-0.06493506493506496,False,751506.2479287599
2020-02-04,-0.0003401382083259312,-0.0001421247573671552,0.00017283647671251804,2.5176974246257955e-05,89482.44319248122,0.48636545984432833,0.3996548545086365,3.3237301799715624e-15,3.4139358007223564e-15,8.313662258618848e-16,0.09976689205872383,0.07622811970638058,False,123755.79680302778
2020-02-05,0.0004166126141955066,0.0005394912083186706,0.00010645442202006952,1.6424172103094512e-05,89519.72270706425,0.3005385064606298,0.5258520781507173,3.3514857555871913e-15,3.219646771412954e-15,5.82433407059213e-16,0.09998895115038313,0.012987012987012988,False,348057.49357975466
2020-02-06,-0.0001902517498765685,7.1293826709354995e-06,0.00017577077317144728,2.1610359376056737e-05,89502.69142317078,0.49392502880860734,0.47105010859728463,-1.2195106036116954e-15,-1.3322676295501878e-15,4.631711680858075e-16,0.045590411093754404,-0.032185206098249576,False,122883.15163558231
2020-02-07,-0.00021686135291523861,-2.390400990589359e-05,0.00017359911936836068,1.9358223640984346e-05,89483.28174841919,0.4867763936288074,0.5869607193940661,-6.956674819535991e-15,-7.13318293321663e-15,1.1657341758564144e-15,0.043789535832994844,-0.012987012987012988,False,127368.6228337874
2020-02-10,-0.0002162089952309079,3.3645924128107596e-05,0.00017748989915974622,7.236502019926928e-05,89463.9346579824,0.49956876325188004,0.7624074346810266,-1.457167719820518e-16,-1.942890293094024e-16,1.5959455978986625e-16,0.09386277546579962,0.025409373235460195,False,154459.24368441637
2020-02-11,-0.0001772549966327831,2.7998050024961165e-05,0.00017392123427359247,3.133181238415178e-05,89448.07672854584,0.4901418120140719,0.5520865150917336,-1.5628232215292304e-14,-1.6209256159527285e-14,4.057518210309752e-15,0.05957514015832789,0.03557312252964427,False,214870.15532415165
2020-02-12,-0.00029568541787306933,-0.00010132417033609157,0.00017167276061539905,2.268848692157873e-05,89421.62823660042,0.4834364369034365,0.5402504165857919,-5.2839677078253544e-15,-5.009881398621019e-15,1.4085954624931674e-15,0.04836253243052841,-0.17899491812535295,False,223032.93296424986
2020-02-13,5.206067111876309e-06,0.00019756570353411613,0.000170157564507755,2.2202071914484813e-05,89422.09377159827,0.47933448083052776,0.577445084992657,-2.5326962749261384e-16,-3.122502256758253e-16,6.591949208711867e-17,0.09898476985685976,-0.0536420101637493,False,227918.2293755662
2020-02-14,-0.00041213479760597685,-0.00021068440118912464,0.0001777197764856471,2.3730619931205096e-05,89385.23981508022,0.49949615823448584,0.6058419860585874,-2.1510571102112408e-16,-2.498001805406602e-16,6.175615574477433e-16,0.05605797782873263,-0.06154714850367025,False,151024.3492570383
2020-02-18,-0.0003950988415871199,-0.0001212420701287159,0.00017426630799671837,9.959046346168563e-05,89349.92381037428,0.4899933949997944,0.6471053172850393,1.2975731600306517e-15,4.510281037539698e-16,3.664603343001005e-15,0.06086427880172735,-0.0536420101637493,False,215091.45064013964
2020-02-19,-0.00026805840903664256,-6.850963730502264e-05,0.00017295540252812523,2.659336920349471e-05,89325.97281195012,0.4867150314943303,0.5286371237807936,4.40619762898109e-16,4.579669976578771e-16,1.0755285551056204e-16,0.05525163622181592,-0.04573687182382835,False,163521.06801989645
2020-02-20,-0.00013563437365735683,5.671450002696329e-05,0.00017062406037826012,2.1724813306059988e-05,89313.85713957644,0.4797565067984653,0.667665742568288,2.0969337377607644e-14,2.1191381982532675e-14,3.816391647148976e-15,0.09912970817183885,-0.06719367588932806,False,194602.1216421076
2020-02-21,-0.00040189692202465774,-0.00019963843309873345,0.0001748201707381873,2.7438318187737003e-05,89277.9621752979,0.49254491341825085,0.5552639902975398,-4.773959005888173e-15,-4.9404924595819466e-15,1.2975731600306517e-15,0.09953017150254356,0.023150762281197064,False,238593.17616487897
2020-02-24,7.810138291874409e-05,0.0003209748868461368,0.0001744162996441338,6.845720428325891e-05,89284.93490760795,0.4913508520951483,0.5982185781391217,-5.551115123125783e-17,-1.942890293094024e-16,6.938893903907228e-17,0.07967539232087922,-0.011857707509881424,False,198294.89953075253
2020-02-25,-0.00020497690790926505,-7.340240632402453e-06,0.00017305234214785758,2.4584325129005005e-05,89266.63355772772,0.4857878478809144,0.36764308218744307,-1.1726730697603216e-15,-1.0408340855860843e-15,5.761450344587971e-16,0.056028143632521905,-0.023150762281197064,False,174720.91638578824
2020-02-26,0.00010798553939204321,0.00029871319624831777,0.0001756190370403522,1.5108619815922367e-05,89276.27306330216,0.49102987605893245,0.5380010101622316,-9.71445146547012e-17,-4.163336342344337e-17,4.917941054394248e-16,0.0647550952646915,0.017504234895539244,False,147382.03216372596
2020-02-27,-0.00014283253900158272,5.634433239281824e-05,0.0001770672408397887,2.210963055461226e-05,89263.52150654793,0.49583083333229705,0.6101520787645311,-1.8735013540549517e-16,-1.6653345369377348e-16,9.540979117872439e-17,0.06739830167254003,0.015245623941276118,False,167643.10419884903
2020-02-28,-0.00011724079749782209,8.319937883089749e-05,0.00017536543336579363,2.5074742962925944e-05,89253.05618009903,0.49016286382577423,0.6198929484171616,2.7200464103316335e-15,2.609024107869118e-15,1.1102230246251565e-15,0.09222230271181184,0.015245623941276118,False,156637.0250307619
2020-03-02,-0.001033855195842369,-0.0007813118331311333,0.0001761182046872023,7.64251580240333e-05,89160.78144422242,0.4906674712518502,0.7992960982955882,2.4980018054066022e-15,3.12944115066216e-15,2.123301534595612e-15,0.07328220501905418,0.04347826086956522,False,176413.79993813045
2020-03-03,9.049745627624317e-05,0.0003026077322780046,0.000179262491140299,3.284778486146243e-05,89168.85026814273,0.4995392724899588,0.7324614646946311,-5.4262150328554526e-15,-5.440092820663267e-15,1.0130785099704553e-15,0.08433354459163679,-0.16205533596837948,False,177497.06705083945
2020-03-04,-0.0007914158111158224,-0.0005845997088227842,0.00017671494620969682,3.010115608334123e-05,89098.2806301815,0.492086983566951,0.5553516124051222,1.792316295379237e-14,1.7208456881689926e-14,3.899658373995862e-15,0.07266886694174046,0.07058159232072277,False,168898.1247529384
2020-03-05,-0.00019861151965385902,5.071117169723298e-07,0.00017629596236788187,2.282266900294949e-05,89080.584685267,0.4918801234633186,0.6585193571503475,5.773159728050814e-15,5.717648576819556e-15,8.357030345518268e-16,0.08513639284127304,-0.11349520045172222,False,395443.99965535215
2020-03-06,-0.0005523821588565069,-0.0003534362515064994,0.00017188346801506193,2.7062439334945545e-05,89031.37815958634,0.47974914746151304,0.5965913372233075,8.991071775987791e-15,8.423817199343375e-15,1.915134717478395e-15,0.08776916282694804,-0.032185206098249576,False,369253.901692215
2020-03-09,-0.0007678411242410566,-0.0005153683982276381,0.0001789203693694501,7.355235664396828e-05,88963.01620608754,0.496089292663322,0.700789248391452,2.686869823853577e-15,2.6367796834847468e-15,1.5404344466674047e-15,0.09510775476391214,-0.1225296442687747,False,187203.30269071335
2020-03-10,-0.0010771437266004305,-0.0008724416222488283,0.00017590254619852898,2.8799558153073256e-05,88867.1902512817,0.4871326693598504,0.5832164404782015,1.4675760606763788e-14,1.4432899320127035e-14,3.0912772341906702e-15,0.09950714440825222,-0.1225296442687747,False,445842.9520134932
2020-03-11,-0.0006117823149204597,-0.00041012386560123487,0.00017769065039546366,2.3967798923761107e-05,88812.8228759093,0.49263811951758635,0.7398472900266242,-2.355754480376504e-14,-2.3370194668359545e-14,6.300515664747763e-15,0.08138835256863416,-0.17334839073969513,False,391027.38417726365
2020-03-12,-0.001428386771984789,-0.001222541636540531,0.00017544045229247806,3.040468315178004e-05,88685.96381453073,0.4848932818035562,0.7253031571847787,-7.265021917390868e-15,-6.6058269965196814e-15,2.1983283249316088e-15,0.09924337722732492,-0.08865047995482779,False,326401.89547619806
2020-03-13,-0.0011721529650233784,-0.0008528888752500105,0.0002894571107109794,2.9806979062388466e-05,88582.01029908957,0.7857066051694813,0.0,0.0,0.0,0.0,0.0,0.003952569169960475,True,157587.18779958406
2020-03-16,-0.0001827923392970186,0.0,0.0001827923392970186,0.0,88565.81818620737,0.49999999999999994,0.5000914128792223,8.36136715420821e-15,8.382183835919932e-15,1.5785983631388945e-15,0.039572975855894,-0.09316770186335405,False,324715.5985737534
2020-03-17,-0.0009628055334637046,-0.0007618753435747526,0.00018037848798980628,2.0551701899145787e-05,88480.54652638195,0.4911267163748011,0.8600544329424672,-2.4327762027098743e-14,-2.5424107263916085e-14,4.808653475407709e-15,0.07780512574888013,-0.16205533596837948,False,474982.8149586661
2020-03-18,-0.0030695860673312318,-0.0028530314261607168,0.00018120993844685087,3.5344702723664034e-05,88208.94787353472,0.4921192307691972,0.8871716261277329,-4.649058915617843e-16,-6.106226635438361e-16,2.2065682614424986e-15,0.07411020033662508,0.10559006211180126,False,223207.49532200146
2020-03-19,0.001520476060416538,0.0017376645518051505,0.00018072938346555483,3.645910792305754e-05,88343.06746709096,0.4896108930950675,0.8800410501176597,-5.7592819402429996e-15,-5.995204332975845e-15,1.762479051592436e-15,0.0721598227208704,-0.07171089779785433,False,290376.9301145427
2020-03-20,0.0003481913991995393,0.0005635507173961979,0.00017919324764387786,3.616607055278077e-05,88373.82776336191,0.48542708293782405,0.64698089503346,-2.1649348980190553e-15,-2.192690473634684e-15,2.983724378680108e-16,0.07592189167666778,-0.0220214568040655,False,382872.87736214924
2020-03-23,0.0002868760600568092,0.0005499963818416475,0.00018335555390400047,7.976476788083778e-05,88399.1800988828,0.497338070760309,0.5445392194317245,7.417677583276827e-15,8.0629947163402e-15,1.788499903732088e-15,0.05465103604869231,0.03670242800677584,False,327986.72536956094
2020-03-24,-2.9672080946652128e-05,0.0001703106906332365,0.00017760444749365367,2.237832408623495e-05,88396.5571112553,0.48197808740780734,0.6017669435330335,1.7232743010353602e-14,1.797173521111972e-14,2.914335439641036e-15,0.0669044300133146,-0.06493506493506496,False,342665.92800754646
2020-03-25,0.00034827738336351587,0.000555511370859396,0.00018250383913150962,2.4730148364370528e-05,88427.34363286436,0.49226105047604485,0.6136013394411937,1.7555401576885288e-15,1.887379141862766e-15,7.138387103644561e-16,0.0695223725076815,0.028797289666854884,False,309117.1348196405
2020-03-26,0.00020119274970662677,0.0004101268369351798,0.00018371759382686023,2.521649340169282e-05,88445.1345732791,0.4890368629714515,0.7721857790775045,-9.284240043427872e-15,-8.992806499463768e-15,2.321493691725962e-15,0.08973842972060232,-0.005081874647092039,False,258560.99690759782
2020-03-27,-0.00036465132283534257,-0.00015460780974586993,0.00017830985093560218,3.173366215387043e-05,88412.8829379586,0.48675544726615994,0.600152195402747,1.9984014443252818e-15,2.1649348980190553e-15,1.0304257447302234e-15,0.09503912884937361,0.101072840203275,False,1028413.9943749706
2020-03-30,0.0006281918992216911,0.0008870529344584127,0.0001848696686802188,7.39913665565028e-05,88468.42319480705,0.4972671251115913,0.8219426820326163,5.689893001203927e-16,5.967448757360216e-16,2.706168622523819e-16,0.09970241588756554,0.044607566346696784,False,303130.59341948625
2020-03-31,0.0006504213185996605,0.0008625431836409671,0.00017834339865640462,3.377846638490201e-05,88525.96494327585,0.47689146907204616,0.5107733363839645,-4.65599780952175e-15,-5.002942504717112e-15,1.9120989513954356e-15,0.04923554248825578,0.0220214568040655,False,263902.1255515657
2020-04-01,-0.000505899409975794,-0.00030264062396485696,0.00018226810095406162,2.0990685056875445e-05,88481.1797098435,0.4902164903917351,0.2681186379856206,7.813194535799539e-15,8.416878305439468e-15,1.5404344466674047e-15,0.04537481050803528,0.09994353472614344,False,333149.15916877036
2020-04-02,-0.00012822958366694208,6.722725135791224e-05,0.000184438260861062,1.1018574163792303e-05,88469.83380500694,0.4948221186428147,0.6438732254911982,-1.3877787807814457e-16,-5.551115123125783e-17,9.71445146547012e-17,0.09569662280823005,-0.07622811970638058,False,335975.64184613543
2020-04-03,-0.000776029499817969,-0.000571260015492377,0.0001783089408122551,2.6460543513336917e-05,88401.17860413027,0.48646752167397334,0.684747911645783,-1.2073675392798577e-15,-1.4432899320127035e-15,3.469446951953614e-16,0.08203879507888297,0.1044607566346697,False,522067.9933714885
2020-04-06,0.0002579866293476532,0.0005258755014612392,0.0001834678967052016,8.442097540838435e-05,88423.98492622872,0.490968694068954,0.8540817841615852,-4.649058915617843e-15,-6.106226635438361e-15,3.566591466608315e-15,0.09870350904287441,0.07848673066064371,False,306676.20787927747
2020-04-07,0.0009756905597412535,0.00119281415954223,0.00018202434839707557,3.509925140390095e-05,88510.25937357594,0.4832519450599163,0.6487000509289527,5.766437674581404e-15,6.328271240363392e-15,1.5265566588595902e-15,0.0908452978069018,-0.0220214568040655,False,359873.5328283156
2020-04-08,-0.0005589521093370839,-0.0003473605517524012,0.0001849326513821233,2.6658906202559465e-05,88460.7863774011,0.4990520002769439,0.4644082326603553,-1.5660216179380626e-15,-1.6930901125533637e-15,1.734723475976807e-16,0.048284973829544414,-0.0378317334839074,False,288732.8973507964
2020-04-09,0.00041599046532962475,0.0006170771655742781,0.00018200143040929622,1.908526983535713e-05,88497.58522108966,0.48602282215170617,0.6857039603411766,-2.615963001773025e-15,-2.9906632725840154e-15,1.298006840899646e-15,0.0489157953512404,0.06493506493506496,False,341381.20701475325
2020-04-13,-0.00023444547641958652,6.0689518650075186e-05,0.00018241653583549527,0.00011271845923416643,88476.83736256052,0.4935349394361441,0.7471894001439064,-2.4147350785597155e-15,-2.55351295663786e-15,5.342948306008566e-16,0.08332179176658698,0.018633540372670808,False,512566.5216810297
2020-04-14,-6.495431273650503e-05,0.00015251542017429964,0.00018676331920626046,3.07064137045442e-05,88471.09041039653,0.49641888878911206,0.542326778259231,5.100087019371813e-16,6.106226635438361e-16,1.457167719820518e-16,0.0915150804240595,-0.06380575945793338,False,333517.2634823479
2020-04-15,-0.00021720337387710916,-1.2259965904748118e-05,0.0001826560061260913,2.228740184626975e-05,88451.87419106881,0.492216741807101,0.8195273512579689,6.050715484207103e-15,6.494804694057166e-15,1.106753577673203e-15,0.09731466622856663,-0.07284020327498589,False,399952.3249852076
2020-04-16,-0.0004545864713786271,-0.00023800954821383215,0.00018289771694871427,3.3679206216080664e-05,88411.66516569347,0.4888374449861474,0.6615136909181198,-5.731526364627371e-15,-6.439293542825908e-15,1.4398204850607499e-15,0.09945218625401364,0.03557312252964427,False,392116.2745608323
2020-04-17,2.0514036267998835e-05,0.0002248490572948022,0.00017714952687948314,2.7185494147320232e-05,88413.47884579918,0.48353007874974596,0.7617208415235989,-9.905271047827569e-15,-1.0748346657152297e-14,1.8388068845354155e-15,0.08680909118707922,-0.06380575945793338,False,568088.9459926175
2020-04-20,-0.0008091941217431854,-0.0005314781123932828,0.00018380522066890965,9.391078868099287e-05,88341.9351784343,0.4998054853411852,0.7385983093643897,-5.273559366969494e-16,-5.967448757360216e-16,1.700029006457271e-16,0.08827818440265701,-0.04121964991530209,False,451165.1931859839
2020-04-21,-0.0003145922306734252,-0.00012430154045641449,0.00015993733503765224,3.035335517935851e-05,88314.1434919845,0.4323735136301947,0.5208800966247111,-5.065392549852277e-16,-4.996003610813204e-16,8.951173136040325e-16,0.09971893324342125,-0.07058159232072277,False,564419.119996453
2020-04-22,-0.00023299035675082374,-2.7384001989334567e-05,0.00018420032339335033,2.140603136813883e-05,88293.56714818616,0.4956731513344438,0.7655255344033267,9.756084828893563e-15,1.0380585280245214e-14,1.8457457784393227e-15,0.08153850098943567,-0.06719367588932806,False,385178.22761432093
2020-04-23,-0.0003509159888341052,-0.00013464562893945496,0.00018481040642602078,3.1459953468629454e-05,88262.58352376267,0.4949048449852015,0.6614909541528305,4.993835206468233e-16,1.3877787807814457e-16,2.0643209364124004e-15,0.09282829687005624,-0.019762845849802372,False,373836.12794474635
2020-04-24,-0.00027370919035228555,-6.744723982766274e-05,0.00017907739076491745,2.7184559759705343e-05,88238.42524348799,0.4876779210938774,0.5476694445348851,2.8275992658421956e-16,3.885780586188048e-16,1.6653345369377348e-16,0.06975950258310726,-0.1360813099943535,False,748144.4363879096
2020-04-27,-0.0004928599310456541,-0.0002395189302524756,0.00018582011037106944,6.752089042210907e-05,88194.93605930691,0.4990892281159403,0.5398072206119353,5.273559366969494e-16,2.7755575615628914e-16,3.400058012914542e-16,0.08002429667187373,-0.033314511575381144,False,518728.00813898304
2020-04-28,0.00015986791836284994,0.00036512295742965705,0.0001830711806854947,2.2183858381312394e-05,88209.03560014485,0.49846622473773994,0.7033292309707936,-8.02483079986871e-15,-8.992806499463768e-15,3.1502578323738817e-15,0.06307262787560915,-0.13721061547148505,False,910019.7312953916
2020-04-29,-0.0016216549769907135,-0.0014124767793612172,0.0001802742566306964,2.8903940998800068e-05,88065.99097854832,0.48763643386885963,0.66394713546617,1.201816424156732e-14,1.2823075934420558e-14,1.7277845820728999e-15,0.060124430789249846,0.06606437041219651,False,405887.60616568493
2020-04-30,0.00032007504289063355,0.0005047808311788471,0.00015742028957042628,2.7285498717787306e-05,88094.17870438799,0.4219703821623088,0.9932604251704233,2.1649348980190553e-15,2.4980018054066022e-15,4.579669976578771e-15,0.07892311333622852,0.09994353472614344,False,377256.5640564488
2020-05-01,0.0009240069097427457,0.0011472305595635682,0.00018240472823847646,4.081892158234607e-05,88175.57833421895,0.49372799635445114,0.770230737462723,6.938893903907228e-16,7.771561172376096e-16,1.1102230246251565e-16,0.08476600601943843,-0.0005646527385657821,False,479205.4029765418
2020-05-04,0.00018981383090375023,0.00046780143287944453,0.00018302764804193402,9.495995393376028e-05,88192.31527853473,0.4935482649163261,0.7658763546619829,-1.6219664500383146e-14,-1.7180701306074297e-14,7.232062171347309e-15,0.09490524404539222,0.033314511575381144,False,434277.0945798901
2020-05-05,-0.00014423379268874427,6.995657930019671e-05,0.00018271600124940678,3.147437073953421e-05,88179.5949664161,0.4958377860687986,0.37479303940466546,-8.264222639553509e-15,-8.805456364058273e-15,1.007874339542525e-15,0.030182506629548873,0.0005646527385657821,False,829412.1887004896
2020-05-06,-0.0001251773271269903,6.594367055019958e-05,0.0001757185440030252,1.5402453674164678e-05,88168.55688041107,0.47940686449911574,0.2585270057170776,3.972516759986888e-16,4.822531263215524e-16,5.507747036226363e-16,0.023121445148931496,-0.015245623941276118,False,563702.0842890952
2020-05-07,-0.00014129571902625837,5.405157184118721e-05,0.00018472289337222321,1.0624397495222352e-05,88156.09904077115,0.4945275318158806,0.5398866846438586,7.761152831520235e-15,8.881784197001252e-15,1.9723805921856297e-15,0.07938134450899148,-0.12140033879164315,False,272266.04938537173
2020-05-08,-0.0005123734292320385,-0.0003074725435411983,0.0001827137616643806,2.218712402645962e-05,88110.9301979979,0.49503049834277574,0.5367113204438808,3.1433189384699745e-15,3.6637359812630166e-15,1.0061396160665481e-15,0.06142302419404125,0.032185206098249576,False,485345.53625380574
2020-05-11,-0.00038934071589051024,-0.00013921342313787523,0.000183957403930787,6.616988882184795e-05,88076.62502535684,0.49415452154482475,0.8259476156086936,-6.8209327075408055e-15,-7.882583474838611e-15,2.5951463200613034e-15,0.0767735023528563,0.1293054771315641,False,345869.1303429804
2020-05-12,0.00024769808265727276,0.00046656138909486353,0.00018492025374134278,3.394305269624796e-05,88098.44143650256,0.49659916189532866,0.7216768595152289,-1.745131816832668e-14,-1.8984813721090177e-14,2.851885394505871e-15,0.09034626491064598,0.14398644833427443,False,357154.4557503166
2020-05-13,0.0003909630371124464,0.0006046073495160611,0.0001839863592728512,2.9657953130763545e-05,88132.88467073144,0.49496140876937184,0.7020877445133336,1.6792123247455493e-15,2.123301534595612e-15,1.3600232051658168e-15,0.08955215850392333,0.20609824957651046,False,529792.2101706663
2020-05-14,8.954870287468134e-05,0.00030094952031782356,0.00018254789643574502,2.88529210073972e-05,88140.77685623431,0.4917167918545755,0.6593436884342246,1.6806001035263307e-14,1.8055001937966608e-14,3.4633754197876954e-15,0.07254010447279172,0.023150762281197064,False,371225.3264535145
2020-05-15,-0.000289553698308618,-7.827789718658704e-05,0.00018417948515898132,2.7096315963049645e-05,88115.2553683238,0.499334016294533,0.5561269543244453,8.465450562766819e-16,1.6653345369377348e-15,2.121566811119635e-15,0.0597745904891723,0.028797289666854884,False,593170.8185447751
2020-05-18,0.000337651405955199,0.0005904059466602789,0.0001841909435965868,6.856359710849314e-05,88145.00760818501,0.4938251482252924,0.6001271536785857,-2.831068712794149e-15,-2.9698465908722937e-15,8.40473524110763e-16,0.08295296645742849,0.04121964991530209,False,336640.5508739668
2020-05-19,-0.00029108352294778857,-8.162676600730054e-05,0.0001847939972002721,2.4662759740215965e-05,88119.35004884016,0.4960169938193407,0.3247293358709417,7.951972413877684e-15,8.503614479238308e-15,1.1278142048737338e-15,0.03940926053682891,-0.015245623941276118,False,373684.4721966343
2020-05-20,-0.0002506672007539233,-5.590841981821819e-05,0.00018141373973552975,1.334504120017536e-05,88097.26141803116,0.49288673512072584,0.5519818278498965,6.619704784327496e-15,6.38378239159465e-15,2.6298407895808396e-15,0.07284479097471125,-0.10333145115753813,False,651636.630338799
2020-05-21,-0.000648686379824151,-0.000439362391812561,0.00018663980330543007,2.2684184706159854e-05,88040.11392444948,0.49586945587687636,0.7999809090298267,7.632783294297951e-15,8.854028621385623e-15,3.1502578323738817e-15,0.09327219057749252,-0.06041784302653869,False,256699.66871262447
2020-05-22,-3.087751280393049e-05,0.0001848797077408325,0.00018288129277641428,3.2875927768348725e-05,88037.39546470452,0.49569433683071795,0.7519291927694938,5.925815393936773e-15,7.605027718682322e-15,3.927413949611491e-15,0.08441645509912869,-0.059288537549407126,False,552041.0174068984
2020-05-26,-0.0009031527681356942,-0.000602677541509794,0.00017687042781447762,0.00012360479881142264,87957.88424729112,0.4809147680565275,0.7284756168554215,7.424616477180734e-16,7.771561172376096e-16,1.5959455978986625e-16,0.07308745238037713,-0.10671936758893281,False,686500.8699470778
2020-05-27,-0.0003885923117567116,-0.00017761419903086258,0.000181040758608503,2.993735411734605e-05,87923.70448971423,0.4861275431968907,0.6474707414222907,1.474514954580286e-15,1.7208456881689926e-15,5.759281940243e-16,0.07570377946079576,0.09881422924901187,False,450555.0409643423
2020-05-28,0.0004751693888131801,0.0006841748472992694,0.00018239707185229662,2.6608386633792707e-05,87965.4831426388,0.4941548084023653,0.6793102397239131,-3.316791286067655e-15,-3.6637359812630166e-15,6.045511313779173e-16,0.07607325403736105,0.005081874647092039,False,344663.92594723485
2020-05-29,-0.00022373769237436135,-1.259339598390206e-05,0.000183227437223723,2.7916859166736293e-05,87945.80194843186,0.49277717486159256,0.4981301476570061,5.662137425588298e-15,7.258083023486961e-15,3.982925100842749e-15,0.08100639102181245,-0.03557312252964427,False,315639.8111048718
2020-06-01,-0.0002605370914554358,-1.8509204809692096e-05,0.00018061458077022315,6.141330587552058e-05,87922.8888049865,0.4901187554713508,0.7289148339883567,-8.368306048112117e-15,-8.743006318923108e-15,2.7564756033271465e-15,0.07865576682290265,-0.02428006775832863,False,594219.4514860056
2020-06-02,-0.0001766919364898042,3.473549290892373e-05,0.0001814720252622198,2.9955404136508147e-05,87907.35353950177,0.49003465235646354,0.5200268683246541,-6.5780714209040525e-15,-7.174816296640074e-15,1.3253287356462806e-15,0.08498321335004935,-0.010728402032749858,False,322270.96324403933
2020-06-03,-0.00039586003213941005,-0.00019088460650552917,0.00018360445844245652,2.1370967191424407e-05,87872.55453170433,0.4953927602506082,0.6084747553458538,0.0,-1.3877787807814457e-17,1.3877787807814457e-17,0.08666871545837233,0.003952569169960475,False,374295.1881438037
2020-06-04,-0.0003496722333146674,-0.00014166900225736387,0.00018299741919377538,2.5005811863528233e-05,87841.82793931417,0.49900976418329607,0.7911382383652645,-6.245004513516506e-16,-5.828670879282072e-16,2.8449465006019636e-16,0.09510141330662626,-0.04121964991530209,False,776105.3965304809
2020-06-05,-0.0004039734696261543,-0.00019070852320701107,0.00018075241607536517,3.251253034377802e-05,87806.34217130321,0.48958581403554496,0.8860507554680643,-9.56179579958416e-15,-9.742207041085749e-15,1.6930901125533637e-15,0.09080422525751683,0.04573687182382835,False,275570.6687430967
2020-06-08,-0.0010144510203547684,-0.0007236603432160297,0.00018155154290294874,0.00010923913423578993,87717.26693789392,0.49098126427064004,0.8421923728389964,-5.551115123125783e-16,-7.216449660063518e-16,6.036837696399289e-16,0.09811853186128758,0.09768492377188029,False,341129.2723077795
2020-06-09,0.0005621964022945489,0.0007816210627920436,0.00018481401503835787,3.461064545913686e-05,87766.58126978551,0.49265728156597105,0.8139862269544296,-1.1102230246251565e-16,-1.6653345369377348e-16,2.220446049250313e-16,0.07465662499031807,0.04912478825522304,False,201843.64094591088
2020-06-10,0.0005247161774740236,0.0007345732180346578,0.00017640555178168504,3.345148877894916e-05,87812.63381481936,0.4819525478997193,0.6045150325997198,-9.922618282587337e-16,-1.3461454173580023e-15,1.1657341758564144e-15,0.05298700789316579,-0.006211180124223602,False,550955.1777222205
2020-06-11,5.624062908577317e-05,0.0002600353733460555,0.00017895166072878695,2.484308353149538e-05,87817.57245258678,0.48953862696276457,0.52032485338579,-4.773959005888173e-15,-4.9682480351975755e-15,1.2420620087993939e-15,0.08591573920334562,0.032185206098249576,False,599296.0549472305
2020-06-12,-8.997667682601538e-05,0.00011747618401473578,0.00018606964768791027,2.1383213152840883e-05,87809.67091925058,0.4977787896590863,0.8065936410599167,-6.022959908591474e-15,-6.217248937900877e-15,1.3808398868775384e-15,0.09137047968254355,0.18238283455674761,False,210782.41650361195
2020-06-15,-0.0004059339110016411,-0.00012492096176322368,0.00018156989760089272,9.944305163752472e-05,87774.02599611056,0.49279119858591486,0.8241741249472025,4.315992008230296e-15,4.6074255521944e-15,6.904199434387692e-16,0.0911983098682036,0.07509881422924902,False,326690.6097940425
2020-06-16,0.0004508903847092645,0.0006618960235937191,0.00017713546936607666,3.3870169518378e-05,87813.60246045944,0.48677736887024997,0.5944320118431193,-2.0816681711721685e-16,-4.579669976578771e-16,7.008282842946301e-16,0.08674892630108245,-0.07848673066064371,False,469917.0639957182
2020-06-17,-0.0005645244888016793,-0.00036523633203404415,0.00017485944395216453,2.4428712815470668e-05,87764.02953142062,0.47795907059404513,0.3182806266860428,2.1614654510671016e-15,2.706168622523819e-15,1.1171619185290638e-15,0.027592287551312284,-0.016374929418407683,False,324280.14262534544
2020-06-18,-0.0002316536051181841,-3.741203830482152e-05,0.00018116154105914174,1.3080025754220849e-05,87743.69867757996,0.4957557667179797,0.6042243667351095,4.3021142204224816e-16,4.718447854656915e-16,1.682681771697503e-16,0.0754496155610196,-0.05702992659514399,False,439913.9357213131
2020-06-19,-0.0003513641819876625,-0.00014538051421677378,0.00018115252941191168,2.4831138358977087e-05,87712.86868466953,0.49174751157537683,0.49521824247893037,1.2836953722228372e-16,-3.7470027081099033e-16,1.1069704181077e-15,0.05852765630682044,-0.07171089779785433,False,193357.10335402278
2020-06-22,-0.00042841079469080616,-0.00018787574484346935,0.00017948074598007145,6.105430386726538e-05,87675.29154489172,0.4956419421264853,0.6619304392471987,-7.820133429703446e-15,-8.458511668862911e-15,2.400857290751901e-15,0.09255787373782648,-0.0028232636928289105,False,513724.90958986664
2020-06-23,-0.0003673068832851211,-0.00016735067938573558,0.00017275358310840443,2.7202620790981085e-05,87643.08780681324,0.47583128139270764,0.4128541005112963,-4.6351811278100286e-15,-4.6351811278100286e-15,3.8935868418299435e-15,0.09987904167043828,0.050254093732354614,False,447497.4235507436
2020-06-24,-0.0002121170219698633,-2.9032600622801233e-05,0.00016611781447673461,1.696660687032743e-05,87624.49721603142,0.45646469611632046,0.6890907390958712,1.5817208653956527e-14,1.777744618181032e-14,3.3740371607748898e-15,0.09996086791065725,-0.09090909090909091,False,270741.8005802736
2020-06-25,-0.00019158134177097165,1.961870618169743e-05,0.00018288125045557913,2.8318797497089948e-05,87607.70999728277,0.4974120862320221,0.5751122223134284,8.916478666520788e-15,9.658940314238862e-15,1.1934897514720433e-15,0.0852846095648554,0.026538678712591763,False,184298.18017951396
2020-06-26,-0.0001570959145287483,4.8132410892711124e-05,0.0001815935765592641,2.3634748862195315e-05,87593.94718396098,0.4986595959705964,0.48208241891832926,-6.161737786669619e-15,-6.682154829462661e-15,1.2806596061398778e-15,0.09708376523857,0.04686617730095992,False,287693.47193422215
2020-06-29,0.0001138148151156812,0.0003546177801799161,0.0001813681462934812,5.943481877075369e-05,87603.91667286497,0.4991817602949413,0.7552541129139323,3.885780586188048e-16,4.163336342344337e-16,1.5612511283791264e-16,0.0950226535828179,-0.008469791078486732,False,331618.5517521777
2020-06-30,-0.00023738830788880654,-2.5560607501783896e-05,0.00018078986013028573,3.103784025673692e-05,87583.12052732157,0.4947878623824853,0.574033966817361,-3.4330177589581012e-15,-3.858025010572419e-15,8.291978215169138e-16,0.09621548969797827,0.032185206098249576,False,261439.6037985657
2020-07-01,-0.00017332440687955913,2.824356706862118e-05,0.0001779775369556859,2.3590436992494426e-05,87567.94023490352,0.48714181583459487,0.6572616271923916,7.979727989493313e-16,8.326672684688674e-16,1.249000902703301e-16,0.07943012901726847,-0.02766798418972332,False,278674.0285969867
2020-07-02,-0.00040852810193484784,-0.00020193150312355004,0.0001795858470088708,2.7010751802427018e-05,87532.16627048902,0.4939066161718678,0.5588480941488629,-1.705927066275592e-14,-1.8582357874663558e-14,2.435551760271437e-15,0.09719097738299086,-0.05251270468661773,False,299805.4268807678
2020-07-06,-0.0007596659331193358,-0.0005500599408894019,0.00011774055209587143,9.186544013406246e-05,87465.67106572118,0.32800445384418014,0.48339270500417136,5.568462357885551e-15,5.8321403262340255e-15,1.2212453270876722e-15,0.09999613194231015,-0.10559006211180126,False,954739.0875011415
2020-07-07,-0.0003405779808806793,-0.00019303707494859818,0.00012767545230177297,1.9865453630308187e-05,87435.88218407324,0.3566318400732474,0.5919207375164773,-3.292548525490879e-14,-3.6137759451548845e-14,4.881511861398735e-15,0.09998437350367743,-0.018633540372670808,False,609919.4497495382
2020-07-08,-0.00010813598499412604,0.00013319788236564837,0.00021700835759882193,2.4325509760952476e-05,87426.42721882943,0.5950730926203707,0.0,0.0,0.0,0.0,0.0,-0.06493506493506496,True,146657.0574599377
2020-07-09,-0.0001781744742501659,0.0,0.0001781744742501659,0.0,87410.85006112415,0.4932460039443562,0.4933339034532337,-6.366435156834882e-16,-6.38378239159465e-16,2.5847379792054426e-16,0.056009979548658856,-0.005081874647092039,False,277589.6136723419
2020-07-10,-0.00048250762232720715,-0.00028325374769162435,0.0001789798786032581,2.02739960323247e-05,87368.67365969556,0.4931991116086215,0.5590711377723728,1.8783585797876867e-14,2.0136670109138777e-14,5.386316392907986e-15,0.08942306410399029,0.04686617730095992,False,185577.17896993514
2020-07-13,0.0003620950859994545,0.0006068928036743867,0.00017587113904546394,6.892657862946832e-05,87400.30942709802,0.4863064466810196,0.4224663675564784,1.4363510381087963e-15,1.5265566588595902e-15,3.885780586188048e-16,0.05495746189766129,-0.003952569169960475,False,250101.38454928118
2020-07-14,-0.00024567468242236355,-5.227968026803867e-05,0.000176033370610908,1.7361631543416855e-05,87378.83738383591,0.4894533822091396,0.24815863781032035,-4.2500725161431774e-16,-3.608224830031759e-16,3.677613769070831e-16,0.03563264033653083,0.032185206098249576,False,381588.0999640342
2020-07-15,-0.00014118292472092421,4.5523397159794504e-05,0.00017650802169673292,1.0198300183985783e-05,87366.50098401535,0.48893733757782376,0.5951566658131915,1.4918621893400541e-15,1.3322676295501878e-15,4.996003610813204e-16,0.07747474031310822,0.13721061547148505,False,267539.9475521761
2020-07-16,-0.0002141741814499959,-1.0702824616499393e-05,0.00017901286371788594,2.445849311561055e-05,87347.78933518095,0.4978327132324629,0.41577060715675523,-3.882311139236094e-15,-4.690692279041286e-15,1.6132928326584306e-15,0.055297538581019365,0.09881422924901187,False,437133.5806474318
2020-07-17,-1.7615904279173934e-05,0.00017411793210870763,0.00017464737308006955,1.7086463307812016e-05,87346.25062488503,0.4835786427849946,0.5449338212311937,8.451572774959004e-15,9.131584377541913e-15,1.7338561142388187e-15,0.061287945237752946,0.07848673066064371,False,190612.79285009316
2020-07-20,-0.0002752839577586986,-3.229511223808222e-05,0.0001758052237249908,6.718362179562559e-05,87322.20560331763,0.4901298433713483,0.47961280946290735,5.877487082098232e-15,6.328271240363392e-15,1.214306433183765e-15,0.0628030236470713,-0.015245623941276118,False,565384.9639272896
2020-07-21,-0.00019192686932189337,4.478669432654291e-06,0.00017669542329716814,1.9710115457379517e-05,87305.4461257739,0.48828742302563033,0.6120955047424298,7.389922007661198e-16,6.661338147750939e-16,1.27675647831893e-15,0.07049641807678397,0.07284020327498589,False,277287.50320235646
2020-07-22,-4.910009918108732e-06,0.00019622826538696583,0.00017598366552113912,2.515460978393544e-05,87305.01745516752,0.48978575271758534,0.4434953013715022,-1.2663481374630692e-16,-1.6653345369377348e-16,4.90059381963448e-17,0.07015035619485213,-0.10333145115753813,False,378516.2311016218
2020-07-23,-0.0001759094141705861,2.007698595721202e-05,0.00017776056582485966,1.822583430293845e-05,87289.65968069283,0.49644890591166846,0.4898496883260723,3.0184188481996443e-16,2.914335439641036e-16,1.3183898417423734e-16,0.07918414604760418,0.16883116883116886,False,422112.0654243929
2020-07-24,7.580180669257065e-05,0.0002771527931951137,0.00018122017739325243,2.0130809109290633e-05,87296.27639460222,0.49821611272728716,0.7819176169982057,-4.385380947269368e-15,-4.8433479449272454e-15,1.2004286453759505e-15,0.0948196090912837,0.09768492377188029,False,192616.47667321906
2020-07-27,0.0003159272392110512,0.0005919134395731667,0.00017958539826644577,9.640080209566973e-05,87323.85566619696,0.4991515290527567,0.5458105802589348,-6.168676680573526e-15,-6.702971511174383e-15,1.5543122344752192e-15,0.07980534720358565,-0.09881422924901187,False,358664.41304628836
2020-07-28,-0.00041743067776273124,-0.00022063873361634145,0.00017436137235492645,2.2430571791463326e-05,87287.40400994137,0.4838538518438586,0.3874822802762055,-2.768618667658984e-15,-2.9976021664879227e-15,7.7021722333370235e-16,0.054781981570366636,-0.11914172783738003,False,246505.21218722546
2020-07-29,-0.0003046577841155738,-0.00011030896647215899,0.00017842488831699526,1.592392932641952e-05,87260.81122285449,0.49312271521631124,0.6347425746658731,7.258083023486961e-15,7.702172233337023e-15,2.282896094385478e-15,0.08356953607487956,0.042925728907439696,False,192160.60544210774
2020-07-30,-4.286662031405635e-05,0.00016239910629245414,0.00017918041531887218,2.608531128763832e-05,87257.0706467915,0.49571473988476367,0.5659407713778448,2.6575963651964685e-15,2.9976021664879227e-15,7.008282842946301e-16,0.05695642415016694,0.032185206098249576,False,202799.87442836756
2020-07-31,0.0001710486534791409,0.000369425826494606,0.00017511933309582775,2.3257839919637345e-05,87271.99585123218,0.4872558106443993,0.5152125228292588,-3.066991105526995e-15,-3.3584246494910985e-15,7.840950111415168e-16,0.08557031924129278,-0.07171089779785433,False,386889.3407239698
2020-08-03,-0.0007350579812493794,-0.0004944944724677913,0.00017704415665195308,6.351935212963502e-05,87207.84587414216,0.49245325117896077,0.4853288604158027,-7.33441085642994e-15,-7.813194535799539e-15,1.779826286352204e-15,0.05100094267474532,-0.09090909090909091,False,270499.3290121891
2020-08-04,-0.00015850688989796672,3.926023002307852e-05,0.00017782209826012154,1.9945021660923695e-05,87194.02282971796,0.4956104262530771,0.548156634943687,7.025630077706069e-15,7.66053886991358e-15,1.394717674685353e-15,0.05097410492001875,-0.10671936758893281,False,512750.3934595506
2020-08-05,-0.0005936034276614949,-0.0003947842064687654,0.00017629223619504414,2.2526984997685478e-05,87142.26415889464,0.48718535768207993,0.44136183330663553,-4.996003610813204e-16,-6.730727086790012e-16,3.8510861166685117e-16,0.04848364965603939,-0.005081874647092039,False,221758.36056437134
2020-08-06,-0.0004650652703281542,-0.000274569909091026,0.0001723572037039788,1.8138157533149426e-05,87101.73731825658,0.4786007802328418,0.4910748245242606,5.407133074619708e-15,6.938893903907228e-15,3.406996906818449e-15,0.05891690472051051,-0.05815923207227556,False,334643.92385106924
2020-08-07,-8.20021469199049e-05,0.0001151031555429425,0.00017692414529061774,2.0181157172229664e-05,87094.59478879604,0.4902167751060664,0.3388773454357691,-2.983724378680108e-16,-3.7470027081099033e-16,5.551115123125783e-17,0.04968202795441608,-0.025409373235460195,False,251079.4680933261
2020-08-10,-0.00014679946754356905,7.048439234257794e-05,0.00017550446113379187,4.177939875235513e-05,87081.80934865512,0.4881294348509291,0.45696797353684093,-4.947431353485854e-15,-5.322131624296844e-15,1.4224732503009818e-15,0.03934542118743299,-0.017504234895539244,False,395591.8399391547
2020-08-11,-0.000266985134548639,-7.126996131259701e-05,0.0001769356674742538,1.8779505761788184e-05,87058.55980006943,0.48978122047087663,0.593968174895605,2.3592239273284576e-16,2.0816681711721685e-16,8.326672684688674e-17,0.0876733625185985,0.06606437041219651,False,196762.8839538637
2020-08-12,0.0002873989519590955,0.0004890830775381238,0.00017727447455592125,2.4409651023107042e-05,87083.58033891504,0.4930592372433966,0.7564548558702454,-6.245004513516506e-16,-6.245004513516506e-16,4.163336342344337e-16,0.09914707077601465,0.1360813099943535,False,251984.5906172639
2020-08-13,0.0004985557400563712,0.0007066304581665633,0.00017698753225251076,3.1087185857681346e-05,87126.99635775766,0.4877086729601168,0.48403850979514806,1.3183898417423734e-16,1.249000902703301e-16,4.163336342344337e-17,0.0984981769535561,-0.042348955392433656,False,168575.89471137236
2020-08-14,-0.00030558817116986374,-0.00010589042643918337,0.0001798057511774551,1.9891993553225258e-05,87100.37137828117,0.4997852064833709,0.3991898607539147,4.865899350114944e-16,5.898059818321144e-16,1.6309619399381553e-16,0.057826383969476605,-0.014116318464144554,False,220827.06990517056
2020-08-17,-0.00041519696450857566,-0.00019404538036951502,0.00017193639582693427,4.921518831212639e-05,87064.20756847734,0.48006985190436097,0.5298564094625253,7.79064313061184e-15,8.854028621385623e-15,1.7403613272737317e-15,0.09919630029333144,-0.10220214568040656,False,370220.5071924599
2020-08-18,-0.00048427306541116137,-0.00028407382844544595,0.00017842431602889963,2.177492093681579e-05,87022.04471779056,0.4980512884490117,0.5276429229881786,2.740863092043355e-16,3.3306690738754696e-16,7.762887554996212e-17,0.09999262564857023,0.07284020327498589,False,332162.42978844995
2020-08-19,1.2821194724604925e-05,0.00020936011233996498,0.00017485496187611985,2.1683955739240203e-05,87023.16044437121,0.48835452538622026,0.6521254133397261,-5.365499711196264e-15,-5.7870375158586285e-15,1.4558666772135354e-15,0.09987001849918022,-0.02992659514398645,False,470012.7085876539
2020-08-20,-0.0007316607287630924,-0.00046855915992183143,0.00023630189432045015,2.679967452081088e-05,86959.48901538122,0.6524312880737976,0.0,0.0,0.0,0.0,0.0,0.012987012987012988,True,151663.3577287225
2020-08-21,-0.00016447334017888582,0.0,0.00016447334017888582,0.0,86945.18649776261,0.45380427707472726,0.4538789280580619,-1.8283985436795547e-15,-2.005340338229189e-15,4.3021142204224816e-16,0.09801612103881864,0.009599096555618296,False,157438.21180693957
2020-08-24,0.00012741950095568872,0.0003599934049434301,0.00017661622792578831,5.595767606195307e-05,86956.26501003666,0.49354462753938494,0.7431470896301136,7.618905506490137e-15,7.605027718682322e-15,2.040034807748725e-15,0.08925650950138489,0.018633540372670808,False,420464.64175357495
2020-08-25,-0.00016503343541803683,4.511392478565788e-05,0.00017960706884903284,3.054029135466188e-05,86941.91431889092,0.4944600322196999,0.686085443293553,5.100087019371813e-15,5.828670879282072e-15,1.779826286352204e-15,0.09898629848791408,-0.0016939582156973462,False,137502.6814376772
2020-08-26,-0.0003014112381219228,-9.502481042860918e-05,0.00017819113550316784,2.8195292190145807e-05,86915.70904885138,0.492449280753591,0.704117389875671,-6.716849298982197e-15,-7.382983113757291e-15,1.2871648191747909e-15,0.09844659668549484,-0.0378317334839074,False,197582.68358363223
2020-08-27,6.12611862777231e-05,0.00026717660154604734,0.00017697908417754296,2.8936331090781272e-05,86921.03360829389,0.49037861436004937,0.6179416914196463,1.2576745200831851e-14,1.3489209749195652e-14,1.915134717478395e-15,0.08693746363656911,0.06267645398080182,False,218389.5163326417
2020-08-28,-6.150139405977101e-05,0.00014408049653187214,0.0001801870265606993,2.539486403094385e-05,86915.68784355385,0.4982336515245181,0.3769589384104513,-8.847089727481716e-17,-7.632783294297951e-17,1.1102230246251565e-16,0.06163881687644516,-0.04573687182382835,False,173971.44922114912
2020-08-31,-0.0005670278349586857,-0.0003435452897152507,0.00017700815557639311,4.6474389667041956e-05,86866.40422925197,0.48997573342563777,0.5759287709095022,8.965050923848139e-15,9.395262345890387e-15,2.4980018054066022e-15,0.07510228079657356,-0.08074534161490683,False,166472.60230120417
2020-09-01,-0.0004123825775750286,-0.00020963974409989874,0.00017907452782131507,2.3668305653814783e-05,86830.58203757124,0.496112407251617,0.39754794181342695,3.122502256758253e-17,5.134781488891349e-16,8.534839501805891e-16,0.09945488461140203,0.06041784302653869,False,211393.40582761398
2020-09-02,0.0005807569773223912,0.0007724473921722335,0.00017535282819997538,1.6337586649866858e-05,86881.00950393452,0.48770998158297896,0.678770737149835,-4.2327252813834093e-16,-4.163336342344337e-16,1.4140706834642192e-16,0.08110546603400144,0.040090344438170535,False,194478.42258174237
2020-09-03,0.000425004797613227,0.0006326249914333208,0.00017972550599201835,2.7894687828075432e-05,86917.93434979518,0.4985234450624984,0.6426411237303149,-1.2323475573339238e-14,-1.4224732503009818e-14,3.3306690738754696e-15,0.06379415681012265,-0.016374929418407683,False,207049.02487336003
2020-09-04,-1.9035234906302475e-06,0.00020146592964478494,0.00017695954394101817,2.640990919439701e-05,86917.76889946539,0.49230296923714756,0.3854550125009848,1.8388068845354155e-16,9.020562075079397e-17,3.157196726277789e-16,0.05650083409465556,-0.17786561264822137,False,311942.6626715935
2020-09-08,-0.0014509417437329052,-0.001214372534698663,0.00017320674122586128,6.336246780838103e-05,86791.65628029701,0.48456846573633,0.5441704857362446,5.273559366969494e-16,4.718447854656915e-16,5.273559366969494e-16,0.08027761770222479,0.06154714850367025,False,216368.2710315532
2020-09-09,0.00029019248411147106,0.0004659043652595736,0.00015334871050140756,2.2363170646694965e-05,86816.84256663315,0.4293836185756452,0.346328533118344,2.0435042547006788e-15,2.3037127760972e-15,6.002143226879753e-16,0.09966245187795078,0.032185206098249576,False,352072.07227474026
2020-09-10,0.0001763208428663458,0.0003650526255873325,0.0001744991032777672,1.423267944321953e-05,86832.1501854895,0.4863682630020283,0.6805976785088775,-5.991734886023892e-15,-7.466249840604178e-15,2.9004576518332215e-15,0.09679466199801706,-0.033314511575381144,False,198854.09372855842
2020-09-11,-0.0006620219287617862,-0.0004596884759514241,0.00017436368520040805,2.7969767609954115e-05,86774.66539794518,0.48696937983895294,0.7175769762107486,5.159067617555024e-15,5.592748486549226e-15,9.332812300755222e-16,0.07627603873838777,0.08977978543195936,False,263887.0956410209
2020-09-14,0.00026957763644933937,0.0005377257033491465,0.00017967967257245517,8.846839432735192e-05,86798.05790714685,0.4991365893498691,0.6024504622223303,-8.604228440844963e-16,-7.494005416219807e-16,8.014422459012849e-16,0.06693674818037768,-0.07171089779785433,False,243496.90550233755
2020-09-15,-0.00018460627553004117,1.5665400029977778e-05,0.0001755134373864985,2.475823817352046e-05,86782.03444095337,0.4874214561760844,0.5461933528710178,1.85268467234323e-15,1.949829186997931e-15,4.3368086899420177e-16,0.06978726784500834,-0.06041784302653869,False,211201.192081501
2020-09-16,-0.00025517473085444103,-8.020974427859956e-05,0.00015251868440305997,2.2446302172781475e-05,86759.8898586719,0.4272794975455381,0.6622620236078565,-2.3332030751888055e-16,-2.220446049250313e-16,1.3877787807814457e-16,0.09940264034094891,0.008469791078486732,False,562901.3857819829
2020-09-17,0.0002355410595789976,0.00039086336589980403,0.00012810605877527808,2.721624754552836e-05,86780.32537505816,0.3569813582755396,0.6299880882396667,7.691763892481163e-15,8.493206138382448e-15,1.1657341758564144e-15,0.0996725430688614,-0.14963297571993225,False,382366.9400686816
2020-09-18,-0.0007390920469412871,-0.0005577476966228748,0.00015545442888390576,2.588992143450653e-05,86716.18672674248,0.431078195033644,0.5265781302353248,5.811323644522304e-15,5.35682609381638e-15,3.3861802251067274e-15,0.09993373759882572,0.101072840203275,False,198862.77804757003
2020-09-21,-4.717070321983903e-05,0.00019635669978371607,0.00017860681160468015,6.492059139887495e-05,86712.09626323404,0.4971508904726246,0.5724396646439369,-1.4051260155412137e-15,-7.28583859910259e-16,2.3869795029440866e-15,0.09966902601685763,0.03444381705251271,False,240786.25308087925
2020-09-22,-0.00033998518663566326,-0.00013917310995611288,0.000177287158954457,2.3524917725093355e-05,86682.61543500242,0.49424324540684894,0.6664274701717422,1.3253287356462806e-15,8.777700788442644e-16,1.4710455076283324e-15,0.08943449878138875,0.06493506493506496,False,334645.9607785146
2020-09-23,0.0007006557892646362,0.0009060261996220638,0.00017798298007639716,2.7387430281030445e-05,86743.35011133555,0.49794433968865287,0.7413968662364391,-5.9657140338842396e-15,-7.060324547225605e-15,1.8362047993214503e-15,0.07601343347308166,0.059288537549407126,False,381151.09033121966
2020-09-24,3.482464725075808e-05,0.00024054429215991833,0.00017525128054327895,3.046836436588131e-05,86746.37091790453,0.48853641138528525,0.4358742209375719,-4.805184028455756e-15,-4.8606951796870135e-15,9.612536461256482e-16,0.04790148854203127,0.15640880858272163,False,263488.878209447
2020-09-25,-0.00021999270454510665,-3.074593504051601e-05,0.0001713341302879779,1.791263921661274e-05,86727.28734915682,0.48085329651685466,0.36915531349733954,-6.303985111699717e-15,-5.981326545168031e-15,3.073929999430902e-15,0.046274404692808725,0.015245623941276118,False,517975.9794661044
2020-09-28,-0.00016108062655197282,6.182217542125007e-05,0.0001773905030488926,4.551229892433031e-05,86713.31726337146,0.49591511747147643,0.608452668268986,-1.2250617187348212e-14,-1.2725931419765857e-14,4.107825191113079e-15,0.07758408089498847,0.040090344438170535,False,213860.95731352593
2020-09-29,-0.00025843485669894604,-5.634332425452502e-05,0.00017708662826898273,2.500490417543828e-05,86690.9075196506,0.49421185488967423,0.41645516348858763,1.6670692604137116e-15,1.7208456881689926e-15,4.3021142204224816e-16,0.09278623911459331,-0.0028232636928289105,False,286315.63224611856
2020-09-30,-0.0001973868984732709,-7.774286158301868e-06,0.00017249801655516415,1.7114595759804898e-05,86673.79587028947,0.48288363832525,0.46189410062510994,2.4993895841873837e-14,2.5757174171303632e-14,7.36216643204557e-15,0.0705373032004467,-0.1236589497459063,False,318896.45529722294
2020-10-01,-0.00023723213345876675,-4.37099090070554e-05,0.00017454027511095444,1.898194934075692e-05,86653.23406078019,0.48756821443874715,0.5700361353476187,-1.5577816814271728e-14,-1.777744618181032e-14,3.2057689836051395e-15,0.09234937396597385,0.03896103896103897,False,216898.8678844028
2020-10-02,-0.00011942373317059162,8.041146362962098e-05,0.00017640905425167968,2.3426142548532913e-05,86642.88560807734,0.49276984915732974,0.7574513959285911,5.204170427930421e-14,5.863365348801608e-14,9.80118763926896e-15,0.07109799989698655,-0.11462450592885377,False,200832.65344733268
2020-10-05,-0.00022393148964206292,4.615427588987005e-05,0.0001767013468558117,9.338441867612125e-05,86623.48353763623,0.49375711080413287,0.5634383663802327,1.7763568394002505e-15,2.220446049250313e-15,7.441963711940502e-16,0.06743021214112827,-0.09542631281761718,False,220478.15108254444
2020-10-06,-0.00046034133092447577,-0.0002584370657272945,0.0001787492638390896,2.3155001358091683e-05,86583.6071679352,0.49911714594485274,0.6914856578993156,-9.988537774674455e-15,-1.0394463068053028e-14,2.0816681711721685e-15,0.04900101780066843,-0.040090344438170535,False,315118.3820440767
2020-10-07,-0.0003234328388123048,-0.00011952007885095138,0.00017549554114357292,2.84172188177805e-05,86555.60318607427,0.4904584536347975,0.802887574795269,1.2698175844150228e-15,4.829470157119431e-15,6.6769506590347305e-15,0.09015310199624145,0.06380575945793338,False,285904.3809810812
2020-10-08,-0.0001964218330909401,1.3862318174481347e-05,0.00017728877147931457,3.299537978610689e-05,86538.60177583215,0.49482870629051706,0.5494581762592372,-3.3653635433950058e-15,-3.4833247397614286e-15,1.186550857568136e-15,0.09858842715178273,0.05251270468661773,False,330360.4993710046
2020-10-09,-0.00013455889277059604,6.630243300292037e-05,0.00017828085277656132,2.2580472996955094e-05,86526.95723739528,0.49546650960689476,0.9016353011406959,-1.1393663790215669e-14,-1.289246487345963e-14,2.581268532253489e-15,0.09190131453678554,0.033314511575381144,False,327770.48190286267
2020-10-12,-0.0006720631043674474,-0.0003846738043724573,0.00017622878341599877,0.00011116051657899127,86468.80566190285,0.4928968393068911,0.6710896200642873,-5.655198531684391e-16,-7.077671781985373e-16,6.730727086790012e-16,0.061698664855469244,0.032185206098249576,False,372550.7775802499
2020-10-13,-0.0003143082638789882,-0.0001086038051907398,0.00017812543320615444,2.7579025482094016e-05,86441.62780171557,0.4963904700342912,0.5054566246158518,-9.575673587391975e-16,-1.1379786002407855e-15,5.273559366969494e-16,0.08148383948451077,0.007340485601355168,False,201741.89623346363
2020-10-14,-0.00031678010810179863,-0.0001187693873133432,0.00017723853073574916,2.0772190052706276e-05,86414.24481351605,0.494290696614922,0.6201032690719455,6.522560269672795e-16,7.008282842946301e-16,2.0990154059319366e-16,0.06344930419070446,0.05251270468661773,False,186160.8764397299
2020-10-15,-0.00013682257756125982,6.377694315044938e-05,0.00017511582472245119,2.5483695989258003e-05,86402.42139380265,0.48929920733459403,0.5989505934437861,1.8735013540549517e-14,1.9761969838327786e-14,3.0773994463828558e-15,0.07321293442629453,-0.06041784302653869,False,290156.1094609099
2020-10-16,-0.0005584141259230089,-0.0003547442361522937,0.00017905548182097143,2.4614407949743863e-05,86354.1730611824,0.4975389928523551,0.37167016375376666,5.842114986220892e-15,7.591149930874508e-15,2.9715813143482706e-15,0.052043740789668946,0.032185206098249576,False,180058.32819298742
2020-10-19,-0.0001908727586201673,3.294538998083413e-05,0.00017799579964505833,4.582234895594311e-05,86337.69040195186,0.4969324226481467,0.5759616675329088,2.7755575615628914e-17,8.326672684688674e-17,2.1597307275911248e-16,0.0694414598285186,0.03896103896103897,False,297325.107707114
2020-10-20,-0.00019230048846797263,4.811715076056472e-06,0.0001734425459741835,2.3669657569845573e-05,86321.08762191437,0.48417780460193716,0.6254370722659462,3.2612801348363973e-16,3.608224830031759e-16,1.4224732503009818e-16,0.05936381294629125,0.023150762281197064,False,267098.59033868735
2020-10-21,-0.000246708368292603,-4.919258954222373e-05,0.000171812885369587,2.5702893380792306e-05,86299.79148723792,0.48045692371946286,0.6593001685867456,1.272419669628988e-14,1.4883927423881005e-14,3.9065972678997696e-15,0.06093463664452684,0.03557312252964427,False,284120.75430855964
2020-10-22,-7.778327379109567e-05,0.00012294499857962933,0.0001736337448945579,2.709452747616709e-05,86293.07880692856,0.48643144137570643,0.6212726221560485,-4.2674197509029455e-16,-4.718447854656915e-16,1.5959455978986625e-16,0.07596558173315737,-0.03670242800677584,False,336241.4884485841
2020-10-23,-0.0002894293687273943,-8.942569237773858e-05,0.00017447192475420164,2.5531751595454063e-05,86268.10305560392,0.48864289524594673,0.616704034647018,2.6020852139652106e-16,-8.326672684688674e-17,5.35162192338845e-16,0.06713421072541703,0.04573687182382835,False,303845.6393576229
2020-10-26,1.7442084094905003e-06,0.00025500773539361316,0.00017723152271257252,7.603200427155013e-05,86268.25352515474,0.492942219666213,0.8330019555166275,-1.0408340855860843e-15,-1.27675647831893e-15,2.7755575615628914e-16,0.08624997109774228,0.04347826086956522,False,236829.759109235
2020-10-27,0.0004538835450891225,0.0006610579119577204,0.00017294140979257208,3.4232957076025826e-05,86307.40926589338,0.4832895059331418,0.59617610511149,6.2103100439969694e-15,5.745404152435185e-15,1.880440247958859e-15,0.052265842233875655,-0.047995482778091486,False,286645.21522532124
2020-10-28,-0.00031364667900798596,-0.00011757790943580119,0.0001715683816908909,2.4500387881293852e-05,86280.33923360334,0.4808647220875276,0.35404275542981417,5.863365348801608e-16,7.008282842946301e-16,2.896988204881268e-16,0.03908569183551257,0.0378317334839074,False,652184.095327914
2020-10-29,-0.00018936710579518177,1.4478141881680727e-06,0.0001762652177054123,1.4549702277937542e-05,86264.00057547564,0.4934009223777782,0.6863752915215499,1.1088352458443751e-14,1.1095291352347658e-14,2.204833537966522e-15,0.06649398329006265,0.13156408808582723,False,482982.0200283554
2020-10-30,0.00015330094654792287,0.0003572557794762944,0.00017574762916721238,2.8207203761159126e-05,86277.22492841688,0.49188950264208336,0.5198977133798333,-3.7192471324942744e-15,-3.882311139236094e-15,7.28583859910259e-16,0.08978273885698561,-0.05251270468661773,False,339234.1489955272
2020-11-02,-0.00012825126259616987,0.00011174989117014196,0.0001759041754044141,6.40969783618977e-05,86266.15976538652,0.4906929935694609,0.35835865911866316,-2.0886070650760757e-15,-2.1371793224034263e-15,5.863365348801608e-16,0.055131058755196215,0.023150762281197064,False,395278.8023099532
2020-11-03,-0.00023287142641011512,-4.1257719930337514e-05,0.00017688663829681876,1.4727068182958848e-05,86246.07084171103,0.4911169137835065,0.5532024131339419,-6.58501031480796e-15,-7.45931094670027e-15,1.4762496780562628e-15,0.0974083233296839,-0.017504234895539244,False,241783.40056435953
2020-11-04,-5.939752109672297e-05,0.0001406410089337031,0.00017730418428519532,2.2734345745230758e-05,86240.9480388987,0.49571494201425675,0.7445648442909194,9.43689570931383e-16,1.1136924715771102e-15,2.3418766925686896e-16,0.0738531221728896,0.1259175607001694,False,422373.8045179344
2020-11-05,-2.8929569600384526e-05,0.00017838032102197561,0.00017671133537752788,3.059855524483226e-05,86238.45312539,0.49247566426834044,0.5600268127359594,-6.938893903907228e-18,6.938893903907228e-17,5.065392549852277e-16,0.07493999295007846,-0.0942970073404856,False,297658.7805327578
2020-11-06,-0.0007095722968802102,-0.0005112074962826485,0.0001753500000741661,2.3014800523395592e-05,86177.26070812643,0.488927925611908,0.567281317635943,1.7277845820728999e-15,2.185751579730777e-15,1.1639994523804376e-15,0.04002731288069875,0.11123658949745907,False,356991.81154062157
2020-11-09,-0.00022477406118408312,2.093202668606732e-05,0.0001757672952848974,6.993879258525304e-05,86157.89029525535,0.4892481829542182,0.7417873209448697,1.2628786905111156e-15,1.2906342661267445e-15,3.131175874138137e-16,0.07948738574877211,0.08187464709203841,False,328873.80157736706
2020-11-10,0.000550853099299491,0.0007567771802737139,0.00017543967052443385,3.0484410449789115e-05,86205.3506361536,0.4893733774867863,0.581553984280632,-2.7755575615628914e-16,-3.3306690738754696e-16,9.71445146547012e-17,0.06726484171152418,0.059288537549407126,False,379143.11534999375
2020-11-11,1.5280564645087132e-05,0.00021748511747685475,0.00017830507402571424,2.3899478806053382e-05,86206.66790258675,0.4973844813936247,0.6324378646515788,3.3306690738754696e-16,3.191891195797325e-16,7.979727989493313e-17,0.08066686742086022,0.05590062111801244,False,434737.72850117396
2020-11-12,6.453906236959739e-05,0.00026483507703213484,0.00017430541748507532,2.599059717746213e-05,86212.2316001032,0.4859819555860938,0.7658185109455532,-1.7416623698807143e-15,-1.734723475976807e-15,3.469446951953614e-16,0.09312160517629306,-0.032185206098249576,False,378289.48193341086
2020-11-13,-0.0007629369975014339,-0.0005614848189676193,0.0001699801849333123,3.147199360050225e-05,86146.45709897832,0.4744092077844155,0.6608242769682198,5.336009412104659e-15,5.7592819402429996e-15,2.2898349882893854e-15,0.06849640374227974,-0.15415019762845852,False,415463.81779563974
2020-11-16,-0.0007086276763040762,-0.00044914560258262656,0.0001780105875198889,8.14714862015607e-05,86085.41133526244,0.4961170619996113,0.49922226340133397,-9.43689570931383e-16,-1.124100812432971e-15,3.712308238590367e-16,0.0645638345740927,0.0852625635234331,False,267061.8990782239
2020-11-17,0.00017649665517221748,0.00037447297079509773,0.00017746033219542812,2.051598342745212e-05,86100.60512242225,0.49474724488927824,0.6211849777467665,-4.08006961549745e-15,-4.3576253716537394e-15,6.617970060851519e-16,0.07911611900423639,0.07284020327498589,False,416387.6996556013
2020-11-18,0.0005420162289004144,0.000745415865875491,0.0001778714872046614,2.552814977041523e-05,86147.27304771675,0.49250027162998544,0.7565808872598598,2.250977182427505e-14,2.098321516541546e-14,8.590350653037149e-15,0.08184327077223484,-0.12704686617730096,False,238527.3247060637
2020-11-19,-0.0004909323186781528,-0.0002860135150928368,0.0001738264383554596,3.1092365229856334e-05,86104.98056721163,0.48449867029953064,0.5325946797837704,1.3503087537003466e-14,1.3655743202889425e-14,3.4416913763379853e-15,0.06437281734142968,-0.02992659514398645,False,380084.81784792605
2020-11-20,-0.00040265900548969635,-0.00020447619932387965,0.00017629535357196368,2.1887452593853023e-05,86070.30962136872,0.49118701091488803,0.6839668993120951,4.657385588302532e-14,4.783673457353643e-14,7.167877402736167e-15,0.08269847654930604,-0.24788255223037836,False,255274.1984763338
2020-11-23,-0.0008039984329012231,-0.0005434266321251106,0.00017624711455955857,8.432468621655392e-05,86001.10922731382,0.49143969597101533,0.7588015533619804,7.355227538141662e-16,2.192690473634684e-15,1.97758476261356e-15,0.09522251934801987,-0.010728402032749858,False,440629.6331188639
2020-11-24,0.0001652570857957405,0.00037336900315410493,0.00017692829187773514,3.1183625480629296e-05,86015.32151999992,0.4945055742115109,0.7524256118963466,3.22519788653608e-14,3.2834845953289005e-14,5.281582463045886e-15,0.07536517606408906,-0.03557312252964427,False,615789.4830333758
2020-11-25,-0.00027240791277835253,-6.407438646320382e-05,0.00017741192582625907,3.092160048888963e-05,85991.8902657977,0.4939859453945871,0.6613926248470493,3.406996906818449e-15,3.1225022567582528e-15,9.506284648352903e-16,0.08801455252390893,-0.006211180124223602,False,270339.5533477817
2020-11-27,-5.699126252323804e-05,0.0001701330678765131,0.00017276329274108985,5.43610376586613e-05,85986.9894794047,0.4820977796509053,0.6815036844147961,7.049916206369744e-15,6.8833827526759706e-15,1.6653345369377348e-15,0.05898706981231941,0.16883116883116886,False,342397.51613271795
2020-11-30,-0.00016395223412960584,9.761282011115456e-05,0.0001775440520526357,8.40210021881247e-05,85972.89172037347,0.49579335169254773,0.6439177533527768,6.125308593674106e-15,6.085409953726639e-15,1.27675647831893e-15,0.058202265255493435,0.03557312252964427,False,373233.93474162125
2020-12-01,0.00024401484595692918,0.0004446355730832092,0.00017415835370082372,2.646237342545633e-05,85993.87038230308,0.4853592327414866,0.6319544528701196,-3.698430450782553e-15,-3.6290415117434804e-15,8.396061623727746e-16,0.07898535367251107,0.06606437041219651,False,441155.5533323937
2020-12-02,0.00020267984856358562,0.0004039138807176841,0.0001752633012142304,2.5970730939868084e-05,86011.29960692955,0.49027010912948493,0.5773489352823377,-7.91033905045424e-16,-8.881784197001252e-16,4.631711680858075e-16,0.07923892051346483,0.010728402032749858,False,328690.37008818024
2020-12-03,-0.00016955932621929358,3.2477410331437144e-05,0.00017831006797748393,2.372666857324679e-05,85996.71558892095,0.49876666271495784,0.5129323058724099,-1.4641066137244252e-15,-1.4988010832439613e-15,3.2786273695961654e-16,0.04363013465423616,0.10897797854319595,False,489117.04336941504
2020-12-04,6.78444713621418e-05,0.00026812203044398395,0.00017919814925146908,2.1079409830373068e-05,86002.54999062898,0.49696571251789606,0.43635268934794097,-1.0359768598533492e-14,-1.1171619185290638e-14,2.6044704587446788e-15,0.053338399317899576,-0.059288537549407126,False,199595.75393623134
2020-12-07,-0.00030234081485434346,-7.285980847628419e-05,0.00017568409947214746,5.37969069059118e-05,85976.54790958526,0.491256463924482,0.5241583399403402,1.9095836023552692e-14,1.9664825323673085e-14,3.514549762329011e-15,0.06309657340347115,-0.15979672501411638,False,327603.5751137683
2020-12-08,-0.0002471990593618093,-4.8985996586388736e-05,0.00017667230907924297,2.154075369617758e-05,85955.29458781485,0.49238582336491504,0.7056189514085469,3.387568003887509e-14,3.592959263443163e-14,7.792377854087817e-15,0.0751240217733225,0.1394692264257482,False,235680.12669507143
2020-12-09,0.00029785230627503645,0.0005039913025905683,0.00017714095721655193,2.8998039098979983e-05,85980.89657054438,0.49436375622296314,0.8836675257697668,4.315992008230296e-15,7.66053886991358e-15,6.0021432268797525e-15,0.08895139135939138,-0.25014116318464147,False,253397.7293205224
2020-12-10,-0.0008766766582453348,-0.0006688742607633237,0.00017148729368325383,3.631510379875737e-05,85905.51912546599,0.47977232937343817,0.5074447689000178,1.5959455978986625e-16,1.6653345369377348e-16,1.1102230246251565e-16,0.06032787830204713,-0.028797289666854884,False,333998.9472033691
2020-12-11,-0.0004305890009101887,-0.00023182689123861066,0.00017790821505924852,2.085389461232949e-05,85868.52915381308,0.49618302610888537,0.823829991605181,5.648259637780484e-15,5.440092820663267e-15,1.1171619185290638e-15,0.09370891122780468,-0.11575381140598533,False,289727.4931632124
2020-12-14,-0.0004985619414838696,-0.0002203853090076197,0.00017660855131944748,0.00010156808115680243,85825.71837320579,0.4943762278697551,0.7568047499319592,-2.5243696022414497e-14,-2.4591439995447217e-14,4.1945613649119196e-15,0.09822583024107369,-0.02992659514398645,False,447835.2367044442
2020-12-15,-0.0005203588082009007,-0.0003119485198415195,0.0001773087232936832,3.110156506569799e-05,85781.05820468013,0.4935060543288065,0.4866475274055681,-1.0762224444960111e-14,-1.0907941216942163e-14,2.7582103268031233e-15,0.08875456822865779,0.0220214568040655,False,245988.84338168355
2020-12-16,-0.0001625626734225177,3.146565512024021e-05,0.00017402911508773413,1.9999213455023787e-05,85767.11340652936,0.4868821863313016,0.7207207231047068,-1.9637069748057456e-15,-1.8596235662471372e-15,3.677613769070831e-16,0.059657618679901166,-0.047995482778091486,False,362174.30263026536
2020-12-17,-0.00021740896891031517,-1.3077080709968965e-05,0.00017471322834672803,2.961865985361817e-05,85748.46686683723,0.4859684262870279,0.6979287903076496,6.938893903907228e-16,6.522560269672795e-16,1.942890293094024e-16,0.08321963673419429,-0.0536420101637493,False,195447.8915302706
2020-12-18,8.936318958254914e-05,0.00029236177960912963,0.00017431658494544423,2.8682005081136264e-05,85756.12962333827,0.48680201597816375,0.4639644146096511,-5.516420653606247e-16,-6.938893903907228e-16,8.573870780015369e-16,0.053358598138239455,-0.2399774138904574,False,259707.12985583846
2020-12-21,-0.00045779937390984596,-0.00022173569759818414,0.00017886258409951302,5.7201092212148836e-05,85716.87052088778,0.4997877981594081,0.308426292419029,6.279698983036042e-16,6.626643678231403e-16,1.5612511283791264e-16,0.038110909618431034,0.06041784302653869,False,348150.70461960963
2020-12-22,-0.0003152790884550475,-0.00012829990883241206,0.00017430412650952466,1.2675053113110755e-05,85689.84578408473,0.486154611752028,0.5546254261582341,2.7568225480223418e-14,2.7047808437430376e-14,4.49293380277993e-15,0.04822571864011094,-0.009599096555618296,False,284225.89538433164
2020-12-23,1.5778699111098314e-05,0.0002054402535430278,0.00016686872869940046,2.2792825732529033e-05,85691.19785837823,0.4667589729452131,0.9909680853316167,7.757683384568281e-15,7.965850201685498e-15,1.8388068845354155e-15,0.0814115533712686,0.0536420101637493,False,255553.4556063974
2020-12-24,-0.00016611895357809115,4.8288897787355346e-05,0.0001736831355299009,4.0724715835545575e-05,85676.96292625915,0.48627637097474613,0.8262622073367094,2.3314683517128287e-15,2.0539125955565396e-15,7.068998164605489e-16,0.08931744912340202,0.1360813099943535,False,319315.8584069011
2020-12-28,0.000808992218706561,0.001118692002977481,0.00017387585977721474,0.00013582392449370525,85746.2749225889,0.4868345256550876,0.6520657278745825,5.592748486549226e-15,5.551115123125783e-15,1.2073675392798577e-15,0.09151357298453537,0.37662337662337664,False,388577.55458449177
2020-12-29,-2.2921183582442643e-05,0.0001822169060937486,0.0001783408679827155,2.679722169347576e-05,85744.30951647989,0.4964311665438249,0.3204309499064231,-7.875644580934704e-16,-9.228728892196614e-16,9.107298248878237e-16,0.043958738102163934,0.09316770186335405,False,188534.22999873065
2020-12-30,-0.00019885720840029042,-1.2452439243921599e-05,0.00017323637395473497,1.316839520163386e-05,85727.25864245323,0.48430466715329235,0.4152422699207001,5.238864897449957e-16,6.661338147750939e-16,5.655198531684391e-16,0.06795721321546186,-0.1078486730660644,False,268187.8442182322
2020-12-31,-0.0005244083432749315,-0.000329249636308283,0.00017809395614798955,1.7064750818658895e-05,85682.30255277504,0.4967256410813677,0.6813655014903982,-8.021361352916756e-15,-8.18789480661053e-15,3.1155633628543455e-15,0.07001918276801443,-0.05477131564088086,False,245503.8287749615
2021-01-04,-0.0006602692403367683,-0.00037215724326622554,0.00017610670915431165,0.00011200528791623115,85625.72916395821,0.49370192579402133,0.6105361287054829,-4.440892098500626e-15,-2.6922908347160046e-15,2.1180973641676815e-15,0.09527438446888188,0.11801242236024848,False,312792.520196524
2021-01-05,-2.6720730961051675e-05,0.0001726857806149085,0.00017431598573874836,2.509052583721181e-05,85623.44118188588,0.48763652226556364,0.7115849444885743,1.817990202823694e-15,1.915134717478395e-15,1.0234868508263162e-15,0.07200810969187825,-0.0378317334839074,False,334364.42619128985
2021-01-06,0.0003777424344669387,0.0005845738827166308,0.0001775882313529015,2.9243216896790653e-05,85655.78478900535,0.49593700619816866,0.48215140502577336,-4.996003610813204e-16,-5.238864897449957e-16,1.2836953722228372e-16,0.09214433569379461,-0.03670242800677584,False,240326.8954250957
2021-01-07,2.494199734188197e-06,0.00019925912023758567,0.00017695047920096842,1.9814441302429055e-05,85655.998431641,0.4952710150944083,0.6271718638453226,1.2975731600306517e-15,1.2212453270876722e-15,3.191891195797325e-16,0.06280173009022849,0.08865047995482779,False,328258.8794411627
2021-01-08,-0.00014633398996307444,5.434743171244919e-05,0.00017490723549009948,2.577418618542416e-05,85643.46404762623,0.48885363120245007,0.6444996059465046,-4.468647674116255e-15,-4.551914400963142e-15,1.0894063429134349e-15,0.08807383253141586,-0.003952569169960475,False,377056.12017195835
2021-01-11,-0.0005305040758319998,-0.00027371140911334655,0.00017733381119100142,7.94588555276518e-05,85598.0298408806,0.49577515957613927,0.7429539714063217,-5.082739784612045e-16,-7.216449660063518e-16,4.831204880595408e-15,0.09953242420319904,-0.08639186900056467,False,327371.43013095186
2021-01-12,-0.000971714472238572,-0.0007694711653198847,0.00017171095192938633,3.0532354989300906e-05,85514.8529964891,0.4797674881613744,0.5245254397903686,6.036837696399289e-16,5.273559366969494e-16,1.1102230246251565e-16,0.07862828270341544,0.08074534161490683,False,293558.88557249884
2021-01-13,7.234126467993848e-05,0.0002634099778990407,0.00016951287322771724,2.155583999138498e-05,85521.0392491038,0.473788060694319,0.6168004774323723,-2.4424906541753444e-15,-2.220446049250313e-15,5.620504062164855e-16,0.09902973309928567,0.0028232636928289105,False,256016.467668127
2021-01-14,-0.0006810825005324405,-0.0004803201631609567,0.0001754143725454959,2.5347964825988004e-05,85462.79236584388,0.4897446353421834,0.7905856794513623,-3.1363800445660672e-15,-2.275957200481571e-15,3.00454106039183e-15,0.07487769683649827,0.1202710333145116,False,245071.10885821868
2021-01-15,0.000340163337109766,0.0005484730007183054,0.00017581984116533256,3.248982244320679e-05,85491.86367449377,0.49137772879485464,0.7066381585372997,-3.656797087359109e-15,-4.163336342344337e-15,1.708702623837155e-15,0.0923067409884004,-0.04347826086956522,False,192584.93702010103
2021-01-19,-0.0005325565635734613,-0.0002452571844932704,0.0001711396817863876,0.00011615969729380329,85446.3344213618,0.4784960839223262,0.4348410236148782,5.967448757360216e-16,5.84601811404184e-16,1.9081958235744878e-16,0.05639313100432839,-0.06041784302653869,False,222757.22393053953
2021-01-20,-0.00028909740486528815,-9.309500517205914e-05,0.0001781322206405628,1.78701790526662e-05,85421.63210782532,0.4988530245245555,0.5856954686840522,-2.6367796834847468e-15,-1.942890293094024e-15,1.2065001775418693e-15,0.0882262610496389,0.03896103896103897,False,218522.24461156712
2021-01-21,-0.00019904639061474598,2.475901979126184e-06,0.00017745261579863703,2.406967679523513e-05,85404.62924027385,0.4974544824621526,0.6335606156355883,9.658940314238862e-15,9.353628982466944e-15,2.9455604622086184e-15,0.09831767699312677,0.1485036702428007,False,347933.8553825173
2021-01-22,-0.00020025515143406685,1.3070746874177286e-06,0.00017552548849262517,2.6036737628859397e-05,85387.52652331216,0.49205452026654317,0.7225107969146853,-4.1772141301521515e-15,-4.135580766728708e-15,1.0174153186603974e-15,0.0763192263441982,-0.025409373235460195,False,256900.01142661803
2021-01-25,-0.0005615823274282987,-0.00029764217943484056,0.00017486347440123616,8.9076673592222e-05,85339.57439743385,0.4899956756946333,0.7586613595886889,-3.5318969970887792e-15,-3.462508058049707e-15,1.8561541192951836e-15,0.08339106625775,-0.09316770186335405,False,255693.0046841095
2021-01-26,-0.0006307258277465431,-0.0004300010235342433,0.0001695469401196138,3.1177864092685984e-05,85285.74852373249,0.47611608073273465,0.9948461176623269,-5.97091820431217e-15,-5.7870375158586285e-15,1.5230872119076366e-15,0.0955395207130489,0.03896103896103897,False,739372.6194962788
2021-01-27,-0.00016165425527298898,5.387754510019786e-05,0.0001746477133459677,4.0884087027219155e-05,85271.96171956947,0.489569947722604,0.7630001930188641,4.246603069191224e-15,4.163336342344337e-15,9.679756995950584e-16,0.08384029432828208,0.20271033314511577,False,526412.2639501293
2021-01-28,0.0003051882839713288,0.0005127707003959032,0.00017622624410873087,3.1356172315843556e-05,85297.98572323754,0.4928935666496441,0.7074367467431055,5.336009412104659e-15,5.689893001203927e-15,2.566523382707686e-15,0.09586242410350526,-0.1259175607001694,False,342973.10721021215
2021-01-29,-0.00025166500396156224,-4.739772573587951e-05,0.00017519453520884297,2.9072743016839738e-05,85276.51920532259,0.49223388711407473,0.7394659084356193,-1.384309333829492e-15,-1.304512053934559e-15,6.938893903907228e-16,0.0737576960446784,0.21174477696216829,False,326086.6866015985
2021-02-01,0.0005255835357097285,0.0007916377298557582,0.00017488716433889835,9.11670298071313e-05,85321.33913979953,0.4892174166403045,0.631665140320502,1.8866852524723754e-14,1.8762769116165146e-14,5.280498260873401e-15,0.08041283659532363,0.028797289666854884,False,242679.14750456336
2021-02-02,0.00045670298852786874,0.0006542296456127511,0.00017156781570184875,2.5958841383033555e-05,85360.30565036988,0.48084990992385435,0.45639711239171177,-7.042977312465837e-15,-7.077671781985373e-15,1.6028844918025698e-15,0.043563261827557424,0.06041784302653869,False,464358.16156330425
2021-02-03,-0.0002488443308848334,-5.3379695560329486e-05,0.00017670858960977572,1.875604571472817e-05,85339.06422222618,0.4963291922833964,0.30886574332737865,-5.048045315092509e-15,-5.079270337660091e-15,8.066464163292153e-16,0.07421802918580712,-0.04686617730095992,False,451554.6142226271
2021-02-04,-0.0004261909580053166,-0.00023755266378549462,0.00017594518148034046,1.2693112739481522e-05,85302.69348469003,0.49349622474897953,0.7567451369939389,-5.079270337660091e-15,-4.579669976578771e-15,8.482797797526587e-16,0.09413659066410392,-0.047995482778091486,False,273957.76451880764
2021-02-05,-0.0004415869850279939,-0.000286031242567536,0.0001244566272415287,3.10991152189292e-05,85265.02492545937,0.3500813087482251,0.5064511360980835,7.7021722333370235e-16,6.661338147750939e-16,1.1449174941446927e-16,0.09990970054919349,-0.1236589497459063,False,293231.3134294951
2021-02-08,-0.0008138960522158938,-0.0006720058262016191,7.94510448514973e-05,6.243918116277731e-05,85195.62805828045,0.22434876907534626,0.44234088728863147,-1.061650767297806e-15,-1.0824674490095276e-15,6.384866593767136e-16,0.0999969686164188,0.02428006775832863,False,821157.7114521425
2021-02-09,-2.990910907629541e-05,8.230040152983496e-05,9.403111797783041e-05,1.817839262829996e-05,85193.07993294802,0.2640976724311344,0.647225468446354,3.608224830031759e-15,3.0253577421035516e-15,1.6445178552260131e-15,0.09998637850673343,0.14737436476566912,False,292691.2772023102
2021-02-10,0.00014986600479425298,0.00033545925381937207,0.00015899494210266634,2.6598306922452753e-05,85205.8474794737,0.4459777778179025,0.5216034723258703,3.778227730677486e-15,3.1086244689504383e-15,8.080558791534465e-16,0.09921243191709242,-0.06267645398080182,False,247113.86382133266
2021-02-11,-0.00031368579508709064,-0.00011900340267357124,0.00017324663327683996,2.143575913667944e-05,85179.11961546104,0.4861772867586649,0.7495225674888617,-1.198000032509583e-14,-1.1018963519404679e-14,5.384581669432009e-15,0.099996581276703,0.023150762281197064,False,357490.791016301
2021-02-12,-0.00021896052585856305,-1.5333387730900674e-05,0.00017282484083359906,3.0802297294063303e-05,85160.46875063787,0.4854877081388534,0.8524494024797833,1.2795320358804929e-14,1.1907141939104804e-14,2.546574062733953e-15,0.09925785771793369,-0.0942970073404856,False,268430.1166734807
2021-02-16,-0.00023489620120356334,8.162139691620578e-05,0.00017638892921898497,0.00014012866890078415,85140.46488003564,0.4948285533722142,0.5227435265114614,1.1431827706687159e-15,9.853229343548264e-16,3.642919299551295e-16,0.08311959471208118,-0.042348955392433656,False,245224.69883021753
2021-02-17,-7.981849997136074e-05,0.000116558240461796,0.00017489412975460358,2.1482610678553155e-05,85133.66909584205,0.4916659639101746,0.4569990409341457,1.650589387391932e-15,1.7034984534092246e-15,3.625572064791527e-16,0.09904263067197078,0.08865047995482779,False,391667.7783435719
2021-02-18,-0.00014925738540559318,2.9209618809407725e-05,0.000159686221710858,1.8780782504142906e-05,85120.96226698282,0.44719757163533147,0.7740978217194538,-1.441902153231922e-14,-1.4127587988355117e-14,2.8033131371785203e-15,0.09997879927443482,0.14398644833427443,False,209460.69348890358
2021-02-19,0.0009526890256021957,0.0011568706523056454,0.0001723693874547046,3.181223924874527e-05,85202.05607358328,0.4851294508572058,0.5774973522321928,-1.7708057242771247e-14,-1.7208456881689926e-14,3.958638972179074e-15,0.09871564495533965,-0.05477131564088086,False,279276.647349502
2021-02-22,-0.0007886780590020296,-0.0005453503844654319,0.0001721293708367361,7.119830369986156e-05,85134.85908137618,0.4852192368068746,0.41250430926183757,1.5092094240998222e-15,1.5126788710517758e-15,2.255140518769849e-16,0.07047306410498688,0.02089215132693394,False,477851.92507982533
2021-02-23,-0.00022692723210682657,-3.280201670305882e-05,0.00017717298351629503,1.6952231887472714e-05,85115.53966344905,0.49786272708546425,0.5472402077868809,1.4276774207289122e-15,1.4849232954361469e-15,5.117434254131581e-16,0.06692571385030814,-0.03670242800677584,False,488789.1048102948
2021-02-24,-8.416225490864557e-05,0.00011613071416624864,0.00017780364546721424,2.248932360767997e-05,85108.37614770321,0.49766603996192393,0.940593431278341,-1.1324274851176597e-14,-1.0907941216942163e-14,1.6965595595053173e-15,0.09806410974523132,-0.07622811970638058,False,183261.96782681777
2021-02-25,-0.0005567950408309363,-0.00034311019451080003,0.00017503032174705335,3.865452457308297e-05,85060.988225931,0.49150711506372424,0.8242623535439108,7.244205235679146e-15,7.029099524658022e-15,1.4432899320127035e-15,0.09270696051337665,-0.0016939582156973462,False,215486.53776118852
2021-02-26,6.891053626140726e-05,0.00027863670340501064,0.00017585237179248406,3.387379535111933e-05,85066.84982424458,0.49039974132298486,0.7613709947220347,2.706168622523819e-16,2.7755575615628914e-16,3.191891195797325e-16,0.09848296995523254,0.09881422924901187,False,170922.76357454003
2021-03-01,-8.459063551138024e-05,0.00018430772622578164,0.00017503070485362337,9.386765688353852e-05,85059.65396535699,0.4924184444853851,0.6238658481481989,-2.636779683484747e-16,-3.885780586188048e-16,4.3021142204224816e-16,0.05917717053295984,0.025409373235460195,False,245840.64154446416
2021-03-02,-0.0005424311047081561,-0.00033910222455716755,0.00017769055762435027,2.563832252663832e-05,85013.51496329046,0.4991729905948616,0.6526021218082033,4.371503159461554e-16,3.191891195797325e-16,1.9359513991901167e-15,0.0776084088711124,-0.02992659514398645,False,256493.96310762598
2021-03-03,-0.000883123837144725,-0.0006784444073918406,0.00017786016447309528,2.681926527978916e-05,84938.43750174693,0.4992991063746115,0.46471661921095797,2.0712598303163077e-15,1.9532986339498848e-15,5.030698080332741e-16,0.06872990905398953,0.003952569169960475,False,205890.34109305637
2021-03-04,-0.00021790643559566403,-2.4777676736136303e-05,0.00017403081560428296,1.9097943255244762e-05,84919.92886958586,0.48934482377229627,0.49935890522805326,6.349087922075114e-16,5.689893001203927e-16,1.249000902703301e-16,0.07635568476755812,-0.15979672501411638,False,451946.9903626134
2021-03-05,-0.0004717525161966544,-0.00027365893189673727,0.00017757198545492864,2.052159884498846e-05,84879.86767946639,0.4999604091206053,0.7210803343431651,-2.5895952049381776e-14,-2.698535839229521e-14,5.745404152435185e-15,0.09889311057220053,-0.023150762281197064,False,537351.7958611116
2021-03-08,-0.0009611173156588785,-0.0007722094268108689,0.00010000757365501345,8.890031519299617e-05,84798.28816888883,0.2816672636460825,0.7743887106060395,-3.1225022567582528e-15,-2.1024848528838902e-15,1.8648277366750676e-15,0.09994769901213392,0.1643139469226426,False,526879.525466202
2021-03-09,0.0012559939500956271,0.001570036924718634,0.0002822187810364573,3.1824193586549696e-05,84904.79430580742,0.7858864364424276,0.0,0.0,0.0,0.0,0.0,-0.031055900621118016,True,212685.0993165536
2021-03-10,-0.00017531959845978835,0.0,0.00017531959845978835,0.0,84889.90883136241,0.4928417604639856,0.49292818043464887,-7.494005416219807e-16,-8.118505867571457e-16,1.8561541192951836e-16,0.06601157312249352,-0.07622811970638058,False,308092.98743045697
2021-03-11,-0.000712350030856349,-0.0005404743315147192,0.00015161837685801404,2.025732248361574e-05,84829.437502187,0.424294891241634,0.6952854059261865,3.191891195797325e-16,1.942890293094024e-16,2.0816681711721685e-16,0.09932440074914166,-0.023150762281197064,False,236872.41595306457
2021-03-12,-9.241399590610719e-05,0.00011225204201000639,0.00017609266506983195,2.857337284628162e-05,84821.59807489695,0.4947812523633782,0.641710557041539,1.85268467234323e-15,2.067790383364354e-15,1.949829186997931e-15,0.08679529809844827,0.0942970073404856,False,406289.1276701781
2021-03-15,0.00010434583016500308,0.0003613674953152063,0.000177906664967,7.911500018320322e-05,84830.448854964,0.49839907363236785,0.6309920576964034,2.706168622523819e-16,2.7755575615628914e-16,2.7755575615628914e-16,0.09756775691599673,-0.05590062111801244,False,255363.4479444226
2021-03-16,-0.00045260664977780484,-0.00025053214941714953,0.00017614331990737844,2.593118045327684e-05,84792.05402970861,0.49404538492527106,0.6678631048826883,3.802513859341161e-15,3.8719027983802334e-15,1.1553258350005535e-15,0.061279622617971374,-0.003952569169960475,False,352262.7479947132
2021-03-17,5.163095973516177e-05,0.0002519496253273897,0.00017287223662444638,2.7446428967781558e-05,84796.43192483608,0.4868922795904558,0.5690319308032571,1.6153745008296028e-14,1.582067810090848e-14,3.219646771412954e-15,0.07480989037652175,-0.21626199887069456,False,537443.499426794
2021-03-18,-0.0005204176552084682,-0.0003232321743728546,0.0001738006069669873,2.3384873868626334e-05,84752.30236456371,0.48680278634987156,0.6015747723313365,2.42861286636753e-16,2.7755575615628914e-17,3.1051550219984847e-16,0.062458175611589166,0.032185206098249576,False,367845.64311207854
2021-03-19,-0.00011225073318156581,8.849901085679845e-05,0.00017602749312063811,2.4722250917726143e-05,84742.78885648446,0.4941778498214529,0.6867795903242766,1.5126788710517758e-15,3.0253577421035516e-15,3.578734530940153e-15,0.09034983519555266,-0.17334839073969513,False,606847.1697253461
2021-03-22,-0.0006157276778902653,-0.0003537812934037815,0.00017727492814513494,8.467145634134898e-05,84690.61037588392,0.49943936326416716,0.7161408511621259,-1.7763568394002505e-15,-1.582067810090848e-15,3.608224830031759e-16,0.07597537472276696,-0.09655561829474874,False,687758.3154228791
2021-03-23,-0.0005665120398951674,-0.0003976078943543139,0.00013947369960268385,2.9430445938169625e-05,84642.63212543991,0.39291044310887235,0.7376285043280737,-1.1664280652468051e-14,-1.3572476476042539e-14,7.516960009090398e-15,0.09954375346946528,-0.1078486730660644,False,653518.2222655943
2021-03-24,-0.00023210684765816118,-8.989441542310616e-05,0.0001118989320571885,3.031350017786651e-05,84622.98599091978,0.3144385369264244,0.7061837202779595,-2.3342439092743916e-14,-2.398081733190338e-14,9.608633333435534e-15,0.09925916773977575,0.1202710333145116,False,529833.713007774
2021-03-25,0.0004193135304012579,0.0007033015233458064,0.00025496674416600125,2.902124877854724e-05,84658.46955392873,0.7110478902569835,0.0,0.0,0.0,0.0,0.0,-0.025409373235460195,True,321325.08157805813
2021-03-26,-0.0001767933750201749,0.0,0.0001767933750201749,0.0,84643.50249737225,0.49720242300387274,0.49729034064155964,9.679756995950584e-16,1.3773704399255848e-15,1.536964999715451e-15,0.08001414597091555,-0.259175607001694,False,628511.9306945801
2021-03-29,-0.00028760024570044805,-5.1580120948735494e-05,0.0001747103567274108,6.130976802430174e-05,84619.15900525705,0.4910330164521687,0.7055146381097586,-2.7859659024187522e-14,-2.6631474803195943e-14,4.345482307321902e-15,0.09854649529867601,0.09542631281761718,False,620931.5869323649
2021-03-30,-0.0004474313414938181,-0.00016684129681719415,0.0002515962924255369,2.8993752251087114e-05,84581.29774142725,0.7031309404149635,0.0,0.0,0.0,0.0,0.0,0.08187464709203841,True,406372.15486445866
2021-03-31,-0.00017499088597217746,0.0,0.00017499088597217746,0.0,84566.4967851988,0.49125178790248913,0.4913377675337414,-9.024898883769339e-16,-8.118505867571457e-16,8.153200337090993e-16,0.08001400172105136,-0.03444381705251271,False,308134.14008013863
2021-04-01,-0.0002220360790185473,-2.7095658508300213e-05,0.0001747484574609152,2.0191963049331874e-05,84547.71997183628,0.49163771414859997,0.25003918391918534,2.5222879340702775e-15,2.4494295480792516e-15,8.326672684688674e-16,0.027104290062580163,0.03896103896103897,False,518083.74773870007
2021-04-05,-0.00031586472428174304,-0.00010018281644506581,0.00017457957623352388,4.110233160315334e-05,84521.01432957873,0.4891552404233151,0.551837215284859,2.360611706109239e-14,2.3002433291452462e-14,4.361094818605693e-15,0.06949890598907343,-0.22868435911914178,False,500363.10118448274
2021-04-06,-0.00028318764093270433,-8.458974529672502e-05,0.00017591965391194499,2.267824172403433e-05,84497.07902292149,0.4942535219173007,0.4753783534710908,-1.5439038936193583e-16,-2.3592239273284576e-16,1.457167719820518e-16,0.06324897728490747,-0.02089215132693394,False,372136.3899051108
2021-04-07,-6.210583948940472e-05,0.0001327942371495805,0.0001753639799209952,1.9536096717990036e-05,84491.83126089437,0.4924206068299131,0.6889173395086572,2.0261570199409107e-15,1.9984014443252818e-15,8.378714388967978e-16,0.05373547162720949,-0.1078486730660644,False,455451.5573101222
2021-04-08,-0.00042368451565277457,-0.00021791368327865395,0.00017745916088746352,2.8311671486657063e-05,84456.03338028998,0.49883243806794386,0.5088367991805861,-8.5192269905221e-15,-8.465450562766819e-15,3.344546861683284e-15,0.06438779833707571,-0.1507622811970638,False,647554.1800047088
2021-04-09,-0.00021230032649146376,-1.468334371402585e-05,0.00017670588144124907,2.0911101336188823e-05,84438.10333682918,0.49531130546724167,0.5690316648452477,1.915134717478395e-15,1.8457457784393227e-15,3.95516952522712e-16,0.08650819032831594,0.03670242800677584,False,364695.5170216874
2021-04-12,-0.00020868721039426892,3.50762656180899e-05,0.00017360888719582167,7.015458881653715e-05,84420.48218459284,0.48851106463073235,0.48572129730565516,-6.2103100439969694e-15,-6.2450045135165055e-15,2.3227947343329447e-15,0.047278532909805576,0.10559006211180126,False,417997.33689361974
2021-04-13,-9.975177683433753e-05,9.589972175173974e-05,0.00017569034938173502,1.996114920434224e-05,84412.06109149371,0.49314298344395346,0.6563544150606336,-2.7195259932888405e-14,-2.6756374893466273e-14,4.638650574761982e-15,0.09400632989534781,0.023150762281197064,False,454764.72709217627
2021-04-14,5.01187043941907e-05,0.0002495426274097862,0.00017245045390351353,2.697346911208195e-05,84416.29171463086,0.48480926683973335,0.49894408468742607,1.97758476261356e-16,2.498001805406602e-16,3.122502256758253e-16,0.0873146629765884,-0.008469791078486732,False,566814.1347060913
2021-04-15,-0.00026687202788315025,-7.086251683479858e-05,0.00017550495962284103,2.050455142551065e-05,84393.7633676746,0.49366206358061765,0.5142266536751399,2.456585282417656e-15,2.67841304690819e-15,9.8207032783737e-16,0.053535165773041564,0.0694522868435912,False,792037.8609889116
2021-04-16,0.00013640379444679123,0.0002716469919869722,0.00011411059533435339,2.1132602205827563e-05,84405.27499722558,0.3216323713357672,0.5437949772392997,9.723125082850004e-16,1.0130785099704553e-15,2.3592239273284576e-16,0.09906388900308012,-0.02089215132693394,False,969016.9032847963
2021-04-19,2.1133518747792568e-05,0.00025973050772328557,0.00017155377260352468,6.704321637196832e-05,84407.05877768715,0.48234203612139565,0.3822980498890952,-2.6064220226551527e-15,-2.6940255581919814e-15,7.719519468096792e-16,0.0413738367284108,-0.02089215132693394,False,417426.6003584801
2021-04-20,-0.0002813512493385312,-8.896799993584691e-05,0.00017667237064011865,1.5710878762565662e-05,84383.31074624707,0.49661190095679386,0.43476474768659146,2.0218202112509687e-15,2.248201624865942e-15,8.578207588705311e-16,0.0661916265631351,0.2173913043478261,False,537649.8185279691
2021-04-21,-3.5800389910034614e-05,0.00015650905691477903,0.00017444240239933737,1.7867044425476275e-05,84380.28979082045,0.4890793150362298,0.7030058081521762,3.70536934468646e-15,3.774758283725532e-15,1.1969591984239969e-15,0.09329225936822602,0.08977978543195936,False,352335.5007857914
2021-04-22,0.00018366810266675127,0.00038564665571063413,0.00017308790339379357,2.889064965008928e-05,84395.7877585488,0.4865579575049661,0.595191236628376,-9.992007221626409e-16,-9.43689570931383e-16,8.465450562766819e-16,0.07650364611644221,0.019762845849802372,False,421798.9340396476
2021-04-23,-0.00010116576998917887,0.0001005988379278414,0.00017730469408297738,2.4459913834042892e-05,84387.24979369636,0.4970202812230445,0.542071787149825,-2.2898349882893854e-16,-1.6653345369377348e-16,3.5388358909926865e-16,0.060524352242848814,-0.0942970073404856,False,413398.38185482105
2021-04-26,-0.00039368808887790997,-0.00015323584300246622,0.0001736214775966982,6.683076827874558e-05,84354.02753859942,0.4873656931117404,0.6425882672122545,-8.326672684688674e-17,-2.220446049250313e-16,5.828670879282072e-16,0.0653677634621691,-0.09203839638622249,False,263990.6728928791
2021-04-27,-0.0003177738606328758,-0.00011603012951506667,0.00017533599410908632,2.6407737008722795e-05,84327.22203360854,0.4933319097873683,0.538353399923169,4.8329396040713846e-15,4.773959005888173e-15,2.0296264668928643e-15,0.09929294171700183,0.005081874647092039,False,498727.8515489214
2021-04-28,-0.0002653647033541668,-9.292942138777689e-05,0.00015031116964078046,2.212411232560949e-05,84304.84456534892,0.42255600747279626,0.807504830364549,-4.827735433643454e-15,-4.6351811278100286e-15,2.9837243786801082e-15,0.09999156051025863,0.10220214568040656,False,312645.5206122212
2021-04-29,0.000239204300485773,0.00044475988956028457,0.0001723704590595299,3.3185130014981665e-05,84325.01064672074,0.4854351027313687,0.5478645276371195,-4.947431353485854e-15,-4.8433479449272454e-15,2.248201624865942e-15,0.09992771042115281,0.047995482778091486,False,338680.16720288317
2021-04-30,-5.183779397490409e-05,0.00014643636639864233,0.0001757591797857194,2.2514980587827027e-05,84320.6394241919,0.49503685958553234,0.42990765900673694,2.796374243274613e-15,2.9004576518332215e-15,8.049116928532385e-16,0.044223144617850714,-0.11575381140598533,False,677156.0141971076
2021-05-03,-0.00028497637382512265,-5.385369762942767e-05,0.00017812036207157707,5.300231412411791e-05,84296.6100341302,0.4995709130198261,0.5428647475845088,2.033095913844818e-15,1.4710455076283324e-15,1.2073675392798577e-15,0.06065870640559942,-0.026538678712591763,False,410941.9643900177
2021-05-04,-0.00018719048908052464,6.753971733393751e-06,0.00017163495063921263,2.230951017470576e-05,84280.83051047007,0.48392394091597296,0.4056651030953422,-1.5768636396629176e-15,-1.3600232051658168e-15,5.967448757360216e-16,0.047235572222711505,-0.1078486730660644,False,412763.3640871871
2021-05-05,-0.00027657051888230395,-0.00011278469214246625,0.00014711465811948106,1.6671168620356596e-05,84257.52091744395,0.41412648661862156,0.5439646993948886,-1.5751289161869408e-14,-1.554312234475219e-14,4.551914400963142e-15,0.09866772560591354,-0.21400338791643145,False,718543.2288071102
2021-05-06,-0.0003902559380595363,-0.0002884756315899047,7.942559279586844e-05,2.2354713673763186e-05,84224.63891957974,0.2246503123541837,0.6371925372885865,5.7419347054832315e-15,5.828670879282072e-15,1.987993103469421e-15,0.09999725130804195,0.18125352907961606,False,829524.4039116643
2021-05-07,-4.0416266748726325e-05,0.00021456863268750972,0.0002287989047531437,2.6185994683092353e-05,84221.23487410635,0.6424925381956758,0.0,0.0,0.0,0.0,0.0,-0.20835686053077357,True,462097.88354442094
2021-05-10,-0.0001752195500216655,0.0,0.0001752195500216655,0.0,84206.47766722944,0.4925783561940233,0.49266468067768326,-1.1688566781131726e-14,-1.1608769501236793e-14,1.9845236565174673e-15,0.09201612302367096,0.051383399209486175,False,210496.08682549515
2021-05-11,-7.291225328821287e-05,0.00012341015686325395,0.0001760759164249862,2.0246493726480617e-05,84200.33798320126,0.49536783787003597,0.5741160429952149,8.28503932126523e-15,8.881784197001252e-15,3.888382671402013e-15,0.08607500976911013,-0.15302089215132694,False,473290.911649386
2021-05-12,-0.0004201822042732314,-0.00022223143041888844,0.0001743569638682386,2.359380998610438e-05,84164.95849958692,0.4911589548410466,0.4443013456249368,2.4702462297909733e-15,2.345346139520643e-15,5.689893001203927e-16,0.05491618024714952,0.08300395256916997,False,666223.5856829976
2021-05-13,-0.00012142227682951765,7.332936037881958e-05,0.00017649267779909334,1.8258959409243874e-05,84154.73899869664,0.4943558364370385,0.4617415954152987,-7.729819388735404e-15,-8.43769498715119e-15,2.4273118237605473e-15,0.07187271545379842,0.07058159232072277,False,393190.52762637177
2021-05-14,0.00021374039336505363,0.0004105819201653662,0.0001778658447969438,1.8975682003368754e-05,84172.72626571376,0.49880514832294226,0.4374511706680523,7.632783294297951e-16,7.632783294297951e-16,2.42861286636753e-16,0.0429098997345972,0.050254093732354614,False,384439.57283640443
2021-05-17,-0.00012713654410240253,0.00010074663783106073,0.00017395084582370348,5.393233610975977e-05,84162.02483618866,0.48809749775555916,0.5659324372854735,-1.790234627208065e-15,-1.609823385706477e-15,9.115971866258121e-16,0.07226326291426133,0.09203839638622249,False,547849.4947356527
2021-05-18,-0.00012645315625696245,7.270852792545205e-05,0.00017590418675972374,2.3257497422690763e-05,84151.38228251116,0.4943920888236873,0.7396848484241654,7.077671781985373e-16,6.938893903907228e-16,1.942890293094024e-16,0.08678046560338758,-0.009599096555618296,False,529791.8456414662
2021-05-19,-0.00020801249695440307,-1.2525639678317863e-06,0.00017636192551708508,3.039800746948622e-05,84133.8777433604,0.4963758580333004,0.5060485012520485,-1.8041124150158794e-16,-2.498001805406602e-16,4.90059381963448e-16,0.05876885764430578,-0.02428006775832863,False,464226.95423991437
2021-05-20,-0.00011298943398627233,8.177773606358606e-05,0.0001739706562997742,2.079651375008419e-05,84124.37150413511,0.48710607097576303,0.4598368106702049,9.853229343548264e-16,9.992007221626409e-16,2.498001805406602e-16,0.0688798889633334,0.0536420101637493,False,269182.02597994654
2021-05-21,-0.00011940285555933695,7.67288357594826e-05,0.000177234288140592,1.8897403178227555e-05,84114.32681395538,0.49802285662144746,0.767647638258923,8.569533971325427e-16,8.326672684688674e-16,5.325601071248798e-16,0.09377900993698168,-0.047995482778091486,False,409246.9482886469
2021-05-24,-0.00017867191612632125,9.198909414792053e-05,0.0001760195206258815,9.464148964836029e-05,84099.29794600986,0.49597826371644177,0.5055491540230482,-1.3322676295501878e-15,-1.27675647831893e-15,3.0531133177191805e-16,0.09890945245619691,0.050254093732354614,False,659078.1550749998
2021-05-25,-0.00021876646079028517,-2.4954401076282312e-05,0.00017303606708291862,2.077599263108423e-05,84080.89984024326,0.487482598633611,0.8014713722203524,-1.9567680809018384e-15,-1.915134717478395e-15,5.828670879282072e-16,0.09058151114653402,0.06041784302653869,False,926378.9831949678
2021-05-26,0.0002850864156735496,0.0004896188303363427,0.0001715952349825046,3.293717968028853e-05,84104.87016260532,0.483661476809801,0.7048009324041469,-4.1147640850169864e-15,-3.913536161803677e-15,1.4988010832439613e-15,0.07794295865996477,-0.047995482778091486,False,556454.8663136355
2021-05-27,-0.0004244097675919354,-0.0002239713023726858,0.00017147404333962696,2.8964421879622642e-05,84069.17523420625,0.4818735628993001,0.4656291040741008,-2.3920549243640343e-16,-1.942890293094024e-16,1.0202342443088597e-15,0.07862132263884136,0.006211180124223602,False,328178.6659301584
2021-05-28,-0.0001650372704798931,2.125316969793051e-05,0.00016715499754464138,1.9135442633182235e-05,84055.3006869941,0.4711514962455599,0.614585737036883,2.449863228948246e-15,2.3349377986647823e-15,3.7470027081099033e-16,0.09959603368228757,-0.009599096555618296,False,476813.61303409695
2021-06-01,-0.00025754496082572905,-7.047300066775741e-05,8.604416776834744e-05,0.00010102779238962419,84033.65266787147,0.24299899889214843,0.6353892767304702,1.345798472662807e-14,1.2063267051942717e-14,2.9160701631170127e-15,0.09993836086558418,0.008469791078486732,False,606664.983575435
2021-06-02,-0.00038668195224825214,-0.0001863822477697545,0.00017418781639368434,2.611188808481329e-05,84001.15837100332,0.4905055013930542,0.8127115229852707,-2.7547408798511697e-15,-2.366162821232365e-15,2.2260839005472377e-15,0.09999322776215243,0.04121964991530209,False,638439.6123142173
2021-06-03,-0.00023994654803556167,-3.140215843630743e-05,0.00017514528591492794,3.33991036843263e-05,83981.0025830212,0.4927142474093149,0.6669964059981585,3.1225022567582528e-15,3.0808688933348094e-15,5.516420653606247e-16,0.06950761498474695,-0.0005646527385657821,False,303210.6640930054
2021-06-04,0.00011290372414029016,0.00031273521108447734,0.00017242067573878354,2.741081120540364e-05,83990.48435096985,0.4855951359712476,0.7488780285743541,9.71445146547012e-17,9.71445146547012e-17,9.367506770274758e-17,0.07857589966090661,0.05251270468661773,False,376268.3448052403
2021-06-07,-0.0004543250446973696,-0.00018932770590980488,0.0001726699106071649,9.232742818039983e-05,83952.32537041295,0.48544009540808397,0.6411663694551791,-4.173744683200198e-15,-3.885780586188048e-15,1.6341095143701523e-15,0.07298309903599755,0.11462450592885377,False,385584.64168505074
2021-06-08,9.936838491372875e-05,0.00030247990639518864,0.0001767622186271373,2.63493028543226e-05,83960.66757739476,0.49686373970974373,0.60862197848609,-3.83026943495679e-15,-3.039235529911366e-15,1.818423883692688e-15,0.0983607159164298,0.023150762281197064,False,316199.26125463867
2021-06-09,-0.0002285756536552736,-2.6713421380685404e-05,0.0001768503701450227,2.5011862129565507e-05,83941.47621292193,0.49754324465937805,0.7668257795513092,-8.479328350574633e-15,-7.327471962526033e-15,5.2735593669694936e-15,0.09368070988269445,0.06606437041219651,False,368467.471468653
2021-06-10,0.00017544847092710623,0.00038264162087024765,0.00017567976174240235,3.151338820073907e-05,83956.20361657086,0.4943955634534415,0.9406795707177645,7.28583859910259e-16,6.38378239159465e-16,2.3826426942541445e-15,0.07729695570801587,-0.16996047430830044,False,230569.55655307396
2021-06-11,-0.0006483846896899126,-0.0004347844185288812,0.00017494220661098625,3.8658064550045086e-05,83901.7676995414,0.4924761873481561,0.6659968753652902,-2.1510571102112408e-16,-1.249000902703301e-16,1.3530843112619095e-16,0.06747977733162597,-0.03896103896103897,False,408231.1495845915
2021-06-14,-0.00015490325175774,9.576614850908887e-05,0.00016856019645466978,8.21092038121591e-05,83888.77104289651,0.4740317254464346,0.4433730975669216,-2.3956531203239706e-15,-2.3349377986647823e-15,5.73976630113826e-16,0.09937396362837363,-0.0016939582156973462,False,314093.0299094704
2021-06-15,-9.777033612000193e-05,9.754187949597852e-05,0.00017709140338720275,1.8220812228777697e-05,83880.56920955495,0.4989597172506068,0.6496671740040372,1.0148132334464322e-15,1.0269562977782698e-15,2.5760643618255585e-16,0.09641233128743991,0.0005646527385657821,False,571987.1952724424
2021-06-16,-0.00010519555343553957,9.794299593270255e-05,0.0001764398983817749,2.6698650986467234e-05,83871.74534665445,0.4970748849045853,0.6156384218797375,-3.774758283725532e-15,-3.7192471324942744e-15,7.580741590018647e-16,0.07851267226752709,-0.06154714850367025,False,577940.5813818214
2021-06-17,-0.0006596925524603291,-0.00045998074641657847,0.00017441159692540518,2.530020911834553e-05,83816.41578088742,0.49247611952103915,0.8565192479677654,3.3306690738754696e-16,2.636779683484747e-16,5.100087019371813e-16,0.0860017216894196,-0.0028232636928289105,False,677713.8029035602
2021-06-18,-0.00032329743344848555,-0.0001157139601373148,0.00017238405216181058,3.5199421149360204e-05,83789.3181487846,0.4865227774440898,0.7017149698795263,-5.551115123125783e-17,-3.469446951953614e-17,1.5959455978986625e-16,0.06719619363948526,0.05702992659514399,False,619578.6806985684
2021-06-21,-0.00020905786216436707,5.001757339668578e-05,0.0001725626310553578,8.651280450569504e-05,83771.8013330602,0.4864113978614444,0.7615479848534863,1.3364309658925322e-14,1.3225531780847177e-14,3.1502578323738817e-15,0.086866481152857,-0.11123658949745907,False,664227.1773697366
2021-06-22,-0.00010398824900463432,2.8059764596513365e-05,0.00010075152107292276,3.129649252822492e-05,83763.09005012362,0.2848433777916741,0.7297923795880764,-3.885780586188048e-16,-7.077671781985373e-16,3.8163916471489756e-16,0.0992666220516445,-0.010728402032749858,False,503277.91549026093
2021-06-23,-0.00032790543092947903,-0.00012353228128631058,0.00017438168198886388,2.9991467654304524e-05,83735.62367798474,0.4912235219331146,0.5884174886376312,1.2004286453759505e-15,1.0130785099704553e-15,4.2327252813834093e-16,0.0724886437990049,0.0378317334839074,False,280164.44112684834
2021-06-24,1.102251971113754e-05,0.00020829554007815304,0.0001730914797380718,2.4181540628943696e-05,83736.54665554725,0.4883178381742322,0.37923676495845504,-3.733124920302089e-15,-3.747002708109903e-15,1.2420620087993939e-15,0.08579276447692742,0.04573687182382835,False,563448.284671738
2021-06-25,-0.00022510129901477413,-3.305688530926183e-05,0.00017645934117297292,1.55850725325394e-05,83717.69745012007,0.49707590237367816,0.6717159166217282,1.5626389071599078e-14,1.557087792036782e-14,4.524158825347513e-15,0.08736045384637925,0.08413325804630155,False,361128.2621325295
2021-06-28,0.00018560539921093897,0.00044605841314203126,0.00017763872284074417,8.281429109034813e-05,83733.23590677632,0.49862780385252903,0.6709846598751982,-2.858824288409778e-15,-1.1345091532888318e-15,5.6343818499726694e-15,0.09326341664399097,-0.003952569169960475,False,343271.2954854072
2021-06-29,-0.00023016191441034068,-2.759116358534285e-05,0.00017499603877533203,2.7574712049665795e-05,83713.96370490023,0.4914953324865791,0.6015679593159544,-1.1796119636642288e-16,-8.326672684688674e-17,4.85722573273506e-17,0.06064206559089871,0.015245623941276118,False,191820.38487635923
2021-06-30,-0.00011056115462512637,8.805097135577872e-05,0.00017389015505011243,2.4721970930792653e-05,83704.70819241478,0.4902205633505996,0.5344988749621064,-8.14973089013904e-15,-7.327471962526033e-15,1.516473578655475e-15,0.07403533464418846,-0.026538678712591763,False,412465.1476928425
2021-07-01,-0.000267412507517869,-7.530213260815927e-05,0.00017014466771948583,2.1965707190223882e-05,83682.324506506,0.4802537678989698,0.4797455729688268,-1.536964999715451e-14,-1.4710455076283324e-14,2.6593310886724453e-15,0.056079618403464745,-0.07284020327498589,False,444366.07376243395
2021-07-02,-0.00035157157651416677,-0.00015513810564057602,0.00017671789938172056,1.971557149187023e-05,83652.90417975288,0.49850807403082364,0.730573496258054,-1.1449174941446927e-14,-1.099120794378905e-14,2.192690473634684e-15,0.0682568748924879,0.07171089779785433,False,327094.75747111335
2021-07-06,-8.958661769676305e-05,0.0002064094550438025,0.0001759017993830754,0.00012009427335749016,83645.40999900691,0.4953106387979004,0.8472116177473694,-9.034439862887211e-15,-8.909539772616881e-15,3.524958103184872e-15,0.08442005228049347,-0.2241671372106155,False,430789.11242692784
2021-07-07,-0.000567021169323028,-0.0003582533807517119,0.00017395087277347865,3.4816915797837466e-05,83597.98128082076,0.4915409376913634,0.6915434756418697,1.9418711430518876e-14,1.9435841824844147e-14,5.731526364627371e-15,0.0939706664215787,0.04573687182382835,False,726755.4674394026
2021-07-08,-5.075995312642761e-05,9.394061120454712e-05,0.00011628096944158363,2.8419594889391105e-05,83593.73785120949,0.32634897110936145,0.8334552564756935,-2.7651492207070305e-14,-2.6742497105658458e-14,4.846817391879199e-15,0.0995456935472898,0.11462450592885377,False,268636.4554164194
2021-07-09,4.0267649190548445e-05,0.00025066042221240424,0.0001761411871392919,3.4251585882563894e-05,83597.1039745198,0.49726917076136545,0.6672907426731491,-9.020562075079397e-17,-1.6653345369377348e-16,5.0306980803327406e-17,0.09083425269400179,-0.10559006211180126,False,612774.9195215838
2021-07-12,-0.0005578566981227985,-0.0003034804522933103,0.00017210752413005892,8.226872169942934e-05,83550.46877012395,0.4852944363343101,0.5966349150080306,-3.094746681142624e-15,-2.67841304690819e-15,1.3097162243624894e-15,0.06971261080953987,-0.07735742518351214,False,531368.947391963
2021-07-13,-0.0003649588125069234,-0.00016680203012206746,0.00017363753930233405,2.4519243082521932e-05,83519.9762902572,0.48997539727420586,0.6359160927015692,1.466882171285988e-14,1.4155343563970746e-14,4.4825254619240695e-15,0.08685623060914702,0.15640880858272163,False,600412.3349895582
2021-07-14,-0.0005955938531515149,-0.00039243284501854956,0.00017702747007673707,2.6133538056228267e-05,83470.23230576336,0.4992455720185359,0.5689204608923344,7.299716386910404e-15,7.202571872255703e-15,1.609823385706477e-15,0.06441468164749226,-0.008469791078486732,False,282432.68615740567
2021-07-15,-0.00014455631472168117,5.542115926820263e-05,0.0001765971810765005,2.3380292913383303e-05,83458.16615659228,0.4973762411018132,0.7862320005414094,3.5388358909926865e-16,3.608224830031759e-16,7.216449660063518e-15,0.09293905161546251,-0.050254093732354614,False,356429.1364918015
2021-07-16,-0.00020479945499972047,2.935531633516586e-06,0.00017542408250139832,3.231090413183873e-05,83441.07396964813,0.49476848041501403,0.5644641315286117,-4.649058915617843e-15,-4.218847493575595e-15,9.386751358836376e-16,0.09857321809252605,0.12817617165443254,False,586431.0681060484
2021-07-19,6.670356618857835e-05,0.00029890697665648685,0.00016261194219725718,6.959146827065132e-05,83446.63978684851,0.45949269997350106,0.6435935844012712,3.122502256758253e-16,3.608224830031759e-16,1.850733108432756e-16,0.09997607538406003,0.16883116883116886,False,523708.3383054217
2021-07-20,0.0005152709959483017,0.000716446905816255,0.00017472685845420255,2.6449051413750854e-05,83489.63742004002,0.49097855180379074,0.5841641062140333,4.638650574761982e-15,4.3021142204224816e-15,8.777700788442644e-16,0.08511199955671882,-0.0005646527385657821,False,269552.2082940783
2021-07-21,-3.664596637197173e-05,0.0001631907628395946,0.00017582998512057885,2.400674409098747e-05,83486.57786159472,0.4940132224695952,0.6556745227390565,-1.887379141862766e-15,-2.1718737919229625e-15,9.367506770274758e-16,0.09323873849019584,0.0852625635234331,False,276663.55133781675
2021-07-22,0.00010569744542694605,0.0002455236903951338,0.00011288071663644562,2.6945528331742122e-05,83495.40217960213,0.3186712415438059,0.5984314735234572,5.100087019371813e-15,5.551115123125783e-15,2.1371793224034263e-15,0.0993179320129518,0.11575381140598533,False,641259.4073326762
2021-07-23,-0.00011727767879738359,8.413336960804406e-05,0.0001768179741510392,2.459307425438844e-05,83485.61003264424,0.4985619066665994,0.4111005791087103,-4.692427002517263e-15,-4.468647674116255e-15,1.4609624274242172e-15,0.05894867058376449,-0.07171089779785433,False,520165.90112373506
2021-07-26,-0.0002591231989793038,-3.4675143649547826e-05,0.00017376442228895548,5.0683633040800466e-05,83463.97697430385,0.488975128772357,0.5541371944481827,-1.0200174038743626e-15,-8.881784197001252e-16,8.465450562766819e-16,0.066431579374429,-0.08639186900056467,False,362387.28459642344
2021-07-27,-0.00020991769268371714,-1.1136733745673835e-05,0.00017600819752236453,2.2772761415678786e-05,83446.45640883519,0.4957685546920291,0.6161434880061729,-3.3237301799715624e-15,-3.462508058049707e-15,9.645062526431047e-16,0.09738412613653849,0.12478825522303785,False,251310.04231728325
2021-07-28,7.058515660360177e-05,0.00024834868430818137,0.0001524425624440518,2.5320965260527793e-05,83452.34649002882,0.42989429945710367,0.7702936216892503,-5.370703881624195e-15,-5.377642775528102e-15,2.4147350785597155e-15,0.09997724303548969,-0.0694522868435912,False,356474.5872711409
2021-07-29,-0.00040423903869432306,-0.00020672996703305282,0.000165853169400068,3.165590226120228e-05,83418.6117937069,0.46796707554289024,0.48182642276572485,-1.0810796702287462e-14,-1.1594891713428979e-14,3.47725320759551e-15,0.05201378932936554,0.033314511575381144,False,527614.6270560555
2021-07-30,-9.669144397471593e-05,9.618865721098798e-05,0.00017307901531861888,1.980108586708503e-05,83410.5459276782,0.4867519005756469,0.5318043303363786,1.4988010832439613e-15,1.736458199452784e-15,8.187894806610529e-16,0.06198497487995509,-0.02992659514398645,False,294665.9305424875
2021-08-02,-0.0001520969207404856,9.058002225982177e-05,0.00017711202556157594,6.556491743873141e-05,83397.85944048532,0.4985513262623743,0.42561915726923244,2.7824964554667986e-15,2.733924198139448e-15,2.373101715136272e-15,0.061267656133719144,0.10897797854319595,False,382580.7936270158
2021-08-03,-7.468651465934888e-05,0.00011568475554651902,0.00017288007196192696,1.7491198243940943e-05,83391.63074503366,0.48721822599690323,0.5619381036871594,-5.4262150328554526e-15,-5.336009412104659e-15,8.81239525796218e-16,0.080435668991117,-0.003952569169960475,False,567901.3158195318
2021-08-04,-0.0002919125361681129,-9.605182376823373e-05,0.0001727673656730094,2.309334672686978e-05,83367.28768260768,0.4862427485944804,0.6425275079484891,-1.957461970292229e-14,-1.9567680809018384e-14,4.805184028455756e-15,0.072308291021914,0.24223602484472054,False,350992.17796549585
2021-08-05,8.671279291738542e-05,0.00028786868687037887,0.00017475065390031502,2.6405240052678434e-05,83374.51669296059,0.49214818393444365,0.5130604603762713,-1.3461454173580023e-15,-1.3322676295501878e-15,3.0531133177191805e-16,0.06369488086468585,0.01242586889425886,False,353144.18689976155
2021-08-06,-0.000108146454812251,8.86554733924696e-05,0.0001757172517509012,2.1084676453819415e-05,83365.50003455856,0.4952435741645551,0.4980114944353118,8.083811398051921e-15,8.090750291955828e-15,1.4519635493925875e-15,0.08338058405452899,0.08865047995482779,False,655704.6581197222
2021-08-09,-5.742966561493221e-05,0.00017606592779712612,0.000172096916015925,6.139867739613332e-05,83360.71238176775,0.4857590598474888,0.5466217890424785,-1.6653345369377348e-16,-1.6653345369377348e-16,1.249000902703301e-16,0.05590118888347498,-0.08187464709203841,False,523309.90850478876
2021-08-10,-0.0002802329299987507,-8.035697273775931e-05,0.00017741204812225943,2.2463909138732e-05,83337.35196509022,0.4996636653224721,0.46991925268633405,1.734723475976807e-16,1.6653345369377348e-16,6.245004513516506e-17,0.03907574203602294,0.0378317334839074,False,432747.18994443875
2021-08-11,-0.0002457840693272433,-4.938218202736283e-05,0.0001770901371894832,1.931175011039728e-05,83316.86897159727,0.49871885385710113,0.808184031943861,4.524158825347513e-15,4.912736883966318e-15,2.3592239273284576e-15,0.09110914394080223,0.11123658949745907,False,574391.0535959132
2021-08-12,-1.9083944919828804e-05,0.00016056131480674495,0.00014643221731792212,3.321304240865163e-05,83315.27895705892,0.41386923645686957,0.6870960321733595,-1.8318679906315083e-15,-1.5681900222830336e-15,1.6930901125533637e-15,0.09930848993985214,-0.06154714850367025,False,588094.1239772817
2021-08-13,-0.00030607291304648413,-0.00010280682823697708,0.0001750292615695059,2.823682324000114e-05,83289.77840692725,0.49445860685338366,0.8853919779097669,-6.147859998861804e-15,-6.161737786669619e-15,1.304512053934559e-15,0.09989106170217542,-0.0536420101637493,False,465325.9839396475
2021-08-16,-0.0006134565748383038,-0.0003271480734414318,0.0001771505863121054,0.00010915791508476653,83238.68374474668,0.49909064409542575,0.7477435944036012,-2.5653090762745023e-14,-2.609024107869118e-14,4.315992008230296e-15,0.060143669404660594,-0.07171089779785433,False,330105.0340495945
2021-08-17,-0.00022062765058150863,-1.4974251652230097e-05,0.00017492421011817058,3.072918881110795e-05,83220.31898951458,0.4937032752613028,0.9318431748831194,-1.513416128529066e-14,-1.4585554986012994e-14,2.2898349882893854e-15,0.09173901817898368,0.06041784302653869,False,288948.7524587149
2021-08-18,1.798239804687906e-05,0.00023030232123511768,0.00017402499819304133,3.8294924995197296e-05,83221.81549041624,0.4916592613433044,0.7893552155248781,2.463307335887066e-15,2.067790383364354e-15,1.0755285551056204e-15,0.08027891533185573,-0.10897797854319595,False,659780.4466405245
2021-08-19,-0.0004077409389839545,-0.00019819453652380412,0.00017710714702762125,3.243925543252913e-05,83187.88254922422,0.49934091742486947,0.5956310638470517,1.43982048506075e-16,1.3877787807814457e-16,4.163336342344337e-17,0.05567588530449663,-0.07284020327498589,False,308302.1111915588
2021-08-20,-0.0003580133105058609,-0.00015947480335510992,0.00017406051822552968,2.4477988925221304e-05,83158.1001799988,0.49118016733819825,0.8755277365999128,-2.4050206270942454e-14,-2.373101715136272e-14,4.871103520542874e-15,0.09039527533587509,0.11462450592885377,False,256905.26375630888
2021-08-23,-0.00026966208147121584,1.3832971976772369e-05,0.00017555327770279056,0.00010794177574519765,83135.67559361308,0.49396040964606835,0.9178776064233704,-1.0200174038743626e-15,-1.0547118733938987e-15,2.3592239273284576e-16,0.08415066406916953,0.007340485601355168,False,338565.0271196732
2021-08-24,0.00023926379104134904,0.00045099263673216634,0.00017400784816656915,3.772099752424814e-05,83155.5669505264,0.490495659241863,0.7737182326630524,1.942890293094024e-15,1.8596235662471372e-15,7.112366251504909e-16,0.093322247392953,-0.009599096555618296,False,530889.3479823216
2021-08-25,-0.0002606477841618662,-5.254949460930611e-05,0.0001763016498540786,3.179663969848152e-05,83133.89263626002,0.49805372594630143,0.7506010844096436,-9.381384558082573e-15,-8.777700788442644e-15,2.0001361678012586e-15,0.0740476382291612,0.09090909090909091,False,575025.6790016403
2021-08-26,-0.00029808320979688184,-9.080240303481946e-05,0.00017643418685481637,3.084661990724601e-05,83109.1118187001,0.49796515502804406,0.9195155951385169,4.163336342344337e-16,-1.1796119636642288e-16,3.989863994746656e-15,0.08468645047769777,-0.17560700169395824,False,280966.35163055063
2021-08-27,-6.559569375524346e-05,0.0001449436276025315,0.00017275100922879483,3.778831212898014e-05,83103.66021885297,0.48780517028067244,0.8811729341056956,-3.7192471324942744e-15,-3.4833247397614286e-15,1.5508427875232655e-15,0.07652392859393944,0.04347826086956522,False,271411.9832022778
2021-08-30,-0.0003155473124298974,-2.9646488179786397e-05,0.00017726306525077824,0.00010863775899933278,83077.43708221782,0.49921316392845805,0.8529703678608591,5.429684479807406e-15,5.412337245047638e-15,2.2343238370581275e-15,0.08744257248319041,-0.009599096555618296,False,287795.492286284
2021-08-31,-0.000244281850756653,-3.593267339607958e-05,0.00017329560059916845,3.5053576761404944e-05,83057.14277213125,0.489441939153952,0.6624287728237168,1.3877787807814457e-17,2.7755575615628914e-17,9.71445146547012e-17,0.0799996324437855,-0.032185206098249576,False,689965.8695519295
2021-09-01,-0.0001641404218256018,3.644786192564029e-05,0.00017336518349821261,2.7223100253029463e-05,83043.509737681,0.4902145856217118,0.7636079949507062,2.9282132274488504e-15,2.1788126858268697e-15,1.5083420623618338e-15,0.09905992129734222,-0.0016939582156973462,False,769090.5086184872
2021-09-02,-0.0004727318070213421,-0.00016837778171318278,0.00027297287483073315,3.1381150477426164e-05,83004.25242926131,0.7678690847775979,0.0,0.0,0.0,0.0,0.0,0.02204636796226131,True,220297.4957994779
2021-09-03,-0.00017465718807293737,0.0,0.00017465718807293737,0.0,82989.75513993391,0.4923892836224898,0.4924752979732292,3.899658373995862e-15,4.066191827689636e-15,9.378348791999613e-16,0.05200908376032383,-0.06493506493506496,False,346921.17759998154
2021-09-07,-0.0003680301870858696,-0.00011142199923306537,0.00017565334435035623,8.0954843502448e-05,82959.21240482356,0.4958767013781231,0.5105012418364923,3.4555691641457997e-15,3.6637359812630166e-15,9.766493169749424e-16,0.09209078697956449,0.07735742518351214,False,466109.1726335838
2021-09-08,-0.00011407246154132889,7.854526733581706e-05,0.00017163822578797518,2.097950308917077e-05,82949.749043257,0.48396302155564763,0.4248680640130617,7.771561172376096e-16,8.257283745649602e-16,2.47198095326695e-16,0.07017364886480792,-0.025409373235460195,False,435413.74947362934
2021-09-09,-0.00015358391995762304,4.046853414795134e-05,0.00017659212270777736,1.746033139779702e-05,82937.00929563944,0.4989855930460372,0.6794329512290248,1.6826817716975029e-15,1.3530843112619095e-15,5.724587470723463e-16,0.08318783657734709,0.003952569169960475,False,592138.1527018163
2021-09-10,-2.528833924484555e-05,0.00017375930265711443,0.00017112573979665766,2.792190210530232e-05,82934.91195641241,0.4828372292566996,0.5351524434230435,2.1024848528838902e-15,2.192690473634684e-15,3.885780586188048e-16,0.0680724639945078,-0.11123658949745907,False,388727.1078615627
2021-09-13,-0.00035213516949649296,-0.00011057272440514456,0.00017558474658713782,6.597769850421058e-05,82905.70765713346,0.4943427916751536,0.5659898756967549,1.824929096727601e-15,2.0747292772682613e-15,6.713379852030243e-16,0.06956676660206187,0.07509881422924902,False,294343.0279301466
2021-09-14,-5.487011596745276e-05,0.00014222792146853378,0.00017383817953064051,2.3259857905346022e-05,82901.15861133995,0.4914067348428548,0.528170488044096,1.519617764955683e-15,1.6410484082740595e-15,4.544975507059235e-16,0.06296276899904281,0.02766798418972332,False,380928.579776338
2021-09-15,-0.00013525228113373252,6.15688774435787e-05,0.00017511552208234843,2.1705636494962787e-05,82889.94604052913,0.49346531351513284,0.5649525005173884,1.401439728154763e-15,1.214306433183765e-15,7.4593109467002705e-16,0.08130551901823142,0.11688311688311688,False,275608.3192792857
2021-09-16,-6.169906670747328e-05,0.00013475184848179105,0.0001732336891406046,2.3217226048659742e-05,82884.831808219,0.48874973090776536,0.3530092541696863,-1.0417014473240727e-15,-1.0824674490095276e-15,2.1337098754514727e-16,0.08542113311377633,0.07284020327498589,False,198760.90890971562
2021-09-17,4.650779546600686e-05,0.00023544001651914785,0.00017442499142972918,1.4507229623411809e-05,82888.68659902397,0.49316746741271783,0.40496186638914156,-3.3627614581810406e-15,-3.58046925441613e-15,7.979727989493313e-16,0.04412510170136752,0.017504234895539244,False,283075.4357506163
2021-09-20,-0.0002493656103180871,-2.5199142166640426e-05,0.00017423966270620968,4.992680544523704e-05,82868.01701110175,0.49218524479976394,0.48679792295394436,7.400330348517059e-15,7.799316747991725e-15,1.6757428777935957e-15,0.06968962917406422,-0.08300395256916997,False,490185.126358447
2021-09-21,-0.00028499326857881467,-8.787716552818545e-05,0.0001771107089566318,2.000539409399741e-05,82844.40018407312,0.498678326801247,0.6908599601958044,2.661065812148422e-14,2.7755575615628914e-14,6.0298988024953815e-15,0.04927267388645488,-0.11801242236024848,False,361460.6490704348
2021-09-22,-0.0005429780064590705,-0.00033906425808276185,0.00017552224316278361,2.8391505213525115e-05,82799.41749681487,0.49410783296799177,0.6605190624829196,1.1046719095020308e-14,1.1962653090336062e-14,2.5673907444456745e-15,0.08349709240401741,-0.012987012987012988,False,318462.246256891
2021-09-23,-0.00012010970120050163,7.982511950326606e-05,0.00017279020169762077,2.7144619006146928e-05,82789.47248351976,0.4879190383797569,0.6503120843722894,3.4416913763379853e-15,4.052314039881821e-15,1.9012569296705806e-15,0.09971725606604018,0.02992659514398645,False,545483.3687547409
2021-09-24,-3.7988214737263306e-05,0.00016602920637732565,0.00017729226696230324,2.672515415228572e-05,82786.32745926107,0.49971766408807344,0.8301842195387978,-9.298117831235686e-16,-1.2698175844150228e-15,9.957312752106873e-16,0.07247450276248409,-0.044607566346696784,False,311395.598883946
2021-09-27,-0.0003514974641766602,-7.438813590917131e-05,0.00017475784914626716,0.00010235147912122174,82757.22827509065,0.492791235024089,0.5249753504270818,6.800116025829084e-16,7.979727989493313e-16,3.0531133177191805e-16,0.04793095442107263,-0.03557312252964427,False,215717.88838893684
2021-09-28,-0.0001804342124271293,1.5651941771882582e-05,0.0001745118247294058,2.157432946960607e-05,82742.29603978418,0.48935102888113324,0.6457507858411035,-8.826273045769994e-15,-9.492406860545088e-15,2.491062911502695e-15,0.07865931775062132,-0.014116318464144554,False,174689.08534551426
2021-09-29,-0.0003391234413399685,-0.00013647611674994338,0.00017610962106230817,2.6537703527716945e-05,82714.2361876068,0.4971840565368091,0.7050478952215007,-8.1601392309949e-15,-8.659739592076221e-15,1.6653345369377348e-15,0.07496918745075355,-0.026538678712591763,False,337577.04207265185
2021-09-30,6.821761571546012e-05,0.00018609315798538814,8.890097123342767e-05,2.8974571036500357e-05,82719.87875558525,0.25126596462599693,0.7989592866595552,1.457167719820518e-15,1.1657341758564144e-15,9.298117831235686e-16,0.09937705388387806,-0.007340485601355168,False,441643.678479305
2021-10-01,-0.00013374116165471828,4.2641422122830994e-05,0.00014354864049017036,3.2833943287378914e-05,82708.81570290853,0.4056448385142753,0.6220365717100854,1.6417422976644502e-14,1.6903145549918008e-14,3.94996535479919e-15,0.09998980321554067,-0.032185206098249576,False,708240.1923728711
2021-10-04,-0.00028479318443155833,-3.5606437145915045e-05,0.00017249730693782655,7.668944034781673e-05,82685.26079590393,0.4866324550926825,0.661971162385697,9.360567876370851e-15,9.284240043427872e-15,1.547373340571312e-15,0.07731885138193909,0.02766798418972332,False,338643.13726864295
2021-10-05,-0.00031914075144971944,-0.00011825014725932884,0.00017368630984577332,2.7204294344617293e-05,82658.87255963971,0.4870712270441939,0.6847901871344819,7.667477763817487e-15,7.681355551625302e-15,1.5716594692349872e-15,0.09379200576252215,-0.025409373235460195,False,192581.3272149854
2021-10-06,-0.00041667932594723837,-0.00021659568461230373,0.00017194157884995625,2.8142062484978393e-05,82624.430316338,0.48532059276150413,0.5950368140013225,-3.191891195797325e-16,-2.3592239273284576e-16,3.226585665316861e-16,0.09417495595129491,-0.02766798418972332,False,724742.4291422765
2021-10-07,-0.0003483997329406368,-0.00014634342881262493,0.00017760273642932736,2.4453567698684504e-05,82595.6439868814,0.4997554686082782,0.8224316985071377,-7.618905506490137e-15,-7.202571872255703e-15,1.762479051592436e-15,0.09186067412498257,-0.09316770186335405,False,269074.9177558216
2021-10-08,-0.0003315008219850538,-0.00012477842068806883,0.0001729238383446365,3.379856295234843e-05,82568.26346300737,0.48807648059011993,0.9365793275881205,-1.544597783009749e-14,-1.586925035823583e-14,2.2733551152676057e-15,0.07791885364588319,-0.06719367588932806,False,540567.960369761
2021-10-11,-0.0005664063683756561,-0.0002756835308227936,0.0001752541533296677,0.00011546868422319484,82521.49627275621,0.493204798162611,0.9371406830361411,-1.4849232954361469e-15,-1.4016565685892601e-15,2.498001805406602e-16,0.092660364510231,-0.02089215132693394,False,266008.554132136
2021-10-12,-0.0001540349207322863,4.797151728392672e-05,0.00016349380720650855,3.851263080970448e-05,82508.78508061913,0.4608419407489359,0.7379756964846226,3.767819389821625e-15,4.052314039881821e-15,2.733924198139448e-15,0.09955427699248684,-0.08300395256916997,False,449021.5537910919
2021-10-13,-0.00037807927603368205,-0.00017260098864536536,0.00017515051903963368,3.032776834868296e-05,82477.59021888943,0.494868826752681,0.7805941583526651,2.2065682614424986e-15,2.123301534595612e-15,1.4710455076283324e-15,0.09299130338298538,0.04121964991530209,False,321526.6965575686
2021-10-14,-8.54121692805793e-05,0.00012246763638310162,0.00017580059367658518,3.207921198709574e-05,82470.5456289918,0.4946021362848101,0.9670807690675234,1.3614109839465982e-14,1.4377388168895777e-14,2.5309615514501616e-15,0.09140367522114595,0.019762845849802372,False,315078.497694643
2021-10-15,-0.00011644004934341213,9.75222478758728e-05,0.0001742192519151407,3.9743045304144234e-05,82460.94275458937,0.49053109787959115,0.7175397518126158,-5.689893001203927e-15,-5.995204332975845e-15,1.2819606487468604e-15,0.09708563579755847,0.09655561829474874,False,275180.164701036
2021-10-18,6.650225741825285e-05,0.00032686675064531293,0.00017190068820906564,8.846380501799444e-05,82466.42659343139,0.48427472742502947,0.5352495573134273,-1.0852430065710905e-14,-9.96425164601078e-15,2.5673907444456745e-15,0.0984721737228374,-0.0852625635234331,False,455390.37729540415
2021-10-19,-4.8664015752246445e-05,0.00014719289798274262,0.00017386035658512175,2.1996557149867316e-05,82462.41344594862,0.488281171830572,0.42152253724864175,1.3877787807814457e-17,1.5612511283791264e-16,4.440892098500626e-16,0.049953483231280786,0.025409373235460195,False,210601.59040731963
2021-10-20,-0.00029139846295063606,-9.992974793485297e-05,0.00017414587101926353,1.7322843996519518e-05,82438.38402541928,0.48954762177040817,0.6452432717891732,-2.2815083156046967e-14,-2.25583440816024e-14,4.479056014972116e-15,0.08126666504063897,-0.13495200451722192,False,234373.9061124245
2021-10-21,-0.00018448982779717597,1.3786920401738379e-05,0.000171759901413057,2.6516846785857367e-05,82423.17498214655,0.48500548859744963,0.6685998172848375,3.5457747848965937e-15,3.5180192092809648e-15,1.412064909445121e-15,0.09054416149761511,0.04573687182382835,False,778442.8243110245
2021-10-22,-0.0004342537903767184,-0.00023257983318273777,0.00017419725237405594,2.7476704819924676e-05,82387.38240599567,0.49131571755108455,0.7319000989829582,-1.1064066329780076e-14,-1.1352030426792226e-14,2.3852447794681098e-15,0.07147256107915156,-0.005081874647092039,False,559278.3552144077
2021-10-25,-0.00036476096429417424,-0.00010219342126924666,0.0001723332842462053,9.023425877872224e-05,82357.33070494358,0.48528660225539144,0.6659204699506908,-1.1504686092678185e-14,-1.0672018824209317e-14,4.314257284754319e-15,0.05922830935135396,-0.04686617730095992,False,319039.52553498995
2021-10-26,0.00011326220299672532,0.0003163769774974304,0.00017574817984519674,2.7366594655508312e-05,82366.65867765214,0.4939282938725668,0.7068176336230013,7.993605777301127e-15,8.465450562766819e-15,2.9906632725840154e-15,0.07612503664526137,-0.003952569169960475,False,235044.9702942256
2021-10-27,-0.00018369530324234039,1.6551581132936218e-05,0.00017119958436337277,2.9047300011903837e-05,82351.52830930929,0.4817625775579531,0.5059498016311602,3.174543961037557e-15,4.107825191113079e-15,3.0704605524789486e-15,0.0858761897906194,0.1552795031055901,False,199500.12802382305
2021-10-28,-9.808174856031585e-05,9.682302051624127e-05,0.0001741123114752767,2.079245760128042e-05,82343.45112741609,0.49127562981390105,0.7524005919899696,8.89913143176102e-15,9.3119956190435e-15,4.496403249731884e-15,0.09687340429447938,-0.025409373235460195,False,438592.84500232426
2021-10-29,-0.00043595836545694543,-0.0002280382686634479,0.0001769995245199375,3.0920572273560024e-05,82307.55281105649,0.4989884629980806,0.5004981760725633,-4.891920202254596e-15,-4.961309141293668e-15,1.0755285551056204e-15,0.060632614607720084,0.12817617165443254,False,401192.3328510153
2021-11-01,-0.0002973276451789382,-5.872126310600757e-05,0.00017690112748864142,6.170525458428923e-05,82283.08050019873,0.49876512304292964,0.7069957381993154,-1.734723475976807e-16,-2.42861286636753e-16,1.9949319973733282e-16,0.07975826796365937,0.0028232636928289105,False,198678.77121326243
2021-11-02,-0.0002511414001925278,-5.055286689762779e-05,0.00017153391391684598,2.905461937805406e-05,82262.41581214976,0.48407546740879465,0.6820590585643862,1.0911410663894117e-14,1.0845491171806998e-14,1.9741153156616065e-15,0.09108437964093816,-0.1552795031055901,False,515228.1943286645
2021-11-03,-0.0005060392953325229,-0.00030198114058298714,0.00017602833042497233,2.8029824324563367e-05,82220.78779721983,0.4958193522245922,0.6685535907658835,5.828670879282072e-16,5.273559366969494e-16,1.2836953722228372e-16,0.08509451679171508,-0.014116318464144554,False,276765.4489607987
2021-11-04,-5.7418613495169716e-05,0.00010552903299548253,0.00013547284139068445,2.7474805099967788e-05,82216.06679358403,0.3830498004461188,0.8510804255943764,1.1518563880486e-15,1.27675647831893e-15,1.2455314557513475e-15,0.09922695680198641,-0.09542631281761718,False,677023.0795009407
2021-11-05,-0.0002763838488797197,-6.408626002235774e-05,0.00017732168095622324,3.4975907901138706e-05,82193.34360060387,0.4982049810000341,0.8626097643651616,-7.722988915048745e-15,-7.66053886991358e-15,2.8210940528072825e-15,0.08322414818446877,0.059288537549407126,False,200185.56543767164
2021-11-08,-0.00014043102329265963,0.00014272471409014926,0.00017680658835148664,0.00010634914903132224,82181.8011052542,0.4990976827499647,0.8881717001929865,2.8591712331049735e-14,2.815889882379352e-14,4.906231670931405e-15,0.08968508255813641,0.1981931112365895,False,376013.338143012
2021-11-09,0.00019985967832424442,0.00040910570786719405,0.0001727458226857048,3.6500206857244854e-05,82198.2259335872,0.4869833921419998,0.5817144125272838,-3.361894096443052e-15,-3.6292583521779775e-15,1.2385925618474403e-15,0.050539040933903136,0.07848673066064371,False,391297.9971696049
2021-11-10,-4.21548886289599e-05,0.00015764067441166862,0.00017588949129293177,2.390607174769674e-05,82194.76087652746,0.49563325151421966,0.3908686483109943,-1.6844164951734797e-15,-1.680947048221526e-15,6.158268339717665e-16,0.055527629941781884,0.0220214568040655,False,308557.10817121057
2021-11-11,-9.374763473422705e-05,9.829758236898498e-05,0.0001759821219671437,1.6063095136068326e-05,82187.05531210774,0.49596748634332066,0.5079897864856406,-7.355227538141662e-16,-7.494005416219807e-16,3.7470027081099033e-16,0.08220933318948201,0.07284020327498589,False,506241.99711503956
2021-11-12,-0.00027607527189871955,-7.744242182832213e-05,0.0001777565574750971,2.0876292595300332e-05,82164.3654984659,0.4983168950322284,0.6658384778641335,4.9404924595819466e-15,5.179884299266746e-15,7.91033905045424e-16,0.09592590149633534,-0.047995482778091486,False,200671.62435669694
2021-11-15,-0.0002518099931334556,7.541322724791838e-06,0.0001772616405051357,8.208967535311172e-05,82143.6756901539,0.4978084073181765,0.6987277196858525,-3.316791286067655e-15,-4.107825191113079e-15,1.6887533038634217e-15,0.09983330539012027,-0.003952569169960475,False,242841.8544437578
2021-11-16,-9.275473822176669e-05,0.00010795167765276405,0.0001719915780792216,2.8714837795309144e-05,82136.05647501869,0.48463804297191193,0.6550828740183552,-3.1086244689504383e-15,-2.6367796834847468e-15,1.4450246554886803e-15,0.08642415122022593,0.014116318464144554,False,277010.3398404934
2021-11-17,-0.00015286776217790125,5.044706429383432e-05,0.0001763936124709811,2.692121400075445e-05,82123.50051987123,0.49601037509397106,0.7081467076831488,4.85722573273506e-17,1.3877787807814457e-17,9.71445146547012e-17,0.084406283294367,0.0694522868435912,False,227305.31603142983
2021-11-18,-0.0004427457612349746,-0.0002363788023908821,0.00017726503935026447,2.9101919493828033e-05,82087.14068811828,0.4975092866338708,0.7562897282133034,-6.376843497690743e-15,-6.439293542825908e-15,1.1280039402539188e-15,0.07519853393541694,0.06267645398080182,False,267105.0392602027
2021-11-19,-0.0002958722911584584,-8.893105217173909e-05,0.0001758608391971312,3.108039978958807e-05,82062.85337772824,0.4964594290256089,0.5151187816923528,-1.4922091340352495e-14,-1.6334156249797616e-14,3.716428206845812e-15,0.08957441938915106,-0.0378317334839074,False,315664.0955546336
2021-11-22,-0.0007069888424542757,-0.000467608582808008,0.0001758724646430991,6.350779500316862e-05,82004.83585601024,0.4953465455170307,0.7403697843493161,7.674416657721395e-15,8.465450562766819e-15,3.3861802251067274e-15,0.08042677248636916,-0.04912478825522304,False,282523.017194856
2021-11-23,-0.0004656107835014277,-0.0002614374499221105,0.00017374717805811272,3.042615552120445e-05,81966.65352013642,0.48928658109509127,0.7899682830343251,-2.355754480376504e-15,-2.525757381022231e-15,5.342948306008566e-16,0.09485987468555196,-0.031055900621118016,False,190335.60499174337
2021-11-24,-8.458289221538852e-05,0.0001243665964284162,0.00017648503865609264,3.246444998771209e-05,81959.72054351647,0.49729756588525453,0.712399693648449,9.46465128492946e-15,9.547918011776346e-15,2.499736528882579e-15,0.09930777285405072,0.02089215132693394,False,241156.48084351554
2021-11-26,-9.479500389329132e-05,0.0001373570238002298,0.0001735986282155672,5.8553399477953924e-05,81951.95117148844,0.4890347073147492,0.7697949056342822,1.255592851912013e-14,1.2878587085651816e-14,4.191091917959966e-15,0.08100018526055554,0.007340485601355168,False,388084.3487934239
2021-11-29,-0.000796165902908841,-0.0005241668771118218,0.000177092804554438,9.49062212425812e-05,81886.70382228885,0.4991678320363018,0.548163263164595,2.9629076969683865e-15,3.039235529911366e-15,9.159339953157541e-16,0.04984160496568743,-0.09655561829474874,False,261040.9126187915
2021-11-30,-0.0002226461452761255,-2.5685299603970006e-05,0.00017443358828182979,2.2527257390325704e-05,81868.47206333345,0.4910977835765703,0.5591267598016739,-1.814190074209132e-14,-2.070565940925917e-14,5.734995811579324e-15,0.08665311107176292,-0.15415019762845852,False,326648.88009211933
2021-12-01,-0.0004770045178662596,-0.0002821953437154297,0.00017183136210418502,2.297781204664488e-05,81829.42043228843,0.48349410518341235,0.5146585849533166,-6.404599073306372e-15,-7.646661082105766e-15,3.1329105976141136e-15,0.05904568186477409,0.1360813099943535,False,321441.9526190164
2021-12-02,-0.0001503816547695652,4.789443361978617e-05,0.00017712573558305043,2.115035280630094e-05,81817.114788635,0.49879840600879105,0.6359771078305347,3.076727241035915e-14,3.375077994860476e-14,6.765421556309548e-15,0.09181905943816988,-0.09655561829474874,False,320507.59680197184
2021-12-03,-0.000751572348438508,-0.0005511260273281969,0.0001743102755830302,2.6136045527280983e-05,81755.62330753084,0.49116383416935117,0.5865124956416966,6.106226635438361e-16,6.938893903907228e-16,2.4291549674537727e-16,0.07303490031361737,-0.06606437041219651,False,470618.66470158676
2021-12-06,-0.0003830265796039472,-0.00013956997171288998,0.00017114684815440977,7.230975973664746e-05,81724.30873077197,0.4822009870054978,0.43624173427246277,9.478529072737274e-15,9.658940314238862e-15,1.672273430841642e-15,0.09950150556396646,0.16770186335403728,False,400098.3479042317
2021-12-07,0.00040943537785967664,0.0005924387785694802,0.0001650756582054562,1.7927742504347394e-05,81757.76955399747,0.46487313258309737,0.8062709875492328,3.0999508515705543e-15,2.6645352591003757e-15,9.020562075079397e-16,0.09892418375368325,-0.047995482778091486,False,481123.6104025123
2021-12-08,-0.00040033014427349323,-0.00019168766283687584,0.00017550805729075865,3.313442414585876e-05,81725.03945431643,0.4944019830043189,0.603190983580521,-1.0411810302812796e-14,-1.1129985821867194e-14,1.842276331487369e-15,0.06708797987893368,-0.12478825522303785,False,597690.4488018508
2021-12-09,-0.0005952478482556874,-0.0003935141195049469,0.00017694505819263644,2.4788670558104036e-05,81676.39280043263,0.4985905052566769,0.4671332624502901,-5.873773689657469e-15,-5.80785419757035e-15,1.1969591984239969e-15,0.05604073044403938,0.18012422360248448,False,489797.4517259716
2021-12-10,-1.0204946330579616e-05,0.00018628687985514515,0.0001772945688247537,1.9197257360971065e-05,81675.55929722764,0.49919023752640235,0.46964099359626604,-9.179939794434766e-15,-1.0283440765590512e-14,2.213507155346406e-15,0.06112190629582173,-0.17786561264822137,False,422124.9295491043
2021-12-13,-0.000325339634590659,-9.416504992951312e-05,0.00017327364024516677,5.7900944415979134e-05,81648.98700061088,0.4883847221568016,0.4981378467500061,-1.0269562977782698e-15,-1.6167622796103842e-15,2.5402314800249126e-15,0.07630451131902947,-0.033314511575381144,False,314841.1404724749
2021-12-14,-0.00017541896548276393,1.828426529464808e-05,0.00017323181241782267,2.0471418359589336e-05,81634.66421977851,0.4874151327768049,0.6033325045174323,-3.141931159689193e-14,-3.275157922644212e-14,8.219119829178112e-15,0.05240873133281357,-0.06154714850367025,False,371200.8962052555
2021-12-15,-0.0002910862386487557,-8.944628511875112e-05,0.00017684546704298555,2.479448648701905e-05,81610.90149242742,0.4975380902551294,0.949948245828839,1.4155343563970746e-15,2.7269853042355408e-15,3.587408148320037e-15,0.09713752404474196,-0.20948616600790515,False,405374.7133862451
2021-12-16,-0.0009016585455604583,-0.0006879547794725105,0.00017466479708128327,3.9038969006664555e-05,81537.31632568588,0.4924726478500923,0.6678122537269958,-5.2735593669694936e-15,-5.242334344401911e-15,1.141448047192739e-15,0.07872990663010873,0.09994353472614344,False,564462.9537725378
2021-12-17,-0.0002393167483494227,-3.570824588943043e-05,0.00017616416326573196,2.7444339194260323e-05,81517.80308027368,0.49625615812438956,0.7442850310930417,-1.7132129048746947e-14,-1.686498163344652e-14,5.169475958410885e-15,0.060738980262378756,-0.14737436476566912,False,535650.002895367
2021-12-20,-0.00021717286207536976,5.1593146519413524e-05,0.00017700484037783083,9.176116821695246e-05,81500.09962566863,0.49799893483453483,0.4981390881017668,6.914607775243553e-15,7.230327447871332e-15,1.8283985436795547e-15,0.0552526684138378,-0.06719367588932806,False,563725.2320688055
2021-12-21,-3.781804756561426e-05,0.0001575059690322383,0.00017485254722380763,2.0471469374044925e-05,81497.01745102438,0.4921639296420834,0.7215317179739297,2.3037127760972e-15,2.6020852139652106e-15,9.8879238130678e-16,0.08581981160560659,0.1044607566346697,False,363499.9482169597
2021-12-22,0.0001450171395271613,0.00034843416834541373,0.000173765040408365,2.965198840988743e-05,81508.83591537512,0.48965053804189745,0.519237626527443,9.992007221626409e-16,2.5431046157819992e-15,2.671474153004283e-15,0.09754933387694573,0.014116318464144554,False,626314.8056911805
2021-12-23,-0.0002833751782864603,-8.888666560549503e-05,0.00017314998008394712,2.1338532597018156e-05,81485.73833446568,0.48800594970062494,0.5976875231057623,-7.91033905045424e-16,-8.187894806610529e-16,2.393918396847994e-16,0.06032636880637686,-0.03670242800677584,False,393757.8633695395
2021-12-27,0.00011520441135435438,0.0003865412111766789,0.00017308679602411688,9.825000379820766e-05,81495.12585098429,0.48760388187199405,0.8680227723329,1.5466794511809212e-14,1.6292522886374172e-14,3.427813588530171e-15,0.09873630006282008,0.10897797854319595,False,467700.20921446296
2021-12-28,-0.00013274770156000232,7.598471959074713e-05,0.0001730602524247405,3.5672168726008954e-05,81484.30756033922,0.4880390152707027,0.5611631014827387,4.0314973581701e-15,4.454769886308441e-15,1.56472057533108e-15,0.049758086147749285,-0.05251270468661773,False,607527.6928063662
2021-12-29,-0.00025981264107793954,-5.9918360142780484e-05,0.00017683278361395078,2.3061497321208278e-05,81463.13690718556,0.4987290386257468,0.39243506105219755,-7.601470180303854e-15,-8.102893356287666e-15,2.9976021664879227e-15,0.06728708719727665,0.02766798418972332,False,419471.9980708742
2021-12-30,-3.811648270322762e-05,0.00015256338077376824,0.00017455239521457647,1.612746826241939e-05,81460.03181893668,0.4911755467139304,0.5448282741417256,2.1328425137134843e-15,3.1780134079895106e-15,3.58046925441613e-15,0.09806465135446539,0.050254093732354614,False,326924.40400845994
2021-12-31,-0.00021649209029223418,-1.785961372241484e-05,0.00017624227352289917,2.2390203046920153e-05,81442.39636637292,0.49533349434559965,0.35844304503919244,-3.139849491518021e-16,-4.198030811863873e-16,2.706168622523819e-16,0.04384821560892679,-0.010728402032749858,False,238748.91471386392
2022-01-03,0.00011480990198210032,0.0003355720175834371,0.00017657050730883358,4.419160829250321e-05,81451.74675991693,0.4946810178408873,0.6494394847319487,1.0186296250935811e-14,9.8879238130678e-15,1.429412144204889e-15,0.06721745188234983,-0.010728402032749858,False,232378.4077851565
2022-01-04,-0.00024459202553425957,-4.5917841745480366e-05,0.00017198488989568584,2.6689293893093362e-05,81431.82431219362,0.4842109839444701,0.4579157766274597,5.825201432330118e-15,6.1374516580059435e-15,1.582067810090848e-15,0.04991867029250012,0.1101072840203275,False,498772.0916769752
2022-01-05,-0.00017946376362998928,1.0930457828660432e-05,0.00017157576488491873,1.8818456573730976e-05,81417.2102505233,0.48438220793570386,0.4619035511034685,-3.8163916471489756e-17,-4.163336342344337e-17,6.245004513516506e-17,0.04343153555922387,-0.02428006775832863,False,470103.45535033784
2022-01-06,-0.00010859039417682336,8.451631513739256e-05,0.00017412437159763502,1.8982337716580896e-05,81408.36912356941,0.4904746882231877,0.5995081820668079,1.3461454173580023e-15,1.3322676295501878e-15,1.016547956922409e-15,0.08621922016836468,-0.05590062111801244,False,585682.4926149275
2022-01-07,-0.0003111658922121698,-0.00013784654966648595,0.00014868201999499313,2.4637322550690677e-05,81383.03761575754,0.4192420482885567,0.6757846679219744,7.445433158892456e-15,7.716050021144838e-15,1.8752360775309285e-15,0.09961324674035424,0.044607566346696784,False,1011482.8322687949
2022-01-10,-1.39575156037216e-06,0.00025634409486675425,0.0001744239284641442,8.33159179629822e-05,81382.9240252558,0.4910258238370248,0.6247418831059219,-9.26342336171615e-16,-1.1587952819525071e-15,9.679756995950584e-16,0.08706376871697953,0.06380575945793338,False,262715.05505804176
2022-01-11,-0.00030896982632406964,-0.00010790726390277232,0.00017538823845804021,2.5674323963257108e-05,81357.77915735396,0.49324299427957613,0.587318692374147,4.489464355827977e-15,4.5276282722994665e-15,9.97465998686664e-16,0.06612610067901467,-0.02766798418972332,False,267434.5305821807
2022-01-12,-0.00031688291087388824,-0.00011877572043152561,0.0001739708058242472,2.4136384618115447e-05,81331.99826747234,0.49047327665412993,0.6781058397596886,-1.5334955527634975e-15,-1.2281842209915794e-15,9.922618282587337e-16,0.09227920117165372,-0.03557312252964427,False,480296.7535757444
2022-01-13,-0.000477569010082349,-0.0002776976064415397,0.00017200404036301384,2.7867363277795482e-05,81293.15662557173,0.4836202914892119,0.451555222392855,-1.7069679003611782e-15,-1.4432899320127035e-15,4.99708781298569e-16,0.06483350356237144,0.050254093732354614,False,257410.3079986187
2022-01-14,-4.264939021415598e-05,0.00015167668672283295,0.00017576901300303592,1.8557063933953016e-05,81289.68952201307,0.49365645055623386,0.5317935418291971,-1.1796119636642288e-16,-1.5265566588595902e-16,2.7755575615628914e-17,0.08722747190675577,-0.08187464709203841,False,262763.8589605147
2022-01-18,-0.0005932473942835648,-0.0003319052447837332,0.00017392403303475809,8.741811646507352e-05,81241.46462552201,0.48968825951288103,0.6866709668690846,-3.400058012914542e-16,-3.642919299551295e-16,1.240327285323417e-16,0.06695424564783048,0.07284020327498589,False,441162.7984255781
2022-01-19,-2.989754782246808e-05,0.00017517358547535755,0.00017685177849498652,2.8219354802839105e-05,81239.03570494821,0.49751415178423963,0.8728180108070981,6.342149028171207e-15,6.0750016128707784e-15,1.0286910212542466e-15,0.09856099068724519,-0.02992659514398645,False,395489.01061348297
2022-01-20,8.939343922661244e-05,0.00029862569024423954,0.00017336301769678772,3.586923332083938e-05,81246.29794174932,0.4870172689003717,0.5865866296352713,3.70536934468646e-15,4.121702978920894e-15,1.817990202823694e-15,0.08652800464708377,-0.005081874647092039,False,222849.70865338933
2022-01-21,-0.00015190410705723028,4.405674244065691e-05,0.0001718545496498625,2.4106299848024698e-05,81233.95629540877,0.4851367829579988,0.5322959933408534,1.8596235662471372e-15,1.8943180357666733e-15,9.43689570931383e-16,0.07658645147069926,0.051383399209486175,False,570430.461558604
2022-01-24,-0.00024872704156155364,-9.754143574873726e-06,0.0001733473645610955,6.562553342558442e-05,81213.75121378507,0.48772980606634897,0.6134900154708881,8.465450562766819e-16,9.645062526431047e-16,5.898059818321144e-16,0.06724836819385631,0.012987012987012988,False,438478.69078346784
2022-01-25,-3.8270297440228736e-05,0.00016197324485809435,0.00017503162385431402,2.5211918444009064e-05,81210.64313936989,0.4923869720826195,0.6459719861176636,-1.5681900222830336e-15,-1.779826286352204e-15,8.604228440844963e-16,0.08975789278283945,0.05590062111801244,False,301360.5950700046
2022-01-26,-0.00012933543352953796,6.607745210529851e-05,0.00016886609168479544,2.654679395004104e-05,81200.13972563224,0.475091627354287,0.49273518671702043,-1.0755285551056204e-16,5.551115123125783e-17,3.469446951953614e-16,0.06481489250361148,-0.06154714850367025,False,377137.814112579
2022-01-27,-0.0002228239673198508,-2.6944654060635752e-05,0.000175629922024269,2.024939123494605e-05,81182.04638835165,0.49525810853476354,0.5094702427389194,-3.469446951953614e-18,-1.3877787807814457e-17,8.153200337090993e-17,0.06450906663449621,0.02766798418972332,False,550133.8788833572
2022-01-28,-0.00021685168385618904,-2.0619235259439737e-05,0.00017529531533350606,2.0937133263243258e-05,81164.44192489344,0.49492287147159686,0.40221424519953336,1.609823385706477e-15,1.5959455978986625e-15,3.8163916471489756e-16,0.03444186175879236,0.1902879728966686,False,707549.0173087723
2022-01-31,0.00015088514777867847,0.0003754159448551976,0.00017494273944917957,4.958805762733953e-05,81176.68843370766,0.49283289634460237,0.4234456954978067,-2.3273917515442832e-14,-2.3238355684185308e-14,4.4200754167889045e-15,0.061303477104824665,0.08187464709203841,False,585949.2108219826
2022-02-01,-0.00020265076979282152,-9.75279182283835e-06,0.00017549610007281207,1.7401877897171095e-05,81160.23791530734,0.4951620706834219,0.5449729367658788,8.291978215169138e-16,7.4593109467002705e-16,1.6653345369377348e-16,0.08416093095240779,0.05477131564088086,False,943518.672936332
2022-02-02,-4.0695492468017865e-05,0.00015657062270826025,0.00017486996709000917,2.2396148086268952e-05,81156.93505945656,0.49253913909678776,0.7250639319547529,6.061123825062964e-15,5.794843771500524e-15,3.2335245592207684e-15,0.0959857111023756,0.08413325804630155,False,802714.6353255323
2022-02-03,-0.0003715741625951209,-0.00016812025991835627,0.00017365675478821338,2.9797147888551245e-05,81126.77923927306,0.48992868275014073,0.5384748174176633,-1.366962099069724e-15,-1.339206523454095e-15,3.5388358909926865e-16,0.08274355134248967,0.07284020327498589,False,855343.2981933353
2022-02-04,-0.0004185967308017995,-0.00022585404501819354,0.0001706135836979485,2.2129102085657447e-05,81092.81983470303,0.47972085370219014,0.4669037073136539,2.9906632725840154e-15,2.796374243274613e-15,8.049116928532385e-16,0.05433287579235589,0.059288537549407126,False,516520.99215142155
2022-02-07,-0.0003467413880407662,-0.00011306094552181211,0.00017611697175425744,5.756347076469668e-05,81064.70159779339,0.4934844624089033,0.8784856184074352,-3.1363800445660672e-15,-2.4980018054066022e-15,1.887379141862766e-15,0.09718078857072256,0.026538678712591763,False,358516.0573148585
2022-02-08,-0.0005547012699063002,-0.00034339503683519703,0.00017520408436942766,3.610214870167555e-05,81019.73490487252,0.49340750104136955,0.6507916378952645,8.465450562766819e-16,9.298117831235686e-16,3.695503104916842e-16,0.09694293165231856,-0.03444381705251271,False,402553.57696254674
2022-02-09,3.026494339903008e-06,0.00020209255612599038,0.00017232119995477517,2.6744861831312204e-05,81019.98011064161,0.4857487229913866,0.7525380333687363,5.842548667089886e-15,4.6074255521944e-15,2.6645352591003757e-15,0.09766131072434951,-0.07735742518351214,False,666374.2912338384
2022-02-10,-0.000432721333867525,-0.00022806587892147256,0.00017372923439665258,3.092622054939988e-05,80984.92103677822,0.48699565038605974,0.6563442795530084,1.4141465776162931e-14,1.3364309658925322e-14,2.3071822230491534e-15,0.07582889285612286,0.017504234895539244,False,257332.72315535785
2022-02-11,-0.0004918785011564024,-0.00028880044533605674,0.00017610500323597604,2.697305258436962e-05,80945.08629520239,0.495673712858717,0.8614992263062685,6.768891003261501e-15,6.859096624012295e-15,1.8006429680639258e-15,0.06897118641621933,-0.03557312252964427,False,417799.434505494
2022-02-14,-6.050620561455618e-05,0.00016547106989412777,0.0001197650421284599,0.00010621223338022405,80940.18861516751,0.3374254152370685,0.9091549907968216,1.5716594692349872e-14,1.489780521168882e-14,2.6471880243406076e-15,0.09936936958612287,-0.06832298136645965,False,555299.663156769
2022-02-15,-0.0008149965679793798,-0.0004516165034978987,0.00032601753061311915,3.736253386836189e-05,80874.22263923455,0.9162051810419964,0.0,0.0,0.0,0.0,0.0,-0.0016939582156973462,True,397654.4790686398
2022-02-16,-0.00017429179533820418,0.0,0.00017429179533820418,0.0,80860.12692577417,0.49104972436156313,0.49113532521914965,9.3119956190435e-15,8.43769498715119e-15,2.7755575615628914e-15,0.07001220255247846,0.08300395256916997,False,489229.55187842913
2022-02-17,-8.189155223617891e-05,0.00011521955651015852,0.00017692746524418097,2.0183643502156454e-05,80853.5051644662,0.49820733782235693,0.751660511381897,1.7937040741600185e-15,1.6514567491299204e-15,6.019490461639521e-16,0.09323906315060804,0.09655561829474874,False,751443.1649542794
2022-02-18,6.403992458006694e-05,0.00027107219092855413,0.00017614210834649148,3.08901580019957e-05,80858.68301683897,0.4944494570254405,0.7977943554325626,-7.771561172376096e-16,-1.1102230246251565e-16,1.4849232954361469e-15,0.08717711021716437,0.005081874647092039,False,278470.7713716805
2022-02-22,-0.00034814732886034335,-4.66056440948917e-05,0.00017039740716009874,0.0001311442776053529,80830.5322823315,0.4794385151615091,0.6951657352731933,2.8171909249863347e-15,2.0747292772682613e-15,1.4328815911568427e-15,0.07099419769425257,-0.07171089779785433,False,680414.1379540012
2022-02-23,-0.0002466510550771507,-4.1968430536045646e-05,0.00017611416966686435,2.85684548742407e-05,80810.5953462616,0.4960738929243073,0.6544991489796437,-3.4139358007223564e-15,-3.073929999430902e-15,1.4641066137244252e-15,0.08886098267687273,0.05251270468661773,False,508086.7270093311
2022-02-24,-0.00010096181097483378,0.0001022949878163675,0.00017635957349066783,2.6897225300533445e-05,80802.43656220949,0.49547246284384133,0.4779443157879963,5.238864897449957e-16,1.0408340855860843e-16,1.1830814106161824e-15,0.07880325875237036,-0.018633540372670808,False,368033.25874912745
2022-02-25,-0.0002728941764047632,-7.776406356348046e-05,0.00017548856561711858,1.9641547224164207e-05,80780.38604783235,0.4937895720023566,0.6167292824650332,1.739580701709542e-14,1.6431300764452317e-14,2.699229728619912e-15,0.08444377345020493,-0.033314511575381144,False,641919.0564652496
2022-02-28,-0.00012108102992089496,0.00013156736198020479,0.00017661327488486492,7.603511701623482e-05,80770.60507549226,0.496564978976273,0.635966798569903,-1.366962099069724e-15,-1.1449174941446927e-15,2.3592239273284576e-16,0.09336820768288645,-0.016374929418407683,False,649467.0934320765
2022-03-01,-0.0004134476337379769,-0.0002166907976885853,0.00017062121419035442,2.613562185903717e-05,80737.21065994822,0.4809160856652062,0.6422547807010752,5.636116573448646e-15,4.704570066849101e-15,2.4919302732406834e-15,0.064082204808206,-0.03896103896103897,False,544066.0735012684
2022-03-02,-0.00033832010307244226,-0.0001356782867571975,0.00017624778423163922,2.63940320836056e-05,80709.89563851597,0.4956990748832534,0.6269868132547028,5.3420809442705774e-15,4.926614671774132e-15,8.98586760555986e-16,0.08626300744759167,0.007340485601355168,False,416946.4032262834
2022-03-03,-0.0004879895837505511,-0.0002857291239606106,0.00017649387842330906,2.5766581366631407e-05,80670.51005013878,0.4958394988356896,0.6928070886661775,5.995204332975845e-15,5.564992910933597e-15,8.933825901280557e-16,0.08985000709015768,-0.014116318464144554,False,502979.37308402
2022-03-04,-0.0004146584718825795,-0.00021187510563690204,0.00017431184205391696,2.8471524191760472e-05,80637.0593397154,0.49213400338540647,0.7596100529426391,-1.9845236565174673e-15,-2.8640284588377085e-15,1.3877787807814457e-15,0.09615044394065056,-0.032185206098249576,False,1152242.2120173112
2022-03-07,-0.0004154159606948125,-0.00014383118708061128,0.00017793421914182083,9.36505544723804e-05,80603.56141824219,0.4998856182204762,0.9154536239218107,-7.077671781985373e-15,-5.509481759702339e-15,2.789435349370706e-15,0.09600318670378713,0.16657255787690575,False,337947.9276904446
2022-03-08,0.0008551512126316301,0.0010672716638656277,0.0001744990694289914,3.7621381805006215e-05,80672.48965153142,0.4905517296676883,0.7252653827520741,8.784639682346551e-15,7.716050021144838e-15,1.3877787807814457e-15,0.08877734132218151,0.032185206098249576,False,632508.8912172888
2022-03-09,-0.0005295140043999026,-0.0003299066945431819,0.00016980188316827963,2.980542668844104e-05,80629.77243849113,0.47768283560692104,0.5323342649036641,1.457167719820518e-15,1.4155343563970746e-15,2.914335439641036e-16,0.057136594528672646,0.05702992659514399,False,439213.3154365986
2022-03-10,-2.579921515553089e-05,0.00017257838453956274,0.00017650084908261434,2.1876750612479285e-05,80627.69225364404,0.4957715407521217,0.7031400655568026,-8.500145032286355e-16,-7.771561172376096e-16,1.2906342661267445e-15,0.05950990160477731,0.07058159232072277,False,474802.98189414927
2022-03-11,-8.341424575377909e-05,0.00011822589197508262,0.00017274397065118486,2.8896167077676858e-05,80620.96675550783,0.48622256342391523,0.4436917936063741,-7.806255641895632e-17,-8.396061623727746e-16,1.2264494975156026e-15,0.04103948749096338,0.059288537549407126,False,753466.5356385898
2022-03-14,-0.000230388567544514,2.232231687409941e-06,0.0001779190712530559,5.4701727978868034e-05,80602.39260646298,0.49997307987875383,0.4392253340156473,2.8449465006019636e-16,4.0245584642661925e-16,2.983724378680108e-16,0.06660268350009761,0.08752117447769624,False,599015.1930331886
2022-03-15,-6.183631077519663e-05,0.00012822963364097223,0.00017201558822374502,1.8050356192423848e-05,80597.40845186454,0.4841105598248986,0.5995652271919373,4.5449755070592346e-15,5.065392549852277e-15,1.3981871216373065e-15,0.0993439606717034,0.1101072840203275,False,706732.9262621762
2022-03-16,-0.00019760498981921229,3.6257932138436685e-06,0.0001765911161621546,2.4639666870901347e-05,80581.48200178795,0.49653856964305343,0.58163638390767,-5.734995811579324e-15,-5.8043847506183965e-15,1.7191109646930158e-15,0.08896345346102989,0.06832298136645965,False,495293.9906112875
2022-03-17,-8.955403201634261e-05,0.00010975100316893248,0.00017540217009317884,2.390286509209626e-05,80574.26560516884,0.49379130364221707,0.6318685969376394,4.85722573273506e-17,1.3877787807814457e-17,4.163336342344337e-17,0.07749924490080146,-0.0220214568040655,False,987665.8585213051
2022-03-18,-0.00031453987497297246,-0.00011637409595870093,0.0001721985764003959,2.5967202613875592e-05,80548.92178573935,0.4848795238113558,0.5610042991985633,3.3584246494910985e-15,3.1537272793258353e-15,1.4224732503009818e-15,0.06487198125430443,0.026538678712591763,False,756281.7645136997
2022-03-21,-0.0003109867456060708,-6.8838913913052e-05,0.0001729829180931963,6.916491359982247e-05,80523.87213869113,0.487594387240546,0.6495741742715726,6.617970060851519e-15,7.299716386910404e-15,2.2187113257743363e-15,0.0791600629055662,0.010728402032749858,False,703500.921548868
2022-03-22,-0.00017542943185645295,2.484231288761655e-05,0.0001735769156644161,2.6694829079653396e-05,80509.74588155096,0.48828423000817106,0.7795481572039761,-4.579669976578771e-16,-1.0061396160665481e-16,7.147060721024445e-16,0.09190632042246223,-0.08074534161490683,False,652068.7683934427
2022-03-23,-0.00038298408642103515,-0.000175413630308416,0.00017553423047409955,3.2036225638519584e-05,80478.91193007653,0.49242591002652114,0.8280676209960185,1.1310397063368782e-15,1.0477729794899915e-15,3.8163916471489756e-16,0.07771937689394214,-0.12704686617730096,False,381585.3132464392
2022-03-24,-0.0003765049498098925,-0.00016935507556238658,0.00017311969804219014,3.4030176205315785e-05,80448.61122137954,0.4875595930621957,0.7027026545030661,3.2612801348363973e-16,2.7755575615628914e-17,4.85722573273506e-16,0.06030906299967909,-0.047995482778091486,False,784789.4627483176
2022-03-25,-0.00025383979786845106,-4.897160370897112e-05,0.000175990002878532,2.8878191280947912e-05,80428.1901621683,0.4940244925392494,0.9943736706296205,1.1709383462843448e-16,-3.3306690738754696e-16,1.0972125985553305e-15,0.07207076354252266,-0.03444381705251271,False,608646.312800228
2022-03-28,-0.0006175443138978845,-0.00032234069913801924,0.00017260960057265178,0.00012259401418721346,80378.52219065656,0.48604014985365973,0.6730880528555507,-8.436827625413201e-15,-6.675215935558754e-15,1.457167719820518e-15,0.07585533845129488,0.09655561829474874,False,632711.9384639963
2022-03-29,0.0001373089492014431,0.0003151498091953982,0.00015017970713687733,2.7661152857077776e-05,80389.55888107691,0.4226140538366522,0.9552059823323874,-3.0704605524789486e-15,-3.1363800445660672e-15,1.0477729794899915e-15,0.0982566383550646,-0.11575381140598533,False,938776.1319745086
2022-03-30,-0.0006465824047833175,-0.0004349360826536705,0.00017239128175982276,3.925504036982426e-05,80337.58040677612,0.4857482717119767,0.5791855849299423,1.5386997231914279e-15,1.3600232051658168e-15,4.3725873616340394e-16,0.0824211616424222,0.031055900621118016,False,1054682.826372383
2022-03-31,-0.00016518943090015542,3.486208306083156e-05,0.00017624936663509903,2.3802147325887973e-05,80324.30948758883,0.4960048554616458,0.7543760336416875,-2.9091312692131055e-15,-2.3869795029440866e-15,5.247538514829841e-16,0.09420306688399224,0.016374929418407683,False,849746.3484487532
2022-04-01,-0.000542037808758463,-0.00033342476549105447,0.00017761128846021577,3.100175480719275e-05,80280.77067488414,0.49858410782927776,0.5030839446745011,8.647596527744383e-16,6.938893903907228e-16,2.8796409701215e-16,0.06149501323588825,-0.10333145115753813,False,510628.6080253314
2022-04-04,-0.0005118240898476475,-0.0002774358694024296,0.00017236417247164934,6.202404797356853e-05,80239.68104250121,0.4848049091579633,0.6252946569364873,1.644517855226013e-14,1.6056600493641326e-14,2.8449465006019636e-15,0.07911384022846685,0.09090909090909091,False,505264.4342565028
2022-04-05,-0.0005277528325307678,-0.0003276292542853282,0.00017442653754942025,2.5697040696019354e-05,80197.33432354966,0.48852360020107904,0.7847046029229641,7.868705687030797e-15,8.715250743307479e-15,7.549516567451064e-15,0.08525787193062974,0.0378317334839074,False,473215.52447718877
2022-04-06,-0.00039803300707481415,-0.00019072414197642126,0.00017506073073169607,3.224813436669683e-05,80165.41313740947,0.4929861340722445,0.655180431712281,1.734723475976807e-16,3.0531133177191805e-16,6.453171330633722e-16,0.09705019679204131,-0.07509881422924902,False,979726.110219257
2022-04-07,-0.00031177676443605573,-0.00010673855634881689,0.00017811298486618618,2.6925223221052635e-05,80140.4194242818,0.49893022159209727,0.6673708638618109,-6.477457459297398e-15,-6.203371150093062e-15,1.4953316362920077e-15,0.09986130336916466,-0.02992659514398645,False,482682.73716165044
2022-04-08,-0.0003233823618867647,-5.749534372623138e-05,0.00023846081827580108,2.7426199884732218e-05,80114.50342616579,0.6699059114633534,0.0,0.0,0.0,0.0,0.0,0.05590062111801244,True,459746.6008606999
2022-04-11,-0.00017743762787359103,0.0,0.00017743762787359103,0.0,80100.28809871958,0.49999999999999994,0.5000887345587863,7.2476746826311e-15,7.605027718682322e-15,2.1744758771369277e-15,0.04168012814360701,0.06606437041219651,False,893620.6931290512
2022-04-12,-0.00014422849232397883,4.8204292855575214e-05,0.00017188119334837133,2.0551591831182705e-05,80088.73535493239,0.4831216236343155,0.6354993549438865,-5.689893001203927e-16,-4.440892098500626e-16,1.9081958235744878e-16,0.05789596584535392,-0.031055900621118016,False,641293.8353571355
2022-04-13,-4.1025854445396856e-05,0.00015879149655261676,0.00017370093915100457,2.611641184700905e-05,80085.449646133,0.4898056271018415,0.6422899727350262,2.3002433291452462e-15,2.3869795029440866e-15,1.4849232954361469e-15,0.07000570641101922,0.09655561829474874,False,1634728.8645259712
2022-04-14,-0.00021519439983840876,-1.1886734089078439e-05,0.000176912187417754,2.6395478331576327e-05,80068.21570586061,0.49563589058317326,0.597349415319476,-8.545031002227255e-15,-8.798517470154366e-15,3.4555691641457997e-15,0.0915288914228566,0.09768492377188029,False,340681.4588098991
2022-04-18,-6.466791642827622e-05,0.00020801577352262113,0.0001744892655148177,9.819442443607964e-05,80063.03786117879,0.49040262224113623,0.5402312787861756,3.4507986745868635e-15,3.2890357104520263e-15,7.407269242420966e-16,0.09949302829603676,-0.10333145115753813,False,675780.8917523586
2022-04-19,-0.0003377934705074908,-0.00014108278576524785,0.00017450939931267423,2.2201285429568716e-05,80035.99308976029,0.491045654686975,0.7000242594822335,1.3426759704060487e-15,1.3877787807814457e-15,4.44956571588051e-16,0.07804988987743033,-0.033314511575381144,False,783943.8201433393
2022-04-20,-0.00012935295686843706,7.51556424964145e-05,0.0001757404791121571,2.876812025269447e-05,80025.64019739823,0.492991819666868,0.883620465682047,1.1449174941446927e-15,9.992007221626409e-16,4.0245584642661925e-16,0.0955158567138768,0.1101072840203275,False,359195.06132403243
2022-04-21,-1.5243482074662324e-06,0.00020906434655468771,0.00017427552493960412,3.6313169822549824e-05,80025.51821045704,0.48872987869940643,0.720884932960058,-1.249000902703301e-16,-3.469446951953614e-16,9.922618282587337e-16,0.09805487585821525,0.023150762281197064,False,410206.8781768433
2022-04-22,-0.00013765054152964931,7.108116835028604e-05,0.00017910630167609735,2.9625408203838002e-05,80014.50265453917,0.4993506230449538,0.7681097767990367,-3.3306690738754696e-16,-3.122502256758253e-16,5.551115123125783e-17,0.07372426755181759,0.0016939582156973462,False,299034.75191170484
2022-04-25,3.151107367282158e-05,0.00030201381218587027,0.0001758042728802907,9.469846563275798e-05,80017.02399742721,0.4921347625291125,0.7145599075722419,1.4467593789646571e-15,9.575673587391975e-16,8.777700788442644e-16,0.0894404992035882,0.042348955392433656,False,560039.714999579
2022-04-26,-0.00026169318041986374,-5.429797388236085e-05,0.0001780297308838492,2.936547565365371e-05,79996.08408792959,0.49947398225288336,0.5979270773136068,-1.3739009929736312e-15,-1.4623718902484484e-15,4.49293380277993e-16,0.05422321483685507,0.04121964991530209,False,616902.9898849732
2022-04-27,-0.00021112811671329126,-7.885666876193939e-06,0.0001786701041940723,2.457234564302499e-05,79979.19466535166,0.49885437914951103,0.8526077930400835,-1.9220736113823023e-15,-2.3939183968479938e-15,1.3183898417423734e-15,0.07685845412731031,-0.08074534161490683,False,456560.9117393119
2022-04-28,-0.0007046324470827906,-0.0004968518390791677,0.00017274193157731802,3.503867642630489e-05,79922.83872969891,0.48607563472263804,0.6446896813324,3.2699537522162814e-15,2.9368868448287344e-15,1.096345236817342e-15,0.0854431160548619,0.07961603613777528,False,631453.8489096487
2022-04-29,-0.0002875533392832269,-8.667291740383984e-05,0.00017438632538627487,2.64940964931122e-05,79899.85665053719,0.49038688353335497,0.682880070715091,-3.639449852599341e-15,-3.7539416020138106e-15,1.0933094707343827e-15,0.05395288142138442,0.010728402032749858,False,725211.1247321187
2022-05-02,-0.00020882227786870976,4.9073732612275596e-05,0.00017370531683117915,8.419069364980622e-05,79883.17178047005,0.48688659132621614,0.5922065925950146,7.716050021144838e-15,6.689093723366568e-15,1.2076927999316034e-15,0.07869066380291935,0.05590062111801244,False,676206.8336247633
2022-05-03,-5.903770265879326e-06,0.0001926878572024928,0.00017425437023844034,2.4337257229931787e-05,79882.70016857574,0.4899308133528839,0.6555820432861382,6.38378239159465e-15,5.676015213396113e-15,1.1726730697603216e-15,0.08012307330920343,0.047995482778091486,False,792051.7306447694
2022-05-04,-9.998703916914463e-05,9.990843812283847e-05,0.00017295374948570372,2.6941727806279384e-05,79874.71293390504,0.48328753269062014,0.5419532706557667,4.78089789979208e-15,2.9837243786801082e-15,2.796374243274613e-15,0.06079671121020953,0.0942970073404856,False,404095.19030459604
2022-05-05,-0.00016006661005639808,3.590648906604899e-05,0.0001737010469037171,2.2272052218729943e-05,79861.92765937648,0.48805682616947554,0.48054512064206867,-6.46011022453763e-15,-6.34561847512316e-15,1.558215362296167e-15,0.04375023131424643,-0.04347826086956522,False,548584.2575365218
2022-05-06,-0.00017936365584171948,1.8234600371509562e-05,0.0001778498265978013,1.9748429615427744e-05,79847.60333206893,0.49666317247000974,0.571061406150501,2.0001361678012586e-15,1.6167622796103842e-15,8.291978215169138e-16,0.07729250383009172,-0.11575381140598533,False,408676.45030938444
2022-05-09,-0.00021865974128737177,2.937144445859871e-05,0.00017762635485070346,7.040483089526702e-05,79830.14387578193,0.4992003635349197,0.8467567394163151,1.8072349172726376e-14,9.894862706971708e-15,9.089951014118469e-15,0.09811887908692705,0.042348955392433656,False,817022.15721932
2022-05-10,0.00032789044203953796,0.0005375199397687114,0.00017483127556138046,3.479822216779303e-05,79856.31941694545,0.4908594264604622,0.576967260125396,-5.370703881624195e-15,-5.738465258531278e-15,2.0192181260370035e-15,0.06299164844001234,-0.06493506493506496,False,518011.60769108764
2022-05-11,-0.00029738842488906744,-0.0001045427617512359,0.00016913467984500685,2.3710983292824708e-05,79832.57107189661,0.47538304631616973,0.3719163154996819,-1.7277845820728999e-15,-8.049116928532385e-16,8.396061623727746e-16,0.038667624916774536,-0.016374929418407683,False,885798.629656487
2022-05-12,-0.00010699054732813933,8.510960652524684e-05,0.00017681592170956355,1.5284232143822616e-05,79824.02974142303,0.49588036069358826,0.6194750932749743,7.964115478209521e-15,8.507083926190262e-15,2.7269853042355408e-15,0.0709301978284498,0.19706380575945792,False,496405.6932291315
2022-05-13,3.4253634520958615e-05,0.00023697268698941377,0.0001772611719229086,2.545788054554656e-05,79826.76400456378,0.4963930897516397,0.713305153954867,4.538036613155327e-15,5.245803791353865e-15,1.717376241217039e-15,0.08328330293094989,0.026538678712591763,False,844790.4560797287
2022-05-16,-0.00034842063172892975,-8.651228995809195e-05,0.00017396661046133424,8.794173130950359e-05,79798.95071302044,0.48559390146968334,0.6636672137320221,5.287437154777308e-15,4.746203430272544e-15,1.519617764955683e-15,0.07939896291006547,-0.13833992094861663,False,522010.6242585949
2022-05-17,-0.0003244963053014714,-0.00012304765824085596,0.00017417465197573802,2.7273995084877407e-05,79773.05624834713,0.48740204920091934,0.8583318387538146,-1.2698175844150228e-15,-2.1649348980190553e-15,2.0192181260370035e-15,0.07863240891600255,-0.07622811970638058,False,420490.6016876437
2022-05-18,-0.0003401293941382801,-0.00012998608345626134,0.00017486939950035513,3.527391118166367e-05,79745.92308705681,0.4907577819136606,0.5792510613661602,2.570860191397628e-15,2.373101715136272e-15,4.996003610813204e-16,0.08751534205075376,0.012987012987012988,False,789973.9838017923
2022-05-19,9.208293281164045e-05,0.0002898844715057111,0.00017399670055573543,2.380483813833524e-05,79753.26632553445,0.4881655381644997,0.91242235049846,4.385380947269368e-15,4.565792188770956e-15,1.4641066137244252e-15,0.09834952989877067,0.10333145115753813,False,551134.3671641313
2022-05-20,0.00010024570535275762,0.00031232105209097976,0.00017457853781362807,3.749680892459407e-05,79761.26124797144,0.4890081799995216,0.7529509313072494,2.5951463200613034e-14,2.298161660974074e-14,5.197231534026514e-15,0.09443111570257576,0.06832298136645965,False,435545.78450662864
2022-05-23,1.8505909443134244e-05,0.0002878855775182218,0.0001765501012015943,9.282956687349328e-05,79762.73730264917,0.4949310592751644,0.6307377392562539,3.264749581788351e-15,2.8102520310824275e-15,4.926614671774132e-16,0.06449601927964367,0.1202710333145116,False,662242.642676335
2022-05-24,-0.0002646908625870067,-6.452151123322822e-05,0.0001742486223432476,2.592072901053085e-05,79741.62483491024,0.48897022004377677,0.4221453642601912,-6.696032617270475e-16,-5.412337245047638e-16,3.0878077872387166e-16,0.08501517749050658,0.14398644833427443,False,666450.1823564835
2022-05-25,0.00011621880750947752,0.000310661375839569,0.0001770941287029603,1.7348439627131175e-05,79750.89231145741,0.4946105975147112,0.6030384336160511,-3.70536934468646e-15,-2.3037127760972e-15,2.2967738821932926e-15,0.09542259640400547,0.032185206098249576,False,598893.5382335625
2022-05-26,-0.0002590074966052526,-6.475790272609779e-05,0.00016946719249767312,2.47824013814817e-05,79730.23623248779,0.4755865981832075,0.5229787571486381,-1.0554057627842894e-14,-9.610368056911511e-15,1.4085954624931674e-15,0.05972686389782155,0.06832298136645965,False,624466.2146677406
2022-05-27,-0.0001816255962654257,1.3189890760827118e-05,0.00017332320933521246,2.149227769104036e-05,79715.75518079168,0.4866212689399503,0.7148340983601564,-8.187894806610529e-16,-7.233796894823286e-16,2.220446049250313e-16,0.07742290498702724,-0.012987012987012988,False,543364.7128418242
2022-05-31,-0.0001219715961192968,0.0001731306773992772,0.00017759529844567148,0.00011750697507290253,79706.03212289642,0.4921572099713533,0.7240148234425278,8.132383655379272e-15,8.992806499463768e-15,3.1780134079895106e-15,0.07733170350503686,-0.05702992659514399,False,292372.01041957235
2022-06-01,-0.0005353970187788875,-0.00032695883116402207,0.00017868415377476186,2.9754033840103547e-05,79663.35775091912,0.49764397802226623,0.5879386242982785,2.005340338229189e-15,1.861358289723114e-15,4.163336342344337e-16,0.06701239104084332,0.04573687182382835,False,336799.40763627907
2022-06-02,1.9609041295612337e-05,0.00022058932454491437,0.00017681842197677012,2.4161861272531905e-05,79664.91987299101,0.49484414983968916,0.7388485210604837,-3.400058012914542e-16,-2.983724378680108e-16,2.42861286636753e-16,0.07893776682886593,0.04347826086956522,False,784599.8898240902
2022-06-03,0.00010985250802885009,0.00031378794863522706,0.00017357180275457627,3.0363637851800712e-05,79673.67126424097,0.48562746648146393,0.5659116378188125,1.041527974976475e-14,9.416079027602109e-15,1.8041124150158794e-15,0.05739550275147543,-0.1101072840203275,False,415971.5222359168
2022-06-06,-0.00045742066443305273,-0.0002089368784363752,0.0001787138580464143,6.976992795026325e-05,79637.22688059346,0.49980380999718743,0.4734197588102102,1.8945348762011704e-14,1.6486811915683575e-14,2.525757381022231e-15,0.05257861942176245,-0.02428006775832863,False,745783.395359791
2022-06-07,-7.055997632834037e-05,0.00012461373597970056,0.00017571810578159472,1.9455606526446213e-05,79631.60767974991,0.4941669982804442,0.705652709715295,9.107298248878237e-16,7.28583859910259e-16,9.593020822151743e-16,0.07666853420590082,0.018633540372670808,False,832714.1395436799
2022-06-08,-0.00029413527384094656,-8.827354781069637e-05,0.00017686229960359428,2.899942642665592e-05,79608.18521501863,0.49461565458203044,0.4536444158217785,3.557917849228431e-15,3.594347042223944e-15,7.563394355258879e-16,0.07365500525578605,0.13721061547148505,False,460787.2445943866
2022-06-09,-0.0002196906869550671,-2.4444734658287152e-05,0.00017660303109862482,1.8642921198155136e-05,79590.6960381215,0.49349052659094883,0.49735438867040793,-8.000544671205034e-15,-7.28583859910259e-15,2.282896094385478e-15,0.09329485542725446,0.05251270468661773,False,566505.8148843696
2022-06-10,-0.00019731706781150448,-3.3327377657620984e-06,0.00017354510859353352,2.0439221452208878e-05,79574.99143535418,0.48539851579420146,0.7881759341759776,-1.0894063429134349e-15,-1.6237011735142914e-15,1.1449174941446927e-15,0.08252095568894122,0.0536420101637493,False,498525.6746879612
2022-06-13,-0.0004746600257594092,-0.000200687309652281,0.00017680034066077472,9.717237544635352e-05,79537.22036786968,0.4955379473639683,0.9260222641100171,2.078198724220215e-14,1.8308271565459222e-14,2.609024107869118e-15,0.082735021702493,-0.06719367588932806,False,541594.6518852036
2022-06-14,-0.0005510242149326235,-0.00034125060640376864,0.00017171789904488237,3.805570948397245e-05,79493.39343345855,0.4823330718120054,0.6898092366729959,1.1796119636642288e-16,1.1102230246251565e-16,1.249000902703301e-16,0.0832046437046331,-0.050254093732354614,False,628758.1690893858
2022-06-15,-0.00018401325954463789,2.1844715888057415e-05,0.00017750965063791465,2.834832479478064e-05,79478.7655950206,0.4962660620114576,0.8073318294835403,-2.393918396847994e-16,-2.7755575615628914e-16,9.020562075079397e-17,0.08574570667450844,-0.09655561829474874,False,630857.7052544142
2022-06-16,-0.0005719858144575403,-0.00036283481185875706,0.00017597298220904867,3.317802038973454e-05,79433.30486854965,0.4911389742887331,0.8739752666448013,3.122502256758253e-16,2.1510571102112408e-16,6.938893903907228e-17,0.08325897775340062,0.033314511575381144,False,570054.2694235713
2022-06-17,-1.797705340045129e-05,0.00016546196796341785,0.00014752222958394582,3.591679177992332e-05,79431.87689178625,0.4112689202888534,0.820112905227579,-5.585809592645319e-16,-4.85722573273506e-16,7.7021722333370235e-16,0.0995530379859259,-0.12704686617730096,False,502078.29821822594
2022-06-21,-0.0007072849987459114,-0.0003997577263580709,0.00017271419207645758,0.0001348130803113829,79375.69591683845,0.48395597570309806,0.5813907570727846,-3.6186331708876196e-15,-3.5388358909926865e-15,1.0690233420707074e-15,0.09352075786729669,-0.028797289666854884,False,713389.3696787843
2022-06-22,-6.658602902927989e-05,0.00013160362430396705,0.0001742968824946392,2.389277083860773e-05,79370.4106044459,0.4884358177891272,0.7630971267646368,-7.806255641895632e-15,-7.056855100273651e-15,2.4234086959395995e-15,0.08587128052527655,-0.025409373235460195,False,622906.520931177
2022-06-23,-0.0003408221778914386,-0.00013635426787004542,0.00017310775412695574,3.136015589443745e-05,79343.35940824356,0.48352131325473224,0.7434502279472799,7.389922007661198e-15,6.702971511174383e-15,1.3105835861004778e-15,0.0754338698216968,0.032185206098249576,False,427313.1809298534
2022-06-24,9.073345500840273e-05,0.00029126530519764274,0.0001699791010955165,3.055274909372352e-05,79350.55850537465,0.47576363485959916,0.9626656505479199,7.0013439490423934e-15,7.799316747991725e-15,1.6644671751997464e-15,0.09844366687886315,0.07396950875211745,False,575671.8031404874
2022-06-27,0.0002027763810094019,0.0004965367753536456,0.00017507558811230916,0.00011868480623193446,79366.64892445943,0.48544781532853803,0.7837775373378963,1.2906342661267445e-15,1.0547118733938987e-15,3.400058012914542e-16,0.09727149268294603,0.09881422924901187,False,351849.26440687245
2022-06-28,5.537177875763322e-05,0.00026474172190985143,0.00017715990737120882,3.2210035781009386e-05,79371.04359698441,0.4963945971575282,0.562833061796051,7.150530167976399e-15,6.217248937900877e-15,1.2490009027033011e-15,0.05227517576215873,0.05477131564088086,False,642472.3040764971
2022-06-29,-0.00023895136901937508,-4.438935992377413e-05,0.0001714318832683663,2.3130125827234676e-05,79352.07777745642,0.4809395963113698,0.27056842792792807,-1.1726730697603216e-15,-8.118505867571457e-16,4.85722573273506e-16,0.041696921277878565,0.11462450592885377,False,930819.5411880512
2022-06-30,-0.00021807531572374687,-2.833812947885606e-05,0.0001786179357820992,1.1119250462791613e-05,79334.77304804177,0.4990419984156652,0.5449024344169366,-2.0122792321330962e-16,-2.706168622523819e-16,9.71445146547012e-17,0.06242689629348523,0.05477131564088086,False,662635.4196520976
2022-07-01,-0.00010372008256787774,9.481299166848046e-05,0.00017613982350689504,2.2393250729463156e-05,79326.54443883072,0.4940124164419099,0.5472351292951578,-2.0122792321330962e-16,-3.469446951953614e-16,8.36136715420821e-16,0.06454065471667146,0.1236589497459063,False,1129696.685374463
2022-07-05,-7.966308569284982e-05,0.00018291971875197095,0.00017262634483465784,8.995645961016292e-05,79320.22504152337,0.4827339674809134,0.3681257939865104,-3.283831540024096e-15,-3.066991105526995e-15,6.071532165918825e-16,0.07848398030709441,-0.09542631281761718,False,537798.6756618995
2022-07-06,-0.00027100044321938337,-8.214195568219032e-05,0.000173730030250076,1.5128457287117001e-05,79298.72922538086,0.48642985744143385,0.5314187863545053,2.7478019859472624e-15,2.3800406090401793e-15,7.355227538141662e-16,0.04889500849290064,-0.05477131564088086,False,1026394.7873859218
2022-07-07,-1.3694353282648478e-05,0.0001823411847706242,0.00017419640984692327,2.183912820634942e-05,79297.64328056798,0.4860007537635025,0.7612254754767271,-8.042178034628478e-15,-7.993605777301127e-15,1.7052331768852014e-15,0.08217323912849714,0.011857707509881424,False,543646.9451079097
2022-07-08,-0.00029872592895425457,-9.115603099572081e-05,0.00017628665924031175,3.1283238718222e-05,79273.9550184151,0.48992358098493877,0.7455581491646097,-1.0477729794899915e-14,-1.1393663790215669e-14,3.497202527569243e-15,0.09468253515775624,0.06719367588932806,False,309615.1830853697
2022-07-11,4.989864143093613e-05,0.00031610167544569336,0.00017428490603555748,9.191812797919974e-05,79277.91068107139,0.4878680968102537,0.686283485273514,6.522560269672795e-16,6.245004513516506e-16,1.0408340855860843e-16,0.07418293850387656,0.11801242236024848,False,920574.2852951498
2022-07-12,-0.00014918038407329983,5.6191765366596345e-05,0.00017716871853824494,2.8203430901651238e-05,79266.08397190746,0.4928062798512211,0.5258243524617716,-4.884981308350689e-15,-4.697631172945194e-15,8.638922910364499e-16,0.046662907747541636,0.08752117447769624,False,475999.52148364804
2022-07-13,-0.00030241085250690234,-0.00010297194381324862,0.00017782968872947114,2.1609219964182593e-05,79242.11304787862,0.49671572083165877,0.3718042196799654,-4.579669976578771e-16,-5.273559366969494e-16,1.6479873021779667e-16,0.08001013942500729,-0.02428006775832863,False,631215.7690913123
2022-07-14,-0.00030443707613192884,-0.00011304473901084652,0.00017611271165478236,1.527962546629997e-05,79217.98881067582,0.4914524516666709,0.5632384358698672,-5.592748486549226e-15,-5.190292640122607e-15,1.278924882663901e-15,0.06070766455909488,-0.02766798418972332,False,561003.5752834501
2022-07-15,-0.00016146770055995756,4.061918175888896e-05,0.00017894009728309832,2.3146785035748198e-05,79205.19766417958,0.4977066098988845,0.6044649683318374,-3.3306690738754696e-16,-3.0531133177191805e-16,3.191891195797325e-16,0.09466154518891275,-0.03670242800677584,False,573477.0584116364
2022-07-18,-0.00042767522685200796,-0.00017670747772359122,0.00017644467084092997,7.452307828748682e-05,79171.32356330068,0.4934392210225157,0.7017865912193072,-3.382710778154774e-15,-3.41740524767431e-15,7.580741590018647e-16,0.06702619840415037,0.005081874647092039,False,695509.317494398
2022-07-19,-0.00024009769067712665,-3.499730212590756e-05,0.00017625984370658987,2.8840544844629203e-05,79152.31471134529,0.4933500472436437,0.6999694308060886,9.020562075079397e-17,6.938893903907228e-17,2.7755575615628914e-17,0.08679134262587021,0.015245623941276118,False,832635.8093421442
2022-07-20,-0.0003574635297470294,-0.00015276717948145405,0.00017593048324614707,2.8765867019428295e-05,79124.02064554092,0.48888328824996713,0.6956294168812831,-6.036837696399289e-16,-1.8735013540549517e-16,5.30825383648903e-16,0.09284665953052765,0.0220214568040655,False,541802.5115303958
2022-07-21,-2.3920216538025247e-05,0.00018037340750473813,0.0001757061137599709,2.8587510282792474e-05,79122.12798183372,0.4927338826590186,0.7580415474079784,-1.8735013540549517e-16,-2.2620794126737565e-15,1.9845236565174673e-15,0.06681737899310067,0.18464144551101075,False,1039455.524807894
2022-07-22,-7.126929312660274e-05,0.00013646496691852158,0.00017658186768589233,3.115239235923199e-05,79116.48900370178,0.4942566158973694,0.37919668017340086,-1.3877787807814457e-17,-3.469446951953614e-17,1.3877787807814457e-17,0.07739086111671162,0.0005646527385657821,False,696054.5270224478
2022-07-25,-0.0001536150229580093,6.833211731196819e-05,0.00017519686463216095,4.675027563781654e-05,79104.33552242712,0.48969634898652953,0.6108549461594899,-5.717648576819556e-15,-4.274358644806853e-15,2.192690473634684e-15,0.0922551710520785,0.023150762281197064,False,883634.9159148779
2022-07-26,-0.00012070608194022749,7.859627519075018e-05,0.00017419872920661485,2.510362792436283e-05,79094.78714802173,0.48473322371570127,0.6399874879285052,1.9845236565174673e-15,2.2898349882893854e-15,5.689893001203927e-16,0.06192221486903495,0.031055900621118016,False,487995.6708446484
2022-07-27,-0.0002777640154743677,-7.568579108724891e-05,0.00017577736871882412,2.630085566829465e-05,79072.8174623404,0.490462800815207,0.5709541714077244,-2.5673907444456745e-16,-1.5265566588595902e-16,6.245004513516506e-17,0.050608737869481286,0.026538678712591763,False,487629.9562301767
2022-07-28,-1.5511769910357094e-05,0.0001865707589932329,0.0001786186588457383,2.3463870057851702e-05,79071.59090298977,0.4967698160027995,0.7704256110142469,-2.636779683484747e-16,-2.0816681711721685e-16,5.551115123125783e-17,0.09711443508690161,0.02428006775832863,False,437332.7729480618
2022-07-29,-0.0001141585016793091,9.551144225309057e-05,0.00017800861745236211,3.166132648003755e-05,79062.56420864689,0.4958540698623624,0.7681978366888103,5.450501161519128e-15,5.440092820663267e-15,1.2490009027033011e-15,0.07661889997288829,-0.012987012987012988,False,393353.550409015
2022-08-01,-0.000360747102239127,-8.825089604740928e-05,0.00017778688386022127,9.470932233149647e-05,79034.04261771303,0.4967779104931101,0.5903251703792238,5.377642775528102e-15,6.203371150093062e-15,1.5265566588595902e-15,0.0829673206935126,0.11236589497459064,False,413950.97912518244
2022-08-02,-0.00015790383102186938,4.292608572489905e-05,0.00017656997823803345,2.4259938508735007e-05,79021.56283960254,0.49390730514589243,0.7624009128673336,-7.278899705198683e-15,-6.841749389252527e-15,9.43689570931383e-16,0.09967487553250554,0.051383399209486175,False,671621.6121557392
2022-08-03,-0.00015105279598065624,5.635412546608554e-05,0.0001760753770823305,3.1331544364411263e-05,79009.62641159285,0.4927519114273943,0.5899419856241691,1.3683498778505054e-14,1.341982081015658e-14,3.7944907632647684e-15,0.06862579121843312,0.06267645398080182,False,737360.0446862052
2022-08-04,1.0234106695663993e-05,0.00020885711883890227,0.0001743788209532045,2.4244191190033783e-05,79010.43500453953,0.4871616857963792,0.4915024263245645,4.191091917959966e-15,3.948230631323213e-15,8.257283745649602e-16,0.06583896363238759,-0.05477131564088086,False,407543.9857681636
2022-08-05,-0.000621758661197967,-0.0004276396828964209,0.0001739202484525915,2.019872984895453e-05,78961.30958225044,0.4859419420717986,0.5717019284990601,1.3641865415081611e-14,1.2809198146612744e-14,2.7946395197986362e-15,0.06273505182254253,0.12817617165443254,False,453412.3714604446
2022-08-08,-0.000169170386285691,6.659264672458898e-05,0.00016527923360628793,7.048379940399203e-05,78947.95166700678,0.46130908557975703,0.9097552576890597,8.472389456670726e-15,7.931155732165962e-15,2.0539125955565396e-15,0.09928075969134224,0.08752117447769624,False,503156.5451981444
2022-08-09,-0.00018937678002224178,2.5264431723952805e-05,0.00017725400937541167,3.738720237078292e-05,78933.00075813073,0.4956996478417998,0.6519036162691357,1.2732870313669764e-14,1.2184697695261093e-14,3.1329105976141136e-15,0.0996242138958889,-0.08752117447769624,False,628930.6462076175
2022-08-10,-9.290834718975864e-05,0.0001066393854067193,0.00017275717302377426,2.679055957270368e-05,78925.66722349156,0.4815649020655015,0.5002262646211677,1.4779844015322396e-15,1.4988010832439613e-15,3.365363543395006e-16,0.061355138886373096,-0.018633540372670808,False,438193.27601640805
2022-08-11,-0.0003753154838645126,-0.0001797187900734974,0.00017503945003946044,2.0557243751554775e-05,78896.04519850825,0.48778178939244915,0.38252525988504554,-1.1657341758564144e-15,-1.2073675392798577e-15,5.759281940243e-16,0.043272553096983045,-0.006211180124223602,False,344373.0973508891
2022-08-12,-0.0001487878412634613,4.0727925674766065e-05,0.0001737955507785679,1.5720216159659452e-05,78884.30642625893,0.48583102831670777,0.7272440237178963,1.6063539387545234e-14,1.4488410471358293e-14,3.8441472227646045e-15,0.06566150717976539,0.07735742518351214,False,724954.1617429045
2022-08-15,-0.00014253474610874907,0.00012506366630958164,0.0001779381903161263,8.966022210220442e-05,78873.0626716705,0.49629327158103836,0.637572926512239,2.2620794126737565e-15,2.6229018956769323e-15,1.0547118733938987e-15,0.09661418738056973,-0.1202710333145116,False,468790.3667779255
2022-08-16,-0.000552391471923652,-0.00035041601953106333,0.00017577382527564735,2.6201627116941237e-05,78829.49386448617,0.492556669250488,0.5822466519342726,-2.0816681711721685e-17,-2.7755575615628914e-17,2.7755575615628914e-17,0.07607729955735959,-0.026538678712591763,False,533488.9798233131
2022-08-17,-3.899251784676585e-06,0.00019546401005803683,0.0001754353172426748,2.392794460003861e-05,78829.18648844153,0.4914990656040729,0.6135723068472987,-3.651592916931179e-15,-3.3584246494910985e-15,6.904199434387692e-16,0.09815609528096204,-0.06267645398080182,False,593134.2951764242
2022-08-18,-0.00030675346323784174,-0.000104737032176813,0.00017680113077963276,2.5215300281395986e-05,78805.00536248197,0.49413197743918685,0.7495633616657831,-1.970645868709653e-15,-3.028827189055505e-15,2.4702462297909733e-15,0.09995353020287484,-0.0852625635234331,False,614188.3700805381
2022-08-19,-0.0003113189971901615,-0.00010111966285763666,0.00017939536056543775,3.080397376708706e-05,78780.47186723896,0.4992403262806928,0.9694690293042958,1.3725132141928498e-14,1.317002062961592e-14,2.671474153004283e-15,0.09570912229408354,-0.010728402032749858,False,302727.6174640249
2022-08-22,-0.00028644224580036637,1.012587937896086e-05,0.00017704454622400478,0.00011952357895532245,78757.90581195209,0.4940892937814932,0.9822419730775679,-3.001071613439876e-14,-2.7630675525358583e-14,4.7531423241764514e-15,0.07297040575325052,0.012987012987012988,False,455465.41212752234
2022-08-23,0.00016673218281954274,0.00038297979118184045,0.0001758814998796567,4.036610848264101e-05,78771.03728950242,0.49197779817879334,0.8500232265816566,-4.5102810375396984e-17,1.3877787807814457e-17,9.71445146547012e-17,0.08055891797405015,0.05815923207227556,False,463014.98193128
2022-08-24,-0.0002846715051939105,-7.738764290159957e-05,0.00017235140092594143,3.493246136636945e-05,78748.61341975152,0.4825505863577129,0.632139056216958,1.7659484985443896e-15,1.7069679003611782e-15,3.642919299551295e-16,0.06455786933683112,0.06380575945793338,False,729401.8311037701
2022-08-25,-0.00011382136144983897,8.623560760611596e-05,0.0001740786516771759,2.5978317378779017e-05,78739.65014535979,0.48676269280488155,0.49102355151205085,1.1711226606536673e-14,1.2323475573339238e-14,3.3410774147313305e-15,0.07974857985632657,-0.018633540372670808,False,445529.90119113616
2022-08-26,1.8682208546575362e-06,0.00019627709106896941,0.00017422982015217328,2.0179050062138596e-05,78739.79724841627,0.4861717316236234,0.601895817544158,-3.2274530270548496e-15,-3.434752482434078e-15,9.02923569245928e-16,0.06689465706737889,-0.012987012987012988,False,545045.4830141247
2022-08-29,-0.0003441375358752259,-9.126284073368396e-05,0.00017866836147171385,7.420633366982807e-05,78712.69992861588,0.4982677137727072,0.5456977964701741,1.5959455978986625e-14,1.5383527784962325e-14,4.488864656501321e-15,0.08157993763250464,-0.033314511575381144,False,330980.7051348986
2022-08-30,-0.00020282054729184237,-4.0637362200128015e-06,0.00017633087423059017,2.242593684123938e-05,78696.73537573754,0.4929621505122229,0.85409853808255,1.0322038362930996e-14,1.0172418463127997e-14,2.104219576359867e-15,0.09771273003448736,0.05590062111801244,False,621483.1746471709
2022-08-31,-0.00015524936585714248,5.9330323412691365e-05,0.00017947974934863357,3.509993992120026e-05,78684.51775747543,0.49926618334074835,0.6971965299272745,3.1259717037102064e-15,3.094746681142624e-15,8.187894806610529e-16,0.0827095000885998,-0.031055900621118016,False,332534.65503158834
2022-09-01,-0.00021123247630076332,-4.047797774236873e-06,0.00017853276633773447,2.8651912188791977e-05,78667.897031943,0.4985545456024408,0.5503801346467125,-1.0130785099704553e-15,-1.9012569296705806e-15,1.0824674490095276e-15,0.09368071095947218,-0.003952569169960475,False,331895.31283084006
2022-09-02,6.250467061170756e-05,0.0002624657006747689,0.00017734266836525118,2.2618361697810143e-05,78672.8141429347,0.49269444810726837,0.7382907271018192,-2.7158830739892892e-14,-2.6395552410463097e-14,5.648259637780484e-15,0.0817986330171252,-0.09768492377188029,False,477920.60186243063
2022-09-06,-0.00036226268797837926,-6.890740302105706e-05,0.00017199242570770364,0.00012136285924961857,78644.31391781245,0.4814673460116131,0.47518645804357496,1.5959455978986625e-16,6.938893903907228e-17,6.245004513516506e-17,0.05180883394997731,-0.06832298136645965,False,487640.67057479825
2022-09-07,-0.0002672305521074583,-6.866115753644854e-05,0.0001790411839664793,1.9528210604530472e-05,78623.29775438408,0.49887177318479403,0.43050723074004127,6.0472460372551495e-15,6.4254157550180935e-15,2.3592239273284576e-15,0.0592583301480504,0.09655561829474874,False,236914.13935006585
2022-09-08,-0.00019579761275298355,7.079912871356795e-07,0.00017881352606450134,1.769207797561789e-05,78607.90350037701,0.49962099861429876,0.6280902130323941,-1.6930901125533637e-15,-2.4494295480792516e-15,1.4224732503009818e-15,0.06413669065726099,-0.032185206098249576,False,276350.69126900967
2022-09-09,-0.0001761705873848484,2.5604472893125518e-05,0.00017596313371499875,2.5811926562975163e-05,78594.05509984426,0.49371721737698077,0.7189473184641259,5.440092820663267e-15,4.829470157119431e-15,9.957312752106873e-16,0.0859919617707554,-0.0378317334839074,False,615075.0541831099
2022-09-12,-0.0002598673364304295,5.354960376629469e-06,0.0001765849561744962,8.86373406325628e-05,78573.6310720862,0.49370518408597386,0.5685407982476827,5.141720382795256e-15,4.728856195512776e-15,1.1796119636642288e-15,0.05385493148477222,-0.06154714850367025,False,228684.16050034348
2022-09-13,-0.00034587303337299747,-0.00014594457853591,0.00017656376449814184,2.336469033894564e-05,78546.45457196416,0.4930381645462594,0.6467413762579285,-4.85722573273506e-17,-5.551115123125783e-17,2.0816681711721685e-17,0.07883164916345747,0.003952569169960475,False,354808.29067762947
2022-09-14,-0.0002337447641898577,-2.8261931718675824e-05,0.00017890441974825332,2.657841272292857e-05,78528.0947494623,0.4993910365201179,0.8194264147825666,8.1601392309949e-15,1.1185496973098452e-14,5.398459457239824e-15,0.09253250978581821,0.033314511575381144,False,259984.41406257646
2022-09-15,-0.00021199647976669178,-5.685262081456645e-06,0.00017263615954348616,3.367505814174898e-05,78511.44706981262,0.48341158242549553,0.7189127575567198,4.621303340002214e-15,4.3298697960381105e-15,7.443590015199231e-16,0.0756729029672375,0.07171089779785433,False,390274.7080264592
2022-09-16,-0.00027087654239346415,-6.444092533243104e-05,0.00017689125716144208,2.954435989959104e-05,78490.18016049205,0.49240772816152334,0.5834993673662745,1.6792123247455493e-15,5.273559366969494e-16,2.4771851236948805e-15,0.0875252388455945,-0.016374929418407683,False,359900.5010178999
2022-09-19,-0.0001658201366366491,8.31963680063276e-05,0.00017707822647453214,7.193827816844457e-05,78477.1649080932,0.49395671750029224,0.8070912388359935,-6.720318745934151e-15,-5.745404152435185e-15,2.4980018054066022e-15,0.09651098558964577,-0.09655561829474874,False,339854.0593584178
2022-09-20,-0.000575293242176967,-0.0003646803320817553,0.0001774447769923623,3.3168133102849324e-05,78432.01752545637,0.4954720926143533,0.7657796996282588,-2.157996004115148e-15,-1.8596235662471372e-15,5.152128723651117e-16,0.08207480587887987,0.059288537549407126,False,350642.92046942294
2022-09-21,-0.00012971410734703362,8.031834634722977e-05,0.00017856205507940336,3.1470398614860035e-05,78421.84378631561,0.4992461651069199,0.720254838316092,-2.220446049250313e-15,-2.4147350785597155e-15,7.441963711940502e-16,0.07771355247690809,-0.06832298136645965,False,375026.3716415761
2022-09-22,-0.00038137871057613096,-0.00018214301116444362,0.00016963618550828622,2.959951390340113e-05,78391.93536465139,0.4756506531054672,0.488489898472788,1.970645868709653e-15,2.2273849431542203e-15,1.106753577673203e-15,0.044129147810310757,-0.010728402032749858,False,318133.45118769194
2022-09-23,-6.442988539715825e-05,0.00012896807315267264,0.00017332303121533283,2.007492733449806e-05,78386.88458123979,0.48599356022884094,0.6010190176978781,-2.9004576518332215e-15,-3.3306690738754696e-16,2.733924198139448e-15,0.07291689744147216,-0.008469791078486732,False,552751.5419300831
2022-09-26,-0.0004102152649107061,-0.0001586589395807653,0.00017745809027129794,7.409823505864286e-05,78354.72908461577,0.4973954570552357,0.6005356100786163,-7.258083023486961e-15,-6.147859998861804e-15,1.6974269212433057e-15,0.071594988638841,-0.018633540372670808,False,418721.8410453496
2022-09-27,-0.0001989806900063438,1.8792097091718351e-06,0.0001761803540958462,2.4679545619669456e-05,78339.13800655726,0.4925813774854936,0.5511625814553065,-1.013772399360846e-14,-8.854028621385623e-15,2.321060010856968e-15,0.09531615645108622,0.1101072840203275,False,233520.6007623279
2022-09-28,-0.00022331058861499583,-2.3827932870418853e-05,0.00017683213869846808,2.2650517046108902e-05,78321.64404753743,0.4945210268554831,0.5035527222596259,2.345346139520643e-15,1.9290125052862095e-15,9.80118763926896e-16,0.07900857578811996,0.012987012987012988,False,350042.94063845836
2022-09-29,-0.00029485394405868624,-9.764566181789144e-05,0.00017651433475067326,2.0693947490121517e-05,78298.55060188485,0.49493331076400954,0.4627048182201486,6.963180032570904e-15,6.83481049534862e-15,2.435551760271437e-15,0.07256094804424934,-0.18238283455674761,False,448444.30101453274
2022-09-30,-0.00033073941748965546,-0.00013487970677700164,0.0001768444442104562,1.90152665021976e-05,78272.6541848685,0.49414157841996553,0.8347093575780836,-3.469446951953614e-16,4.996003610813204e-16,3.389649672058681e-15,0.06499429760621463,0.07396950875211745,False,250908.45033652784
2022-10-03,-0.0002507366015109722,2.7456726513262015e-05,0.0001752839551721417,0.00010290937285209256,78253.02836556695,0.491216898304068,0.6960560547391909,-1.3032977475013752e-14,-1.1779422923186011e-14,3.011479954295737e-15,0.05863918153543499,-0.1394692264257482,False,335212.4057260026
2022-10-04,-0.0003636200668514668,-0.0001570235671900522,0.00017799145631596788,2.8605043345446733e-05,78224.57399416133,0.49572759835159935,0.6131634187657686,-2.8622937353617317e-16,-3.7470027081099033e-16,1.3877787807814457e-16,0.0705846342285613,-0.02428006775832863,False,335767.98055486905
2022-10-05,-0.00027416415856885295,-7.174792461054117e-05,0.00017721773729670483,2.5198496661606937e-05,78203.12761965282,0.4952964754101634,0.7225540856621174,4.427014310692812e-15,4.135580766728708e-15,1.2628786905111156e-15,0.0768133563959884,-0.08300395256916997,False,475936.0823054541
2022-10-06,-0.0005642578970856018,-0.00036126724841081836,0.0001732966451544227,2.9694003520360812e-05,78159.00088731664,0.48380815946773176,0.5236000827187408,-4.315992008230296e-15,-3.83026943495679e-15,1.2698175844150228e-15,0.08061325991338102,-0.04686617730095992,False,318068.9915458088
2022-10-07,-0.0002958753906903922,-9.799064449840053e-05,0.00017636693457341314,2.1517811618578572e-05,78135.87556239314,0.49264781449848233,0.4856367667793729,-1.6445178552260131e-15,-2.55351295663786e-15,2.0747292772682613e-15,0.07443058430018919,0.016374929418407683,False,462096.7661284681
2022-10-10,-0.00042166727928705483,-0.0001850296722326771,0.00017676458101308494,5.9873026041292746e-05,78102.92822033002,0.4930652012354134,0.7008328858813359,2.3800406090401793e-15,2.3592239273284576e-15,9.853229343548264e-16,0.06836944580073337,-0.10220214568040656,False,365014.9878271301
2022-10-11,-0.00043210510406071714,-0.0002245290519935372,0.0001787747005926046,2.8801351474575343e-05,78069.17954640393,0.4987680822071336,0.7959716759008527,1.4536982728685643e-15,1.4155343563970746e-15,4.926614671774132e-16,0.09816702042765078,-0.032185206098249576,False,385975.621860738
2022-10-12,-0.00047231389669564425,-0.00026417966671494575,0.00017542306521764982,3.271116476304868e-05,78032.30638800054,0.4902175063195867,0.7520785069775434,-2.0332043340620665e-15,-2.1371793224034263e-15,6.735063895479954e-16,0.09973551470960837,0.06832298136645965,False,302941.3554417689
2022-10-13,-0.00026537138292329087,-5.981982218377065e-05,0.00017464422483633342,3.0907335903186804e-05,78011.59884694166,0.4870224177301737,0.6614757633804337,-1.330532906074211e-15,-1.3322676295501878e-15,3.0531133177191805e-16,0.09906327654200581,-0.08300395256916997,False,245657.41960388643
2022-10-14,-0.0005496574029732167,-0.0003474433207416095,0.00017503014675021952,2.7183935481387735e-05,77968.71919411767,0.4888285942042972,0.8053231728171711,-2.4168167467308876e-14,-2.1184443088628768e-14,5.249273238305818e-15,0.07700820056196062,0.050254093732354614,False,280708.68123169156
2022-10-17,0.00013353048563910053,0.0004065510932623709,0.00017373418905676686,9.928641856650353e-05,77979.13039505632,0.486451891668187,0.7985051073924972,3.4555691641457997e-15,3.1502578323738817e-15,1.457167719820518e-15,0.06984273805986321,0.018633540372670808,False,412787.21090337913
2022-10-18,-0.00010205077000705905,0.00010751051807608367,0.00017674600969714983,3.28152783859929e-05,77971.17256475502,0.48857492628089255,0.561573161171203,-2.2343238370581275e-14,-2.173261570703744e-14,4.499005334945849e-15,0.05949775290526722,-0.06606437041219651,False,248586.79426424275
2022-10-19,-3.695511173425195e-05,0.0001588451223462269,0.0001727218849912504,2.3078349089228443e-05,77968.29113136083,0.48299774140031704,0.6883220081250027,-3.608224830031759e-16,-6.661338147750939e-16,9.783840404509192e-16,0.059794871023106794,-0.02766798418972332,False,470978.43907706626
2022-10-20,-0.00040525331895188243,-0.00020298618016903038,0.0001739799329694958,2.828720581335629e-05,77936.69422260683,0.4826225356703294,0.6689256824599781,1.1927958620816526e-14,1.1882855810441129e-14,2.9976021664879227e-15,0.0753725970678259,-0.05702992659514399,False,387678.9444058259
2022-10-21,-0.0002401668314972689,-3.610629795411011e-05,0.00017657043700370812,2.749009653945066e-05,77917.97641369802,0.4909265923529364,0.5679346945893797,-4.718447854656915e-16,6.730727086790012e-16,1.5508427875232655e-15,0.08368288676625904,-0.1202710333145116,False,337353.32846044685
2022-10-24,-0.00030192570968069803,-5.557050795259192e-05,0.0001763358558198264,7.001934590827973e-05,77894.45097337244,0.4907482220558826,0.7868406939374778,2.6020852139652106e-15,1.2351231148954867e-15,2.1441182163073336e-15,0.09475555398697028,0.07396950875211745,False,392793.5097921744
2022-10-25,6.56056675861036e-05,0.0002758360930838757,0.00017789450656883476,3.2335918928937326e-05,77899.5612908298,0.4963639144961189,0.6969873080893223,-8.118505867571457e-16,-2.0122792321330962e-15,2.3349377986647823e-15,0.0804612485490748,0.06719367588932806,False,391628.91602101974
2022-10-26,-4.068702698788553e-05,0.00016629496547554217,0.00017833867843235963,2.864331403106807e-05,77896.39178927722,0.49458001519640327,0.564446266844506,-6.987466161234579e-15,-6.987466161234579e-15,1.4589024432964948e-15,0.06672037373232591,-0.016374929418407683,False,219837.76330891583
2022-10-27,0.00018302337759834301,0.00037906830696477064,0.00017284850744131065,2.3196421925116972e-05,77910.64865000521,0.48078167071765143,0.492482518715162,7.61196661258623e-15,7.355227538141662e-15,1.4068607390171906e-15,0.06126971103334955,0.02766798418972332,False,307116.29035117023
2022-10-28,-8.998998240308738e-05,0.00010777087485666008,0.00017752184964131646,2.0239007618431006e-05,77903.6374721042,0.4909206572123095,0.506763140643292,2.275957200481571e-15,2.1371793224034263e-15,6.279698983036042e-16,0.09254803198521133,-0.014116318464144554,False,202136.6172639332
2022-10-31,-0.0005550293929279778,-0.0003602113145661596,0.0001323404308852482,6.247764747656998e-05,77860.39866349117,0.3716994038032227,0.522532020602456,-4.926614671774132e-15,-4.9682480351975755e-15,1.4224732503009818e-15,0.09984535265384456,0.06719367588932806,False,866376.5391986879
2022-11-01,8.869869279424e-05,0.00022734575024957828,0.00011717313880044264,2.147391865489565e-05,77867.30477907305,0.32820291099366805,0.38351449900781437,-1.5265566588595902e-16,-1.942890293094024e-16,1.6653345369377348e-16,0.09999623101604754,0.050254093732354614,False,419435.75625241565
2022-11-02,2.1623342513661896e-06,0.00019594319689963252,0.00017801999282602738,1.576086982223895e-05,77867.47315421324,0.4954056339676392,0.5681605624998494,-6.0298988024953815e-15,-5.6066262743570405e-15,1.2542050731312315e-15,0.059864721472640485,0.044607566346696784,False,342678.57481988333
2022-11-03,-6.027718259911677e-05,0.0001397114709516614,0.00017663958933845534,2.334906421232282e-05,77862.77952231538,0.48923231372404263,0.5351644660269032,-1.2351231148954867e-15,-1.6514567491299204e-15,1.6740081543176188e-15,0.05133108319429351,-0.006211180124223602,False,306471.0971161558
2022-11-04,-0.0002889059453958177,-8.825813555889266e-05,0.00017865474958924396,2.1993060247681e-05,77840.28450238635,0.49733633695424156,0.6481025512689619,8.461981115814865e-15,8.118505867571457e-15,2.1510571102112408e-15,0.07306221057619283,-0.06719367588932806,False,358844.91388809733
2022-11-07,-0.00032358662570164203,-6.948413205387746e-05,0.00017419943938172918,7.990305426603536e-05,77815.09642738056,0.4845253796636739,0.7575814801776484,-3.2404634531246757e-15,-4.076600168545497e-15,1.9845236565174673e-15,0.08358698285123096,-0.09655561829474874,False,272914.8027260805
2022-11-08,-0.00021069364358554472,-9.541134338424833e-07,0.00017860604466494944,3.11334854867528e-05,77798.70128118832,0.4965855348179395,0.8246116078506365,1.8041124150158794e-16,-7.216449660063518e-16,1.0685896612017132e-15,0.08617863717462759,-0.1078486730660644,False,338913.72397790645
2022-11-09,-0.0005826110088493278,-0.0003703512331232467,0.00017837162745824671,3.388814826783437e-05,77753.3749013477,0.4970588397996717,0.8688428947432041,-2.4848179069891785e-14,-2.416122857340497e-14,4.3576253716537394e-15,0.08928980630554903,0.007340485601355168,False,450316.88466228754
2022-11-10,-0.00038578796957698,-0.0001757749398032674,0.0001743071573870046,3.5705872386708044e-05,77723.37858471676,0.48607316589423555,0.5812378393879432,2.7755575615628914e-15,2.55351295663786e-15,1.1796119636642288e-15,0.07612894612041808,0.03896103896103897,False,487463.8937102608
2022-11-11,3.3933020316112787e-06,0.00020409301886377147,0.00017681323028197085,2.3886486550189337e-05,77723.64232361522,0.48993704906436053,0.6398400526087688,-6.522560269672795e-16,-6.106226635438361e-16,8.326672684688674e-17,0.09088686620815713,0.014116318464144554,False,250448.18294734482
2022-11-14,-7.510413468650044e-05,0.00017850597128306805,0.00017472571592191198,7.888439004765651e-05,77717.80495671382,0.485926395983518,0.6496984862439317,6.723788192886104e-15,6.591949208711867e-15,1.1518563880486e-15,0.06500480176113344,-0.08865047995482779,False,434234.2006563876
2022-11-15,-0.0001377206146660627,6.628792446362593e-05,0.0001773086013388424,2.669993779084623e-05,77707.10161284468,0.4927142565958681,0.5568736632321799,-4.40619762898109e-16,-4.3021142204224816e-16,1.249000902703301e-16,0.07366597147030278,0.06267645398080182,False,427813.0533309082
2022-11-16,-0.0002173577796461581,-1.3719329876451711e-05,0.00018075323073276747,2.2885219036938928e-05,77690.21136977537,0.4991759106991832,0.645928704069061,-6.2103100439969694e-15,-5.578870698741412e-15,2.761679773755077e-15,0.09195631967058282,0.06832298136645965,False,282155.93449949834
2022-11-17,-0.00025868304723527613,-5.8083799558158295e-05,0.00017405423244140278,2.654501523571508e-05,77670.11422915787,0.4852738060445748,0.5611219696175485,-8.996275946415722e-15,-8.493206138382448e-15,2.086872341600099e-15,0.07780088031599433,-0.09768492377188029,False,537335.2665142718
2022-11-18,-0.00019472417343742866,5.935022057737557e-06,0.00017759938852458167,2.3059806970584553e-05,77654.98998036381,0.49216976140438295,0.918756518387816,1.6729673202320328e-14,1.5987211554602254e-14,3.8267999880048365e-15,0.09012870344690216,0.040090344438170535,False,255622.74591752613
2022-11-21,-0.00032354549233449344,-3.206438761715235e-05,0.00017820975313528366,0.00011327135158205743,77629.86505839838,0.49348517798360414,0.7150352065629638,-2.220446049250313e-16,-2.636779683484747e-16,1.5543122344752192e-15,0.09041237889147234,-0.042348955392433656,False,301739.9631775934
2022-11-22,-0.0003251056782531925,-0.00011795157511226655,0.00017776909465203698,2.938500848888893e-05,77604.62714846586,0.49422645824100725,0.8538312164661347,2.699229728619912e-15,1.9984014443252818e-15,2.033095913844818e-15,0.07694201912305185,0.06154714850367025,False,575515.9131796365
2022-11-23,3.7096673042772656e-05,0.0002462231390724009,0.00017403751192828035,3.508895410134789e-05,77607.5060219458,0.4855049997578965,0.7348679244162463,4.003741782554471e-15,2.9976021664879227e-15,2.5431046157819992e-15,0.08661871399864089,-0.06267645398080182,False,426718.03431141947
2022-11-25,-0.00023692263392799962,-1.5438458246923043e-06,0.00017497868472662987,6.040010337667745e-05,77589.11904720649,0.48695109943316495,0.5131480086704094,-1.615721445524798e-14,-1.4883927423881005e-14,2.588207426157396e-15,0.07770425935653409,-0.009599096555618296,False,459983.03980924713
2022-11-28,-6.80352964490624e-05,0.00016628822892973918,0.0001710587023920368,6.326482298676479e-05,77583.84024849089,0.47699861291143064,0.4423714729565721,-2.5153490401663703e-16,-1.942890293094024e-16,9.020562075079397e-17,0.04593078964734379,0.06380575945793338,False,394868.61364776024
2022-11-29,-0.00015388835768691766,3.935988412476852e-05,0.00017506859223812842,1.8179649573557768e-05,77571.900998732,0.4865309992695259,0.3227190186712892,-4.579669976578771e-16,-4.649058915617843e-16,1.3183898417423734e-16,0.03429674512376162,0.04347826086956522,False,342296.6650045194
2022-11-30,-0.00012886194799163089,6.219488090270875e-05,0.0001777944034694921,1.3262425424847524e-05,77561.90493245989,0.4965522673345278,0.553701753137659,7.449336286713404e-15,7.271960811294775e-15,1.4259426972529354e-15,0.09354949695433928,-0.007340485601355168,False,465017.1024123411
2022-12-01,-0.00011118640571369988,8.987355132892243e-05,0.00017830509047532157,2.2754866567300745e-05,77553.28110303014,0.49727158118389647,0.3858339654288875,-1.5851035761738075e-15,-1.5126788710517758e-15,2.6194324487249787e-16,0.0494126878658009,0.03557312252964427,False,301949.95866615395
2022-12-02,-0.0002967182208444825,-0.0001025290752021692,0.00017833295528222202,1.5856190360091333e-05,77530.2696314406,0.49848671960128865,0.5914308807074562,1.6306400674181987e-16,2.3592239273284576e-16,4.163336342344337e-17,0.08777916477681136,-0.010728402032749858,False,371271.1015789028
2022-12-05,-0.00011059386444247019,6.444047380452635e-05,0.00010211820226936498,7.291613597763156e-05,77521.6952593108,0.2863865584736935,0.6767886938646458,9.84975989659631e-15,9.117706589734098e-15,1.6375789613221059e-15,0.09976693105881874,0.09655561829474874,False,804148.003325943
2022-12-06,-2.1451099116239625e-05,0.00018258044991518812,0.00017621831503699065,2.7813233994437094e-05,77520.03233374213,0.4921946782319601,0.5509462953177314,-2.9837243786801082e-15,-2.7755575615628914e-15,7.355227538141662e-16,0.05301531852325218,-0.015245623941276118,False,650513.4734519513
2022-12-07,-0.0002848567930025819,-8.673171854153134e-05,0.00017548344588634912,2.2641628574701416e-05,77497.95022593808,0.49032614198135394,0.3728437147621856,-4.163336342344337e-17,-2.0816681711721685e-16,9.610368056911511e-16,0.04514193055125441,0.07284020327498589,False,522092.6918877607
2022-12-08,-7.707744640149801e-05,0.00011525247406865379,0.0001770075760278702,1.53223444422816e-05,77491.97688183331,0.49301141192670495,0.6579276427141617,6.9111383282915995e-15,6.897260540483785e-15,1.5543122344752192e-15,0.07074166769081862,0.014116318464144554,False,364848.51482312474
2022-12-09,-0.00020233974290186186,2.059379734677786e-06,0.00017736100033321822,2.703812230332143e-05,77476.29717515409,0.49340375602509134,0.455387593142735,2.733924198139448e-15,2.203098814490545e-15,1.1917550279960665e-15,0.0945233355229544,-0.08187464709203841,False,434253.8315980594
2022-12-12,-0.0003949626290803408,-0.00016301659020635472,0.0001758023630070739,5.6143675866912195e-05,77445.69693313038,0.4911767236582173,0.6228884101835257,2.6863927748976835e-14,2.5271451598030126e-14,4.0870085094013575e-15,0.09948206358260701,-0.0005646527385657821,False,518569.0961248713
2022-12-13,-0.00032949826516911026,-0.00012714512185955544,0.0001767549894663973,2.5598153843157487e-05,77420.1787103461,0.4923924342418239,0.5525464089328762,6.081940506774686e-15,6.13398221105399e-15,1.502270530195915e-15,0.09990254468737642,-0.012987012987012988,False,336875.81738775887
2022-12-14,-0.00018013155896765435,3.991420314974973e-05,0.00019733837544892998,2.270738666847411e-05,77406.23289285945,0.5505199054139945,0.0,0.0,0.0,0.0,0.0,0.010728402032749858,True,267301.6063247539
2022-12-15,-0.00017971087892808683,0.0,0.00017971087892808683,0.0,77392.32215071176,0.5,0.5000898715903666,-3.840677775812651e-15,-4.100886297209172e-15,1.4710455076283324e-15,0.042780483470701146,-0.04573687182382835,False,428995.38881152234
2022-12-16,-0.00031256767807243623,-0.00011815426669992258,0.0001738617728140053,2.055163855850837e-05,77368.13181227648,0.48502473088633047,0.6374928191995917,1.8832158055204218e-14,1.8405416080113923e-14,4.018486932100274e-15,0.05391079898701626,0.04686617730095992,False,419484.57326965814
2022-12-19,-0.00036032678167719666,-0.0001052930096291445,0.00017643876694125552,7.859500510679666e-05,77340.25400233618,0.49309017537970407,0.6564549534048056,1.5796391972244805e-14,1.4779844015322396e-14,3.4191399711502868e-15,0.08662628778353615,-0.07509881422924902,False,606102.1077319366
2022-12-20,-0.000269667051715518,-6.119200291793909e-05,0.00018149744797272454,2.6977600824854376e-05,77319.39788406044,0.4995553091315371,0.6621088815391326,3.7816971776294395e-15,2.914335439641036e-15,1.672273430841642e-15,0.09464401308384895,-0.0694522868435912,False,140787.09866718677
2022-12-21,-0.00041797728621568704,-0.00021308387171431678,0.0001776834604655157,2.7209954035854606e-05,77287.08013196103,0.4953174211406231,0.896292007215105,9.828943214884589e-15,9.232198339148567e-15,3.3584246494910985e-15,0.09958284076012086,-0.051383399209486175,False,270508.8920677614
2022-12-22,-0.00045733675668161854,-0.0002442270662920911,0.00017627577228479752,3.683391810472994e-05,77251.73390940009,0.49226011171864137,0.7076753057210294,-3.0253577421035516e-15,-2.886579864025407e-15,5.967448757360216e-16,0.07139070194957467,-0.05590062111801244,False,344037.5673591831
2022-12-23,-0.00014367533754770586,6.210762414876446e-05,0.00017670041488601694,2.908254681045339e-05,77240.63474045452,0.4928396237490902,0.8055912405492207,1.1594891713428979e-14,1.1220191442617988e-14,1.7720200307103084e-15,0.0876874670629083,0.006211180124223602,False,364932.4530603309
2022-12-27,-0.0002910921591306844,1.6798826914242047e-05,0.00017546502869437153,0.0001324259573505549,77218.1505973153,0.48971002786488654,0.6352061304495904,9.679756995950584e-16,1.2212453270876722e-15,1.8596235662471372e-15,0.061553239838571326,0.09768492377188029,False,498026.7771735119
2022-12-28,-2.4034014291391754e-05,0.0001775511560884234,0.00017548080885448957,2.6104361525325592e-05,77216.29473518029,0.4892311315274251,0.5729798149552788,3.927413949611491e-15,3.400058012914542e-15,9.976692865940051e-16,0.07217778976202266,0.059288537549407126,False,259688.35273446605
2022-12-29,-0.00015095667874438665,4.521557967800946e-05,0.00017262514273930262,2.3547115683093493e-05,77204.63841978212,0.4816698129442911,0.6722161432724401,1.617456169000775e-14,1.5251688800788088e-14,3.3410774147313305e-15,0.0530767225918905,-0.026538678712591763,False,635204.8869681918
2022-12-30,-0.0002626019134477438,6.143740822864786e-06,0.00024112033331420764,2.762532095640097e-05,77184.36433400604,0.6700746077586202,0.0,0.0,0.0,0.0,0.0,,False,209864.8838950271
