date,net_return,gross_return,transaction_cost,borrow_cost,nav,turnover,gross_exposure,net_exposure,beta_exposure,max_group_exposure,max_weight,rank_ic,risk_liquidation,capacity_proxy_nav
2018-01-02,0.0,0.0,0.0,0.0,100000.0,0.0,0.0,0.0,0.0,0.0,0.0,,False,
2018-01-03,0.0,0.0,0.0,0.0,100000.0,0.0,0.0,0.0,0.0,0.0,0.0,,False,
2018-01-04,0.0,0.0,0.0,0.0,100000.0,0.0,0.0,0.0,0.0,0.0,0.0,,False,
2018-01-05,-0.00017633599459409527,0.0,0.00017633599459409527,0.0,99982.36640054059,0.49544477585792096,0.495532156013505,1.672706542956195e-16,3.469446951953614e-16,7.463647755390213e-16,0.06801199296242336,-0.006493506493506493,False,131828.50000718064
2018-01-08,-0.000243062415812233,-7.590027501258916e-06,0.00017437938277506252,6.109300553591155e-05,99958.06444502465,0.4908319343920842,0.42956156351428515,-2.4441581172268946e-15,-2.248201624865942e-15,9.992007221626409e-16,0.03444857462084837,-0.07922077922077922,False,262020.68095961688
2018-01-09,-0.00036921478431270265,-0.0001764842814589083,0.00017507728791485105,1.7653214938943324e-05,99921.15844982026,0.4930974261360071,0.46629166377284137,-2.6591151225526046e-15,-2.733924198139448e-15,1.1570605584765303e-15,0.057712239177222645,0.06493506493506493,False,217542.3484284228
2018-01-10,9.121456872214093e-05,0.00028647572999629395,0.00017609849016020053,1.916267111395249e-05,99930.27271519449,0.4947114098617652,0.4819401694969829,-3.57426497763498e-16,-5.551115123125783e-17,1.1796119636642288e-15,0.04832944407172907,0.04805194805194805,False,168153.7392703151
2018-01-11,-8.162081958486263e-05,0.00011244146959899447,0.00017425652879357012,1.980576039028698e-05,99922.11632443413,0.4906580475585607,0.3384459052768842,-1.1422145411831498e-15,-1.0685896612017132e-15,3.677613769070831e-16,0.03795567839981971,0.04935064935064935,False,183122.12227249375
2018-01-12,-0.00022710366011725227,-4.0506173913701435e-05,0.00017268875037025416,1.3908735833296657e-05,99899.42364609019,0.48456679789199214,0.44768507680820596,2.781114712862107e-15,2.5951463200613034e-15,9.159339953157541e-16,0.04989097586180623,0.08051948051948052,False,123421.70364258441
2018-01-16,-5.644143024126636e-05,0.00016353928068863358,0.00014638864350937337,7.359206742052657e-05,99893.78517973932,0.4109293265578627,0.2378317347425834,-9.713288285152608e-15,-9.62771529167128e-15,2.4147350785597155e-15,0.03427165862234494,0.07532467532467534,False,102910.53769919387
2018-01-17,-0.0002078204590703978,-2.147134667107519e-05,0.00017657520549209277,9.773906907229854e-06,99873.02520744498,0.49709679453122646,0.49472425445624957,-4.919671568159574e-15,-4.676814491233472e-15,1.8318679906315083e-15,0.07136978114284927,0.045454545454545456,False,382251.55286435975
2018-01-18,-0.0002529495707428846,-6.123492311872023e-05,0.00017138351387938677,2.033113374477758e-05,99847.76236858997,0.48303596910050645,0.39922395908883646,-8.643061183735494e-17,-8.326672684688674e-17,5.551115123125783e-17,0.04391232680090623,0.11168831168831168,False,287429.65564821183
2018-01-19,-7.770913470522661e-05,0.00011303647051099116,0.0001743391411440738,1.640646407214397e-05,99840.00328537407,0.49077581834826,0.3134227470133525,-8.313459670983394e-17,1.1102230246251565e-16,6.956241138666996e-16,0.06792437267750809,-0.11948051948051949,False,225910.90345057918
2018-01-22,-0.00017693841252265375,3.553752258318447e-05,0.00017383477451515092,3.86411605906873e-05,99822.3377536865,0.48739605357116206,0.4456861387473845,4.127847055102625e-15,4.066191827689636e-15,7.979727989493313e-16,0.059801107618650484,-0.062337662337662345,False,152565.52121261595
2018-01-23,-0.00027964203891533464,-8.762608339366299e-05,0.00017370008680602585,1.8315868715645768e-05,99794.42323162776,0.48942837543428913,0.2848229463911532,-3.2864804782045786e-16,-3.2612801348363973e-16,1.2836953722228372e-16,0.055873898548743355,-0.016883116883116882,False,167873.48340615383
2018-01-24,-0.00022820208522470923,-5.339953342144576e-05,0.00016309749921184622,1.1705052591417268e-05,99771.6499361525,0.46002658399587637,0.604309589629329,1.1321062579051368e-14,1.0963452368173421e-14,3.54230533794464e-15,0.0990810744390543,0.045454545454545456,False,272405.1526014317
2018-01-25,-0.000243627208048601,-4.2058031559781606e-05,0.00017673453581912142,2.483464066969799e-05,99747.34284763616,0.4968766056818033,0.41354644806980173,-4.775122922675005e-16,-3.885780586188048e-16,6.47051856539349e-16,0.05117841553135527,-0.045454545454545456,False,246937.81718166862
2018-01-26,-0.0005389538052178583,-0.00034980323384492686,0.00017215551186321358,1.69950595097179e-05,99693.58363764806,0.48500589041760317,0.3804218013042082,-2.039153900862474e-15,-2.1510571102112408e-15,6.036837696399289e-16,0.0584955792621987,0.1064935064935065,False,288691.33281667426
2018-01-29,-0.00022239239774670037,1.7873107915438698e-06,0.00017727839056923202,4.690131796901223e-05,99671.41254254292,0.49965678500539257,0.5580065630007437,1.2588859516964482e-14,1.2739809207573671e-14,4.038436252074007e-15,0.0816774339652327,-0.08181818181818182,False,441565.15785537823
2018-01-30,-0.00024442448537331476,-5.120572867831071e-05,0.00017028698013333017,2.2931776561673877e-05,99647.05040882577,0.479764134426378,0.4341773625730527,-9.725611045507219e-15,-9.58955137519979e-15,1.740795008142726e-15,0.05727903939283113,0.08051948051948052,False,298070.05504060676
2018-01-31,-0.0002760983765844303,-8.326753287235601e-05,0.0001749879384008526,1.7842905311221743e-05,99619.53801997648,0.49274295438969024,0.4938807079876442,4.529808792698585e-16,4.510281037539698e-16,1.4051260155412137e-16,0.06854683583589714,-0.04155844155844156,False,205717.67021800444
2018-02-01,-0.0004150797424311412,-0.00021998895840478306,0.00017479431657481119,2.0296467451547e-05,99578.18796779403,0.4928689689972617,0.544316548879647,-1.6665239625167925e-15,-1.5404344466674047e-15,1.304512053934559e-15,0.07927265061830958,0.031168831168831172,False,308054.71540979674
2018-02-02,-5.877212168330775e-05,0.00013901402434063708,0.00017541697278231544,2.2369173241629398e-05,99572.33554641379,0.4927979010949782,0.3484144304915101,-1.6950608210677056e-17,-2.0816681711721685e-17,1.3183898417423734e-16,0.05459115399010557,-0.07922077922077922,False,167635.18020101884
2018-02-05,-0.0003855123884023025,-0.00016908990011440492,0.00017346728452867033,4.295520375922728e-05,99533.94917751849,0.48876496485657894,0.20704870538075243,2.879456777312317e-15,2.761679773755077e-15,9.230897296541585e-16,0.023952770287245323,0.06883116883116883,False,474624.40191513306
2018-02-06,-0.00015747570089317671,2.9430179506975183e-05,0.0001783970294940937,8.508850906058202e-06,99518.2749991091,0.4991804384749209,0.5061175309766591,1.0475257434419915e-14,1.0075273948473296e-14,2.6680047060523293e-15,0.07053486294601993,-0.045454545454545456,False,180313.56767110544
2018-02-07,-0.00035568156714922905,-0.0001590737412978447,0.00017580847526330292,2.0799350588081453e-05,99482.87818309742,0.49246028460342817,0.19159088069594965,-4.643653320443592e-16,-2.96637714392034e-16,2.42861286636753e-16,0.023992240048504414,0.08831168831168833,False,198122.85835928546
2018-02-08,-0.00014981418215531211,3.264773369291443e-05,0.00017458831801140667,7.873597836819868e-06,99467.97423706396,0.4878570876412913,0.4336291154161554,-2.2823532043207686e-16,-2.220446049250313e-16,1.1449174941446927e-16,0.07298387473954153,0.04025974025974026,False,122197.84941622612
2018-02-09,-7.567771389606337e-05,0.00012030060414339487,0.00017815794343331486,1.782037460614338e-05,99460.44672816782,0.49837328268001063,0.4739395948902832,8.671403884346574e-15,8.132383655379272e-15,1.4467593789646571e-15,0.08696095120942464,-0.01818181818181818,False,188359.2555840605
2018-02-12,5.4781311271807296e-05,0.0002922200505886306,0.00017900783035774837,5.843090895907494e-05,99465.89530185929,0.49925677012856484,0.5776880339523673,-5.393412203054968e-16,-4.3021142204224816e-16,3.9898639947466563e-16,0.06972972816243325,0.087012987012987,False,246077.82782805403
2018-02-13,-0.00017313330395630146,2.256640122644041e-05,0.00017195910104771304,2.374060413502882e-05,99448.6744427747,0.48202760828253505,0.2113351641792257,-2.961873531522437e-15,-2.6367796834847468e-15,7.91033905045424e-16,0.022230149760588864,-0.087012987012987,False,714639.6796417203
2018-02-14,-6.513745687554053e-05,0.00012054031923132872,0.00017699276935977766,8.685006747091588e-06,99442.19660903186,0.4964928926196241,0.48497766768785316,-1.3857551431008292e-15,-1.1518563880486e-15,1.190887666258078e-15,0.06525228300172677,-0.06103896103896104,False,458659.55020319205
2018-02-15,-0.0002517846634843169,-5.852560406159386e-05,0.00017332847033966055,1.9930589083062516e-05,99417.15858902251,0.4864711853222671,0.4765895308872945,5.81771615149494e-15,5.530298441414061e-15,1.2819606487468604e-15,0.04525113765342499,-0.0987012987012987,False,311438.3016949665
2018-02-16,-0.00031210301327725494,-0.00011790794119696678,0.00017460920094793385,1.9585871132354325e-05,99386.13019425541,0.48850106154065515,0.44902021216017574,1.71168376509351e-16,1.8041124150158794e-16,1.1102230246251565e-16,0.042114865982944664,0.087012987012987,False,285224.2692921672
2018-02-20,-0.00014880904600103655,0.00010207601188891008,0.00017707351616498627,7.381154172496037e-05,99371.34063903548,0.4960973348135885,0.3349681537855362,-1.0281382267100006e-14,-9.478529072737274e-15,2.3939183968479938e-15,0.04154255981203146,0.05844155844155843,False,254073.80286270007
2018-02-21,-0.00020893024791794916,-1.807818136567817e-05,0.00017708625201313892,1.3765814539132047e-05,99350.57896019983,0.49505863653938414,0.3207804042944663,7.071801054657179e-17,5.551115123125783e-17,4.85722573273506e-17,0.07803282551754309,-0.029870129870129873,False,302968.0268974764
2018-02-22,-0.00019951735691818223,-1.1865141851885953e-05,0.0001744694587254278,1.3182756340868477e-05,99330.7567952774,0.4883191446638612,0.6418765207500072,7.643444807977201e-16,7.095019016745141e-16,2.5673907444456745e-16,0.0927318177231172,0.01818181818181818,False,252199.36347066375
2018-02-23,-0.00044900125541919933,-0.0002482558329916028,0.0001743669352734867,2.6378487154109855e-05,99286.15716077457,0.488162746417395,0.44200766371594824,1.6217646482812842e-15,1.4710455076283324e-15,3.469446951953614e-16,0.05397603223784996,-0.10519480519480517,False,425775.08102712757
2018-02-26,-0.00035411699730051265,-0.00012174930976225699,0.00017787359201163212,5.4494095526623555e-05,99250.9982449273,0.4979160521041064,0.4106852231138085,1.7456747383747513e-15,1.609823385706477e-15,5.204170427930421e-16,0.09887171969663187,-0.005194805194805195,False,226506.3724944868
2018-02-27,-0.00035172381452304056,-0.00016067919573141233,0.000174167143869143,1.6877474922485203e-05,99216.08930522937,0.4874586767549907,0.4966476736141572,4.129370528124874e-15,3.802513859341161e-15,6.175615574477433e-16,0.0666018869766534,0.06623376623376624,False,320238.37783370615
2018-02-28,-0.00010701071457429513,6.24492272390528e-05,0.000149049763445643,2.0410178367704924e-05,99205.47212061555,0.41781997865324794,0.3953333960901629,3.4149730840380535e-16,3.0531133177191805e-16,7.28583859910259e-17,0.09936577117906538,0.16753246753246753,False,436585.3542477346
2018-03-01,0.0005480618356861744,0.0007371249019802532,0.00017281648837256532,1.624657792151353e-05,99259.84285377608,0.4832541849428566,0.2487522366135683,2.6185793681252497e-15,2.4702462297909733e-15,8.014422459012849e-16,0.043946668663802375,0.03636363636363636,False,609209.5170760306
2018-03-02,-9.856158829528287e-05,9.028111275929496e-05,0.00017862000639922582,1.0222694655352015e-05,99250.05964601047,0.4977776134668441,0.3315371393489259,9.689869241740022e-16,9.43689570931383e-16,2.0816681711721685e-16,0.07540705739691472,0.22467532467532467,False,388049.2065479701
2018-03-05,0.00011926006839712436,0.00026632883576415534,0.00010619432552949231,4.087444183753869e-05,99261.89621491227,0.2982826343169784,0.5076588730202408,-8.902777296826012e-16,-8.049116928532385e-16,1.0234868508263162e-15,0.0995783592982753,-0.13376623376623376,False,747837.6833547751
2018-03-06,-0.0004109331823417522,-0.00021256487761682851,0.00017750561131313293,2.086269341179076e-05,99221.1062080154,0.49537571822239523,0.3669725672794647,9.389090018054258e-16,8.257283745649602e-16,1.5612511283791264e-16,0.04571472632855714,0.03766233766233767,False,265937.3387307961
2018-03-07,-0.0001891202274840863,3.4431862164029876e-07,0.0001743834816969815,1.5081064408745085e-05,99202.34148983812,0.4876880951487274,0.4403250089288141,-2.1826187984665232e-15,-2.220446049250313e-15,1.6046192152785466e-15,0.05735611790103658,0.23376623376623373,False,355990.67478199594
2018-03-08,0.00019303689511776778,0.0003553659777670607,0.0001442335343371498,1.809554831214313e-05,99221.49120182772,0.4041982176951536,0.36427060740140027,-9.12744548731198e-16,-8.326672684688674e-16,1.5959455978986625e-16,0.09895528357021309,0.06103896103896104,False,414446.7418516978
2018-03-09,-4.666363061758164e-05,0.0001477365398575472,0.00017943014551342743,1.497002496170142e-05,99216.86116681296,0.4995624495939786,0.16642429326643277,6.687524555469356e-16,5.898059818321144e-16,2.8102520310824275e-16,0.04408464871853476,-0.0025974025974025974,False,423670.45289570134
2018-03-12,-0.00020883962679520536,-1.0224625534043848e-05,0.00017809693770776578,2.0518063553395737e-05,99196.14075455509,0.4993528285267999,0.6320060649990864,6.7720739852824466e-15,6.5503158452884236e-15,1.339206523454095e-15,0.07664699671934855,0.029870129870129873,False,402407.3989491583
2018-03-13,-0.00024982708870257913,-5.372521715466134e-05,0.00017012901956165423,2.597285198626354e-05,99171.35887149985,0.4773165196805247,0.3898541840258224,-3.968298642537715e-16,-4.128641872824801e-16,1.3010426069826053e-16,0.04976876596154692,0.01948051948051948,False,485086.9069698698
2018-03-14,-0.0003396518265544365,-0.00014720037696988638,0.0001764300447615711,1.6021404822979014e-05,99137.67513831725,0.49480653473837866,0.41839330085323967,3.2613482659491464e-16,2.8449465006019636e-16,7.025630077706069e-17,0.08195358927867256,0.023376623376623374,False,471179.6384952286
2018-03-15,-0.00018488522800788948,8.448852055119968e-06,0.00017613983482246538,1.7194245240544077e-05,99119.34604664514,0.49101800523640726,0.6178159501892235,3.474303971159426e-15,3.219646771412954e-15,6.487865800153259e-16,0.06170004324441827,0.16623376623376623,False,228447.29287192208
2018-03-16,6.061751023102652e-05,0.00025605474368186395,0.00017004753686771879,2.5389696583118637e-05,99125.35441461822,0.47567242304985763,0.4110983293946724,-1.3086869579329485e-17,1.1102230246251565e-16,1.5439038936193583e-16,0.04801824864252819,0.04935064935064935,False,331793.92267595
2018-03-19,-0.00011882586411221527,0.00010283806731156212,0.00017098057574498217,5.068335567879521e-05,99113.57575872449,0.4790576044214797,0.3192713328450093,-9.753934598321587e-15,-8.989337052511814e-15,1.7468665403086447e-15,0.028528305872383856,0.0974025974025974,False,320864.5859636211
2018-03-20,-8.940954757418457e-05,9.87504850848399e-05,0.0001750392929530648,1.3120739705959687e-05,99104.71405875744,0.49014477764976866,0.4318869709393589,-8.675838369691913e-16,-7.632783294297951e-16,1.6653345369377348e-16,0.07569382295958114,-0.07532467532467534,False,471006.70561372594
2018-03-21,-0.0003930265332708153,-0.0001977117845991593,0.00017756596904401108,1.774877962764492e-05,99065.76327656013,0.49745453270781836,0.2468274516961151,2.8245038144016673e-15,2.6749435999562365e-15,4.935288289154016e-16,0.029961913504957857,0.007792207792207793,False,631134.6038797097
2018-03-22,-0.0002920333446744972,-0.00010407740846455989,0.00017781234230461763,1.0143593905319681e-05,99036.83277036774,0.4978103734543322,0.4161500523541273,-1.9828818320859307e-16,-2.220446049250313e-16,6.349087922075114e-16,0.047964338181379185,0.0038961038961038965,False,285189.1271073909
2018-03-23,-0.00014972523975595955,4.561495984744223e-05,0.00017823814265734175,1.7102056946060033e-05,99022.00445683651,0.49858147145584897,0.34259143899498534,7.218066227709988e-15,6.626643678231403e-15,1.3114509478384662e-15,0.04619122643676485,-0.04025974025974026,False,336147.6891612591
2018-03-26,-0.0002090847245667206,6.987945181660998e-06,0.0001738353690503706,4.2237300698011e-05,99001.3004683086,0.4861516443423585,0.4106726817006663,5.05263294414178e-16,4.579669976578771e-16,1.3183898417423734e-16,0.06314041146111195,-0.07012987012987014,False,429469.6060088934
2018-03-27,-7.496645890385472e-05,0.00012013598496532449,0.00017822548434723404,1.6876959521945167e-05,98993.87869138562,0.4943971170759075,0.42894713636766774,2.411265219443092e-15,2.3314683517128287e-15,7.424616477180734e-16,0.08412630551399364,0.02727272727272727,False,164187.27693033457
2018-03-28,0.0003283334909455001,0.0005246097570746629,0.00017864830162090265,1.7627964508260215e-05,99026.38169715859,0.49882571660340147,0.23609040650462565,5.225976021916005e-15,4.8155923693116165e-15,8.612902058224847e-16,0.02925880374472719,0.045454545454545456,False,291974.74828290485
2018-03-29,-5.771511204563732e-05,8.954990721977483e-05,0.00013756267379261953,9.70234547279262e-06,99020.66637844346,0.38512010650662665,0.3792292900784464,-6.906352473890326e-16,-6.800116025829084e-16,3.95516952522712e-16,0.09859867372885601,0.06753246753246753,False,557417.2436332232
2018-04-02,-6.363138450278859e-05,0.00017136904748977228,0.00017266137060980246,6.233906138275841e-05,99014.36555634742,0.4831185531365923,0.34819481215219383,4.828980074943873e-15,4.551914400963142e-15,1.547373340571312e-15,0.04958789949533642,-0.033766233766233764,False,338399.1419735508
2018-04-03,-0.0004290441510261489,-0.00024422256237658675,0.00017051221280769136,1.4309375841870783e-05,98971.88402193789,0.4765075290995353,0.2329473827185168,4.793709093890845e-15,4.579669976578771e-15,1.4684434224143672e-15,0.02596221632233591,-0.07012987012987014,False,384412.1541309833
2018-04-04,-0.00012214320174177074,4.683861827276198e-05,0.00015940863990281305,9.573180111719672e-06,98959.79527914104,0.4462665772465136,0.34239751717247335,-5.07016777522442e-17,-4.163336342344337e-17,1.9992688060632702e-16,0.09818186941149756,-0.032467532467532464,False,713228.4245780067
2018-04-05,-8.035018145843697e-05,0.00010987555915278351,0.0001761546097685161,1.4071130842704387e-05,98951.84384163326,0.4924063543291951,0.42030006427436706,-5.561487891240787e-15,-5.037636974236648e-15,8.534839501805891e-16,0.05009827228081665,0.005194805194805195,False,402793.0624626484
2018-04-06,-0.0002215840640876814,-2.5842150607581407e-05,0.0001784693080989614,1.72726053811386e-05,98929.91768992586,0.49958605303649145,0.5650657618195779,-7.151923943231446e-15,-6.619704784327496e-15,1.2281842209915794e-15,0.05894203365967736,-0.00909090909090909,False,476430.1530556786
2018-04-09,-0.0003283908786967803,-8.231217541909718e-05,0.00017641306140951513,6.966564186816802e-05,98897.43000732627,0.4926823751783187,0.31435000722535744,1.1862428078074938e-16,9.71445146547012e-17,3.469446951953614e-17,0.05181009218726734,-0.0974025974025974,False,475050.46584455605
2018-04-10,-0.0005419815004847113,-0.000353820991593625,0.00017524201544346884,1.2918493447617423e-05,98843.82942981682,0.49025162152507495,0.306509848867633,-2.2631729178024452e-15,-2.220446049250313e-15,5.169475958410885e-16,0.045499512706530305,-0.07142857142857142,False,373787.9770955226
2018-04-11,-0.00017530967274759197,1.5814665755392782e-05,0.00017852804334404082,1.2596295158943913e-05,98826.50115042635,0.49910093075493284,0.2701686230079512,-1.1166715239676102e-15,-1.0547118733938987e-15,3.122502256758253e-16,0.07381461988028534,0.03766233766233767,False,583750.1362520956
2018-04-12,-0.0002448525978627114,-6.092053990813451e-05,0.00017282923783096244,1.1102820123614478e-05,98802.303224882,0.48376948869810393,0.4202358231770934,2.19064242630214e-15,2.0816681711721685e-15,4.891920202254596e-16,0.046940442198831034,0.04285714285714286,False,450558.4611262602
2018-04-13,-0.00017892035269417492,1.5549555281252518e-05,0.0001771999426393826,1.726996533604484e-05,98784.625481942,0.49454586513931265,0.6056083673861528,2.5650482840889126e-15,2.706168622523819e-15,1.4710455076283324e-15,0.07924069271973302,0.12337662337662336,False,416857.1252382699
2018-04-16,-0.00027342405344513225,-2.5976594853328697e-05,0.00017278341329762066,7.46640452941829e-05,98757.61538922467,0.48267204623539045,0.39317741992776734,3.5378227713912436e-15,3.4833247397614286e-15,1.1313107568799996e-15,0.0675962221951842,0.02077922077922078,False,370171.9217505342
2018-04-17,-8.34478677656551e-05,0.00011240058431821687,0.00017969047592245702,1.6157976161414947e-05,98749.37427679481,0.4996280114515872,0.3909295040022186,2.9647245662252912e-16,4.163336342344337e-16,9.853229343548264e-16,0.07979754854003371,0.05714285714285714,False,200918.29690604706
2018-04-18,-0.0002036942034359309,-1.5680466185785056e-05,0.00017194814119526016,1.6065596054885685e-05,98729.2596016617,0.4809599983016716,0.19451931413083257,1.4712957095383074e-15,1.3739009929736312e-15,6.314393452555578e-16,0.02085058717726911,-0.007792207792207793,False,449598.28926873906
2018-04-19,-0.00026825930840820937,-8.315573626611662e-05,0.00017710962772575723,7.993944416335525e-06,98702.7745587613,0.4938697545163514,0.5121315013077723,3.936937157714457e-15,3.6637359812630166e-15,1.2177758801357186e-15,0.053944063198558156,0.04155844155844156,False,312787.29496778524
2018-04-20,-0.0002344656595750205,-3.623755913605814e-05,0.00017718160038521845,2.1046500053743904e-05,98679.6321476225,0.49432045674704456,0.40151109384093153,1.3032950435093455e-16,1.1102230246251565e-16,2.7755575615628914e-17,0.08791645381198802,0.11298701298701298,False,307132.45638613746
2018-04-23,0.00011121880623323808,0.0003371509592472924,0.0001764307852802409,4.950136773381345e-05,98690.6071785095,0.4925180950193465,0.4817158302903481,3.148127760838922e-15,2.914335439641036e-15,1.7017637299332478e-15,0.05816016405646688,-0.024675324675324677,False,312658.37629374536
2018-04-24,-0.00041712652638305805,-0.00022346795881079398,0.00017386202660142795,1.9796540970836088e-05,98649.44070835049,0.4852084066737673,0.40380853697009933,-1.6452462588810402e-15,-1.4155343563970746e-15,3.95516952522712e-16,0.07676491467259042,0.0,False,290350.2251191849
2018-04-25,-9.906355823203559e-05,9.479994010053503e-05,0.0001772686269502377,1.659487138233292e-05,98639.66814373631,0.49516229705040027,0.49379895799585644,-3.3982231473840667e-15,-3.1225022567582528e-15,6.40546643504436e-16,0.06523807353259393,-0.02727272727272727,False,412578.11577149644
2018-04-26,-0.00017633210335331158,1.9341878500380335e-05,0.00017538087399084835,2.0293107862843556e-05,98622.27480357846,0.48876202336335167,0.5059854556171813,2.5509703512166097e-15,2.386112141206098e-15,4.753142324176451e-16,0.0805229339127406,0.00909090909090909,False,237445.97092318343
2018-04-27,-0.00046305008463897953,-0.00026763028689048103,0.00017462587491491583,2.0793922833582685e-05,98576.60775088337,0.486519248966478,0.4319103436430949,2.3999292732289146e-15,2.3314683517128287e-15,5.577135975265435e-16,0.049859245699307664,0.0012987012987012987,False,221899.4466063309
2018-04-30,-0.000231058636456804,-1.2167099768379433e-06,0.00017659270603081768,5.324922044914838e-05,98553.83077430991,0.49140202200770944,0.38430752196421464,5.795781214714312e-16,5.516420653606247e-16,1.734723475976807e-16,0.09599504130684376,-0.05454545454545454,False,355205.8616038915
2018-05-01,-0.00040245662826934625,-0.00021404866223159196,0.0001726145062310058,1.5793459806748523e-05,98514.16713187346,0.4824590626001251,0.5610365111474068,6.556729281465025e-16,6.106226635438361e-16,3.365363543395006e-16,0.062112368030153804,0.006493506493506493,False,411521.1520309834
2018-05-02,-0.0001720968189704172,2.5944142442407253e-05,0.00017498466643416392,2.3056294978660527e-05,98497.21315708655,0.48840810661158185,0.36729103969109966,-9.815889791923325e-16,-8.604228440844963e-16,8.46761896711179e-16,0.08592530979150234,-0.0974025974025974,False,276996.15791413834
2018-05-03,-0.00029355560680758126,-0.00010249954996030573,0.00017596190453120293,1.5094152316072627e-05,98468.29874790937,0.488332936486341,0.6124281147938611,1.6977582865240313e-15,1.6930901125533637e-15,6.591949208711867e-16,0.07774742544504021,-0.03506493506493507,False,203312.47588706945
2018-05-04,-0.00030179488693708056,-9.947609547990444e-05,0.00017715051276701748,2.51682786901586e-05,98438.58151882187,0.49473521466199766,0.44891917507750234,-2.2270223596615826e-15,-2.0816681711721685e-15,5.204170427930421e-16,0.047011644794307535,0.011688311688311687,False,295800.86024984
2018-05-07,-0.0005913598872080388,-0.0003611691557335642,0.00017484453180738498,5.5346199667089606e-05,98380.36889035798,0.488394565295741,0.32325006780745136,9.653572377800057e-16,9.992007221626409e-16,4.0939474033052647e-16,0.05370444696127319,0.08831168831168833,False,312129.6779211376
2018-05-08,-0.00019101921446688163,-5.141473316692823e-05,0.0001263202319380034,1.3284249361950016e-05,98361.57634957357,0.35432487687947384,0.4251420251771021,-9.654563640689171e-17,-1.1102230246251565e-16,2.7755575615628914e-17,0.09831612839538331,-0.005194805194805195,False,325203.66734950995
2018-05-09,-0.00011032294530903892,7.051807343474254e-05,0.00016336942866801015,1.7471590075771322e-05,98350.72481076546,0.4557113594317235,0.619261153241552,8.193805173345807e-16,8.604228440844963e-16,1.7208456881689926e-15,0.09998133944175705,0.0974025974025974,False,323533.3346818193
2018-05-10,1.62815425571744e-05,0.0002198269351367004,0.00017809630409014717,2.5449088489378822e-05,98352.326112277,0.4969419988574623,0.279104543628981,-2.295631931769381e-15,-2.1094237467877974e-15,3.191891195797325e-16,0.034348922506639165,-0.05201564866102994,False,321408.67632707115
2018-05-11,-0.0002314759478194971,-4.306652741280513e-05,0.00017693937066851458,1.1470049738177397e-05,98329.55991436992,0.49537851148680945,0.27638603016158364,-7.443879378119053e-15,-7.077671781985373e-15,1.925543058334256e-15,0.040440594935047376,-0.023376623376623374,False,231040.32929389304
2018-05-14,-0.00026939675841899886,-6.291879309335268e-05,0.000172402975305724,3.407499001992219e-05,98303.07024967222,0.48252253661252054,0.36216435027643146,-7.140370051452038e-16,-5.759281940243e-16,9.298117831235686e-16,0.041328561161146186,-0.01948051948051948,False,424802.5676142833
2018-05-15,-0.0002363823850705757,-4.760215405424978e-05,0.00017389676456660956,1.4883466449716386e-05,98279.83313546683,0.4863969641953345,0.43088048531506556,4.84463605401646e-15,4.6074255521944e-15,8.465450562766819e-16,0.035342789463249216,0.07792207792207792,False,288517.80415646883
2018-05-16,-2.5521241803781826e-05,0.00017115394673553625,0.00017896777133458955,1.770741720472852e-05,98277.32491208095,0.49992082001688115,0.27535298984349654,-7.742669503292381e-15,-7.358696985093616e-15,2.192690473634684e-15,0.03611153459970892,-0.04935064935064935,False,275402.0513907701
2018-05-17,-0.000146635880338561,4.161733921220689e-05,0.00017693734325582936,1.131587629493853e-05,98262.91393002514,0.4932152494822054,0.48102227319744806,1.627037814619235e-16,1.3877787807814457e-16,1.734723475976807e-16,0.07895304998865808,-0.033766233766233764,False,309606.00831293483
2018-05-18,-0.00029142430428030205,-9.306665565588315e-05,0.00017858960999986626,1.976803862455265e-05,98234.27772869653,0.49374929872677065,0.4089080486795741,-6.981220651433181e-15,-6.286637876939949e-15,4.28129753871076e-15,0.06788242899005927,0.0012987012987012987,False,101601.36958826469
2018-05-21,-0.0002120848093338547,1.3161619475517933e-05,0.0001748331077392873,5.041332107008534e-05,98213.44373063439,0.4884549947334303,0.685936541134646,-1.3444549302615422e-15,-1.1657341758564144e-15,3.0531133177191805e-16,0.07536896161917234,0.09480519480519481,False,289619.50383101864
2018-05-22,-6.038614823109267e-05,0.00014431504927898395,0.00017651202458673494,2.8189172923341672e-05,98207.51299906298,0.492413429377718,0.3874274183457866,-4.111668033832295e-15,-3.747002708109903e-15,9.957312752106873e-16,0.07627808521944476,-0.07012987012987014,False,281336.4786863553
2018-05-23,-0.00029055508857330615,-0.00010062528033050224,0.00017400813351626455,1.5921674726539342e-05,98178.97830642496,0.48505735818204365,0.46999998377723884,-4.643440174434989e-16,-4.649058915617843e-16,1.3183898417423734e-15,0.048430638607572844,0.17922077922077922,False,193125.88666950815
2018-05-24,-0.00022418551837522996,-2.8448696451036896e-05,0.00017642175409773116,1.9315067826461895e-05,98156.96800127979,0.4928361200717011,0.41917251084632234,-5.824051207889919e-16,-4.753142324176451e-16,3.0531133177191805e-16,0.08156726430951217,0.05064935064935065,False,221814.1724004607
2018-05-25,-6.484048084846505e-05,0.00012717892938974684,0.00017479314266918492,1.7226267569026967e-05,98150.60345627596,0.48796874144522284,0.4853130287399646,-3.0075387185690954e-16,-2.7755575615628914e-16,1.9567680809018384e-15,0.09604507308220059,-0.02727272727272727,False,360296.9535299172
2018-05-29,-0.0005557622096363933,-0.00030012241266547465,0.00017586231279448602,7.977748417643261e-05,98096.05506002196,0.4926563414353324,0.4433871873089737,7.30414504230655e-15,6.689093723366568e-15,1.915134717478395e-15,0.05189077929813093,0.0025974025974025974,False,443091.8289531702
2018-05-30,-0.0002524352654639368,-5.7391542011604435e-05,0.0001768223321930598,1.8221391259272594e-05,98071.29215632191,0.4953168124813739,0.5234464202148378,-1.5659817728962617e-15,-1.4432899320127035e-15,3.226585665316861e-16,0.0726288026406908,-0.06103896103896104,False,195909.50704986337
2018-05-31,-0.00018221421253177737,1.4540816266334789e-05,0.00017524353207695438,2.1511496721157778e-05,98053.42217304968,0.48913729614378343,0.5482643094853011,-4.714016657049764e-15,-4.440892098500626e-15,2.8380076066980564e-15,0.05430088985296563,0.00909090909090909,False,300776.13609693584
2018-06-01,-0.00022133364887107256,-2.0513781940120423e-05,0.00017828845695210395,2.2531409978848184e-05,98031.71965133582,0.4989260227970126,0.2374779805582713,3.3571553130664556e-16,3.191891195797325e-16,5.30825383648903e-16,0.024846499742041454,-0.0987012987012987,False,300744.8125220506
2018-06-04,-0.00014007565530048914,6.46775537827606e-05,0.00017547510189113414,2.9278107192115596e-05,98017.98779396543,0.4902220272293605,0.4011180396972236,-9.416290499195315e-16,-8.534839501805891e-16,2.1510571102112408e-16,0.04982565941711648,-0.051948051948051945,False,221496.30048265908
2018-06-05,-0.0003402181203669906,-0.00014780208777456517,0.00017593172959116964,1.64843030012558e-05,97984.64029839601,0.4930586588415582,0.35344485866378894,-8.210589239464455e-17,-5.551115123125783e-17,2.7755575615628914e-17,0.05815021238183954,-0.006493506493506493,False,291545.0355350614
2018-06-06,-0.0003752666373044685,-0.00018812017351948972,0.00017262133260701487,1.4525131177963932e-05,97947.86993192375,0.4846738975899525,0.37717912519221025,-3.2473010411364184e-15,-3.0878077872387166e-15,6.774095173689432e-16,0.03765950643584564,0.03637544849205044,False,307765.458560974
2018-06-07,-0.00016036035812490738,3.266712608630506e-05,0.00017752697221701187,1.5500511994200553e-05,97932.16297642389,0.4959072611478018,0.3266646566839759,-3.095083289527047e-15,-2.8102520310824275e-15,1.2437967322753707e-15,0.06139353154700523,-0.04935064935064935,False,155711.16551394592
2018-06-08,-0.00029302110033525765,-0.00010091262986608094,0.0001786838955369584,1.3424574932218316e-05,97903.46678627032,0.498212698576916,0.2714770126642876,2.7554384781939147e-16,2.498001805406602e-16,2.0816681711721685e-16,0.03889575794800119,-0.06623376623376624,False,157582.23999325905
2018-06-11,-0.00035362065976290427,-0.00014372837212972079,0.00017642251894854538,3.346976868463816e-05,97868.84609775229,0.4927568905154916,0.27947539282528777,-3.627090952380108e-16,-3.191891195797325e-16,9.725293487194975e-16,0.04246894584963449,-0.07272727272727272,False,268206.1559400682
2018-06-12,-0.00031596696153014526,-0.00012825576336065125,0.0001762259080533863,1.1485290116107728e-05,97837.92277582233,0.49299741327228863,0.2941897924946184,-1.2766513209190438e-15,-1.0685896612017132e-15,7.225665378529644e-16,0.07162259817902819,0.1,False,186161.5502485219
2018-06-13,-8.357837168106947e-05,0.00010563368464618771,0.00017712206485487556,1.2089991472381628e-05,97829.74564154807,0.4936987054032287,0.3052236638347412,9.328400605272889e-15,8.326672684688674e-15,1.7503359872605984e-15,0.03275778457127545,-0.01948051948051948,False,151422.65288683874
2018-06-14,-6.0258835854431776e-05,0.00012864698491597362,0.0001763623825306219,1.2543438239783499e-05,97823.85053496377,0.4924939756779955,0.2906432648671958,-5.171951674201028e-16,-4.718447854656915e-16,2.3592239273284576e-16,0.06529190343172334,-0.04805194805194805,False,172539.24040632386
2018-06-15,-0.00022508658567956365,-3.4846386227730304e-05,0.00017829595569016774,1.1944243761665603e-05,97801.83169844883,0.49980162236433306,0.4339940794151547,-3.0439112748556325e-15,-2.9837243786801082e-15,5.898059818321144e-16,0.07696903006606991,0.06103896103896104,False,329980.63902380515
2018-06-18,-6.150273974534458e-05,0.00017098029027486853,0.00017897691064026216,5.350611937995095e-05,97795.81661784726,0.4991373468986711,0.33896650562667663,-2.3611218539123936e-15,-2.2065682614424986e-15,6.38378239159465e-16,0.06513887552336053,0.006493506493506493,False,156025.49310305342
2018-06-19,-0.00013467303932069026,5.6223285582123325e-05,0.0001769661945345939,1.3930130368219685e-05,97782.64615799049,0.4923309285090006,0.7177651882884281,-3.905831227258864e-15,-3.7192471324942744e-15,5.551115123125783e-16,0.06676268930835272,-0.08311688311688312,False,191671.6125039229
2018-06-20,-0.00020198213932106718,1.3452158916852183e-06,0.0001738301556940497,2.9497199518702685e-05,97762.89580993101,0.48635729496321584,0.40200910191955463,-1.2154049353286776e-15,-1.1796119636642288e-15,3.400058012914542e-16,0.046913883564576445,-0.087012987012987,False,213902.3595743339
2018-06-21,-0.000197407092181437,-7.1430581956543214e-06,0.0001737431119890886,1.6520921996694074e-05,97743.59672094593,0.4859471586711198,0.4437413902588768,3.7589843376529817e-16,4.996003610813204e-16,7.077671781985373e-16,0.05961278210149761,0.03766233766233767,False,255554.99145704127
2018-06-22,-0.0001945557451322388,-1.4160513318021934e-06,0.0001749037462555513,1.823594754488533e-05,97724.58014265398,0.4896139554344855,0.43582842982090453,8.527891022896665e-15,7.868705687030797e-15,1.6341095143701523e-15,0.060346114791630885,-0.062337662337662345,False,244245.20660271152
2018-06-25,-0.000288538413822117,-6.102551185603796e-05,0.00017378062979637952,5.3732272169699504e-05,97696.38284730818,0.4859769930326872,0.6678769174195954,1.3418009654975307e-17,2.7755575615628914e-16,1.1796119636642288e-15,0.07375424022163052,0.04935064935064935,False,289605.9874659902
2018-06-26,-0.00029788489679868636,-9.499885200960116e-05,0.0001754390481828005,2.7446996606284736e-05,97667.28057038611,0.48919753466902216,0.6517407114443038,-1.376374155334233e-15,-1.2212453270876722e-15,3.0531133177191805e-16,0.07694284300206902,-0.1064935064935065,False,151300.54558466235
2018-06-27,-0.0006144509748841182,-0.00041514492435966373,0.00017252218567057891,2.6783864853875548e-05,97607.26881462535,0.4847868892477494,0.5360479788968945,-2.670091062032213e-16,-2.220446049250313e-16,1.4051260155412137e-16,0.07673731261463113,-0.05844155844155843,False,336554.29576567066
2018-06-28,-0.0002549669243098529,-5.8939363579079244e-05,0.00017399819173501087,2.2029368995762797e-05,97582.3821895054,0.4867316412423374,0.44227744868793945,8.556134527500138e-16,8.604228440844963e-16,1.8492152253912764e-15,0.06661204264486206,-0.04285714285714286,False,200379.03627707934
2018-06-29,-0.0002447684154067992,-5.035902981458724e-05,0.00017623360002969396,1.817578556251802e-05,97558.49710444525,0.4927211723716521,0.4629875651209776,4.121471175291316e-15,3.774758283725532e-15,1.4432899320127035e-15,0.05185471612181517,-0.02857142857142857,False,224051.84386817424
2018-07-02,-0.0002922893814739417,-6.309505805535499e-05,0.000172113664705042,5.708065871354467e-05,97529.98179166907,0.4840802198155729,0.5056651706893711,-8.589394372557929e-17,-1.249000902703301e-16,4.649058915617843e-16,0.055040419420556236,-0.0025974025974025974,False,375852.9594852309
2018-07-03,-3.157080998095849e-05,0.00016326392257264466,0.00017405397211431393,2.0780760439289223e-05,97526.90269114648,0.4884701598491071,0.332806047946882,-1.2791469107516005e-15,-1.1969591984239969e-15,3.0531133177191805e-16,0.06756779099253006,-0.04935064935064935,False,249892.40289076214
2018-07-05,-0.00023420028761865833,-3.27199886996645e-05,0.00017412637716993494,2.73539217490589e-05,97504.06186248566,0.4878381904643861,0.3496421416158168,-6.501188711625615e-16,-6.38378239159465e-16,6.401129626354418e-16,0.06727454370304453,-0.125974025974026,False,146464.17678918215
2018-07-06,-0.00026121174541253293,-7.472454178843646e-05,0.00017211834848919987,1.436885513489661e-05,97478.59265630176,0.4846509029633936,0.2829259202908449,-3.706937346979026e-15,-3.5110803153770576e-15,5.916491255253398e-16,0.024924466803200377,0.07272727272727272,False,497753.4093965976
2018-07-09,-0.0001392351041732778,7.17284737878409e-05,0.00017608230011704147,3.488127784407723e-05,97465.0202142986,0.49492788440605684,0.341329055768068,3.0768694857235443e-15,2.942091015256665e-15,1.0512424264419451e-15,0.06718452177188125,0.11168831168831168,False,313901.5072803632
2018-07-10,-9.754754632756345e-06,0.0001801961738153221,0.00017592370697815796,1.4027221469920475e-05,97464.06946694113,0.49318594734102134,0.612095013201574,-5.912361711770363e-15,-5.676015213396113e-15,1.2073675392798577e-15,0.08240807549921318,-0.03636363636363636,False,206109.8645368156
2018-07-11,-0.00015954941358969113,4.0985088564110955e-05,0.00017537991257017552,2.5154589583626576e-05,97448.51913181163,0.4921435347486876,0.35754007105084906,6.552265787263741e-15,6.25888230132432e-15,8.847089727481716e-16,0.041640423581360664,0.011688311688311687,False,356282.1688289918
2018-07-12,-0.00019140081681231772,8.223396505077942e-07,0.00017752972888539364,1.4693427577431882e-05,97429.86740565265,0.49711474623665053,0.4850894117902796,-2.9788655499951598e-15,-2.789435349370706e-15,5.412337245047638e-16,0.049679204934175276,-0.06493506493506493,False,223282.2340344046
2018-07-13,-0.00016035737741741183,3.461518079425722e-05,0.00017503737690521907,1.9935181306449968e-05,97414.24380763336,0.49129000902852,0.41408174864162006,-9.301844222897298e-15,-8.770761894538737e-15,2.6645352591003757e-15,0.04274228306489374,-0.11428571428571428,False,271139.51247990225
2018-07-16,-0.00040560228644578807,-0.00017726489650083613,0.00017728621545488798,5.105117449006391e-05,97374.7323676126,0.4953724944457273,0.3087725961493923,1.3279633104255334e-15,1.2420620087993939e-15,2.636779683484747e-16,0.05092373527449782,-0.0974025974025974,False,127588.92182953171
2018-07-17,-0.00043243144399141313,-0.0002455597732264778,0.00017418238599167267,1.2689284773262644e-05,97332.62447148659,0.48789525458211797,0.5662129840518411,-1.2541816158629227e-14,-1.1712852909795402e-14,3.559652572704408e-15,0.06476039542880571,0.14805194805194805,False,167927.12209493684
2018-07-18,-0.00028585574123003076,-8.669908309610724e-05,0.0001758876313920665,2.3269026741856996e-05,97304.80138197243,0.493215784914973,0.2878023242271829,8.19599233194187e-16,6.349087922075114e-16,9.575673587391975e-16,0.051431410178766956,0.025974025974025972,False,169295.26911341868
2018-07-19,-8.439265931627367e-05,0.00010249206883014659,0.00017505723536996072,1.1827492776459539e-05,97296.58957101956,0.48879480655363117,0.4667215802874988,-2.864771901456507e-15,-2.6645352591003757e-15,1.6410484082740595e-15,0.0837386861772717,0.024675324675324677,False,124445.77965193117
2018-07-20,-0.0001444197561038058,4.8031003920340345e-05,0.00017327042110822143,1.9180338915924726e-05,97282.53802128398,0.48387522286501605,0.10852915567765939,5.8751085734938425e-15,5.460909502374989e-15,7.840950111415168e-16,0.013231825548031829,-0.006493506493506493,False,116655.4254193234
2018-07-23,-0.00016465175136300256,2.425947418679875e-05,0.00017553091868543306,1.3380306864368243e-05,97266.52028102173,0.49471080405026535,0.41894231005560817,-3.6370247607680664e-16,-2.7755575615628914e-16,2.0296264668928643e-16,0.03591204462419548,-0.2662337662337662,False,551319.5993277563
2018-07-24,-0.0007778123183050058,-0.0005859647816431808,0.00017463072939926584,1.721680726255925e-05,97190.8651833885,0.4911930351892013,0.3879074512753754,2.6991461064222137e-15,2.581268532253489e-15,1.0139458717084437e-15,0.058379029561887334,0.16623376623376623,False,231996.72594375807
2018-07-25,1.1586699791258507e-05,0.00020477679377157589,0.00017724869187311028,1.5941402107207095e-05,97191.99130476582,0.4988706517458901,0.5555043407569175,-1.1821664959902236e-15,-1.1102230246251565e-15,6.114900252818245e-16,0.08641740826330935,0.08311688311688312,False,319865.37635004305
2018-07-26,0.0008836546816298163,0.0010801841597077987,0.00017370053256742413,2.28289455105583e-05,97277.87546289919,0.48791782157316843,0.6200441617455575,1.0678906401470245e-15,1.1934897514720433e-15,7.060324547225605e-16,0.07143314776280599,-0.10259740259740259,False,212952.3505194383
2018-07-27,-0.0006595124317825917,-0.00045871109068138405,0.00017532007418015735,2.5481266921050264e-05,97213.719494694,0.4933849539398214,0.3433819369173005,-2.0235452842612965e-16,-1.5959455978986625e-16,6.591949208711867e-17,0.03866413005880849,0.06753246753246753,False,244408.47051966068
2018-07-30,-9.229539857577211e-05,0.00012775194867203104,0.0001777125879018346,4.233475934596857e-05,97204.7471157062,0.49955267538827886,0.6786323361977233,-2.2383370470512897e-15,-2.1649348980190553e-15,1.0499413838349625e-15,0.07721570657701872,0.00909090909090909,False,246294.14317595528
2018-07-31,-0.00029289522230883415,-9.287402001307574e-05,0.0001721322021780437,2.7889000117714747e-05,97176.27630969026,0.48394716507022606,0.45934179796367597,-2.6763509890957876e-16,-2.7755575615628914e-16,5.377642775528102e-17,0.08923535958699051,-0.032467532467532464,False,207819.25358821667
2018-08-01,2.620440504863572e-05,0.00021908554850963414,0.00017400408327071035,1.8877060190288066e-05,97178.8227561958,0.48968494477232205,0.2649806301074384,4.3571151491713555e-18,1.3877787807814457e-17,2.0816681711721685e-17,0.053538078621366274,-0.062337662337662345,False,320017.8759723242
2018-08-02,-7.368186602465172e-05,0.0001120553435783982,0.0001748475946671278,1.0889614935922124e-05,97171.66243919705,0.4913701494699396,0.40285614332972414,3.5181921794791316e-16,3.5388358909926865e-16,1.214306433183765e-16,0.06341244405248102,-0.006493506493506493,False,283857.8856576837
2018-08-03,-0.00012008473981082097,7.405852141964166e-05,0.00017758752931280275,1.655573191765988e-05,97159.99360539606,0.49733686240924924,0.3172487311790094,2.9945307954649146e-16,2.7755575615628914e-16,2.3592239273284576e-16,0.06654812408588728,0.015584415584415586,False,149556.3341583571
2018-08-06,-0.00016226835448454222,5.412088612641765e-05,0.0001772763833423149,3.911285726864497e-05,97144.22761311199,0.49734708805466693,0.3056626495777953,8.803804467324955e-17,6.938893903907228e-18,3.1159970437233397e-16,0.06057705555025228,0.01038961038961039,False,161937.5807693014
2018-08-07,-0.0002407755254270754,-5.099413595635366e-05,0.00017721991072094934,1.2561478749772406e-05,97120.83766066624,0.4971501727395617,0.3387944248336131,5.434405396057656e-16,4.787836793695988e-16,1.3877787807814457e-16,0.03092044725743466,0.087012987012987,False,173554.24048658882
2018-08-08,-0.00017665153543366353,1.3874345751503784e-05,0.0001766028226303613,1.3923058554805997e-05,97103.68111557087,0.49295591370921715,0.323148844648315,9.67309829105835e-16,9.298117831235686e-16,5.551115123125783e-16,0.07469935929457748,0.031168831168831172,False,115182.09767448118
2018-08-09,-9.585424861005868e-05,6.569663486166484e-05,0.00014827079396562842,1.32800895060951e-05,97094.37331518027,0.41551727005780437,0.5884259965370332,1.4953922632697697e-15,1.5265566588595902e-15,1.304512053934559e-15,0.09951678337017386,-0.02857142857142857,False,178826.56816199308
2018-08-10,-0.00033270866059214807,-0.00013233613362172324,0.00017619063670177974,2.4181890268645138e-05,97062.06917628355,0.4948519317273484,0.30014178427720123,-4.7643810961507904e-15,-4.250072516143177e-15,1.6948248360293405e-15,0.036834703292146415,-0.04481974903484786,False,184405.16153126844
2018-08-13,-0.00024315408018377768,-3.087152178551436e-05,0.00017527877677504613,3.700378162321717e-05,97038.46813813224,0.49368564115104857,0.47113249194190737,-3.49445819821876e-14,-3.2862601528904634e-14,5.842548667089886e-15,0.08855097327138987,0.006493506493506493,False,220646.5593340455
2018-08-14,-0.0003484788620633738,-0.00015373172851979654,0.00017538552428568923,1.936160925788804e-05,97004.6522831791,0.4940739717742245,0.2532943683287125,2.9878192445996794e-15,2.615963001773025e-15,2.3913163116340286e-15,0.04460258069493933,-0.00909090909090909,False,256300.4130534236
2018-08-15,-0.0002446200516231817,-5.981262220201339e-05,0.00017439807181861863,1.0409357602549707e-05,96980.9230001299,0.4907781840605181,0.6170021230601523,-1.6806443351423228e-17,0.0,2.949029909160572e-17,0.07042731124614751,-0.05714285714285714,False,366088.7850863579
2018-08-16,-0.00019453020969014366,2.794434251351104e-06,0.00017196839230888578,2.5356251632609e-05,96962.05728084274,0.48266245466321683,0.34198794903137514,1.202606630024411e-17,2.0816681711721685e-17,2.862293735361732e-17,0.04916746073162175,-0.07272727272727272,False,184942.1231743673
2018-08-17,-0.0002614777476992213,-7.190096546936849e-05,0.00017552248295459082,1.4054299275261988e-05,96936.70386049266,0.4924571019387499,0.4791126623271645,-3.45565443584732e-16,-3.191891195797325e-16,7.632783294297951e-17,0.05644269181878475,-0.04155844155844156,False,203204.73927907893
2018-08-20,-0.0002223973320333496,1.0220550016865917e-05,0.00017354919765371574,5.906868439649977e-05,96915.14539617799,0.4882188474584672,0.4547903647569415,7.9668544726551195e-16,8.604228440844963e-16,5.776629175002768e-16,0.08032520004958932,-0.0935064935064935,False,260897.73879078252
2018-08-21,-0.00025884810710117114,-6.459007308345632e-05,0.00017556801902770356,1.8690014990011262e-05,96890.05909424275,0.4942254014976714,0.37431697082518506,2.5853571632444583e-15,2.4424906541753444e-15,1.330532906074211e-15,0.09104844183749412,-0.07402597402597402,False,330432.9760531621
2018-08-22,-0.0003778529826827137,-0.0001892332270710381,0.00017323686639968185,1.5382889211993805e-05,96853.44889642169,0.48753720050516947,0.4274052457527394,6.864357056932187e-15,6.9111383282915995e-15,2.5292268279741847e-15,0.04201610313399566,0.016883116883116882,False,347218.503294982
2018-08-23,-0.00014396155966984306,3.0807015213880975e-05,0.0001572039757432008,1.7564599140523252e-05,96839.50572285915,0.4422158679964342,0.45877618001950826,1.5923676932750578e-16,1.6653345369377348e-16,4.5102810375396984e-17,0.0988098914666015,-0.08051948051948052,False,217314.50185642418
2018-08-24,-0.0002697627745253188,-7.724940550041574e-05,0.000173659553407663,1.8853815617240058e-05,96813.38202911169,0.48690488556761463,0.19327583200042114,7.13752042902589e-17,1.1102230246251565e-16,3.8163916471489756e-16,0.02250612568508413,-0.06883116883116883,False,246558.27218918214
2018-08-27,-0.00017203771929259233,2.50975410570009e-05,0.0001733067331166646,2.3828527232928627e-05,96796.7264756704,0.48463817950071575,0.3369064837984725,6.603855481453638e-16,3.608224830031759e-16,1.1553258350005535e-15,0.0951101172619829,-0.044155844155844164,False,97729.36645174756
2018-08-28,-0.00016875786877409356,1.5188765664226214e-05,0.00017010116250139627,1.3845471936923501e-05,96780.39126640605,0.47942167986437867,0.5569479176945835,-5.3122396167360515e-16,-5.273559366969494e-16,2.3765711620882257e-16,0.0692419654221291,0.062337662337662345,False,357550.60181493097
2018-08-29,-0.00025838542702807824,-5.997274484303746e-05,0.0001755244115948524,2.2888270590188384e-05,96755.38462368073,0.4948251944654018,0.42669993981567117,1.4780461558496092e-15,1.5265566588595902e-15,2.983724378680108e-16,0.06602892314700913,-0.07532467532467534,False,268680.1067987989
2018-08-30,-0.00025978714123335263,-6.580994611013046e-05,0.00017644158115819465,1.753561396502752e-05,96730.24881891042,0.49634339450721005,0.5359055349128037,1.3112207944867447e-15,1.27675647831893e-15,2.0469737016526324e-16,0.07356037605731894,0.09220779220779221,False,245757.25421683845
2018-08-31,-3.76321742553875e-05,0.000158845297581591,0.00017445395670357566,2.202351513340284e-05,96726.6086493311,0.49094551414577386,0.4324890952524213,2.3264405798261373e-15,1.9220736113823023e-15,2.1788126858268697e-15,0.09344889787492665,-0.04675324675324675,False,270647.72908735584
2018-09-04,-0.00019773065978162478,5.122906007229348e-05,0.00017786562200420558,7.109409784971269e-05,96707.48283318443,0.498558232977027,0.38699497438824626,-2.841159902040548e-17,5.551115123125783e-17,4.163336342344337e-17,0.056386922285071917,0.044155844155844164,False,114368.902706729
2018-09-05,0.0001349101144992988,0.00032763350305809765,0.00017681948550174765,1.5903903057051213e-05,96720.5296507664,0.4971708336640061,0.6863931129074862,-5.274872710529961e-16,-5.551115123125783e-16,3.191891195797325e-16,0.08939520065883154,-0.02077922077922078,False,195517.5384084982
2018-09-06,-0.00015042315449159208,4.9782765426670606e-05,0.00017199798377137967,2.8207936146883007e-05,96705.98064359224,0.4845816304918875,0.4074134078512001,2.3733379262917633e-15,2.2551405187698492e-15,5.793976409762536e-16,0.06467909278506295,0.06623376623376624,False,280446.6906206948
2018-09-07,-5.542865830235784e-05,0.00013872788264508005,0.00017741352418642977,1.6743016761008124e-05,96700.62036083535,0.4961992779431009,0.4376244623472638,-4.4359673913152156e-15,-4.538036613155327e-15,9.194034422677078e-16,0.05069639494161411,-0.011688311688311687,False,99216.60515089465
2018-09-10,-0.0002076813080356191,2.202608202577701e-05,0.00017575368922406165,5.395370083733445e-05,96680.53744951096,0.4952989541687806,0.46387549847248727,8.5585105704838e-16,8.881784197001252e-16,2.220446049250313e-16,0.07838678830518658,0.05454545454545454,False,282512.9424830527
2018-09-11,-0.00012187303227967828,6.873577927133137e-05,0.00017154543490145542,1.906337664955423e-05,96668.75469924955,0.48152825708011265,0.24645627049371802,-4.514596879428349e-15,-4.425279587216835e-15,8.257283745649602e-16,0.03919939687638539,0.05064935064935065,False,127943.68732269359
2018-09-12,-0.00023273920782073462,-4.9868385299218384e-05,0.00017274248263821258,1.0128339883303666e-05,96646.25608985983,0.48668131106549406,0.2692506410171942,-5.930454328843573e-15,-6.005612673831706e-15,1.3183898417423734e-15,0.055416805258650316,-0.04935064935064935,False,241711.57344991362
2018-09-13,-0.00010202641241054673,8.186221147141939e-05,0.00017282352904564283,1.1065094836323292e-05,96636.39561907807,0.4863109055029067,0.2877924212662644,9.200703765862477e-15,9.034439862887211e-15,1.887379141862766e-15,0.03764116410727885,0.06363636363636363,False,252846.89896820352
2018-09-14,-6.805806568876564e-05,9.997615630602934e-05,0.00015620713618933244,1.1827085805462545e-05,96629.8187329171,0.4405928304442693,0.5360347467701588,-1.9554555723655608e-16,-1.942890293094024e-16,6.591949208711867e-17,0.0987700354338804,-0.0974025974025974,False,389082.54090707726
2018-09-17,-0.0005532186541306929,-0.0003119223081283306,0.00017520987037316466,6.608647562919767e-05,96576.36131464879,0.49273100270129894,0.23787926813673801,-3.1543393234708707e-17,1.249000902703301e-16,5.101171221544298e-16,0.035385531142208604,-0.014285714285714285,False,154115.9053709852
2018-09-18,-0.00014978256405153792,4.92768705169122e-06,0.00014493439076884265,9.775860334386496e-06,96561.89585962432,0.40901631219713946,0.49180760589117045,-4.615181634186678e-15,-4.6074255521944e-15,1.5092094240998222e-15,0.0987269814617321,-0.03896103896103896,False,395182.51301605965
2018-09-19,-0.00042686016338825674,-0.00023311553457962424,0.00017353335733365268,2.02112714749798e-05,96520.6774329806,0.4880475872204407,0.393236380385218,-4.601385579735697e-15,-4.718447854656915e-15,1.609823385706477e-15,0.045813066821664486,-0.07272727272727272,False,174987.7599026867
2018-09-20,-0.00035375164806535737,-0.00016395915856895843,0.0001736320903024857,1.6160399193913258e-05,96486.5330842663,0.4890919144508196,0.5912296645140506,4.153096873901606e-15,4.107825191113079e-15,7.771561172376096e-16,0.0477374014412885,-0.0038961038961038965,False,265374.63398764224
2018-09-21,-0.00038121260655454874,-0.00018069925043289785,0.0001762162466210737,2.429710950057725e-05,96449.75120149183,0.4963668544267674,0.6422806381387378,-5.691777124347987e-15,-5.467848396278896e-15,1.817990202823694e-15,0.07698300583910539,0.07142857142857142,False,284855.1017712016
2018-09-24,9.266079132501612e-05,0.00034395029632967855,0.00017210422085057079,7.918528415409165e-05,96458.68831176126,0.4837188426745737,0.41098003721086435,1.4789300797810879e-15,1.4710455076283324e-15,4.3021142204224816e-16,0.06429941362794292,-0.024675324675324677,False,200057.16113882957
2018-09-25,-0.00010202468862674602,8.799897918848809e-05,0.00017313407724492468,1.6889590570309432e-05,96448.84714412091,0.48671157672542603,0.17568022780012513,1.077164286899053e-15,1.0685896612017132e-15,2.8796409701215e-16,0.020080873675601258,0.05714285714285714,False,203580.37685086316
2018-09-26,-0.0001580684229558747,2.228624578368777e-05,0.00017313493335051629,7.2197353890461955e-06,96433.60162695694,0.48725429027209954,0.5256141900655905,4.592212996122696e-15,4.829470157119431e-15,1.096345236817342e-15,0.06582986702518512,0.06363636363636363,False,260379.89879268562
2018-09-27,-0.00011603667257547323,7.531674423053727e-05,0.00016975283365263026,2.1600583153380246e-05,96422.41179269968,0.47873068267457347,0.2201027132410415,1.7857672830891511e-16,1.8041124150158794e-16,4.85722573273506e-17,0.01870978525222106,0.09090909090909091,False,368561.85876839526
2018-09-28,-9.16383939116134e-05,8.89283023833569e-05,0.00017152137931246176,9.045316982508547e-06,96413.57579774591,0.4836131935300164,0.47741881297190814,-4.324810500078712e-16,-4.718447854656915e-16,1.2836953722228372e-16,0.05139336324145123,-0.06753246753246753,False,377931.79434351146
2018-10-01,-0.0005741393831961572,-0.0003385556895624158,0.00017672383997967053,5.8859853654070914e-05,96358.22096680566,0.4983844373770434,0.3718782179879021,-2.993280451036749e-16,-2.7755575615628914e-16,1.3183898417423734e-16,0.061710744003598036,0.13246753246753248,False,255200.11001337666
2018-10-02,-0.00028652422372545106,-9.575534358315784e-05,0.00017548621364963968,1.5282666492653528e-05,96330.61200234358,0.49402619090819605,0.2811652331594793,1.0020986100523051e-15,1.0547118733938987e-15,3.5084782301630923e-16,0.06662483529661394,0.13896103896103898,False,164897.24165702643
2018-10-03,-2.7030491683461405e-05,8.564910900387134e-05,0.00010112486507803911,1.1554735609293632e-05,96328.00813853698,0.28543246112409626,0.484071953734381,1.4808079750209642e-18,-2.7755575615628914e-17,2.2551405187698492e-17,0.0993393982084669,-0.07532467532467534,False,262101.69148260297
2018-10-04,-0.0004897415730787012,-0.0002969171549829404,0.0001729310501340739,1.989336796168689e-05,96280.83230829968,0.487556991457744,0.2077879899360784,1.035958945225051e-15,9.71445146547012e-16,3.3306690738754696e-16,0.03338511064023727,0.0987012987012987,False,257393.38859886036
2018-10-05,-0.00014760856303520074,3.526811025381917e-05,0.00017433744082589344,8.539232463126464e-06,96266.62043299482,0.4917844827743399,0.42705602564300593,-1.4971390267892583e-15,-1.4710455076283324e-15,4.145989107584569e-16,0.09868363315293521,0.01818181818181818,False,415101.1340921838
2018-10-08,-0.0004280924452620665,-0.0001999493802263523,0.00017549232214822015,5.265074288749406e-05,96225.40942005655,0.49408905906455436,0.4739510696695306,7.591188547137074e-15,7.771561172376096e-15,1.5959455978986625e-15,0.07797096907220484,-0.007792207792207793,False,175188.7397025861
2018-10-09,-0.00019953634583569618,-3.7158979452124066e-06,0.0001763430066711883,1.9477441219295464e-05,96206.20895348433,0.4974137147365593,0.3733554380989263,-1.3017508466185297e-16,-1.1102230246251565e-16,9.374589166634001e-17,0.09090269641937822,-0.1155844155844156,False,347791.5854571411
2018-10-10,-0.0002829689682051239,-9.409974711405008e-05,0.00017352584692262483,1.5343374168449027e-05,96178.98558180183,0.4866238171163456,0.5553057424483444,7.315780283193535e-16,8.326672684688674e-16,1.9081958235744878e-16,0.08274941209309031,0.0025974025974025974,False,173034.94291097342
2018-10-11,-5.8975307712049956e-05,0.0001339856838616781,0.00017014020763749476,2.2820783936233303e-05,96173.31339653171,0.47899927473849563,0.4161390796318226,1.4251974782519657e-15,1.4155343563970746e-15,4.926614671774132e-16,0.04483895598592696,0.06623376623376624,False,420857.7716745641
2018-10-12,-0.0002166414536570811,-2.1977884187090033e-05,0.00017756196345772442,1.7101606012266625e-05,96152.47827011447,0.4985691887821382,0.2190672539248478,1.1445395693788165e-15,1.1275702593849246e-15,2.463307335887066e-16,0.0216566689217029,-0.0012987012987012987,False,210042.16615130287
2018-10-15,-0.00015581844597546286,4.6672945819763265e-05,0.0001754831002154505,2.7008291579775617e-05,96137.49594037373,0.4912795727703846,0.5127030585732005,-3.616520233595009e-15,-3.3861802251067274e-15,2.6853519408120974e-15,0.05909134445150999,-0.03896103896103896,False,214469.39289887695
2018-10-16,-0.00021686529992880955,-2.6126443884882224e-05,0.0001696688673354395,2.106998870848784e-05,96116.64705348221,0.47655918079190795,0.22657368763510546,1.6488116556172612e-16,1.3877787807814457e-16,1.353908664701204e-16,0.031533665581970925,0.005194805194805195,False,281454.24645068723
2018-10-17,-0.00022746346991129536,-4.212865464236444e-05,0.0001760235678318718,9.311247437059121e-06,96094.78402742719,0.49345834509754605,0.39520301880106523,2.2364041080515256e-16,2.220446049250313e-16,9.71445146547012e-17,0.08157793038607024,0.0974025974025974,False,267563.8451299566
2018-10-18,-1.897885205264229e-05,0.00017343485814027892,0.0001761724902421925,1.62412199507287e-05,96092.96025873811,0.49317814424984024,0.4188320850540365,-7.142705175385198e-16,-6.661338147750939e-16,4.85722573273506e-16,0.0652397790657763,-0.032467532467532464,False,257284.97522895428
2018-10-19,-0.00014249861071574449,4.71719657166809e-05,0.00017245829896445124,1.7212277467974135e-05,96079.26714540168,0.4831432143653138,0.3506290947311252,2.2705465765915722e-15,2.1788126858268697e-15,4.371503159461554e-16,0.04706943044686446,0.0,False,265390.82188382745
2018-10-22,-0.00015115827047223953,6.843924389483326e-05,0.00017636926981118092,4.322824455589187e-05,96064.74396955175,0.4949308014781565,0.5239472539328696,2.4816442011426586e-15,2.581268532253489e-15,9.26342336171615e-16,0.09197180044655705,-0.05064935064935065,False,354784.2466257548
2018-10-23,-0.00033713180851435796,-0.00013697109921722702,0.00017862863036838294,2.1532078928747957e-05,96032.35748868283,0.49972172651744046,0.3426873402022674,-6.534891016515948e-16,-6.38378239159465e-16,1.9081958235744878e-16,0.028575802496873276,0.14285714285714285,False,241726.02504597785
2018-10-24,-0.0002702820461546839,-7.726501147300404e-05,0.0001789339933035045,1.4083041378175397e-05,96006.40166660374,0.4991308837561429,0.35091030223229425,-1.5282817108915089e-16,-1.6653345369377348e-16,1.0711917464156784e-16,0.05353825835375472,0.11298701298701298,False,148728.87071990423
2018-10-25,7.80645537215564e-05,0.0002686141386908838,0.00017612861364471255,1.4420971324614837e-05,96013.89636350425,0.4936208950617292,0.6961852663912081,3.2933112679162322e-15,3.2751579226442118e-15,1.7763568394002505e-15,0.088106693446207,0.044155844155844164,False,309511.39025241695
2018-10-26,-0.00021029142745182817,-8.216553381297626e-06,0.00017346452065719338,2.8610353413337182e-05,95993.70546418274,0.48481987201083404,0.3019883816285889,-9.697588972090523e-15,-9.353628982466944e-15,2.6836172173361206e-15,0.028076079737251985,-0.02857142857142857,False,177624.42120526772
2018-10-29,-0.00035139067587779826,-0.0001394537449061867,0.00017470548666123642,3.723144431037516e-05,95959.97417113968,0.4901822994514755,0.32869741967714633,8.565909267800102e-16,7.598088824778415e-16,2.463849436973309e-16,0.04638940664862992,-0.07012987012987014,False,284164.96736995626
2018-10-30,-0.0002459374349739183,-5.838727623499078e-05,0.0001740420456015106,1.3508113137416934e-05,95936.37402123187,0.48812421724325933,0.37013376569422757,-5.576640211715669e-15,-5.551115123125783e-15,1.0720591081536668e-15,0.0485980667885232,0.10909090909090909,False,454868.85459200473
2018-10-31,-0.0001331139468303787,5.9507348710198105e-05,0.00017741031886821105,1.5210976672365748e-05,95923.60355184131,0.4979255324226488,0.5478441285805877,-8.758497368356408e-15,-8.444633881055097e-15,1.9220736113823023e-15,0.08225591244828827,0.011688311688311687,False,361622.9457112189
2018-11-01,2.7515507752869653e-06,0.00020269052694576203,0.0001774248339000396,2.2514142270435472e-05,95923.86749050702,0.49668879558829065,0.49176897944602826,5.4276358839766837e-17,-4.163336342344337e-17,1.8735013540549517e-16,0.07330538012771805,0.13636363636363635,False,280702.1496550605
2018-11-02,9.887300811862334e-05,0.0002933709545261874,0.00017428826232074098,2.020968408682308e-05,95933.35177183618,0.48606965198843843,0.36699616048846656,-1.5745794175240877e-16,-3.885780586188048e-16,3.0878077872387166e-16,0.04881327552793299,0.06753246753246753,False,193961.1301301737
2018-11-05,-0.00010889723622796948,0.0001112869103150445,0.00017493804456498384,4.5246101978030146e-05,95922.90489496614,0.4873049331038426,0.34225043809020267,5.321317993297602e-15,5.592748486549226e-15,1.3357370765021415e-15,0.04454618764829399,0.12337662337662336,False,178851.03655731713
2018-11-06,-7.798602399108812e-05,0.00011074967161509186,0.00017467060910932256,1.4065086496857425e-05,95915.4242490037,0.48985830905222527,0.2821269164394715,1.324941576891926e-15,1.2906342661267445e-15,2.6020852139652106e-16,0.0372142266210988,0.015584415584415586,False,455941.2023635363
2018-11-07,-0.00021949093355520788,-3.214345299425182e-05,0.00017575322372097784,1.1594256839978228e-05,95894.37168299295,0.48728771300020207,0.4745292857981175,-3.500748883897665e-15,-3.3861802251067274e-15,1.0807327255335508e-15,0.07039451683421377,-0.022077922077922082,False,144054.04165352407
2018-11-08,-0.00024686908686576706,-4.829791217737097e-05,0.00017906997116244592,1.9501203525950174e-05,95870.69832702,0.49874338934172746,0.40482533100699036,3.660155572303214e-15,3.9968028886505635e-15,9.506284648352903e-16,0.07845460038653358,-0.015584415584415586,False,183213.67632171823
2018-11-09,-0.00036955389204064963,-0.0001758801944504946,0.00017703704015151176,1.6636657438643288e-05,95835.2689373206,0.4963875401170298,0.44091021102549116,-1.9588912922156438e-14,-1.930400284066991e-14,4.198030811863873e-15,0.05563614442057268,-0.08181818181818182,False,481858.49765895464
2018-11-12,-0.00016472934644557043,6.482677814919453e-05,0.00017519733145463353,5.435879314013144e-05,95819.4820561021,0.49065483820159783,0.5394012698035721,4.105089760461244e-16,4.440892098500626e-16,1.8041124150158794e-16,0.06669565981996398,0.05584415584415584,False,372790.9038358427
2018-11-13,-0.00032037494671399453,-0.00012141624792836034,0.00017679152331425454,2.2167175471379658e-05,95788.78389464422,0.4945502272320771,0.3867899639254655,-1.0575136763154358e-15,-1.1102230246251565e-15,4.649058915617843e-16,0.07675430501512383,0.08051948051948052,False,289708.38867191516
2018-11-14,-0.0002969519049586241,-0.00010567211561426901,0.00017538431137481534,1.5895477969539723e-05,95760.33923279303,0.49154776985485993,0.35105457890545677,-3.537826530849049e-16,-3.0531133177191805e-16,7.45931094670027e-17,0.05940469820879474,-0.04025974025974026,False,282951.2390835447
2018-11-15,-0.0002337268346154709,-4.255447834997107e-05,0.00017674545576253583,1.4426900502963989e-05,95737.95747182246,0.4936834712638606,0.478039030309634,1.7125540954965539e-15,1.6930901125533637e-15,4.787836793695988e-16,0.052741891095668327,-0.0038961038961038965,False,154072.01052029888
2018-11-16,-0.0002735645041769072,-7.958837021201812e-05,0.00017433069436312336,1.964543960176571e-05,95711.76696495576,0.48837939171166905,0.3890979107176546,6.540556028390624e-15,6.7307270867900115e-15,2.8536201179818477e-15,0.032939901759127296,0.04675324675324675,False,206830.79137378355
2018-11-19,-0.00025883214578108774,-3.402598657603405e-05,0.00017683518391109707,4.797097529395661e-05,95686.99368293573,0.494439965721794,0.3098554791626249,-1.3213693840904598e-14,-1.2705114738054135e-14,3.712308238590367e-15,0.06210817042435578,0.00909090909090909,False,238993.7738605259
2018-11-20,-1.157464527379521e-05,0.00017734233854390383,0.0001761831970027961,1.2733786814902936e-05,95685.88613992653,0.49280422397731755,0.4626259726029554,1.8605056849369252e-16,2.0816681711721685e-16,6.591949208711867e-17,0.06814296894722578,0.06883116883116883,False,243607.99887753022
2018-11-21,-1.257537297063493e-05,0.00018387595334073276,0.00017743930004001336,1.9012026271354324e-05,95684.6828542203,0.49788622914490405,0.2797683613727105,6.260862392133009e-16,7.494005416219807e-16,1.7176472917601604e-16,0.031460912468527245,-0.0987012987012987,False,449374.0443921743
2018-11-23,-0.000309083919519091,-0.00011344164156975648,0.00017264761811048164,2.299465983885286e-05,95655.10825740578,0.483446144061206,0.510527494264843,1.5421538200060953e-14,1.554312234475219e-14,3.8181263706249524e-15,0.056268128620256624,0.01038961038961039,False,350206.5254943609
2018-11-26,-0.0002641981572309683,-3.248063333097964e-05,0.00016877577803172227,6.294174586826642e-05,95629.83635407445,0.47306926446896536,0.540886818464633,6.551786018238947e-15,6.675215935558754e-15,1.0824674490095276e-15,0.09914734094907302,0.187012987012987,False,371449.64171179006
2018-11-27,0.00014307641008007895,0.00033825974423556455,0.0001729551087391311,2.2228225416354512e-05,95643.51872775653,0.4844950999816004,0.4458631823571624,-2.8677031171149143e-15,-3.3306690738754696e-15,1.2177758801357186e-15,0.05661924227938859,-0.03766233766233767,False,400606.04681015015
2018-11-28,-0.00019848768766306696,-9.159271261281483e-06,0.00017100527192135404,1.8323144480431448e-05,95624.5346668843,0.47819049626582794,0.32439912094716017,-3.3556833362989375e-15,-3.247402347028583e-15,6.591949208711867e-16,0.035373139999038426,-0.15064935064935067,False,317887.35195492115
2018-11-29,-0.0002840961910834021,-9.58479594904302e-05,0.00017491676086911582,1.3331470723856036e-05,95597.36810081132,0.4873124688525407,0.2991219729471151,-3.610643669662559e-16,-3.8510861166685117e-16,8.218252467440124e-17,0.040543384648737066,0.02727272727272727,False,261233.78084931397
2018-11-30,-0.0003115761750345894,-0.00012252985903005842,0.0001767536321847865,1.229268381974447e-05,95567.5822385151,0.49382702571963105,0.3194423771950159,-8.215560678286128e-15,-8.3995310706797e-15,2.243864816176e-15,0.06946119443720591,-0.02857142857142857,False,275689.97831574077
2018-12-03,-0.0007104739016881358,-0.0004962467050547727,0.00017484388985589442,3.938330677746873e-05,95499.6839654872,0.4875873079947625,0.3387669122921746,-5.343308557149178e-15,-5.037636974236648e-15,2.903927098785175e-15,0.05481556809621089,-0.024675324675324677,False,285100.8297977284
2018-12-04,-0.00015599035176930127,3.337567813131106e-05,0.00017544410199819396,1.3921927902418352e-05,95484.78693619157,0.4892411660532011,0.24121753019805556,9.845571559349771e-15,1.0019762797242038e-14,1.7893672654700765e-15,0.041306182265081655,0.03506493506493507,False,346664.6091897819
2018-12-06,-0.0002021579749063946,-7.008031666016868e-06,0.00017532384486793564,1.9826098372442116e-05,95465.48392503017,0.49101456620922296,0.4005056564409583,1.914716575084184e-15,1.9845236565174673e-15,4.787836793695988e-16,0.05034198204169907,0.029870129870129873,False,441408.538050909
2018-12-07,-0.00013396981465114722,6.055303223920616e-05,0.00017806371032428667,1.6459136566066696e-05,95452.69443184315,0.49697330074121354,0.4917905426234316,-3.3972242825215415e-15,-2.6402491304367004e-15,2.6038199374411874e-15,0.06553688951146547,-0.04806755693592379,False,288618.6051622163
2018-12-10,-0.00034628505330052507,-0.00011181671101450158,0.00017383663155162742,6.063171073439608e-05,95419.64059046414,0.4865755129145997,0.29360160305708166,1.6093539487571316e-15,1.6618650899857812e-15,7.997075224253081e-16,0.03426692087818182,0.05324675324675325,False,262246.88625842973
2018-12-11,-0.00017022362607865834,1.924559499096512e-05,0.00017740340176590784,1.2065819303715617e-05,95403.39791324371,0.49594148560130263,0.4246852883819587,6.6421166672438775e-15,6.772360450213455e-15,1.3235940121703038e-15,0.07269762634120569,0.1064935064935065,False,418386.7534054956
2018-12-12,3.397941227512489e-05,0.00022649563342532956,0.00017506340107971348,1.7452820070491184e-05,95406.63966463385,0.48865358692287975,0.5285301330163955,-3.2049539296660754e-15,-3.308117668687771e-15,1.1861171766991419e-15,0.06457016365648909,-0.0025974025974025974,False,250360.04732164703
2018-12-13,-0.0001581742990266956,4.187956475012704e-05,0.0001783334473514912,2.1720416425331452e-05,95391.54878628241,0.499812930091097,0.29595495683719253,6.445546057114854e-15,6.696032617270475e-15,1.8006429680639258e-15,0.054079432595700444,0.09090909090909091,False,316320.62702112005
2018-12-14,-0.0002091762353882762,-2.2114525680952187e-05,0.00017489917723456292,1.2162532472761074e-05,95371.59514121944,0.4884369234403839,0.35999740844845407,-3.570653406173453e-15,-3.7192471324942744e-15,1.6974269212433057e-15,0.04526832406220174,-0.12337662337662336,False,351679.8550400437
2018-12-17,-0.00038061486026268513,-0.00016325858046887533,0.00017297303765632872,4.438324213748107e-05,95335.29529486175,0.48387345176028745,0.3615118420756989,5.686953461492902e-15,5.904998712225051e-15,1.1171619185290638e-15,0.04142750550501208,-0.11298701298701298,False,436996.67540701077
2018-12-18,-0.0002295806361395198,-3.8975574923345183e-05,0.00017574841017196804,1.485665104420657e-05,95313.4081571214,0.4908411788886707,0.5666365612979722,3.458533711452819e-15,3.566591466608315e-15,1.1483869410966463e-15,0.09113366403331472,-0.20519480519480518,False,258014.13601466938
2018-12-19,-0.00039805252843394735,-0.0001980996458844332,0.00017666644852357027,2.328643402594392e-05,95275.4684140108,0.49157846117386944,0.41203286053820504,3.135109048302549e-15,3.00454106039183e-15,5.898059818321144e-16,0.03919176654962811,0.08831168831168833,False,164661.61510483545
2018-12-20,-0.00011736438891620895,7.571673780411989e-05,0.000176148269437937,1.6932857282391858e-05,95264.28646688169,0.49361724536746,0.4563695966697408,-2.3403284431967774e-16,-3.885780586188048e-16,2.5847379792054426e-16,0.07567237952686834,0.13636363636363635,False,511276.3812540304
2018-12-21,-0.0002493915834680751,-5.5913545068549864e-05,0.00017472312346789203,1.8754914931633196e-05,95240.52835563176,0.48913559044141264,0.4902751401398026,4.751266863055199e-15,4.593547764386585e-15,2.645453300864631e-15,0.08290240079140561,0.06623376623376624,False,364816.448605675
2018-12-24,-5.217422424050075e-05,0.00018003735876070858,0.0001717667027100014,6.044488029120795e-05,95235.55925494854,0.48058955733654773,0.22773992784845995,-1.201848711951319e-14,-1.1910611386056758e-14,2.291569711765362e-15,0.03294047672026944,0.22987012987012984,False,310483.98113872425
2018-12-26,-9.4873027994813e-05,0.00010159623158371745,0.00017775090934440946,1.871835023412098e-05,95226.52396906925,0.49582288576106176,0.4778927817544628,3.4537250531072483e-14,3.4888758548845544e-14,6.549448483550435e-15,0.0759951932222814,0.05454545454545454,False,333037.95389887516
2018-12-27,-8.275275258036077e-05,0.00011652481274775157,0.00017963813594094405,1.9639429387168287e-05,95218.64371209215,0.4999982214999723,0.4885977680432692,-3.566452014415931e-15,-3.747002708109903e-15,1.3739009929736312e-15,0.07039407891856628,-0.0961038961038961,False,409612.60545882315
2018-12-28,-0.000271280618978,-7.343011890878484e-05,0.0001777711397386697,2.0079360330545453e-05,95192.8127394877,0.4974111219978845,0.2825066174216842,-3.1630649840856937e-15,-2.9073965457371287e-15,7.719519468096792e-16,0.041899571185357476,0.10909090909090909,False,967036.8330935898
2018-12-31,-0.00018052535353521267,3.23391144586484e-05,0.000178034885024064,3.482958296979707e-05,95175.62802331388,0.4953973710654882,0.3342938784303837,-5.146886459372859e-15,-5.162537064506978e-15,1.0200174038743626e-15,0.0500972813640936,-0.08961038961038961,False,348892.72447219625
2019-01-02,-0.00024634894225594945,-4.1906386921922895e-05,0.00017696634614796722,2.747620918605936e-05,95152.1816080218,0.49026612746449605,0.3242350375212903,6.29301046840425e-15,6.13398221105399e-15,1.4090291433621616e-15,0.06027126135778575,-0.05844155844155843,False,236592.5281441612
2019-01-03,-0.0004423849178410574,-0.0002491459064309102,0.00017991428384077937,1.3324727569367836e-05,95110.08771797873,0.49986837980427135,0.30114514831145905,-1.3663950886175234e-15,-1.3322676295501878e-15,6.487865800153259e-16,0.06541233899274015,0.007792207792207793,False,224233.83621629112
2019-01-04,-0.000219729370179819,-3.221642769264527e-05,0.00017513711447437398,1.2375828012799743e-05,95089.18923830672,0.4897627856164295,0.3148301226105815,-2.289236349681342e-16,-3.191891195797325e-16,3.369700352084948e-16,0.06694133820682494,-0.032467532467532464,False,409032.92128661537
2019-01-07,-0.00021830511018710582,-8.004730756723363e-05,9.944312996925253e-05,3.8814672650619664e-05,95068.43078237245,0.2787971073731017,0.5735646689694326,-1.8606850423019304e-15,-2.1371793224034263e-15,7.979727989493313e-16,0.09937858833540254,-0.059740259740259746,False,759606.925007351
2019-01-08,-0.0006327702280947277,-0.00043254030955809344,0.00017665876775706845,2.35711507795658e-05,95008.27430974168,0.4910380292181745,0.6294292460686249,6.746943556985455e-15,6.411537967210279e-15,2.7582103268031233e-15,0.09109428534177946,-0.0935064935064935,False,394459.9066198138
2019-01-09,-0.0004941349758401404,-0.0003340405982074895,0.00013422742231476253,2.5866955317888414e-05,94961.32739841103,0.3745424633335061,0.517793800669213,1.0511822265227563e-14,1.04638520070921e-14,2.2707530300536405e-15,0.09982822113086351,-0.07272727272727272,False,493366.61578116036
2019-01-10,-4.2279801746485146e-05,0.00016579930248596426,0.00018679990694467396,2.127919728777545e-05,94957.31245231503,0.522401456779816,0.0,0.0,0.0,0.0,0.0,-0.016883116883116882,True,832833.1805466377
2019-01-11,-0.0001764015646182978,0.0,0.0001764015646182978,0.0,94940.56183382649,0.4927810609883472,0.4928680036753458,7.991099587394527e-16,7.424616477180734e-16,4.614364446098307e-16,0.08201446748038489,-0.006493506493506493,False,294564.84951391455
2019-01-14,-0.00033256080402196703,-9.33451998213818e-05,0.00017845105580225503,6.0764548398330195e-05,94908.98832424873,0.49692217870772726,0.1765611404748101,-4.70656972575946e-17,-7.112366251504909e-17,1.942890293094024e-16,0.02792547270825768,0.0025974025974025974,False,224845.8986487553
2019-01-15,-0.00016408979622065873,2.043320404980938e-05,0.00017726706299068138,7.255937279786717e-06,94893.4147276951,0.4912197373557909,0.3839196916822598,1.6581560139016343e-16,2.0816681711721685e-16,3.2526065174565133e-16,0.09745261883168845,-0.05454545454545454,False,193507.43522911947
2019-01-16,-0.00017658645213678201,1.832138153728969e-05,0.00017913031209808842,1.5777521575983268e-05,94876.65783625719,0.49929313762322886,0.5681582176001565,-1.9180211015385767e-15,-1.6792123247455493e-15,8.953341540385296e-16,0.09496188762676853,-0.2584415584415584,False,356686.7804192328
2019-01-17,-0.00038159161531306295,-0.00018387698297330141,0.0001743656644931797,2.334896784658185e-05,94840.45369913794,0.4874184698015633,0.27916913315405784,2.938592758153168e-16,3.191891195797325e-16,7.871307772244762e-17,0.05793826416221172,0.023376623376623374,False,473313.76849064376
2019-01-18,-0.00013981237564486085,2.9322807413751365e-05,0.00015766247895639067,1.1472704102221544e-05,94827.19382999903,0.4398307110203737,0.5782923456939523,-4.519602578505392e-16,-5.828670879282072e-16,2.498001805406602e-16,0.0991775441543102,0.0012987012987012987,False,363594.62293963914
2019-01-22,-0.00014194855716610102,0.0001246250132219246,0.00017151181493148542,9.50617554565402e-05,94813.73324665475,0.4795368786394079,0.39954325327425344,6.455704562408106e-16,9.367506770274758e-16,5.035034889022683e-16,0.05780369290143739,-0.11298701298701298,False,574911.5645711826
2019-01-23,-0.00022757923665569317,-3.467366993448759e-05,0.0001764859809702089,1.641958575099669e-05,94792.155609618,0.4922040342552341,0.2897097205046066,1.808974667162713e-15,1.790234627208065e-15,4.51461784622964e-16,0.035585186791861144,0.03896103896103896,False,403004.66370242304
2019-01-24,-0.00025456239403473253,-6.5292554817096e-05,0.00017736396029278972,1.1905878924846773e-05,94768.0250915503,0.4949003720615828,0.4744006245125781,-2.501306270741906e-15,-2.3592239273284576e-15,6.002143226879753e-16,0.06990067740641041,-0.0025974025974025974,False,423406.3973989365
2019-01-25,-4.0497227357155145e-05,0.00015643257226059204,0.00017743388354188772,1.9495916075859472e-05,94764.18724929198,0.49225897391096163,0.6403060214386357,8.935955098018634e-15,8.701372955499664e-15,1.7384097633632578e-15,0.09334993052792628,-0.1,False,308852.3134049789
2019-01-28,-0.00040268924631067674,-0.00014963489871412384,0.00017411250933699617,7.89418382595567e-05,94726.02673015131,0.4862272594496744,0.27513443930872694,7.098455264968891e-16,7.355227538141662e-16,4.961309141293668e-16,0.03670889362841137,-0.11168831168831168,False,303876.612063009
2019-01-29,-0.00014188834805512696,4.270444650605506e-05,0.00017328589979507,1.1306894766112034e-05,94712.58621070074,0.48522343007564894,0.587122515497648,-2.1648393764994644e-14,-2.1149748619109232e-14,3.3306690738754696e-15,0.0691469265688601,0.011688311688311687,False,907357.8410728775
2019-01-30,-7.156899969850071e-05,0.0001298766222366018,0.00017731729938040376,2.4128322554698754e-05,94705.80772564678,0.49325502565137114,0.3614909520171612,2.289577298292151e-16,2.636779683484747e-16,2.96637714392034e-16,0.054110813062994395,0.031168831168831172,False,338140.7260738347
2019-01-31,-0.00023482267171757895,-4.316931259460831e-05,0.0001767975665743202,1.4855792548650452e-05,94683.56865484947,0.4945986034739906,0.2704559447250845,-2.699391395357864e-16,-2.498001805406602e-16,4.7704895589362195e-17,0.04020368932687118,0.059740259740259746,False,405857.32725096215
2019-02-01,-0.0001402159815682419,4.888732814150139e-05,0.00017798868184432885,1.1114627865414442e-05,94670.29250533215,0.4957140167224566,0.4613449908669525,4.6987481313900104e-15,4.6351811278100286e-15,9.506284648352903e-16,0.07633124098722957,-0.005194805194805195,False,280305.5493822691
2019-02-04,-0.0003634651866554147,-0.00013316184378822096,0.00017342519330825496,5.6878149558938774e-05,94635.88314979598,0.4853275714161894,0.4931127463191046,-4.0065432047651823e-17,1.3877787807814457e-17,4.85722573273506e-17,0.05909533220899018,-0.02077922077922078,False,501902.71568128874
2019-02-05,-0.00025460808779411977,-5.668646349573712e-05,0.00017765671691540572,2.0264907382976906e-05,94611.7880885505,0.49630252539108644,0.304110633668634,-1.9080271692986586e-16,-1.3877787807814457e-16,6.590262665953575e-17,0.0628805350528434,-0.18051948051948052,False,431684.8724034559
2019-02-06,-0.00029517942723405295,-0.00010892107991370784,0.00017376065004629163,1.2497697274053459e-05,94583.86063513294,0.4869717154693624,0.41088134342783944,-4.160307922360852e-15,-3.74353326115795e-15,1.7243151351209463e-15,0.0540022041998061,-0.11948051948051949,False,535923.2729360156
2019-02-07,-0.0002122494188387898,-1.8413299571827924e-05,0.00017695058460554363,1.6885534661418232e-05,94563.7852656816,0.4957059162658283,0.4472188368935845,9.30466123067934e-16,8.014422459012849e-16,1.457167719820518e-16,0.09275999524521766,-0.03572588691183525,False,503229.29707203445
2019-02-08,-0.00012131892207244526,7.458532307760527e-05,0.00017752538883935532,1.8378856310695213e-05,94552.31288918607,0.49418388171143,0.3567444932158263,2.148992792393175e-15,2.1371793224034263e-15,1.4085954624931674e-15,0.06100413444060084,0.13376623376623376,False,253317.20028781684
2019-02-11,-0.0002664877112085324,-4.8679085833686986e-05,0.0001738264275811137,4.398219779373175e-05,94527.11585973475,0.4865626460518142,0.34528824140218656,1.3177187944276255e-15,1.3600232051658168e-15,3.1094918306884267e-16,0.05980421953432753,0.015584415584415586,False,388002.9819674597
2019-02-12,-0.0001277655248195779,6.092678203757754e-05,0.00017450237912829852,1.4189927728856925e-05,94515.03855316725,0.4850852935063925,0.4121351848657432,-9.477201013315255e-16,-1.0824674490095276e-15,2.2898349882893854e-16,0.04200306509667438,0.059740259740259746,False,236684.01030930044
2019-02-13,-0.00016444596696915263,-2.933456799627184e-06,0.00014457544777778255,1.693706239174291e-05,94499.49593625925,0.40412017452186155,0.3155361824027023,3.80536809504507e-15,3.452099717193846e-15,8.413408858487514e-16,0.09879901460416231,0.04285714285714286,False,396413.6844387219
2019-02-14,-0.00016273831722749343,2.938691845447762e-05,0.00017915799530925742,1.2967240372713638e-05,94484.11724731173,0.4991838891346699,0.39408982627452327,-7.436412537559966e-16,-7.667477763817487e-16,1.8735013540549517e-16,0.062155188427803716,-0.08051948051948052,False,305442.54017816216
2019-02-15,-0.0001061511845917497,8.537785005728241e-05,0.00017533356233638043,1.6195472312651673e-05,94474.08764634082,0.4901042740026111,0.3796770652347083,-7.958759352830478e-16,-7.632783294297951e-16,2.671474153004283e-16,0.060675421807048435,-0.044155844155844164,False,377333.49656007794
2019-02-19,-0.00040684905566206863,-0.00016943265960445324,0.000175003727799855,6.241266825776039e-05,94435.65095299737,0.4893444576949856,0.31814097443495093,5.625503089537479e-16,5.238864897449957e-16,2.533238376012381e-16,0.07598549930506665,-0.022077922077922082,False,385116.83836554084
2019-02-20,-0.000172075045896367,1.8882057693489956e-05,0.00017788281696924253,1.30742866206144e-05,94419.40093402538,0.49542662270091475,0.4391006234528909,-2.3482244554813453e-15,-2.095545958979983e-15,5.360295540768334e-16,0.04654407496904155,0.14155844155844155,False,278268.529046042
2019-02-21,-0.00017469896642144687,1.2904834573240701e-05,0.00016955856989388376,1.8045231100803825e-05,94402.90596227208,0.47253839972337,0.4310906756918182,1.1040185257039617e-15,9.43689570931383e-16,6.036837696399289e-16,0.09773823410628919,-0.0038961038961038965,False,226841.97430487222
2019-02-22,-0.00032243348905186244,-0.0001310025025744164,0.0001737149313120289,1.771605516541714e-05,94372.46730392604,0.4866146775848551,0.5440689027216103,-4.68366507185137e-15,-4.496403249731884e-15,9.43689570931383e-16,0.0576798146471178,0.02727272727272727,False,436000.24635906355
2019-02-25,-0.00011801993534662646,0.00012588926365760658,0.00017683221099745858,6.707698800677446e-05,94361.32947143633,0.4959153673124292,0.37404010672643595,3.453512913154519e-15,3.5110803153770576e-15,8.968520370800093e-16,0.09405319527989496,0.20649350649350648,False,680970.2089205825
2019-02-26,-0.0001265444668531018,6.471094148962595e-05,0.0001758838971073949,1.5371511235332844e-05,94349.38856730681,0.49074287081290735,0.3797631523752175,3.664459090549321e-15,3.811187476721045e-15,8.484424100785315e-16,0.04490632739041905,-0.027281586369037825,False,404122.2339591767
2019-02-27,-0.00027691644864426143,-8.662351966236444e-05,0.00017468622408976493,1.5606704892132077e-05,94323.261669693,0.4892251172463386,0.4437753574640916,2.679837639183552e-15,2.3869795029440866e-15,9.8879238130678e-16,0.07284900620006762,0.014285714285714285,False,463916.98251866695
2019-02-28,-0.0002558953386428773,-6.052364240923909e-05,0.00017713435277620993,1.8237343457428305e-05,94299.12478670613,0.4942422045079251,0.4134240075142662,9.90388732514165e-15,9.499345754448996e-15,1.5751289161869408e-15,0.06872274604521816,-0.07662337662337662,False,278920.8909846965
2019-03-01,-0.0003992439318408551,-0.00020568750487644807,0.00017656639925834166,1.6990027706065325e-05,94261.47643335714,0.49351381975713365,0.35144688062608026,-1.533420846483176e-15,-1.6514567491299204e-15,7.077671781985373e-16,0.0672669891003239,-0.033766233766233764,False,381876.5780647435
2019-03-04,-0.00015113956323764698,6.697986321983692e-05,0.00017479035898303546,4.332906747444844e-05,94247.22979497886,0.48957488298606633,0.38683015779624197,3.111219639653042e-15,3.011479954295737e-15,4.99708781298569e-16,0.0728457166261565,-0.0012987012987012987,False,552282.4240702541
2019-03-05,-0.00023240193087201147,-4.0167975981079554e-05,0.00017633682511848374,1.5897129772448173e-05,94225.32655679517,0.49411012073704197,0.19791826752188296,-2.0379831311985683e-15,-2.005340338229189e-15,5.100087019371813e-16,0.03343733817475977,-0.045454545454545456,False,432423.5362932554
2019-03-06,-0.00023807947077341324,-5.194967431492967e-05,0.00017799616902607735,8.133627432406234e-06,94202.89344091508,0.49591856863925554,0.40159551540999455,-4.2086014149534244e-15,-4.1321113197767545e-15,9.679756995950584e-16,0.0813375073723047,0.015584415584415586,False,213140.86486119608
2019-03-07,-0.00017792460890496135,1.6149344233230778e-05,0.00017757002784737027,1.650392529082187e-05,94186.13242794189,0.4973195759632017,0.3797764795287554,2.3057042849570662e-15,2.4424906541753444e-15,6.904199434387692e-16,0.060166860934935076,0.024675324675324677,False,499725.1827262193
2019-03-08,-0.00011877814084307567,6.94278268184389e-05,0.00017259871507814114,1.5607252583373418e-05,94174.9451742389,0.48338663259459447,0.5061798151855577,5.665917415819844e-15,5.800915303666443e-15,1.9394208461420703e-15,0.06318655090839591,-0.08311688311688312,False,393303.3967733895
2019-03-11,-0.0002369629405054293,-3.6715716231113258e-06,0.00017088563824300336,6.240573063931463e-05,94152.62920230848,0.47775099508789265,0.35922023902885497,1.8851684152461365e-15,1.9290125052862095e-15,5.082739784612045e-16,0.04914352249286412,0.2662337662337662,False,325261.129796495
2019-03-12,-0.00017330872537816528,1.6186047652533958e-05,0.00017473229745417103,1.4762475576528208e-05,94136.31173015042,0.4885100641913885,0.516923556205882,4.826658872222888e-15,4.565792188770956e-15,1.2524703496552547e-15,0.04376061146806133,0.10259740259740259,False,313273.1675113399
2019-03-13,-0.00021147790047685945,-1.2538161146782248e-05,0.0001776963055133973,2.124343381667989e-05,94116.4039805871,0.4966408078706994,0.39495711577390075,-5.706155035353695e-16,-5.689893001203927e-16,2.393918396847994e-16,0.038573814816308345,0.06623376623376624,False,422061.06273983757
2019-03-14,-0.0002935669516762497,-0.00010364587579057414,0.00017368996153880288,1.6231114346872656e-05,94088.77451476779,0.4864454997098272,0.5519394910775074,-3.1515131299676205e-15,-3.1780134079895106e-15,1.4502288259166107e-15,0.07005074814219017,0.08181818181818182,False,410952.42384450795
2019-03-15,-3.241834959898327e-05,0.00016569315345731143,0.0001754290582174929,2.2682444838801805e-05,94085.72431198224,0.49048206159331953,0.5576452681502758,4.707671957841637e-15,4.628242233906121e-15,1.9984014443252818e-15,0.08784678772739188,0.1753246753246753,False,329465.15247165435
2019-03-18,-0.00015122287385929006,8.825119634592184e-05,0.00017072328372093188,6.875078648428001e-05,94071.49639836265,0.4776917309011904,0.41011121770790726,9.877911099879058e-15,9.658940314238862e-15,1.9637069748057456e-15,0.037603202862960435,-0.07402597402597402,False,456565.55785509
2019-03-19,-0.0002843675409730948,-9.294082892985558e-05,0.00017457282638401055,1.6853885659228657e-05,94044.7455182562,0.4878991693531642,0.2728421370673778,-3.6442105566515797e-16,-3.660266534311063e-16,1.8214596497756474e-16,0.03672198095283664,-0.12077922077922078,False,283607.8002563988
2019-03-20,-0.00018382927720679004,1.421711749516726e-06,0.00017403829839189396,1.1212690564412801e-05,94027.45734066247,0.48669260364935024,0.35100604275554137,-2.4069922725567077e-15,-2.3175905639050143e-15,4.0505793164058446e-16,0.03943284098134763,0.022077922077922082,False,302546.92375180504
2019-03-21,-0.00012402845104241518,4.17681962805139e-05,0.0001513717414562629,1.4424905866666178e-05,94015.79526077305,0.42302955055364005,0.4401773871612205,-3.468672404828054e-16,-3.191891195797325e-16,1.0928757898653885e-16,0.09865836610148426,-0.06753246753246753,False,310485.7732742651
2019-03-22,-0.0004938746630940106,-0.0003004306609416965,0.00017535452048815438,1.808948166415976e-05,93969.36324156313,0.4912170798598217,0.23636742833486837,5.945666598657657e-17,7.632783294297951e-17,3.469446951953614e-17,0.028455237456996792,-0.2714285714285714,False,284393.26401981304
2019-03-25,-0.0002620405933661869,-5.83155631889299e-05,0.00017458384038254723,2.9141189794709792e-05,93944.73945386107,0.49077596977085025,0.40868418070987783,-2.5589418465738227e-15,-2.525757381022231e-15,4.2674197509029455e-16,0.052097983961976575,0.12337662337662336,False,538297.6341427676
2019-03-26,-7.484963649529156e-05,0.00011820837647735572,0.00017626277266950152,1.679524030314577e-05,93937.7077242623,0.49608229567618334,0.148985015497774,-1.2741949513965138e-15,-1.2732870313669764e-15,2.498001805406602e-16,0.017740233966842028,0.023376623376623374,False,385187.995882202
2019-03-27,-0.0001852799135072345,-2.37607884226787e-05,0.00015539645321478422,6.122671869771585e-06,93920.30295390009,0.4381161341230238,0.3955208184039069,-7.434465541849727e-17,-5.551115123125783e-17,8.023096076392733e-17,0.09804367197264613,-0.15974025974025974,False,498404.9565988398
2019-03-28,-0.00034074929747165576,-0.0001479226104909736,0.00017657240677230245,1.6254280208379734e-05,93888.29967665022,0.4958932718867162,0.6626588956413257,1.6369831758424007e-15,1.6930901125533637e-15,3.95516952522712e-16,0.0847007752848166,-0.044155844155844164,False,273029.68732780754
2019-03-29,-9.861429316943723e-05,8.408470678932721e-05,0.00015546644260364153,2.723255735512291e-05,93879.04094834073,0.4366596341204411,0.5759239837655125,9.005132183476781e-15,9.298117831235686e-15,1.904726376622534e-15,0.09971339019265271,0.06493506493506493,False,347221.68977643846
2019-04-01,-0.0003757755690799931,-0.00013444564281864615,0.00017032559949573694,7.100432676561001e-05,93843.76349830368,0.48030917229174336,0.17232696657108576,-9.689055324676114e-16,-9.645062526431047e-16,2.0122792321330962e-16,0.02786391521541659,-0.03506493506493507,False,565485.7214324089
2019-04-02,-0.00017709532363451645,-1.200283678193506e-05,0.00015801055671952303,7.081930133058358e-06,93827.14420663587,0.44586648193973133,0.3423404299171754,-9.190473585170011e-17,-1.2663481374630692e-16,1.465841337200402e-16,0.09809119532550262,0.15714285714285717,False,420172.1188289136
2019-04-03,-0.00012173908653889104,6.77544541234152e-05,0.00017542475587118943,1.40687847911168e-05,93815.7217758076,0.4947960426864818,0.22874583126465098,-1.0923175643023713e-15,-1.0512424264419451e-15,4.621140709676341e-16,0.06363148090260237,0.04935064935064935,False,409091.1436774915
2019-04-04,-0.00022467489419713852,-3.798468802048232e-05,0.00017728969256304035,9.400513613615839e-06,93794.6437384436,0.49773995030193097,0.3760531948999969,1.5279984028945124e-15,1.5161483180037294e-15,3.0704605524789486e-16,0.07787248016906534,-0.0025974025974025974,False,285955.04031151865
2019-04-05,-0.00024232732044013143,-5.338103827837414e-05,0.00017349204127545611,1.5454240886301183e-05,93771.91473375482,0.4889765908204708,0.27874299128325364,-8.902128853411936e-16,-7.771561172376096e-16,2.7929047963226594e-16,0.047977609863713494,0.08961038961038961,False,308701.8071844453
2019-04-08,-0.00020714325873553123,-1.7716231935853862e-07,0.00017260052214837417,3.436557426779852e-05,93752.490513759,0.4863939166649621,0.42039688135963743,-6.098720918766744e-15,-6.564193633096238e-15,2.040034807748725e-15,0.04817580267579624,0.14155844155844155,False,409407.64110085706
2019-04-09,-0.00018490263952648274,9.403091504402049e-06,0.00017702914686542,1.7276584165464802e-05,93735.15543080082,0.4990602174309833,0.4698728292567874,-1.5882973688559001e-15,-1.5161483180037294e-15,7.253312533928025e-16,0.08523716784403343,-0.05064935064935065,False,405072.1096967423
2019-04-10,-0.0002658374718061852,-6.953700527529009e-05,0.00017699062423267092,1.9309842298224205e-05,93710.23711406173,0.4922731886424983,0.5582633213174255,1.9836438879727664e-15,2.2620794126737565e-15,1.186550857568136e-15,0.09528514492054427,-0.11038961038961038,False,105821.55362321448
2019-04-11,-0.00022966698544175799,-3.4245923708108085e-05,0.00017247873346033112,2.2942328273318778e-05,93688.71496639871,0.4855566261132522,0.28011573804396356,-4.1727553032624307e-17,-5.551115123125783e-17,7.28583859910259e-17,0.026466987165346283,0.03896103896103896,False,287603.7508543414
2019-04-12,-0.00017070806604090275,1.5738686983307017e-05,0.00017493514735117017,1.15116056730396e-05,93672.72154705694,0.49343566403361033,0.47031621550755204,-1.258659393176482e-15,-1.2472661792273243e-15,4.2847669856627135e-16,0.04685188265700272,-0.13506493506493505,False,357844.2534400977
2019-04-15,-0.00029347496645982065,-6.413716099169019e-05,0.0001713536145151444,5.798419095298603e-05,93645.23094824271,0.482898511867485,0.5166769753835428,-2.0026646198023817e-14,-1.9886869928598117e-14,3.5110803153770576e-15,0.05767962991048714,0.03636363636363636,False,427841.3531624427
2019-04-16,-0.0001128080498668747,8.515396843021524e-05,0.00017672871793886135,2.1233300358228603e-05,93634.6670123601,0.49721645745566284,0.5273501917326193,1.4471001227998801e-15,1.3114509478384662e-15,5.620504062164855e-16,0.06559093683387396,-0.024675324675324677,False,234178.38880432054
2019-04-17,-0.00046039379050742414,-0.0002638593133425824,0.00017486255147719984,2.1671925687641824e-05,93591.55819309139,0.49251688804951504,0.4157966013226724,2.1851447696645394e-15,2.338407245616736e-15,5.620504062164855e-16,0.056259540612648,-0.0012987012987012987,False,251174.7804468589
2019-04-18,-0.00017841159420077263,1.538345519837245e-05,0.00017670751783793948,1.7087531561205623e-05,93574.86037399044,0.496611597672175,0.6254430124351047,8.683772201923323e-15,8.867906409193438e-15,3.823330541052883e-15,0.09452247003537774,0.14545454545454545,False,285972.0138545662
2019-04-22,-0.00020170045926187053,7.56295435028012e-05,0.00017451745277534088,0.00010281254998933083,93555.98628167764,0.49048983291045056,0.4093696494801556,6.516213370030076e-16,6.661338147750939e-16,1.6306400674181987e-16,0.060326184428991105,0.07402597402597402,False,250697.0817184288
2019-04-23,6.535055678563652e-06,0.00018460456126676586,0.0001612460953355931,1.6823410252609104e-05,93556.59767525706,0.45482571248811493,0.35215168931001767,-1.8376563277220153e-16,-1.1796119636642288e-16,1.700029006457271e-16,0.09922232894836253,0.06493506493506493,False,383961.779053339
2019-04-24,-0.00021551014741315322,-3.199044010315459e-05,0.00016904772007808006,1.4471987231918547e-05,93536.4352791006,0.4730778844744564,0.18287762969499458,-1.2624133903063515e-15,-1.2524703496552547e-15,2.688821387764051e-16,0.06013122526670611,0.2662337662337662,False,93562.10253946259
2019-04-25,-0.000112159568512367,7.081732966565369e-05,0.00017546137914945922,7.5155190285614705e-06,93525.9442728795,0.4928122677132811,0.37362432136655527,-1.795547107488025e-15,-1.8665624601510444e-15,9.246076126956382e-16,0.04889495358710617,-0.0987012987012987,False,161133.14894111708
2019-04-26,-0.00022035773367222632,-2.7646476229684013e-05,0.0001773568332767934,1.5354424165748917e-05,93505.33510775997,0.4999830142441089,0.3434001290475367,-4.1069755738437626e-16,-3.5388358909926865e-16,2.2724877535296173e-16,0.09066933205786681,0.22467532467532467,False,259947.00759068932
2019-04-29,-0.00011873131471598548,9.798279096704825e-05,0.00017437710347169354,4.2337002211340186e-05,93494.23309638967,0.49154363819345714,0.32620909166464424,1.2408709127452727e-15,1.2073675392798577e-15,4.0592529337857286e-16,0.05482566320319416,0.13376623376623376,False,227624.80166832768
2019-04-30,-0.00014396088950325566,4.458093117529083e-05,0.00017513596759643788,1.3405853082108616e-05,93480.77358342968,0.4923478296683233,0.37115772137610814,3.329844139716479e-15,3.372302437298913e-15,5.93275428784068e-16,0.059221868885369094,-0.11298701298701298,False,172331.02855205385
2019-05-01,-0.00044020082251922707,-0.0002486949083957292,0.00017625285708064426,1.5253057042853622e-05,93439.62327000851,0.49459554545991946,0.31285137492543363,-2.687711899460687e-15,-2.699229728619912e-15,8.743006318923108e-16,0.04332339366501914,-0.06103896103896104,False,176838.6856868574
2019-05-02,-0.00024076316930755714,-5.564341428889089e-05,0.0001722628491998127,1.2856905818853546e-05,93417.12645017111,0.4856774769924981,0.3734429225128377,1.0868564654790775e-15,1.0824674490095276e-15,2.8796409701215e-16,0.043767192161470944,0.13376623376623376,False,246023.3861379491
2019-05-03,-0.00010025550473301827,9.16150337318784e-05,0.00017652356904656092,1.534696941833575e-05,93407.76086900814,0.4978671556492429,0.31864911990124856,8.562558740779572e-16,6.175615574477433e-16,4.822531263215524e-16,0.0391336406784471,0.023376623376623374,False,321352.6776218089
2019-05-06,-0.0002541667744522779,-4.04676263125089e-05,0.00017441364020673848,3.9285507933030536e-05,93384.01971971926,0.48967648713570694,0.4098374016164236,5.347495965623082e-15,5.1486592766991635e-15,9.402201239794294e-16,0.04926396036717952,-0.02077922077922078,False,164425.02928038692
2019-05-07,-9.835695844764931e-05,9.174190230141604e-05,0.00017325622780592486,1.684263294314048e-05,93374.83475157202,0.4875236917264592,0.6997912207267134,-3.737903243254554e-15,-3.191891195797325e-15,2.4771851236948805e-15,0.07820972547905153,0.3237974129149114,False,354464.00699168834
2019-05-08,-9.286034229536261e-06,0.00019375772467230583,0.00017428521558430577,2.875854331753632e-05,93373.96766966034,0.4900726435702195,0.41227610257933267,-1.3673437014486955e-15,-1.3600232051658168e-15,4.163336342344337e-16,0.04137756849533581,-0.04285714285714286,False,288433.9978205243
2019-05-09,-0.0002622777960566387,-7.145650204114142e-05,0.00017387844048483974,1.6942853530657564e-05,93349.47775121088,0.4893466504242603,0.14525856081713875,-1.4275669035250252e-15,-1.304512053934559e-15,3.765434145042157e-16,0.03690389201611039,-0.1974025974025974,False,237646.03103715676
2019-05-10,-0.00018572424701486945,-7.091368670568657e-06,0.000172663348447706,5.969529896594804e-06,93332.1404897463,0.4866346970218224,0.47275849722570307,-2.61274497303573e-15,-2.6402491304367004e-15,1.1796119636642288e-15,0.04275165285676981,0.02857142857142857,False,366544.99964849075
2019-05-13,-0.0002625958102087462,-2.8478161489709735e-05,0.0001758323545405248,5.828529417851165e-05,93307.6318606959,0.4941214293100086,0.34427837456898,7.46969267562029e-15,7.646661082105766e-15,1.9359513991901167e-15,0.041079910795269646,0.015584415584415586,False,224674.54869034947
2019-05-14,-0.00016751452437150418,2.3090298732527387e-05,0.000176456396751882,1.4148426352149556e-05,93292.00147712452,0.49576066555133946,0.5095911661626398,2.3673931161947332e-15,2.3592239273284576e-15,1.4918621893400541e-15,0.0626993371625808,-0.1012987012987013,False,243588.9123899668
2019-05-15,-0.00012550476020269097,7.073894314292556e-05,0.00017530160062660403,2.09421027190125e-05,93280.29288685031,0.4933860443387847,0.2108694230304898,-5.820470156958123e-15,-5.710709682915649e-15,1.9294461861552037e-15,0.027346803639216554,-0.08181818181818182,False,237425.4237247533
2019-05-16,-0.00025221237794266596,-6.839034664988368e-05,0.0001751561645928989,8.665866699883383e-06,93256.76644236612,0.4916807332266925,0.40335290262394036,6.84686563229844e-17,1.3877787807814457e-17,2.7755575615628914e-17,0.0867461754439981,0.05844155844155843,False,198818.86297398756
2019-05-17,-0.00018044013223620902,6.717074547033615e-06,0.00017058106010006698,1.657614668317563e-05,93239.93917909735,0.480325083612251,0.3756202695961388,-2.9044688836063607e-15,-2.9073965457371287e-15,1.2559397966072083e-15,0.036939577749387706,-0.022077922077922082,False,275120.17103173136
2019-05-20,-0.00011367035851138391,0.00010561727012276392,0.0001729782803277742,4.6309348306373645e-05,93229.34056178328,0.48664871019523176,0.3314866072733433,-3.2022050483005342e-15,-3.2612801348363973e-15,8.847089727481716e-16,0.04800292937840386,0.11818181818181818,False,175899.46247342537
2019-05-21,-0.00010394098696525137,8.6149263378864e-05,0.00017646751305890935,1.3622737285206023e-05,93219.65021211117,0.4967992592570984,0.4170214353446267,1.0837293758294035e-16,7.892991815694472e-17,5.2861786351682534e-17,0.06802240805756417,-0.08961038961038961,False,345725.5613123845
2019-05-22,-0.00015572871488227563,3.5547373658544885e-05,0.00017413822133487697,1.713786720594356e-05,93205.13323578186,0.4904546599103233,0.3933902600010685,-2.2501905264910435e-16,-2.255140518769849e-16,6.938893903907228e-17,0.04198033250941241,-0.08181818181818182,False,234309.5173323965
2019-05-23,-0.00023404352369509035,-4.389050086204494e-05,0.00017398629981930285,1.6166723013742552e-05,93183.3191779729,0.4901571834761638,0.4387389829564359,-5.772214285498895e-15,-5.7592819402429996e-15,1.5057399771478686e-15,0.04083768626728445,-0.0038961038961038965,False,423756.9206357282
2019-05-24,-0.0002950267739633637,-0.00010080545625874718,0.00017619094854202306,1.803036916259349e-05,93155.82760392863,0.49441898211378743,0.4424069474184183,-5.191933225261152e-15,-5.134781488891349e-15,8.569533971325427e-16,0.07173770095474813,0.13506493506493505,False,299252.2936466823
2019-05-28,-0.0001636332363279676,7.779783222803349e-05,0.00016870663884338354,7.272442971261756e-05,93140.58421437499,0.4752277914563723,0.34754008753672666,9.009360667830498e-16,9.020562075079397e-16,3.0878077872387166e-16,0.045462104590779935,0.06363636363636363,False,440230.45152581617
2019-05-29,-0.00020587221439710167,-4.3640166560464276e-05,0.00014794957848581305,1.4282469350824348e-05,93121.40915605254,0.4146600977513932,0.368942779464476,2.6088178033292763e-15,2.5604518505417673e-15,6.366435156834882e-16,0.09892110473728208,0.08961038961038961,False,226160.35982778674
2019-05-30,-0.0002169510146591487,-2.711608311067704e-05,0.0001746728995156851,1.516203203278658e-05,93101.20637184965,0.49104183160458725,0.4405297155796758,2.2118403774185505e-15,2.0435042547006788e-15,5.43835809718729e-16,0.05760835921469366,-0.087012987012987,False,265852.49325448344
2019-05-31,-0.0003173693853825049,-0.00012190902779181342,0.00017735639667645832,1.810396091423316e-05,93071.65889920504,0.49817753662557196,0.741590686694637,-8.898817043815157e-15,-8.659739592076221e-15,2.1718737919229625e-15,0.09132720506556025,-0.10909090909090909,False,392826.06238108693
2019-06-03,-0.0003559175402179102,-8.79820767429114e-05,0.00017650647470442607,9.142898877057276e-05,93038.53306330563,0.49558030854819224,0.5394491092133085,-5.36482826919038e-18,-2.7755575615628914e-17,1.5959455978986625e-16,0.0774319938392822,0.04675324675324675,False,239430.97657545604
2019-06-04,-0.0001298576622451646,6.550782031401273e-05,0.0001731963410846578,2.2169141474519525e-05,93026.45129690331,0.48497928133605067,0.528855368630224,-1.7316308865008534e-15,-1.6479873021779667e-15,1.016547956922409e-15,0.08240310487841589,0.12077922077922078,False,186553.31814926237
2019-06-05,-0.0002530102478679431,-5.5843214904468414e-05,0.00017543325069099963,2.173378227247503e-05,93002.9146514024,0.48912165339584274,0.3440742227929248,-3.3740633322994494e-16,-4.0245584642661925e-16,5.377642775528102e-16,0.047265980686705726,0.17142857142857143,False,125460.54210793514
2019-06-06,-0.00012679946558532429,6.414328921729917e-05,0.00017680271824948955,1.414003655313391e-05,92991.12193152672,0.4939553622985563,0.4138717080328416,-4.2200749753909885e-15,-4.218847493575595e-15,7.895160220039443e-16,0.05009961801709027,-0.1064935064935065,False,176180.684330402
2019-06-07,-0.00017237474016976916,8.055521316140208e-06,0.00016342183512839517,1.7008426357514212e-05,92975.09261104568,0.4598889010829008,0.6110284433026115,-3.67698614261151e-14,-3.422262473407045e-14,5.869626616347712e-15,0.09887166448843279,-0.09480519480519481,False,270053.6606234992
2019-06-10,-0.0002732511128073529,-2.2008698570404468e-05,0.00017591014040511507,7.533227383183335e-05,92949.68706352633,0.49139790165300906,0.5501132780996757,-2.8544138375133367e-16,-2.220446049250313e-16,5.898059818321144e-17,0.0945780989310762,0.07142857142857142,False,168132.82943105974
2019-06-11,5.381742684124035e-05,0.0002540734498868153,0.00017764862805517731,2.2607394990397644e-05,92954.68937650979,0.4978882671683464,0.5618503661672429,1.2706540599771402e-16,1.2836953722228372e-16,7.28583859910259e-17,0.07071050334637029,-0.01948051948051948,False,243323.76884502103
2019-06-12,-0.00024436142023561433,-4.795673885054225e-05,0.00017331494030970595,2.308974107536614e-05,92931.97483659619,0.4854954611545615,0.2706119715564283,1.1330710882614982e-15,1.0755285551056204e-15,1.8735013540549517e-16,0.03167296751653598,0.03506493506493507,False,148796.7395657768
2019-06-13,-0.00023936355932814465,-5.0119118763255306e-05,0.00017812340063791288,1.1121039926976463e-05,92909.7303083239,0.49942197321329973,0.3642614734128786,-3.715468432803512e-15,-3.823330541052883e-15,1.7034984534092246e-15,0.05522824584217447,-0.11948051948051949,False,175190.0393934471
2019-06-14,-0.00016141477980068976,2.553880646616564e-05,0.00017198393667454515,1.4969649592310232e-05,92894.73330466484,0.48367834533258164,0.32093500378767686,1.646310994318555e-14,1.5952517085082718e-14,3.2231162183649076e-15,0.05389397107734405,-0.014285714285714285,False,299321.75923623063
2019-06-17,-0.00012218137800629772,9.016306147839605e-05,0.00017277711025059865,3.9567329234095115e-05,92883.38329814015,0.4854158806069217,0.23176478756145819,-1.0849046286780288e-14,-1.1133455268819148e-14,2.692724515584999e-15,0.05122020787907871,0.033766233766233764,False,317288.74463133805
2019-06-18,-0.00011876038234030907,6.383348489063662e-05,0.0001730692869202004,9.524580310745303e-06,92872.3524320266,0.48314700476445355,0.6205546852430945,4.457064784044947e-15,4.236194728335363e-15,2.9559688030644793e-15,0.06998331801236622,0.1012987012987013,False,228720.28528652692
2019-06-19,-0.00023609413527896913,-4.0368295566385145e-05,0.00017022359237382686,2.550224733875713e-05,92850.42581428784,0.47866145465815846,0.36372600535418204,-5.1652938694919405e-15,-5.349887199912473e-15,1.0243542125643046e-15,0.0391571241630754,0.04935064935064935,False,262760.9966869059
2019-06-20,-0.00014260422636745072,4.861399623908203e-05,0.00017627057855088124,1.494764405565153e-05,92837.1849511467,0.4946003854374205,0.39580472835719477,-8.278361800863917e-17,-3.122502256758253e-17,1.1123914289701275e-16,0.07817450080456899,-0.033766233766233764,False,239000.0565163966
2019-06-21,-0.0002296665898371808,-4.034203944037862e-05,0.00017305860265609554,1.626594774070664e-05,92815.86335146888,0.48484991216698775,0.3974664219703403,-1.479534004475866e-14,-1.4752088439706768e-14,4.85722573273506e-15,0.05653794955210105,-0.0974025974025974,False,281228.0175933482
2019-06-24,-0.00029744763097721714,-7.319172916659796e-05,0.0001752531922526302,4.9002709557988994e-05,92788.25549279789,0.49165642222932626,0.38036841673638455,-4.0245584642661925e-16,-3.885780586188048e-16,4.371503159461554e-16,0.09283537573697985,0.006211180124223602,False,318159.023316655
2019-06-25,-0.0002498415209517204,-6.047599338464347e-05,0.0001737339487970885,1.563157876998842e-05,92765.07313391911,0.48920411997604313,0.43438929875229576,1.0894063429134349e-15,1.1379786002407855e-15,2.5500435096859064e-16,0.0532859349610268,-0.017504234895539244,False,437703.2402013437
2019-06-26,-0.00022412690757910063,-3.1580326977807805e-05,0.00017469496558407524,1.785161501721759e-05,92744.28198494625,0.49044220472951316,0.33333721717296466,5.783568068906675e-15,5.689893001203927e-15,8.795048023202412e-16,0.0492693631547897,-0.16996047430830044,False,224098.9749201064
2019-06-27,9.14119310436711e-06,0.00015698990761265578,0.00013414992476145474,1.3698789746833927e-05,92745.12977833721,0.378139631275489,0.47869680693533073,7.389922007661198e-16,6.661338147750939e-16,2.255140518769849e-16,0.09899931264208091,-0.044607566346696784,False,501136.36837467825
2019-06-28,-0.00031782293096386567,-0.00012265233740991837,0.00017549812203605705,1.967247151789027e-05,92715.65324935844,0.49328113897769127,0.17336086931523806,-1.0026701691145945e-15,-9.783840404509192e-16,4.2500725161431774e-16,0.016637027133030845,-0.003952569169960475,False,460122.6906241337
2019-07-01,-0.00019383272393628143,2.690165948430463e-06,0.000175149632023929,2.1373257860782897e-05,92697.68192173759,0.4905842664299751,0.5472015385896795,4.926614671774132e-16,4.163336342344337e-16,3.5908775952719907e-16,0.07037655893567736,0.06493506493506496,False,247601.60861289903
2019-07-02,2.702427272428241e-05,0.00021928809424540986,0.0001697760870585379,2.2487734462589546e-05,92700.18700917476,0.47663830526667905,0.2769940067333395,-1.942890293094024e-16,-2.3592239273284576e-16,3.469446951953614e-17,0.033455170449176674,0.11236589497459064,False,259724.73194431447
2019-07-03,-0.00021001917373680067,-2.2419779980628726e-05,0.0001762160784109662,1.1383315345205741e-05,92680.71819249385,0.49472767468315765,0.2733857029678769,-7.719519468096792e-16,-6.696032617270475e-16,4.3107878378023656e-16,0.044200671356471315,0.1044607566346697,False,236637.94015083797
2019-07-05,-0.00014294954707542664,5.512152269785916e-05,0.00017560101199510408,2.2470057778181728e-05,92667.46952580562,0.49293099575318317,0.3746074355740364,-9.749145934989656e-16,-9.194034422677078e-16,2.324991090765175e-16,0.0501954162294634,0.08413325804630155,False,172316.7260918538
2019-07-08,-0.00017006273875791035,5.383120619440368e-05,0.00017770946659387106,4.618447835844297e-05,92651.7102421443,0.49931035457705236,0.42786652223605764,1.5265566588595902e-16,5.551115123125783e-17,2.949029909160572e-16,0.0780910861645777,-0.028797289666854884,False,377884.94381254294
2019-07-09,-0.00011804719327742984,7.316639519560936e-05,0.00017363003276470808,1.758355570833113e-05,92640.77296779785,0.4853439977418901,0.4195519207266699,-3.400058012914542e-16,-3.122502256758253e-16,6.904199434387692e-16,0.044281920304227625,0.02428006775832863,False,148243.78053531476
2019-07-10,-0.000190030936935314,-1.6968185604314108e-06,0.00017109225861899202,1.7241859755890562e-05,92623.16835491237,0.48051587571443916,0.3303306058580348,-4.336808689942018e-17,-2.7755575615628914e-17,2.42861286636753e-17,0.0470422087342547,0.02428006775832863,False,235371.5283191716
2019-07-11,-0.0001700997479632583,1.7882951559949474e-05,0.00017440746914548032,1.3575230377727464e-05,92607.41317731964,0.4875621769838949,0.33369694838075303,-6.265821195228227e-15,-6.369904603786836e-15,1.2266663379500997e-15,0.05863386057892666,0.003952569169960475,False,172459.48257597303
2019-07-12,-0.0002578501181408964,-6.854408927345226e-05,0.00017559245564631703,1.3713573221127095e-05,92583.53434489114,0.489036829156557,0.22872690318222494,5.620504062164855e-16,6.106226635438361e-16,2.1076890233118206e-16,0.027109596806470373,-0.05477131564088086,False,155146.01300159257
2019-07-15,-0.00022198170946960698,-1.8147148910255648e-05,0.00017563535331770723,2.81992072416441e-05,92562.98249366852,0.4926842447667659,0.35615067886598645,-5.419276138951545e-15,-5.6968318951078345e-15,9.809861256648844e-16,0.04639603119299389,0.008469791078486732,False,285990.62746800005
2019-07-16,-0.00019518420508705307,-3.5723720599671577e-06,0.0001769755037586205,1.4636329268465417e-05,92544.91566151001,0.4972888825813841,0.2911125336483039,-2.0816681711721685e-16,-1.3183898417423734e-16,1.6132928326584306e-16,0.021593059964157283,0.101072840203275,False,382877.41887146386
2019-07-17,-0.00018204771197762103,4.531355236262635e-06,0.00017461553843381637,1.196352878006729e-05,92528.06807135866,0.488251488689601,0.47801318555243755,-5.655198531684391e-16,-5.828670879282072e-16,2.6194324487249787e-16,0.06597917237960678,-0.0536420101637493,False,184348.42856294056
2019-07-18,-0.0003286260122975658,-0.00013231759907942597,0.00017666403572968347,1.9644377488456357e-05,92497.66094132277,0.4960307818605002,0.34843127389712747,-9.749145934989656e-16,-1.0824674490095276e-15,7.580741590018647e-16,0.048372908436094784,0.032185206098249576,False,222225.57068664514
2019-07-19,-0.0001923790653825381,-7.857077040706933e-07,0.0001772742642306402,1.4319093447827197e-05,92479.86632776081,0.4980124156158155,0.4888414433604655,7.28583859910259e-17,4.163336342344337e-17,3.122502256758253e-17,0.09467602936128054,0.059288537549407126,False,187853.45326987698
2019-07-22,-0.00010675219284553605,0.00013143126469997976,0.00017791533439148583,6.026812315402997e-05,92469.99389923627,0.498842389519293,0.6998657968175674,7.077671781985373e-16,7.771561172376096e-16,2.706168622523819e-16,0.09871976816430501,0.07735742518351214,False,264757.85706510925
2019-07-23,-7.133200215054763e-05,0.00012992323386861701,0.0001724936279307715,2.8761608088393144e-05,92463.3978294326,0.48270132283984857,0.43528297382189257,-9.43689570931383e-16,-1.1102230246251565e-15,7.4593109467002705e-16,0.04090874957397356,-0.04347826086956522,False,224447.45184797051
2019-07-24,-0.00013080203238609192,6.391466960834079e-05,0.00017682836060449187,1.7888341389940828e-05,92451.30342907518,0.4972848868191808,0.3301113699373422,-3.5735303605122226e-16,-3.0531133177191805e-16,1.3877787807814457e-16,0.026840623074620942,0.016374929418407683,False,341889.6779954376
2019-07-25,-0.00021412648549844223,-2.5760662487467486e-05,0.0001747996023286182,1.3566220682356543e-05,92431.50715639217,0.4881424252879195,0.4340126038004073,3.0808688933348094e-15,3.0531133177191805e-15,1.0547118733938987e-15,0.03693258976868079,-0.04573687182382835,False,244618.76796484686
2019-07-26,-0.00026344983842322616,-7.307816189474465e-05,0.00017253554212572517,1.7836134402756336e-05,92407.1560907666,0.4838172824784892,0.18743062945965694,6.938893903907228e-17,1.3530843112619095e-16,5.187771870071578e-16,0.02208355980087588,-0.014116318464144554,False,227348.2354778652
2019-07-29,-0.00018999565140406875,6.666284628634816e-06,0.00017355405020891024,2.3107885823793313e-05,92389.59913295074,0.4859267105108334,0.4059001416817833,6.938893903907228e-18,0.0,1.8951853975046618e-16,0.06111552026073409,-0.0005646527385657821,False,224180.87610895027
2019-07-30,-7.847572932005182e-05,0.00011325665028265211,0.00017505155186235666,1.668082774034726e-05,92382.34879177719,0.4879509458886087,0.3144714739270978,-9.454242944073599e-16,-8.291978215169138e-16,4.753142324176451e-16,0.0566630725700762,0.026538678712591763,False,196024.28932822615
2019-07-31,-0.0002460746345362635,-5.72748403984036e-05,0.0001758763089079791,1.2923485229880769e-05,92359.61583906064,0.4952335403459994,0.5427601691653471,-2.0799334476961917e-15,-2.0261570199409107e-15,1.0477729794899915e-15,0.05593475446842798,0.019762845849802372,False,516468.3852842914
2019-08-01,-0.00024758736389384107,-4.835192412374301e-05,0.00017693022733864536,2.230521243145271e-05,92336.7487652448,0.4969661774443308,0.4101760943585846,4.054048763357798e-15,4.232725281383409e-15,1.4597698050344832e-15,0.07236938444705715,0.13043478260869568,False,294673.6604703917
2019-08-02,-8.192232942228023e-05,0.0001087852194794956,0.00017385099707882047,1.685655182295536e-05,92329.18432369467,0.48662987079064984,0.4227006546697839,-7.840950111415168e-16,-5.898059818321144e-16,4.354155924701786e-16,0.041171720219823474,-0.08413325804630155,False,191609.3240840134
2019-08-05,-0.00020443651688418848,2.5846572304325617e-05,0.00017816930984566393,5.211377934285016e-05,92310.30886684477,0.4991524797465761,0.37682563378480166,-1.1657341758564144e-15,-1.096345236817342e-15,8.083811398051921e-16,0.0515485112678902,-0.06493506493506496,False,176278.07353429377
2019-08-06,-0.00035400143080128196,-0.00016439185237897736,0.00017412359347224423,1.5485984950060387e-05,92277.6308854282,0.4883316850663685,0.16960052021969935,4.81385764583564e-16,3.226585665316861e-16,5.412337245047638e-16,0.04057943290076121,-0.026538678712591763,False,277657.9317489154
2019-08-07,-0.0001228445042031077,5.912695450068041e-05,0.00017500157431119773,6.969884392590366e-06,92266.29508561303,0.4918581969518549,0.5627140231518737,-1.7893672654700765e-15,-1.734723475976807e-15,4.371503159461554e-16,0.07442287730310607,-0.025409373235460195,False,525016.1206993687
2019-08-08,-0.0001478224915165902,5.204998198247625e-05,0.00017674723967090716,2.3125233828159265e-05,92252.65605199047,0.49609307268311875,0.3090333235008316,9.020562075079397e-17,9.71445146547012e-17,1.0408340855860843e-16,0.024884203481516626,-0.003952569169960475,False,280940.94827890996
2019-08-09,-0.0002014860052578571,-1.278540516520314e-05,0.00017600060049672938,1.2699999595924583e-05,92234.06843284813,0.49303349305202304,0.2587228488312339,4.215378046623641e-16,4.163336342344337e-16,1.0408340855860843e-16,0.03913946571451628,0.019762845849802372,False,193969.0141837241
2019-08-12,-0.00019406494473854068,1.4213470361079381e-05,0.0001763810775724817,3.1897337527138376e-05,92216.1690334547,0.49450309528083686,0.42710102300291725,-5.793976409762536e-16,-2.498001805406602e-16,1.2524703496552547e-15,0.038662082379385905,-0.006211180124223602,False,288172.23411198024
2019-08-13,-0.000249073596884472,-6.064831186546895e-05,0.0001708731881832667,1.7552096835736347e-05,92193.20042054263,0.47931566842499823,0.22122165258698936,-1.654926196081874e-15,-1.6445178552260131e-15,5.725671672895949e-16,0.027666308445537406,-0.042348955392433656,False,291891.0845060555
2019-08-14,-3.830986332602838e-05,0.00014638879031262124,0.0001756073528474034,9.091300791246206e-06,92189.66851163494,0.49224175909961315,0.523140142374259,-3.346281585159261e-15,-3.316791286067655e-15,1.061650767297806e-15,0.06392141700625563,-0.13043478260869568,False,325867.97659266816
2019-08-15,-0.00031620199573585,-0.00011616517527033909,0.0001785379105049248,2.149890996058612e-05,92160.51795446534,0.49953456061711843,0.26280426674354623,1.3791051634015616e-15,1.2177758801357186e-15,7.667477763817487e-16,0.02715978881221264,-0.23658949745906271,False,381096.41289118124
2019-08-16,-0.0002924608201799504,-0.00010494697052649208,0.0001767136743078332,1.080017534562513e-05,92133.56461379616,0.494984032346443,0.45891671353908503,-2.2646814978877217e-15,-2.1510571102112408e-15,6.088879400678593e-16,0.06229745810248263,-0.040090344438170535,False,369498.3357680977
2019-08-19,-0.00039505035188414414,-0.00016145628984185612,0.0001770152891402088,5.657877290207925e-05,92097.16721667514,0.4958664399399976,0.31991163568821995,6.088879400678593e-16,5.93275428784068e-16,6.088879400678593e-16,0.02409001768689435,-0.019762845849802372,False,322263.41392440675
2019-08-20,-0.00013794568519141461,5.255982275083564e-05,0.0001773584544208166,1.3147053521433672e-05,92084.46280983924,0.49662183182781633,0.3543887015163683,2.033095913844818e-15,1.915134717478395e-15,9.228728892196614e-16,0.05044794335166431,0.008469791078486732,False,266761.86933414795
2019-08-21,-0.00022182002700083802,-2.9611526658797097e-05,0.0001776445811016423,1.4563919240398613e-05,92064.0366318124,0.496196029215296,0.38936293164907126,-4.614364446098307e-16,-5.793976409762536e-16,3.408731630294426e-16,0.03798935886563073,0.07848673066064371,False,179232.23110601716
2019-08-22,-0.0002135594441935407,-1.834821978636466e-05,0.0001792100080380361,1.6001216369139936e-05,92044.37548731909,0.4978827582023439,0.3594887352257253,-1.9186041644303486e-15,-1.915134717478395e-15,6.245004513516506e-16,0.08059161671815264,-0.04573687182382835,False,147931.280204833
2019-08-23,-0.0002900434246805807,-0.00010200308650364477,0.00017326682851012522,1.477350966681071e-05,92017.67862143017,0.4805260618844318,0.33632394346454586,-1.5230872119076366e-15,-1.4432899320127035e-15,4.440892098500626e-16,0.03329350694885002,0.051383399209486175,False,106531.3310584532
2019-08-26,-0.00015224341455717492,6.696311493500847e-05,0.00017774193372258165,4.1464595769601724e-05,92003.66953583721,0.4973906525870071,0.46905185997215676,3.7088387916384136e-15,3.6741443221188774e-15,1.2117043479697998e-15,0.05522101505326808,0.011857707509881424,False,294758.79100747145
2019-08-27,-0.0002687651964664676,-7.433262112528953e-05,0.0001751564715067061,1.9276103834472043e-05,91978.94215151877,0.48911572208295767,0.24391919359956013,-1.3253287356462806e-15,-1.3600232051658168e-15,3.8163916471489756e-16,0.037892139235531835,-0.06832298136645965,False,151131.15635818182
2019-08-28,-0.0003034321772832511,-0.000118564415090219,0.00017484368574373504,1.0024076449297047e-05,91951.03278083753,0.488120546689928,0.501458278554604,9.020562075079397e-17,2.7755575615628914e-17,3.2786273695961654e-16,0.07423730363238196,-0.010728402032749858,False,192578.04967869923
2019-08-29,-0.00019777655010929315,-5.109418181200979e-06,0.00017205925746694405,2.060787446114811e-05,91932.84702279515,0.48065251517998564,0.3163851244033334,1.8319222007401326e-15,1.8457457784393227e-15,3.8337388819087437e-16,0.057439357782807045,-0.012987012987012988,False,241542.63105776656
2019-08-30,-0.000186423720332981,3.2863720757440448e-06,0.00017670796400858814,1.3002128400136913e-05,91915.70855943236,0.4903522526110907,0.3669309989763257,-1.4051260155412137e-16,-1.3877787807814457e-17,2.1684043449710089e-16,0.08427514862145147,0.05477131564088086,False,97826.66138353151
2019-09-03,-0.0002251051317208757,1.305748837648367e-05,0.00017784519560810037,6.031742448925901e-05,91895.01786174986,0.49596737061923285,0.5092858095623581,-1.2836953722228372e-16,-1.3183898417423734e-16,3.642919299551295e-17,0.05210492088987925,0.06719367588932806,False,139415.4354719474
2019-09-04,-0.00014817414145395667,4.933442757509626e-05,0.00017657901521142178,2.092955381763116e-05,91881.4013963743,0.4943934484566247,0.29343068007968015,-7.507883204027621e-15,-7.480127628411992e-15,1.6445178552260131e-15,0.033657016041083655,0.03557312252964427,False,268621.81032668415
2019-09-05,-0.00030625002094491013,-0.00011841513061379126,0.00017577609525935088,1.2058795071767985e-05,91853.26271527223,0.48990358634383663,0.5458920429096318,-2.220446049250313e-16,-2.1510571102112408e-16,4.163336342344337e-17,0.05852513422679707,-0.06606437041219651,False,193832.52694926623
2019-09-06,-0.00010639297001382051,6.995506458427267e-05,0.00015391411502646446,2.2433919571628713e-05,91843.4901738465,0.4271323685904472,0.46359234607966354,1.1136924715771102e-15,9.922618282587337e-16,1.1587952819525071e-15,0.04809071544492987,-0.13833992094861663,False,94226.10602077207
2019-09-09,-0.0004784013381740886,-0.0002449709740109101,0.0001762751434136311,5.715522074954741e-05,91799.55212524475,0.4924430477107577,0.5136568463918477,3.7192471324942744e-15,3.5388358909926865e-15,1.2524703496552547e-15,0.07249544530264229,0.07961603613777528,False,179194.43927392666
2019-09-10,-0.00043933461689340446,-0.00024045704248292716,0.00017776838894231935,2.1109185468157976e-05,91759.22140418082,0.49851358863073464,0.8622188608000185,-4.225786387479502e-15,-4.579669976578771e-15,3.1780134079895106e-15,0.08729047309603401,-0.17786561264822137,False,232312.85276099894
2019-09-11,-0.0008115822424962858,-0.0006015948849919575,0.0001745537056906287,3.543365181369957e-05,91684.7512495039,0.4891149621185011,0.9518337571562174,-2.310651670001107e-15,-2.3592239273284576e-15,1.0894063429134349e-15,0.09025410795816483,0.13833992094861663,False,349606.816135091
2019-09-12,-0.00011457480165807802,9.841924935678028e-05,0.00017387759524131502,3.911645577354327e-05,91674.2464873144,0.4860103024993552,0.6216193549696922,3.7470027081099033e-16,3.608224830031759e-16,7.28583859910259e-17,0.07099665689792385,-0.04573687182382835,False,238002.12498654687
2019-09-13,-0.0002357335979772661,-3.558448843829666e-05,0.00017460310864980403,2.5546000889165415e-05,91652.6357873481,0.4845544336435935,0.4471438322473276,-4.579669976578771e-15,-4.558853294867049e-15,1.1206313654810174e-15,0.04563705690761285,0.03557312252964427,False,102763.05811945745
2019-09-16,-0.00010520857099590689,0.0001286244125150435,0.0001787056617270327,5.512732178391768e-05,91642.9931445089,0.4999380265180142,0.4524231722598611,-1.5577816814271728e-15,-1.5421691701433815e-15,4.601354020028481e-16,0.08249452857553422,0.025409373235460195,False,211889.7785200986
2019-09-17,-0.00024372905823062002,-5.165678452010121e-05,0.00017347954060394912,1.85927331065697e-05,91620.65708409635,0.48543063446718643,0.38264642647713426,-4.11823353196894e-15,-4.385380947269368e-15,1.2836953722228372e-15,0.04690499263528063,0.07284020327498589,False,226231.5062523925
2019-09-18,-9.886062859872942e-05,9.545130775061092e-05,0.00017858674074069082,1.572519560864952e-05,91611.5994083444,0.4988890377378678,0.45416143249599905,-4.784367346744034e-15,-4.475586568020162e-15,2.5292268279741847e-15,0.05564195005300495,-0.11914172783738003,False,204810.09374931655
2019-09-19,-0.00012449131026362446,6.880424494466638e-05,0.00017463138674955097,1.8664168458739884e-05,91600.19456029871,0.48851326526930483,0.5287705102664866,-2.949029909160572e-16,-2.498001805406602e-16,3.2959746043559335e-16,0.07918292153311927,0.07509881422924902,False,236079.34785913365
2019-09-20,8.249932353950106e-05,0.00027855560403536783,0.0001743259855534084,2.1730294942458362e-05,91607.75151438602,0.48830368983841854,0.3450437643640854,-1.6653345369377348e-16,-2.7755575615628914e-17,6.975756777771736e-16,0.04382841042639907,0.12817617165443254,False,257288.99695849413
2019-09-23,-0.00015998802749503396,5.9007641080865205e-05,0.0001764560263940256,4.2539642181873556e-05,91593.09537091797,0.49301133052239976,0.35682965587104126,1.4849232954361469e-15,1.4589024432964948e-15,8.122842676261399e-16,0.07296349856498607,0.13382269904009036,False,170914.85330115058
2019-09-24,-0.00023242396246001988,-4.435501023508794e-05,0.0001734047197918755,1.4664232433056428e-05,91571.80694075789,0.48670064561750215,0.2626281347396061,1.3565537582138631e-15,1.3530843112619095e-15,2.8536201179818477e-16,0.05938456864303561,0.0220214568040655,False,203886.91830764152
2019-09-25,-0.00022122400382982058,-3.584753052813901e-05,0.00017458353625758824,1.0792937044093344e-05,91551.54905898852,0.48539183316797646,0.30356846873423415,-1.5959455978986625e-15,-1.582067810090848e-15,3.7133924407628527e-16,0.043345493929120626,-0.13495200451722192,False,143700.95732278968
2019-09-26,-0.00027495540619899974,-8.679751204728614e-05,0.00017568247762838883,1.2475416523324756e-05,91526.37646562885,0.49020841117958686,0.2952840190642563,-7.570333249162786e-15,-7.457576223224294e-15,1.4103301859691442e-15,0.04269517621588232,-0.04121964991530209,False,204644.95965799908
2019-09-27,-0.00024632177256063724,-5.714876242033014e-05,0.0001770380504527346,1.2134959687572486e-05,91503.83152634179,0.4948928267627219,0.44075515162219436,-1.3229001227799131e-14,-1.304512053934559e-14,2.1431424343520966e-15,0.0701175574194442,0.0220214568040655,False,400672.52443758526
2019-09-30,-0.00028606908926671567,-5.55373015564938e-05,0.00017619211148282643,5.433967622739546e-05,91477.65510859263,0.4925638339607501,0.5400537748418518,3.025411952212176e-15,2.9698465908722937e-15,5.134781488891349e-16,0.06610543528232021,-0.005081874647092039,False,397742.4882801697
2019-10-01,-0.000360831630610403,-0.00016312778739815484,0.00017550985246532288,2.2193990746925292e-05,91444.64707713538,0.48938446911837025,0.39755065403516954,-1.0755285551056204e-15,-1.0581813203458523e-15,2.220446049250313e-16,0.061651736068590215,-0.028797289666854884,False,201834.48235098724
2019-10-02,-0.00010397945237280462,8.917015433961876e-05,0.00017681190860138898,1.633769811103441e-05,91435.13871280987,0.4934268999478777,0.6601723560946643,1.388646142519434e-15,1.3877787807814457e-15,7.424616477180734e-16,0.07611906429308188,-0.13833992094861663,False,101619.84484695816
2019-10-03,-0.0002675385974527431,-6.84746917725351e-05,0.00017193353488179717,2.713037079841081e-05,91410.67628404075,0.48134031833410545,0.38922709090449725,-3.0322966360074588e-15,-2.9559688030644793e-15,7.4593109467002705e-16,0.02893702900243047,0.011857707509881424,False,244659.42321801028
2019-10-04,-0.0002713874706683612,-8.088531870910855e-05,0.00017450651808646498,1.5995633872787682e-05,91385.86857181194,0.48813892142527865,0.41225391635519937,-4.475586568020162e-16,-4.510281037539698e-16,1.1102230246251565e-16,0.03795561724028961,0.051383399209486175,False,252212.78021130862
2019-10-07,-0.00018037165587195343,4.66450032836941e-05,0.00017619083385158178,5.082582530406573e-05,91369.38515137434,0.4936346884395367,0.40071265682516966,-1.4051260155412137e-16,-1.6653345369377348e-16,3.443426099813962e-16,0.06227956580571789,0.007340485601355168,False,312125.0549241693
2019-10-08,-0.00012823344685000565,6.493250729054865e-05,0.00017669831070938293,1.646764343117136e-05,91357.66854017982,0.49444875711605757,0.3533711312471072,-8.083811398051921e-16,-7.389922007661198e-16,5.585809592645319e-16,0.053812245099106426,-0.02089215132693394,False,231375.7773283446
2019-10-09,-0.00014430525826781806,4.296413072983823e-05,0.00017274728771352854,1.4522101284127724e-05,91344.48514822638,0.4823773423068887,0.41470187336520853,2.3071822230491534e-15,2.2152418788223827e-15,4.753142324176451e-16,0.07417510519732314,-0.07284020327498589,False,255427.67748675696
2019-10-10,-0.00017930717958407065,1.3901683919155217e-05,0.00017616632076219,1.7042542741035867e-05,91328.1064262239,0.4936009822022329,0.31490732000292476,1.5456386170953351e-15,1.457167719820518e-15,1.8561541192951836e-15,0.029796946160871356,0.011857707509881424,False,215850.51501838246
2019-10-11,-0.0001648890118743149,2.456914034328219e-05,0.0001765167555051482,1.29413967124489e-05,91313.04742499892,0.49263145047199774,0.437468008999375,-4.683753385137379e-15,-4.468647674116255e-15,9.08995101411847e-16,0.07622773182347042,-0.11123658949745907,False,188234.14617455553
2019-10-14,-0.00024875307744042896,-1.857207948405602e-05,0.00017624658588795628,5.393441206841667e-05,91290.33302344149,0.4934638425454638,0.13674475333789185,-8.921682836948719e-15,-8.878314750049299e-15,1.495765317161002e-15,0.023220119103432385,-0.0852625635234331,False,203603.29641682655
2019-10-15,-0.00014987056164578834,3.380063310205457e-05,0.00017805154735039494,5.619647397447974e-06,91276.65128995843,0.4968897602668149,0.4357423616612347,-8.085546121527898e-15,-7.754213937616328e-15,2.688821387764051e-15,0.06799115323339408,0.08752117447769624,False,156559.0673302403
2019-10-16,-4.350271638864104e-05,0.00015361903602385677,0.00017921453207025496,1.790722034224285e-05,91272.68050768446,0.4982865268942836,0.5883559450875137,1.457167719820518e-16,2.498001805406602e-16,4.163336342344337e-16,0.08535541876635142,0.07284020327498589,False,105404.89003232382
2019-10-17,-0.00013895156147160608,6.20891591212244e-05,0.00017686170915087786,2.4179011441952617e-05,91259.99802620822,0.49518209675192704,0.3136426110182838,3.9760946271560904e-15,4.010680676458378e-15,7.806255641895632e-16,0.024329949519017402,-0.009599096555618296,False,233153.05441897662
2019-10-18,-9.170257054048517e-05,9.763150932819914e-05,0.00017644465749807006,1.2889422370614244e-05,91251.6292498017,0.49281504599231485,0.4633958891576359,5.2735593669694936e-15,5.204170427930421e-15,1.0408340855860843e-15,0.05136720847668418,0.014116318464144554,False,236264.37208037716
2019-10-21,-0.00022549373065532477,8.820254281226379e-06,0.0001771829849034186,5.713100003313254e-05,91231.05257949379,0.4929863560620272,0.38427569616114604,1.1102230246251565e-16,1.3877787807814457e-16,4.163336342344337e-17,0.07388912679798074,-0.0694522868435912,False,129922.4759809159
2019-10-22,-0.00016668980172654125,2.4257317218431178e-05,0.00017515496704793902,1.57921518970334e-05,91215.845293428,0.4900975766545609,0.3924475622559309,-8.951173136040325e-16,-9.020562075079397e-16,2.636779683484747e-16,0.03821041582804521,0.08977978543195936,False,173933.68899239367
2019-10-23,-0.00016875088684936622,2.4881977818492864e-05,0.00017750488265734133,1.612798201051775e-05,91200.45253864003,0.4932494151414861,0.5591813250463951,-2.2516710718178956e-15,-2.248201624865942e-15,5.93275428784068e-16,0.06353432813248847,-0.09542631281761718,False,102633.65317884956
2019-10-24,-0.00041863559818684684,-0.00022003984979296592,0.00017561569393991934,2.298005445396153e-05,91162.2727826366,0.4884462549973077,0.5165654433169379,1.8388068845354155e-16,2.7755575615628914e-17,5.273559366969494e-16,0.06498392819850227,-0.009599096555618296,False,93596.16231656002
2019-10-25,-0.00028912957990731363,-8.86725944933843e-05,0.00017922826856528806,2.1228716848641272e-05,91135.91507300356,0.4974549750572025,0.4956624270594684,1.8457457784393227e-15,1.8457457784393227e-15,9.684093804640526e-16,0.05570140764719386,-0.04912478825522304,False,139971.909241449
2019-10-28,-0.0006963891696440786,-0.00045809959758264527,0.0001771805057116361,6.110906634979725e-05,91072.44900878111,0.49533516549056655,0.5879894710825859,4.687222832089333e-15,4.6351811278100286e-15,9.853229343548264e-16,0.08078759643745759,-0.07848673066064371,False,161422.93611106795
2019-10-29,-0.0004483696770140661,-0.0002487433672799697,0.000175462358867689,2.4163950866407445e-05,91031.61488423416,0.4894109074528177,0.46889714765563856,8.257283745649602e-16,7.632783294297951e-16,2.96637714392034e-16,0.09390767292439368,0.15640880858272163,False,174046.40925648544
2019-10-30,0.0002261090883877172,0.00041542565828792,0.00017004682410613552,1.9269745794067305e-05,91052.19795969011,0.47330765032721067,0.48913815850889314,5.689893001203927e-16,5.967448757360216e-16,1.7954387976359953e-16,0.09988494849947181,-0.08074534161490683,False,139071.0576401476
2019-10-31,-0.0004480193630323407,-0.0002539546491811559,0.00017396314569328511,2.010156815789969e-05,91011.40481195752,0.48965710540848,0.27837126088691355,1.2490009027033011e-15,1.3739009929736312e-15,5.204170427930421e-16,0.03596955721920218,-0.015245623941276118,False,479579.4200122653
2019-11-01,-9.362536579899381e-05,9.404568561604374e-05,0.00017623113658406855,1.1439914830968998e-05,91002.88383589011,0.49456744693202914,0.46002607888923613,-8.326672684688674e-17,-1.1102230246251565e-16,3.469446951953614e-17,0.05789721092636469,0.026538678712591763,False,265938.0606079315
2019-11-04,-0.0004293149067821431,-0.00019611275603288695,0.00017648660677661062,5.671554397264556e-05,90963.8149412992,0.49369334396844816,0.4546648132626355,-4.9404924595819466e-15,-5.096617572419859e-15,9.54097911787244e-16,0.050555892248171606,-0.04573687182382835,False,292953.479395099
2019-11-05,-3.500193812289649e-05,0.00016139152917177122,0.00017770861195510714,1.868485533956057e-05,90960.63103147721,0.4978628613947307,0.46476376570009137,4.08006961549745e-15,4.003741782554471e-15,1.3600232051658168e-15,0.08676910400325898,0.07058159232072277,False,201661.77548005932
2019-11-06,-0.00021693055544420956,-2.0987069839924433e-05,0.00017684360482208975,1.909988078219537e-05,90940.89889126399,0.49639630438877946,0.19873686793297649,-1.4814538484841933e-15,-1.5439038936193583e-15,5.065392549852277e-16,0.019183123103565455,0.031055900621118016,False,214029.393265698
2019-11-07,-0.00018998860845834185,-7.512140897454814e-06,0.00017430919901569616,8.167268545190874e-06,90923.62115643169,0.48772623131700416,0.550072511114455,1.3530843112619095e-15,1.3600232051658168e-15,2.671474153004283e-16,0.059036852022093224,-0.0016939582156973462,False,201633.49358788194
2019-11-08,-0.0001128111049482887,8.627192057440245e-05,0.00017647730588785058,2.2605719634840563e-05,90913.36396226313,0.4938533301270896,0.5467623030093334,1.3530843112619095e-15,1.4190038033490282e-15,3.209238430557093e-16,0.08360122126909499,0.08865047995482779,False,136490.00655061402
2019-11-11,-9.662522042537448e-05,0.0001486532515758808,0.00017786942094531023,6.740905105594504e-05,90904.57943843066,0.4956374917982308,0.5920530820827193,-1.4065137943219952e-14,-1.4127587988355117e-14,4.364564265557647e-15,0.09777002570845489,0.019762845849802372,False,135521.19102273957
2019-11-12,-0.0001683755683692414,2.9310867588576636e-05,0.00017335548737907556,2.4330948578742463e-05,90889.27332820035,0.4871386985187287,0.45917311225332,-2.7755575615628914e-17,-5.551115123125783e-17,1.3530843112619095e-16,0.06253481737341911,0.009599096555618296,False,190424.5023375894
2019-11-13,-0.00017469449386938818,1.6947955842855243e-05,0.00017277232181142204,1.887012790082137e-05,90873.39547259812,0.4838419425243661,0.3839915508619937,-7.632783294297951e-16,-5.100087019371813e-16,8.27463098040937e-16,0.05963393429957955,-0.1609260304912479,False,134961.01155539707
2019-11-14,-0.00034144508256249954,-0.0001505026780148571,0.00017516192985468374,1.5780474692958675e-05,90842.36719857824,0.49211101969678844,0.2982359703744177,-9.75781955236954e-16,-9.43689570931383e-16,3.920475055707584e-16,0.060443181242145344,0.012987012987012988,False,166657.88602641175
2019-11-15,-0.0002497128323210024,-6.553756394572354e-05,0.00017191899562016575,1.2256272755113096e-05,90819.68269377034,0.48312665862690524,0.36865162963713666,-6.373374050738789e-15,-6.349087922075114e-15,1.1032841307212493e-15,0.05074798456664216,-0.018633540372670808,False,186363.63118102474
2019-11-18,-0.00024160539077080562,-2.237237642127544e-05,0.00017378281343536186,4.5450200914168325e-05,90797.74016884343,0.4881532642957603,0.40413438789930256,1.3600232051658168e-15,1.2975731600306517e-15,3.677613769070831e-16,0.053560285579823105,-0.04912478825522304,False,223916.965989184
2019-11-19,-0.00032840364429550844,-0.00013908762533334194,0.00017270775644575683,1.660826251640964e-05,90767.92186007819,0.48587739843970856,0.30235120473979793,-3.219646771412954e-15,-2.8935187579293142e-15,5.750608322863116e-16,0.038864998435674605,0.0005646527385657821,False,225347.2385829395
2019-11-20,-0.00022653425452466265,-3.995944669027497e-05,0.00017414941585877942,1.2425391975608263e-05,90747.35981656486,0.48975932195140914,0.410461210470774,-2.5413698923060224e-15,-2.6922908347160046e-15,1.1362438767648086e-15,0.04821837872522723,-0.0220214568040655,False,229451.7935845271
2019-11-21,-0.00022121544696088088,-3.1536137987913004e-05,0.0001728110400495113,1.686826892345657e-05,90727.28509880252,0.48242879027417196,0.5721532481210776,6.245004513516506e-17,4.163336342344337e-17,3.9898639947466563e-17,0.06339360000843196,0.012987012987012988,False,110512.44490364933
2019-11-22,-0.00019619965139814661,4.0091735069578536e-06,0.00017669567772204647,2.351314718305798e-05,90709.48443709382,0.4972099265264299,0.45269463599041715,-1.366962099069724e-15,-1.1657341758564144e-15,9.26342336171615e-16,0.07099876550061548,0.1225296442687747,False,225744.47629688264
2019-11-25,-3.4827545047450936e-05,0.00019837370895855945,0.0001773895865551369,5.58116674508735e-05,90706.32524843836,0.49890677160517977,0.2739162894807991,-2.6298407895808396e-15,-2.67841304690819e-15,5.204170427930421e-16,0.036657042558582445,0.032185206098249576,False,173508.87309348243
2019-11-26,-0.00016855446381677818,1.6873343844579575e-05,0.00017417097384707825,1.1256833814279526e-05,90691.03629242131,0.48933898490215344,0.4708453558112237,9.391792898938434e-15,9.18709552877317e-15,1.835337437583462e-15,0.0511738436178369,-0.07961603613777528,False,161974.35707926613
2019-11-27,-0.0001520395261277447,4.263556946693968e-05,0.00017532528645175776,1.9349809142926615e-05,90677.24767023938,0.49086104904744055,0.7386020948868368,8.743006318923108e-15,8.631984016460592e-15,1.5751289161869408e-15,0.06498816884693573,-0.003952569169960475,False,149134.88886718848
2019-11-29,-0.0002120196684055035,2.5324313006206786e-05,0.00017663695991416276,6.070702149754751e-05,90658.02231025642,0.49603072211615495,0.4857229884839748,9.870576578308032e-15,9.704043124614259e-15,1.3739009929736312e-15,0.060837711585278086,-0.101072840203275,False,162280.3182963747
2019-12-02,-0.00040469549958888236,-0.00017163090782791067,0.0001731809356465103,5.988365611446143e-05,90621.33341662583,0.48645506373693975,0.28275536871913803,1.6965595595053173e-15,1.6445178552260131e-15,1.0061396160665481e-15,0.04262907923189657,-0.08413325804630155,False,174989.42365135252
2019-12-03,-0.00023320267474115312,-4.71212552309382e-05,0.000174461335864223,1.1620083645991906e-05,90600.20027928446,0.4886519546428879,0.3816018477666838,4.9769216525774596e-15,5.023759186428833e-15,1.2993078835066285e-15,0.0492982544279411,0.08187464709203841,False,102660.95798766571
2019-12-04,-0.00010194073322879982,8.519806061576656e-05,0.00017145652612812753,1.5682267716438855e-05,90590.9644284373,0.4832389729714883,0.32937858094369754,1.97758476261356e-16,1.5265566588595902e-16,1.2836953722228372e-16,0.047732317290070464,0.14963297571993225,False,263334.20252173615
2019-12-05,-0.00011642663616442238,7.143347845509863e-05,0.00017432400855334166,1.3536106066179342e-05,90580.41722718201,0.4880240999935865,0.4642885757360852,8.07860722762399e-15,7.598088824778415e-15,1.8908485888147197e-15,0.04550798949488598,0.028797289666854884,False,147168.1881814326
2019-12-06,-0.00019355133462870187,2.8061546625138885e-06,0.00017727713686370574,1.9080352427510017e-05,90562.88526653647,0.4966191110259663,0.4201154143205784,-4.336808689942018e-17,-4.85722573273506e-17,2.7755575615628914e-17,0.03864510242859652,-0.0220214568040655,False,136361.5749201394
2019-12-09,-0.0002587719837034055,-3.3365004397466925e-05,0.0001736119282253193,5.179505108061925e-05,90539.45012906614,0.4867864997740291,0.2906197407615623,-2.0816681711721685e-17,-2.0816681711721685e-17,7.28583859910259e-17,0.030469735667585922,-0.051383399209486175,False,95678.04799758988
2019-12-10,-0.00021641604254248284,-5.079919106629663e-05,0.00015367357445858777,1.194327701759845e-05,90519.85593957524,0.4311233695044395,0.286819605165596,1.7659484985443896e-15,1.5612511283791264e-15,8.153200337090993e-16,0.03003428869753413,0.10559006211180126,False,93140.2378580058
2019-12-11,-5.192269155394684e-05,0.00013859199867056628,0.00017872758316291336,1.178710706159976e-05,90515.15590501578,0.4991908968079785,0.3983192110662095,-4.163336342344337e-16,-4.440892098500626e-16,5.950101522600448e-16,0.057364875337206224,-0.20948616600790515,False,126255.81469687578
2019-12-12,-0.0002704570631421458,-7.730532213823902e-05,0.00017678245835735023,1.636928264655657e-05,90490.67544177987,0.49737313806792727,0.35438776788180376,-3.587408148320037e-15,-3.469446951953614e-15,8.291978215169138e-16,0.05611728909083192,-0.033314511575381144,False,170746.06318152492
2019-12-13,-0.00016283758441279237,-3.859791895173404e-05,0.00010967578458920323,1.4563880871855095e-05,90475.94015877903,0.3095655103501335,0.4861056819031283,3.3792413312028202e-15,3.3029134982598407e-15,6.904199434387692e-16,0.09914090873349156,-0.016374929418407683,False,253790.986723758
2019-12-16,-0.0002572131865214417,-2.3951319589725372e-05,0.0001733310294368105,5.993083749490581e-05,90452.66855390728,0.4857115552462566,0.6811977941815125,-7.494005416219807e-16,-7.077671781985373e-16,2.6020852139652106e-16,0.09648307639855074,0.02992659514398645,False,124151.93394539434
2019-12-17,1.0015550326845152e-05,0.00021261965563674056,0.000174609675412025,2.7994429897870408e-05,90453.57448716139,0.48958921863867616,0.4524139534982734,-7.13318293321663e-15,-6.897260540483785e-15,1.4432899320127035e-15,0.05953563450267073,0.007340485601355168,False,103421.73824084553
2019-12-18,-0.00031656210812601736,-0.00012785653557321027,0.00017011321829945312,1.859235425335399e-05,90424.9403129342,0.4764655237188958,0.37413171447867516,1.2073675392798577e-15,1.2212453270876722e-15,4.0592529337857286e-16,0.03639600970086864,-0.10559006211180126,False,103993.70301696574
2019-12-19,-0.0003866895821757019,-0.00019475456840283188,0.0001765597378353903,1.537527593747975e-05,90389.97393054633,0.49494861473871055,0.40809561402526257,-2.67841304690819e-15,-2.348815586472597e-15,7.355227538141662e-16,0.03555484554887671,0.009599096555618296,False,154899.21340308333
2019-12-20,-0.00023205617847952168,-4.192100540429911e-05,0.00017336412044404728,1.6771052631175286e-05,90368.99837862315,0.48685025388368186,0.2927559753285802,-3.559652572704408e-15,-3.608224830031759e-15,1.1553258350005535e-15,0.04347499949729532,-0.040090344438170535,False,151756.46145976175
2019-12-23,-0.00034064201287573167,-0.00013056270463368837,0.00017398610580427268,3.60932024377706e-05,90338.21490111388,0.4895493059581335,0.5501387295349771,-3.524958103184872e-15,-3.4208746946262636e-15,9.783840404509192e-16,0.0841175133161823,0.12817617165443254,False,184447.73446188137
2019-12-24,-0.00010152450721288913,9.305624461988744e-05,0.00017197231089298285,2.2608440939793722e-05,90329.04335836356,0.4823627621776864,0.4330395625272973,-3.2959746043559335e-16,-3.7470027081099033e-16,3.200564813177209e-16,0.05632261037138968,0.07509881422924902,False,128636.8300197793
2019-12-26,-0.00021059769043462403,1.2221519857558453e-06,0.00017622754960991706,3.5592292810462814e-05,90310.02027045313,0.49690664380784694,0.4166877361056277,4.0696612746415894e-15,3.899658373995862e-15,2.1510571102112408e-15,0.04077876056060977,0.011857707509881424,False,303087.67025953595
2019-12-27,-0.0002115715550139302,-1.656004394301234e-05,0.00017788735753233062,1.712415353858727e-05,90290.91323903117,0.49963320702641806,0.3847418083769647,5.553717208339748e-15,5.384581669432009e-15,1.2476998600963185e-15,0.0330433618641482,0.0694522868435912,False,168445.5340201454
2019-12-30,-0.0001934100518955604,1.6888854228801517e-05,0.00016286498454364093,4.743392158072099e-05,90273.45006881592,0.45727340716608805,0.4244859993913519,3.0184188481996443e-16,3.0531133177191805e-16,4.423544863740858e-16,0.08531965121459985,0.010728402032749858,False,92479.9651255516
2019-12-31,-0.00025784507088417286,-8.254309586650262e-05,0.00015785734490569687,1.7444630111973356e-05,90250.17350468396,0.4433167964964294,0.3632991145502853,5.818262538426211e-15,5.780098621954721e-15,1.5595164049031496e-15,0.04251254650548653,0.040090344438170535,False,94615.34529407445
2020-01-02,-0.0001549694918208483,5.1336388629254636e-05,0.00017644567925418955,2.9860201195913376e-05,90236.1874811592,0.49666246554986804,0.47146036867212077,-4.458239333260394e-16,-4.0245584642661925e-16,6.938893903907228e-17,0.04874785095045832,0.015245623941276118,False,126378.44912749591
2020-01-03,1.6269835556976052e-05,0.00020079926847975144,0.0001651543492787156,1.9375083644059777e-05,90237.65560909081,0.4645684649983104,0.39020795112806783,2.6142282782970483e-15,2.6922908347160046e-15,4.753142324176451e-16,0.09899244020477581,0.040090344438170535,False,115196.3521029786
2020-01-06,-0.0003147910303896837,-9.440910131801498e-05,0.00017227409948053734,4.810782959113134e-05,90209.24960450167,0.48508566502856965,0.34200851652618286,-2.220446049250313e-16,-2.0816681711721685e-16,9.199455433539505e-17,0.0412743553630111,-0.14963297571993225,False,173042.99598107685
2020-01-07,-0.0001793771800153512,2.7534202307044033e-06,0.00016807545573128095,1.4055144514774647e-05,90193.06812369631,0.4715382041398726,0.4885790012451451,1.700029006457271e-16,2.220446049250313e-16,4.336808689942018e-17,0.09866370830611416,-0.10671936758893281,False,101950.22287000756
2020-01-08,-0.0002073056325246952,-3.3938843011475005e-05,0.000153288200420954,2.0078589092266223e-05,90174.37059265959,0.43047053842269783,0.5675098933448122,4.0592529337857286e-16,4.683753385137379e-16,2.0816681711721685e-16,0.08929385588674897,-0.04347826086956522,False,92565.78191333184
2020-01-09,-0.00017403645573181,2.4533685622027824e-05,0.00017524781696980448,2.3322324384033362e-05,90158.6769648038,0.492775241167395,0.5145810484565073,5.273559366969494e-16,5.273559366969494e-16,2.2898349882893854e-16,0.05657087215544157,0.06380575945793338,False,106629.33389641515
2020-01-10,-0.00024349231305648402,-4.64272047103021e-05,0.00017591794197125698,2.1147166374924935e-05,90136.72402000753,0.4946812965997451,0.5463109789520624,3.066991105526995e-15,2.9976021664879227e-15,7.472321372770097e-16,0.0741886565992592,0.03444381705251271,False,95165.4544750734
2020-01-13,-0.0001627257244838736,8.009992937120579e-05,0.00017547224549112686,6.735340836395252e-05,90122.05645628877,0.49151536800000495,0.3803112171506194,-6.0645932720149176e-15,-5.9396931817445875e-15,1.1726730697603216e-15,0.06518774358690604,0.018633540372670808,False,117996.24789762522
2020-01-14,-0.00018997781704144597,1.7039542301063447e-06,0.00017605254316947183,1.5629228102080493e-05,90104.93526473592,0.4961852415094308,0.3803304113493495,3.677613769070831e-16,4.163336342344337e-16,3.226585665316861e-16,0.08255687733445279,-0.015245623941276118,False,123952.967342259
2020-01-15,-0.00017808150275491956,-1.66022106028591e-05,0.00014584927524729268,1.5630016904767775e-05,90088.88924245835,0.4095895009024692,0.3602757696562415,1.8735013540549517e-16,1.6653345369377348e-16,1.2620113287731272e-16,0.05623609822051144,0.1485036702428007,False,92023.61089146981
2020-01-16,-0.00012807023050892218,6.033826559307976e-05,0.00017360264255448517,1.4805853547516766e-05,90077.35153764678,0.4887129185377456,0.3929629486146812,3.3792413312028202e-15,3.1502578323738817e-15,6.140921104957897e-16,0.06036261789773325,-0.017504234895539244,False,106866.31598339659
2020-01-17,-0.00014815485957586085,4.229184370975692e-05,0.0001742975410137817,1.6149162271836072e-05,90064.00614027875,0.49087074775643524,0.4219066752880305,-7.771561172376096e-16,-7.771561172376096e-16,2.8622937353617317e-16,0.056112992843239784,-0.04347826086956522,False,100527.1126913439
2020-01-21,-0.00018594143829330482,5.987363596376713e-05,0.00017646055229191617,6.93545219651558e-05,90047.25950943858,0.4968355943973142,0.4822347579090869,1.8735013540549517e-16,1.942890293094024e-16,3.920475055707584e-16,0.06570207198657593,0.1202710333145116,False,125961.88988425984
2020-01-22,-0.00014049362681639786,5.299630497589625e-05,0.00017367206502890697,1.9817866763387125e-05,90034.60844336521,0.48814155175064805,0.32333855993661537,-1.2836953722228372e-16,-1.6653345369377348e-16,1.6306400674181987e-16,0.040775621448578055,-0.050254093732354614,False,103015.6240996135
2020-01-23,-8.340969605571177e-05,9.550561855045509e-05,0.00016562742858137444,1.3287886024792418e-05,90027.09868404047,0.46760132254019,0.5563550568883496,3.191891195797325e-15,3.219646771412954e-15,5.967448757360216e-16,0.09883122190295432,0.025409373235460195,False,201336.54216987407
2020-01-24,-0.0003141562034584301,-0.00011805148753636315,0.0001732408094746007,2.2863906447466292e-05,89998.8161125095,0.48778296241164637,0.3530585314077497,-7.268491364342822e-16,-8.465450562766819e-16,8.187894806610529e-16,0.043545346600621385,0.06380575945793338,False,171468.20969659975
2020-01-27,-0.00015107975387153408,6.779670444426698e-05,0.00017534869416964004,4.352776414616101e-05,89985.2191135225,0.4946117807946958,0.5706803251826535,-2.0816681711721685e-15,-2.0816681711721685e-15,4.440892098500626e-16,0.07363565094429624,-0.09316770186335405,False,180514.38995201193
2020-01-28,-0.00032430860029831294,-0.00012901978040467629,0.00017183620379023984,2.3452616103396807e-05,89956.03613306426,0.48232534038210956,0.40900185338303285,3.094746681142624e-15,3.0461744238152733e-15,7.424616477180734e-16,0.07406025221287486,-0.1044607566346697,False,99116.20314544321
2020-01-29,-0.00031025974138764346,-0.0001233256832763477,0.0001701257627667877,1.6808295344508072e-05,89928.12639655736,0.4771342035664945,0.5727235906077255,-2.42861286636753e-17,-4.163336342344337e-17,5.204170427930421e-17,0.07248969608267633,-0.051383399209486175,False,91487.5746820998
2020-01-30,-0.0004006677942582235,-0.0001991683486973965,0.00017796285964544103,2.353658591538598e-05,89892.09509251227,0.4994537922117909,0.4964806143360227,1.5681900222830336e-15,1.5265566588595902e-15,9.593020822151743e-16,0.08066990524488211,0.03444381705251271,False,145265.40959324612
2020-01-31,-0.00013563205625544838,6.273540288276053e-05,0.00017796414622029024,2.0403312917918676e-05,89879.90284281377,0.49701615307499136,0.4916378733470014,-2.5413698923060224e-16,-2.7755575615628914e-16,4.145989107584569e-16,0.07533814908170063,0.03670242800677584,False,98278.40268080102
2020-02-03,-0.00043156497086630245,-0.00019351692785612531,0.00017743515451534134,6.061288849483581e-05,89841.11382516194,0.4999265701188064,0.598667269178995,3.0531133177191805e-15,3.3306690738754696e-15,8.72565908416334e-16,0.09005179457693802,-0.059288537549407126,False,162883.9734527986
2020-02-04,-0.0003490173940818581,-0.00015666752918970013,0.00016774710040535012,2.4602764486807883e-05,89809.75771373327,0.472590360327796,0.5018191733034523,5.051514762044462e-15,5.162537064506978e-15,1.9984014443252818e-15,0.09988151156038805,-0.007340485601355168,False,132013.4450507075
2020-02-05,0.00031780678095237196,0.0005125990107677825,0.00017416952406321405,2.0622705752196457e-05,89838.29986373038,0.4900338366145046,0.4835894153499057,-9.610368056911511e-16,-8.604228440844963e-16,2.1163626406917047e-16,0.09985506176763646,-0.023150762281197064,False,140091.08799838985
2020-02-06,-0.0002080998339113795,-3.327012243905663e-05,0.00015495617385520344,1.9873537617119447e-05,89819.60452844987,0.4338602080249225,0.1782401759048686,3.0878077872387166e-16,2.671474153004283e-16,8.326672684688674e-17,0.023084737612337074,-0.06041784302653869,False,92436.03660033949
2020-02-07,-0.00021851557136147912,-3.935076675761383e-05,0.00017183986586804878,7.324938735816505e-06,89799.97754624688,0.48180983788369774,0.36377823123509945,-2.4875934645507414e-15,-2.525757381022231e-15,5.837344496661956e-16,0.051479606975346724,-0.08413325804630155,False,115880.65221789965
2020-02-10,-0.00023713597323191267,-1.7572184632895304e-05,0.00017471441762482672,4.4849370974190654e-05,89778.68274117525,0.4917010903781651,0.4452312939667853,5.672545766444159e-16,5.134781488891349e-16,2.949029909160572e-16,0.09842064720061897,0.010728402032749858,False,164076.48667771023
2020-02-11,-0.000326005143547277,-0.00013251573062760726,0.00017519223645528134,1.8297176464388415e-05,89749.41442882072,0.49408745136895277,0.26192445853261836,-1.5355772209346696e-14,-1.592476150946709e-14,3.796225486740745e-15,0.019464975101185836,0.04347826086956522,False,161595.60797448794
2020-02-12,-0.0001802268260977999,5.326051285730135e-06,0.0001747888585397232,1.0764018843806865e-05,89733.23917671408,0.4931644980807226,0.44570357436844527,-7.681355551625302e-15,-7.494005416219807e-15,1.5300261058115439e-15,0.04978289790616433,-0.1485036702428007,False,317718.635453078
2020-02-13,-0.0001567929662023931,3.836473987965021e-05,0.0001768411208340247,1.8316585248018615e-05,89719.1696359766,0.496698818186462,0.4160352225881896,1.3614164049574606e-14,1.350655698395542e-14,2.5673907444456745e-15,0.08401085822087609,-0.11236589497459064,False,213367.1900242206
2020-02-14,-0.00033219925555633,-0.0001386830573526514,0.000176418860289096,1.7097337914582576e-05,89689.36499461441,0.4957205359985851,0.23733339467477416,-1.2784912017949068e-15,-1.3600232051658168e-15,4.996003610813204e-16,0.03181918640842056,-0.08865047995482779,False,150370.98465512847
2020-02-18,-0.00032199897504445364,-0.00010749717004547511,0.0001754880962853168,3.901370871366171e-05,89660.48511101375,0.4935797238518904,0.40799582100139653,6.295311494319833e-15,6.217248937900877e-15,2.3800406090401793e-15,0.0620658712091055,0.02428006775832863,False,154294.8338376544
2020-02-19,-0.00017956175917709726,1.4240775768374912e-05,0.00017703558339746982,1.6766951548002338e-05,89644.38551657855,0.4969439776732237,0.32423913310788655,-1.7312540290248535e-15,-1.6167622796103842e-15,6.871673369213127e-16,0.03837408903191971,-0.10220214568040656,False,136405.71413609435
2020-02-20,-0.0001492496341384649,3.6830018687750035e-05,0.00017275475694506883,1.3324895881146093e-05,89631.00612483763,0.4860660493537529,0.48608086544995033,4.433953204596719e-15,4.260480856999038e-15,1.0894063429134349e-15,0.057478656554245264,-0.0016939582156973462,False,199221.51534295903
2020-02-21,-0.00035883052273247556,-0.00016325193911930104,0.00017560265763577948,1.9975925977395033e-05,89598.84378405682,0.4948054073951912,0.566989641804925,-9.645062526431047e-15,-9.936496070395151e-15,2.2620794126737565e-15,0.07727446430989486,0.0016939582156973462,False,218295.3601980458
2020-02-24,-1.3237152080788821e-05,0.00023003116022374433,0.00017336547975323982,6.990283255129332e-05,89597.65775053539,0.4879469038553501,0.4536314434458219,6.682154829462661e-15,6.813993813636898e-15,1.5439038936193583e-15,0.08084322385590444,-0.02428006775832863,False,211874.8843758594
2020-02-25,-0.00024805956152980244,-5.622995648299381e-05,0.0001731872169599943,1.864238808681432e-05,89575.4321948397,0.4847631718289365,0.156774339383578,-3.161533534967731e-16,-2.914335439641036e-16,7.632783294297951e-17,0.02429719125191701,-0.11801242236024848,False,133693.7935563489
2020-02-26,-0.00025133532697959405,-7.047067222832529e-05,0.00017442187368071077,6.4427810705580114e-06,89552.91872429967,0.490005926492146,0.540281117146786,-1.4883927423881005e-15,-1.6167622796103842e-15,9.311128257305512e-16,0.06629982764829186,0.050254093732354614,False,213208.04131918255
2020-02-27,-0.0001397006682834504,5.5659486394357466e-05,0.00017315682109643303,2.2203333581374824e-05,89540.40812170715,0.4852488386785317,0.528403924211262,-6.245004513516506e-16,-6.38378239159465e-16,4.649058915617843e-16,0.05727569051305304,0.06267645398080182,False,195193.21757089748
2020-02-28,-0.00018166989979960047,1.6544038596358595e-05,0.00017649870863385237,2.1715229762106684e-05,89524.14132473567,0.49298377329571824,0.5172440417239598,1.0685896612017132e-15,1.0477729794899915e-15,4.718447854656915e-16,0.06362354026097941,0.09994353472614344,False,139751.8643110171
2020-03-02,-0.0004839714617754028,-0.0002445187076693476,0.00017568294074282742,6.37698133632278e-05,89480.81419519456,0.48841109626822815,0.52005896589391,1.9116652705264414e-15,2.0816681711721685e-15,7.840950111415168e-16,0.06198233383057662,0.008469791078486732,False,202616.78487776293
2020-03-03,-8.282088100354733e-05,0.00011843148095107129,0.00017988007568500597,2.1372286269612658e-05,89473.40331533,0.4982399622930728,0.4048813564265456,-6.918077222195507e-15,-6.855627177060342e-15,1.2004286453759505e-15,0.040112836786598535,-0.14172783738001132,False,120410.9609312979
2020-03-04,-0.0005045887103280341,-0.0003135938082596786,0.0001743559422152095,1.6638959853145993e-05,89428.25604614246,0.48736154318984587,0.22561064914277046,7.729927808952652e-15,7.551251290927041e-15,2.014013955609073e-15,0.016242075616149102,-0.03444381705251271,False,299464.5250678632
2020-03-05,-0.00015142016848092107,2.9737877789853313e-05,0.0001718863757580581,9.271670512716278e-06,89414.714804545,0.478946921895998,0.3452034950719026,-5.447031714567174e-15,-5.245803791353865e-15,8.821068875342064e-16,0.045205520786894327,-0.07961603613777528,False,287318.37438220636
2020-03-06,-0.000286467533871835,-9.456365667404097e-05,0.0001777174321948389,1.4186445002955125e-05,89389.10039170309,0.494822912931263,0.5445627078601726,3.7921055184853e-15,3.5388358909926865e-15,9.194034422677078e-16,0.06576390173952877,0.0016939582156973462,False,312038.09949680796
2020-03-09,-0.0004073743721491786,-0.00016403992274593255,0.0001761965813108965,6.713786809234958e-05,89352.68556305404,0.48921702639633285,0.3308530674449442,-2.185751579730777e-16,-2.3592239273284576e-16,1.3877787807814457e-16,0.043653411266390794,-0.0536420101637493,False,218293.35979329
2020-03-10,-0.000546846814260175,-0.0003546485027403452,0.0001786016101179828,1.3596701401847032e-05,89303.82333160829,0.4938912565021618,0.49221031728710096,2.3321622411032195e-14,2.2801205368239152e-14,4.093947403305265e-15,0.07698730261725051,-0.06832298136645965,False,298230.7901146877
2020-03-11,-0.0005257457232611127,-0.00032612499870281436,0.00017939290329992524,2.022782125837305e-05,89256.87222842083,0.49467207205137087,0.6563620207569901,-2.466082893448629e-14,-2.3592239273284576e-14,8.965050923848139e-15,0.07531780872831288,-0.09542631281761718,False,409702.65831971425
2020-03-12,-0.0012787328086807026,-0.001071024102620075,0.00018073492438568168,2.6973781674945814e-05,89142.73653750213,0.49976008322229515,0.5293876650804648,-7.559924908306925e-15,-6.772360450213455e-15,2.1566949615081654e-15,0.0848625317632873,-0.07622811970638058,False,323369.11546156585
2020-03-13,-0.0006761137970270644,-0.000500747095668472,0.0001536110438895319,2.175565746906051e-05,89082.46590342438,0.4202923618331032,0.5126731868665244,-8.27463098040937e-15,-8.465450562766819e-15,1.3012594474171024e-15,0.09980693191896343,0.0220214568040655,False,218137.30958500435
2020-03-16,-0.0023701298405378163,-0.002126447093635727,0.0001804764635897774,6.320628331231225e-05,88871.32889271798,0.4979019027905406,0.46188484548538145,4.846817391879199e-15,4.6074255521944e-15,1.5300261058115439e-15,0.03949671568194849,-0.0028232636928289105,False,424824.20770091866
2020-03-17,-0.0010311772321399235,-0.0008318057909625762,0.0001803898721847977,1.8981568992549725e-05,88779.68680177379,0.4900491954765893,0.6549013921273577,-1.3565537582138631e-14,-1.4432899320127035e-14,3.3428121382073073e-15,0.07692414958206048,-0.08074534161490683,False,313051.50608723826
2020-03-18,-0.0011365789059008197,-0.0009248391766202883,0.0001848259734396807,2.6913755840850864e-05,88678.78168248241,0.49771815569980304,0.742277302457121,-1.2698175844150228e-15,-1.304512053934559e-15,1.1379786002407855e-15,0.06617696908762305,-0.005081874647092039,False,186398.78584204902
2020-03-19,0.00039091527568925125,0.0005998511731019943,0.00017843135073642298,3.0504546676320086e-05,88713.44757287162,0.4834505458796923,0.4231145061092516,-1.0200174038743626e-15,-1.0547118733938987e-15,3.122502256758253e-16,0.0475492579059512,-0.026538678712591763,False,303037.54963851895
2020-03-20,6.186302676184646e-05,0.00025463923521244097,0.00017538794107624167,1.7388267374352846e-05,88718.93565525296,0.4743112573895098,0.2621704038335961,2.6367796834847468e-15,2.9698465908722937e-15,8.465450562766819e-16,0.026982057367886187,-0.1507622811970638,False,316656.7710141865
2020-03-23,-0.00011976066362769257,9.010537613779327e-05,0.00017754366121065925,3.2322378554826585e-05,88708.31061664254,0.4838461222684264,0.43901759604899415,2.9733160378242474e-15,3.3514857555871913e-15,1.1206313654810174e-15,0.03989424273476373,0.06154714850367025,False,545679.0090067472
2020-03-24,-0.00010200227724042982,0.00010025286951395178,0.00018421332773866964,1.8041819015711966e-05,88699.2621669495,0.4993372550465608,0.584396114567979,1.6778245459647678e-14,1.715294573045867e-14,3.066991105526995e-15,0.049724432611898975,-0.025409373235460195,False,400724.06703366386
2020-03-25,0.00018231785745826697,0.000388781068731441,0.00018244693259229886,2.4016278680875155e-05,88715.4336263859,0.48811810617205087,0.3396052054782964,-6.938893903907228e-17,-5.551115123125783e-17,9.384854005034526e-16,0.03735510999964396,-0.0694522868435912,False,321363.1539639129
2020-03-26,7.608379766686313e-06,0.00020597388984815396,0.0001844091317741404,1.3956378307327256e-05,88716.10860709609,0.49568665579734816,0.5290883124796663,2.0539125955565396e-15,2.942091015256665e-15,2.4164698020356923e-15,0.08217383388845471,0.02766798418972332,False,273098.27219595225
2020-03-27,-0.0002622893736711838,-6.151373360312271e-05,0.00017903228476067766,2.174335530738346e-05,88692.83931453498,0.48852545309037365,0.4199358031123284,-4.364564265557647e-15,-4.9682480351975755e-15,1.27675647831893e-15,0.05778538059075091,0.03670242800677584,False,932031.8015976934
2020-03-30,0.00025409307397938815,0.00048489603234121376,0.0001790300511287983,5.177290723302733e-05,88715.37555071637,0.48268098897306033,0.38531518160171824,-9.853229343548264e-16,-1.1102230246251565e-15,2.5847379792054426e-16,0.04317255811186807,-0.0220214568040655,False,404025.9118972223
2020-03-31,0.0001291285116819685,0.0003295609271442844,0.00018459754498553293,1.5834870476782982e-05,88726.83123512455,0.49098427950014734,0.37077792779111524,-5.800915303666443e-15,-6.286637876939949e-15,1.429412144204889e-15,0.048618365160747745,0.03557312252964427,False,250308.29273770817
2020-04-01,-0.00042210733625485926,-0.0002261169680839695,0.00018075291908358344,1.523744908730634e-05,88689.37898873756,0.48920186850413233,0.4343525223604738,2.2017110357097636e-14,2.3453461395206432e-14,3.1225022567582528e-15,0.05921812892644416,0.0852625635234331,False,391867.3248445951
2020-04-02,0.0003353455715728281,0.0005318682614901593,0.00017867258625868247,1.7850103658648702e-05,88719.12057922699,0.48224213075798217,0.2853692589306127,-4.996003610813204e-16,-3.608224830031759e-16,3.2959746043559335e-16,0.03896421281092748,-0.16770186335403728,False,439810.0762279861
2020-04-03,-0.00042681395152721163,-0.00023541410040375343,0.00017967234733178914,1.1727503791669033e-05,88681.25402079655,0.487457570055994,0.4078585412242934,-1.858582732161551e-14,-2.0483614804334138e-14,3.788636071533347e-15,0.05959293499550706,0.047995482778091486,False,512229.7370549735
2020-04-06,-9.091779374792375e-05,0.00014196951423836135,0.00018260337824630143,5.028392973998367e-05,88673.19131683419,0.48675505324809365,0.6426517230754147,-1.6514567491299204e-15,-2.3869795029440866e-15,2.050443148604586e-15,0.0713129794479439,0.07735742518351214,False,326328.9820055938
2020-04-07,0.0004940813866404212,0.0006995629159446516,0.0001790711845203092,2.6410344783921214e-05,88717.00309015783,0.47580519349696043,0.20773478974860582,1.4155343563970746e-15,1.6237011735142914e-15,5.898059818321144e-16,0.02637698798177887,-0.05590062111801244,False,328147.66442266415
2020-04-08,-0.00032183456450866085,-0.00012996890821058592,0.00018332861014402273,8.537046154052236e-06,88688.45089210379,0.49276687443117656,0.38960654259947775,1.1963086771205056e-14,1.2462253451417382e-14,1.7143404751340796e-15,0.04539192182454822,-0.12817617165443254,False,235573.10965611757
2020-04-09,-0.00040671338161247085,-0.00021003592975012549,0.0001806662240842851,1.601122777806024e-05,88652.38011233149,0.4907432929376687,0.46163824161821676,1.096345236817342e-15,9.992007221626409e-16,2.4147350785597155e-15,0.03654302373969665,0.0016939582156973462,False,388765.1029275676
2020-04-13,-0.00013111042177767817,0.00012656005748743485,0.00018178474091691318,7.588573834819984e-05,88640.75686138337,0.4926653500757077,0.462666797223278,8.0629947163402e-15,8.548717289613705e-15,1.3877787807814457e-15,0.04905207146073039,0.0536420101637493,False,793866.8217703905
2020-04-14,-6.518756750451723e-05,0.00013528635957729706,0.00018146022308633745,1.9013703995476846e-05,88634.97858606181,0.48541160815573636,0.46651438271507106,-6.415007414162233e-15,-7.632783294297951e-15,2.473715676742927e-15,0.06639260729814925,0.009599096555618296,False,385915.9340531456
2020-04-15,-0.00036733172295675917,-0.0001670139179742903,0.0001811459810352739,1.9171823947194964e-05,88602.42014666356,0.48930932225391466,0.3870640391180947,4.2049697057677804e-15,4.201500258815827e-15,1.214306433183765e-15,0.04475398782404222,-0.042348955392433656,False,465396.7116147013
2020-04-16,-0.0002007530733894311,1.0607730506348922e-08,0.0001848569397863173,1.590674133362016e-05,88584.63293850937,0.4936217580225276,0.5416904916946457,-2.341009330830701e-15,-2.7478019859472624e-15,8.753848340647963e-16,0.06316068811627866,0.006211180124223602,False,318175.8383798061
2020-04-17,9.749872081105598e-05,0.00029666966638158327,0.0001769096924871856,2.2261253083341694e-05,88593.26982690439,0.4805112886852662,0.397729399972877,1.9888604652074093e-15,2.1718737919229625e-15,3.608224830031759e-16,0.04000751092520483,0.0016939582156973462,False,641900.823397489
2020-04-20,-0.0005143922923410517,-0.00028358144402903265,0.00018177571680851385,4.903513150350514e-05,88547.69813175214,0.49313069978880675,0.42500182655533164,8.777700788442644e-16,1.1657341758564144e-15,5.967448757360216e-16,0.06736086862041699,0.017504234895539244,False,497736.03547304746
2020-04-21,-0.00030086944058310764,-0.00010286798382798563,0.00018053562826654673,1.746582848857524e-05,88521.05683535032,0.490824991226114,0.4823227350495025,2.5292268279741847e-15,2.9559688030644793e-15,9.783840404509192e-16,0.0979036155018643,-0.040090344438170535,False,1083945.2757547486
2020-04-22,-0.00027952054216946834,-8.340536134800766e-05,0.0001762936985591525,1.9821482262308215e-05,88496.31338155028,0.47693306761599963,0.47718334020751835,-4.510281037539698e-16,-4.996003610813204e-16,1.0061396160665481e-16,0.049389699375137125,-0.07509881422924902,False,578519.13425773
2020-04-23,-0.0003001706176076968,-9.683631222406447e-05,0.0001837240311285288,1.961027425510351e-05,88469.74938850653,0.4919969160294639,0.3073098330281543,1.9567680809018384e-15,2.3314683517128287e-15,1.9637069748057456e-15,0.027691748741715906,-0.007340485601355168,False,469729.73023061216
2020-04-24,-0.00027216814609662605,-7.699387713856537e-05,0.00018254509773772565,1.2629171220335028e-05,88445.67074082982,0.4937925883140667,0.3370091783390392,7.813194535799539e-15,8.659739592076221e-15,1.3808398868775384e-15,0.043391233617988065,-0.18577075098814233,False,625023.4116002718
2020-04-27,-0.0005652819722898083,-0.000342721077281807,0.00018101181822647683,4.154907678152441e-05,88395.67399763296,0.48770118141546626,0.4548145698567861,-7.438494264988549e-15,-8.271161533457416e-15,1.233822072288504e-15,0.07662801435339135,-0.042348955392433656,False,452884.2859923463
2020-04-28,1.1230347308742149e-05,0.0002140185603465405,0.00018409720331765615,1.86910097201422e-05,88396.66671175254,0.497968344284325,0.4171493628957465,-3.539703252730675e-15,-4.135580766728708e-15,2.275957200481571e-15,0.03917800585586146,-0.11462450592885377,False,482032.14247460495
2020-04-29,-0.0009693289609906474,-0.0007726277922481545,0.00017955804423992785,1.714312450256507e-05,88310.98126265379,0.4865195717033058,0.3671262979879929,2.4077961846558082e-15,2.525757381022231e-15,3.3480163086352377e-16,0.044655936229635734,0.023150762281197064,False,434896.9902056708
2020-04-30,-7.215076936358496e-05,0.00012821792075597493,0.0001852813080104644,1.5087382109095497e-05,88304.60955741243,0.49570966366135233,0.6667220675823214,1.7694179454963432e-16,1.1102230246251565e-16,2.185751579730777e-15,0.057365407402097064,0.09542631281761718,False,346676.6499273063
2020-05-01,0.0005477088436895039,0.0007517623406704335,0.00017665395995699855,2.739953702393101e-05,88352.97477300558,0.47856965024834275,0.3646257145424803,-1.5439038936193583e-14,-1.717376241217039e-14,3.0270924655795284e-15,0.048431184891120464,0.023150762281197064,False,420806.9292888661
2020-05-04,8.166992472225032e-06,0.00023388719728815386,0.00018076634959836088,4.4953855217567955e-05,88353.69635108545,0.4842449513545675,0.309161740761427,-2.4433580159133328e-15,-2.55351295663786e-15,8.465450562766819e-16,0.04839137765936022,0.010728402032749858,False,303080.5502019246
2020-05-05,-0.00011570681005722873,7.678792758241882e-05,0.00017978946062205455,1.2705277017592992e-05,88343.4732267239,0.4841917962837562,0.26594606781780494,1.923808334858279e-15,2.0712598303163077e-15,2.5847379792054426e-16,0.04185498916620219,-0.042348955392433656,False,346209.30246298516
2020-05-06,-0.00039202558527255487,-0.0001997757396383637,0.0001813205551759253,1.0929290458265876e-05,88308.8403249272,0.48862116316663146,0.6011613141228391,6.385517115070627e-15,6.938893903907228e-15,1.0269562977782698e-15,0.050941062907984905,0.08865047995482779,False,569847.1991402048
2020-05-07,-0.0002065201389606741,2.3228494673210517e-06,0.00018413772894349518,2.4705259484499973e-05,88290.60277095182,0.49591987780008934,0.5670981819064659,1.148039996401451e-14,1.3183898417423734e-14,2.8657631823136853e-15,0.08274186025117228,-0.15302089215132694,False,614449.5620018616
2020-05-08,-0.0005070034817802274,-0.00030202348633557235,0.00018167459070877334,2.3305404735881685e-05,88245.83912793848,0.48639433200583443,0.3344681102815281,4.7878367936959876e-15,5.440092820663267e-15,1.1813466871402056e-15,0.04383749703172592,0.04686617730095992,False,273817.2330724945
2020-05-11,-0.00034816267903903757,-0.00012434067011545154,0.00018258621450531603,4.123579441826999e-05,88215.11522017365,0.4928214683506763,0.5542441102507145,-2.220446049250313e-15,-2.3869795029440866e-15,7.7021722333370235e-16,0.04263704140583668,0.1078486730660644,False,501689.8115340292
2020-05-12,9.78516100065496e-05,0.00030328642875181015,0.00018265766352947767,2.277715521578288e-05,88223.74721122487,0.49641049425631384,0.35630575644318674,-9.853229343548264e-16,-9.020562075079397e-16,4.440892098500626e-16,0.0620877626318879,0.09655561829474874,False,783374.6847754084
2020-05-13,7.268725667615115e-06,0.00020225655985976087,0.0001803451318725627,1.4642702319583058e-05,88224.38848544071,0.4832376255935664,0.4198281962364985,2.636779683484747e-16,2.0816681711721685e-16,1.97758476261356e-16,0.03996135614474721,0.08413325804630155,False,308634.5530409228
2020-05-14,-4.5462353891909246e-05,0.0001542631829213836,0.00018247232326932717,1.725321354396568e-05,88220.37759706948,0.49589084441164505,0.7023479880041843,3.316791286067655e-15,3.0531133177191805e-15,2.3037127760972e-15,0.06756447861218104,0.006211180124223602,False,845134.7515381153
2020-05-15,0.00021428159877997268,0.0004197016889847439,0.00017655647425939393,2.8863615945377298e-05,88239.28160062597,0.4778142191005842,0.4930227981249913,3.608224830031759e-16,6.38378239159465e-16,5.065392549852277e-16,0.04408320568637349,0.02428006775832863,False,559947.7282683778
2020-05-18,0.00011518682827656176,0.00035339600728490506,0.00017742554636279647,6.0783632645546834e-05,88249.44560360294,0.4793601164664683,0.20800518687284864,1.717376241217039e-15,1.9116652705264414e-15,7.009909146205029e-16,0.028579763535556402,0.02766798418972332,False,450233.1561025332
2020-05-19,-0.00021540315983568697,-2.1705047782837647e-05,0.00018514995368821178,8.548158364637544e-06,88230.43639416617,0.49358947279137977,0.3981547442260917,1.7319479184152442e-14,1.867950238931826e-14,2.4598378889351125e-15,0.053736192517635874,-0.0028232636928289105,False,325251.49593151925
2020-05-20,3.915797177026954e-05,0.00023998038726697163,0.00018445989176138396,1.6362523735318122e-05,88233.89131910377,0.4908529513664487,0.3990147447102009,8.673617379884035e-15,9.235667786100521e-15,1.429412144204889e-15,0.06236888106456785,0.031055900621118016,False,331528.9612009817
2020-05-21,-0.00048503419133531745,-0.0002870225510088119,0.0001816137741055388,1.63978662209668e-05,88191.09486497944,0.48823445877671784,0.41295832559017015,-5.689893001203927e-16,-6.522560269672795e-16,2.0816681711721685e-16,0.07765031807806072,-0.101072840203275,False,429803.508207254
2020-05-22,-0.00018815140859838961,1.4712608166161803e-05,0.00018589312667180468,1.6970890092746743e-05,88174.50158625476,0.49458201245321454,0.344630671170197,1.4602034859034774e-15,2.220446049250313e-15,1.824929096727601e-15,0.035662380960315154,-0.06154714850367025,False,326663.07072155335
2020-05-26,-0.000505236843565046,-0.00026578989781447077,0.00018279532857191295,5.6651617178662286e-05,88129.9525793904,0.4916953357224194,0.4527869628720124,3.885780586188048e-15,3.913536161803677e-15,7.771561172376096e-16,0.04979815307230067,-0.07058159232072277,False,307995.1008983882
2020-05-27,-0.0004256051787982726,-0.0002286302104583394,0.00017836728493423422,1.8607683405698985e-05,88092.44401516537,0.4812751163168195,0.3523948221894554,2.983724378680108e-16,2.636779683484747e-16,4.579669976578771e-16,0.02741090535067808,0.02766798418972332,False,418714.2052341775
2020-05-28,4.652593137795414e-05,0.0002435896945759777,0.00018258178420393637,1.4481978994087196e-05,88096.54259817053,0.4861827625370695,0.5877691658617239,-5.412337245047638e-16,-5.828670879282072e-16,1.1449174941446927e-16,0.06784764690354206,-0.02992659514398645,False,182458.7635266641
2020-05-29,-0.00027825318585520325,-6.803808833171057e-05,0.00018606020029629855,2.415489722719416e-05,88072.02945452977,0.49550793845691743,0.2825067247859829,-3.3931191190106347e-15,-3.615163723935666e-15,1.096345236817342e-15,0.03304344035282397,-0.012987012987012988,False,210463.39659342522
2020-06-01,-0.0002173766984605474,2.037536104047366e-06,0.0001845846383581033,3.482959620649145e-05,88052.88464754022,0.499144970689709,0.46128087670395507,-8.132383655379272e-15,-8.867906409193438e-15,1.582067810090848e-15,0.05934549962130412,0.026538678712591763,False,387504.3924067134
2020-06-02,-0.0002294968569364611,-3.1027190941689814e-05,0.00017951291763707415,1.895674835769712e-05,88032.67678726943,0.48624668874842775,0.3941185708181612,2.1788126858268697e-15,2.3592239273284576e-15,3.2612801348363973e-16,0.0644579969004817,-0.042348955392433656,False,555250.4164617669
2020-06-03,-0.000523264427214219,-0.0003249326406428284,0.00018213513297612384,1.6196653595266812e-05,87986.61241907421,0.4834528252190716,0.577215617811235,1.0061396160665481e-16,6.071532165918825e-17,3.191891195797325e-16,0.05910356751390596,0.0028232636928289105,False,225372.4612748121
2020-06-04,-0.0004543036887509487,-0.0002482407202327501,0.00018234177874513414,2.372118977306445e-05,87946.63977649152,0.4899827648001785,0.5220832614588744,-4.0245584642661925e-16,-4.163336342344337e-16,1.1102230246251565e-16,0.06706561074480324,-0.019762845849802372,False,300596.3187756042
2020-06-05,-0.00036402129433055295,-0.00015872882679185635,0.00018383699104038668,2.1455476498309922e-05,87914.62532684805,0.48735469474034815,0.7959728416777135,-1.7694179454963432e-16,7.632783294297951e-17,1.0304257447302234e-15,0.08942158021883087,0.04573687182382835,False,143035.5381832774
2020-06-08,-0.0009432716664551338,-0.0006585070478274698,0.00018663098061260337,9.81336380150606e-05,87831.69795171022,0.49942934725572413,0.6970825664524075,-3.0531133177191805e-15,-3.469446951953614e-15,6.938893903907228e-16,0.08517009396637223,0.06041784302653869,False,203147.9083524601
2020-06-09,0.00033633631042143537,0.0005504149657490185,0.00018543142656926486,2.8647228758318242e-05,87861.23894093734,0.4968789772413092,0.6749962677513918,-4.85722573273506e-17,2.7755575615628914e-17,2.0816681711721685e-16,0.050089991207346335,0.03896103896103897,False,268723.2502818058
2020-06-10,0.0001971844973456331,0.0004024846761048677,0.00017756060611191714,2.7739572647317477e-05,87878.56381517407,0.48150886897134837,0.3637529067451962,1.1102230246251565e-16,6.245004513516506e-17,4.753142324176451e-16,0.0437439664462471,-0.1225296442687747,False,309975.2835449165
2020-06-11,-0.00024906848194502287,-5.594058091867209e-05,0.00017817915143408244,1.4948749592268332e-05,87856.67603468911,0.4874969662081211,0.5492004665353947,-2.9976021664879227e-15,-3.0808688933348094e-15,1.0200174038743626e-15,0.08251246501618982,0.026538678712591763,False,590275.5021925588
2020-06-12,4.4249070869576323e-05,0.000249859395923584,0.0001830404428676215,2.2569882186386205e-05,87860.56361097335,0.4904217385452857,0.5709389547791733,7.396860901565105e-15,8.021361352916756e-15,1.2906342661267445e-15,0.06417072802787369,0.14285714285714288,False,218283.662152854
2020-06-15,-0.0003840458032233995,-0.000137326520015494,0.00017632954905704944,7.038973415085607e-05,87826.82113024971,0.48025101519666313,0.17182013142728692,4.997738334289181e-15,5.3915205633359164e-15,8.049116928532385e-16,0.021495751262258576,-0.11236589497459064,False,400858.414734848
2020-06-16,-0.00010771714094937954,7.995792491291276e-05,0.00018061396457076017,7.061101291532134e-06,87817.36067617888,0.4956333492332569,0.4260536333265551,1.9220736113823023e-15,2.095545958979983e-15,2.7755575615628914e-16,0.06281830336515123,-0.08413325804630155,False,476391.4928829891
2020-06-17,-0.00034086572729530984,-0.00014383768969914227,0.00017951898417178867,1.7509053424378902e-05,87787.42674766284,0.4886049668836706,0.22111777901988972,1.0477729794899915e-15,1.3183898417423734e-15,4.614364446098307e-16,0.03414921337173957,-0.050254093732354614,False,297804.0973496666
2020-06-18,-0.00017865117013392411,7.5735450499477924e-06,0.00017713768316935595,9.087032014515972e-06,87771.74342115133,0.48576787599772875,0.2641037762833749,2.3973878437999474e-15,2.806782584130474e-15,7.165492157956699e-16,0.02484602600538247,-0.12140033879164315,False,379299.4362533157
2020-06-19,-0.0002677604048508999,-7.418944540282186e-05,0.00018271737960081613,1.0853579847261881e-05,87748.24162359841,0.49930533035175156,0.484922133427022,3.0808688933348094e-15,2.949029909160572e-15,8.118505867571457e-16,0.06312145483183058,-0.0852625635234331,False,184994.71894443838
2020-06-22,-0.00042667849111472907,-0.0001855408539875777,0.00018135271656765585,5.978492055949549e-05,87710.80133626449,0.49814126825423594,0.4809591909894013,-1.0307726894254188e-14,-1.124100812432971e-14,2.2967738821932926e-15,0.08599173767256203,0.009599096555618296,False,248843.5946371835
2020-06-23,-0.00033793103212407594,-0.00014014986039530354,0.0001780157255237281,1.9765446205044316e-05,87681.1611346405,0.4905038815452075,0.5092646165373902,-8.705709764189606e-15,-8.076872504148014e-15,5.725454832461452e-15,0.09810932647145218,0.04121964991530209,False,377191.1311878835
2020-06-24,-0.0002769916054553043,-8.217350624415498e-05,0.00017388941633974937,2.0928682871399953e-05,87656.87418904962,0.48190372432456763,0.4526199264633434,-1.949829186997931e-15,-2.1649348980190553e-15,2.914335439641036e-16,0.0625390351439014,-0.05815923207227556,False,564844.520963412
2020-06-25,-0.00017636869395886966,2.415175711853065e-05,0.0001819196321816464,1.8600818895753922e-05,87641.41426063237,0.4980353674894486,0.3306040286624166,-1.536964999715451e-15,-1.7069679003611782e-15,2.220446049250313e-16,0.038959339345222034,-0.0005646527385657821,False,252724.85931476904
2020-06-26,-0.00010380318515075488,9.323094244740172e-05,0.00018344766066682436,1.3586466931332251e-05,87632.316802681,0.49642635769768695,0.5981663331488798,8.743006318923108e-16,1.6930901125533637e-15,1.2073675392798577e-15,0.07911824053610646,-0.04121964991530209,False,162043.34455123023
2020-06-29,-0.00011047294997042899,0.00014412930553480297,0.0001808557212813976,7.374653422383437e-05,87622.63580213106,0.4949109475454302,0.6863370958773275,-1.887379141862766e-15,-2.275957200481571e-15,6.596286017401809e-16,0.06752239324857041,-0.06606437041219651,False,253833.72959331496
2020-06-30,-0.0005044173348353724,-0.00029922869389794205,0.00017698300686027984,2.8205634077150518e-05,87578.4374257085,0.48470980548496223,0.4310309915872456,-3.3887823103206927e-15,-3.858025010572419e-15,8.92081547521073e-16,0.06434788168200649,0.042348955392433656,False,273033.7495706562
2020-07-01,-0.00017323807866690202,2.1877453022990385e-05,0.00017740192929589587,1.771360239399654e-05,87563.26550547623,0.4884629920473331,0.46393835480443946,2.0122792321330962e-16,2.220446049250313e-16,4.163336342344337e-17,0.08119206986889664,-0.006211180124223602,False,326555.6719298973
2020-07-02,-0.00042139115017504435,-0.0002276998426706799,0.00017462534771788064,1.9065959786483805e-05,87526.3671203118,0.4785108681810755,0.4386492927036811,-1.993370746244949e-14,-2.1510571102112408e-14,3.1762786845135338e-15,0.0692054697627041,-0.05251270468661773,False,172965.60907561315
2020-07-06,-0.0006136636027664075,-0.00036272464094832255,0.00017883222877090115,7.210673304718374e-05,87472.65537452769,0.4925312098955724,0.6190952011333012,-5.828670879282072e-16,-4.996003610813204e-16,3.885780586188048e-16,0.09712917673121507,0.018633540372670808,False,286544.2153162889
2020-07-07,-0.00045947092678764534,-0.00025579723201659766,0.00017823142623132296,2.5442268539724733e-05,87432.46423249418,0.4935668136362899,0.6495307499791106,-2.1788126858268697e-14,-2.3939183968479938e-14,3.3480163086352377e-15,0.09871469721925666,0.0028232636928289105,False,246564.3379113457
2020-07-08,-6.7483049038185e-05,0.00013840694101372513,0.00017919694553221975,2.669304451969038e-05,87426.56402322286,0.49779770663288536,0.37242826308023524,3.920475055707584e-16,3.5041414214731503e-16,1.3883208818676884e-16,0.06981360665855384,-0.06380575945793338,False,354617.56414412864
2020-07-09,-0.0002930800287499835,-9.622930829081116e-05,0.00018154544937368325,1.5305271085489102e-05,87400.94104332542,0.491187810873122,0.49085734277066345,1.6826817716975029e-15,1.734723475976807e-15,4.649058915617843e-16,0.045230615707006934,0.032185206098249576,False,94804.5177269764
2020-07-10,-0.00034626457576976356,-0.00014483048850907264,0.0001812618676947733,2.0172219565917608e-05,87370.67719355317,0.49792196222206264,0.37979861069700066,5.5268289944621074e-15,5.488665077990618e-15,3.922209779183561e-15,0.07349446412922557,-0.07171089779785433,False,141295.23160373064
2020-07-13,-0.0002359996918469829,-9.810759935953645e-06,0.0001793644456607148,4.682448625031445e-05,87350.05774065903,0.4968919718436217,0.19134604036861277,1.4432899320127035e-15,1.5265566588595902e-15,5.898059818321144e-16,0.04187610525005737,0.012987012987012988,False,274758.47487878305
2020-07-14,-0.00019468403330548132,-6.179939450416205e-06,0.00018064055794950575,7.863535905559369e-06,87333.05207910862,0.4993667191125962,0.39375935907629034,-2.1163626406917047e-15,-2.248201624865942e-15,7.112366251504909e-16,0.06962472005503906,0.03557312252964427,False,214836.53392989698
2020-07-15,7.710766726430356e-05,0.0002707159737767009,0.00017742641504350863,1.618189146888873e-05,87339.78612702951,0.49420760852571743,0.26100997539328563,1.6653345369377348e-16,-3.469446951953614e-17,2.0122792321330962e-16,0.050616477220697315,0.14285714285714288,False,380282.6951280418
2020-07-16,-0.0001939276469832066,-8.168745141053129e-06,0.00017503246449722393,1.072643734492954e-05,87322.84852781787,0.487782933699107,0.26191396901245656,-8.729128531115293e-15,-9.631184738623233e-15,1.6896206656014101e-15,0.035732957105275395,0.05590062111801244,False,422151.9343500542
2020-07-17,-0.0001272491192418639,5.7987207891836e-05,0.00017447273936606434,1.0763587767635561e-05,87311.73677225302,0.4828917047393816,0.33611095204391706,-3.469446951953614e-18,-1.734723475976807e-17,3.469446951953614e-17,0.03729580327069108,0.06041784302653869,False,179211.04640750255
2020-07-20,-2.4279055622464123e-05,0.00019653303628351803,0.00017937375535262252,4.143833655335963e-05,87309.61692573944,0.4983146206379765,0.3727219417030408,-1.4918621893400541e-15,-1.5855372570428017e-15,3.642919299551295e-16,0.054635967309537084,0.026538678712591763,False,318148.7591123276
2020-07-21,-7.182308812741953e-05,0.00012338085247058417,0.00017988660052801567,1.5317340069988035e-05,87303.34607942861,0.4955726391115323,0.5631058156189055,2.048708425128609e-15,2.248201624865942e-15,8.396061623727746e-16,0.05624547340816568,0.06606437041219651,False,223785.97933578887
2020-07-22,-5.566317729963846e-05,0.00014119935385544817,0.00017372119626663855,2.314133488844808e-05,87298.48649779694,0.48422676121553837,0.26343752451945307,1.5395670849294163e-16,1.6653345369377348e-16,4.5536491244391186e-17,0.03185800921282284,-0.09090909090909091,False,448724.487687
2020-07-23,-0.00018199555222808865,3.906107934920021e-06,0.00017507546052522292,1.0826199637785737e-05,87282.59856153809,0.4876080233469732,0.37369934593910814,-7.147060721024445e-16,-7.424616477180734e-16,1.1796119636642288e-16,0.05252401422818609,-0.07171089779785433,False,376598.4903749669
2020-07-24,-0.00016778559731342417,2.183495431553003e-05,0.00017426304426159357,1.5357507367360638e-05,87267.95379860337,0.4843619880589316,0.5319881133194367,-8.340550472496489e-15,-9.221789998292707e-15,1.904726376622534e-15,0.06296172020186078,0.02766798418972332,False,381021.9571342627
2020-07-27,0.00012907893487293663,0.0003744562442245103,0.0001797897337368476,6.55875756147261e-05,87279.21825312823,0.49765034530288055,0.36696092127480956,-5.332539965152705e-15,-6.022959908591474e-15,1.5183167223487004e-15,0.06804446839390077,-0.13382269904009036,False,226277.80274655944
2020-07-28,-0.00043318516028484886,-0.0002386976619499463,0.00017940691252908825,1.5080585805814311e-05,87241.4101909797,0.49456183100843226,0.23957812527351519,1.6688039838896884e-15,1.8041124150158794e-15,4.579669976578771e-16,0.029736795508714907,-0.1394692264257482,False,152876.07606702467
2020-07-29,-0.0004532128937931711,-0.0002634526685528752,0.00017991454885919265,9.845676381103297e-06,87201.87125900845,0.4995679720769221,0.4137821740299592,5.800915303666443e-15,6.411537967210279e-15,1.2073675392798577e-15,0.04798207263120908,0.01581474222905673,False,281139.73431055364
2020-07-30,-0.00011256997769081771,8.160047875078373e-05,0.00017716570956365814,1.700474687794329e-05,87192.05494630622,0.4916376929104305,0.56026558434725,5.2735593669694936e-15,6.078471059822732e-15,1.4589024432964948e-15,0.050591921674395086,0.04121964991530209,False,259695.9622578826
2020-07-31,6.843636143854563e-05,0.00026492344153267714,0.0001734624670387653,2.3024613055366226e-05,87198.02205329308,0.4827288295477917,0.26688751457300447,-1.2836953722228372e-15,-1.2906342661267445e-15,2.2898349882893854e-16,0.03710970522519006,0.05590062111801244,False,349711.0994883774
2020-08-03,-0.0004702592312229696,-0.00026154262875429556,0.00017581266231583772,3.2903940152836326e-05,87157.01637847813,0.4888405699749482,0.3346613328007497,-3.29250515740398e-15,-3.372302437298913e-15,2.2551405187698492e-15,0.05474242041574619,-0.017504234895539244,False,326575.78879898257
2020-08-04,-0.00014514460936618947,4.636011477007598e-05,0.00017775151867870028,1.3753205457565195e-05,87144.36600738236,0.4921062575556681,0.28161006809468586,5.18855791664663e-15,5.842548667089886e-15,1.5265566588595902e-15,0.04279187794177799,-0.0852625635234331,False,221030.58042004678
2020-08-05,-0.00045050833575498086,-0.00025874485475210367,0.0001801904645058355,1.1573016497041672e-05,87105.10674408195,0.49370710663557493,0.2645531315821491,3.0149494012476907e-15,3.5214886562329184e-15,1.0549287138283958e-15,0.05264873978569564,-0.09203839638622249,False,115301.97964172879
2020-08-06,-0.0003435334575747205,-0.00015256589509172084,0.0001800955159796238,1.0872046503375864e-05,87075.18322558973,0.49662244109787246,0.3038259123901137,2.4945323584546486e-15,3.4139358007223564e-15,2.147587663259287e-15,0.030857889440194335,-0.06493506493506496,False,164573.3001337073
2020-08-07,-0.0002739363441773891,-8.096903293421059e-05,0.00018048131484358487,1.2485996399593611e-05,87051.33016822833,0.4994117146541387,0.27338938274486146,-5.717648576819556e-15,-6.293576770843856e-15,8.05995895025724e-16,0.05292883068732043,0.0220214568040655,False,192227.11260344464
2020-08-10,-0.0002646204906846687,-5.1869219580814714e-05,0.00017904573076544573,3.370554033840828e-05,87028.29460252446,0.49751377634190996,0.4261436892477909,-5.4132046067856265e-15,-5.842548667089886e-15,1.0061396160665481e-15,0.04953481185436225,-0.03444381705251271,False,301392.43148188206
2020-08-11,-0.0003682315298667556,-0.00017161350881490686,0.0001791052666991996,1.7512754352649164e-05,86996.24804046127,0.49889592313372016,0.475874929477841,8.300651832549022e-16,8.604228440844963e-16,2.220446049250313e-16,0.0876289434081485,0.09203839638622249,False,264270.4610000086
2020-08-12,0.00035205534472069203,0.0005497400475562787,0.00017812819888444263,1.9556503951144115e-05,87026.87553455457,0.4971808146479346,0.637827882083138,1.1102230246251565e-16,1.249000902703301e-16,1.249000902703301e-16,0.09279693941056909,0.06041784302653869,False,340099.3438440574
2020-08-13,0.0003035939066994761,0.0005064844275081721,0.00017667841606555334,2.6212104743142646e-05,87053.29636368595,0.4898506116117029,0.2499120113611528,1.0408340855860843e-17,0.0,2.0816681711721685e-17,0.05696437001256808,-0.1202710333145116,False,201470.3741811833
2020-08-14,-0.0002494388779229246,-6.037067067710795e-05,0.0001787978506145364,1.0270356631280251e-05,87031.5818871215,0.4981880447707443,0.34906046246845795,1.0807327255335508e-15,1.3114509478384662e-15,3.46077333457373e-16,0.054970932057822365,-0.09655561829474874,False,311652.7257393656
2020-08-17,-0.0006010806460039347,-0.00038041658769356375,0.00017762920677316397,4.3034851537207014e-05,86979.26888765805,0.49666183547668674,0.3654970626229458,2.078198724220215e-15,2.3314683517128287e-15,3.2916377956659915e-16,0.051478432725116145,-0.09316770186335405,False,340323.40155549045
2020-08-18,-0.00032440370003564644,-0.00013427871488040185,0.0001751045579241647,1.5020427231079878e-05,86951.0524910045,0.48911241838768543,0.3628829692957972,2.2412627309620348e-15,2.456368441983159e-15,5.169475958410885e-16,0.0512458739162799,0.08187464709203841,False,409123.2882601928
2020-08-19,-7.544320368493806e-05,0.00011727706119555727,0.00017780726614231198,1.4912998738183354e-05,86944.49262504082,0.4949160567682257,0.5211728563441325,-6.852157730108388e-15,-7.466249840604178e-15,1.5681900222830336e-15,0.07256933186979388,0.0016939582156973462,False,319462.3619917801
2020-08-20,-0.00032223589966268775,-0.00012236815435155072,0.00017844968272165185,2.1418062589485173e-05,86916.47598823906,0.49690355417199783,0.23397790212081696,2.733924198139448e-15,3.039235529911366e-15,4.414871246360974e-16,0.044860388468509996,0.1293054771315641,False,303737.08466434025
2020-08-21,-0.00031406274416205667,-0.00012450932198321068,0.00017993789195470296,9.615530224143048e-06,86889.1787612773,0.4984202552567378,0.3394349093101504,2.175343238874916e-15,2.345346139520643e-15,5.828670879282072e-16,0.09275712237285132,0.06380575945793338,False,184803.21501480302
2020-08-24,0.00019401586665882022,0.00040835940796826807,0.00017249540180545696,4.184813950399089e-05,86906.03664059796,0.4819886846878384,0.5171951165147615,9.846290449644357e-15,1.0075273948473296e-14,2.456368441983159e-15,0.058812096405564,-0.012987012987012988,False,435025.39709623135
2020-08-25,-0.00015670461006114702,4.091034060052352e-05,0.0001763603568322972,2.1254593829373353e-05,86892.41806401423,0.48736936111022583,0.3988949619025983,5.551115123125783e-16,5.967448757360216e-16,2.0122792321330962e-16,0.060086325482368065,0.03670242800677584,False,154396.5258257142
2020-08-26,-7.511498461352956e-05,0.00011587337319201912,0.0001745954141657159,1.6392943639832782e-05,86885.89114136832,0.4849563506112796,0.3873523229038569,9.228728892196614e-16,1.0061396160665481e-15,1.8735013540549517e-16,0.07243096364590883,-0.14285714285714288,False,233439.66183905024
2020-08-27,-2.5728418682697607e-05,0.00016897414536470762,0.000178783975434918,1.591858861248723e-05,86883.65570478342,0.49430518790330136,0.28824812835638713,7.219919107015471e-15,7.702172233337023e-15,1.006329351446733e-15,0.046059701745375936,-0.08413325804630155,False,186362.29497238633
2020-08-28,-0.00016671884035153825,1.651005420607526e-05,0.00017138308106351573,1.1845813494097801e-05,86869.17056245882,0.4735916446652036,0.48327319887234055,8.510553373142216e-15,9.284240043427872e-15,1.27675647831893e-15,0.098227892798918,-0.0536420101637493,False,177400.43735075044
2020-08-31,-0.0008211885109317991,-0.000589311107805016,0.00017229577586855033,5.958162725823271e-05,86797.83459763875,0.4779212936264646,0.2704071987447483,4.475586568020162e-15,4.558853294867049e-15,1.0408340855860843e-15,0.050918186349507025,-0.0220214568040655,False,218399.6363317351
2020-09-01,-0.00030936711934383127,-0.00011939802795479955,0.00017885646678308335,1.1112624605948375e-05,86770.982201584,0.4931332064119218,0.4576971083832952,3.2959746043559335e-16,7.355227538141662e-16,7.546047120499111e-16,0.09697680974103119,0.005081874647092039,False,187493.9815399387
2020-09-02,0.0005077634457276686,0.0007044515618751684,0.00017787864593996706,1.880947020753267e-05,86815.04133449585,0.4957600162105361,0.39899064839744486,-1.6618650899857812e-15,-1.8457457784393227e-15,3.694961003830599e-16,0.05274816855814744,-0.07171089779785433,False,316930.6524062795
2020-09-03,0.00019540493923887725,0.00038817594407535797,0.0001763741288749418,1.63968759615389e-05,86832.00542237285,0.487580889539697,0.30390867674124616,-6.860831347488272e-15,-7.854827899222983e-15,1.556046957951196e-15,0.05178150483513398,-0.0852625635234331,False,159583.73504480964
2020-09-04,-0.00013655234902631581,5.163578477808551e-05,0.00017569873613010326,1.2489397674298067e-05,86820.14830806176,0.4887425966145293,0.5176581573391225,2.0365653607967715e-15,1.3600232051658168e-15,1.9012569296705806e-15,0.09320828832376771,-0.14737436476566912,False,222818.65115272885
2020-09-08,-0.0019145209626078004,-0.0016567682174827817,0.00017265825350762924,8.509449161738966e-05,86653.92931414925,0.48197261184647944,0.369199522913713,1.3548190347378863e-15,1.4988010832439613e-15,4.657732532997727e-16,0.04436598039108386,0.02766798418972332,False,288599.74667858216
2020-09-09,3.638409137981361e-05,0.00022777202907439047,0.00017621535456113666,1.5172583133440201e-05,86657.08213863183,0.49157130048822434,0.2917106849601593,9.662409761190816e-16,1.096345236817342e-15,2.5153490401663703e-16,0.09178859259338525,0.05815923207227556,False,294122.90637223463
2020-09-10,0.00015291978028025437,0.0003440858006664622,0.00017917791004537942,1.1988110340828425e-05,86670.3337205922,0.4946476872649696,0.29319751389501314,2.2065682614424986e-15,2.345346139520643e-15,1.1397133237167623e-15,0.029035589761781503,-0.047995482778091486,False,173165.32351555562
2020-09-11,-0.0002749197284016154,-8.429631227540168e-05,0.00017857420322641874,1.2049212899794966e-05,86646.50633598525,0.49871932334295316,0.3731295062861548,3.619934213494602e-15,4.3298697960381105e-15,1.9376861226660935e-15,0.05643991323337449,-0.08300395256916997,False,339039.2072484493
2020-09-14,-0.0007216750397041963,-0.0005001664252005305,0.0001755063466053732,4.600226789829262e-05,86583.97571508499,0.4884357620394321,0.22924257049022273,-2.3071822230491534e-16,-1.5265566588595902e-16,6.203804830962056e-16,0.0339727576312637,0.05702992659514399,False,228405.1829883315
2020-09-15,-0.00017030138032672924,1.7437198996900585e-05,0.0001783176517692371,9.420927554392722e-06,86569.23034450653,0.4969733884006875,0.490017818281161,3.3306690738754696e-15,3.639449852599341e-15,6.349087922075114e-16,0.07337517109887251,-0.018633540372670808,False,239427.31556510736
2020-09-16,-0.00025270310558860655,-5.396118049267e-05,0.00017860420653643692,2.0137718559499625e-05,86547.35403115007,0.49739493812015956,0.696125430675476,3.41740524767431e-16,6.38378239159465e-16,8.049116928532385e-16,0.09653790724500556,0.07848673066064371,False,193257.23110355297
2020-09-17,0.00022359284607545606,0.00042569240553631956,0.00017349166504954255,2.8607894411320925e-05,86566.70540035819,0.48240070339856106,0.585757067761367,3.1953606427492787e-15,3.469446951953614e-15,5.134781488891349e-16,0.07362782549304382,0.06606437041219651,False,257808.86028200897
2020-09-18,-0.0005605108381460703,-0.00036474111062745725,0.00017169751925444742,2.4072208264165637e-05,86518.18382375868,0.47875747166209964,0.25399368238212666,1.6618650899857812e-15,1.8041124150158794e-15,2.740863092043355e-16,0.04916175381878771,0.059288537549407126,False,276256.1302631318
2020-09-21,-8.762839785313227e-05,0.00012348065360009966,0.0001797947618444768,3.131428960875514e-05,86510.60237392504,0.49922822079333695,0.535291406105588,-9.54097911787244e-16,-5.898059818321144e-16,1.9290125052862095e-15,0.06089890822827368,-0.0005646527385657821,False,207344.13150987762
2020-09-22,-0.00017886074481476743,1.95894128571239e-05,0.00017645188070864796,2.1998276963243377e-05,86495.12902315006,0.4925472628486128,0.6997564369699837,2.688821387764051e-16,9.71445146547012e-17,5.551115123125783e-16,0.08815810732369139,0.0694522868435912,False,300679.14322216745
2020-09-23,0.000601415187570198,0.0008096114202704727,0.00017943911885219332,2.8757113848081508e-05,86547.14850739542,0.49928030824224867,0.26623772712676236,-7.74207087328449e-15,-9.207912210484892e-15,2.2313422810837924e-15,0.029307588336396434,0.059288537549407126,False,238174.0269643196
2020-09-24,-0.0001250844313556197,5.992328723019747e-05,0.00017406644212855266,1.0941276457264524e-05,86536.32280653893,0.48450473917977427,0.3289395258903591,-5.2562121322097255e-15,-5.936223734792634e-15,1.2333883914195098e-15,0.05491705849340533,0.18577075098814233,False,229380.37686450206
2020-09-25,3.838193292987185e-05,0.00022978677180699657,0.00017788677616930153,1.3518062707823189e-05,86539.64423787688,0.49646959603141033,0.39859936200268453,-4.1598668953923834e-15,-4.111294638065033e-15,1.631507429156187e-15,0.062137954632542666,0.03896103896103897,False,308960.35846959805
2020-09-28,-0.00033883620398123665,-0.00011270141610090139,0.00017699240078411336,4.914238709622188e-05,86510.32147332943,0.49488716177281616,0.3225432075358526,2.581268532253489e-15,2.4702462297909733e-15,2.1510571102112408e-15,0.04657411199740906,-0.044607566346696784,False,339346.1708945342
2020-09-29,-0.00014109470828965176,4.834475069696299e-05,0.00017618425867692227,1.3255200309692462e-05,86498.1153247571,0.49316875480547584,0.4157278923928153,2.723515857283587e-16,3.608224830031759e-16,1.3097162243624894e-16,0.07766051958492833,0.019762845849802372,False,368088.571548
2020-09-30,-0.00019218460398934078,2.9535100064450674e-06,0.0001780534060892318,1.7084707906554046e-05,86481.4917187176,0.4979785232574082,0.3150115187651674,1.1463052729254741e-14,1.1823875212257917e-14,3.0531133177191805e-15,0.033530558430637195,-0.014116318464144554,False,341612.976761029
2020-10-01,-0.00021166878751920098,-2.3647886191199808e-05,0.0001750752224746386,1.2945678853362572e-05,86463.18628622266,0.48919622196914336,0.5359282803646906,-3.910587131894516e-14,-4.467173159161675e-14,8.534839501805891e-15,0.07920209768854901,0.09090909090909091,False,333528.1896338449
2020-10-02,-4.557449943053136e-06,0.00019309512097368445,0.000175628121038735,2.2024449878002592e-05,86462.79223457923,0.4873753275564449,0.3823341521792601,3.016337180028472e-14,3.3931191190106347e-14,5.613565168260948e-15,0.046917299440494144,-0.08187464709203841,False,134060.81839770314
2020-10-05,-0.00016241005876639324,6.149850012982297e-05,0.00017677147164124268,4.713708725497354e-05,86448.74980741131,0.4936639778978648,0.4457624192919616,-7.7021722333370235e-16,-1.1518563880486e-15,4.826868071905466e-16,0.05990815004655625,-0.06380575945793338,False,208879.81168713982
2020-10-06,-0.00036227867134934537,-0.00017042686088700968,0.00017353280692978924,1.83190035325464e-05,86417.43126919128,0.48528218640658227,0.38865914033017146,-4.7340603659407066e-15,-5.4817261840867104e-15,9.488937413593135e-16,0.046591818215003036,-0.03896103896103897,False,309015.1662583861
2020-10-07,-0.00028518527808662575,-9.058809805543893e-05,0.0001786248865929604,1.5972293438226417e-05,86392.78629002324,0.4957505061569946,0.5303009661028483,-2.7700064464397656e-14,-2.506328478091291e-14,6.13398221105399e-15,0.08220125032460103,-0.051383399209486175,False,229363.7124276801
2020-10-08,4.232250161023693e-05,0.00024264272639135603,0.00017852703439332968,2.1793190387789423e-05,86396.44264886012,0.4955144172251692,0.6187705696331002,8.847089727481716e-15,9.950373858202965e-15,2.26554885962571e-15,0.0935360383217704,-0.025409373235460195,False,228696.92520778364
2020-10-09,-0.00016718558784091004,3.1964184471864976e-05,0.00017372084479360688,2.5428927519168144e-05,86381.9984088085,0.48443825547501285,0.39337112706706684,-2.0816681711721685e-17,6.938893903907228e-18,8.326672684688674e-17,0.03552713349167717,-0.006211180124223602,False,276735.2033295461
2020-10-12,-0.0005238208487807572,-0.00029709566423620547,0.00017822737435820103,4.849781018635071e-05,86336.74971708262,0.4974814622642064,0.3350506895305279,-9.08995101411847e-16,-8.951173136040325e-16,7.216449660063518e-16,0.03342589070394957,0.044607566346696784,False,305737.01110427966
2020-10-13,-0.00022182180325448287,-3.322003091497494e-05,0.00017483256592044512,1.3769206419062829e-05,86317.59834357325,0.4867413759412562,0.3593865501715203,1.0408340855860843e-15,1.096345236817342e-15,3.469446951953614e-16,0.07328763588786948,-0.02992659514398645,False,207712.46545106306
2020-10-14,-0.0002996797174716178,-0.00010709427458889455,0.00017781613260170188,1.476931028102134e-05,86291.73071008883,0.4925012031650437,0.3155016578192702,2.643718577388654e-15,2.8171909249863347e-15,6.466181756703548e-16,0.06874390750718053,-0.09090909090909091,False,176831.7278984415
2020-10-15,-0.0003148133878502965,-0.00012604321211245122,0.00017580435418362888,1.2965821554216476e-05,86264.56491800051,0.4911152945971328,0.35595677586957775,1.48544371247894e-14,1.5792922525292852e-14,2.147587663259287e-15,0.030727801229620166,-0.04573687182382835,False,346728.2893542067
2020-10-16,-0.00039351105246437614,-0.0002042958688664045,0.00017458682294579784,1.4628360652173817e-05,86230.61885826926,0.4880969109489548,0.3278324824062033,2.498001805406602e-16,4.718447854656915e-16,3.877106968808164e-16,0.037537931815814114,0.059288537549407126,False,423657.98418101214
2020-10-19,-0.00021204632886976754,-2.7572848019879158e-08,0.00017160105271139386,4.041770331035379e-05,86212.3339721042,0.4793955518057503,0.36398969431980066,-2.192690473634684e-15,-2.275957200481571e-15,5.342948306008566e-16,0.04139905964628813,-0.050254093732354614,False,373870.0498338997
2020-10-20,-0.0001978252788982316,-7.053585951605692e-06,0.00017581321235814084,1.4958480588485049e-05,86195.2789930917,0.4915771758575969,0.40175325516325866,9.228728892196614e-16,6.730727086790012e-16,1.349614864309956e-15,0.046128737626619204,0.040090344438170535,False,316021.18197411904
2020-10-21,-0.00020475737949951291,-1.452065838972676e-05,0.00017372631336335092,1.6510407746435248e-05,86177.62987363985,0.48427766119167925,0.329753356098102,9.332812300755222e-16,9.818534874028728e-16,7.355227538141662e-16,0.034000418259303604,0.08300395256916997,False,164743.9174703745
2020-10-22,-0.0002906095629307773,-0.00010310481635919503,0.0001739532387867288,1.355150778485347e-05,86152.58583028785,0.48661437659197393,0.656233996856947,5.551115123125783e-16,6.591949208711867e-16,1.3357370765021415e-16,0.07113056169878296,-0.0942970073404856,False,353878.30167313945
2020-10-23,-0.00029161210398271774,-9.366551103217268e-05,0.00017097807253176647,2.6968520418778618e-05,86127.46269347033,0.4781809815297736,0.4248566787982069,2.203098814490545e-15,2.0261570199409107e-15,4.0245584642661925e-16,0.05276266565257407,0.07509881422924902,False,259347.97014858175
2020-10-26,-1.134337274100711e-05,0.00021298388846668394,0.0001719476706709261,5.2379590536764957e-05,86126.48571755776,0.4809364468379018,0.48538137913042495,1.2490009027033011e-15,1.3600232051658168e-15,2.949029909160572e-16,0.05329427017967754,0.007340485601355168,False,416801.6028489162
2020-10-27,0.00010955423812340038,0.0003059767561145027,0.0001764753380268383,1.9947179964263988e-05,86135.92123908279,0.490563689769537,0.23746046608097962,1.0297318553398327e-14,1.165387231161219e-14,2.348815586472597e-15,0.043716713435950336,-0.042348955392433656,False,243045.68147508876
2020-10-28,-0.00034141329536943165,-0.00015496237010581844,0.00017669227597261447,9.758649290998742e-06,86106.51329036287,0.4926331524594897,0.5069320388369374,1.03367835124768e-15,1.2420620087993939e-15,3.7556763254897874e-16,0.08550219403397372,0.02428006775832863,False,344362.9224289819
2020-10-29,-0.00028133944612387804,-8.481863599530759e-05,0.00017568798661472373,2.0832823513846697e-05,86082.2881316061,0.49053774518729903,0.6071281559892522,1.7348969483244048e-14,1.8395007739258062e-14,2.9672445056583285e-15,0.07070309673652253,0.11349520045172222,False,210013.73652596617
2020-10-30,4.646350579232399e-05,0.0002483605053551231,0.00017694652739885794,2.495047216394115e-05,86086.28781649932,0.4944424390010311,0.38581547296005203,5.759281940243e-16,5.342948306008566e-16,1.5092094240998222e-16,0.07225640425858232,0.0028232636928289105,False,268783.3873904155
2020-11-02,-0.0001087799515612049,0.00011794669102417553,0.00017916035139852477,4.7566291186855666e-05,86076.92335428055,0.49853691664043637,0.24576337783736982,-4.2396641752873165e-15,-4.395789288125229e-15,1.1275702593849246e-15,0.0437640439684183,0.1326933935629588,False,292344.24591987097
2020-11-03,-0.00017518242234063693,1.3614560632121194e-05,0.0001786971181301263,1.0099864842631811e-05,86061.84419033972,0.4986468017801614,0.47706987434060366,-1.9133999940024182e-15,-2.275957200481571e-15,5.464378949326942e-16,0.08611182685201413,-0.04686617730095992,False,447621.85401465936
2020-11-04,-0.0003270496083221631,-0.00012934476497962417,0.00017809923206826747,1.9605611274271465e-05,86033.69769790578,0.49630731504637177,0.2240000437740069,-6.956241138666996e-16,-7.008282842946301e-16,1.4400915356038713e-16,0.03706849237676562,0.02089215132693394,False,331623.5734890769
2020-11-05,-0.00018832594309659955,-2.276611415120847e-07,0.00017889280070410086,9.205481250986614e-06,86017.49532064874,0.49674377782863366,0.4188998231942696,1.493596912816031e-15,1.5265566588595902e-15,1.169203622808368e-15,0.054239448044439455,-0.163184641445511,False,211855.2615748479
2020-11-06,-0.0004463568867109631,-0.00024905482068774857,0.00018008700479605285,1.7215061227161704e-05,85979.10081923475,0.4991958923582726,0.5442468875971836,4.021089017314239e-15,4.718447854656915e-15,1.596812959636651e-15,0.054101159287242184,0.06719367588932806,False,211884.8014492957
2020-11-09,-4.761096959752141e-05,0.00019690125478279014,0.00017741329303271408,6.709893134759747e-05,85975.00727087962,0.49197155854480534,0.41671214608003504,1.0269562977782698e-15,9.922618282587337e-16,2.7755575615628914e-16,0.06659428405009185,0.05477131564088086,False,278541.8773971281
2020-11-10,0.00018666691909534274,0.0003807764604665518,0.0001769843846829885,1.7125156688220575e-05,85991.05596060607,0.49302611760298787,0.43800563827616334,-2.0816681711721685e-17,-6.938893903907228e-18,1.3877787807814457e-17,0.05137592231656632,0.05251270468661773,False,338112.3303415706
2020-11-11,4.1873010775876756e-05,0.00023853085555461498,0.0001786576130687589,1.8000231709979316e-05,85994.65666501893,0.4983944644134212,0.5950277392391984,1.5768636396629176e-15,1.5890067039947553e-15,5.065392549852277e-16,0.08522509338631117,0.06832298136645965,False,458797.4000692861
2020-11-12,0.0001309120626092801,0.00032855366078859115,0.00017318840341605637,2.4453194763254662e-05,86005.91440289632,0.48379769705618414,0.20784850334947846,2.740863092043355e-16,2.185751579730777e-16,9.020562075079397e-17,0.026560679024937587,-0.0220214568040655,False,564337.2039197432
2020-11-13,-0.00027737972173303625,-9.131219673043149e-05,0.00017752580568687281,8.54171931573198e-06,85982.05810629185,0.4940064781037925,0.33030775362490317,-1.1449174941446927e-15,-1.214306433183765e-15,2.3592239273284576e-16,0.07336954347983113,0.033314511575381144,False,261257.98515117494
2020-11-16,-4.0347663387060005e-05,0.00017581094763998516,0.00017543573729246793,4.072287373457724e-05,85978.58893115405,0.48822907907426977,0.3842536103878085,-1.2073675392798577e-15,-1.5334955527634975e-15,5.924080670460796e-16,0.03609748291310465,0.08300395256916997,False,312173.756763487
2020-11-17,0.00011014991478759334,0.000301503128654556,0.00017556196960444992,1.5791244262512725e-05,85988.05946539837,0.48968429204378694,0.5335924872999113,-1.5092094240998222e-15,-1.609823385706477e-15,3.5735303605122226e-16,0.0723017118413364,0.06154714850367025,False,291024.36334703077
2020-11-18,0.00047967733983061983,0.0006773397762102453,0.00017573397799743726,2.1928458382188195e-05,86029.30598901992,0.48958387518226143,0.3776028835289105,1.5792922525292852e-14,1.494637746901617e-14,5.141720382795256e-15,0.055665339271979114,-0.06267645398080182,False,322380.0487051102
2020-11-19,-0.00029385402684325393,-0.000102176307267714,0.00017615979285517442,1.5517926720365537e-05,86004.02593102852,0.49113512986453567,0.3832914199547672,5.873773689657469e-15,6.071532165918825e-15,1.817990202823694e-15,0.03736578016257259,0.14059853190287974,False,269951.95210002956
2020-11-20,-0.00014409456021719711,4.729653717419778e-05,0.0001756393952014732,1.5751702189921696e-05,85991.63321873508,0.48987827332526857,0.4486316866481438,2.072647609097089e-14,2.155220446553585e-14,3.5258254649228604e-15,0.04812506267902623,-0.2907961603613778,False,477584.22730764915
2020-11-23,-0.0005118804364128693,-0.000290870439041828,0.00016569924148291664,5.5310755888124754e-05,85947.61578399522,0.4619766168193614,0.5384635378583237,4.520689378395559e-15,4.954370247389761e-15,8.881784197001252e-16,0.09884756202226413,0.0016939582156973462,False,502620.78892901493
2020-11-24,-5.9063142731289434e-05,0.00014127866525971282,0.00017821316944887955,2.2128638542122703e-05,85942.53944769676,0.49721127812235044,0.5197148957898948,1.709743457922741e-14,1.7194579093882112e-14,2.886579864025407e-15,0.06698403608278372,-0.019762845849802372,False,454384.65225588816
2020-11-25,-4.200810829167056e-05,0.00015653773696669621,0.00017718769885604303,2.1358146402323744e-05,85938.92916419278,0.49155700781490674,0.68719139540747,1.790234627208065e-15,1.824929096727601e-15,3.608224830031759e-16,0.08874242932937675,0.04347826086956522,False,276764.9316026608
2020-11-27,0.00020540221305936928,0.00043467967314944183,0.00017279597553603404,5.648148455403847e-05,85956.58121043106,0.48278599872166655,0.27083727435557814,8.673617379884035e-17,1.0755285551056204e-16,3.2959746043559335e-17,0.02747716793126185,0.06606437041219651,False,426346.85267882975
2020-11-30,-0.0002165537939906796,-8.27002811202131e-06,0.00017489286904029934,3.339089683835894e-05,85937.96698665147,0.4877010052776484,0.4968514434375512,1.0928757898653885e-15,1.1657341758564144e-15,5.117434254131581e-16,0.07423889111400081,0.08074534161490683,False,358872.2959063468
2020-12-01,3.076819037266635e-05,0.0002302173133663382,0.00017903057052363555,2.041855247003631e-05,85940.61114237996,0.4979991545624415,0.41346315665924555,2.4216739724636227e-15,3.83026943495679e-15,2.45029690981724e-15,0.06015282216773203,0.0005646527385657821,False,333505.9118992207
2020-12-02,1.047128436545105e-05,0.00020330885814024923,0.0001758459371997608,1.6991636575037387e-05,85941.51105095776,0.4909117133918974,0.40230325060969563,3.4555691641457997e-15,3.552713678800501e-15,6.38378239159465e-16,0.038426143200265335,0.018633540372670808,False,413565.3156755851
2020-12-03,-0.00012364716566937997,6.802885332895542e-05,0.00017514300869930695,1.6533010299028444e-05,85930.88462670297,0.490021559047466,0.5154218500138785,-5.551115123125783e-16,-6.800116025829084e-16,3.365363543395006e-16,0.07922289076731,0.10671936758893281,False,503441.07357989135
2020-12-04,-4.795639921328304e-05,0.00015220088980109992,0.0001789755691507989,2.1181719863584072e-05,85926.76369089507,0.49999422673762817,0.22725462689727072,-6.538172780956586e-15,-7.431555371084642e-15,2.005340338229189e-15,0.029834146245531303,-0.018633540372670808,False,204955.74928045596
2020-12-07,-0.00024107799249614286,-3.562779736191132e-05,0.00017743250140716995,2.8017693727061584e-05,85906.04863920277,0.49609268925485017,0.49987473946354066,7.837480664463214e-15,7.188694084447889e-15,2.0079424234431542e-15,0.05055218938277505,-0.1518915866741954,False,512350.06406781974
2020-12-08,-0.00031316439357452464,-0.00011475127464863389,0.0001778703214136908,2.0542797512199984e-05,85879.14592357629,0.4958974857385592,0.48097555613589005,2.9004576518332215e-15,3.858025010572419e-15,2.345346139520643e-15,0.04049616025470684,0.1394692264257482,False,363990.66242075927
2020-12-09,0.0002886831812680756,0.0004766655502453442,0.00016821625023195823,1.976611874531043e-05,85903.93778862609,0.4690349294469061,0.6611070873449939,1.3950646193805483e-14,1.7486012637846216e-14,7.965850201685498e-15,0.09841739794622444,-0.16657255787690575,False,426642.1510431012
2020-12-10,-0.0007168394771574867,-0.0005125064408535692,0.00017716425189248007,2.716878441143753e-05,85842.35845477592,0.49554785190126815,0.37709818845839976,-4.548444954011188e-15,-5.023759186428833e-15,1.259409243559162e-15,0.05688105427436209,-0.04121964991530209,False,316502.5507356766
2020-12-11,-0.00029681690909690896,-0.0001261455495189181,0.0001551741737509332,1.549718582705771e-05,85816.87899126978,0.4339876669375085,0.5421030073524548,2.1468937738688965e-14,2.1260770921571748e-14,3.456436525883788e-15,0.0991710343444616,-0.11688311688311688,False,312509.75898343197
2020-12-14,-0.0004747436007694737,-0.00023399838107860088,0.00017391060234605226,6.683461734482055e-05,85776.13797713067,0.48699890934558243,0.5278916649760749,-9.103828801926284e-15,-8.93729534823251e-15,1.4606371667724716e-15,0.08665731506226727,0.09203839638622249,False,501916.13618346927
2020-12-15,-0.00020536543992376435,-9.055834632169042e-06,0.00017461542727887952,2.169417801271578e-05,85758.52252282003,0.48437681624292867,0.37465835514725865,-9.672818102046676e-15,-9.700573677662305e-15,2.409530908131785e-15,0.08510369532055415,-0.02428006775832863,False,166719.96727590487
2020-12-16,-0.00017024784984493634,1.8970716117744114e-05,0.00017382164725799818,1.539691870468226e-05,85743.92231875463,0.48609846988303324,0.35691448515272306,2.498001805406602e-16,1.942890293094024e-16,1.1796119636642288e-16,0.04804286464962842,0.11236589497459064,False,358475.2233755638
2020-12-17,-0.0001467143331572289,4.379662580969965e-05,0.00017584324039900844,1.4667718567920119e-05,85731.34245636934,0.4897628736603179,0.47551746597853284,-3.740063814205996e-15,-3.316791286067655e-15,1.7139067942650854e-15,0.06548648819533541,-0.018633540372670808,False,194230.32537980055
2020-12-18,-0.0002486033623083552,-5.67735344951173e-05,0.0001722880141428871,1.9541813670350818e-05,85710.02935637948,0.48153758868059743,0.16387879385273163,-2.0816681711721685e-17,-1.249000902703301e-16,7.65229893340269e-16,0.01926763047929007,-0.20158102766798422,False,261635.8249332604
2020-12-21,-0.00021854900011601276,-1.8919210930995523e-05,0.0001794255543264613,2.020423485855595e-05,85691.29751516374,0.4986785765829246,0.5332110821999062,2.248201624865942e-15,2.220446049250313e-15,4.111294638065033e-16,0.07896628790545995,0.10671936758893281,False,233977.79967464067
2020-12-22,0.000112578275118843,0.0003119680410443827,0.00017747698172554367,2.1912784199996054e-05,85700.94449363068,0.49457527290830794,0.2681826316682622,1.7247488159899405e-14,1.6888400400372205e-14,2.914335439641036e-15,0.025940748226537157,0.006211180124223602,False,198421.86791574792
2020-12-23,-7.693942177669635e-05,0.00010838781260150196,0.00017430603033703756,1.1021204041160751e-05,85694.35071251563,0.4870802692321554,0.5767541571160761,4.461708780212348e-15,4.9404924595819466e-15,2.086872341600099e-15,0.07205286732215603,0.10220214568040656,False,216852.9325581813
2020-12-24,-0.00010797276595722221,9.416785178773064e-05,0.0001784383921100458,2.3702225634907054e-05,85685.0980564423,0.4999767435195223,0.5334572113086135,-1.5785983631388945e-15,-1.582067810090848e-15,3.3306690738754696e-16,0.06668610929673074,-0.0220214568040655,False,388402.1539816348
2020-12-28,0.00010633846412354871,0.00036591739722197255,0.00017188733671892546,8.769159637949837e-05,85694.20967816788,0.4809090869357839,0.13914671687975802,-6.0021432268797525e-15,-6.005612673831706e-15,1.1969591984239969e-15,0.013319438402500473,0.005081874647092039,False,231893.07275396702
2020-12-29,-0.0002514582537933872,-6.923443540509874e-05,0.00017650546016035294,5.718358227935508e-06,85672.66116184201,0.49321468357840087,0.49439365182961886,-1.7486012637846216e-15,-2.0816681711721685e-15,1.592476150946709e-15,0.058541963330784506,0.044607566346696784,False,216377.5667991723
2020-12-30,3.243543698958861e-05,0.00023005582757722767,0.0001773028432521752,2.031754733546386e-05,85675.43999204486,0.4955290623789702,0.6037040858549219,-6.973588373426765e-16,-4.718447854656915e-16,1.033895191682177e-15,0.09721726357717177,-0.018633540372670808,False,325253.2333598617
2020-12-31,-0.0006265312752969647,-0.0004252779909116296,0.0001764435274323931,2.4809756952942017e-05,85621.76164936501,0.49454444090215943,0.3612082286888704,-1.4988010832439613e-15,-1.6237011735142914e-15,8.777700788442644e-16,0.04110142287013784,-0.12140033879164315,False,281081.88891012396
2021-01-04,-0.0003997392561851717,-0.00016553280634590481,0.00017482975471232897,5.9376695126937845e-05,85587.53527005004,0.48916033342862036,0.5750339066114104,-2.8796409701214998e-15,-1.9984014443252818e-15,8.72565908416334e-16,0.07572754046601117,0.09542631281761718,False,217818.5236248254
2021-01-05,-2.7987435846670612e-05,0.0001697341406346906,0.000174090046072673,2.3631530408688214e-05,85585.13989439739,0.4874764379332757,0.5034734430611465,-3.2890357104520263e-15,-3.4139358007223564e-15,7.754213937616328e-16,0.05609625722250978,-0.13833992094861663,False,330140.62719863054
2021-01-06,0.00026806488859410925,0.00046072447328954935,0.00017196889525457096,2.069068944086917e-05,85608.0822653885,0.48105117788208174,0.36851928834674336,4.447830992404533e-15,4.340278136893971e-15,7.684824998577255e-16,0.06800486430761894,-0.10671936758893281,False,274877.4451923042
2021-01-07,-3.4140892421161046e-05,0.00015500739213877122,0.00017400365627171012,1.5144628288222146e-05,85605.1595290615,0.4869097148883097,0.543147618954134,9.697104230710352e-16,8.881784197001252e-16,2.0426368929626904e-16,0.05997215142078845,0.0536420101637493,False,398835.82658293727
2021-01-08,-0.00018235168892428635,1.6056433180557895e-05,0.00017608698707933192,2.232113502551231e-05,85589.54928364074,0.493542963239253,0.40292049404924524,-6.479246392881999e-15,-6.619704784327496e-15,2.014013955609073e-15,0.06781832434248515,-0.03557312252964427,False,414897.8889207755
2021-01-11,-8.986177361440368e-05,0.00013500606121357822,0.0001751927054246495,4.96751294033324e-05,85581.85805493925,0.48721556200266525,0.5986537900125508,4.399258735077183e-15,2.9386215683047112e-15,3.4763858458575214e-15,0.06138224100481062,0.1507622811970638,False,195570.06895855023
2021-01-12,1.0324508895029122e-05,0.0002050326165776833,0.00017010589713419336,2.4602210548460807e-05,85582.74164559398,0.47424281878693686,0.21442191652394973,-6.045511313779173e-16,-2.7755575615628914e-16,1.5543122344752192e-15,0.018387836460726285,0.0536420101637493,False,220333.79801795643
2021-01-13,-0.00021495955761811344,-2.8925821060269868e-05,0.00017722187697466753,8.81185958317604e-06,85564.3448173101,0.49252092762046434,0.5173330912935167,-6.716849298982197e-15,-6.300515664747763e-15,9.697104230710352e-16,0.07459349976607169,0.032185206098249576,False,149868.45988752317
2021-01-14,-0.000575351046756023,-0.0003809996604679145,0.00017309112226234725,2.1260264025761235e-05,85515.11528195448,0.4819247645621909,0.16477374627368818,-2.220446049250313e-16,-2.3592239273284576e-16,7.112366251504909e-17,0.022530531089851064,-0.07284020327498589,False,157285.87806490826
2021-01-15,-0.00013708238030314023,4.577350491261988e-05,0.00017608436139629347,6.771523819466647e-06,85503.39266639973,0.4932861127472043,0.521399391238216,-3.164135620181696e-15,-3.3306690738754696e-15,1.1900203045200897e-15,0.07265370005015329,-0.023150762281197064,False,222510.6440658287
2021-01-19,-0.000349751716623082,-8.726513266954332e-05,0.00017677709498287248,8.570948897066618e-05,85473.48770803756,0.49486313254650866,0.31770719592436947,-1.6306400674181987e-16,-1.3183898417423734e-16,2.0469737016526324e-16,0.049377828521622986,-0.06832298136645965,False,241717.94679861382
2021-01-20,-0.0003371665345740907,-0.000152496727300478,0.00017161334716713172,1.3056460106480944e-05,85444.66890838908,0.48143183930543376,0.27669603123157815,2.688821387764051e-17,2.0816681711721685e-17,1.3877787807814457e-17,0.05011795724699849,0.10333145115753813,False,372086.1543494044
2021-01-21,-0.00013538454635949972,2.2221438546257105e-05,0.0001462349151291166,1.1371069776640197e-05,85433.10102065008,0.41140610377839976,0.47358743075202386,1.3310533231170041e-14,1.2954914918594795e-14,3.659073911921329e-15,0.0990132515462087,0.059288537549407126,False,324689.67125275254
2021-01-22,-0.00023213283719038502,-3.7208122618157076e-05,0.0001754622174180357,1.9462497154192215e-05,85413.26919252018,0.4882550695854526,0.34361322737866573,-5.828670879282072e-16,-7.216449660063518e-16,8.660606953814209e-16,0.040403829003768946,-0.06380575945793338,False,116179.87532045257
2021-01-25,-0.00031328844099652695,-9.50452818673847e-05,0.00017587988452081351,4.236327460832872e-05,85386.51020257444,0.49234545163374405,0.38216657722710656,-6.6856242764146145e-15,-6.50868248186498e-15,2.2109050701324406e-15,0.05775088822538029,0.006211180124223602,False,276641.30096167984
2021-01-26,1.6834728813954596e-05,0.000209302080822929,0.0001767618762325177,1.5705475776456704e-05,85387.94766131806,0.495490437072861,0.6276534261352354,-1.3518700048287258e-14,-1.3010426069826053e-14,2.4797872089088457e-15,0.08069152188874461,0.02992659514398645,False,271473.8467315956
2021-01-27,-0.0002909801391113953,-8.826951393220423e-05,0.000176916648762674,2.579397641651708e-05,85363.10146442913,0.49496319755447576,0.6549791314068482,3.344546861683284e-15,3.3029134982598407e-15,8.111458553450301e-16,0.08154940812126998,0.17334839073969513,False,386782.0033632642
2021-01-28,0.00016541381030954635,0.000365715510513562,0.0001733847495982549,2.6916950605760755e-05,85377.2217003022,0.48605093258818155,0.67659536357312,1.9166959686067742e-14,1.8818280267396403e-14,3.4590386110977533e-15,0.08847496874435921,-0.1993224167137211,False,391171.54547986295
2021-01-29,-0.0003070609282366484,-0.00010720031567838575,0.0001720553236442996,2.7805288913963045e-05,85351.00569135664,0.4819170188627439,0.22754745122951453,-4.012415399934355e-15,-3.6914915568786455e-15,2.824129818890242e-15,0.03954629956762939,0.0005646527385657821,False,190135.73596816027
2021-02-01,9.511218035701928e-05,0.0002957724421452495,0.00017260646643116627,2.8053795357063932e-05,85359.1236116036,0.48441203539266664,0.545626075740623,7.202571872255703e-15,7.195632978351796e-15,1.783729414173152e-15,0.05598202822442397,0.06380575945793338,False,336372.7562602892
2021-02-02,0.00020860533694335418,0.00040084411672302136,0.00016981579036566926,2.242298941399791e-05,85376.9299803458,0.4758436163604318,0.249554875174303,5.960509863456309e-15,5.35682609381638e-15,1.4943558543367708e-15,0.033913117957742635,0.04347826086956522,False,477584.2562850168
2021-02-03,-0.00015554233268568515,2.8548176731445896e-05,0.00017383482961544762,1.0255679801683437e-05,85363.65025349912,0.488061510078449,0.3735410287209747,-1.1716539197181852e-14,-1.1435297153639112e-14,1.6009329278920958e-15,0.07347917777700105,-0.008469791078486732,False,258932.84458375355
2021-02-04,-0.00034559455293735986,-0.00015401332592322175,0.00017623022583382363,1.5351001180314512e-05,85334.14904095266,0.4927518885000634,0.44218162922395904,-1.4849232954361469e-15,-1.887379141862766e-15,8.456776945386935e-16,0.05868644062820785,0.031055900621118016,False,228106.30547689702
2021-02-05,-0.0003601812205411468,-0.0001654929373280787,0.00017651643543674096,1.8171847776327146e-05,85303.41328299725,0.4955237497146058,0.4323499281820862,6.918077222195507e-15,6.439293542825908e-15,1.1345091532888318e-15,0.0903178715108056,-0.09768492377188029,False,210473.80888563665
2021-02-08,-0.0006322295488027966,-0.0005020462942391785,7.687983876034804e-05,5.330341580327004e-05,85249.481944506,0.21698733513269308,0.4310804382300218,8.014422459012849e-16,7.771561172376096e-16,1.8561541192951836e-16,0.09981372161408168,-0.07848673066064371,False,888455.3643658244
2021-02-09,-0.00013524687202619772,5.774508799227931e-05,0.00017527632557066795,1.771563444780908e-05,85237.95221873115,0.4905596388861445,0.6078328326101847,-5.6968318951078345e-15,-5.745404152435185e-15,1.7416623698807143e-15,0.09564561782778831,0.1575381140598532,False,161988.27574255332
2021-02-10,6.812277444654042e-05,0.0002676367286893874,0.00017453452276571587,2.497943147713111e-05,85243.75886452444,0.48714220859878676,0.43560820041490145,3.5388358909926865e-16,3.0531133177191805e-16,9.020562075079397e-17,0.0988288526298852,0.031055900621118016,False,170172.8857736885
2021-02-11,-0.00015968135381573399,3.5603750864831836e-05,0.00017738339781420002,1.7901706866365798e-05,85230.14702570462,0.49808429063341514,0.4682740518359163,-9.374445664178666e-15,-8.965050923848139e-15,1.887379141862766e-15,0.05334745472160171,-0.1225296442687747,False,208183.940468012
2021-02-12,-0.0004007454309748186,-0.00020582503695187648,0.0001756762549063972,1.924413911654489e-05,85195.99143370276,0.4908560052926116,0.4207202642124549,8.881784197001252e-16,6.245004513516506e-16,6.314393452555578e-16,0.04074054673106916,-0.08977978543195936,False,162001.34135476584
2021-02-16,-0.00026510254075051384,-1.7486008698731936e-05,0.00017845703656480314,6.915949548697875e-05,85173.40575991193,0.4987490129471928,0.4182216107145143,1.2212453270876722e-15,1.1657341758564144e-15,3.95516952522712e-16,0.06947648130263147,-0.12704686617730096,False,196017.41859103568
2021-02-17,-0.00026599518948296517,-0.00011606351121864171,0.00013274448878290512,1.7187189481418345e-05,85150.7500437079,0.37411836326510206,0.5009803886334068,-9.468120731881413e-15,-9.617306950815419e-15,2.5179511253803355e-15,0.09941719189807426,0.028797289666854884,False,686164.879415432
2021-02-18,-0.00028704124480208516,-0.00010329811033473997,0.00016315489931802672,2.0588235149318474e-05,85126.30826641952,0.4576822563335454,0.8790808430015624,-5.102862576933376e-14,-4.912736883966318e-14,7.341349750333848e-15,0.09998627356345834,0.08977978543195936,False,248327.8099921795
2021-02-19,0.0011580274166624964,0.0013663964618513106,0.0001722424352024465,3.612660998636768e-05,85224.8868652713,0.48495246553745924,0.5368809444287429,-3.344546861683284e-15,-3.4416913763379853e-15,1.186550857568136e-15,0.07542623341978322,-0.05702992659514399,False,526018.63916142
2021-02-22,-0.0006803249424558622,-0.0004380966102654662,0.00017603753082246843,6.619080136792763e-05,85166.90624901888,0.49508580179906053,0.14209202142095198,6.611031166947612e-15,6.643990912991171e-15,1.4454583363576745e-15,0.013601510377517017,0.023150762281197064,False,292881.54058539117
2021-02-23,-0.0001651511314087224,1.5236342155421577e-05,0.0001745480754235572,5.839398140586793e-06,85152.84083809328,0.49089002342394156,0.4802508736651668,-2.478052485432869e-15,-2.581268532253489e-15,8.415577262832485e-16,0.09334100025728781,-0.08413325804630155,False,506770.1107715817
2021-02-24,-0.00015612836392631877,3.796275136900343e-05,0.00017435477802141115,1.973633727391107e-05,85139.54606436956,0.4895183917744927,0.8027400934513377,2.2898349882893854e-16,2.220446049250313e-16,1.3877787807814457e-16,0.08574476206777895,-0.03557312252964427,False,316898.001417949
2021-02-25,-0.0007040037299125353,-0.0004981377053293603,0.00017287670567421592,3.298931890895907e-05,85079.60750637719,0.48664054838987336,0.36595810608385865,5.564992910933597e-15,5.4262150328554526e-15,1.1115782773407634e-15,0.03468130452458409,-0.007340485601355168,False,213427.48240123867
2021-02-26,-5.2216171250905705e-05,0.0001386029767841464,0.000175779773812428,1.5039374222624102e-05,85075.16497502167,0.49133528738585386,0.6295595538136208,1.339206523454095e-15,1.3322676295501878e-15,1.0408340855860843e-15,0.069213197771999,0.050254093732354614,False,190467.86227581825
2021-03-01,-9.947919335149161e-05,0.00015483972677871223,0.0001767019888381138,7.761693129209005e-05,85066.70176623571,0.4970714999470799,0.33327406758995765,-2.869232629265639e-15,-2.8171909249863347e-15,5.769039759795369e-16,0.02971783349162039,0.14624505928853757,False,345800.7230449353
2021-03-02,-0.0003446269287851515,-0.00015508029448405936,0.00017585043974260056,1.3696194558491528e-05,85037.38549006413,0.49360138536663706,0.4995936944538463,-7.282369152150636e-15,-7.526965162263366e-15,3.6034543404728225e-15,0.06710132441578404,-0.02428006775832863,False,325912.46479318326
2021-03-03,-0.00041151998345989994,-0.0002189105662893616,0.00017207816945325667,2.0531247717281655e-05,85002.39090659379,0.48434383924084234,0.32568657750194935,1.5699247457590104e-15,1.2212453270876722e-15,3.642919299551295e-15,0.035266218556710256,-0.044607566346696784,False,282416.8426528426
2021-03-04,-0.0003752360912337783,-0.00018549221393495262,0.00017635949740148535,1.338437989734032e-05,84970.49494168448,0.4961759604716521,0.5382426038214062,2.636779683484747e-16,2.7755575615628914e-16,5.551115123125783e-17,0.09722150701678751,-0.19141727837380013,False,575384.4189012217
2021-03-05,-0.00048571947351967043,-0.0002871569352792204,0.00017644297917929636,2.2119559061153667e-05,84929.2231176167,0.4964567229273021,0.7755407307646357,-2.232936058277346e-14,-2.3363255774455638e-14,5.9119376061289586e-15,0.09728207185459245,0.008469791078486732,False,517174.401233635
2021-03-08,-0.0009777048451863684,-0.0007066167214322446,0.00017547351311190569,9.561461064221814e-05,84846.18740467669,0.49235088609514027,0.7428796397231997,-1.3322676295501878e-15,-9.298117831235686e-16,9.645062526431047e-16,0.08101813771350042,0.1259175607001694,False,287399.8217825871
2021-03-09,0.0010444256982683258,0.001251749391013946,0.00017679439248302267,3.05293002625973e-05,84934.80294320222,0.4952482568678886,0.6375837439338581,-7.494005416219807e-16,-4.787836793695988e-16,6.622306869541461e-16,0.09694761758259486,0.03896103896103897,False,287956.16805454955
2021-03-10,-0.0002918406862634367,-9.484541310660855e-05,0.0001707932014883134,2.6202071668514748e-05,84910.01551202362,0.48038006007422535,0.26389317045412525,4.909267437014364e-16,4.891920202254596e-16,1.9526481126463935e-16,0.05073661515086666,-0.03670242800677584,False,731087.8352295561
2021-03-11,-0.00021530958518634267,-2.6965157761156674e-05,0.0001774995026120028,1.0844924813183208e-05,84891.73357180555,0.4976364872384752,0.6343156172348208,2.8449465006019636e-16,2.220446049250313e-16,2.7755575615628914e-16,0.08919408661701149,-0.014116318464144554,False,306146.4757075385
2021-03-12,-3.953600176140452e-05,0.0001595916532792113,0.0001730598899487739,2.6067765091841928e-05,84888.37729207752,0.4864687562926653,0.5246414321523175,1.0755285551056204e-15,1.2212453270876722e-15,1.1917550279960665e-15,0.0908136575785324,0.059288537549407126,False,538972.0514147187
2021-03-15,3.7604202711350094e-05,0.0002801664767448366,0.0001778804536311461,6.468182040234038e-05,84891.56945182504,0.4992534888024489,0.25698445258506586,3.0964814046186007e-15,3.101685575046531e-15,7.181755190543981e-16,0.03420536019482646,-0.019762845849802372,False,216604.42428992107
2021-03-16,-0.0002972040243103659,-0.00011140417130359268,0.00017523884810601728,1.0561004900756004e-05,84866.33933575393,0.4919310895451919,0.4088228003477961,1.3530843112619095e-16,1.734723475976807e-16,3.469446951953614e-17,0.04649375017913774,-0.08300395256916997,False,533868.4102381386
2021-03-17,-0.00023160667192366534,-3.8635695385154e-05,0.00017617003953791698,1.680093700059435e-05,84846.68372534204,0.49449800510291564,0.5778479042891891,1.74721348500384e-14,1.6459056340067946e-14,3.5388358909926865e-15,0.06902498798595891,-0.18351214003387917,False,419317.25931619783
2021-03-18,-0.0007808320818966196,-0.0005821136321876038,0.00017497127556014572,2.3747174148870063e-05,84780.43271264675,0.48995962401253546,0.3841694425074323,6.245004513516506e-17,1.249000902703301e-16,1.3791051634015616e-16,0.043745649727107296,-0.0016939582156973462,False,271999.9930718781
2021-03-19,-5.11243258943409e-05,0.00014098646160635067,0.00017632300219216695,1.5787785308524616e-05,84776.09837017528,0.494494743453138,0.5954048365168627,7.015221736850208e-15,8.271161533457416e-15,3.616031085673654e-15,0.08546723692411504,-0.18238283455674761,False,404913.7290890083
2021-03-22,-0.0004239727685675512,-0.00017517226561782854,0.00017539442721476784,7.34060757349548e-05,84740.15561304093,0.4936429417539374,0.2897254971798709,4.808653475407709e-15,4.3021142204224816e-15,1.0547118733938987e-15,0.030623223781555752,0.1485036702428007,False,372816.60356018477
2021-03-23,-0.00035331454790963045,-0.00018598845269947325,0.00015541956792879282,1.190652728136436e-05,84710.21568327071,0.4364787880767672,0.6557071699436091,-1.3877787807814457e-14,-1.4099832412739488e-14,3.2342835007415083e-15,0.09862943128515982,-0.11914172783738003,False,305406.45195337327
2021-03-24,-0.0003321789217375294,-0.00013132251553422708,0.0001739095362056192,2.6946869997683144e-05,84682.07673516488,0.48941330081945617,0.6168010881640223,-1.6035783811929605e-14,-1.6237011735142914e-14,7.28063442867466e-15,0.09381901816478486,0.019762845849802372,False,728984.6631508608
2021-03-25,0.00033542424987774346,0.0005386468470404967,0.00017787460723820374,2.5347989924549518e-05,84710.48115723186,0.4995245324898155,0.680454627080303,-1.2587153541687712e-14,-1.3933298959045715e-14,5.245803791353865e-15,0.06666585207898353,-0.05477131564088086,False,553553.7703621584
2021-03-26,-1.379685353276317e-05,0.00018574544594600464,0.00017157841069464526,2.7963888784122552e-05,84709.31241913064,0.48083702597878136,0.4656929778471835,-4.544975507059235e-16,-4.40619762898109e-16,8.370040771588094e-17,0.08186556594783623,0.015245623941276118,False,289160.5254121337
2021-03-29,-0.0002937068225316469,-6.0002196045968914e-05,0.000176290423737395,5.7414202748282955e-05,84684.43271614118,0.4956445972305597,0.6323668800832694,-1.2949710748166865e-14,-1.264266469291897e-14,2.2360585605341043e-15,0.08790031479421104,0.09655561829474874,False,493347.9996358949
2021-03-30,-0.0003748517957600944,-0.00017490174310302577,0.00017396237265364609,2.5987680003422563e-05,84652.68860446461,0.48534718236019236,0.7134675661151283,-2.2093438190040615e-14,-2.1690982343613996e-14,6.231126725708691e-15,0.08257486950713497,0.050254093732354614,False,271491.2109162774
2021-03-31,0.00011195855476866596,0.0003163739396691963,0.00017509479999168855,2.9320584908841797e-05,84662.16619713804,0.49164348503041283,0.4059547779875026,4.884981308350689e-15,4.565792188770956e-15,2.4424906541753444e-15,0.06472292000140313,-0.13721061547148505,False,463698.8021080847
2021-04-01,-9.429319046091169e-05,9.567579679215356e-05,0.00017328591418508589,1.668307306797936e-05,84654.18313137598,0.48724407969633177,0.19419231674788978,7.936359902593892e-16,8.049116928532385e-16,5.9761223747401e-16,0.030045432312516083,0.07735742518351214,False,582300.7618185019
2021-04-05,-0.0002871202543812169,-8.24013886930612e-05,0.00017279684101726987,3.1922024670885855e-05,84629.87720078086,0.48477627942576973,0.359877355092999,3.99333344169861e-15,3.5388358909926865e-15,1.2732870313669764e-15,0.05768804199517731,-0.19367588932806323,False,305453.12423792214
2021-04-06,-0.00024534571834618863,-5.568459939814827e-05,0.00017487163860175289,1.4789480346287462e-05,84609.11362276548,0.4893068965126859,0.21871370994500064,2.26554885962571e-15,2.4147350785597155e-15,1.016547956922409e-15,0.04317768945331346,-0.09768492377188029,False,353633.9833949043
2021-04-07,-0.00028235861878999713,-9.719162136008648e-05,0.00017617876277463673,8.988234655273905e-06,84585.2235103059,0.4946043901566487,0.46257049581946663,-5.863365348801608e-16,-6.140921104957897e-16,3.5561831257524545e-16,0.05701245202004985,-0.1981931112365895,False,379829.6152542349
2021-04-08,-0.0003729400896352042,-0.00018287424827045313,0.00017105609496121134,1.9009746403539745e-05,84553.67828946817,0.48079850904785904,0.47349637539939987,-2.6329632918375978e-14,-2.606248550307555e-14,4.364564265557647e-15,0.05673853766519538,-0.13721061547148505,False,542333.7248929185
2021-04-09,-0.00019238757948666948,2.432539079389863e-06,0.00017536136341265827,1.9458755153401073e-05,84537.41121196536,0.4919937517625276,0.4166268664996795,2.6853519408120974e-15,2.3175905639050143e-15,1.4990179236784584e-15,0.08455733901703356,0.08413325804630155,False,682856.1058342818
2021-04-12,-0.00019774699683685324,2.5561941704212474e-05,0.00017194398239726995,5.1364956143795776e-05,84520.69419277782,0.48398663124510166,0.34532150388461885,-4.0245584642661925e-16,-2.42861286636753e-16,1.4536982728685643e-15,0.0368779421745037,0.09994353472614344,False,422837.9091773908
2021-04-13,-0.0001535808161401872,3.71745308087504e-05,0.00017656405226874777,1.4191294680189833e-05,84507.71343558296,0.49218162930833087,0.564537583697428,-5.190292640122607e-15,-5.051514762044462e-15,9.00755164900957e-16,0.07992221560014451,0.07622811970638058,False,204034.28791464795
2021-04-14,0.00013823747765670264,0.00033809898867404655,0.00017666133634484666,2.3200174672497252e-05,84519.39556873082,0.49668663045883,0.412747621549804,-1.7069679003611782e-15,-1.6792123247455493e-15,4.666406150377611e-16,0.04658565216273433,-0.032185206098249576,False,551427.8684419997
2021-04-15,-0.00032009493075583475,-0.0001296429924811344,0.0001734897072521056,1.696223102259475e-05,84492.34133865872,0.48601057266618586,0.3902115497590962,1.0073539224997319e-14,1.0193235144839718e-14,2.4598378889351125e-15,0.0497406380612322,-0.009599096555618296,False,341787.0751944849
2021-04-16,6.007556042872651e-05,0.0002500648418393428,0.00017395319032462644,1.6036091085989842e-05,84497.41726341657,0.48998042045548157,0.5240667798727648,-7.5842110369706e-15,-7.36216643204557e-15,1.8214596497756474e-15,0.0920497348420963,-0.06267645398080182,False,733162.6276003829
2021-04-19,1.796035067175342e-05,0.0002566360071427973,0.00017406468361001712,6.461097286102674e-05,84498.93486666148,0.48929939176871007,0.20529854738195136,-2.6645352591003757e-15,-2.6922908347160046e-15,6.372940369869795e-16,0.02273417861158007,-0.044607566346696784,False,410487.450057719
2021-04-20,-0.0003244154256558327,-0.00013893785182066771,0.00017704064723042713,8.436926604737836e-06,84471.52210873924,0.49659273580738583,0.4343353329485313,-1.5834555888716295e-14,-1.5626389071599078e-14,3.602586978734834e-15,0.08148585659435567,0.2207792207792208,False,374303.0619747898
2021-04-21,-5.935275290908823e-05,0.00013293441425333874,0.00017443776991796613,1.784939724446084e-05,84466.50849135967,0.4901919688781759,0.43404995311215544,-9.575673587391975e-16,-1.0269562977782698e-15,3.677613769070831e-16,0.06943687194235865,0.06380575945793338,False,409500.9964888562
2021-04-22,1.93383879385686e-05,0.0002091866542816199,0.00017201059703707226,1.7837669305979026e-05,84468.14193746868,0.48252675806158946,0.33178970943037284,8.88872309090516e-15,8.854028621385623e-15,2.329191527150609e-15,0.04391878909516723,-0.14963297571993225,False,586143.3225143221
2021-04-23,-0.00018063533171917652,9.494138248883832e-06,0.0001764942764298262,1.3635193538234134e-05,84452.8840066301,0.49488529552391425,0.44509935980651394,-4.510281037539698e-16,-1.3877787807814457e-16,1.3938503129473645e-15,0.0675475468907114,-0.1643139469226426,False,287275.48224911065
2021-04-26,-0.0005818060322620845,-0.00035257002958906326,0.00017436073913523184,5.4875263537789436e-05,84403.74880927312,0.4901031007916054,0.579580164770457,-1.5959455978986625e-16,-1.5959455978986625e-16,7.632783294297951e-17,0.06220473025734771,0.007340485601355168,False,267743.0413994494
2021-04-27,-0.0002913707770320605,-9.002109337182882e-05,0.00017753132072445947,2.3818362935772217e-05,84379.15602339814,0.4996214323234836,0.4350624367898029,3.193625919273302e-15,3.1155633628543455e-15,1.3895135042574225e-15,0.08613338327780844,-0.0016939582156973462,False,327810.4232432377
2021-04-28,-0.0003086739018504254,-0.00011621706706898172,0.00017457755655720538,1.7879278224238335e-05,84353.11038007356,0.491133005693389,0.6544779278541203,5.898059818321144e-17,9.71445146547012e-17,6.938893903907228e-17,0.06446897681753201,0.0852625635234331,False,335824.06981618877
2021-04-29,0.00011513038994020035,0.0003194514687984006,0.00017742472565871587,2.6896353199484387e-05,84362.82198656429,0.49952397742575455,0.4939574380559779,-8.118505867571457e-16,-7.771561172376096e-16,8.118505867571457e-16,0.07504030233759305,-0.009599096555618296,False,350557.85003118805
2021-04-30,-0.0001051254302546351,8.602644711586102e-05,0.0001708522566284696,2.0299620742026523e-05,84353.95330860546,0.4811080239855476,0.28111080278522826,3.639449852599341e-15,3.823330541052883e-15,1.1449174941446927e-15,0.04791698354386728,-0.1360813099943535,False,578391.9871569623
2021-05-03,-0.00039640707525405384,-0.00018747142913483168,0.00017427814988542735,3.4657496233794816e-05,84320.51480468828,0.4906585387796065,0.4035597918727444,-6.591949208711867e-17,-5.551115123125783e-17,2.7321894746634712e-17,0.03786991718963174,0.04573687182382835,False,435583.98482651106
2021-05-04,-7.5718842278938e-05,0.00011329573624428455,0.00017242992954215086,1.6584648981071688e-05,84314.13015292691,0.48610736053412107,0.24392906314706786,-8.517492267046123e-16,-8.118505867571457e-16,2.2898349882893854e-16,0.03720082827304251,-0.08413325804630155,False,477973.06668407406
2021-05-05,-0.00025210323880241154,-8.476114990018532e-05,0.0001573176068550864,1.0024482047139807e-05,84292.87428763855,0.44337088565945365,0.5694751300330344,-2.2246093855926574e-14,-2.1458529397833104e-14,4.954370247389761e-15,0.09875934527001295,-0.1902879728966686,False,765569.678264056
2021-05-06,-0.0004061149320868606,-0.0002538654963458644,0.0001288463482053911,2.3403087535605063e-05,84258.64169272182,0.3636720376169344,0.7419612388888355,-1.423514084386568e-14,-1.3850032232198828e-14,3.472916398905568e-15,0.09998540232001195,0.18802936194240544,False,868893.773073027
2021-05-07,5.381973346344862e-05,0.0002617746638750364,0.00017746337264903234,3.0491557762555465e-05,84263.17647035971,0.49882268656073697,0.7537796164775127,-1.5279444376403717e-14,-1.491862189340054e-14,3.08607306376274e-15,0.08675617310266232,-0.16205533596837948,False,294798.3035870361
2021-05-10,-0.0006291703620234055,-0.00036414258211149434,0.00017209604637358583,9.293173353832536e-05,84210.16057711461,0.48301024044585433,0.40056259316285203,8.239936510889834e-15,8.147996166663063e-15,1.3877787807814457e-15,0.060504172345145595,0.0016939582156973462,False,311870.9442533623
2021-05-11,-4.5651780017237406e-05,0.00014506604649898862,0.00017425635008487628,1.6461476431349742e-05,84206.31623338873,0.49043419446045594,0.5131337066282914,4.198030811863873e-15,4.517219931443606e-15,2.3735353960052663e-15,0.08380550063090679,-0.16205533596837948,False,514400.41679153964
2021-05-12,-0.00031594522915067666,-0.00011778527341657565,0.0001770722691603358,2.1087686573765224e-05,84179.71164951044,0.49746908133279455,0.19791255219748569,8.349224089876373e-15,7.971054372113429e-15,2.0209528495129803e-15,0.036238525976762206,0.09768492377188029,False,481860.33146890794
2021-05-13,-0.000142887701834548,4.247960982124805e-05,0.0001772339190997353,8.133392556060712e-06,84167.68340397175,0.4977405131879401,0.3948781422403703,-8.465450562766819e-16,-1.0269562977782698e-15,3.387047586844716e-16,0.06052363075855492,0.05251270468661773,False,558181.5142285684
2021-05-14,1.0610806539050046e-06,0.00018826477995103813,0.0001709758304379398,1.622786885919334e-05,84167.7727126723,0.4805870017872564,0.27539368538808384,2.05911676598447e-15,2.0816681711721685e-15,1.0269562977782698e-15,0.03433456304021639,0.028797289666854884,False,400313.2743431009
2021-05-17,-0.00015687609398805965,5.340600969792303e-05,0.00017632945754224657,3.395264614373611e-05,84154.56880124946,0.49578171856474695,0.3975178810685752,8.534839501805891e-16,7.251144129583054e-16,4.440892098500626e-16,0.028053956862208258,0.1202710333145116,False,681222.4600979907
2021-05-18,-0.00017827495945290435,1.6493032075191264e-05,0.00017843164025130488,1.6336351276790727e-05,84139.56614890865,0.4995816174697236,0.7184236163757116,5.134781488891349e-16,5.412337245047638e-16,1.5265566588595902e-16,0.07754986844192889,-0.010728402032749858,False,219201.86995609678
2021-05-19,-0.00029119663953698145,-8.982191960787999e-05,0.0001718504617218804,2.9524258207221e-05,84115.06498999399,0.48378914327493566,0.4514075846748199,2.0122792321330962e-15,1.942890293094024e-15,5.031782282505226e-16,0.06892768490972437,-0.17447769621682668,False,466129.3884174448
2021-05-20,-0.00028045733268573596,-8.521524056147225e-05,0.00017669109549379173,1.8550996630471964e-05,84091.4743032282,0.49720158647193125,0.3732246263259799,-3.4937330806172895e-15,-3.4208746946262636e-15,8.673617379884035e-16,0.064510481689362,0.08187464709203841,False,509330.3988163458
2021-05-21,-0.00012070391788021243,7.237176178931546e-05,0.00017773768132736418,1.53379983421637e-05,84081.32413281947,0.4995845122204068,0.6742810654002567,-1.942890293094024e-16,-1.8041124150158794e-16,6.570265165262157e-17,0.09073652512002282,-0.08865047995482779,False,373708.8418995801
2021-05-24,-0.00015336237754681617,0.00010318962688048969,0.00017342146211768515,8.31305423096207e-05,84068.42922104317,0.4886953114377854,0.4036788878784072,9.71445146547012e-17,1.1449174941446927e-16,1.0408340855860843e-16,0.062420462558257964,0.09203839638622249,False,669780.8134387459
2021-05-25,-0.0001882481183215299,5.802113805702177e-07,0.00017223878636463133,1.6589543337468787e-05,84052.60349743206,0.48595227099242677,0.378684782295546,-7.147060721024445e-16,-7.077671781985373e-16,2.636779683484747e-16,0.0551565750508331,-0.007340485601355168,False,544970.4578559246
2021-05-26,-6.245360588581143e-05,0.00013043659785466738,0.0001773278154269632,1.5562388313515614e-05,84047.35410925956,0.4991878657887471,0.43809365974327436,-2.165043318236304e-15,-2.1510571102112408e-15,6.801200228001569e-16,0.0642588249819686,-0.0378317334839074,False,581749.6756140633
2021-05-27,-0.0003720554058975416,-0.00017666402572526994,0.00017738753114172605,1.800384903054561e-05,84016.08383681181,0.49845597870108926,0.45025818354868585,-3.975986206938842e-15,-3.4937330806172895e-15,1.2420620087993939e-15,0.0594392912989263,-0.04912478825522304,False,288224.85747487965
2021-05-28,-0.00011349742943852253,7.821855971499321e-05,0.00017321222818576136,1.8503760967754374e-05,84006.54822726484,0.48640577607378555,0.5087237726068958,-1.4137996329210978e-15,-1.27675647831893e-15,1.9949319973733282e-16,0.07552983272474958,-0.042348955392433656,False,210806.4573631821
2021-06-01,-0.00025699939460622665,3.4737653286626425e-06,0.00017684733430087883,8.36258256340105e-05,83984.95859522746,0.49875386428007945,0.7293402973056263,8.455042221910958e-15,7.022160630754115e-15,2.0539125955565396e-15,0.0978242767711256,0.03896103896103897,False,541103.7536870159
2021-06-02,-0.00033742905977636494,-0.00013625966101720222,0.00017119650982879488,2.9972888930367866e-05,83956.61962961331,0.48270100341283595,0.6044796556767299,2.5326962749261384e-16,2.7755575615628914e-16,1.0512424264419451e-15,0.08573800111238171,0.011857707509881424,False,504308.5043913281
2021-06-03,-0.0004007480827099495,-0.00020251311731612123,0.00017339333570848324,2.4841629685345056e-05,83922.97417526593,0.48679287533626947,0.40560559261652684,-6.453171330633722e-16,-6.38378239159465e-16,1.3183898417423734e-16,0.05085499437460166,0.03670242800677584,False,223372.8471070264
2021-06-04,2.4512169150174677e-05,0.00021448436732445398,0.00017330347519003845,1.6668722984240855e-05,83925.03130940451,0.4862697433380645,0.4536188002077958,9.020562075079397e-17,5.551115123125783e-17,1.0755285551056204e-16,0.057627053291554424,0.1643139469226426,False,230565.21418620038
2021-06-07,-0.00018916743697146613,4.075068881802585e-05,0.0001739925202844213,5.5925605505070695e-05,83909.15542633396,0.48920493393960945,0.6006215149955113,-5.259681579161679e-15,-4.9682480351975755e-15,1.5586490431651612e-15,0.060423744737031305,0.10671936758893281,False,409982.8520058899
2021-06-08,0.00011257473645066991,0.0003121764413380141,0.00017491862892862433,2.468307595871986e-05,83918.60147739189,0.4924036239524487,0.4567010777683734,1.6479873021779667e-15,2.005340338229189e-15,1.5829351718288365e-15,0.07391969349544981,0.05590062111801244,False,613665.7499662734
2021-06-09,-0.00021849450976885423,-2.591052019355456e-05,0.00017381545213276383,1.8768537442535822e-05,83900.2657237016,0.489436609786042,0.6842418679693776,1.0436096431476471e-14,1.0068335054569388e-14,4.246603069191224e-15,0.07672822955530426,0.018633540372670808,False,343290.77834476734
2021-06-10,0.0001311276641378852,0.00033246723065675013,0.000173220037698206,2.8119528820658924e-05,83911.26736956649,0.4871896068271137,0.4886527703745145,-1.4988010832439613e-15,-1.4363510381087963e-15,5.434021288497348e-16,0.04347873245564506,0.0536420101637493,False,324958.82383895264
2021-06-11,-0.000323016216185442,-0.00012888676073134444,0.000174047834753775,2.0081620700322567e-05,83884.16266948543,0.4902101260391652,0.5890818742405965,-2.1510571102112408e-16,-3.191891195797325e-16,2.42861286636753e-16,0.06424246241806154,-0.02992659514398645,False,541188.269316469
2021-06-14,-0.00046067963722923756,-0.00021517196892929571,0.00017288113585932035,7.262653244062152e-05,83845.51894385758,0.486685167883601,0.35320999701892936,-4.629976957382098e-15,-4.701100619897147e-15,1.1310397063368782e-15,0.05266961224643892,0.0852625635234331,False,480978.0713011169
2021-06-15,-4.969267505917045e-05,0.0001369894481228244,0.00017216664385244962,1.4515479329545233e-05,83841.35243572954,0.48387017985168007,0.5562131822217041,-1.4467593789646571e-15,-1.304512053934559e-15,3.843496701461113e-16,0.053887249153620725,0.010728402032749858,False,404168.9776093915
2021-06-16,-0.00012752512145709202,7.131952938167044e-05,0.00017598657485704854,2.285807598171393e-05,83830.66055707705,0.49607611480133523,0.4741306934399984,-1.2836953722228372e-16,-2.463307335887066e-16,6.765421556309548e-16,0.05319574151431893,-0.042348955392433656,False,627532.0061266304
2021-06-17,-0.0005021844355110038,-0.00031002820363032404,0.00017267140886259761,1.948482301808213e-05,83788.56210412669,0.4874020836968112,0.3075915307550266,4.822748103650021e-15,4.343747583845925e-15,1.1104398650596536e-15,0.041641260454864916,-0.08977978543195936,False,731843.2636802705
2021-06-18,-0.00013725319224427025,4.970651706219497e-05,0.00017431896146721777,1.264074783924747e-05,83777.06185650434,0.4915672124493234,0.46645358637923007,3.5388358909926865e-16,2.983724378680108e-16,1.4051260155412137e-16,0.06267049630509126,0.09203839638622249,False,468222.86075923947
2021-06-21,-0.00019786377105967802,3.450395482675197e-05,0.00017485974948351125,5.750797640291873e-05,83760.48541111712,0.49247577482676613,0.8744682461238726,2.723515857283587e-14,2.6867397195928788e-14,6.206840597045016e-15,0.09787897308822706,-0.1236589497459063,False,579079.7413038905
2021-06-22,-0.00032406100113573593,-0.00011244582118666887,0.00017567812873849807,3.593705121056899e-05,83733.34190435917,0.4954242681002831,0.4934662503481775,1.942890293094024e-15,1.27675647831893e-15,1.3491811834409617e-15,0.07420138881660217,0.08074534161490683,False,760189.8447073618
2021-06-23,-0.00022148421748986218,-2.644487204679169e-05,0.00017475991049725506,2.027943494581543e-05,83714.79629064967,0.4914165676617104,0.5158252196774222,2.9837243786801082e-15,2.6506574712925612e-15,8.257283745649602e-16,0.053708461624552825,-0.008469791078486732,False,228501.96796644398
2021-06-24,-4.51472964322652e-05,0.0001506590877344636,0.0001746080874676568,2.1198296699072018e-05,83711.01679392577,0.4920784873526995,0.3016635803894274,-5.4817261840867104e-15,-5.322131624296844e-15,1.5092094240998222e-15,0.07163964382335218,-0.06380575945793338,False,361601.830570439
2021-06-25,-0.0002220679693430901,-3.3925756406295046e-05,0.0001757450794961334,1.2397133440661626e-05,83692.4272584147,0.49411739730900506,0.5054030309473018,1.6306400674181987e-15,1.6792123247455493e-15,7.147060721024445e-16,0.08235406420109506,0.017504234895539244,False,256794.80416126567
2021-06-28,4.004138194771767e-05,0.00027794660259049074,0.00017559525792324292,6.230996271953016e-05,83695.77841886067,0.4946276952983777,0.44578879221334694,1.0824674490095276e-15,1.9914625504213745e-15,3.066991105526995e-15,0.045013444675219054,0.007340485601355168,False,473656.9103710039
2021-06-29,-0.00021660038377247415,-2.2100399752746146e-05,0.0001761798966684946,1.832008735123339e-05,83677.64988113502,0.49483873075375095,0.4975841800418015,-2.9906632725840154e-15,-2.706168622523819e-15,6.522560269672795e-16,0.05426237710851289,-0.08187464709203841,False,194522.04407648314
2021-06-30,-4.503499102312832e-05,0.00015124634798437364,0.00017583267407427712,2.0448664933224843e-05,83673.88145892379,0.49516580243271363,0.5755390988124544,-1.0887124535230441e-14,-9.631184738623233e-15,2.2707530300536405e-15,0.06429709372236672,-0.033314511575381144,False,642177.1104595866
2021-07-01,-0.0003395176650886744,-0.00014139067269888618,0.00017447470065776912,2.3652291732019116e-05,83645.47269806195,0.4926016293105577,0.28802780620047586,-1.8908485888147197e-15,-1.790234627208065e-15,3.2699537522162814e-16,0.02686473089210211,0.07735742518351214,False,490881.3707683198
2021-07-02,-0.00026684260064247563,-7.721322232278995e-05,0.0001777926191607619,1.1836759158923741e-05,83623.15252259522,0.499645880225876,0.6848149773819441,-8.770761894538737e-15,-8.479328350574633e-15,1.4849232954361469e-15,0.0929243693131264,0.06041784302653869,False,211512.35779808255
2021-07-06,-0.00014198665469964948,0.00014659931437001952,0.00017601364402058083,0.00011257232504908817,83611.27915091309,0.49494760522839476,0.5392762293301098,-9.912209941731476e-15,-9.457712391025552e-15,1.9290125052862095e-15,0.04910747050593704,-0.24675324675324675,False,318573.63603453967
2021-07-07,-0.0004013236225840682,-0.0002066659803442778,0.00017249560541800468,2.2162036821785745e-05,83577.72396947537,0.4867964981436621,0.5509372121949204,2.690556111240028e-15,3.039235529911366e-15,2.1094237467877974e-15,0.07691688700259897,0.07058159232072277,False,413594.09437346674
2021-07-08,-0.00011093801852159646,8.723661554016401e-05,0.00017553337876607893,2.2641255295681543e-05,83568.45202238565,0.4929520625516323,0.8055673268232948,-3.434752482434078e-15,-4.0245584642661925e-15,1.5161483180037294e-15,0.09372696370321368,0.11462450592885377,False,227984.79685090255
2021-07-09,-7.5364403026797e-05,0.00013114896954366788,0.0001734078659886855,3.3105506581779375e-05,83562.15393588711,0.4890816586461143,0.4276567367641946,1.6341095143701523e-15,1.5404344466674047e-15,6.7914424084492e-16,0.053478323348589554,-0.03896103896103897,False,433356.67406050785
2021-07-12,-0.00040209155212161425,-0.00017666190512040863,0.00017270484383849689,5.2724803162708716e-05,83528.55429971241,0.4865167674477113,0.2997022929225933,-1.169203622808368e-15,-1.0894063429134349e-15,2.2941717969793274e-16,0.05571050636104279,-0.05702992659514399,False,394833.92884426925
2021-07-13,-0.00023689467518825144,-4.838403539277864e-05,0.00017619410720961276,1.2316532585860047e-05,83508.76682997264,0.49428399284842506,0.5396508149294745,-1.1796119636642288e-15,-1.124100812432971e-15,1.8735013540549517e-16,0.06993313418166673,0.005081874647092039,False,220903.31546994182
2021-07-14,-0.0006566899871654896,-0.0004575323527030323,0.0001769802037119309,2.2177430750526402e-05,83453.92745895486,0.4963811484721079,0.677518570792538,9.027500968983304e-15,9.131584377541913e-15,2.2603446891977796e-15,0.09793027733763876,-0.04121964991530209,False,167220.62475434624
2021-07-15,-0.00018090403004059034,2.195715343583372e-05,0.0001750179545397448,2.7843228936679273e-05,83438.83030715481,0.49149716566800206,0.7121222644020112,-6.529499163576702e-15,-5.689893001203927e-15,5.4817261840867104e-15,0.0894457856128724,-0.04686617730095992,False,158132.26119873938
2021-07-16,-0.0001381927962684332,6.453787489761869e-05,0.00017346537262898266,2.926529853706922e-05,83427.2996618773,0.48893514559626156,0.3219776371253613,-4.999473057765158e-15,-4.7878367936959876e-15,1.1122016935899426e-15,0.04893337620607512,0.017504234895539244,False,509174.8465186173
2021-07-19,-3.005682703473794e-05,0.0001811493685922331,0.0001715103225567204,3.969587307025064e-05,83424.79210196139,0.48414688632823394,0.5160805649285598,2.4702462297909733e-15,2.3314683517128287e-15,4.440892098500626e-16,0.06540769495506343,0.12704686617730096,False,331427.46724038606
2021-07-20,0.0003514374770394737,0.0005490153688835912,0.00017636910150458778,2.1208790339529747e-05,83454.11070042023,0.4958245004351195,0.5619880097271531,1.0765693891912065e-14,1.0352829704629585e-14,2.570860191397628e-15,0.0921188731995431,-0.033314511575381144,False,281532.0304848392
2021-07-21,-9.47976258472577e-05,0.00010428692262341985,0.000175989150810658,2.3095397660019552e-05,83446.19944885864,0.4965194740487025,0.3769155833486053,-2.8397423301740332e-15,-2.796374243274613e-15,5.221517662690189e-16,0.04957268876716801,0.14172783738001132,False,538960.148890911
2021-07-22,-1.5686712103715867e-05,0.00017472961110693815,0.00017492664170317698,1.5489681507477042e-05,83444.89045235173,0.49240668406079324,0.6058303858181144,-1.3773704399255848e-15,-1.0824674490095276e-15,7.806255641895632e-16,0.08210391090886342,0.06380575945793338,False,334930.4233086845
2021-07-23,-0.0001539956664290433,4.793949105420326e-05,0.00017703801834003633,2.4897139143210245e-05,83432.04030083642,0.49784032075546025,0.3631547031957627,-7.567297483079827e-15,-7.348288644237755e-15,2.807216264999468e-15,0.042476609006398706,-0.005081874647092039,False,323752.8648484985
2021-07-26,-0.00025031051762615896,-3.0117835386785155e-05,0.00017542018458510073,4.4772497654273053e-05,83411.15638364211,0.4931367996643321,0.7428386159490292,5.551115123125783e-16,6.245004513516506e-16,1.0130785099704553e-15,0.08853819224781881,-0.06606437041219651,False,331340.45090954145
2021-07-27,-0.00032419974076952586,-0.00011574642647263717,0.00017792569994281904,3.052761435406968e-05,83384.11450836525,0.49870921423643666,0.6100240914195679,-7.147060721024445e-16,-7.077671781985373e-16,2.1337098754514727e-16,0.09331853851167798,-0.0220214568040655,False,129505.01724385483
2021-07-28,-2.0509943021064736e-05,0.0001759804357703888,0.00017142089558243016,2.5069483209023372e-05,83382.40430492783,0.48282339188661866,0.6004864914002562,-8.81239525796218e-15,-8.6389229103645e-15,1.5751289161869408e-15,0.08651687025237421,-0.003952569169960475,False,303867.8969030399
2021-07-29,-0.0004347521340826116,-0.0002382576660352594,0.00017181694100350568,2.4677527043846504e-05,83346.15362671133,0.4843642391212354,0.1908926648727196,-4.718447854656915e-15,-5.3013149425851225e-15,1.7433970933566911e-15,0.01837387377252971,0.07396950875211745,False,503666.7372402523
2021-07-30,-0.00017910886298210362,5.583098517477031e-06,0.00017684705746371526,7.844904035865383e-06,83331.22559190131,0.49928925307057975,0.46505333747946914,-1.807581861967833e-15,-1.996666720849305e-15,7.112366251504909e-16,0.06928239298691925,-0.08413325804630155,False,701118.2017285594
2021-08-02,-8.923828082063846e-05,0.00013783676674627356,0.00016973970458999095,5.733534297692107e-05,83323.78925659081,0.47884120635254795,0.32653929468375514,1.7832957333041577e-15,1.790234627208065e-15,6.38378239159465e-16,0.03584155241482802,0.06606437041219651,False,570299.7855715773
2021-08-03,-0.00014050786450027643,4.728849164193177e-05,0.00017437693307301286,1.3419423069195343e-05,83312.08160890029,0.4919180450302561,0.3747684516741099,6.245004513516506e-17,4.9439619065339e-17,3.426078865054194e-17,0.05625518723505073,0.015245623941276118,False,673380.1848859149
2021-08-04,-0.00015138951171624738,3.6478488970649796e-05,0.0001724665574674132,1.5401443219483966e-05,83299.46903354545,0.485653938036064,0.6160962268107298,-1.1896733598248943e-14,-1.2156942119645464e-14,3.99333344169861e-15,0.06737359258916378,0.259175607001694,False,515876.4345431274
2021-08-05,1.7795669306967557e-06,0.00020383206782448833,0.00017673347787417205,2.531902301961952e-05,83299.6172705259,0.4984522510674545,0.3167907629370943,2.5431046157819992e-15,2.5049406993105094e-15,5.516420653606247e-16,0.044622615666286676,0.02654617445591666,False,530412.020230288
2021-08-06,-0.00011857692167560969,6.641872031453461e-05,0.00017197684351327752,1.3018798476866785e-05,83289.7398583332,0.48514069726433334,0.32363463341697124,3.5405706144686633e-15,3.774758283725532e-15,1.0720591081536668e-15,0.051818684163896234,0.05590062111801244,False,736976.4926719827
2021-08-09,-0.00012542739854039942,8.625697451865045e-05,0.00017178421277476617,3.990016028428371e-05,83279.29304293766,0.48488101816915924,0.21782619799605363,1.9984014443252818e-15,1.7555401576885288e-15,1.734723475976807e-15,0.024002033054186606,-0.03444381705251271,False,534777.3103289049
2021-08-10,-0.0003485597979241162,-0.00016701524015114443,0.00017259279621149022,8.951761561481572e-06,83250.26522938335,0.48720349415343117,0.5196528029569099,-1.0998146837692957e-15,-1.429412144204889e-15,7.598088824778415e-16,0.0787488143368746,0.1044607566346697,False,456849.1915516068
2021-08-11,-8.209632778142148e-05,0.00011545988226764863,0.00017620061540700528,2.1355594642064838e-05,83243.43068832118,0.4939607656752998,0.8486623385584873,2.456368441983159e-15,2.7755575615628914e-15,1.8388068845354155e-15,0.08345618476392908,0.09203839638622249,False,199652.26405113793
2021-08-12,-4.375568469189113e-05,0.00016552544949905584,0.00017440459972963937,3.4876534461307604e-05,83239.78831501532,0.4918388190089913,0.5761754223286385,-6.938893903907228e-17,-6.591949208711867e-17,9.71445146547012e-17,0.0814954613398131,0.033314511575381144,False,482812.47182930214
2021-08-13,-0.00029461219766650917,-9.973679670960455e-05,0.00017119695894339895,2.3678442013505695e-05,83215.26485804655,0.48187963081768626,0.2551901035285614,1.0443035325380379e-15,1.0130785099704553e-15,1.97758476261356e-16,0.025994065415369246,0.018633540372670808,False,313436.65659437736
2021-08-16,-0.00026578335500272775,-5.771690706075891e-05,0.00017660465435625589,3.146179358571292e-05,83193.14762576514,0.497995445544163,0.4837609088413055,-2.0310142456736457e-14,-2.0587698212892747e-14,3.608224830031759e-15,0.0378951742460924,-0.059288537549407126,False,560106.8613209724
2021-08-17,-0.00017282885508339505,2.0066821658883626e-05,0.00017301509144742968,1.9880585294849004e-05,83178.76944931019,0.48853104596080654,0.734454937051807,-1.6646623315907938e-14,-1.619537837171947e-14,3.490263633665336e-15,0.08268444778524724,0.04912478825522304,False,215753.43261607538
2021-08-18,1.5206036116305377e-05,0.00021927146788110945,0.0001738823521599346,3.018307960486946e-05,83180.03426868255,0.49115436215795544,0.44727353121104346,1.5161483180037294e-15,1.5126788710517758e-15,4.51461784622964e-16,0.07042654192099383,-0.008469791078486732,False,665593.7789648704
2021-08-19,-0.00030750535323564653,-0.0001154169380044674,0.00017370731120880755,1.8381104022371587e-05,83154.4559628626,0.4905293387008401,0.28056787436255787,-4.915338969180283e-15,-5.065392549852277e-15,1.1657341758564144e-15,0.03552318377007401,-0.1225296442687747,False,289889.97400989325
2021-08-20,-0.00022177055623778986,-3.6554315711371064e-05,0.00017368605390877923,1.1530186617639566e-05,83136.01475291006,0.49045333049756223,0.36188228282504276,-2.594799375366108e-14,-2.531308496145357e-14,4.073781242897034e-15,0.06780999011992452,0.13382269904009036,False,531649.3488968242
2021-08-23,-9.886055169181941e-05,0.00012108137227988334,0.00017532630006176277,4.461562390993998e-05,83127.79588062613,0.4937582766158405,0.5594697640169202,-3.3584246494910985e-15,-3.427813588530171e-15,7.981896393838284e-16,0.06555942241828706,-0.09542631281761718,False,343946.4420192963
2021-08-24,7.388758381539667e-05,0.0002690790432128812,0.00017219955128720002,2.2991908110284534e-05,83133.93799261164,0.4868179394554782,0.5306578858097094,3.4243441415782172e-15,3.427813588530171e-15,1.3739009929736312e-15,0.07238530179252502,-0.0942970073404856,False,578369.4907913192
2021-08-25,-0.00024590501161237744,-4.91254037980056e-05,0.00017497174949342503,2.180785832094682e-05,83113.49494062418,0.4939436362207038,0.6368414701018765,1.2975731600306517e-15,1.7295193055488767e-15,1.141448047192739e-15,0.04853613921271585,0.0536420101637493,False,407292.8094009707
2021-08-26,-0.00028957153479871174,-8.740106590390638e-05,0.00017599890163034473,2.617156726446063e-05,83089.42763833173,0.4960174597137311,0.8062204387105147,-7.528699885739343e-16,-1.3114509478384662e-15,2.095545958979983e-15,0.0712316798553987,-0.15415019762845852,False,187123.84016162634
2021-08-27,-0.00010024306062235009,0.00010567930520640227,0.0001727900190324298,3.3132346796322556e-05,83081.0984997999,0.48739513174718996,0.5309688366072776,1.5334955527634975e-15,1.4918621893400541e-15,3.226585665316861e-16,0.04613560078822287,-0.025409373235460195,False,233075.67036054863
2021-08-30,-0.0003040451786649606,-6.134864693142436e-05,0.00017723462037099534,6.546191136254088e-05,83055.83809236284,0.49941171519735594,0.6949728337413521,1.790234627208065e-15,1.9984014443252818e-15,1.6167622796103842e-15,0.09463989114215933,-0.023150762281197064,False,375303.73319964565
2021-08-31,-0.00033933981667987165,-0.00013922238185723492,0.00017155690740860863,2.8560527414028084e-05,83027.65393949038,0.4846427547917326,0.5699766522728059,1.4398204850607499e-15,1.4710455076283324e-15,3.2959746043559335e-16,0.07866934725567057,0.017504234895539244,False,488827.9509887557
2021-09-01,-0.00018290696362323227,-1.272447716454271e-05,0.00014675878842008115,2.34236980386084e-05,83012.46760341155,0.4149679662097444,0.8636384150170581,1.8856444183867893e-15,1.3322676295501878e-15,9.454242944073599e-16,0.09958581781110915,0.015245623941276118,False,534338.9636101323
2021-09-02,-0.00036159939975671324,-1.77256477649637e-05,0.0003083817623335144,3.549198965823517e-05,82982.45034495385,0.8685626228680232,0.0,0.0,0.0,0.0,0.0,0.018654619044990342,True,308890.52336314484
2021-09-03,-0.0001743110999069503,0.0,0.0001743110999069503,0.0,82967.98558276125,0.4914879329296774,0.49157361966800706,1.2351231148954867e-15,1.304512053934559e-15,2.8362728832220796e-16,0.07601324995320687,-0.033314511575381144,False,363013.67965956975
2021-09-07,-0.0003348784449378247,-8.200110137496909e-05,0.0001720707211516766,8.080662241117903e-05,82940.20139276967,0.4848357031437928,0.4366826859153263,-1.457167719820518e-16,-1.3877787807814457e-16,4.163336342344337e-17,0.063541606935876,0.009599096555618296,False,362289.73407499224
2021-09-08,-0.00015547678566200064,3.5158813551429496e-05,0.0001726897354086907,1.7945863804739446e-05,82927.30611685496,0.4879520197056021,0.33028452809480846,2.983724378680108e-16,3.365363543395006e-16,3.0878077872387166e-16,0.046779573138892465,-0.03896103896103897,False,713941.7514160867
2021-09-09,-9.852745194960513e-05,8.817330107352932e-05,0.00017312741625211494,1.3573336771019512e-05,82919.13550068623,0.4892844011784289,0.6311504559388755,1.97758476261356e-16,-2.498001805406602e-16,6.869504964868156e-16,0.06092964693098686,-0.007340485601355168,False,672065.8391674387
2021-09-10,-5.269922453683699e-05,0.00014435824271317267,0.00017111977727991888,2.593768997009078e-05,82914.76572654607,0.48310689655527134,0.2554832205812891,4.142519660632615e-15,4.3923198411732756e-15,7.528699885739343e-16,0.03125745890059928,-0.06719367588932806,False,423394.69381475204
2021-09-13,-0.00025870723031515253,-5.130508561041397e-05,0.0001759042134001966,3.1497931304541975e-05,82893.31507715273,0.49596227420369543,0.4561411717763091,8.482797797526587e-16,8.847089727481716e-16,2.476317761956892e-16,0.04541541030180259,0.06606437041219651,False,380293.22870054276
2021-09-14,-4.714109034966842e-05,0.0001436975624679762,0.00017209312521039908,1.8745527607245542e-05,82889.4073958973,0.48619788393669006,0.20558397909712614,-8.014422459012849e-16,-8.534839501805891e-16,2.0079424234431542e-16,0.038833365454877346,0.050254093732354614,False,473417.9656447754
2021-09-15,-0.0001743689289905893,5.556707023735997e-06,0.00017147697933910094,8.448656675224395e-06,82874.95405870501,0.48363780345887564,0.5907204089652445,1.880440247958859e-15,1.7486012637846216e-15,5.533767888366015e-16,0.06107136078371397,0.10333145115753813,False,267322.6836137554
2021-09-16,-3.119155824618522e-05,0.00016271007715988893,0.00016962545421572172,2.4276181190352435e-05,82872.36905974835,0.4791000370736808,0.1736190848175117,-3.0010716134398763e-16,-2.2898349882893854e-16,4.0072112295064244e-16,0.022553644323477704,-0.04573687182382835,False,218600.555157093
2021-09-17,-7.373256587288081e-05,0.00010770936504228834,0.0001743069000322577,7.1350308829114535e-06,82866.25866733762,0.4925694539406502,0.4215738099704743,-5.2562121322097255e-15,-5.377642775528102e-15,1.2212453270876722e-15,0.06323589790882954,-0.003952569169960475,False,265401.0174380349
2021-09-20,-9.734851395931825e-05,0.0001272145537800665,0.00017258821445535302,5.197485328403172e-05,82858.19176019898,0.4868178164714093,0.7076987813778316,9.200973316580985e-15,9.686695889854491e-15,2.2967738821932926e-15,0.07249541677620262,-0.08865047995482779,False,394953.0332341564
2021-09-21,-0.00038969540919142577,-0.00019141150313703675,0.00016920039449091687,2.9083511563472158e-05,82825.90230325614,0.47809789213955944,0.27921097937640776,2.1441182163073336e-15,2.22218077272629e-15,4.0592529337857286e-16,0.024257984690555408,0.06041784302653869,False,309989.0033103468
2021-09-22,-0.0003231721230858261,-0.000147322929117248,0.00016437477015858882,1.147442380998927e-05,82799.13528056229,0.4610206351698972,0.5519149363409775,4.8433479449272454e-15,5.023759186428833e-15,8.604228440844963e-16,0.09841751824895406,0.003952569169960475,False,211265.70592593518
2021-09-23,-6.422461809398611e-05,0.0001052240629361461,0.00014676724529009223,2.2681435740039972e-05,82793.81753772039,0.41458257264867926,0.6058322781968097,3.3584246494910985e-15,3.747002708109903e-15,1.4155343563970746e-15,0.09999804666900065,0.026538678712591763,False,499960.2679521792
2021-09-24,-2.655872603277495e-05,0.00016844777752730692,0.00017010928664788435,2.4897216912197523e-05,82791.6186394032,0.47857117926238396,0.48470759906542626,5.898059818321144e-17,1.249000902703301e-16,3.122502256758253e-17,0.03933708912501153,-0.06719367588932806,False,224026.85153798445
2021-09-27,-0.0003028708084636913,-7.033878798970195e-05,0.00017277354935633403,5.975847111765528e-05,82766.54347493187,0.48798213490675213,0.2514394057417289,-2.42861286636753e-17,-2.42861286636753e-17,1.9081958235744878e-17,0.03706091088195978,-0.11349520045172222,False,264061.93244486063
2021-09-28,-0.00027602499878579326,-9.07402807243767e-05,0.00017495159179805784,1.033312626335872e-05,82743.6978398697,0.49288667624420013,0.4946258737748022,-6.283168429987995e-15,-6.800116025829084e-15,2.1545265571631944e-15,0.08365748158779393,0.017504234895539244,False,408778.6170004038
2021-09-29,-9.995318706070315e-05,9.196633542282486e-05,0.00017159243178045368,2.032709070307432e-05,82735.42734356142,0.4841822226468172,0.41645888236697304,-1.339206523454095e-15,-1.5265566588595902e-15,4.787836793695988e-16,0.038627532527880766,0.011857707509881424,False,444421.7887724831
2021-09-30,5.977342137920531e-06,0.00014678059276615143,0.0001236885020378073,1.7114748590423606e-05,82735.92188151757,0.3490888527145383,0.6384629528276153,2.1371793224034263e-15,2.040034807748725e-15,4.3281350725621337e-16,0.09880738095738632,0.03896103896103897,False,249044.03686449456
2021-10-01,-0.00010640948658344371,9.606756896463368e-05,0.00017623885200721657,2.6238203540860817e-05,82727.11799454814,0.4966899137919295,0.25991363222403774,8.743006318923108e-16,1.0269562977782698e-15,5.698566618583811e-16,0.04689343063355287,-0.025409373235460195,False,299572.26037182007
2021-10-04,-0.00020823941932691362,-4.141736836550853e-06,0.00017205353605178288,3.2044146438579883e-05,82709.89094753437,0.4852497814073653,0.46027401606157337,3.729655473350135e-15,3.83026943495679e-15,9.679756995950584e-16,0.06590231887284777,0.05702992659514399,False,216610.20039919546
2021-10-05,-0.00016089989332128478,3.018696454874289e-05,0.0001721714873469495,1.8915370523078203e-05,82696.5829349043,0.48493919156813936,0.475335757231818,3.1155633628543455e-15,3.12944115066216e-15,6.314393452555578e-16,0.054478287887630046,-0.014116318464144554,False,299189.8161527379
2021-10-06,-0.0003475485653343637,-0.0001539631050595647,0.00017405111408719015,1.9534346187608832e-05,82667.84185614722,0.4902695079500674,0.3750081234745227,2.078198724220215e-15,2.3869795029440866e-15,1.6778028619213181e-15,0.04657037060056621,0.02766798418972332,False,446066.19055315683
2021-10-07,-0.00028627978210777716,-9.57471678609323e-05,0.00017512132150131662,1.5411292745528243e-05,82644.17572439332,0.4928629339927882,0.45555831040572575,-9.256484467812243e-15,-9.249545573908335e-15,1.5508427875232655e-15,0.05090224743184205,-0.0016939582156973462,False,273236.38141839154
2021-10-08,-0.0001703383654679739,2.2401671547404997e-05,0.00017401846261514323,1.8721574400235688e-05,82630.09825058498,0.49104145828995827,0.77860183446694,-7.632783294297951e-16,-7.771561172376096e-16,1.3877787807814457e-16,0.09498847504010814,-0.031055900621118016,False,582809.7483136166
2021-10-11,-0.0004065059230058564,-0.0001324985452440706,0.00017801537077271096,9.59920069890749e-05,82596.50862622756,0.4989991758057988,0.5565486482768301,6.175615574477433e-16,6.245004513516506e-16,9.71445146547012e-17,0.06255173528446488,0.031055900621118016,False,169984.17476541182
2021-10-12,-0.00011731421104538345,7.903282410480283e-05,0.00017347517289223439,2.2871862257951897e-05,82586.81888198297,0.4882462599414508,0.5143703636153956,2.779027008514845e-15,3.073929999430902e-15,2.1718737919229625e-15,0.07708842877288898,-0.10897797854319595,False,332171.565120644
2021-10-13,-0.0002895620142439895,-9.597735769165782e-05,0.00017244614845854841,2.1138508093783264e-05,82562.9048763575,0.48605504814087136,0.4708048642367214,1.27675647831893e-15,1.2490009027033011e-15,9.853229343548264e-16,0.06728468390267452,0.1225296442687747,False,257987.11784147177
2021-10-14,-0.00023900381909785644,-4.341219855790086e-05,0.00017624347543433695,1.9348145105618637e-05,82543.17202677624,0.49660725377857107,0.7202004642400694,5.773159728050814e-15,6.106226635438361e-15,1.2004286453759505e-15,0.08524648284889465,0.019762845849802372,False,268732.2657213393
2021-10-15,-0.00010327139130995543,0.00010122107640159523,0.00017489518835921928,2.959727935233139e-05,82534.6476785579,0.4934675404483345,0.5456778353993975,-9.159339953157541e-15,-9.46465128492946e-15,1.6514567491299204e-15,0.08214816292396161,0.18012422360248448,False,352876.8195690993
2021-10-18,0.00012737460101433702,0.00037077988086379673,0.00017612993027966983,6.727534956978987e-05,82545.16049637581,0.4932697387992525,0.4348918809663573,-5.863365348801608e-15,-5.441827544139244e-15,1.3461454173580023e-15,0.061863264395125954,-0.08300395256916997,False,198060.89335274574
2021-10-19,-2.296493279639906e-05,0.0001718918837897394,0.000176984547505329,1.787226908080944e-05,82543.26485231235,0.4966371957674125,0.2719892896848525,9.337013584173603e-16,9.8879238130678e-16,2.8622937353617317e-16,0.03724248304322435,-0.09994353472614344,False,181052.7272641837
2021-10-20,-0.00026978484796903377,-8.654430551485063e-05,0.0001720629004123399,1.1177642041843212e-05,82520.99593015331,0.48514688612939283,0.38944916478029495,-4.404462905505113e-15,-4.971717482149529e-15,1.4927295510780425e-15,0.052161374216627525,-0.07735742518351214,False,365686.5537489474
2021-10-21,-0.00027084008605099565,-8.141273618900675e-05,0.00017342258966553822,1.6004760196450658e-05,82498.64593651457,0.48968382062433813,0.3556757144056372,-1.6531914726058972e-15,-1.6514567491299204e-15,6.314393452555578e-16,0.03544026661226804,0.06267645398080182,False,602381.5502055254
2021-10-22,-0.00014863219643350027,3.899452113253154e-05,0.00017300990738497815,1.461681018105365e-05,82486.38398156624,0.4875423323501513,0.5317728660809229,-2.3991225672759242e-15,-2.3175905639050143e-15,8.27463098040937e-16,0.06767113068179113,-0.03444381705251271,False,480133.8990688499
2021-10-25,-0.00034258939956626215,-0.00010040150138589601,0.00017662685989641648,6.556103828394968e-05,82458.1250208056,0.49769851201898324,0.46923493332966404,-1.8415824420969784e-14,-1.799949078673535e-14,3.821595817576906e-15,0.04231002993047849,-0.08752117447769624,False,475529.853064684
2021-10-26,-9.933472678498882e-07,0.0001956100869410753,0.00017731980681181495,1.9283627397110242e-05,82458.0431112524,0.4984338244876597,0.4839135171913129,3.3306690738754696e-16,4.579669976578771e-16,6.83481049534862e-16,0.06725097761460026,0.0005646527385657821,False,253963.62897639236
2021-10-27,-0.00023528256873472125,-4.014765104528273e-05,0.00017524806081856264,1.9886856870875858e-05,82438.64217105634,0.49192373518979,0.2943244356307001,-5.728056917675417e-15,-5.415806691999592e-15,1.177877240188252e-15,0.027692318732885756,-0.003952569169960475,False,183940.76760687775
2021-10-28,-0.0001633896155393999,2.250988905238657e-05,0.00017380397983983965,1.2095524751946813e-05,82425.17255300643,0.49097763301053854,0.691063866186694,-2.3765711620882257e-16,-8.326672684688674e-17,2.0469737016526324e-15,0.06525563840010268,0.03670242800677584,False,634283.1144595251
2021-10-29,-0.0002683962778957514,-6.674077157087382e-05,0.0001732556214130956,2.8399884911781957e-05,82403.04994348828,0.4893310736293178,0.3418094876350051,4.593547764386585e-15,4.6351811278100286e-15,1.0998146837692957e-15,0.03867520143755442,-0.1643139469226426,False,256860.04247627518
2021-11-01,-9.387722775519881e-05,0.00012009397819171534,0.00017183031021109218,4.214089573582197e-05,82395.31417360101,0.4843917940904956,0.4727244114194237,1.353951672999898e-15,1.3010426069826053e-15,2.914335439641036e-16,0.05442586630405841,0.06719367588932806,False,447933.5326455491
2021-11-02,-0.00011222811750813373,8.424632198243115e-05,0.00017704740888428724,1.942703060627763e-05,82386.06710259982,0.499314722342081,0.5194628584973627,1.3402473575396812e-14,1.3530843112619095e-14,2.5890747878953846e-15,0.08168673728927243,-0.08752117447769624,False,638042.3770222248
2021-11-03,-0.0002998432137042279,-0.00010479201013699416,0.00017370341486186327,2.1347788705370525e-05,82361.36419947531,0.48902685649913646,0.3500465016016912,-1.186550857568136e-15,-1.3322676295501878e-15,1.1149935141840928e-15,0.038174531502482525,0.009599096555618296,False,289054.6419130953
2021-11-04,-0.00011043090484407251,8.089524541936777e-05,0.00017694067759487758,1.4385472668562704e-05,82352.26895950257,0.49993383589856066,0.6962919949165367,1.4779844015322396e-15,1.609823385706477e-15,1.5373986805844453e-15,0.09204769961544408,-0.09203839638622249,False,293426.1417351198
2021-11-05,-0.00019055664261212514,1.5058889960666174e-05,0.00017700079305567342,2.8614739517117882e-05,82336.57618761816,0.49848020430494744,0.4986392655105262,-5.689893001203927e-16,-5.204170427930421e-16,4.128641872824801e-16,0.07825803759511171,0.04573687182382835,False,234283.2743242797
2021-11-08,-9.214369742280304e-05,0.0001459583562496421,0.00017662597984238022,6.147607383006492e-05,82328.9893910551,0.49777055634109935,0.5059652329218788,2.3449991948254478e-14,2.2773449792623524e-14,3.9582052913100796e-15,0.06147137586899461,0.19367588932806323,False,227926.64253283088
2021-11-09,5.7370219940074726e-05,0.00024576240631751914,0.00016759909461353255,2.0793091763911864e-05,82333.71262328391,0.47214661816335163,0.38735585839952724,1.9116652705264414e-15,1.949829186997931e-15,4.727121472036799e-16,0.036875499198211585,0.08187464709203841,False,419144.99580266676
2021-11-10,-1.6764872751917266e-05,0.0001756142678871988,0.00017646040673228625,1.5918733906829808e-05,82332.33230906859,0.4961514647536024,0.4167359233381569,-7.28583859910259e-17,-2.0816681711721685e-17,3.178880769727499e-16,0.0864895215332792,0.02089215132693394,False,339560.8750466447
2021-11-11,-9.644481629183816e-05,9.415145360957647e-05,0.00017347013606559995,1.7126133835814672e-05,82324.39178240417,0.4879398674527112,0.23477906858897352,1.2472661792273243e-15,1.2906342661267445e-15,5.828670879282072e-16,0.035127042875009735,0.05815923207227556,False,245847.63818826698
2021-11-12,-0.00021581409322862804,-3.120168773991385e-05,0.0001749639506151948,9.648454873519408e-06,82306.62501844105,0.4924772246123368,0.3770001388000859,1.4307999229856705e-14,1.510944147575799e-14,2.53182891318815e-15,0.05275887447097838,-0.018633540372670808,False,281344.8757041495
2021-11-15,-0.00010939138438820262,0.00011088313562223447,0.000173795050843305,4.6479469167132106e-05,82297.62138278595,0.48885755636441647,0.4972964649810412,4.309053114326389e-15,4.2396641752873165e-15,5.967448757360216e-16,0.04982040871226994,0.07284020327498589,False,249708.34559232852
2021-11-16,-6.072293495204707e-05,0.00013141250555262062,0.00017169859947804974,2.043684102661795e-05,82292.62402967601,0.48235644647948905,0.4123942702259959,-5.179884299266746e-15,-5.3637649877202875e-15,7.84528692010511e-16,0.04221042046291562,0.050254093732354614,False,225617.88399938672
2021-11-17,-9.888649370781447e-05,9.536789765824873e-05,0.0001773066816307481,1.6947709735315117e-05,82284.48640062769,0.4978684593280183,0.40932588600020436,-9.020562075079397e-17,-9.71445146547012e-17,2.7755575615628914e-17,0.051549355443891165,0.1044607566346697,False,324123.51456667105
2021-11-18,-0.00015436759186204243,3.8649995345080854e-05,0.0001761959754536902,1.6821611753433064e-05,82271.78434261442,0.4958530037930644,0.7098652285607336,5.93275428784068e-15,7.806255641895632e-15,4.871103520542874e-15,0.08292535625663354,-0.06267645398080182,False,405743.8624509247
2021-11-19,-0.0005048033248274557,-0.0002991415723329596,0.00017648920885501404,2.9172543639481957e-05,82230.25327233878,0.4974932065789811,0.41980126771832454,-5.936223734792634e-15,-6.4878658001532585e-15,1.3660947373317356e-15,0.04611687247599346,-0.02766798418972332,False,401805.95519756933
2021-11-22,-0.0005605058459733475,-0.0003331701834480667,0.00017557934184767837,5.175632067760238e-05,82184.16273466377,0.4936682565467182,0.7080150554277236,8.645861804268407e-15,9.492406860545088e-15,2.435551760271437e-15,0.0550433669983432,-0.12817617165443254,False,226724.61116223474
2021-11-23,-0.00031302246029547696,-0.00011180591879747994,0.00017212003237083065,2.9096509127166367e-05,82158.43724584724,0.4835236579929445,0.45647542779465355,3.94996535479919e-15,3.95516952522712e-15,7.979727989493313e-16,0.053531579648583745,-0.02428006775832863,False,211986.20712099568
2021-11-24,-0.00019417696857167228,-4.239167550689016e-06,0.00017117853686503875,1.8759264155944505e-05,82142.48396956024,0.4827631928346285,0.4761220082479662,-3.7296554733501353e-16,-5.551115123125783e-16,1.4779844015322396e-15,0.0685906809796074,-0.059288537549407126,False,288121.8382211439
2021-11-26,-0.0001943619401655911,2.0729074899011348e-05,0.00017595769931819425,3.9133315746408206e-05,82126.5185970059,0.49681686918525514,0.3721369972302479,2.5447309190407275e-15,2.4077961846558082e-15,2.293304435241339e-15,0.039131715774329716,0.017504234895539244,False,574942.1701527754
2021-11-29,-0.0002763701684879672,-5.731615911793222e-05,0.0001731741056019225,4.587990376811244e-05,82103.82127722392,0.488069744673547,0.3469446350261573,-4.926614671774132e-16,-4.926614671774132e-16,2.0816681711721685e-16,0.0648324227442248,-0.07735742518351214,False,377623.0840622685
2021-11-30,-0.00028408807291597355,-9.494735483375045e-05,0.00017488271938251798,1.4257998699705116e-05,82080.49656085823,0.49267172050546865,0.32522541215992684,-4.657732532997727e-15,-5.113964807179627e-15,1.205632815803881e-15,0.05188848561764765,-0.09768492377188029,False,214681.78450680827
2021-12-01,-0.00037962555037046445,-0.0001924866073158988,0.00017377351515758218,1.3365427896983486e-05,82049.33670717664,0.488514181019774,0.31131854433727574,4.9404924595819466e-15,5.627442956068762e-15,1.8166891602167112e-15,0.04866728158110041,0.02089215132693394,False,289263.24952616263
2021-12-02,-0.00019844618535811814,-1.1312055950474698e-05,0.0001743402166266597,1.2793912780983735e-05,82033.05432929593,0.49046913809564924,0.4225155171398527,9.26862753214408e-15,9.936496070395151e-15,2.7599450502791e-15,0.07272617743565482,-0.1326933935629588,False,332451.2263925711
2021-12-03,-0.0006453950573931318,-0.00045190975796815543,0.00017612164803566772,1.7363651389308635e-05,81980.11060148894,0.49637540671001346,0.3885372879807642,-2.0469737016526324e-16,-1.700029006457271e-16,7.216449660063518e-16,0.06262347736120731,-0.17108977978543197,False,415897.9470474601
2021-12-06,-0.0002589026364097793,-3.6456798668601826e-05,0.00017454398031889145,4.790185742228602e-05,81958.88573472104,0.4916771761191472,0.465736841142081,3.0461744238152733e-15,2.7478019859472624e-15,6.730727086790012e-16,0.09566059239038303,0.25127046866177305,False,421447.2384967798
2021-12-07,0.0003843837090267144,0.0005781956721042424,0.00017467209289360696,1.913987018392101e-05,81990.38939520746,0.4907366910055851,0.6110139925676322,5.0133508455729725e-15,4.586608870482678e-15,1.5300261058115439e-15,0.06958785842620918,-0.10559006211180126,False,337257.22302877216
2021-12-08,-0.000282414754412944,-8.693814764091734e-05,0.00017036644269390497,2.5110164078121663e-05,81967.23409952219,0.4803662999930514,0.2548368444803883,-1.3721662694976544e-15,-1.4467593789646571e-15,2.2898349882893854e-16,0.029569065763053518,-0.016374929418407683,False,554518.209436632
2021-12-09,-0.00014758354752103831,3.94046925007891e-05,0.00017651549298838674,1.047274703344067e-05,81955.13708433328,0.49648780958172933,0.6254758302044598,-3.011479954295737e-15,-2.7131075164277263e-15,1.2212453270876722e-15,0.059512216117365825,0.16205533596837948,False,323587.70348784816
2021-12-10,0.00010318272547743532,0.00030475410432200423,0.00017586689267178277,2.5704486172786142e-05,81963.59343874452,0.4944918661845262,0.24616657477014756,-6.647243519508628e-15,-7.365635878997523e-15,1.9155683983473892e-15,0.032464861761547385,-0.08865047995482779,False,413533.78523645
2021-12-13,-0.0001352943413403998,7.101158143947037e-05,0.00017595661904108403,3.034930373878614e-05,81952.50422835632,0.4957070454929044,0.42576554635075753,-8.971122456014058e-15,-1.0387524174149121e-14,2.9004576518332215e-15,0.05342974472745918,0.02428006775832863,False,416325.9987646192
2021-12-14,-0.00015177146905525295,4.3092770613881775e-05,0.00017736702543554156,1.7497214233593144e-05,81940.06617639684,0.49971082094291525,0.24865222144091628,-1.8943180357666733e-15,-1.9984014443252818e-15,4.85722573273506e-16,0.029092308574968563,-0.06493506493506496,False,537377.1190780821
2021-12-15,-0.0003101202491030847,-0.0001229501102682313,0.00017695155439207595,1.0218584442777458e-05,81914.65490266269,0.4976279763787961,0.5663999774115586,-3.58046925441613e-15,-3.740063814205996e-15,7.7021722333370235e-16,0.06555040580530844,-0.13721061547148505,False,449095.6775860775
2021-12-16,-0.0004849056567812439,-0.00028901634712347483,0.0001726125982572939,2.327671140047516e-05,81874.9340231271,0.48601310302368184,0.4163702583322291,2.4980018054066022e-15,2.491062911502695e-15,4.163336342344337e-16,0.07118811040535632,0.017504234895539244,False,554223.5097692589
2021-12-17,-0.0004155416642327923,-0.00022361064452142718,0.00017481991320456128,1.7111106506803833e-05,81840.91157678419,0.4924740336740898,0.41943760761037224,-1.3562068135186678e-14,-1.360977303077604e-14,3.703634621210483e-15,0.029623525898504085,-0.1225296442687747,False,475725.2105230302
2021-12-20,-0.00017392051107464272,4.836524213771404e-05,0.00017057426734258318,5.171148586977359e-05,81826.67776361594,0.4799794975758295,0.2668622449057416,8.919948113472742e-15,9.197503869629031e-15,2.08080080943418e-15,0.02695772913958597,-0.12140033879164315,False,412873.97880738485
2021-12-21,-9.189118251372823e-05,9.267353338405318e-05,0.00017359777432631295,1.0966941571468464e-05,81819.15861343507,0.4875309977464808,0.6475973447218318,2.3037127760972e-15,2.3175905639050143e-15,6.054184931159057e-16,0.058493981400975635,0.07284020327498589,False,425129.11416204204
2021-12-22,-3.7142242272017e-05,0.00016426246866305084,0.00017479112142595156,2.6613589509116284e-05,81816.11966642336,0.49257285858724115,0.6016440998420769,2.3245294578089215e-15,3.490263633665336e-15,1.8943180357666733e-15,0.07361395460728769,0.03670242800677584,False,576367.7608161874
2021-12-23,-0.00030012078587882704,-0.00010249098050068081,0.00017290470538463632,2.4725099993509913e-05,81791.56494829152,0.4861056139959758,0.34723256853256623,1.880440247958859e-15,1.915134717478395e-15,3.712308238590367e-16,0.031269653297136185,-0.11462450592885377,False,311291.7562675391
2021-12-27,-6.208687802172508e-05,0.00017035289770182718,0.00017536044938943208,5.7079326334120175e-05,81786.48676537538,0.49231545138085164,0.6995769546474061,3.774758283725532e-15,4.135580766728708e-15,1.1553258350005535e-15,0.08391970145761099,0.08639186900056467,False,233714.9918061529
2021-12-28,-0.00017510528316519713,2.7574226574550836e-05,0.00017392977187752595,2.8749737862222018e-05,81772.16551945124,0.4901762354709662,0.27599838781598574,-1.330532906074211e-15,-1.2490009027033011e-15,1.2255821357776142e-15,0.033600276821955544,-0.05251270468661773,False,405901.42524283496
2021-12-29,-0.00020805419790216172,-2.2879615930581287e-05,0.00017383218247229328,1.134239949928714e-05,81755.15247714338,0.48970383581183846,0.48665507144515174,-5.988265439071938e-15,-6.189493362285248e-15,2.2603446891977796e-15,0.060219687789285097,-0.012987012987012988,False,306825.8499163072
2021-12-30,-0.00017657655237522476,1.8089419010752563e-05,0.00017466644790192974,1.9999523484047576e-05,81740.71643418005,0.4893592919433133,0.43163088486004664,2.0816681711721685e-17,1.734723475976807e-16,8.881784197001252e-16,0.05433849471355927,-0.033314511575381144,False,163592.02667797543
2021-12-31,-0.00023996701498274698,-5.1122816403469516e-05,0.00017110594303708376,1.7738255542193697e-05,81721.10135845479,0.48204388554723254,0.16519308494628102,6.6856242764146145e-15,6.657001339060997e-15,1.0547118733938987e-15,0.012675079167606967,-0.03557312252964427,False,273958.30210991437
2022-01-03,-0.0001348921150425004,6.343739192388282e-05,0.00017796323621958228,2.036627074680095e-05,81710.07782624895,0.4975792876481251,0.5895437527032437,1.5903944827755367e-14,1.6448647999212085e-14,2.7408630920433552e-15,0.0919766592198915,-0.0220214568040655,False,192077.94946087353
2022-01-04,-2.852438747853072e-05,0.00016772867741833835,0.00017202523944331177,2.4227825453557297e-05,81707.74709632812,0.48365963538612955,0.39839386820641687,2.282896094385478e-15,2.5431046157819992e-15,8.465450562766819e-16,0.05872308264856016,0.07171089779785433,False,318526.7395229792
2022-01-05,-7.46113096571776e-05,0.00011370091819061664,0.00017193987709958542,1.637235074820882e-05,81701.65077430813,0.4840788240679492,0.248198772396053,2.740863092043355e-16,5.585809592645319e-16,9.36967517461973e-16,0.03684939540232058,0.023150762281197064,False,501208.5336952296
2022-01-06,-0.0001475344009517066,-8.251959764031732e-06,0.00012908249163715214,1.0199949550522714e-05,81689.59697020438,0.36403938003418823,0.4341820933570734,-1.2836953722228372e-16,-3.122502256758253e-16,6.678685382510707e-16,0.09873958140049853,-0.06380575945793338,False,395067.25025267515
2022-01-07,-0.0003126245330938286,-0.00011999998519466927,0.00017478144817215628,1.784309972700302e-05,81664.05879809296,0.49123758899812964,0.7788272536250553,5.904998712225051e-15,6.0923488476305465e-15,1.0772632785815972e-15,0.0980703331156917,0.05477131564088086,False,439805.68892698345
2022-01-10,7.143745388013949e-06,0.00027500347698085955,0.00017183993320071624,9.601979839212936e-05,81664.64218533636,0.48449751379364153,0.4836464567984312,6.210310043996969e-16,6.574601973952099e-16,2.636779683484747e-16,0.07314629896769556,0.08639186900056467,False,522822.81412775913
2022-01-11,-0.0002572836501898712,-6.185536698172196e-05,0.00017555240142191238,1.987588178623687e-05,81643.63120810347,0.49320266870331764,0.3039722852359612,3.913536161803677e-15,4.057518210309752e-15,1.201296007113939e-15,0.040471387695746125,0.02428006775832863,False,309573.1073790403
2022-01-12,-0.00021633612080009814,-2.7058350319690707e-05,0.0001767857587583818,1.2492011722025641e-05,81625.96874163988,0.49737691065336476,0.4478255662975507,-9.020562075079397e-17,8.326672684688674e-17,3.677613769070831e-16,0.047173318494772166,0.08300395256916997,False,374610.7837623872
2022-01-13,-0.0004116040774003796,-0.00022083169903082243,0.00017236858797376744,1.840379039578976e-05,81592.37116008406,0.4855346852598607,0.3106148489150832,-6.1738808510014564e-15,-5.780098621954721e-15,1.1483869410966463e-15,0.044501062606830684,-0.007340485601355168,False,312258.00535105495
2022-01-14,-0.00019945364913825133,-1.0096997936452508e-05,0.00017659165741076775,1.276499379103107e-05,81576.09726391434,0.49559574711805215,0.5183982251845997,-4.2223169405275485e-15,-4.489464355827977e-15,1.0512424264419451e-15,0.08858416950027209,-0.051383399209486175,False,195493.96344601037
2022-01-18,-0.0007231924721265531,-0.00046555146156808283,0.00017242486395278194,8.521614660568832e-05,81517.10204446761,0.4857096263204753,0.5023208033676109,1.0547118733938987e-15,1.3253287356462806e-15,4.2327252813834093e-16,0.047712985049840104,0.10333145115753813,False,360194.0503703248
2022-01-19,-7.330767529408123e-05,0.00012120312028713123,0.00017386747489487234,2.0643320686340125e-05,81511.12621522002,0.49022309640557304,0.5542148768728472,4.961309141293668e-15,4.7878367936959876e-15,1.141448047192739e-15,0.07396265988914458,-0.11801242236024848,False,656845.876038464
2022-01-20,-5.5414377261752594e-05,0.00014193419767261425,0.00017457262109027744,2.2775953844089404e-05,81506.6093269209,0.4912160312741594,0.24146621404861565,2.2967738821932926e-15,2.3626933742804113e-15,5.412337245047638e-16,0.024500249689549138,-0.0005646527385657821,False,274784.71300884173
2022-01-21,-0.00020766006946745818,-2.1931563102020515e-05,0.0001758052372949467,9.92326907049096e-06,81489.68365876601,0.4961680784924177,0.5014679579859156,-5.273559366969494e-16,-5.065392549852277e-16,9.020562075079397e-17,0.05766519894734687,0.011857707509881424,False,721738.6699793065
2022-01-24,-0.0001509087003336616,8.402421697794692e-05,0.0001731081005736189,6.182481673798964e-05,81477.38615651446,0.48703627792528503,0.6356297969138419,-7.632783294297951e-16,-9.298117831235686e-16,7.719519468096792e-16,0.082652430100244,0.0028232636928289105,False,341761.1392742645
2022-01-25,5.111285061378383e-05,0.0002510830603150271,0.00017384843722533191,2.6121772475911348e-05,81481.55069798148,0.48880080192840414,0.6448706778804035,-3.4382219293860317e-15,-3.842412499288628e-15,1.5890067039947553e-15,0.07957662987811048,0.012987012987012988,False,324635.6234551395
2022-01-26,-0.00020821446115850127,-7.284263501552805e-06,0.00017442866294953448,2.650153470741398e-05,81464.58506080855,0.49078391955229567,0.22463498411434196,7.406591616063163e-16,9.402201239794294e-16,6.453171330633722e-16,0.029672188862564435,-0.03896103896103897,False,407536.6106383736
2022-01-27,-0.00018351186464606162,3.2416972609284117e-06,0.00017752198721735955,9.231574689630463e-06,81449.63534290143,0.4998030483371423,0.4280471846773738,-4.7704895589362195e-17,-2.7755575615628914e-17,4.85722573273506e-17,0.052390600986753154,-0.025409373235460195,False,600589.9152375363
2022-01-28,-0.00022192968576160706,-3.192951715004047e-05,0.00017240918841934574,1.7590980192220843e-05,81431.55925092437,0.48689091068757967,0.2568260373335077,-2.8189256484623115e-16,-1.7694179454963432e-16,5.377642775528102e-16,0.025917878744869928,0.20271033314511577,False,733604.0406289248
2022-01-31,5.573177662789471e-05,0.0002626923641573949,0.00017529710347468416,3.1663484054816044e-05,81436.09757639501,0.4942136160668042,0.440959204625773,-1.4545656346065527e-15,-1.4988010832439613e-15,4.2760933682828295e-16,0.06814223327324652,0.006211180124223602,False,692575.783002031
2022-02-01,-0.0001103249870485729,5.4262426079131995e-05,0.00014646580197870046,1.812161114900443e-05,81427.1131399846,0.41262195774274446,0.5372553293492072,1.6757428777935957e-15,1.349614864309956e-15,4.40619762898109e-16,0.09934934933161273,0.1360813099943535,False,891612.0417892891
2022-02-02,0.00021535797168167027,0.0004139539380964176,0.00017651698027710874,2.207898613763858e-05,81444.64911791033,0.497252636528555,0.6389712837894221,5.967448757360216e-16,7.494005416219807e-16,6.245004513516506e-16,0.06876842440157639,0.10333145115753813,False,509121.4676054777
2022-02-03,-0.0004602209874811476,-0.00026243922460670254,0.00017152266902008528,2.625909385435979e-05,81407.16658106823,0.48342212936288154,0.3534723793888636,1.887379141862766e-15,1.4432899320127035e-15,7.73686670285656e-16,0.053369026515464435,0.1202710333145116,False,731663.8824682606
2022-02-04,-0.00041652395388816103,-0.0002292512763505444,0.00017274641537095106,1.4526262166665551e-05,81373.25854616906,0.4847498898579116,0.3921094030186242,-3.95516952522712e-15,-3.566591466608315e-15,6.422813669804128e-16,0.05776982745710566,-0.0016939582156973462,False,390009.75817264756
2022-02-07,-0.00038384580950855904,-0.00015899183594812727,0.00017651171839375154,4.834225516668018e-05,81342.02376187006,0.49555430267763617,0.766737241650032,1.4779844015322396e-15,1.27675647831893e-15,1.0581813203458523e-15,0.0892511839420386,-0.033314511575381144,False,309309.9275900584
2022-02-08,-0.0005374372748950869,-0.0003319228726070498,0.00017400465263118652,3.1509749656850566e-05,81298.30752628503,0.48963228494218164,0.5419089421080729,-2.3037127760972e-15,-2.040034807748725e-15,5.620504062164855e-16,0.09204606060277902,-0.08413325804630155,False,356092.08580269915
2022-02-09,-9.915715597089149e-05,9.644859981500751e-05,0.00017333552528830688,2.227023049759213e-05,81290.24621732548,0.4890598651882423,0.5842660840398831,4.388850394221322e-15,3.566591466608315e-15,1.7416623698807143e-15,0.08244343079661044,-0.010728402032749858,False,568488.6580262795
2022-02-10,-0.0002774843551701243,-7.518446176911842e-05,0.00017828895844046292,2.4010934960542962e-05,81267.68944577224,0.499840574879753,0.36600983825164973,3.093011957666647e-15,2.9073965457371287e-15,7.407269242420966e-16,0.03948475823315947,0.10671936758893281,False,219307.7575486102
2022-02-11,-0.00029946314749320805,-0.00010851378126507276,0.0001759078660260128,1.5041500202122463e-05,81243.3527677013,0.4953960591490497,0.7085797864202328,2.3670301829703533e-15,2.7955068815366246e-15,1.1319070680748666e-15,0.06517547480520662,-0.032185206098249576,False,646603.055723189
2022-02-14,-0.00015894244970885097,0.0001056763895643722,0.0001772596875227838,8.735915175043938e-05,81230.43975018985,0.4972413794908121,0.787367492029714,9.523631883112671e-15,8.971989817752046e-15,1.807581861967833e-15,0.09188138308835604,-0.06041784302653869,False,245688.77857528397
2022-02-15,-0.0005986908195756931,-0.00039177978746800143,0.00017455346394208745,3.2357568165604295e-05,81181.80783164132,0.49066685167529966,0.7570740268372308,-1.0776102232767926e-14,-1.0560996521746802e-14,2.581268532253489e-15,0.0956547211289791,-0.05477131564088086,False,518101.5218289593
2022-02-16,-0.00047017124365884583,-0.000267520208455374,0.00017153840396358518,3.111263123988664e-05,81143.63848009064,0.4835215732617579,0.5989331243504128,3.5318969970887792e-15,3.0808688933348094e-15,1.4432899320127035e-15,0.057867451929034204,0.025409373235460195,False,684740.9224180838
2022-02-17,-0.00014563084584391764,5.297810722315545e-05,0.00017399526302527545,2.4613690041797644e-05,81131.82146338392,0.4894773162485514,0.5904332810969046,-2.688821387764051e-15,-2.5396351688300456e-15,4.623038063478191e-16,0.06913022356650952,0.06719367588932806,False,454703.3545905342
2022-02-18,1.2426551417899171e-05,0.00021028301577813088,0.0001735920829452903,2.42643814149414e-05,81132.82965213497,0.48787584830569064,0.5232542014240589,8.448103328007051e-16,1.0408340855860843e-15,7.476658181460039e-16,0.06501314028218003,-0.06380575945793338,False,357172.33319881617
2022-02-22,-0.0003429794263927028,-8.353767348285915e-05,0.00017342736363465606,8.601438927518761e-05,81105.00276075926,0.48795396706620964,0.3169157751401789,-1.797173521111972e-15,-1.8041124150158794e-15,4.501607420159814e-16,0.032477959056211765,-0.09090909090909091,False,470760.50255283376
2022-02-23,-0.00026825218934039207,-8.215383508941034e-05,0.00017307441828631675,1.3023935964664958e-05,81083.24616620224,0.48528451885614243,0.48687629019969325,-1.9567680809018384e-15,-1.6792123247455493e-15,7.875644580934704e-16,0.05378634709059113,0.12817617165443254,False,346007.6857408254
2022-02-24,-0.0002004644731565165,-8.325697177992203e-06,0.00017213016131278338,2.00086146657409e-05,81066.99185597771,0.48425576156263034,0.40582093111545603,-1.1622647289044608e-16,-7.28583859910259e-17,1.1275702593849246e-16,0.059439839806068165,-0.05702992659514399,False,676946.8288623303
2022-02-25,-0.00026617750522538446,-7.890834710510311e-05,0.0001705915856086873,1.6677572511594084e-05,81045.41364632937,0.4811976695783609,0.4444079282554702,2.1288526497187377e-14,1.9095836023552692e-14,3.123369618496241e-15,0.04508928248445634,-0.06493506493506496,False,685054.8948970673
2022-02-28,-0.00011417745385405551,0.00011438373652564208,0.00017377117182765595,5.479001855204164e-05,81036.16008735269,0.4892371964061238,0.3245769574802436,-9.2148511043888e-15,-7.854827899222983e-15,1.99926880606327e-15,0.027586590462872287,-0.042348955392433656,False,658875.8677562651
2022-03-01,-0.00024533020032287237,-5.7068547389678876e-05,0.00017492287385866256,1.3338779074530938e-05,81016.27946996505,0.49208810118959345,0.5273115890629967,2.069525106840331e-15,1.790234627208065e-15,1.6065707791890205e-15,0.07218517022753776,-0.04573687182382835,False,428762.0574860995
2022-03-02,-0.00034382176719923276,-0.00014794492156152753,0.0001742065063611438,2.1670339276561422e-05,80988.42430958578,0.4906859962382682,0.47475065005332684,3.0826036168107862e-15,2.806782584130474e-15,6.123573870198129e-16,0.051669987669305195,0.02992659514398645,False,562781.6272741554
2022-03-03,-0.00037024655620699617,-0.00017959605162657958,0.00017114020389329368,1.9510300687122893e-05,80958.43862439253,0.48262245223298095,0.30646799751934045,-3.3202607330196088e-15,-3.0912772341906702e-15,5.342948306008566e-16,0.03436297321349385,-0.1552795031055901,False,630222.7134559593
2022-03-04,-0.00020297238119202152,-1.9215986499945912e-05,0.00017116181945155462,1.2594575240520977e-05,80942.00629732735,0.48236015689238604,0.5554526802739086,-1.853812242602615e-14,-1.7680301667155618e-14,3.594347042223944e-15,0.06128957623601889,0.015245623941276118,False,653928.034042655
2022-03-07,-0.00021616845161812545,2.8605918462852866e-05,0.00017629390264994622,6.848046743103211e-05,80924.50918915519,0.4959024832506195,0.6709695591645923,-2.0886070650760757e-15,-1.7486012637846216e-15,6.800116025829084e-16,0.05827187378762602,0.1981931112365895,False,417313.82144292135
2022-03-08,0.0004991906862287885,0.0006968292436163353,0.00017006446591502928,2.757409147251758e-05,80964.90595043005,0.47882023276462216,0.4921152757507994,-2.473715676742927e-15,-2.1371793224034263e-15,3.677613769070831e-16,0.05433505296143699,0.06041784302653869,False,658088.4705705462
2022-03-09,-0.00040464597581654814,-0.00020767282474346363,0.00017674923563127076,2.0223915441813777e-05,80932.14382705484,0.4975472490250908,0.23129321723287383,4.8242659866915005e-15,4.6351811278100286e-15,8.283304597789254e-16,0.02559611751977911,-0.03444381705251271,False,786326.5256136096
2022-03-10,-0.00010828953380487324,7.790489743172985e-05,0.00017668923052840298,9.505200708200097e-06,80923.37972292997,0.49736278375255955,0.5292690447788623,3.2612801348363973e-16,3.8163916471489756e-16,2.3592239273284576e-16,0.061066015669996504,0.1959345002823264,False,540819.709547703
2022-03-11,1.2716671805723046e-05,0.000206845412005519,0.00017237795753765093,2.1750782662145017e-05,80924.40879899132,0.4847756725950132,0.28128912474591455,-2.0261570199409107e-15,-1.942890293094024e-15,8.699638232023688e-16,0.030919416355351146,0.0028232636928289105,False,605592.8354374008
2022-03-14,-0.0002635459063619679,-5.325159771526905e-05,0.00017561482751364064,3.4679481133058204e-05,80903.08150232758,0.4946813886160783,0.395779124949367,9.020562075079397e-17,-2.463307335887066e-16,3.8163916471489756e-16,0.06088290046762622,0.08074534161490683,False,654572.4128140396
2022-03-15,-8.204273487726264e-05,0.00010937307149818556,0.0001751509108295838,1.6264895545864396e-05,80896.44399226113,0.4942212629898582,0.5334396193255775,1.8318679906315083e-15,3.3202607330196088e-15,1.7590096046404824e-15,0.08823706774308353,0.163184641445511,False,872900.5036218568
2022-03-16,-0.00017594948785598966,1.9248114038776553e-05,0.00017327542575809872,2.192217613666749e-05,80882.21030437131,0.48741857722462145,0.4325063569286595,-1.8735013540549517e-15,-1.9550333574258616e-15,5.551115123125783e-16,0.052315707244575176,0.08752117447769624,False,463763.0427818167
2022-03-17,-0.0001414130727444499,5.148311255972067e-05,0.00017512195145778724,1.777423384638334e-05,80870.77250248182,0.4922937655288546,0.2325318961239105,-3.1181654480683108e-16,2.1441182163073336e-15,2.3457798203896374e-15,0.028821924812335812,-0.10671936758893281,False,1034392.331379452
2022-03-18,-0.0002299455726360295,-4.31815718081179e-05,0.00017720789550775088,9.556105320160719e-06,80852.17662638922,0.4991279807376192,0.4906813183872794,8.517492267046123e-16,8.81239525796218e-16,1.5543122344752192e-15,0.06028641795242473,0.03670242800677584,False,697673.3956811602
2022-03-21,-0.00021422592529186918,2.1585759503875933e-05,0.0001753167277342998,6.0494957061445307e-05,80834.85599403958,0.4940116347696382,0.4969153886955366,3.8163916471489756e-16,4.579669976578771e-16,1.457167719820518e-16,0.07530429047481206,0.018633540372670808,False,1321616.5278050248
2022-03-22,-0.00018032961865152645,1.6776836067328406e-05,0.00017668527436150408,2.04211803573508e-05,80820.27907528442,0.49726858973749993,0.4009558058089093,-1.6306400674181987e-16,-1.1622647289044608e-16,1.2611439670351388e-15,0.06190533403018003,-0.12817617165443254,False,722995.9787117129
2022-03-23,-0.00032840948135147825,-0.00013532955131823854,0.00017660229417807902,1.6477635855160664e-05,80793.73692935062,0.49586408977232754,0.5129677192894483,5.533767888366015e-16,6.036837696399289e-16,1.8388068845354155e-16,0.059402968291898006,-0.0220214568040655,False,392005.1999745978
2022-03-24,-0.000255270797123321,-6.086699562000912e-05,0.00017332293632703322,2.1080865176278674e-05,80773.1126477221,0.4863924224243035,0.43688611361607516,-6.38378239159465e-16,-6.487865800153259e-16,2.1510571102112408e-16,0.06599058052642333,0.010728402032749858,False,587819.9637448766
2022-03-25,-0.00020881369070095473,-1.529124291143638e-05,0.00017556822394228236,1.7954223847235992e-05,80756.24611596072,0.49307967488925525,0.4975470950799447,9.922618282587337e-16,1.0061396160665481e-15,3.5908775952719907e-16,0.057422866264449327,-0.051383399209486175,False,632606.8825524088
2022-03-28,-0.00042029301562941293,-0.0001837886993879241,0.0001751628935603999,6.134142268108895e-05,80722.30482974973,0.49324214920404813,0.4161250057271215,-2.0964133207179714e-15,-1.797173521111972e-15,5.551115123125783e-16,0.046196883510660314,0.07735742518351214,False,695832.8312551017
2022-03-29,-4.423673958397176e-05,0.00014896687127559475,0.00017610258322694499,1.7101027632621517e-05,80718.73393817236,0.4955741603114949,0.5396212237049915,-1.2247147740396258e-15,-1.0408340855860843e-15,2.3418766925686896e-16,0.05442326941767222,-0.0942970073404856,False,960475.0390903488
2022-03-30,-0.0004143175691028722,-0.00021829908330604571,0.00017384227112401856,2.217621467280792e-05,80685.29074854603,0.48917955613485115,0.35785321021018424,4.3680337125096e-15,4.121702978920894e-15,1.4172690798730514e-15,0.04743486486595184,-0.05590062111801244,False,927625.3117904449
2022-03-31,-8.585381864901755e-05,0.00010103897989197037,0.00017218650223098053,1.4706296310007393e-05,80678.36360822646,0.4844852551293293,0.6181969491457309,-5.093148125467906e-15,-4.052314039881821e-15,9.54097911787244e-16,0.06421987840531602,0.08300395256916997,False,496778.9064104404
2022-04-01,-0.00044123804671613974,-0.0002443249594476189,0.00017150773319403857,2.54053540744823e-05,80642.7652446557,0.4821328568018943,0.3510724231373104,3.2959746043559335e-16,1.249000902703301e-16,3.937822290467352e-16,0.046946428192620036,-0.032185206098249576,False,456446.9083133239
2022-04-04,-0.0003348724568426858,-0.00011922956342771863,0.0001723599919322851,4.328290148268205e-05,80615.76020373164,0.4856187348787493,0.44349849048025364,1.379452108096757e-14,1.2601031329495527e-14,2.4147350785597155e-15,0.06244599020041889,0.15979672501411638,False,546295.8978201783
2022-04-05,-0.000341288582177116,-0.00014714569820156715,0.0001759169186133472,1.8225965362201634e-05,80588.24696523057,0.49471634361119854,0.5106768081814975,-1.1726730697603216e-15,-1.2490009027033011e-15,9.922618282587337e-16,0.06439678364707016,-0.017504234895539244,False,711230.3850143721
2022-04-06,-0.00034697259912704477,-0.00015024599500771806,0.00017573988597488157,2.0986718144445148e-05,80560.28505172195,0.49404195165128817,0.4315455075134863,-5.7870375158586285e-15,-5.662137425588298e-15,3.858025010572419e-15,0.08962443226303196,-0.1202710333145116,False,720198.2606331736
2022-04-07,-0.0004211841282357694,-0.0002291496512472561,0.00017429973010439718,1.773474688411611e-05,80526.35433829202,0.48824868047166436,0.5611871760891756,-8.101158632811689e-16,-6.591949208711867e-16,4.0245584642661925e-16,0.07475008005559064,0.05815923207227556,False,397674.3829616152
2022-04-08,-0.00019585030239392358,3.6931179185435345e-06,0.00017648093362387083,2.306248668859628e-05,80510.5832274442,0.4967243150717176,0.6729077387428392,5.551115123125783e-16,5.967448757360216e-16,8.881784197001252e-16,0.0737534389824196,0.03670242800677584,False,573681.4668207206
2022-04-11,-5.447224698643111e-05,0.00020094539880280508,0.0001724564177250506,8.296122806418559e-05,80506.1976350696,0.4848756166980744,0.5460694594201346,1.1171619185290638e-15,1.842276331487369e-15,6.973588373426765e-16,0.045924449687260366,0.0028232636928289105,False,444951.853222542
2022-04-12,-0.00015947293165557248,3.940362774072876e-05,0.00017643534873519986,2.244121066110138e-05,80493.3590757163,0.49601071072669856,0.32802868291026077,3.778227730677486e-15,2.463307335887066e-15,1.7004626873262652e-15,0.03526657420770223,-0.20609824957651046,False,460350.17932338675
2022-04-13,-0.000246151609125768,-6.0333792568120244e-05,0.00017233718575311666,1.3480630804531112e-05,80473.54550585587,0.48500990623219437,0.44671366985190697,1.0699774399824946e-14,9.658940314238862e-15,2.5777990853015353e-15,0.05949267069983249,0.03557312252964427,False,808623.255909962
2022-04-14,-0.0001805474850644427,1.5945598015553456e-05,0.00017813498705868534,1.8358096021310802e-05,80459.01620960057,0.49920669405671353,0.6495294222136615,-1.3308798507694064e-14,-1.3086753902769033e-14,4.2309905579074325e-15,0.065270938668033,0.019762845849802372,False,315863.6101353524
2022-04-18,-0.00014090834783463683,0.000137470277133337,0.00017160666515202727,0.00010677195981594654,80447.67886255807,0.48257872999321644,0.5218976425492675,8.187894806610529e-16,7.632783294297951e-16,1.6132928326584306e-16,0.08318889377606992,-0.06041784302653869,False,567480.509596845
2022-04-19,-0.0003668895453649781,-0.00017080011034372133,0.00017464158669731428,2.1447848323942465e-05,80418.16345023451,0.49221859916755323,0.33174394752453107,2.42861286636753e-16,2.7755575615628914e-16,4.2327252813834093e-16,0.04142204683515917,-0.04912478825522304,False,934442.380774261
2022-04-20,-0.0001872377845894872,1.908766723706317e-06,0.0001755132384012265,1.3633312911967025e-05,80403.10613146934,0.4936354717512234,0.6287870971199041,3.0401028916493544e-15,2.6645352591003757e-15,6.808789643208968e-16,0.08560871973787357,0.17334839073969513,False,604107.9424427338
2022-04-21,-2.089896660051578e-05,0.00017761626912357958,0.00017267467008903094,2.584056563506442e-05,80401.42578963972,0.48477107730168995,0.49948375145089347,2.4077961846558082e-15,2.6506574712925612e-15,3.4590386110977533e-15,0.05200289650924915,0.0694522868435912,False,489461.9521437816
2022-04-22,-0.0001610116358736684,3.870447993314756e-05,0.00017918938629513554,2.0526729511680447e-05,80388.48022454676,0.4967915409343221,0.5612029840137603,-2.3592239273284576e-16,-2.706168622523819e-16,1.3183898417423734e-16,0.09254003549807702,0.016374929418407683,False,183733.5903283417
2022-04-25,-0.00013874818201576634,0.00010749313583414185,0.00017705190886191033,6.918940898799788e-05,80377.32646906059,0.4941309907919518,0.4381338632835274,-3.117081245895825e-17,-3.122502256758253e-16,5.204170427930421e-16,0.04897935372534784,0.1609260304912479,False,372118.58207339037
2022-04-26,-0.00024737488874664444,-5.325991470980199e-05,0.00017610947280601255,1.8005501230829893e-05,80357.44313686756,0.49181539341481273,0.4910205146312454,4.753142324176451e-16,6.175615574477433e-16,2.6020852139652106e-16,0.07326931406546477,-0.009599096555618296,False,313896.24563454324
2022-04-27,-0.00016295823863804392,3.1062042993966347e-05,0.000173841356373192,2.0178925258818285e-05,80344.34822947253,0.4866227481879183,0.36165259622290563,8.326672684688674e-17,-1.1275702593849246e-16,1.8735013540549517e-16,0.06878895993880518,-0.06832298136645965,False,501323.69974843075
2022-04-28,-0.00034044395060532715,-0.00015065732086638522,0.00017492419427772666,1.4862435461215295e-05,80316.99548215247,0.4920691918077679,0.3618930266456082,-3.896188927043909e-15,-3.282096816548119e-15,8.465450562766819e-16,0.04220467013463882,0.026538678712591763,False,752845.074637609
2022-04-29,-0.00013344412293487965,5.2743104730303754e-05,0.0001713149115016651,1.4872316163518305e-05,80306.27765113358,0.481092412387115,0.4065896132693217,-8.257283745649602e-16,-6.036837696399289e-16,3.8163916471489756e-16,0.036952091203178404,-0.02428006775832863,False,723298.6546696937
2022-05-02,-0.00011116113828993474,0.00011259107360053641,0.00017362472532302044,5.012748656745071e-05,80297.35071389806,0.4875004783215149,0.4148298266861917,1.1313866510320736e-14,9.728329253277934e-15,1.7694179454963432e-15,0.06943809180931093,0.005081874647092039,False,518166.4122927761
2022-05-03,-1.4052328242949779e-05,0.0001769562018890185,0.00017396072903527594,1.7047801096692344e-05,80296.22234916879,0.48881418246434283,0.58644418802967,2.5396351688300456e-15,2.373101715136272e-15,6.453171330633722e-16,0.04553423605274948,0.006211180124223602,False,512316.8615233186
2022-05-04,-8.66418866583292e-05,0.00011282963727510188,0.0001753710778500201,2.4100446083410993e-05,80289.26533297292,0.4927280366120072,0.30768527423820424,-1.734723475976807e-16,-4.128641872824801e-16,3.5735303605122226e-16,0.053128988609985044,0.1078486730660644,False,582610.5891971453
2022-05-05,-0.00013806683160697307,5.204714690318563e-05,0.00017746937819899963,1.2644600311159082e-05,80278.18004849635,0.49824001902352993,0.28696455069703525,-4.647324192141866e-15,-4.116498808492963e-15,1.096345236817342e-15,0.03312922134803981,-0.17447769621682668,False,437279.71309508156
2022-05-06,-0.0001413526470072421,3.514208173245454e-06,0.00013307379145321193,1.1793063727275614e-05,80266.83251524957,0.37380995597781036,0.41595146810372824,-7.645793720367777e-16,-6.106226635438361e-16,2.636779683484747e-16,0.09868267281045115,-0.015245623941276118,False,567597.5135903507
2022-05-09,-0.00012500341760676188,0.00010360234740676135,0.0001773240771651183,5.1281687848404936e-05,80256.7988868647,0.4987968193028642,0.5200729568944981,1.751029876650989e-14,1.3072876114961218e-14,5.571931804837504e-15,0.080239333861833,0.0220214568040655,False,663908.8977597702
2022-05-10,0.00026374199679175743,0.0004627876326857364,0.00017767277465174005,2.137286124223892e-05,80277.96597525923,0.498090508189228,0.37269168891425936,-2.0122792321330962e-16,-4.614364446098307e-16,4.163336342344337e-16,0.05371654044680666,-0.005081874647092039,False,436539.6405222413
2022-05-11,-0.00030429027056739106,-0.00011553392896527067,0.0001734402447974248,1.5316096804695597e-05,80253.53817127201,0.48697548708962934,0.23222591926027888,-1.474514954580286e-16,-1.457167719820518e-16,4.2500725161431774e-17,0.02335914865583872,-0.007340485601355168,False,776784.3511683204
2022-05-12,-0.00011890634535959487,6.584723292980407e-05,0.00017521004736089434,9.543530928504618e-06,80243.9955163459,0.4914131469084935,0.47274513688280473,1.1848161340921592e-15,1.9567680809018384e-15,1.2784912017949068e-15,0.04433184141999062,0.24788255223037836,False,500633.4200174731
2022-05-13,-2.140055365674991e-05,0.00017121448114216538,0.00017318715246126583,1.9427882337649462e-05,80242.27825041421,0.48457486109946907,0.5347314538903566,1.3010426069826053e-14,1.2961853812498703e-14,2.5309615514501616e-15,0.06627335474617745,-0.016374929418407683,False,402195.2167912239
2022-05-16,-0.000261749454882396,-1.8637914018597684e-05,0.00017718574517868742,6.592579568511086e-05,80221.27487782364,0.49500979518982413,0.3877003561833997,1.8665624601510444e-15,1.6514567491299204e-15,5.689893001203927e-16,0.043104205668807925,-0.13721061547148505,False,362368.15386636986
2022-05-17,-0.00030433964531953906,-0.00011579374759393597,0.00017261300637560041,1.5932891350002653e-05,80196.86036348024,0.4853023701482195,0.609700515282288,3.608224830031759e-16,5.412337245047638e-16,2.949029909160572e-16,0.05826078840811183,-0.0005646527385657821,False,819215.5607304533
2022-05-18,-0.0002104059616630645,-8.865669744528219e-06,0.00017648410635899022,2.5056185559546063e-05,80179.9864659531,0.49509195912819237,0.4340484840100709,-4.718447854656915e-16,-4.440892098500626e-16,6.765421556309548e-17,0.09874381599809179,-0.0028232636928289105,False,632176.9905513193
2022-05-19,-2.213907874112371e-05,0.0001734954230323315,0.00017779689284153446,1.7837608931920738e-05,80178.21135491927,0.4981715535317734,0.7018318888274793,1.2618378564255295e-14,1.1907141939104804e-14,2.598615767013257e-15,0.08000476889640479,0.14059853190287974,False,703498.3472173454
2022-05-20,-0.00017566052833348044,2.963605921329169e-05,0.00017645418115660227,2.884240639016986e-05,80164.12720795184,0.49487190462541164,0.5858121383413907,1.1010289902024795e-14,9.874046025259986e-15,2.2898349882893854e-15,0.07426386036972332,0.0852625635234331,False,608716.0563256695
2022-05-23,-9.627864307549128e-05,0.0001488707006217524,0.0001729259293811832,7.22234143160605e-05,80156.40911456093,0.4858048873474726,0.4909728472134792,-2.255140518769849e-16,-2.42861286636753e-16,5.898059818321144e-17,0.06015625100137549,0.08074534161490683,False,803581.9454296924
2022-05-24,-0.00036307299568721707,-0.00017081499452834448,0.00017208103483503095,2.017696632384162e-05,80127.30648698017,0.48126142259441623,0.3443074461118913,1.1369377661551994e-14,1.0699774399824946e-14,1.8682971836270212e-15,0.05601028297403529,0.17221908526256355,False,402606.9332506512
2022-05-25,3.669710245274823e-05,0.00022774126671343216,0.00017689454318759297,1.4149621073090956e-05,80130.24692695559,0.4914637163922034,0.5848007772988258,8.326672684688674e-17,1.0547118733938987e-15,1.2073675392798577e-15,0.09554434787926794,0.11575381140598533,False,334764.3531954164
2022-05-26,-0.0005775655089000237,-0.000375102919940507,0.00017842968030340058,2.4032908656116126e-05,80083.96646011094,0.4988824345658447,0.3269174534980313,4.142519660632615e-15,3.837208328860697e-15,8.743006318923108e-16,0.04634948420978969,-0.10559006211180126,False,458203.8979062962
2022-05-27,-2.954539189306151e-05,0.00015519352314418203,0.00017130395119485886,1.3434963842384678e-05,80081.60034793752,0.47938456045921846,0.6319951258605547,-1.3877787807814457e-17,-3.122502256758253e-17,1.3877787807814457e-17,0.09772975139953177,0.025409373235460195,False,393432.498294584
2022-05-31,-0.00014609776473723535,0.00013370887165136742,0.00017591702665810063,0.00010388960973050214,80069.9006051301,0.48911822571217056,0.4821309728783457,1.7694179454963432e-16,1.8735013540549517e-16,6.245004513516506e-17,0.08939667239135106,0.08413325804630155,False,415432.85018504306
2022-06-01,-0.00017664182340190341,1.8041459650508816e-05,0.00017486968142727474,1.9813601625137483e-05,80055.7569118876,0.4890830381345796,0.3068084662694347,5.9396931817445875e-15,5.443562267615221e-15,1.0269562977782698e-15,0.030833757090111186,0.07284020327498589,False,432058.9100509611
2022-06-02,-0.00018190909011394068,6.150266760735477e-06,0.00017545078976771334,1.2608567106962826e-05,80041.19404198938,0.49018002141592654,0.43858594434331516,8.396061623727746e-16,8.118505867571457e-16,2.237793284010081e-16,0.047047390702080416,0.0852625635234331,False,326580.9346796128
2022-06-03,-5.35177839122617e-05,0.00013935348587012245,0.00017484718987786438,1.8024079904519764e-05,80036.91041466256,0.4892356438760416,0.2657567475174153,7.707376403764954e-15,6.8660355179162025e-15,1.1830814106161824e-15,0.031571150002013396,0.007340485601355168,False,416403.7078428921
2022-06-06,-0.0002109590634474935,-4.7608549787504004e-06,0.00017343367795289832,3.2764530515844776e-05,80020.02590300025,0.4871155064329257,0.5840972604864277,6.935424456955275e-15,5.773159728050814e-15,1.321859288694327e-15,0.057866549355839424,0.05702992659514399,False,998261.4027402244
2022-06-07,-1.5498295380488877e-05,0.00018183721784411456,0.00017333151621831217,2.400399700629127e-05,80018.78572900245,0.4858976392457123,0.46947448070154796,3.9898639947466563e-17,1.3877787807814457e-17,2.6020852139652106e-17,0.05833534535336825,0.05590062111801244,False,769268.3698137706
2022-06-08,-0.00024780892861994594,-5.1620754020169914e-05,0.00017689470279012338,1.9293471809652656e-05,79998.95635944148,0.49641455042958843,0.2386278960287847,9.194034422677078e-16,8.708311849403572e-16,1.734723475976807e-16,0.02593627905568223,0.21400338791643145,False,516976.92276067386
2022-06-09,-0.00014405151946429132,3.89347110413535e-05,0.00017317960464144821,9.806625864196595e-06,79987.43238822234,0.4840350434989118,0.4162195441928175,-8.604228440844963e-16,-7.788908407135864e-16,3.556860752110258e-16,0.042843306894543735,0.017504234895539244,False,409872.73462524766
2022-06-10,-0.00011746189028269413,7.740269212439872e-05,0.00017775966963204552,1.7104912775047326e-05,79978.03691321515,0.49591099545218187,0.6640075150225796,7.077671781985373e-15,5.537237335317968e-15,2.348815586472597e-15,0.06675827348561654,0.05251270468661773,False,259786.72455286153
2022-06-13,-0.0004297852082196587,-0.000170514462904042,0.00017740680510735436,8.186394020826236e-05,79943.66353596741,0.4957423710489348,0.4483958914428707,2.116189168344107e-14,1.913053049307223e-14,2.9004576518332215e-15,0.04128360601806492,-0.06493506493506496,False,323519.41029438796
2022-06-14,-0.0003867011483762975,-0.00019329817935752168,0.00017497574060331626,1.842722841545957e-05,79912.74922947265,0.4914404576445144,0.5293622031227061,-1.27675647831893e-15,-1.0547118733938987e-15,3.8163916471489756e-16,0.06766034204295088,0.08074534161490683,False,612070.9206403723
2022-06-15,-0.00012712428099137174,7.105039291640004e-05,0.00017642006282053723,2.1754611087234544e-05,79902.5903786848,0.4938433851697639,0.7435292120420656,-2.2898349882893854e-16,-3.0531133177191805e-16,1.986258379993444e-16,0.08510825796485791,-0.08977978543195936,False,670128.1803070467
2022-06-16,-0.0003638828533085429,-0.00015979284440975427,0.0001735340138833613,3.055599501542736e-05,79873.51519611107,0.4859615608400017,0.3931178627320034,3.400058012914542e-16,2.42861286636753e-16,1.4224732503009818e-16,0.05051015490289713,-0.018633540372670808,False,677785.8882233333
2022-06-17,-0.00017776796188165414,1.658261180361673e-05,0.00017819504507984608,1.6155528605424786e-05,79859.31624410633,0.49881711029011316,0.5225106391804862,1.1917550279960665e-15,7.771561172376096e-16,4.683753385137379e-16,0.07222248109274376,-0.17899491812535295,False,473373.22142435773
2022-06-21,-0.000446288913538815,-0.00018316079204012525,0.00017723596163340453,8.589215986528522e-05,79823.6759166238,0.49673864309321436,0.3803724799271712,4.597017211338539e-15,4.0592529337857286e-15,1.6653345369377348e-15,0.06092401593970153,-0.0220214568040655,False,682217.7686229951
2022-06-22,-0.00020790655688429576,-1.5086519606186876e-05,0.00017718829152767738,1.5631745750431504e-05,79807.08005100614,0.4963903892912155,0.5561191514592095,-9.575673587391975e-16,-1.339206523454095e-15,1.9888604652074093e-15,0.059173247294115904,-0.010728402032749858,False,597256.5659491088
2022-06-23,-0.0002707621370812446,-7.630786348178668e-05,0.00017160006189565472,2.2854211703803165e-05,79785.47131545731,0.47855772493075793,0.3838706210728839,3.011479954295737e-15,2.9178048865929895e-15,8.5280632382278565e-16,0.04476332781965478,-0.03896103896103897,False,386636.3571622841
2022-06-24,-1.8820308934770147e-05,0.00017376546718260856,0.00017681027114178086,1.5775504975597847e-05,79783.96972823865,0.4962480788261983,0.5954485841533845,8.746475765875061e-15,1.0172418463127997e-14,2.815456201510358e-15,0.08800457629658029,-0.009599096555618296,False,956964.443117073
2022-06-27,-5.431347867194523e-05,0.0001967582527147514,0.00017766026210751332,7.34114692791833e-05,79779.63638330046,0.4960838160608247,0.34694543403706657,-1.0200174038743626e-14,-8.493206138382448e-15,1.7008963681952594e-15,0.040576775195962395,0.005081874647092039,False,713031.1294233961
2022-06-28,-6.70082188183941e-05,0.00011852107964087019,0.00017127126692349402,1.4258031535770275e-05,79774.29049196844,0.4791209578910717,0.29444526792240694,1.5092094240998222e-15,1.061650767297806e-15,5.707240235963695e-16,0.04660388670207639,0.08865047995482779,False,623417.5190205785
2022-06-29,-0.00015732429325323094,3.0085901582665283e-05,0.00017530970437333162,1.2100490462564608e-05,79761.74005809701,0.4882939855540087,0.42356337101665326,-2.1371793224034263e-15,-1.6237011735142914e-15,9.003214840319629e-16,0.03411174470390996,0.03896103896103897,False,555525.6758261613
2022-06-30,-6.974141370480217e-05,0.00012028543946615696,0.00017262013929356235,1.7406713877396794e-05,79756.17736158581,0.48363034152181195,0.2711518863652703,-2.5830032557294658e-15,-3.0461744238152733e-15,9.827208491408612e-16,0.0406735458422334,0.023150762281197064,False,675092.9524534306
2022-07-01,-0.0001762025854623233,8.89186652329594e-06,0.0001739512237788272,1.1143228206792035e-05,79742.1241169281,0.48704442432316075,0.4289418672184422,5.620504062164855e-16,4.675079767757495e-16,1.2576745200831851e-16,0.038336001941539535,0.1225296442687747,False,827344.6667776454
2022-07-05,-0.00020233529288203193,4.594850054205816e-05,0.00017777280155256546,7.051099187152465e-05,79725.98947088986,0.4964483321175486,0.2695946655960705,2.719179048593645e-16,3.2612801348363973e-16,1.5352302762394743e-16,0.03908845495070901,0.033314511575381144,False,478442.10547261854
2022-07-06,-0.0002330300112275736,-4.327019858014527e-05,0.0001786805798147131,1.1079232832715212e-05,79707.41092266834,0.4990210980412138,0.5098328531150459,1.43982048506075e-16,-1.3183898417423734e-16,7.494005416219807e-16,0.0583997170145344,-0.07284020327498589,False,516179.93386440945
2022-07-07,-6.323272480652806e-05,0.00013318980278250624,0.00017547049252951188,2.095203505952243e-05,79702.37080588842,0.49219937631308724,0.4222468526288447,-1.7128659601794993e-14,-1.8055001937966608e-14,4.745336068534556e-15,0.03916339345299638,-0.03896103896103897,False,1485490.9830794306
2022-07-08,-0.00025458060066536463,-5.851132990739938e-05,0.00017871666037595725,1.735261038200802e-05,79682.0801284542,0.49400852556064745,0.41657315868018435,5.373739647707154e-15,2.4702462297909733e-15,3.591744957009979e-15,0.067707844756734,0.18012422360248448,False,259471.0107253385
2022-07-11,-9.661537009238077e-05,0.00012983493806274944,0.00017509197352332732,5.135833463180289e-05,79674.38161479284,0.48841252440758093,0.5314843865070129,3.073929999430902e-15,2.8033131371785203e-15,4.544975507059235e-16,0.06850758880470405,0.0016939582156973462,False,478286.5886350386
2022-07-12,-0.00011202249480129384,8.486928815857306e-05,0.0001750499588568391,2.1841824103027796e-05,79665.45629179261,0.48989835972540896,0.35693277071748747,-9.572204140440022e-15,-9.42648736845797e-15,1.889113865338743e-15,0.03325638476735557,0.1485036702428007,False,1028735.5805382114
2022-07-13,-0.00014566900210193567,4.206508543946614e-05,0.00017306561751191562,1.4668470029486177e-05,79653.85150427259,0.4833706073265309,0.2863883803525824,1.3912482277333993e-15,2.248201624865942e-15,1.384309333829492e-15,0.03800986888932403,-0.03557312252964427,False,588128.8437865637
2022-07-14,-0.0002597504186979471,-6.936332561280912e-05,0.00017861770759119625,1.1769385493941685e-05,79633.16138299345,0.4971326233408611,0.5638052225032092,3.5735303605122226e-16,-1.249000902703301e-16,6.175615574477433e-16,0.08749116725581176,0.02089215132693394,False,516992.50082674646
2022-07-15,-0.0002052006017695913,-6.989006706431848e-06,0.00017504151742604127,2.317007763711817e-05,79616.82061035685,0.4895729189643411,0.4663320880943435,-4.673345044281518e-15,-3.969047313034935e-15,1.1657341758564144e-15,0.09495405484426242,0.008469791078486732,False,1086658.839173699
2022-07-18,-0.00026856454393885744,-3.942992930924157e-05,0.000171641617467299,5.749299716231688e-05,79595.43835523976,0.4799121894396158,0.4977964365507495,-3.72184921770824e-15,-4.163336342344337e-15,1.4610708476414658e-15,0.055855601127189486,0.03557312252964427,False,586677.6250486636
2022-07-19,-0.00019313994705158418,5.512532338927521e-06,0.00017819509158705608,2.0457387803455616e-05,79580.06529649028,0.4967013764828895,0.6578121819209919,4.468647674116255e-15,4.440892098500626e-15,1.168227840853131e-15,0.07035050767913358,-0.015245623941276118,False,342465.13491324993
2022-07-20,-0.00022553945245442383,-2.16994226779106e-05,0.00017680665243729457,2.7033377339218655e-05,79562.11685213703,0.4905063909505679,0.495171135691209,-8.049116928532385e-16,-1.3877787807814457e-16,1.0633854907737827e-15,0.050496819877496234,-0.0220214568040655,False,388369.68929789047
2022-07-21,-0.00012555660484075276,6.816301183641891e-05,0.00017337011795013564,2.0349498727036022e-05,79552.12730287113,0.4853056266366285,0.437968520951741,-7.632783294297951e-16,-2.6315755130568164e-15,2.67841304690819e-15,0.05062153064038294,0.17673630717108982,False,603443.2937753786
2022-07-22,-0.00017315004976773063,2.2779075361693997e-05,0.00017793041878894208,1.799870634048254e-05,79538.35284806951,0.49892102300081664,0.3652470682504519,-1.4883927423881005e-14,-1.426636586643326e-14,2.4433580159133328e-15,0.04184555594225834,0.02428006775832863,False,982376.7045462313
2022-07-25,-0.00016328822968269283,6.016988542081269e-05,0.00017842765463426988,4.5030460469235625e-05,79525.36517124106,0.49895575304737333,0.6385936621659745,-2.9129476608602545e-14,-2.453592884421596e-14,7.0360384185619296e-15,0.06834329310618596,0.032185206098249576,False,883596.2643901757
2022-07-26,-0.00014386961630823324,5.83706187425087e-05,0.00017599665989323493,2.6243575157506995e-05,79513.92388746711,0.48989681306296756,0.4764765740468028,-1.9845236565174673e-15,-1.908195823574488e-15,2.949029909160572e-16,0.054753256448609455,-0.02766798418972332,False,475725.6203240645
2022-07-27,-0.0002490097979691423,-5.411996431884292e-05,0.0001753086045798827,1.9581229070416635e-05,79494.12414134416,0.48924245482362816,0.32920303418929714,2.03743272253476e-15,1.4190038033490282e-15,5.204170427930421e-16,0.04596704459829205,0.02766798418972332,False,494568.8162492247
2022-07-28,-7.573214044668304e-05,0.00011449069151342119,0.0001766939401441058,1.3528891815998425e-05,79488.10388117,0.49367048599659524,0.6464886568715514,-5.349887199912473e-15,-4.579669976578771e-15,7.424616477180734e-16,0.05797585996769997,0.02428006775832863,False,366667.4263693319
2022-07-29,-3.746686760982436e-05,0.00016712876538746953,0.00017802760600257238,2.656802699472151e-05,79485.12571090533,0.49631249642046676,0.48784833120409193,8.337081025544535e-15,8.354428260304303e-15,2.1547433975976915e-15,0.06120868091624868,-0.008469791078486732,False,526846.7484438928
2022-08-01,-0.00031076976628006275,-7.25696267843247e-05,0.00017805445482674148,6.01456846689966e-05,79460.4241369654,0.49724654573753424,0.5102711053062693,1.556046957951196e-15,2.3869795029440866e-15,2.0469737016526324e-15,0.0875676069474027,0.16883116883116886,False,422760.8770432942
2022-08-02,-0.00013615520810450574,6.264870123603436e-05,0.00017783386391699484,2.0970045423545243e-05,79449.60518638097,0.4953003701940598,0.7208475135258665,1.0113437864944785e-15,7.771561172376096e-16,1.6653345369377348e-16,0.09804433046224119,0.02089215132693394,False,270917.5389394212
2022-08-03,-7.057015760458422e-05,0.00012776922895438964,0.0001687155161401027,2.962387041887118e-05,79443.99841522134,0.4724023389777043,0.468020666945806,5.842548667089886e-15,6.13398221105399e-15,1.6865848995184507e-15,0.06143480344114376,-0.02992659514398645,False,684280.5293379842
2022-08-04,-0.0001460064073199894,4.643675756802178e-05,0.0001732094388491427,1.9233726038868505e-05,79432.3990824296,0.48335029644260236,0.32528121731885384,-7.119305145408816e-15,-6.576336697428076e-15,1.294103713078698e-15,0.039983115957927584,-0.012987012987012988,False,274946.59123152826
2022-08-05,-0.00035475081204566615,-0.0001676002970927579,0.000173782793693229,1.3367721259679215e-05,79404.22037435239,0.4857052643598056,0.5110020482067685,1.0678957718113224e-14,9.825473767932635e-15,2.209387187090961e-15,0.06364972690247794,0.09881422924901187,False,514016.3053529179
2022-08-08,-0.00015858674139957986,8.284608720437924e-05,0.00017843257608531776,6.300025251864136e-05,79391.62791778984,0.49576924075964013,0.6550707485809435,-4.163336342344337e-16,-7.563394355258879e-16,9.679756995950584e-16,0.0790653432629717,0.07961603613777528,False,323179.51937554916
2022-08-09,-9.816165324806375e-05,0.0001062280384127253,0.00017746897596568177,2.6920715695107284e-05,79383.83470433937,0.4955505792276521,0.589943622675175,1.1008555178548818e-14,1.0332013022917863e-14,2.768618667658984e-15,0.09472695155665957,-0.07396950875211745,False,474623.90221885237
2022-08-10,-0.00020374247728273046,-4.110770097982819e-06,0.000175387448718645,2.4244258466102627e-05,79367.6608452005,0.49147928240468364,0.22197632917091023,5.113964807179627e-15,5.463511587588954e-15,1.2782743613604097e-15,0.025632767881745143,0.017504234895539244,False,737551.9405551995
2022-08-11,-0.00023612560110682678,-5.1238290519085764e-05,0.00017576499569030656,9.122314897434458e-06,79348.92010857498,0.48984814867707427,0.49123266159443685,1.7832957333041577e-15,1.5404344466674047e-15,5.134781488891349e-16,0.06405421914256582,-0.028797289666854884,False,430767.36023292714
2022-08-12,-0.00015350716386105007,4.294049433007036e-05,0.00017626001456395187,2.0187643627168562e-05,79336.73948089368,0.4861610889186448,0.30128607553592773,4.413136522884997e-15,4.427014310692812e-15,1.2333883914195098e-15,0.049368517259857705,0.005081874647092039,False,237219.47162768786
2022-08-15,-0.00021306241606850544,1.2132862578378447e-06,0.00017713084369862673,3.7144858627716563e-05,79319.83580349688,0.4948237589152206,0.5347791779933199,1.2490009027033011e-15,1.970645868709653e-15,1.7696347859308403e-15,0.0726658022606523,-0.04573687182382835,False,554452.0113793631
2022-08-16,-0.00045949172329281753,-0.00026264837716423163,0.00017486611963570982,2.197722649287611e-05,79283.38899545223,0.4910175140528992,0.3962609071196777,-4.014150123410332e-15,-3.6914915568786455e-15,7.355227538141662e-16,0.05477214809669005,0.040090344438170535,False,810538.1088618595
2022-08-17,-0.00019294463436784419,-2.5033174310692307e-05,0.00015162676524401426,1.6284694813137603e-05,79268.09169095106,0.4246273850434519,0.4615716892747584,-2.041769531224702e-15,-1.942890293094024e-15,4.2760933682828295e-16,0.09910712068819644,-0.06041784302653869,False,583907.4079002565
2022-08-18,-0.0002485638903722925,-5.5756884368330086e-05,0.00017383830644472566,1.896869955923673e-05,79248.38850569796,0.4860523964623908,0.6897463813328862,-1.061650767297806e-14,-1.0606099332122199e-14,1.8735013540549517e-15,0.09434777910212128,-0.10897797854319595,False,508575.25955185527
2022-08-19,-0.00030710251267380604,-0.00010388834161467145,0.00017486842936052238,2.8345741698612186e-05,79224.05112646251,0.48689321575234457,0.730944075919674,5.898059818321144e-16,5.93275428784068e-16,2.1684043449710089e-16,0.06982838790235286,0.015245623941276118,False,283418.0806421899
2022-08-22,-0.00024713834530056943,1.8712360381626064e-05,0.0001757343127605919,9.011639292160357e-05,79204.47182555911,0.4895350961940333,0.8336729365324722,-1.6465995233971853e-14,-1.5237811012980274e-14,3.1155633628543455e-15,0.06024113795716565,-0.04686617730095992,False,425864.231761472
2022-08-23,1.0816955894464128e-05,0.00021707966483747887,0.0001720021773046933,3.426053163832145e-05,79205.3285768375,0.4816582315429746,0.5641577053255337,-2.536165721878092e-15,-2.192690473634684e-15,7.042977312465837e-16,0.057144296871306635,-0.040090344438170535,False,674493.2302463001
2022-08-24,-0.0002449636944501627,-4.78374263632497e-05,0.00017394170485435673,2.318456323255628e-05,79185.92614692918,0.48775812074148023,0.4412648277813666,1.7139067942650854e-15,1.7277845820728999e-15,4.805184028455756e-16,0.054255845912643826,0.09542631281761718,False,924134.835996688
2022-08-25,-0.00012652273417419746,6.74241146096503e-05,0.00017581267777913413,1.813417100471362e-05,79175.90732704496,0.49277169726523845,0.5120216887261761,7.81232717406155e-15,9.395262345890387e-15,2.9524993561125257e-15,0.08738828308997738,-0.028797289666854884,False,408089.9870206129
2022-08-26,6.179903746649812e-06,0.0002018620710254465,0.00017464018007087197,2.1041987207924726e-05,79176.3966265313,0.4886809768023933,0.3359995753601483,-4.7704895589362195e-17,0.0,7.632783294297951e-17,0.03747313132662071,-0.051383399209486175,False,638195.867460594
2022-08-29,-0.00024730367901764266,-3.0489183685195064e-05,0.00017538989015105947,4.142460518138815e-05,79156.8160123542,0.49133107203350046,0.4176934821566139,8.527900607901984e-15,8.701372955499664e-15,3.411333715508391e-15,0.0888207347771474,-0.04912478825522304,False,337612.62066159444
2022-08-30,-0.0002817393230332742,-8.721940494962046e-05,0.00017735443251557407,1.716548556807967e-05,79134.51442459741,0.49625560675344316,0.5025934568872837,-2.7131075164277263e-15,-2.7408630920433552e-15,7.389922007661198e-16,0.04863347566540165,0.09316770186335405,False,514810.2543241316
2022-08-31,-0.00014014914620160811,5.3056192039259564e-05,0.00017255081261536274,2.0654525625504923e-05,79123.42378996572,0.4806112894248813,0.44764046300667826,-6.938893903907228e-18,3.469446951953614e-18,1.3183898417423734e-16,0.04586365117630578,-0.033314511575381144,False,295212.6678563384
2022-09-01,-0.00019881723019144994,-2.289708778398296e-06,0.00017813133800181829,1.8396183411233353e-05,79107.69269000454,0.4983121861257668,0.30010435253306195,1.3114509478384662e-15,7.563394355258879e-16,9.124645483638005e-16,0.05286519250407478,0.025409373235460195,False,287053.59378175286
2022-09-02,-8.508031930906575e-06,0.0001766654198980102,0.00017284039624536633,1.2333055583550436e-05,79107.01963922915,0.4828239655755775,0.583971235067431,-2.6374735728751375e-14,-2.606248550307555e-14,5.93275428784068e-15,0.05714711081380074,-0.03896103896103897,False,681422.2485226517
2022-09-06,-0.0003391411627038722,-6.954227178745335e-05,0.00017360361939848065,9.599527151793818e-05,79080.19119261067,0.4856078554599798,0.22666013070512092,2.256875242245826e-15,1.9637069748057456e-15,4.0245584642661925e-16,0.01846549394708415,0.059288537549407126,False,381542.8451437011
2022-09-07,-0.00013005998547176265,1.9744370626074243e-05,0.00014048955620584572,9.314799891991177e-06,79069.90602409306,0.3925655678496385,0.39815557903052196,5.159067617555024e-15,5.002942504717112e-15,1.5233040523421337e-15,0.09830819735921126,0.007340485601355168,False,269833.7978835006
2022-09-08,-0.00020870201540677978,-1.4207502659612738e-05,0.00017813195470481704,1.6362558042350007e-05,79053.4039753478,0.4976031724782124,0.3300477277966526,8.187894806610529e-16,-3.122502256758253e-16,1.730386667286865e-15,0.028360862419629828,-0.10671936758893281,False,237522.79199649367
2022-09-09,-0.00015716592706987152,3.4524462006930404e-05,0.0001781267838248847,1.3563605251917197e-05,79040.97947382399,0.4969436262598938,0.4868964084113274,8.347489366400396e-15,7.28583859910259e-15,1.4970663597679845e-15,0.0583504938446534,0.018633540372670808,False,352956.37720981066
2022-09-12,-0.00026882098616570527,-3.175856539264536e-05,0.00017703409644837672,6.002832432468318e-05,79019.73159977433,0.49521942359632193,0.28471223155687425,-6.557254739192331e-16,-5.204170427930421e-16,5.707240235963695e-16,0.03579526698075621,-0.05477131564088086,False,271185.91958715627
2022-09-13,-0.0002565785710519201,-7.321596214333544e-05,0.00017166210624186375,1.1700502666720886e-05,78999.45682995555,0.48190664530791133,0.5213063655669575,2.733924198139448e-15,2.7200464103316335e-15,7.077671781985373e-16,0.06498341469377844,-0.019762845849802372,False,517122.9591758878
2022-09-14,-0.0003177088163978779,-0.00012437660263861072,0.0001719086644893923,2.1423549269874854e-05,78974.35800603003,0.48212622883299017,0.4933246250450811,-1.5334955527634975e-15,2.914335439641036e-16,1.9637069748057456e-15,0.0532750819566617,0.03444381705251271,False,408083.38058075274
2022-09-15,-0.00018754444230244463,7.021614726422502e-06,0.00017429244230098703,2.027361472788011e-05,78959.5468041016,0.48763830378821704,0.48365606108328685,-1.6410484082740595e-15,-1.457167719820518e-15,2.636779683484747e-16,0.05255822630466869,0.040090344438170535,False,299049.9486707166
2022-09-16,-0.0002837946726587184,-8.489201157227297e-05,0.00017902638460357058,1.9876276482874868e-05,78937.13850536305,0.4999987357986792,0.35163635090428225,-3.7988275719547104e-15,-3.95516952522712e-15,1.263746052249104e-15,0.07301217339125776,-0.044607566346696784,False,356208.8219761441
2022-09-19,-0.00023442875063894365,-1.5002361557015335e-05,0.00017607396225811223,4.335242682381609e-05,78918.63337060422,0.490343299237319,0.7329053503980337,-6.016021014687567e-15,-3.524958103184872e-15,6.50868248186498e-15,0.07818671847324701,0.017504234895539244,False,308245.1439586352
2022-09-20,-0.00048780509124343485,-0.000285127149145738,0.00017255854413613354,3.0119397961563274e-05,78880.13645945206,0.483672120146464,0.5653652587280599,-1.1934897514720433e-15,-1.0269562977782698e-15,2.3592239273284576e-16,0.06499495905011808,0.017504234895539244,False,352604.8681800664
2022-09-21,-0.00010679444477948765,8.871377587733246e-05,0.0001722740319419683,2.3234188714851822e-05,78871.71249907474,0.4816169898765446,0.5313400675934506,9.159339953157541e-16,9.159339953157541e-16,2.0990154059319366e-16,0.05806132466521135,-0.008469791078486732,False,388858.39357794705
2022-09-22,-0.0003220419148070982,-0.00012213260851558504,0.00017807341310274125,2.1835893188771907e-05,78846.31250175742,0.49814667307142296,0.16883067996734027,1.5213524884316598e-15,1.5699247457590104e-15,3.5214886562329184e-16,0.021483398084683823,-0.0220214568040655,False,289693.6390163759
2022-09-23,-0.00014487351084805614,3.378983814138572e-05,0.00017172510186749644,6.9382471219454294e-06,78834.88975964786,0.48176370008144553,0.47116040368670153,-4.517219931443606e-15,-2.3037127760972e-15,2.200930410145574e-15,0.05148224107853975,0.011857707509881424,False,508489.74759470933
2022-09-26,-0.00036932252966265954,-0.00013362443375135227,0.0001776098269636312,5.808826894767608e-05,78805.77425873614,0.4978367996677313,0.3635950682872809,2.42861286636753e-16,3.608224830031759e-16,2.5934115965853266e-16,0.0685978598786704,-0.051383399209486175,False,362494.4300178165
2022-09-27,-0.000288859528972724,-9.712023553735833e-05,0.0001767970303550665,1.4942263080299206e-05,78783.01045990344,0.49478512628242316,0.34742366000574215,-2.636779683484747e-16,-2.498001805406602e-16,7.19910242530375e-17,0.062426329550532254,0.010728402032749858,False,207465.77022265946
2022-09-28,-0.0001590005362641195,3.098879057448871e-05,0.00017571164218083796,1.4277684657770239e-05,78770.48391899181,0.49166385623829906,0.3426962538816856,6.626643678231403e-16,4.718447854656915e-16,3.9562537273996057e-16,0.05834670789975085,0.016374929418407683,False,227770.69693651493
2022-09-29,-0.00018464041121520018,6.705261535348985e-06,0.0001772622650567813,1.4083407693767876e-05,78755.93970444938,0.4968972789049892,0.29402908161928576,1.033895191682177e-15,9.471590178833367e-16,1.1102230246251565e-15,0.03394584979861055,-0.1202710333145116,False,288207.0866416038
2022-09-30,-0.0002663704512718998,-7.727524642489646e-05,0.00017701181793114233,1.2083386915861019e-05,78734.96144924997,0.4943562257236012,0.5256665729969014,-1.1379786002407855e-15,-1.1206313654810174e-15,4.440892098500626e-16,0.06241285706809174,0.040090344438170535,False,235244.35518061832
2022-10-03,-0.00024759863741983395,-7.391396826907825e-06,0.000175399032963171,6.48082076297551e-05,78715.46678007783,0.49122699720184454,0.42499692617556606,-5.175547490576804e-15,-4.714978407704962e-15,1.6861512186494565e-15,0.048963393063973355,-0.1225296442687747,False,323559.55048607936
2022-10-04,-0.0003599315891067044,-0.00016913391149673255,0.00017333205050686624,1.7465627103105666e-05,78687.13459703239,0.4823077808020602,0.44035238754589284,-1.2533377113932431e-15,-1.9567680809018384e-15,1.0972125985553305e-15,0.04355314107302213,-0.023150762281197064,False,314236.3600329806
2022-10-05,-0.0003112911491678597,-0.00012050226068846461,0.00017269221501860492,1.8096673460790164e-05,78662.63998847896,0.48175941335917627,0.5248253969239887,1.8943180357666733e-15,1.8041124150158794e-15,6.106226635438361e-16,0.04975954152347576,-0.04686617730095992,False,367112.73412173364
2022-10-06,-0.00047429413356028165,-0.00028055356477764437,0.00017217240178576113,2.1568166996876164e-05,78625.33075980206,0.48117084100102075,0.2454198975387254,2.2724877535296173e-16,2.6020852139652106e-16,1.6788870640938036e-16,0.027057818412296108,-0.026538678712591763,False,417016.316318303
2022-10-07,-0.00021058386758646073,-2.1836441022350582e-05,0.00017866167735018992,1.008574921392021e-05,78608.7735335604,0.4993679181885217,0.3634927852515172,9.8879238130678e-17,-9.298117831235686e-16,1.908195823574488e-15,0.08271624483073724,-0.02089215132693394,False,721144.9478515949
2022-10-10,-0.0003781726999842055,-0.00016210369721818922,0.00017125482376240456,4.48141790036117e-05,78579.04584143076,0.4801249191868067,0.3412774528572229,-1.294103713078698e-15,-1.2073675392798577e-15,3.9898639947466563e-16,0.04614552668137953,-0.03444381705251271,False,412413.25716183364
2022-10-11,-0.00027919991675553975,-8.926306994350497e-05,0.0001759117460096831,1.4025100802351677e-05,78557.1065783731,0.49170318830018345,0.6057863408833147,5.447031714567174e-16,5.134781488891349e-16,8.066464163292153e-17,0.0793628728549835,-0.0220214568040655,False,420232.78208370466
2022-10-12,-0.00033185743998955756,-0.00012833928647262047,0.00017862282443954064,2.4895329077396475e-05,78531.03681809102,0.49884954596495473,0.6343920124855533,-3.406996906818449e-15,-3.802513859341161e-15,1.4242079737769586e-15,0.09639945681637535,0.0694522868435912,False,360883.37463380204
2022-10-13,-0.0002485068879527872,-4.6724425864977474e-05,0.0001757115574651156,2.6070904622694115e-05,78511.52131452365,0.49016270391194644,0.3920371621479455,3.0531133177191805e-16,2.914335439641036e-16,9.540979117872439e-17,0.08125845168370409,-0.11575381140598533,False,231537.2896929826
2022-10-14,-0.00035564933443805135,-0.00016480663497869374,0.00017473158320670232,1.6111116252655284e-05,78483.59874422241,0.48786126905836824,0.4028530325691614,-1.4731271757995046e-14,-1.2170819907453279e-14,2.824129818890242e-15,0.0368329835177076,0.09768492377188029,False,536087.4162451208
2022-10-17,-5.6565105862126815e-06,0.00021807384643856773,0.00017406354479022445,4.9666812234555956e-05,78483.15480091528,0.4865910915867275,0.5347082716780387,-8.222589276130066e-16,-8.951173136040325e-16,4.3368086899420177e-16,0.05482295463654406,-0.042348955392433656,False,457163.6716218931
2022-10-18,-0.00020467264348674903,-5.913478767660061e-06,0.00017678485218437502,2.1974312534713953e-05,78467.09144615299,0.4922718887687442,0.27670120972040607,6.817463260588852e-15,6.661338147750939e-15,1.3357370765021415e-15,0.02849458964350683,0.06832298136645965,False,386954.86528013815
2022-10-19,-7.2331263730715e-05,0.00011552209709950408,0.0001764820782389698,1.1371282591249285e-05,78461.41582226742,0.49383578458071314,0.4848090621636179,-4.139050213680662e-15,-4.586608870482678e-15,2.3141211169530607e-15,0.06169578639636895,-0.02992659514398645,False,736681.7915716182
2022-10-20,-0.0002358031500000465,-3.9591696679300296e-05,0.00017628779323183022,1.992366008891597e-05,78442.91437326306,0.48840983454489095,0.6378801844558429,-1.2198575483068907e-14,-1.1046719095020308e-14,3.5041414214731503e-15,0.07098767610237526,-0.06832298136645965,False,239216.38796515123
2022-10-21,-0.00018102162172305402,2.336561748000676e-05,0.0001781729850473407,2.6214254155720073e-05,78428.71450969053,0.4966070508805645,0.33613105656179454,-2.42861286636753e-17,-1.4224732503009818e-16,1.8561541192951836e-16,0.03075912736000236,-0.11123658949745907,False,346827.49958454433
2022-10-24,-0.0003011604509964262,-8.294228160096563e-05,0.00017677735420291055,4.144081519255001e-05,78405.09488265772,0.4922757469258208,0.7372772042127624,4.40619762898109e-15,3.2404634531246757e-15,2.418204525511669e-15,0.06670593930925564,0.03444381705251271,False,336617.01472685556
2022-10-25,-2.0340955606104794e-05,0.0001864031060699854,0.00017644499848926452,3.029906318682567e-05,78403.50004810342,0.4910904824791068,0.5285466262089198,1.6878859421254333e-14,1.5050460877574778e-14,2.869232629265639e-15,0.07418353167251884,0.05815923207227556,False,309784.9563240309
2022-10-26,-5.618708452759183e-05,0.00013850092153995508,0.00017296691183978378,2.1721094227763132e-05,78399.09478401896,0.48095186977832366,0.2583049853566258,1.1050188541972261e-15,1.4502288259166107e-15,9.749145934989656e-16,0.04172314334956675,0.033314511575381144,False,247301.8965683685
2022-10-27,-4.9428456361539435e-05,0.0001397862809441884,0.00017859946393490765,1.0615273370820192e-05,78395.21963778364,0.4966792185522193,0.4887618862615635,2.3625199019328136e-14,2.2488955142563327e-14,3.842412499288628e-15,0.04916634386410958,0.06606437041219651,False,408486.2862321075
2022-10-28,-0.00018235925086724963,1.4378436364274579e-05,0.0001766515823166664,2.0086104914857808e-05,78380.92354425891,0.4894907307772073,0.3552535720204138,-1.915134717478395e-15,-1.8596235662471372e-15,6.210310043996969e-16,0.08312901213171923,-0.017504234895539244,False,257248.60832647028
2022-10-31,-0.000566802195895751,-0.0003460061975141238,0.00017699761279006918,4.379838559155809e-05,78336.4970646777,0.4950271105849906,0.5401807661121628,-6.751543768501733e-15,-6.786238238021269e-15,1.366962099069724e-15,0.05768493546646109,0.0694522868435912,False,570024.314623846
2022-11-01,-4.0429694035954896e-05,0.00015660521563148032,0.00017483570010118167,2.219920956625354e-05,78333.32994406953,0.4884138485628735,0.42432845493740134,-4.579669976578771e-15,-3.8719027983802334e-15,1.0755285551056204e-15,0.08378552149364768,0.0028232636928289105,False,322374.2452625184
2022-11-02,-6.941189592452787e-05,0.00012776280076240128,0.00017973654100457,1.743815568235915e-05,78327.89267912402,0.49723529089851287,0.41089646547577935,7.91033905045424e-16,7.632783294297951e-16,9.020562075079397e-16,0.03990952612950165,0.06719367588932806,False,265917.2419578732
2022-11-03,-3.565552025558273e-05,0.0001586200101381452,0.00017738937427828498,1.6886156115442955e-05,78325.09985736002,0.4941359123374397,0.30509035741152046,8.500145032286355e-16,8.673617379884035e-16,3.4180828740321134e-16,0.04062193407562867,-0.10671936758893281,False,345297.7897664033
2022-11-04,-0.00023157121713924446,-4.072976572161586e-05,0.00017830349152400448,1.2537959893624098e-05,78306.9620186535,0.49577594617427556,0.6250617458207329,4.093947403305265e-15,4.003741782554471e-15,1.791644090032296e-15,0.06292189737635573,-0.008469791078486732,False,334339.23335819785
2022-11-07,-0.00022782363625445352,2.591689374811996e-05,0.0001766781229835795,7.706240701899396e-05,78289.12184182237,0.49091712772953966,0.5010829273345861,-7.598088824778415e-15,-7.854827899222983e-15,1.85268467234323e-15,0.06556202395508542,-0.059288537549407126,False,286258.66425696446
2022-11-08,-0.00017125067418071501,2.3053588911938784e-05,0.00017371181402410887,2.0592449068544942e-05,78275.71477692595,0.48397121746772764,0.6790653653383814,-1.0408340855860843e-15,-1.2559397966072083e-15,3.8163916471489756e-16,0.07250643975405548,-0.0694522868435912,False,259133.83680295345
2022-11-09,-0.000589946061565416,-0.0003889231105663868,0.00017311615516320527,2.790679583582393e-05,78229.53632727708,0.4830135265282193,0.6289685922995132,-2.998989945268704e-14,-2.851885394505871e-14,4.244868345715247e-15,0.059201967795085075,0.04347826086956522,False,402042.44912158017
2022-11-10,-0.0004017108556523218,-0.00020148313575718926,0.00017437969555405547,2.5848024341077115e-05,78198.11067330177,0.4863928285515921,0.39763874734333127,-1.8041124150158794e-16,-1.1102230246251565e-16,3.2959746043559335e-16,0.06430573253690398,-0.008469791078486732,False,495565.89610147645
2022-11-11,-0.00010562982540101071,8.821996419011691e-05,0.0001775084712071551,1.6341318383972525e-05,78189.85062052467,0.493208597502542,0.4948108126334268,-1.0269562977782698e-15,-1.2212453270876722e-15,1.474514954580286e-15,0.05213691792224911,0.0536420101637493,False,310649.79667615436
2022-11-14,-0.00013447429136688525,0.00010360243141359978,0.0001770726499900624,6.100407279042261e-05,78179.33609577038,0.49107293821394304,0.3941276567001054,5.43315392675936e-15,5.2735593669694936e-15,8.534839501805891e-16,0.04860852638066494,-0.047995482778091486,False,374864.10110411065
2022-11-15,-0.00020052447159100474,-1.1408199700016475e-05,0.00017291924490331294,1.619702698767534e-05,78163.65922571045,0.48097404451485326,0.2962395652926333,-1.188198844870314e-14,-1.1282641487753153e-14,1.9940646356353398e-15,0.05624132247859791,0.008469791078486732,False,358016.7555212451
2022-11-16,-0.0002790195256631635,-8.77081381326276e-05,0.00017913715881987923,1.2174228710656647e-05,78141.8500385892,0.49837952420025344,0.44548304213029893,-3.812922200197022e-15,-3.164135620181696e-15,1.8214596497756474e-15,0.07847846693123225,0.1643139469226426,False,318941.68394052645
2022-11-17,-0.00020362357791293354,-8.148197760777376e-06,0.00017716785787282865,1.830752227932751e-05,78125.9385154996,0.49200846080564,0.5843144841989142,-7.053385653321698e-15,-6.6682770416548465e-15,2.7547408798511697e-15,0.0706230179427494,-0.14059853190287974,False,407217.4760937103
2022-11-18,-0.00022839792174663415,-2.595706411307128e-05,0.00017842793362538804,2.4012924008174844e-05,78108.09471350815,0.49433192329322784,0.5554956818672512,-1.437044927499187e-14,-1.314226505400029e-14,2.175343238874916e-15,0.07598405432674807,0.06041784302653869,False,330921.02440174104
2022-11-21,-0.00021459366564238896,2.7668848291123235e-05,0.0001737767449361781,6.848576899733409e-05,78091.33321114724,0.4832694872713651,0.6082921316072432,-1.1449174941446927e-15,-9.610368056911511e-16,1.1084883011491797e-15,0.07432000038623643,-0.07171089779785433,False,501380.8962493544
2022-11-22,-0.0002790918784098517,-8.194356284566516e-05,0.00017215000878580667,2.49983067783799e-05,78069.53855427382,0.4809319991340294,0.4426826041408529,-3.7816971776294395e-16,-3.5735303605122226e-16,2.3592239273284576e-16,0.04534522639392357,0.1293054771315641,False,462077.22409895697
2022-11-23,-0.00010400899600659198,9.346406503686513e-05,0.0001792806252568467,1.8192435786610405e-05,78061.4186199501,0.4996837945303294,0.42769216541769123,2.480654570646834e-15,1.9914625504213745e-15,1.1657341758564144e-15,0.05510122138629299,-0.08752117447769624,False,386125.6170689733
2022-11-25,-0.00022510357118655705,-1.3303423210151038e-05,0.00017664736725714393,3.515278071926209e-05,78043.84671584686,0.4913936192980731,0.38248547785726456,-7.315328898194196e-15,-6.637052019087264e-15,1.3678294608077124e-15,0.08844944036324383,-0.031055900621118016,False,363421.03752472013
2022-11-28,-0.00017465641889893721,5.111571112265183e-05,0.00017861638617617197,4.7155743845417084e-05,78030.21585706237,0.496241657228553,0.22848951679828822,4.0826717007114155e-15,3.6186331708876196e-15,8.430756093247282e-16,0.024748616765658565,0.02992659514398645,False,233358.13903191156
2022-11-29,-0.00019428073654845926,-6.941981585923832e-06,0.0001779487748201402,9.389980142395237e-06,78015.05608925263,0.4957976149345262,0.4926667592910286,-4.597017211338539e-17,-1.1796119636642288e-16,7.632783294297951e-17,0.09399499444367548,0.07284020327498589,False,385311.8381833548
2022-11-30,-6.248076546997529e-05,0.00013678737347837746,0.00017902155979940637,2.0246579148946386e-05,78010.18164882998,0.4978266397684899,0.5813596826662578,1.2520366687862605e-14,1.2073675392798577e-14,2.123301534595612e-15,0.06749765246891404,-0.016374929418407683,False,457481.85345403757
2022-12-01,-0.00016146980301770265,4.112936161246627e-05,0.00017870767082196705,2.3891493808201858e-05,77997.58536016577,0.4991988280668814,0.295226453927094,-6.938893903907228e-16,-6.800116025829084e-16,1.3357370765021415e-16,0.03277915619461493,0.03896103896103897,False,340999.66473478137
2022-12-02,-0.0002489242025807948,-6.282853961955504e-05,0.00017396306896423584,1.2132593997003894e-05,77978.16987342677,0.486606343051974,0.5328018190665768,1.6518904299989146e-15,1.6514567491299204e-15,4.128641872824801e-16,0.08028349561116793,0.044607566346696784,False,605055.6913641187
2022-12-05,-0.00017447293946832578,6.610500033700459e-05,0.00017489004430397181,6.568789550135856e-05,77964.56479291459,0.4881919420172082,0.5542106575728382,5.676015213396113e-15,4.912736883966318e-15,1.4519635493925875e-15,0.0872379271882043,0.09090909090909091,False,494940.8905834935
2022-12-06,-1.5905877752234334e-05,0.00018193231956396204,0.00017506241686799777,2.2775780448198595e-05,77963.324698078,0.4880738703735334,0.3351315436919101,-4.718447854656915e-16,-3.191891195797325e-16,7.407269242420966e-16,0.028269277472683842,-0.04912478825522304,False,450954.9007341427
2022-12-07,-0.0001707218863431069,1.7090698030656376e-05,0.00017404005518094503,1.3772529192818245e-05,77950.01465221995,0.4863150380174852,0.3273785789528032,4.371503159461554e-16,4.753142324176451e-16,5.065392549852277e-16,0.04695363355450112,0.03670242800677584,False,553436.0565802767
2022-12-08,-8.525122072298526e-05,0.00010403971319432155,0.00017583701971376697,1.3453914203539839e-05,77943.36931831547,0.49013861407004544,0.3932936238206509,3.58046925441613e-15,3.635980405647388e-15,9.298117831235686e-16,0.07913544473050776,0.026538678712591763,False,287027.3338470765
2022-12-09,-0.00017397848698815746,2.1248357729719027e-05,0.00017906409305401427,1.6162751663862214e-05,77929.8088488507,0.4992491398472376,0.55905120854252,-5.056718932472393e-16,-3.122502256758253e-16,4.128641872824801e-16,0.09786033112993722,-0.07848673066064371,False,473828.2080504077
2022-12-12,-0.0005122497927959416,-0.0002680034441082332,0.00017532222708657578,6.892412160113268e-05,77889.88932041526,0.49041805551332046,0.25282821800538813,4.913170564835312e-15,4.621303340002214e-15,7.042977312465837e-16,0.04936271937262184,-0.009599096555618296,False,551027.664437867
2022-12-13,-0.00021179167346675615,-2.235379523823331e-05,0.0001790476774885756,1.0390200739947257e-05,77873.39289040994,0.49910300744012415,0.5701125565792055,1.2904607937791468e-14,1.244143676970566e-14,2.6749435999562365e-15,0.09393778729007564,0.008469791078486732,False,484161.601484329
2022-12-14,-0.00015081041249164154,4.822486533753125e-05,0.0001756059946820827,2.3429283147090107e-05,77861.64877190602,0.488942493654018,0.6904769285383131,-3.3133218391157016e-15,-3.0531133177191805e-15,1.5334955527634975e-15,0.09846667394688983,-0.033314511575381144,False,297934.82137675036
2022-12-15,-0.000142077074925313,6.481998227488353e-05,0.00017852129301369036,2.8375764186506164e-05,77850.58641659965,0.4958195304840141,0.411393417403883,2.0469737016526324e-16,-4.544975507059235e-16,2.5118795932144167e-15,0.046768385445950064,-0.025409373235460195,False,295435.93049544934
2022-12-16,-0.00028341837832402913,-9.024586807771967e-05,0.00017626593144888964,1.690657879741984e-05,77828.52212964588,0.4922256682829539,0.3168419609558634,-5.044575868140555e-15,-4.912736883966318e-15,1.0581813203458523e-15,0.032045410234300464,0.04573687182382835,False,498200.3243992932
2022-12-19,-0.00026709956197940184,-5.2063730217054174e-05,0.00017597312424724057,3.9062707515107075e-05,77807.73416547554,0.49302370691836106,0.49550151719789626,9.908740494779522e-15,9.256484467812243e-15,3.0617869350990645e-15,0.08139220115473757,-0.06380575945793338,False,604803.2763478248
2022-12-20,-0.00022643266904637526,-3.030731367232117e-05,0.0001757622793248259,2.03630760492282e-05,77790.115952556,0.489385996776569,0.3527724950202305,5.648259637780484e-15,4.697631172945194e-15,2.01574867908505e-15,0.036936875329756404,-0.13833992094861663,False,305478.5723830477
2022-12-21,-0.0003099415173222742,-0.00011937016856216362,0.0001760738489647589,1.4497499795351705e-05,77766.005565985,0.49022548321344633,0.7173061092560662,2.1295465391091284e-14,1.8568480086855743e-14,4.3576253716537394e-15,0.07978145277977561,0.03896103896103897,False,323149.34813268716
2022-12-22,-0.00030354195534211634,-9.696156545687626e-05,0.00017710205662814233,2.9478333257097738e-05,77742.40032059637,0.49396124426613497,0.5855712233877102,-1.0408340855860843e-15,-9.992007221626409e-16,1.1518563880486e-15,0.05355908379346727,-0.1202710333145116,False,256705.26760694457
2022-12-23,-0.00020499768817191003,-4.2640175505453525e-06,0.00017666909979721217,2.4064570824152515e-05,77726.4633082577,0.49310523293869074,0.48075854322082384,6.564193633096238e-15,6.300515664747763e-15,9.749145934989656e-16,0.0540993548587117,0.011857707509881424,False,387696.39800660167
2022-12-27,-0.00024779852590590875,6.99888990000723e-06,0.00017576861418057616,7.902880162533981e-05,77707.20280522604,0.4897726093489741,0.28771743575015785,-4.269154474378922e-15,-3.6012859361278515e-15,2.155393918901183e-15,0.028480986061731627,0.028797289666854884,False,364752.31040614686
2022-12-28,5.332525992666309e-07,0.00019119086477237498,0.00017883360796419758,1.1824004208910771e-05,77707.24424279391,0.49767008519289635,0.5623749984866294,-3.3237301799715624e-15,-3.219646771412954e-15,8.257283745649602e-16,0.09095563453312107,0.012987012987012988,False,232448.4610817424
2022-12-29,-0.000232668738228437,-3.069570525743114e-05,0.000178861731663336,2.311130130766984e-05,77689.16419632472,0.4983009530338284,0.2785378410272643,-1.231653667943533e-15,-1.1449174941446927e-15,2.237793284010081e-16,0.025409013299041404,-0.016374929418407683,False,438813.0866575555
2022-12-30,-0.00010207886634835743,8.07604440272368e-06,9.870815016091951e-05,1.14467605901616e-05,77681.233774516,0.27759789659788464,0.0,0.0,0.0,0.0,0.0,,False,898821.3459795554
