date,net_return,gross_return,transaction_cost,borrow_cost,nav,turnover,gross_exposure,net_exposure,beta_exposure,max_group_exposure,max_weight,rank_ic,risk_liquidation,capacity_proxy_nav
2025-01-02,-0.00017748684654297748,0.0,0.00017748684654297748,0.0,99982.25131534571,0.4962305949829204,0.4963186850212052,4.787836793695988e-16,4.3021142204224816e-16,1.3877787807814457e-16,0.060010651101222945,0.1360813099943535,False,151239.0363936764
2025-01-03,0.0002149148194340749,0.0004089525764951033,0.00017364109877248576,2.0396658288542657e-05,100003.73898283376,0.48779075050240084,0.4154124793106196,7.067263441129512e-15,7.605027718682322e-15,1.85268467234323e-15,0.05179108513126349,-0.0536420101637493,False,275603.8336039282
2025-01-06,-0.00010456435290093964,0.00012493738550694233,0.00017828650123260096,5.1215237175281005e-05,99993.28215657934,0.4971294837557472,0.28150901320824295,-3.95516952522712e-16,-3.608224830031759e-16,1.214306433183765e-16,0.04031147471694316,0.06719367588932806,False,103972.45897879693
2025-01-07,-6.385149398344423e-05,0.00012149184550537783,0.0001737744759323189,1.156886355650315e-05,99986.89743612533,0.48508459244818997,0.49221958134873184,2.636779683484747e-16,2.636779683484747e-16,7.45931094670027e-17,0.09880687189218536,0.04686617730095992,False,156799.06056760292
2025-01-08,-0.00021186300262147193,-1.8411748444299562e-05,0.00017322305220393683,2.0228201973235544e-05,99965.71391181172,0.4852730530471862,0.33567857403147017,6.938893903907228e-18,2.0816681711721685e-17,1.3877787807814457e-17,0.042829067783285324,0.03670242800677584,False,217249.65267041334
2025-01-10,-0.00011732845424428265,6.752046512041907e-05,0.0001572588995812932,2.759001978340851e-05,99953.98508912102,0.44088953001280445,0.42549366981442055,-8.673617379884035e-17,-1.6653345369377348e-16,1.97758476261356e-16,0.09761667174877962,-0.07284020327498589,False,151026.51770068886
2025-01-13,-0.00012634904505909322,7.3016867988444e-05,0.00014690778937178673,5.245812367575049e-05,99941.35599855515,0.411688631664477,0.5768570854333217,5.238864897449957e-16,9.749145934989656e-16,5.209591438792849e-16,0.09997467107345169,-0.044607566346696784,False,114200.71820984471
2025-01-14,-9.19764686126966e-05,0.00010393849888261768,0.00017220851192956135,2.370645556575292e-05,99932.16374556204,0.48412848076457665,0.2210236241047745,-3.670674875166924e-15,-3.226585665316861e-15,4.315992008230296e-15,0.04219000932196438,0.11349520045172222,False,309317.2835844547
2025-01-15,-8.1353399916044e-05,0.0001049462625851495,0.00017721649986675056,9.083162634442938e-06,99924.03392428037,0.49692422664945496,0.6526279260220915,-3.7470027081099033e-16,-2.5934115965853266e-16,9.194034422677078e-17,0.0758865635685804,0.07848673066064371,False,268195.57869875757
2025-01-16,-0.00012261086089716773,8.253161883233255e-05,0.000178322154002565,2.6820325726935283e-05,99911.7821524566,0.4965661470088056,0.4055988896365867,-5.793976409762536e-16,-6.661338147750939e-16,2.1163626406917047e-16,0.04579957015587384,-0.051383399209486175,False,166767.11000830535
2025-01-17,-0.00018833575994703638,1.7513333189972987e-06,0.00017341864574672188,1.6668447519311807e-05,99892.96519103725,0.4869651408322034,0.23098482803586187,-6.904199434387692e-16,-5.967448757360216e-16,2.0122792321330962e-16,0.019117752789065356,0.026538678712591763,False,288499.0517925711
2025-01-21,-0.000270070180591174,-5.567863547553895e-05,0.00017642143639741106,3.797010871822399e-05,99865.9870798883,0.4954299691154775,0.4241604595302325,-1.1275702593849246e-15,-1.0685896612017132e-15,3.9898639947466563e-16,0.09159571648298315,-0.0220214568040655,False,239390.80816206694
2025-01-22,-0.00013775689526097565,5.5254433836215985e-05,0.00017558007733567519,1.743125176151645e-05,99852.22985156601,0.4928847050664318,0.6143347406129495,-2.6506574712925612e-15,-2.761679773755077e-15,8.892626218726107e-16,0.0976736662587204,0.010728402032749858,False,376682.26426692156
2025-01-23,-0.00023499226420823908,-3.295851987739727e-05,0.00017678711115496707,2.524663317587474e-05,99828.76534998695,0.4950930683737319,0.369890822447728,-5.551115123125783e-17,-6.938893903907228e-17,2.0816681711721685e-16,0.0671969401678495,0.017504234895539244,False,194854.00224364834
2025-01-24,-9.154918597609475e-05,9.991121959873443e-05,0.0001762594128714979,1.5200992703331289e-05,99819.62610778215,0.4904727183982762,0.358126027379218,-4.371503159461554e-16,-3.95516952522712e-16,8.153200337090993e-17,0.056074207781505354,-0.02428006775832863,False,175220.84127360533
2025-01-27,-0.00021871735081488273,3.4655786879353207e-06,0.0001780304055793528,4.4152523923465274e-05,99797.79382360053,0.49836834192485907,0.3061960625440966,4.544975507059235e-16,4.371503159461554e-16,9.107298248878237e-17,0.04967227125248957,-0.025409373235460195,False,178362.6475753958
2025-01-28,-0.000182996926911269,3.459694154582795e-06,0.0001738732212352725,1.2583399830579294e-05,99779.53113401828,0.48797517855889927,0.40241283252707893,4.163336342344337e-17,4.163336342344337e-17,5.551115123125783e-17,0.04795923786338739,0.014116318464144554,False,331443.23910440743
2025-01-29,-0.00012452791582348528,6.674887458770878e-05,0.00017473927674569766,1.6537513665496393e-05,99767.10579696432,0.4904766451011929,0.29334494781262915,7.112366251504909e-16,5.967448757360216e-16,2.255140518769849e-16,0.033369643570718595,0.0016939582156973462,False,295519.66910815553
2025-01-30,-0.00017009045217500108,1.6366755274009186e-05,0.00017440193562109403,1.2055271827916236e-05,99750.13636482712,0.4886419513272117,0.3823044662542779,9.8879238130678e-16,9.870576578308032e-16,6.106226635438361e-16,0.037884232594921574,0.07961603613777528,False,306893.57974113995
2025-01-31,-0.00017918728890499065,1.474692791430101e-05,0.00017822307437048574,1.5711142448805904e-05,99732.26240832401,0.497604184336902,0.5132698500116702,1.5681900222830336e-15,1.2628786905111156e-15,3.365363543395006e-16,0.09824692911732771,-0.15979672501411638,False,205992.7538805491
2025-02-03,-0.0005404537272174611,-0.00030388520702030546,0.00017328867567516915,6.327984452198655e-05,99678.3617353816,0.4825576874577715,0.2508262259226638,1.0148132334464322e-16,5.984795992119984e-17,5.898059818321144e-17,0.05909114103355932,-0.023150762281197064,False,180376.15522751148
2025-02-04,-0.0003729560904475889,-0.000184646233975598,0.0001780019293792787,1.0307927092712205e-05,99641.18608328653,0.49781886167635264,0.6179628311696286,2.8536201179818477e-15,2.7651492207070305e-15,5.348152476436496e-15,0.09263701824918673,-0.032185206098249576,False,141026.2169698404
2025-02-05,-0.00015024967140689387,5.146334380374573e-05,0.00017631728242284677,2.539573278779284e-05,99626.21502781894,0.4924388793241737,0.47613051146919017,1.6237011735142914e-15,1.987993103469421e-15,8.98586760555986e-16,0.09769479817836037,0.03670242800677584,False,153786.63751275
2025-02-06,-0.0003208849358610681,-0.00012585596293257414,0.0001754619656078424,1.9567007320651583e-05,99594.24647619965,0.48998636754558256,0.3039678121122268,-1.1796119636642288e-15,-1.061650767297806e-15,2.0708261494473135e-16,0.054303669192855,0.1202710333145116,False,220167.10552647262
2025-02-07,-0.00010247013144205962,7.220694822853552e-05,0.00016218525177557206,1.249182789502307e-05,99584.04104067237,0.4550130662395805,0.6397616616353172,3.469446951953614e-17,2.7755575615628914e-17,2.7755575615628914e-17,0.09909782558478601,0.02992659514398645,False,170853.48693432251
2025-02-10,-0.00020153689964997603,4.938020772849458e-05,0.00017204238197137672,7.887472540709391e-05,99563.97118178642,0.4832785352745037,0.3936975477879379,-3.8163916471489756e-16,-2.8449465006019636e-16,1.0200174038743626e-15,0.04476631085309177,0.0016939582156973462,False,239209.75283821914
2025-02-11,-0.00020620959849583062,-1.5739225048074014e-05,0.00017429102216880024,1.6179351278956368e-05,99543.44013526438,0.4869067473375895,0.40268786590781186,-1.908195823574488e-15,-1.547373340571312e-15,4.839878497975292e-16,0.05984526559963655,0.0378317334839074,False,230550.35493463758
2025-02-12,-0.00010751198828506009,8.120590651720456e-05,0.00017216907839509422,1.654881640717043e-05,99532.7380220947,0.48245367617901963,0.449761519695368,-1.6653345369377348e-15,-1.0269562977782698e-15,5.533767888366015e-16,0.04812580826472567,0.0220214568040655,False,130499.8007779159
2025-02-13,-4.212842434294987e-05,0.00015021843533187168,0.00017386350955035432,1.8483350124467243e-05,99528.54486467129,0.4881801048237137,0.3482539596020948,-3.903127820947816e-16,-4.579669976578771e-16,1.0928757898653885e-16,0.06915264934385203,-0.031055900621118016,False,204767.64287796745
2025-02-14,-8.177404148457171e-06,0.00017877066300060092,0.00017263626059006788,1.4311806558990214e-05,99527.73097953563,0.48459237697476704,0.4897074257286105,-3.2612801348363973e-15,-2.0261570199409107e-15,6.980527267330672e-15,0.056356237804668446,-0.019762845849802372,False,366420.39273286704
2025-02-18,-0.0005706904311210203,-0.00031391712935254466,0.00017627345096377192,8.049985080470362e-05,99470.93145583442,0.4942264129931907,0.339583837651859,-9.783840404509192e-16,-8.465450562766819e-16,2.914335439641036e-16,0.05542475896761397,-0.07848673066064371,False,238686.77331359877
2025-02-19,-0.0002202927817238487,-5.5005025901218595e-05,0.00015133225564515642,1.39555001774737e-05,99449.01872764336,0.4254142736287374,0.7065587650396533,-1.2490009027033011e-15,-1.033895191682177e-15,5.134781488891349e-16,0.09913376626056794,-0.11688311688311688,False,298889.36643394845
2025-02-20,-0.0008641815844803824,-0.0006580430210512956,0.0001771019018521147,2.903666157697211e-05,99363.07671706428,0.4957963608540329,0.5277772726102583,-3.0531133177191805e-15,-2.9559688030644793e-15,1.6479873021779667e-15,0.09487211090961833,-0.11688311688311688,False,185250.39639067286
2025-02-21,-0.0005124024617239569,-0.0003156266176537973,0.00017508636711357353,2.1689476956586082e-05,99312.16283195,0.4899189905086999,0.34155820204448667,-2.0816681711721685e-15,-2.0816681711721685e-15,9.402201239794294e-16,0.0727145022260812,-0.18125352907961606,False,245643.70827201984
2025-02-24,-0.00020730902319264337,-7.166173347448267e-05,9.35373743976073e-05,4.2109915320553394e-05,99291.57452448216,0.2625843433215246,0.5931604922269595,1.7555401576885288e-15,1.6375789613221059e-15,9.254749744336266e-16,0.09946164196950352,0.003952569169960475,False,225557.39879859015
2025-02-25,0.00011268230250134166,0.00031160885195635757,0.00017455009087034642,2.4376458584669487e-05,99302.76292771855,0.490069299340734,0.680715127460479,-1.1504686092678185e-14,-1.086630785351872e-14,3.138114768042044e-15,0.08875436997042224,0.14624505928853757,False,372904.7013652301
2025-02-26,4.628652093300202e-05,0.00024566561206664525,0.00017140449685444498,2.7974594279198246e-05,99307.3593071335,0.47995669378325084,0.43552925561257655,-6.938893903907228e-18,7.28583859910259e-17,1.1102230246251565e-16,0.03985915071798693,-0.025409373235460195,False,285096.2215446526
2025-02-27,-0.0003250125395436633,-0.00013513103113580957,0.00017198304584843275,1.7898462559420956e-05,99275.08317008973,0.481217518339932,0.4153846778802972,-2.0192181260370035e-15,-1.7416623698807143e-15,5.499073418846478e-16,0.060738034966049015,0.2309429700734049,False,140697.84813260837
2025-02-28,2.6917033623629224e-05,0.00021801103224911218,0.00017402339542492272,1.7070603200560238e-05,99277.7553608414,0.48782531087221237,0.3336429307746413,-6.741135427645872e-15,-6.453171330633722e-15,1.3461454173580023e-15,0.025395941360866568,0.015245623941276118,False,227089.1519751308
2025-03-03,-0.00037442708838020857,-0.0001559656358429236,0.00017732739257876671,4.113405995851826e-05,99240.58307996072,0.4986559745162147,0.457465964910893,-3.677613769070831e-15,-3.039235529911366e-15,1.061650767297806e-15,0.05409528639226287,0.13043478260869568,False,430690.0938248386
2025-03-04,-7.845201302071592e-05,0.00011772421189702931,0.00017737625375702345,1.8799971160721778e-05,99232.79745644475,0.4979601831887522,0.4548649836270259,-5.7696902810988604e-15,-5.537237335317968e-15,1.4432899320127035e-15,0.05124903811160006,0.06832298136645965,False,383775.4267374178
2025-03-05,-0.00036910000031103475,-0.00017108305239590745,0.00017932386639620817,1.8693081518919113e-05,99196.17063087272,0.49888804179511614,0.17518195254045243,2.2768245622195593e-15,1.7520707107365752e-15,8.693133018988775e-16,0.02412460494382356,0.14285714285714288,False,112431.29513394003
2025-03-06,-0.0001512181541475713,3.3207730304224154e-05,0.00017722662612821533,7.199258323580143e-06,99181.17036905141,0.4945732228108639,0.32527808776067235,1.1188966420050406e-16,1.682681771697503e-16,5.399326818977812e-17,0.04064260274849162,-0.007340485601355168,False,130386.20770104443
2025-03-07,-0.00020418987838483914,-1.4129428185547226e-05,0.00017669285755159305,1.3367592647698858e-05,99160.91857793568,0.49731480178516674,0.5906973614201876,-2.0122792321330962e-16,-2.740863092043355e-16,2.0469737016526324e-16,0.0932497612864216,-0.019762845849802372,False,380328.7521234307
2025-03-10,-0.0005089468119309332,-0.00030462142199435947,0.0001314996878436739,7.282570209289989e-05,99110.45094455729,0.3697164766998903,0.4837721566022167,-6.245004513516506e-17,1.8735013540549517e-16,3.400058012914542e-16,0.09983752435999456,0.2693393562958781,False,270110.8674642925
2025-03-11,-0.00016552768985774648,3.0347546486779385e-05,0.00017599418881292792,1.9881047531597946e-05,99094.04542057168,0.49216554094449866,0.6987962325927127,-1.2836953722228372e-15,-1.6861512186494565e-15,6.036837696399289e-16,0.09983011889008682,-0.014116318464144554,False,216085.98035901441
2025-03-12,8.807906632248824e-05,0.0002892874800851173,0.0001724907603684079,2.871765339422113e-05,99102.77353157045,0.48371940263217816,0.4574099312671985,4.4998726966838376e-15,4.232725281383409e-15,1.1397133237167623e-15,0.07106364958844405,0.145115753811406,False,379579.7415540734
2025-03-13,-0.0003177297160178331,-0.00012455590010933165,0.0001743761475002606,1.8797668408240848e-05,99071.28563547968,0.4883141312054309,0.31269340258596884,3.670674875166924e-15,3.184952301893418e-15,6.626643678231403e-16,0.03261897550029727,0.05251270468661773,False,329539.3817327434
2025-03-14,-0.00017584603091047815,1.3788582763824323e-05,0.0001767841998693998,1.2850413804902679e-05,99053.86434312348,0.4967119357803258,0.31383658020140376,-1.457167719820518e-15,-1.2490009027033011e-15,5.004677228193088e-16,0.06895697862936716,-0.04347826086956522,False,344669.2840314618
2025-03-17,-0.00017730858267399634,3.696094363922337e-05,0.00017557734519249853,3.869218112072119e-05,99036.30124282843,0.49085640717587237,0.3304453536698419,-8.89913143176102e-16,-7.528699885739343e-16,1.7694179454963432e-16,0.04451556644066323,-0.08413325804630155,False,220158.25206273352
2025-03-18,-0.0002509320080434147,-6.306368702644932e-05,0.00017428837497573897,1.3579946041226416e-05,99011.44986488837,0.48673065290852596,0.3102085063951547,-2.8102520310824275e-15,-2.5691254679216513e-15,5.759281940243e-16,0.044474851134223246,0.1552795031055901,False,170998.94882376568
2025-03-19,-0.00016909306507226663,1.7647236561507446e-05,0.00017399200685041144,1.2748294783362637e-05,98994.70771535346,0.48671920893795634,0.47402561778729857,6.869504964868156e-16,6.522560269672795e-16,1.6306400674181987e-16,0.050835594828220976,0.005081874647092039,False,153070.0387058111
2025-03-20,-0.0001800754609014072,1.5790184423539953e-05,0.00017638514048437328,1.9480504840573882e-05,98976.88119773482,0.49631501263088057,0.6337260438838841,2.55351295663786e-15,2.355754480376504e-15,4.475586568020162e-16,0.048285029660028275,-0.05251270468661773,False,544994.8761398488
2025-03-21,-5.9278286484349966e-05,0.0001415097911965149,0.00017474454163084234,2.6043536050022538e-05,98971.01401781586,0.4900748252609769,0.37644931453668884,4.891920202254596e-16,3.885780586188048e-16,9.020562075079397e-17,0.0434313076067092,0.04686617730095992,False,189434.21896276344
2025-03-24,-0.0002742571460561909,-5.47936652027985e-05,0.0001730519215269513,4.641155932644104e-05,98943.87050996904,0.48513706249441646,0.40391672785847993,5.100087019371813e-16,6.938893903907228e-16,2.463307335887066e-16,0.05454121501510828,0.06719367588932806,False,201707.8003997986
2025-03-25,-0.00011553084248776114,7.634634094079388e-05,0.00017527786584532984,1.659931758322518e-05,98932.43944125003,0.49277192029646705,0.4155384117145995,1.1796119636642288e-16,-1.3877787807814457e-17,2.914335439641036e-16,0.04791371216222786,0.1044607566346697,False,491552.67747383553
2025-03-26,-7.763716876169448e-05,0.00011355265138779966,0.00017411289912012704,1.7076921029367096e-05,98924.75860675311,0.48813260425211136,0.26180374617641705,-2.1163626406917047e-15,-1.8388068845354155e-15,5.065392549852277e-16,0.03432170405353118,-0.007340485601355168,False,244919.71087572922
2025-03-27,-0.00015199321739908846,3.443068268393116e-05,0.00017566484202097502,1.0759058062044623e-05,98909.72271441204,0.4925798124806575,0.44167312880837584,-3.95516952522712e-16,-1.1102230246251565e-16,3.8163916471489756e-16,0.053927622302299645,-0.06493506493506496,False,477888.215064808
2025-03-28,-0.0002030474518555092,-1.4429223008940355e-05,0.00017046727834759448,1.8150950498974362e-05,98889.63934725114,0.4785596478761616,0.4370373932342228,-2.914335439641036e-16,-2.7755575615628914e-16,8.326672684688674e-17,0.06711459470508033,-0.15415019762845852,False,309758.46934773924
2025-03-31,-0.0003941356557729961,-0.00016518775641869644,0.00017506657690076537,5.3881322453534354e-05,98850.66341439786,0.49007043346856294,0.44736031741742427,6.350822645551091e-15,5.8945903713691905e-15,1.6844164951734797e-15,0.05183039890199103,-0.2309429700734049,False,216743.0504174138
2025-04-01,-0.000275360563676273,-8.161434107514645e-05,0.00017536155202232858,1.8384670578797994e-05,98823.4438400003,0.4925328369343929,0.4660756895520927,-1.454392162258955e-14,-1.2958384365546749e-14,2.4320823133194835e-15,0.05393192003184229,0.07396950875211745,False,253525.89405926556
2025-04-02,-0.00037064910434529805,-0.0001763683411122594,0.0001751269677719931,1.9153795461045504e-05,98786.8150190527,0.4886736584358058,0.5093546299540697,3.1086244689504383e-15,2.733924198139448e-15,6.800116025829084e-16,0.06829914796276189,-0.031055900621118016,False,295190.2737859601
2025-04-03,-0.00013355694842460841,6.0164295205159934e-05,0.0001727888615768615,2.0932382052906844e-05,98773.62135349416,0.4822441853908098,0.2275794664075119,7.73686670285656e-16,7.771561172376096e-16,3.0531133177191805e-16,0.031631046607487584,-0.06493506493506496,False,235868.3385488314
2025-04-04,-0.0002075615175209194,-2.650107496980289e-05,0.0001717078617398489,9.352580811267582e-06,98753.119750755,0.4829303292728156,0.5102834680440459,-2.55351295663786e-15,-3.2057689836051395e-15,1.7659484985443896e-14,0.05205999719460938,-0.016374929418407683,False,615569.5857199645
2025-04-07,-0.00032381792483667253,-8.838640738028077e-05,0.00017251985701260497,6.291166044378679e-05,98721.14172044616,0.4832592426588108,0.5576275164027011,1.1406240535416501e-14,1.099120794378905e-14,2.373101715136272e-15,0.07953055427760543,0.07961603613777528,False,472818.23828905565
2025-04-08,-0.00021184382300025266,-1.3271022712712355e-05,0.00017565660098332018,2.2916199304220123e-05,98700.22825637316,0.4891655137816605,0.39573821612528715,-1.033895191682177e-15,-9.71445146547012e-16,1.8214596497756474e-16,0.03380856544082176,0.0005646527385657821,False,278863.06046525226
2025-04-09,-0.0003176060492715136,-0.00012761778887008385,0.00017372504604011652,1.6263214361313212e-05,98668.88046681444,0.48707348169001385,0.5689816716463556,1.457167719820518e-16,1.1102230246251565e-16,1.3183898417423734e-16,0.07814943913268864,-0.09316770186335405,False,554560.2545576479
2025-04-10,-0.00030050896737313315,-0.00010071457307245257,0.0001764115858768578,2.338280842382282e-05,98639.2295834335,0.49152173478971467,0.4865815126880545,-7.61196661258623e-15,-7.389922007661198e-15,1.7763568394002505e-15,0.07262755169575193,-0.059288537549407126,False,264759.74045916955
2025-04-11,-0.00016447124986482676,3.1309507317857246e-05,0.0001757842566612568,1.9996500521427208e-05,98623.0062660582,0.48898171648086053,0.35071102444764723,7.65013052905772e-15,6.9111383282915995e-15,1.2633123713801098e-15,0.06922677217981914,0.02992659514398645,False,560917.1211331526
2025-04-14,-7.875625745356056e-05,0.0001396303838702522,0.00017514829584396678,4.3238345479845986e-05,98615.23908718587,0.4891254889918829,0.40736570509910436,3.576999807464176e-15,3.4486302702418925e-15,1.0651202142497596e-15,0.06239220412824146,0.03896103896103897,False,579655.4807681076
2025-04-15,6.211322998862657e-06,0.00019842553240183395,0.00017547315302903564,1.674105637393565e-05,98615.85161828845,0.4881070933477166,0.4120272690102533,-1.5265566588595902e-15,-1.339206523454095e-15,7.389922007661198e-16,0.049810423266172014,-0.006211180124223602,False,439312.6145566799
2025-04-16,-0.00017324695871904442,2.1300078300900624e-05,0.00017761440952637292,1.6932627493572114e-05,98598.7667219141,0.49292141657269545,0.6102542844392276,1.5126788710517758e-15,1.304512053934559e-15,7.563394355258879e-16,0.07287005918626788,-0.031055900621118016,False,201656.3444740066
2025-04-17,-0.00035468512377169795,-0.00015355811171226586,0.00017604806886329952,2.5078943196132572e-05,98563.7952061356,0.48611272924658805,0.3864408976915984,1.1331213745080504e-14,9.950373858202965e-15,2.0647546172813946e-15,0.07182526625873513,0.1485036702428007,False,409448.2564256844
2025-04-21,-0.00033143391064400477,-9.598987180273362e-05,0.000171919507713887,6.352453112738418e-05,98531.12782204252,0.47698170789491257,0.2702045868903899,-2.3054474995731766e-15,-2.1094237467877974e-15,5.880712583561376e-16,0.041790866125682245,0.014116318464144554,False,357206.85887939757
2025-04-22,-0.00014867726117512772,4.072327816821887e-05,0.00017829624125196062,1.110429809138598e-05,98516.47848381744,0.4943276460044422,0.4857018669809702,7.563394355258879e-16,7.28583859910259e-16,2.96637714392034e-16,0.09152026552623845,-0.03557312252964427,False,328623.4580628615
2025-04-23,-0.00029821094535137875,-9.872729099159373e-05,0.00017952330366193697,1.9960350697848056e-05,98487.09979163608,0.498654656523313,0.11974012621518311,-2.3002433291452462e-15,-2.086872341600099e-15,4.3281350725621337e-16,0.014791208874376066,0.03557312252964427,False,303462.5878180143
2025-04-24,-0.00019976501333470888,-1.688179376133318e-05,0.00017796239246864207,4.920827104733647e-06,98467.42551483291,0.493414996291375,0.5139354909468299,8.520961713998076e-15,7.646661082105766e-15,1.551926989695751e-15,0.055358220502395285,0.02428006775832863,False,378896.2569998282
2025-04-25,-0.00027768443276162893,-7.751987628151113e-05,0.00017904391986586492,2.1120636614252936e-05,98440.08264363333,0.4983541254472521,0.48750162656789986,-2.8796409701214998e-15,-2.4702462297909733e-15,9.402201239794294e-16,0.09913472014536154,0.02766798418972332,False,458431.3653728697
2025-04-28,-5.8007539424374027e-05,0.0001780722259395886,0.0001759768251021664,6.010294026179623e-05,98434.37237665843,0.4900785744228297,0.6909258735188125,-8.180955912706622e-15,-6.9735883734267645e-15,1.5543122344752192e-15,0.09215127556814154,-0.05251270468661773,False,528517.7879968251
2025-04-29,-0.00013597277725204118,6.59706554647138e-05,0.0001735492187365295,2.83942139802255e-05,98420.98798166931,0.48170198717385126,0.26269458995768225,3.885780586188048e-16,4.544975507059235e-16,4.2500725161431774e-16,0.019725611721843336,0.0005646527385657821,False,348957.0627048089
2025-04-30,-8.238134775425262e-05,0.00010621304969937536,0.0001777987293731753,1.079566808045268e-05,98412.87992803208,0.49600350457629067,0.3699870545148552,-1.6653345369377348e-16,-4.163336342344337e-17,1.8908485888147197e-16,0.06458997273562213,0.11914172783738003,False,461657.2111791125
2025-05-01,-0.0002628290295538735,-7.23920513128159e-05,0.00017523203079524162,1.5204947445815976e-05,98387.014166305,0.4880351698362755,0.3800046920223833,-4.157264810178418e-15,-3.434752482434078e-15,2.194425197110661e-15,0.05605248726554887,0.05251270468661773,False,388057.6462855561
2025-05-02,-0.00017702580034119033,1.3982115137600601e-05,0.0001753912842997887,1.5616631179002223e-05,98369.59712637903,0.48813113152898313,0.5612989532613578,-4.315992008230296e-15,-3.851086116668512e-15,8.049116928532385e-16,0.09219083440406736,0.06041784302653869,False,722019.2428059819
2025-05-05,-2.6429463599906633e-07,0.00024177721308036703,0.00017284026690332144,6.920124081304465e-05,98369.57112782217,0.48154121982924386,0.40801452054362447,4.225786387479502e-15,3.7643499428696714e-15,8.829742492721948e-16,0.04045324311611462,-0.06041784302653869,False,384120.80273297214
2025-05-06,-0.00011580278045012801,7.616229053486562e-05,0.00017519735096265307,1.6767720022340562e-05,98358.17965797389,0.4865314152759814,0.29920593127323825,1.5230872119076366e-15,1.3461454173580023e-15,3.903127820947816e-16,0.05034349194737578,0.10671936758893281,False,353200.4029651055
2025-05-07,-0.00013658332552674308,5.184571359742272e-05,0.00017613290496225196,1.2296134161913835e-05,98344.74557070344,0.4898754928862608,0.32681124361515024,-3.2395960913866872e-15,-2.8380076066980564e-15,8.98586760555986e-16,0.06199593250159295,-0.04573687182382835,False,420546.9537349216
2025-05-08,-0.00013814243919075888,5.195756886360253e-05,0.00017666940900168388,1.3430599052677537e-05,98331.15998766871,0.4920506088037478,0.38496343144718687,-1.250735626179278e-15,-1.0685896612017132e-15,7.962380754733545e-16,0.06194719744111446,0.05590062111801244,False,361700.2025179731
2025-05-09,-9.363771172041742e-05,5.381696734051929e-05,0.00013163426406995638,1.5820414990980332e-05,98321.95248285665,0.3678316641459583,0.4693195735964659,-6.904199434387692e-16,-6.314393452555578e-16,1.8821749714348357e-16,0.09925145044112237,-0.09203839638622249,False,711978.4591868715
2025-05-12,-0.0004085572530564343,-0.00017635051604895956,0.00017434541971475965,5.786131729271507e-05,98281.7823360351,0.48560803532707053,0.4178551159906686,-9.992007221626409e-16,-7.424616477180734e-16,3.712308238590367e-16,0.05945825369215084,-0.026538678712591763,False,647846.5554869169
2025-05-13,-0.00017311162974998614,2.045290351952592e-05,0.000176392405215101,1.717212805441108e-05,98264.76861652017,0.49022812225779433,0.8668464846626769,-1.3739009929736312e-15,-1.384309333829492e-15,7.355227538141662e-16,0.09407778532482966,0.06154714850367025,False,248497.92668948264
2025-05-14,-0.00020075779184777236,1.479358963672598e-05,0.00017992755334767595,3.562382813682239e-05,98245.04119855628,0.49822933004073766,0.6978011028117408,3.3306690738754696e-16,4.371503159461554e-16,2.0990154059319366e-16,0.09625554659794142,0.07171089779785433,False,570140.1507374872
2025-05-15,-7.530847680666355e-05,0.0001241656298389497,0.00017079734899581568,2.8676757649797553e-05,98237.6425141498,0.47668203177577484,0.4604675969465107,5.492134524942571e-15,5.495603971894525e-15,1.4988010832439613e-15,0.0496888537400594,0.0005646527385657821,False,546107.4520850343
2025-05-16,-0.0001937124208724909,-2.9550019689744775e-07,0.00017449359477368228,1.8923325901911172e-05,98218.61266259757,0.481858527953134,0.277244922790248,-5.3013149425851225e-15,-4.721917301608869e-15,9.835882108788496e-16,0.04447657920382774,-0.14172783738001132,False,351188.40786424687
2025-05-19,-0.00020343628391656607,1.019907160987003e-05,0.00017945447463448707,3.4180880891949046e-05,98198.63143302605,0.49820636970162147,0.4218438396886487,2.6645352591003757e-15,2.3592239273284576e-15,9.08995101411847e-16,0.09202434581645558,-0.07396950875211745,False,321876.5544497429
2025-05-20,-0.00020739072247409938,-1.715875099481484e-05,0.00017289592327290182,1.7336048206382714e-05,98178.26594790719,0.4804518195893271,0.430364194341661,-9.575673587391975e-16,-5.360295540768334e-16,7.632783294297951e-16,0.056178309798224885,-0.09768492377188029,False,244055.57715289746
2025-05-21,-7.918529286901778e-05,0.00011518349662448935,0.00017668258972604157,1.768619976746556e-05,98170.49167316474,0.4889258532331916,0.27463473558528995,1.1032841307212493e-15,1.0234868508263162e-15,2.8427780962569926e-16,0.05031544016680102,-0.0016939582156973462,False,230343.07747070867
2025-05-22,-0.00018309785947337969,2.6689463670347615e-06,0.00017448044684375874,1.1286358996655706e-05,98152.51686627594,0.48289443779449687,0.34325998687046205,-1.915134717478395e-15,-1.6167622796103842e-15,4.2934406030425976e-16,0.04198502304571189,-0.0028232636928289105,False,432018.3794838345
2025-05-23,-0.00016395415840096228,2.762834557293469e-05,0.0001774759291710012,1.4106574802895778e-05,98136.4243529782,0.49383232227553103,0.5673941283765225,8.007483565108942e-15,7.445433158892456e-15,1.5900909061672408e-15,0.07827753643605777,-0.08639186900056467,False,626172.4955804397
2025-05-27,-0.00029701629549294163,-2.843872152100699e-05,0.00017530730629360347,9.327026767833114e-05,98107.27623576394,0.4819455139001596,0.3997963919299345,2.7755575615628914e-17,4.85722573273506e-17,1.9081958235744878e-17,0.06514253503820126,0.05477131564088086,False,169357.43114511832
2025-05-28,-9.086407883957524e-05,0.00010146007657723652,0.00017589416670736239,1.6429988709449366e-05,98098.36180848132,0.48798754958028784,0.36516403839928285,-5.898059818321144e-16,-7.216449660063518e-16,7.251144129583054e-16,0.07164549098813697,-0.006211180124223602,False,381801.4580278897
2025-05-29,-0.0002521905891618642,-6.0105764384516886e-05,0.0001770780834732672,1.500674130408014e-05,98073.62232482103,0.48741258444996716,0.2402220663365957,-8.482797797526587e-16,-6.852157730108388e-16,3.9898639947466563e-16,0.044890620547404565,-0.10897797854319595,False,239912.69621007497
2025-05-30,-0.0002797549518584857,-9.021343485056925e-05,0.0001796693772954536,9.872139712462875e-06,98046.18574332896,0.4983275320378232,0.32752998672757017,9.178421911393286e-15,8.097689185859736e-15,1.5241714140801221e-15,0.0513243599001771,-0.1044607566346697,False,416637.3381986596
2025-06-02,-0.00033766942027869165,-0.00012054470061408299,0.00017674431034203267,4.0380409322576006e-05,98013.07854462847,0.4911775297830499,0.433190280780691,-2.6020852139652106e-17,-1.6653345369377348e-16,6.36209834814494e-16,0.08245877762396535,0.06041784302653869,False,335093.4237562049
2025-06-03,1.9731456412324836e-05,0.00021378646155169963,0.000176252664833319,1.78023403060558e-05,98015.01248541562,0.4892361030587503,0.38684158347314956,-3.5561831257524545e-15,-3.2751579226442118e-15,6.591949208711867e-16,0.05944957385979337,-0.06832298136645965,False,351705.01061166223
2025-06-04,-0.00023721556955335837,-4.241369135099467e-05,0.0001789042788815492,1.5897599320814514e-05,97991.76179840411,0.49616296982629216,0.3349962636294096,2.1337098754514727e-16,1.8041124150158794e-16,7.806255641895632e-17,0.04591856801714555,-0.05815923207227556,False,287060.38799937995
2025-06-05,-0.0003117134144256851,-0.0001184966265420729,0.00017944981814541725,1.3766969738194905e-05,97961.21645174835,0.49908940151504505,0.28156452927668363,5.55805401702969e-15,4.496403249731884e-15,1.3817072486155269e-15,0.027396054793197868,-0.03557312252964427,False,508898.3169197744
2025-06-06,-0.00022199067100442561,-3.0791926803825265e-05,0.00017962759916183274,1.1571145038767593e-05,97939.4699755758,0.49434906414677793,0.3419557971789404,-1.4918621893400541e-15,-1.214306433183765e-15,3.7816971776294395e-16,0.06569041508478965,0.016374929418407683,False,168996.6177203163
2025-06-09,-0.0003212739540909713,-9.887629626764172e-05,0.00018023872392455587,4.2158933898773654e-05,97908.00457479518,0.49910255318252805,0.42731517739525937,-8.083811398051921e-16,-5.117434254131581e-16,6.058521739848999e-16,0.05563510631214712,-0.016374929418407683,False,205918.1339649161
2025-06-10,-0.0001861329756147468,1.1502682852770137e-05,0.00018007476076634186,1.7560897701175078e-05,97889.78066656717,0.49681318366517746,0.5916329532384883,5.176414852314792e-15,4.427014310692812e-15,1.0653370546842567e-15,0.08030642629580925,-0.0220214568040655,False,231936.0030636522
2025-06-11,-0.000211904025710793,-8.779655376740987e-06,0.00017881068732425134,2.431368300980067e-05,97869.03742796797,0.4937277614229777,0.728795846603592,9.159339953157541e-15,8.271161533457416e-15,2.383943736861127e-15,0.09179518187403794,-0.1360813099943535,False,206444.55612516758
2025-06-12,-0.0001916138188957563,1.8777455411258238e-05,0.0001804407600630317,2.9950514243982852e-05,97850.28436795474,0.49910985808332836,0.7641285900501553,-1.7806936480901925e-14,-1.5182299861749016e-14,3.2682190287403046e-15,0.08693223993486103,-0.012987012987012988,False,395492.5230845755
2025-06-13,6.007678212070153e-05,0.00026654435723602284,0.00017506503031873886,3.1402544796582455e-05,97856.16289816915,0.4857821224183598,0.5603530394554659,-7.0811412289373266e-15,-6.5503158452884236e-15,1.519617764955683e-15,0.0917457590414927,0.03896103896103897,False,384194.66888266307
2025-06-16,-0.0004217236999874711,-0.00017284119411180185,0.00017979788457293968,6.908462130272955e-05,97814.89463508515,0.4991710511847196,0.42191551729854176,2.7582103268031233e-15,2.392183673372017e-15,9.957312752106873e-16,0.03331397901585448,0.006211180124223602,False,222279.58950277785
2025-06-17,-5.703024038721144e-05,0.00012021538649963911,0.00015990663302526675,1.73389938615838e-05,97809.31622813066,0.4434515468086133,0.5364646565332188,-4.354155924701786e-15,-3.649858193455202e-15,2.1094237467877974e-15,0.09867473424604237,-0.1225296442687747,False,331388.78808667435
2025-06-18,-0.00029961880240999314,-0.00010434541929819927,0.00017322689037755184,2.2046492734242048e-05,97780.01071793784,0.48130695390162576,0.19764237684439287,6.458375501061653e-15,5.717648576819556e-15,1.6445178552260131e-15,0.0244518295302592,0.07622811970638058,False,321766.9379612344
2025-06-20,-0.00014140890548137587,5.053741132291071e-05,0.0001757017378855699,1.624457891871669e-05,97766.18375364425,0.48849361012898546,0.5219930606827842,2.1024848528838902e-15,1.817990202823694e-15,5.646524914304507e-16,0.06305493131749787,-0.016374929418407683,False,620491.2851067344
2025-06-23,-0.00024211017659308106,-2.5804468607196706e-06,0.0001751744208810595,6.435530885130189e-05,97742.51356563083,0.48753458754755663,0.7190085975208506,-2.6298407895808396e-15,-1.5404344466674047e-15,2.478052485432869e-15,0.06624337126477658,0.07622811970638058,False,344157.3555802335
2025-06-24,-0.00011783023929196122,9.004290668878105e-05,0.00017832484745248804,2.954829852825424e-05,97730.99654186839,0.49628951256782483,0.3515302264226049,3.677613769070831e-16,3.0184188481996443e-16,6.245004513516506e-17,0.049844119033716945,-0.11688311688311688,False,335600.91415047017
2025-06-25,-0.0002819339175862591,-9.298572080434665e-05,0.0001745017491207095,1.4446447661202924e-05,97703.44285914373,0.48571749361564454,0.35206503685621243,-3.7296554733501353e-16,-3.0010716134398763e-16,2.0643209364124004e-16,0.051366412312915735,0.04121964991530209,False,574210.263024671
2025-06-26,5.44099129474135e-05,0.00024343846834259502,0.0001745601292230084,1.446842617217313e-05,97708.75889496435,0.4856146654632759,0.4284578408957521,1.321859288694327e-15,1.2281842209915794e-15,3.233090878351774e-16,0.05130688691063142,-0.0028232636928289105,False,516818.0674586628
2025-06-27,-0.0001255317077974248,6.657187091225935e-05,0.00017449572223451632,1.760785647516784e-05,97696.49334759351,0.48652286908760367,0.29704549548846504,-7.433290094560618e-16,-6.661338147750939e-16,1.4617755790535814e-16,0.06267606626766985,-0.032185206098249576,False,761038.4627042112
2025-06-30,-0.0002407261356463825,-2.6237906742564706e-05,0.00017786618151482885,3.662204738898893e-05,97672.97524828374,0.49519001100898685,0.23096123802410212,3.694961003830599e-16,3.9898639947466563e-16,3.226585665316861e-16,0.04454858821182636,0.09768492377188029,False,390946.3770229299
2025-07-01,-0.0001558464515593387,3.094959620123887e-05,0.00017730449003355972,9.491557727017882e-06,97657.75326167805,0.49108989263224906,0.3047388307220696,-8.131516293641283e-15,-6.876443858772063e-15,1.4051260155412137e-15,0.05071718922217595,-0.025409373235460195,False,293829.0753818016
2025-07-02,-0.00037127440371029566,-0.000179126645926727,0.0001796242441922504,1.2523513591318263e-05,97621.49543756813,0.4986927024045615,0.5580442409652014,-2.3592239273284576e-16,-2.209604027525458e-16,9.80118763926896e-17,0.05404251502508787,0.1259175607001694,False,168167.1835759741
2025-07-03,-5.280835738482257e-05,0.00014879614570056972,0.00017867117811421962,2.293332497117267e-05,97616.34020674862,0.4988997610166047,0.41647485432914233,3.29250515740398e-15,2.976785484776201e-15,7.563394355258879e-16,0.08292669343251147,0.019762845849802372,False,386485.3948902414
2025-07-07,-0.00026069060619856064,-1.2383836477817059e-05,0.0001798451498310221,6.846161988972148e-05,97590.89254384523,0.497016218082155,0.26153955935457773,-3.469446951953614e-16,-3.400058012914542e-16,1.1557595158695477e-16,0.0423628942526758,0.026538678712591763,False,128507.11752831042
2025-07-08,-6.920302628216752e-05,0.00011549630396369461,0.0001739511291764959,1.0748201069366221e-05,97584.13895874361,0.4814106884467592,0.2772179214776006,-1.457167719820518e-16,-1.8735013540549517e-16,2.454633718507182e-16,0.027549437133150362,0.019762845849802372,False,108886.43690302261
2025-07-09,-0.00018499206406046194,1.1953011587904693e-06,0.00017479484789825514,1.139251732099729e-05,97566.08666745808,0.48901605444880114,0.3922356490231985,-7.511352650979575e-16,-6.661338147750939e-16,1.2836953722228372e-16,0.05125195914345627,0.20383963862224735,False,220789.54748271243
2025-07-10,-0.0001375407386548444,5.132006745715659e-05,0.00017274153286447224,1.6119273247528736e-05,97552.66735583017,0.48554790794770003,0.4608909335602449,1.1501216645726231e-14,1.0352829704629585e-14,2.5777990853015353e-15,0.06169067578292213,0.003952569169960475,False,480459.5817811517
2025-07-11,-0.00019873365023831112,-5.280562084235347e-06,0.0001745123648570799,1.894072329699589e-05,97533.28035815607,0.4866476080037222,0.3965013257432336,9.298117831235686e-16,9.211381657436846e-16,2.740863092043355e-16,0.04883909341408343,-0.04573687182382835,False,98776.52614765576
2025-07-14,-0.00015158511770377715,7.218135231240835e-05,0.00017488274492455407,4.888372509163142e-05,97518.49576437294,0.4924646379001366,0.6070866389074706,-3.1433189384699745e-15,-2.806782584130474e-15,8.430756093247282e-16,0.0867987201866486,-0.02428006775832863,False,470388.3526205647
2025-07-15,-0.0002686866166158029,-6.966035501906328e-05,0.00017407749561424067,2.4948765982498918e-05,97492.29384968855,0.489314322114034,0.44206638332423553,7.7021722333370235e-16,6.071532165918825e-16,2.706168622523819e-16,0.046935508463997376,-0.059288537549407126,False,368654.12952755694
2025-07-16,-8.428837363231182e-05,0.00011019349923618217,0.0001763147612250323,1.81671116434617e-05,97484.07638279827,0.4954520135989262,0.36548792404266395,-6.245004513516506e-17,-2.0816681711721685e-17,2.7755575615628914e-17,0.044800877593197716,0.050254093732354614,False,443731.3887994025
2025-07-17,-9.186621686103743e-05,9.208501987159536e-05,0.0001689311850596466,1.502005167298619e-05,97475.12088949679,0.47539308913282113,0.2789234768229082,-5.204170427930421e-16,-4.2327252813834093e-16,4.0939474033052647e-16,0.04904066445154592,0.07961603613777528,False,367225.51894061017
2025-07-18,-0.00030233021933892925,-0.00011531614606596975,0.0001755514646364016,1.146260863655789e-05,97445.65121481818,0.49073758192344863,0.5312821676280078,1.4585554986012994e-14,1.2188167142213047e-14,2.654126918244515e-15,0.08698932860877488,0.08752117447769624,False,164286.3306772541
2025-07-21,-0.00018718143822931392,5.325776592736013e-05,0.00017493866294226394,6.55005412144101e-05,97427.4111976746,0.49020169456643137,0.4054229787020531,2.796374243274613e-15,2.5049406993105094e-15,1.2715523078909996e-15,0.039408889180278,-0.005081874647092039,False,232193.28004917034
2025-07-22,-0.00012068992886972175,6.972210519552642e-05,0.00017375081576242419,1.6661218302823984e-05,97415.6526903472,0.48939789196893524,0.2185533695929704,-5.78617015412064e-15,-4.999473057765158e-15,2.4702462297909733e-15,0.032674367519022446,0.07171089779785433,False,535894.0360378615
2025-07-23,-0.00016327209352884952,2.290994964406244e-05,0.0001772003978471732,8.981645325738746e-06,97399.74743278997,0.4972652205617441,0.5000503644588967,4.454769886308441e-15,4.690692279041286e-15,1.457167719820518e-15,0.058299028968619146,-0.031055900621118016,False,289841.5468927965
2025-07-24,-0.00015316486888894575,4.04968379419724e-05,0.00017311169185315546,2.0550014977762694e-05,97384.82921324461,0.4879135121023341,0.46587818477174264,2.42861286636753e-16,2.220446049250313e-16,8.326672684688674e-17,0.03941383866260524,0.05251270468661773,False,370061.1422845143
2025-07-25,-3.924118785125477e-05,0.00015251387048095244,0.00017260937950597122,1.9145678826235986e-05,97381.00771686759,0.48640352232451267,0.5023002742616077,8.118505867571457e-16,9.575673587391975e-16,8.309325449928906e-16,0.06359821368861983,0.059288537549407126,False,295472.9580557528
2025-07-28,-6.472916994027191e-05,0.0001732353823174502,0.0001760371211843733,6.19274310733488e-05,97374.70432507014,0.4938228739496795,0.37786753976074,6.70991040507829e-15,6.147859998861804e-15,1.2628786905111156e-15,0.043762878205460896,-0.050254093732354614,False,243249.38906180527
2025-07-29,-0.0003187787166081392,-0.00012657526692393649,0.0001766746466803369,1.5528803003865754e-05,97343.6633417953,0.49642125181003127,0.5175876435621374,6.800116025829084e-15,5.7592819402429996e-15,1.5404344466674047e-15,0.0808584893911362,-0.0220214568040655,False,232296.81593054163
2025-07-30,-0.0001274060588806373,6.847344648817447e-05,0.000174608780290916,2.127072507789578e-05,97331.26116929192,0.48930596215012767,0.5290997517586145,1.0824674490095276e-15,9.783840404509192e-16,3.209238430557093e-16,0.06679904564473164,0.10559006211180126,False,179322.43054588983
2025-07-31,-0.00015504703650675688,4.386172603176278e-05,0.0001771649371237821,2.1743825414737535e-05,97316.17024568816,0.4988478959886402,0.555675275742577,3.8762396070701755e-15,3.462508058049707e-15,6.418476861114186e-16,0.0825300421256787,-0.08413325804630155,False,371493.18945312785
2025-08-01,-0.0001750170930269527,2.0214307038984996e-05,0.00017239542982994154,2.283597023599616e-05,97299.13825246725,0.48391564471725734,0.3751229412935403,1.880440247958859e-15,1.887379141862766e-15,6.175615574477433e-16,0.05193211367607017,-0.09090909090909091,False,204968.07672218332
2025-08-04,-0.0003019939847602478,-7.754018585496799e-05,0.00017820576504717233,4.6248033858107475e-05,97269.75449799265,0.4989360549992162,0.2855445039184274,4.839878497975292e-15,4.154662724964453e-15,1.0793232627093197e-15,0.026521713701214335,-0.04347826086956522,False,150224.930199841
2025-08-05,-0.00024793848237492,-6.621164245764754e-05,0.00016999213427678933,1.1734705640483121e-05,97245.63758268143,0.4790046021389103,0.3658680725600738,4.520689378395559e-15,3.969047313034935e-15,1.5230872119076366e-15,0.02966921703616933,-0.1101072840203275,False,538163.2714626665
2025-08-06,-0.00029541216397382085,-0.00010538828756146947,0.000174988202197554,1.5035674214797369e-05,97216.91003844612,0.49022429616324226,0.590820455863793,6.730727086790012e-16,5.551115123125783e-16,2.480654570646834e-16,0.09714109637634967,-0.11801242236024848,False,174711.6692221613
2025-08-07,-0.0006545705404111257,-0.0004586642345402347,0.0001716260131641599,2.4280292706731186e-05,97153.27471310516,0.48209491470970006,0.3669756274352507,2.6471880243406076e-15,2.400857290751901e-15,4.510281037539698e-16,0.048172983223029216,0.019762845849802372,False,282813.44492185913
2025-08-08,-0.00025325264419558417,-6.322360109275124e-05,0.0001749478529342611,1.5081190168571837e-05,97128.6703893918,0.4911111937751461,0.400550704580219,-1.457167719820518e-16,-1.3877787807814457e-16,5.0306980803327406e-17,0.08659329931895955,0.12140033879164315,False,171759.023966518
2025-08-11,-0.0001900125934358436,3.182904167445753e-05,0.00017245867153191797,4.9382963578383184e-05,97110.21471883413,0.4855332948283188,0.6515974554898798,8.951173136040325e-15,7.518291544883482e-15,5.179884299266746e-15,0.07807911815867416,0.13382269904009036,False,244286.62556203536
2025-08-12,-0.00038187126922112325,-0.0001791146231781191,0.00017597866842013272,2.6777977622871404e-05,97073.13111788512,0.49300687280426075,0.47499553499040154,-1.6653345369377348e-16,-1.6306400674181987e-16,3.9898639947466563e-17,0.06846479203885654,-0.0378317334839074,False,110226.45913309121
2025-08-13,-0.0002811505706559535,-8.586101073197185e-05,0.00017576919547232132,1.9520364451660345e-05,97045.83895167596,0.49298945242666237,0.43493641533700433,1.7277845820728999e-15,1.3530843112619095e-15,1.3470127790959907e-15,0.08096336841053887,0.03444381705251271,False,143782.05220863453
2025-08-14,-0.00012032316091345775,7.251880962122778e-05,0.00017496787127426077,1.787409926042476e-05,97034.1620895798,0.4931151077978644,0.8257674291687963,-2.9004576518332215e-15,-2.2898349882893854e-15,1.6384463230600943e-15,0.07690518742171423,-0.005083310002196807,False,295647.780900265
2025-08-15,-0.0001633358395490106,4.034353447938285e-05,0.0001697437262543332,3.393564777406024e-05,97018.31293324997,0.4775835529563693,0.36435656875557354,-6.453171330633722e-16,-3.5388358909926865e-16,3.209238430557093e-16,0.038421182915555144,0.032185206098249576,False,196484.42011454102
2025-08-18,-0.0001724525681199281,4.82821233133712e-05,0.00017581401857302302,4.4920672860276275e-05,97001.58187602996,0.4962468795146633,0.4429315982625692,-2.031361190368841e-15,-1.8041124150158794e-15,4.2327252813834093e-16,0.05494318282853507,-0.08977978543195936,False,411706.91044688097
2025-08-19,-0.00013162908796047752,6.139500778385291e-05,0.00017482142732258094,1.820266842174951e-05,96988.81364627689,0.49202783896163815,0.2824089898324417,-3.46077333457373e-15,-3.74873743158588e-15,2.203098814490545e-15,0.028658229808750678,-0.06380575945793338,False,258417.73783459482
2025-08-20,-0.00024047424731975066,-5.634380227671933e-05,0.00017252459614580757,1.1605848897223772e-05,96965.49033431687,0.48632706623772737,0.5239037410345907,-2.4945323584546486e-14,-2.1219137558148304e-14,4.773959005888173e-15,0.07439226353826273,0.14624505928853757,False,384131.2409564282
2025-08-21,-6.344222106609637e-05,8.81546763575652e-05,0.0001300666066962116,2.1530290727449953e-05,96959.33862824329,0.36733137340376065,0.49919453622427024,-8.604228440844963e-16,-9.645062526431047e-16,3.646714007154994e-16,0.09949314536126531,0.14911042673110633,False,465330.0286761735
2025-08-22,0.00017323811620391347,0.0003681600574585855,0.00017440709730024993,2.0514843954422095e-05,96976.13568141562,0.48964210007698306,0.1754352285360592,-6.522560269672795e-16,-5.030698080332741e-16,1.7694179454963432e-16,0.019027856821055122,0.09881422924901187,False,209968.47843589025
2025-08-25,-0.00013890669705661406,5.545196933582501e-05,0.00017272966561402073,2.1629000778418334e-05,96962.6650467148,0.48726153466728217,0.49801797447011376,6.050715484207103e-15,5.051514762044462e-15,1.836563941291086e-15,0.052984379041276945,-0.0694522868435912,False,249315.8437182465
2025-08-26,-3.466795798054572e-05,0.00016008070906051633,0.00017428217493955077,2.046649210151128e-05,96959.30354911728,0.4918087240813858,0.33749629419389005,1.5074747006238454e-15,1.2333883914195098e-15,8.799384831892354e-16,0.043367556579011035,0.16205533596837948,False,317202.51428045327
2025-08-27,-0.00018090869790685676,1.0816124875980929e-05,0.0001778551120625409,1.3869710720296789e-05,96941.76276776225,0.49936746047121255,0.537468845208602,1.790234627208065e-15,1.7694179454963432e-15,1.1995612836379621e-15,0.05261878313136129,-0.07171089779785433,False,178621.32264819116
2025-08-28,-0.0004229943838899476,-0.00022444288509954578,0.00017646373802840455,2.208776076199727e-05,96900.7569465471,0.496761228322968,0.5078517763729585,8.673617379884035e-17,8.326672684688674e-17,4.5102810375396984e-17,0.04904826771086236,0.03896103896103897,False,355094.493706509
2025-08-29,-0.00021114274076961174,-1.3296151836229604e-05,0.0001769759679865482,2.087062094683391e-05,96880.29705514276,0.4985096328867562,0.8334382150125415,1.326716514427062e-14,1.1476930517062556e-14,2.1441182163073336e-15,0.077686914776886,-0.044607566346696784,False,309160.6465949854
2025-09-02,-0.00020389576973635302,0.00010778291204938223,0.00017467513959189504,0.00013700354219384022,96860.54357240241,0.49139104695079855,0.8231430425129186,-3.6914915568786455e-15,-3.1710745140856034e-15,1.4016565685892601e-15,0.06579576321231355,-0.0005646527385657821,False,286403.83836337074
2025-09-03,-0.00024343704749035068,-3.798289990879537e-05,0.00017162635131390096,3.382779626765435e-05,96836.96412765684,0.48365077439529525,0.49114504021357325,7.979727989493313e-16,8.951173136040325e-16,3.0878077872387166e-16,0.08107128362760119,-0.10333145115753813,False,262892.8469098341
2025-09-04,-0.0003174497616254858,-0.00012497844965485516,0.00017228726922212764,2.0184042748502978e-05,96806.22325647798,0.486427456504985,0.5869772465977188,2.498001805406602e-16,2.220446049250313e-16,6.453171330633722e-16,0.05480198589687565,0.015245623941276118,False,436475.7096127074
2025-09-05,7.702521534057418e-06,0.00020527676837043505,0.0001734518942364714,2.412235259990624e-05,96806.96890849726,0.488041133750169,0.5465854188946474,4.85722573273506e-17,2.7755575615628914e-17,1.3877787807814457e-17,0.07105922101494572,0.012987012987012988,False,401025.88687727734
2025-09-08,-0.00041269616575689686,-0.00017176384645229277,0.00017354507587923662,6.738724342536748e-05,96767.01704361018,0.4878758423403327,0.4804810453284699,-9.853229343548264e-15,-8.604228440844963e-15,2.0296264668928643e-15,0.06295582984891586,-0.0220214568040655,False,214124.34383482713
2025-09-09,9.665156334572817e-05,0.000290122630911383,0.00017372527118229264,1.9745796383362185e-05,96776.36972708775,0.4879534897765633,0.5924793479942325,2.0816681711721685e-17,3.469446951953614e-17,1.3704315460216776e-16,0.06257263171352322,0.13156408808582723,False,212528.15866406416
2025-09-10,-7.30821297459955e-05,0.00012285749545068404,0.00017159115884075217,2.4348466355927364e-05,96769.297103879,0.483630791864285,0.3440647537148502,3.469446951953614e-17,4.163336342344337e-17,7.979727989493313e-17,0.06950082653516665,0.09655561829474874,False,342288.5350279542
2025-09-11,-5.8614189955856286e-05,0.00012996151340358337,0.00017443605594650061,1.4139647412939042e-05,96763.62504991665,0.491477880311553,0.3485917038331954,1.7139067942650854e-15,1.4988010832439613e-15,1.4259426972529354e-15,0.04190293346458837,-0.025409373235460195,False,302696.4861735755
2025-09-12,5.444536770731193e-06,0.0001963757513633747,0.00017660552813374513,1.4325686458898367e-05,96764.1518830313,0.49694291995910417,0.2924053961425563,-5.689893001203927e-16,-3.7816971776294395e-16,4.0939474033052647e-16,0.04701782212976187,0.014116318464144554,False,309953.1253610351
2025-09-15,-0.00011618185080831486,5.724810197066247e-05,0.00013737997243263471,3.6049980346342625e-05,96752.90964477364,0.3878663132999899,0.6532039618455668,1.1102230246251565e-14,1.0602629885170245e-14,2.6575963651964685e-15,0.09897536046105707,0.08865047995482779,False,537478.3874695554
2025-09-16,0.0002752431844812125,0.00047827581941998603,0.00017618863650676437,2.6843998432009135e-05,96779.5402237321,0.4965102201183938,0.4593070511396844,-8.257283745649602e-16,-6.591949208711867e-16,6.982261990806649e-16,0.07018816783221549,0.04912478825522304,False,499811.5567388731
2025-09-17,-0.00034341206330319377,-0.00015264593973421696,0.0001718904913303596,1.8875632238617198e-05,96746.30496213833,0.48150254739452225,0.2692614453162474,4.246603069191224e-15,3.892719480091955e-15,1.465841337200402e-15,0.025408613997815934,0.005081874647092039,False,172719.24717581458
2025-09-18,-0.00013981526443528373,4.645823607216333e-05,0.0001752079616588343,1.1065538848612735e-05,96732.7783519269,0.4929875697571833,0.3704746424700472,1.7694179454963432e-16,1.5612511283791264e-16,6.591949208711867e-17,0.06649385641510641,0.0694522868435912,False,300996.18756642914
2025-09-19,-0.00015079404174420674,3.742400385073525e-05,0.00017299306028795378,1.5224985306988231e-05,96718.19162531006,0.48558159552907304,0.32725667901746747,-4.777428452840127e-15,-4.218847493575595e-15,1.0061396160665481e-15,0.03678593897689073,-0.026538678712591763,False,208122.50037135792
2025-09-22,-0.00019808313235911826,1.933467806213287e-05,0.00017707109656978196,4.034671385146917e-05,96699.03338295681,0.49804472003244904,0.5313310540118007,-3.078266808120844e-14,-2.8477220581635265e-14,9.393852883066156e-15,0.08859997444605011,-0.03896103896103897,False,193928.65519085168
2025-09-23,-0.00028805029060528174,-9.29939729716455e-05,0.0001732207948660267,2.1835522767609515e-05,96671.1791982896,0.4884137427975,0.3843761673735246,4.0592529337857286e-16,3.608224830031759e-16,9.8879238130678e-17,0.03467218943911218,0.08413325804630155,False,295238.820783041
2025-09-24,-5.235402031814531e-05,0.0001344578794757127,0.00017101561894289127,1.5796280850966746e-05,96666.11807340967,0.4814332765277306,0.6154175974695655,-2.1807208816504442e-14,-1.942890293094024e-14,3.837208328860697e-15,0.05501674786069989,-0.07848673066064371,False,234213.804515838
2025-09-25,-0.00014676220883864618,5.409510257134946e-05,0.00017556617726740986,2.529113414258578e-05,96651.93114040136,0.4939549763405628,0.5296784972078789,-3.1780134079895106e-15,-2.8345381597461028e-15,6.626643678231403e-16,0.06669086281697355,-0.017504234895539244,False,207789.57876392858
2025-09-26,-0.00018784780403332337,8.73413234632185e-06,0.0001748143269053487,2.176760947429652e-05,96633.77528738105,0.4914458447699225,0.22888951006832242,3.783431901105416e-15,3.2612801348363973e-15,5.811323644522304e-16,0.027054777629724865,-0.006211180124223602,False,244195.19873879277
2025-09-29,-0.0001933264634931881,8.724535203062051e-06,0.00017383174403029305,2.821925466595709e-05,96615.09342135074,0.49034404375349755,0.4162337095324291,-1.1581013925621164e-14,-1.0619977119930013e-14,2.858824288409778e-15,0.05867888856566728,-0.08865047995482779,False,404215.0596347527
2025-09-30,-0.0002627454374218644,-7.161306744816302e-05,0.00017402687506140927,1.710549491229208e-05,96589.70824636819,0.4912258993111855,0.5735361209833179,-2.0650148258027912e-14,-1.7985612998927536e-14,4.0462425077159025e-15,0.08121008094873132,0.06890709114089004,False,344269.77347034065
2025-10-01,0.0003534106929021536,0.0005520318206168126,0.00017505115014000125,2.3569977574657743e-05,96623.84408208675,0.4896972286081354,0.66324352980752,8.826273045769994e-15,7.688294445529209e-15,1.9741153156616065e-15,0.0883848603986207,0.12478825522303785,False,119054.22378185588
2025-10-02,0.00013222928842043403,0.000330500622120341,0.00017101475028315991,2.7256583416747033e-05,96636.62058423419,0.48159330953074353,0.37380270121152426,3.25434124093249e-15,2.8380076066980564e-15,5.48172618408671e-16,0.05244956130079671,-0.026538678712591763,False,395904.11919481837
2025-10-03,-0.0002634606750636396,-7.112347771682315e-05,0.00017697544250250738,1.536175484430908e-05,96611.1606349392,0.49717608277924835,0.37735024124628025,3.95516952522712e-16,6.765421556309548e-16,1.1642162928149347e-15,0.03683627796095896,-0.017504234895539244,False,139067.08585067696
2025-10-06,-0.0004174536609671601,-0.00019828801494880667,0.00017264301353593533,4.652263248241806e-05,96570.82995224185,0.4867633594223104,0.3048597494175373,4.926614671774132e-16,4.579669976578771e-16,1.214306433183765e-16,0.03744755674801342,-0.04573687182382835,False,417394.95668753906
2025-10-07,-0.00021670725471535502,-3.3465534140030646e-05,0.00017071323772254888,1.2528482852775486e-05,96549.90235279732,0.48063200326230393,0.2938994274384732,1.0894063429134349e-15,9.71445146547012e-16,6.349087922075114e-16,0.03383777967318968,0.003952569169960475,False,331657.90756747656
2025-10-08,-0.00024923483721162824,-6.199493386905318e-05,0.00017516184468072005,1.2078058661855022e-05,96525.83875360162,0.4938643039060109,0.32678068746347394,2.785965902418752e-15,2.851885394505871e-15,2.005340338229189e-15,0.03329182346338324,0.11688311688311688,False,405263.43402643554
2025-10-09,-0.00011883289018706094,6.833939516348133e-05,0.00017374294203012565,1.3429343320416624e-05,96514.3683092048,0.48787415280239277,0.39846529392717633,7.559924908306925e-15,7.112366251504909e-15,1.842276331487369e-15,0.043172137339830004,0.047995482778091486,False,121098.53307441072
2025-10-10,-0.00014084936101169305,4.9867370084097904e-05,0.0001743414450439895,1.6375286051801456e-05,96500.7743221,0.4891887025854566,0.4626943792899057,4.0245584642661925e-16,5.689893001203927e-16,1.0894063429134349e-15,0.053805925035936904,-0.06380575945793338,False,102461.34487508744
2025-10-13,-0.00036146705318291784,-0.0001292054263352275,0.00017521711433249654,5.704451251519379e-05,96465.89247157592,0.49220935769748486,0.2532657254540802,-1.3253287356462806e-15,-1.2836953722228372e-15,2.914335439641036e-16,0.0313043480866174,0.04686617730095992,False,150439.48316523095
2025-10-14,-0.00015260496927797896,2.99481232350563e-05,0.00017214491201492232,1.040818049811294e-05,96451.17129701893,0.4852394531341138,0.5858242158715934,-1.0921819004749977e-14,-1.0241807402167069e-14,2.8935187579293142e-15,0.06166153724467627,-0.03444381705251271,False,387372.7875642178
2025-10-15,-0.0004254960520017517,-0.00022868632331007557,0.00017273476091613077,2.4074967775545385e-05,96410.1317044211,0.48658502358512734,0.2919062706713245,-8.465450562766819e-16,-1.384309333829492e-15,1.0755285551056204e-15,0.02310204046410831,0.1326933935629588,False,400463.5547524045
2025-10-16,-0.00022475556503568077,-3.6061541590480924e-05,0.00017669787533541935,1.1996148109780493e-05,96388.46299079471,0.4974476363102842,0.4671036190923908,1.339206523454095e-15,1.3461454173580023e-15,5.30825383648903e-16,0.08611790834146689,0.1360813099943535,False,323679.74401733704
2025-10-17,-1.3137219505467882e-05,0.00018322429064660474,0.0001771654710112895,1.9196039140783124e-05,96387.19671439861,0.4987768564898405,0.635198264457201,-1.790234627208065e-15,-1.6792123247455493e-15,3.2612801348363973e-16,0.09790211137144907,-0.03896103896103897,False,198331.5892625298
2025-10-20,-0.00023171558643979572,1.9839638206387922e-05,0.00017324310985009016,7.831211479609348e-05,96364.86229858665,0.48641496774273646,0.4771167513051367,-8.701372955499664e-15,-8.11156697366755e-15,2.067790383364354e-15,0.04217658679459696,-0.08074534161490683,False,130552.20120284481
2025-10-21,-3.195185946345915e-05,0.00016006322338583913,0.00017240754512442928,1.9607537724868986e-05,96361.78326204927,0.48500866444774055,0.39132238486896165,1.7243151351209463e-15,1.4224732503009818e-15,3.885780586188048e-16,0.06166280568979562,0.08639186900056467,False,171886.17036302475
2025-10-22,-0.00011247591836948412,8.048141811083041e-05,0.00017687559463638468,1.608174184392986e-05,96350.94488198115,0.49666853091687735,0.2385256791244748,2.1024848528838902e-15,1.700029006457271e-15,2.949029909160572e-16,0.02162097613278116,0.04912478825522304,False,185440.6870831123
2025-10-23,-0.0001874272310345413,-3.7769309534014506e-06,0.00017384787491164094,9.802425169498878e-06,96332.88609117437,0.48893256362300863,0.5039391443488146,-9.020562075079397e-16,-6.938893903907228e-16,2.1510571102112408e-16,0.05311898805269042,0.1202710333145116,False,195905.45220805088
2025-10-24,-6.540394724480845e-05,0.00012715669104408362,0.00017185081043894076,2.0709827849951318e-05,96326.58554017452,0.48322297979308004,0.4176178609697745,1.1223660889569942e-15,1.2490009027033011e-15,5.342948306008566e-16,0.07447248770414423,-0.005081874647092039,False,281469.2460545437
2025-10-27,-0.0004502229087927236,-0.00022344975611274083,0.00017528601913576407,5.148713354421864e-05,96283.21710463855,0.49249645209376736,0.5284027017193272,-9.08995101411847e-16,-7.91033905045424e-16,2.706168622523819e-16,0.052005833973532305,0.04573687182382835,False,130800.88710677206
2025-10-28,-0.00010064670693373551,8.329388371285474e-05,0.00016222541112387813,2.1715179522712117e-05,96273.52651590397,0.45821263216946573,0.37727876890638307,-2.3037127760972e-15,-1.8596235662471372e-15,7.286922801275075e-16,0.09905472983303981,-0.006211180124223602,False,403210.2067176945
2025-10-29,3.8053463822330515e-05,0.00022649901367449653,0.0001729409429108077,1.55046069413583e-05,96277.19005706228,0.48689257246213474,0.33466924598040954,-1.4155343563970746e-15,-1.4918621893400541e-15,6.019490461639521e-16,0.05490168700285891,0.08752117447769624,False,241092.0012917268
2025-10-30,-0.00012579888197313164,6.560643181563293e-05,0.00017765178313203535,1.3753530656729217e-05,96265.07849419359,0.4986407868239191,0.4760979614927366,4.1321113197767545e-15,3.982925100842749e-15,8.951173136040325e-16,0.08185620929662875,0.023150762281197064,False,168179.8430792363
2025-10-31,4.182661189344e-05,0.00023196772522970745,0.00017057544368588118,1.9565669650386266e-05,96269.10493627064,0.4802641223507244,0.22024058267754812,-6.989200884710556e-15,-6.310924005603624e-15,1.124100812432971e-15,0.023173099277970368,0.16770186335403728,False,365368.3817574638
2025-11-03,-0.00022299117689326742,-2.3546803811816364e-05,0.00017229142453216345,2.7152948549287612e-05,96247.63777526244,0.48555088709120703,0.4331571095431574,-5.828670879282072e-16,-4.996003610813204e-16,1.5959455978986625e-16,0.05536627362253313,0.02428006775832863,False,234745.9581643143
2025-11-04,-0.0002946249232828266,-0.00010315958218082072,0.00017366436399749254,1.780097710451334e-05,96219.28082236675,0.48947596245735836,0.22008411573235878,1.6878859421254333e-15,1.5543122344752192e-15,3.226585665316861e-16,0.0549941180770829,-0.051383399209486175,False,273652.770457691
2025-11-05,-0.00013974547257875611,4.439700848159359e-05,0.00017509792835901998,9.044552701329741e-06,96205.83461349703,0.4900429570725443,0.6495169590188276,5.842548667089886e-15,5.780098621954721e-15,2.2065682614424986e-15,0.07410086566567402,-0.0005646527385657821,False,116956.62005002517
2025-11-06,3.290045457443453e-05,0.00023584968493443203,0.00017625675259210071,2.6692477767896783e-05,96208.99982918854,0.4959104021795035,0.43275146365655665,-2.6124935548210715e-15,-2.473715676742927e-15,7.840950111415168e-16,0.07401742664463844,-0.11801242236024848,False,327497.5851100132
2025-11-07,-0.0002973703390781434,-0.00010133821431924047,0.0001782478180332909,1.7784306725612023e-05,96180.39012628696,0.4971673858878728,0.3131886164745105,-3.469446951953614e-17,-5.204170427930421e-18,2.7755575615628914e-17,0.032268095637370285,-0.02766798418972332,False,98729.64885710036
2025-11-10,-0.00015554217949505084,3.233362612066755e-05,0.00014926351043392943,3.861229518178896e-05,96165.43001878203,0.4207001852514741,0.44606750148824265,9.71445146547012e-16,8.465450562766819e-16,1.8041124150158794e-16,0.09865551525025901,-0.026538678712591763,False,368193.66140171594
2025-11-11,-0.00041020855154604225,-0.0002156150490101763,0.00017626196137881492,1.8331541157051026e-05,96125.98213702523,0.49717324133473656,0.3853202936994616,-2.5673907444456745e-16,-1.491862189340054e-16,1.5265566588595902e-16,0.06655607850831348,0.05251270468661773,False,250163.92268600973
2025-11-12,-0.00014557090927857732,4.39420572065515e-05,0.00017367788592213723,1.583508056299158e-05,96111.98899040025,0.4875170975258851,0.41217494536451604,-2.168404344971009e-15,-2.0539125955565396e-15,5.585809592645319e-16,0.04863958034181606,-0.10333145115753813,False,130689.40323450159
2025-11-13,-0.00024605195699650245,-5.259475791590582e-05,0.0001765185026957534,1.693869638484321e-05,96088.34044741833,0.4956373039559958,0.3162616211906216,1.8769708010069053e-15,1.880440247958859e-15,5.134781488891349e-16,0.03460573587708284,0.028797289666854884,False,148755.1264963955
2025-11-14,-9.898201298002971e-05,8.792180800991038e-05,0.00017390676806429818,1.2997052925641906e-05,96078.82943005694,0.4892348872749273,0.5314400961659654,-4.207571790981746e-15,-3.878841692284141e-15,1.651716957651317e-14,0.06645316851186006,-0.028797289666854884,False,245537.53195225087
2025-11-17,-0.00026199528564707164,-2.5121895394525518e-05,0.00017135337839646768,6.552001185607845e-05,96053.65722969577,0.48236620527617824,0.35509521799694876,8.465450562766819e-16,7.112366251504909e-16,1.700029006457271e-16,0.05477103637828416,0.023150762281197064,False,241515.65070927382
2025-11-18,-0.00020440180733280447,-1.2426890114234448e-05,0.0001773819630543119,1.4592954164258133e-05,96034.02368855709,0.49934080621060517,0.37906634941174117,0.0,0.0,8.673617379884035e-18,0.05458074269708026,0.008469791078486732,False,336340.43953929783
2025-11-19,-0.00030006070838103915,-0.00011123403024608385,0.00017324860898104813,1.5578069153907175e-05,96005.20765138042,0.48704709404642976,0.31181426574686727,-3.1051550219984847e-16,-2.636779683484747e-16,9.71445146547012e-17,0.04384014755274029,0.051383399209486175,False,269283.5274376199
2025-11-20,-0.00012825933783285786,5.9881793563204886e-05,0.00017532684650235585,1.2814284893706883e-05,95992.89408701855,0.4940231322283808,0.20058360439762857,1.8596235662471372e-15,1.672273430841642e-15,8.500145032286355e-16,0.017094774540864197,-0.015245623941276118,False,242194.26817884
2025-11-21,-6.649198754525964e-05,0.00011810201335083327,0.0001763508390715329,8.243161824560002e-06,95986.51132870048,0.49592379716659385,0.4188990778382688,1.863093013199091e-15,1.6653345369377348e-15,9.922618282587337e-16,0.09465524658732849,-0.06493506493506496,False,246037.53658281922
2025-11-24,0.00012847464451894047,0.00035172035441565126,0.0001716006181084313,5.164509178827948e-05,95998.84316162205,0.48265592811360525,0.35349512311528836,2.6020852139652106e-16,2.0816681711721685e-16,6.245004513516506e-17,0.03914858758140299,0.0694522868435912,False,264311.3265851918
2025-11-25,-0.00011918992539355958,7.099869757518432e-05,0.0001756614261283896,1.4527196840354302e-05,95987.40106666773,0.4927724374383582,0.31977376447753253,-4.822531263215524e-16,-7.28583859910259e-17,1.1796119636642288e-15,0.0318637094769283,-0.026538678712591763,False,146428.48973828225
2025-11-26,-0.0002251349674814518,-3.888845426629373e-05,0.00017310512563388958,1.3141387581268483e-05,95965.79094624997,0.48693086002338465,0.4932691314447801,-5.620504062164855e-16,-1.6375789613221059e-15,4.579669976578771e-15,0.048286085749336634,-0.011857707509881424,False,318221.68168946507
2025-11-28,-0.0002725290249054015,-5.9252830978404015e-05,0.0001727335255890703,4.0542668337927175e-05,95939.63748281912,0.48554741225376613,0.2440480445188047,-6.643990912991171e-16,1.3877787807814457e-17,3.8181263706249524e-15,0.030606645057818793,-0.04573687182382835,False,431748.94925183355
2025-12-01,-0.00026692689804896637,-6.25991337495685e-05,0.00017423964922173694,3.008811507766093e-05,95914.02861298589,0.4904508333539542,0.4511986127399997,-5.585809592645319e-16,-4.440892098500626e-16,9.055256544598933e-16,0.06084680562202403,0.009599096555618296,False,284162.38861018844
2025-12-02,-0.00020972347525009683,-1.8182746920541716e-05,0.00017299831958681537,1.8542408742739738e-05,95893.91318957994,0.4878667688156878,0.23609444010547123,1.0096090630185017e-15,9.783840404509192e-16,1.0130785099704553e-15,0.023714034929119974,-0.07171089779785433,False,449363.2678109652
2025-12-03,-0.00020164839392112192,-1.7915065022577638e-05,0.00017403081766133319,9.702511237211103e-06,95874.57633599844,0.4900357774203995,0.40621055745834805,2.0469737016526324e-16,3.365363543395006e-16,1.2073675392798577e-15,0.06722755477119981,0.050254093732354614,False,342558.8763948961
2025-12-04,-6.175865468522055e-05,8.416510006506822e-05,0.00012923017019720597,1.6693584553082786e-05,95868.6552511454,0.3651413340730945,0.48248796232780755,1.2923689896027213e-15,1.0321604682062002e-15,1.4137996329210978e-15,0.09935130142715956,0.10333145115753813,False,797112.9243491031
2025-12-05,-4.6727962610616016e-05,0.00014994898945196598,0.0001768486796381516,1.9828272424430396e-05,95864.1755042073,0.49768053099597065,0.39152806565029036,-9.80118763926896e-16,-1.4155343563970746e-15,2.7113727929517495e-15,0.03826747646386969,-0.051383399209486175,False,347368.74788119935
2025-12-08,-0.0002874126297507906,-6.333915683670526e-05,0.00017580288947774804,4.82705834363373e-05,95836.62292942675,0.49376428686830015,0.46687356199054597,-4.344181264714919e-15,-4.322930902134203e-15,4.4482646732735276e-15,0.077841154021533,0.0005646527385657821,False,260481.21835224226
2025-12-09,-2.153420176901423e-05,0.00017427246009205088,0.00017662007712172743,1.918658473933768e-05,95834.55916425174,0.49563166578980267,0.5476928669602982,7.771561172376096e-16,7.077671781985373e-16,5.828670879282072e-16,0.06527426534833937,-0.0028232636928289105,False,343149.18744020496
2025-12-10,-0.00019570216743275653,1.0614214112433259e-07,0.00017330038353441659,2.250792603946428e-05,95815.80413330832,0.48927034636871924,0.32946809748301864,-6.938893903907228e-18,-1.3877787807814457e-17,3.469446951953614e-17,0.04911753668343279,0.031055900621118016,False,476309.4023687695
2025-12-11,-0.0002939805279622267,-0.00010443941084669443,0.00017600133228746307,1.353978482806926e-05,95787.63615262209,0.4951578330744154,0.5764249902312454,-9.08995101411847e-16,-1.0685896612017132e-15,2.733924198139448e-15,0.07476111053831802,-0.08752117447769624,False,258525.72881134076
2025-12-12,-0.0001573891641228138,3.511149585570084e-05,0.0001688119617498333,2.368869822868135e-05,95772.56021663472,0.47489339644730993,0.3262679249276276,-4.5102810375396984e-17,-2.0816681711721685e-17,1.1449174941446927e-16,0.03492375391995712,0.05590062111801244,False,222373.04946937287
2025-12-15,-0.00023863008673255637,-2.1844301480161456e-05,0.00017656097259008467,4.0224812662310255e-05,95749.70600228364,0.49755091413665287,0.3831175238172946,-3.0773994463828558e-15,-1.4779844015322396e-15,4.409667075933044e-15,0.0333471242343984,0.08865047995482779,False,313514.9826163918
2025-12-16,-0.00016600026954108782,2.1918379958967192e-05,0.00017217409372674144,1.57445557733136e-05,95733.81152527878,0.48498485714406664,0.3106125201200782,-3.2552086026704785e-15,-1.3253287356462806e-15,9.64332780295507e-15,0.037912451626975145,-0.09881422924901187,False,378057.55688054214
2025-12-17,-0.00022125371242130135,-3.286323434796684e-05,0.00017562557998620788,1.2764898087126634e-05,95712.63006407458,0.49454484178247227,0.4365500528245941,4.5553838479150954e-15,2.9698465908722937e-15,6.435824095873954e-15,0.03731183759161044,-0.11801242236024848,False,377906.01919697213
2025-12-18,-0.0004314572288936569,-0.00024486264291587775,0.0001686541728480015,1.7940413129777652e-05,95671.334157937,0.4737155025113925,0.19638670162285773,-1.0967789176863363e-15,-8.309325449928906e-16,1.4298458250738832e-15,0.02390702604090353,-0.02766798418972332,False,329097.8230036682
2025-12-19,-0.00012190917556889144,5.828595917761304e-05,0.0001721244483784418,8.070686368062689e-06,95659.67094446423,0.48517390553322115,0.4124946341806182,5.204170427930421e-16,6.210310043996969e-16,2.0816681711721685e-15,0.06154650870646359,-0.07622811970638058,False,418702.3481140578
2025-12-22,-0.000256712067454601,-2.9467333521446254e-05,0.00017638923108896903,5.0855502844185744e-05,95635.11395256405,0.49645512868186326,0.4281323701086291,-1.1761425167122752e-15,-9.645062526431047e-16,1.5092094240998222e-15,0.05443948378910585,0.07622811970638058,False,450173.0438262669
2025-12-23,-0.0002419672709158336,-5.127045130667181e-05,0.0001731023386457934,1.7594480963368367e-05,95611.97338503721,0.4874962069380939,0.45363066845469585,5.273559366969494e-16,4.0766001685454967e-16,8.187894806610529e-16,0.07606875968770793,0.09881422924901187,False,377846.0258019724
2025-12-24,-0.00017475584128703146,1.8695740249768827e-05,0.00017480922529893608,1.864235623786419e-05,95595.2646341912,0.4910799333353742,0.5765956849804424,4.1685405127722674e-15,4.763550665032312e-15,8.952907859516301e-15,0.06853190297723182,-0.11801242236024848,False,299670.1696286836
2025-12-26,-0.00029904555361642815,-7.80749445094631e-05,0.00017357918294418932,4.739142616277576e-05,95566.67729535556,0.4875769191875816,0.42634746585330985,-4.9682480351975755e-15,-4.052314039881821e-15,9.26342336171615e-15,0.03527355442999821,-0.18012422360248448,False,325150.8634073808
2025-12-29,-0.00015916842140958738,6.688125298596911e-05,0.0001734862881944629,5.256338620109359e-05,95551.4660981911,0.48878686299435914,0.6947765651333253,-1.1934897514720433e-15,-4.85722573273506e-16,6.231126725708691e-15,0.06699858933607598,-0.010728402032749858,False,407572.57629945804
2025-12-30,-0.0001470648796558636,5.669206367225183e-05,0.00017520448174729382,2.855246158082163e-05,95537.41383332842,0.4923376633100679,0.5191685306788998,-6.800116025829084e-16,-5.134781488891349e-16,1.2906342661267445e-15,0.058604067492110876,0.0536420101637493,False,319220.6829795307
2025-12-31,-0.00015429262882349522,4.201504940856478e-05,0.00017497198519046136,2.1335693041598646e-05,95522.67311459708,0.4919606507897193,0.5420998374936716,6.245004513516506e-17,-1.3877787807814457e-17,9.992007221626409e-16,0.07182988951278563,0.010728402032749858,False,374629.0477607114
2026-01-02,-0.0006099141729175695,-0.00039367884584243923,0.00017167917604825317,4.455615102687711e-05,95464.41248242951,0.48424147367869946,0.3122168563702769,2.8102520310824275e-16,6.938893903907228e-18,1.6896206656014101e-15,0.032569293274792674,0.017504234895539244,False,375861.4049116323
2026-01-05,-1.5598869615455914e-05,0.00019904737331930778,0.00017615375379322274,3.8492489141540955e-05,95462.9233455063,0.49654540012425014,0.6152729136940435,1.4779844015322396e-15,3.608224830031759e-16,3.7816971776294395e-15,0.07851728175404009,-0.015245623941276118,False,342496.2031563137
2026-01-06,-0.00025270709356962174,-5.834190375337264e-05,0.00016908000158224738,2.528518823400173e-05,95438.79918760399,0.4750737203415385,0.35827030560647777,4.440892098500626e-16,3.95516952522712e-16,4.40619762898109e-16,0.04025447809614222,-0.023150762281197064,False,212472.7236187173
2026-01-07,-1.1100135103078151e-05,0.0001782214394850745,0.0001745981373714481,1.4723437216704547e-05,95437.73980403892,0.4900878470243397,0.4674642087859813,9.08995101411847e-16,5.134781488891349e-16,1.4363510381087963e-15,0.05196404400584509,-0.023150762281197064,False,350774.8070950876
2026-01-08,-5.784733006530293e-05,0.00013837713974283966,0.00017701361191282833,1.921085789531426e-05,95432.21898560379,0.49794475512682335,0.3746997347706532,3.712308238590367e-16,1.8041124150158794e-16,9.957312752106873e-16,0.0675929923350025,-0.11349520045172222,False,354387.94420648145
2026-01-09,-0.00024427517229403805,-5.5703536404178554e-05,0.0001731730166527094,1.5398619237150117e-05,95408.90726386868,0.4857913047634769,0.4852525473936207,6.245004513516506e-17,6.591949208711867e-17,6.245004513516506e-17,0.08524720022654805,0.047995482778091486,False,147193.9238851141
2026-01-12,0.00015509705685334512,0.00038749316477752776,0.00017257045139620203,5.982565652798062e-05,95423.7049045829,0.4817925456951858,0.4066251535990316,9.71445146547012e-17,3.469446951953614e-17,8.81239525796218e-16,0.03953438577739178,0.028797289666854884,False,111594.24983355336
2026-01-13,0.00012589145185656458,0.00031685388347443903,0.00017425180886722932,1.671062275064513e-05,95435.71793333486,0.4912731597733632,0.501429845286192,-5.551115123125783e-16,-7.7021722333370235e-16,1.1032841307212493e-15,0.06128172265825604,0.015245623941276118,False,338746.34438292566
2026-01-14,-7.356170985801404e-05,0.0001243524449024618,0.0001773074487898104,2.060670597066545e-05,95428.69751874215,0.49667376668012014,0.450265928229332,2.366162821232365e-15,1.7069679003611782e-15,2.4702462297909733e-15,0.04497819174936491,-0.050254093732354614,False,163849.48612753244
2026-01-15,-0.00010984906601500076,8.2471018731791e-05,0.00017381600550449053,1.8504079242301215e-05,95418.21476544869,0.48979851470595437,0.3850830423564432,1.3877787807814457e-17,-6.938893903907228e-18,1.3877787807814457e-17,0.07376254481417498,0.09316770186335405,False,479931.3586144203
2026-01-16,-0.00012247691843402506,6.734155942595707e-05,0.0001739931473521831,1.5825330507799035e-05,95406.52823654174,0.4890111880313065,0.792498936753401,7.008282842946301e-16,5.273559366969494e-16,1.4363510381087963e-15,0.0783924794025632,0.13382269904009036,False,329912.28612548154
2026-01-20,-0.0004161162987714254,-0.000116756885454818,0.00016908561549413068,0.00013027379782247673,95366.8280251333,0.47645030489608403,0.3530620133505523,7.39425881635114e-16,2.498001805406602e-16,1.620665407431332e-15,0.05152346681605788,-0.006211180124223602,False,465611.1070330574
2026-01-21,-0.000272210585064958,-8.528566356985676e-05,0.0001724155236861745,1.4509397808926774e-05,95340.86816508078,0.4851193901725238,0.5074170058928166,4.354155924701786e-15,3.9968028886505635e-15,4.839878497975292e-15,0.05048393104804708,-0.10897797854319595,False,196802.4954723204
2026-01-22,-0.00031895270443813256,-0.00012176741163837389,0.00017633253913293075,2.08527536668279e-05,95310.45893733605,0.49549153232902654,0.4193494858922616,-4.593547764386585e-15,-3.608224830031759e-15,2.9073965457371287e-15,0.05690701485478522,-0.051383399209486175,False,233378.5866853055
2026-01-23,-7.094894116398351e-05,0.00012012264692872294,0.00017383804757658593,1.7233540516120525e-05,95303.6967611926,0.48896757151930226,0.4078574601056681,3.6012859361278515e-15,2.411265631607762e-15,2.348815586472597e-15,0.04151626849006967,0.14963297571993225,False,295969.1747793587
2026-01-26,-4.9340770695083177e-05,0.0001787371863638954,0.00017779416060759528,5.0283796451383285e-05,95298.9944033443,0.4973791381427774,0.3215813602697858,-1.2888995426507677e-15,-3.0878077872387166e-16,3.5128150388530344e-15,0.04601596182845482,0.025409373235460195,False,134000.47027651413
2026-01-27,-0.00014934528342636932,2.4258900323479625e-05,0.00016038851140999467,1.3215672339854263e-05,95284.76194801489,0.44817626509059716,0.436956727089989,-1.263746052249104e-15,-6.245004513516506e-16,3.303780859997829e-15,0.09866002130608419,-0.005081874647092039,False,151296.5069943033
2026-01-28,-2.6249281961832862e-05,0.00016650676061781138,0.00017479891680882272,1.7957125770821517e-05,95282.26079143185,0.4909707120490347,0.5167665144462594,-1.457167719820518e-16,-1.942890293094024e-16,1.394717674685353e-15,0.06295647563907178,0.0220214568040655,False,195191.9689101868
2026-01-29,-0.00024391245479802513,-4.834468819323327e-05,0.00017433078655905516,2.1236980045736695e-05,95259.0202613035,0.490825472373531,0.4125124725699978,5.377642775528102e-16,3.885780586188048e-16,4.544975507059235e-16,0.08198874157047091,0.1101072840203275,False,244994.05385014915
2026-01-30,-0.00012751095161963344,5.851199635702199e-05,0.00016907038061076513,1.69525673658903e-05,95246.87369297963,0.47726464138543334,0.3628870771714179,4.163336342344337e-17,1.3877787807814457e-17,1.2836953722228372e-16,0.037731830852528014,-0.101072840203275,False,522231.8865393585
2026-02-02,-0.00032393197382827644,-0.0001033199106375411,0.00017587256052576598,4.473950266496933e-05,95216.02018518328,0.49440401094270725,0.2504978417202272,-7.04948252550075e-16,-1.3530843112619095e-16,2.3806911303436706e-15,0.06735341285194599,0.02089215132693394,False,219293.23284163376
2026-02-03,-0.00014055267726332052,4.470237632581807e-05,0.00017496062173762237,1.0294431851516215e-05,95202.6373186279,0.48961948753144685,0.32058089918038074,2.463307335887066e-16,2.393918396847994e-16,6.227657278756737e-16,0.08389230261036235,0.06606437041219651,False,168264.85234669296
2026-02-04,2.7163553196557326e-05,0.00021442127991486878,0.00017408316921774787,1.3174557500563583e-05,95205.22336053115,0.4910844412724964,0.459242242062861,8.27463098040937e-15,7.13318293321663e-15,6.331740687315346e-15,0.06035717825703614,0.07622811970638058,False,718588.3553414972
2026-02-05,-0.0005143727411379762,-0.000321624431858992,0.00017387534042708608,1.8872968851898057e-05,95156.25238882053,0.4906502066988754,0.296403587672325,-1.2476998600963185e-15,-4.163336342344337e-16,2.5313952323191558e-15,0.03953713201947894,0.02992659514398645,False,492657.03921911056
2026-02-06,-4.2351363822781616e-05,0.0001447213579378494,0.00017489175240423404,1.2180969356396967e-05,95152.2223917556,0.4937125441313071,0.5012473280500392,1.3079815008865125e-15,1.2559397966072083e-15,1.5577816814271728e-15,0.09882742563655472,0.014116318464144554,False,553162.5839478554
2026-02-09,0.00017354155515840236,0.0004102249545426647,0.00017488578359727136,6.179761578699098e-05,95168.73525640625,0.49367108803376875,0.3530536235559697,-2.942091015256665e-15,-2.456368441983159e-15,1.4675760606763788e-15,0.07774367271268434,-0.06606437041219651,False,497649.774388625
2026-02-10,-6.614466686244314e-06,0.00018420168199101585,0.00017630709565441197,1.4509053022848193e-05,95168.10576597732,0.4949853715539075,0.2848150962532531,-1.6306400674181987e-16,-1.3877787807814457e-16,4.163336342344337e-17,0.061048539102111256,-0.011857707509881424,False,235797.47807009605
2026-02-11,-0.0003527274110246765,-0.00021868917362022342,0.00012233350742144264,1.1704729983010405e-05,95134.53736641837,0.3459370846614697,0.49769689917884785,-9.402201239794294e-16,-1.3183898417423734e-15,1.1726730697603216e-15,0.09925242917771072,-0.14737436476566912,False,890728.5008627935
2026-02-12,0.00028067783098370856,0.000474649472440757,0.0001735183442305204,2.045329722652803e-05,95161.239522018,0.4897666582667276,0.32423382348430696,-1.5577816814271728e-15,-1.7208456881689926e-15,4.0939474033052647e-16,0.07949307496092003,-0.031055900621118016,False,494791.1165192407
2026-02-13,-0.000245066767609872,-5.6770540975127806e-05,0.00017497154895730686,1.3324677677437337e-05,95137.9186646466,0.49159886388427326,0.4794088609879148,-9.08995101411847e-16,-9.853229343548264e-16,3.122502256758253e-16,0.07889287188544516,0.007340485601355168,False,312722.6252569597
2026-02-17,-0.000347524260497231,-0.00010092522158315229,0.00016779210286127066,7.880693605280805e-05,95104.85592981742,0.47318377300367387,0.43089542361037353,-1.781561009828181e-15,-1.7468665403086447e-15,1.1570605584765303e-15,0.049743155315243606,-0.010728402032749858,False,559348.288711909
2026-02-18,-4.201126815665199e-05,0.00015123688347779674,0.00017554012052717303,1.7708031107275698e-05,95100.86045421196,0.49463202970555264,0.49922671041740474,-7.840950111415168e-16,-5.84601811404184e-16,4.996003610813204e-16,0.07439397229960143,-0.0694522868435912,False,639852.7947899319
2026-02-19,-0.00035651949197468535,-0.00016139534256311223,0.0001746079832300359,2.0516166181537208e-05,95066.95514375647,0.4926052197250441,0.3402499647809133,2.6766783234322133e-15,2.39044894989604e-15,7.650130529057719e-16,0.03492022238012283,-0.04573687182382835,False,454296.2778199155
2026-02-20,-0.0002029427672644027,-1.761904405289914e-05,0.00017134084794653463,1.3982875264968932e-05,95047.66199280419,0.4838035248965666,0.48600110320629725,-4.579669976578771e-16,-3.885780586188048e-16,1.2073675392798577e-15,0.050148445110736156,-0.044607566346696784,False,784529.4641155624
2026-02-23,-0.00012031505491382253,0.00010833295944664306,0.00016873007012955217,5.991794423091342e-05,95036.22632813209,0.47646115632117025,0.29665029999156667,-7.424616477180734e-16,-6.522560269672795e-16,8.465450562766819e-16,0.03902913595545901,-0.02089215132693394,False,796412.8002346745
2026-02-24,-0.0002662789341158771,-7.98604563254277e-05,0.00017422736957161785,1.2191108218831534e-05,95010.92018308304,0.4893014682438505,0.37769990596200415,-3.191891195797325e-16,-3.677613769070831e-16,9.71445146547012e-17,0.06243175368266397,0.014116318464144554,False,232940.87348085354
2026-02-25,-0.00028516023340847534,-9.866123886252212e-05,0.0001709770806023092,1.5521913943644018e-05,94983.82684690728,0.4816433231609763,0.6564621068164989,-2.130240428499519e-15,-1.4155343563970746e-15,1.970645868709653e-15,0.05261513608694894,-0.042348955392433656,False,477333.0201878263
2026-02-26,-0.00020834088155155173,-7.4786678868050504e-06,0.00017388431886406855,2.697789480067812e-05,94964.03783268886,0.49129372983840425,0.3591914142899766,8.36136715420821e-16,6.071532165918825e-16,3.469446951953614e-16,0.03911123932226682,0.012987012987012988,False,557940.4433463338
2026-02-27,-0.00012491991335060663,6.367779743629074e-05,0.00017383641978867918,1.476129099821818e-05,94952.17493331137,0.4897948345592646,0.43258036272009254,3.4139358007223564e-15,2.8033131371785203e-15,9.853229343548264e-16,0.09490347621291348,-0.07509881422924902,False,261241.82910416985
2026-03-02,-0.00032670583923701126,-9.779900277794968e-05,0.0001755750109182287,5.33318255408329e-05,94921.15350331241,0.49644152170884925,0.22006609930219415,7.095019016745141e-16,1.5404344466674047e-15,1.052977149917922e-15,0.023012250959828385,-0.06154714850367025,False,928721.8619025213
2026-03-03,-0.00014668231369150086,3.554105478366496e-05,0.00017317955617507567,9.04381230009014e-06,94907.23024889827,0.4888987167030056,0.5151543900142452,-4.458239333260394e-16,-5.689893001203927e-16,4.978656376053436e-16,0.05650762190981357,0.07848673066064371,False,732460.7004185618
2026-03-04,-3.305224073050944e-05,0.000163355501169592,0.00017523701354335162,2.1170728356749817e-05,94904.09335227702,0.4920281189511138,0.5349614240066016,-1.313185671314443e-15,-1.3322676295501878e-15,9.62771529167128e-16,0.051841582355466896,0.06154714850367025,False,297575.62423465174
2026-03-05,-5.459072179692552e-05,0.00013795148649984145,0.0001705574922417011,2.1984716055065873e-05,94898.91246931943,0.4796327299057507,0.3051283771735197,8.847089727481716e-17,3.469446951953614e-17,5.551115123125783e-17,0.025065645612058183,0.02766798418972332,False,254263.73064435623
2026-03-06,-0.000210042209335926,-1.9613458717166252e-05,0.00017788922826916304,1.2539522349596695e-05,94878.9796920808,0.49929039648498164,0.417931058813762,-9.471590178833367e-16,-2.3592239273284576e-16,1.0859368959614812e-15,0.0699873765722521,0.0942970073404856,False,397584.6160350819
2026-03-09,-0.00028802285598501494,-5.831920980388247e-05,0.0001781778992040932,5.152574697703928e-05,94851.65237737694,0.49981782761327354,0.6676086366449905,-1.5126788710517758e-15,-8.534839501805891e-16,7.355227538141662e-16,0.08272052345876633,0.08752117447769624,False,290476.04289533815
2026-03-10,-7.855992416924233e-05,0.0001245124381956019,0.00017563639099587195,2.7435971368972272e-05,94844.20083875884,0.49367015770070294,0.4658094374190447,2.740863092043355e-16,3.122502256758253e-16,2.2898349882893854e-16,0.04553315614268144,0.0378317334839074,False,458442.32034922985
2026-03-11,-1.5861386035922768e-05,0.00017699558569374472,0.00017371411813710402,1.9142853592563468e-05,94842.69647827608,0.4884223828425121,0.33749316073541347,2.1581044243323966e-15,1.949829186997931e-15,8.310409652101391e-16,0.07819297370783743,0.08300395256916997,False,341997.2619464915
2026-03-12,-0.00029909853069037834,-0.00011089063035859149,0.00017433831838375627,1.3869581948030601e-05,94814.32916711271,0.4910137618491988,0.5368708566738866,-1.4823212102221817e-15,-2.1094237467877974e-15,1.4944642745540193e-15,0.08774031143309473,0.0005646527385657821,False,367307.2699491074
2026-03-13,-0.00013125245594000336,6.797648118317738e-05,0.00017716575123247303,2.206318589070773e-05,94801.88455355122,0.4995822123112151,0.7013390244751039,1.0373646386341306e-15,6.730727086790012e-16,7.251144129583054e-16,0.09395412407318543,0.028797289666854884,False,465114.74023205065
2026-03-16,-8.03175248320341e-05,0.00017950029069850604,0.00017335136045826716,8.646645507227298e-05,94794.27030083447,0.48860192415634734,0.47322076320270845,-5.655198531684391e-16,-4.3021142204224816e-16,3.0184188481996443e-16,0.057354500986108906,0.010728402032749858,False,492885.50988051045
2026-03-17,-0.00014338025190816972,5.0391717084603894e-05,0.00017432454036800474,1.9447428624768862e-05,94780.67867447928,0.4910172350592752,0.2878122412898185,1.0755285551056204e-15,1.0755285551056204e-15,4.822531263215524e-16,0.02868380233493851,0.042348955392433656,False,527346.5789715628
2026-03-18,-0.00020971082569797413,-2.3985153741208534e-05,0.0001738977716297868,1.1827900326978796e-05,94760.80214009424,0.4904957064569384,0.5753186649848258,1.211530875622202e-14,1.0387524174149121e-14,4.288236432614667e-15,0.04943873857755592,-0.06719367588932806,False,502755.94138117693
2026-03-19,-0.000186068128816588,1.124502664548556e-05,0.00017366992265447845,2.3643232807595078e-05,94743.17017495487,0.48944162397037305,0.6476106138690101,-2.824129818890242e-15,-2.851885394505871e-15,2.42861286636753e-15,0.06864541133791874,0.033314511575381144,False,617048.6509359068
2026-03-20,-0.000501177872672864,-0.00030044996653975215,0.00017411377131657706,2.661413481653478e-05,94695.6869944763,0.49092863736393483,0.38297717573063006,-8.257283745649602e-16,-7.788908407135864e-16,9.853229343548264e-16,0.06051027998228993,-0.1394692264257482,False,538659.2957331551
2026-03-23,-0.00018039501573196233,4.2524658740171435e-05,0.0001757033103409601,4.721636413117367e-05,94678.60436453119,0.49487002634147703,0.6566047484748679,2.636779683484747e-16,3.0531133177191805e-16,1.1796119636642288e-16,0.04896983024049059,0.11462450592885377,False,759327.2137048459
2026-03-24,-6.384531131327599e-05,0.00013006551807636605,0.00016692707260300364,2.6983756786638397e-05,94672.55957956082,0.4711804763479039,0.3774130414263111,-2.42861286636753e-17,1.9081958235744878e-16,2.498001805406602e-16,0.03149774649483853,0.026538678712591763,False,835783.750327529
2026-03-25,-0.00016532490851725446,2.4020398259273396e-05,0.0001738351817864055,1.5510124990122374e-05,94656.90784730924,0.4902926795836072,0.44020725549391004,7.28583859910259e-16,1.0685896612017132e-15,7.216449660063518e-16,0.036614127295482954,-0.10220214568040656,False,827345.3719581605
2026-03-26,-0.00030153767497435765,-0.0001082329812417738,0.0001752139846026972,1.809070912988668e-05,94628.3652233967,0.49432329556668464,0.37178227979001005,1.6896206656014101e-15,1.5126788710517758e-15,6.071532165918825e-16,0.05886597514149127,0.06832298136645965,False,736299.4412986164
2026-03-27,-8.385890457696796e-05,0.00010438734878962755,0.00017296752953960886,1.5278723826986648e-05,94620.42979234716,0.488036340008202,0.7463991804674904,1.7277845820728999e-15,1.4849232954361469e-15,7.632783294297951e-16,0.06515365472606925,-0.040090344438170535,False,770584.854494665
2026-03-30,-0.00043448760781858995,-0.00017150596424860454,0.00017095982680002107,9.202181676996436e-05,94579.31838815591,0.48261862021057333,0.4898161947095906,1.8735013540549517e-15,1.817990202823694e-15,1.4155343563970746e-15,0.06319090990744555,-0.06380575945793338,False,890043.0326903068
2026-03-31,-4.0042865838359215e-05,0.00015391878760432872,0.00017383222078338977,2.0129432659298172e-05,94575.53116119861,0.48939575251266576,0.5837153331719702,-2.5743296383495817e-15,-1.8388068845354155e-15,3.219646771412954e-15,0.06180064384731981,0.12704686617730096,False,538355.4520842382
2026-04-01,-0.0001737308502911392,2.7244687105144373e-05,0.00017698723603305183,2.3988301363231754e-05,94559.10047375323,0.496956576778474,0.554045967578044,1.3183898417423734e-16,1.0408340855860843e-16,5.551115123125783e-17,0.053997097717445534,0.06267645398080182,False,522856.62194746773
2026-04-02,-0.0001828912678920466,1.586418820472591e-05,0.0001759864437305515,2.2769012366220984e-05,94541.80643997686,0.4967506772187044,0.4925108119126795,-1.7104373473131318e-15,-2.435551760271437e-15,2.5292268279741847e-15,0.08259214489908419,-0.06719367588932806,False,927692.6110897664
2026-04-06,-0.00021102502022592921,4.1940591209185484e-05,0.00017200493002481095,8.096068141030375e-05,94521.85575336067,0.4852673102204543,0.41292812647509053,-4.85722573273506e-17,-9.367506770274758e-17,1.734723475976807e-16,0.0608064410907921,0.039536855572641826,False,880712.473861734
2026-04-07,-0.00016184030010619042,2.7731655509334302e-05,0.00017260230658230183,1.6969649033222897e-05,94506.55830785894,0.48686261252410395,0.3495879582436967,-2.706168622523819e-16,2.983724378680108e-16,1.519617764955683e-15,0.07906553885389157,0.07284020327498589,False,561850.0231089313
2026-04-08,-0.00022553146877946187,-3.5794639168349693e-05,0.00017537020119013833,1.4366628420973849e-05,94485.24410495447,0.49415880181988037,0.30741171868070033,1.0408340855860843e-16,-1.3253287356462806e-15,3.25434124093249e-15,0.04224790893509243,-0.0536420101637493,False,675767.7899276512
2026-04-09,-0.0002624319328410834,-7.226297688239866e-05,0.00017753559765673816,1.2633358301946583e-05,94460.44815971905,0.4993477616696347,0.6060420966645457,-2.4494295480792516e-15,-2.3037127760972e-15,1.9637069748057456e-15,0.06334747992481558,0.16657255787690575,False,588223.7447548158
2026-04-10,-0.00017722274432404773,2.533974692866172e-05,0.00017765665166375542,2.4905839588954027e-05,94443.7076198661,0.49548258772231324,0.8438935278249312,-2.42861286636753e-17,-1.8735013540549517e-16,4.2674197509029455e-16,0.0613723331477132,0.11236589497459064,False,293173.8343052623
2026-04-13,5.279067952576857e-05,0.00032747593926201433,0.00017064359192221318,0.00010404166781403259,94448.69336736828,0.4807155106431555,0.49616930609346527,7.199102425303749e-16,5.065392549852277e-16,7.199102425303749e-16,0.06275417200655822,-0.019762845849802372,False,658968.1660055552
2026-04-14,-0.00018708840811530272,8.650971900484267e-06,0.00017534886058728845,2.0390519428498548e-05,94431.02311167761,0.493683941036497,0.2014413776115467,-1.691355389077387e-16,-3.2959746043559335e-17,3.0617869350990645e-16,0.01960491022317111,0.06267645398080182,False,689094.4112914653
2026-04-15,-0.00010350413571959113,8.102809478045349e-05,0.0001762538177214879,8.278412778556718e-06,94421.24911024532,0.4958346402882038,0.4844531173082492,9.679756995950584e-16,5.689893001203927e-16,2.0643209364124004e-15,0.056761473951585706,0.1259175607001694,False,672994.0533977719
2026-04-16,-8.021899267922888e-05,0.00011298413516072563,0.00017329409562180732,1.9909032218147192e-05,94413.67473275418,0.48749793013362713,0.5997492323772782,-1.0408340855860843e-17,-1.5265566588595902e-16,4.0592529337857286e-16,0.054128481360217404,-0.016374929418407683,False,506060.2867143954
2026-04-17,-0.0001374411849273624,6.512834451307152e-05,0.00017792230071260058,2.464722872783335e-05,94400.69840542557,0.49905877395932796,0.39074817814095414,-5.267487834803575e-15,-3.833738881908744e-15,4.309920476064377e-15,0.05151783600684696,0.03444381705251271,False,370604.63554318895
2026-04-20,-0.00033226008599764354,-0.00011025815302202471,0.00017382750005413066,4.8174432921488144e-05,94369.33282125516,0.4874150507180745,0.3284997949806375,-1.444157293750692e-16,-1.6653345369377348e-16,2.0339632755828063e-16,0.04340507156463126,0.04912478825522304,False,309429.8520492346
2026-04-21,-0.00021352480207136385,-2.4086985562885127e-05,0.000175937824933932,1.3499991574546753e-05,94349.1826281429,0.4953003267169693,0.5501400905140081,-3.2890357104520263e-15,-2.4980018054066022e-15,1.6237011735142914e-15,0.0415921118755519,0.012987012987012988,False,627589.6261769661
2026-04-22,-8.631985466094057e-05,0.0001121842648205433,0.00017589562261104505,2.2608496870438824e-05,94341.03842041106,0.49305630608127704,0.36847008165402845,9.127898090155462e-16,4.2327252813834093e-16,1.5130041317035214e-15,0.044448383755617986,0.012987012987012988,False,316489.1109477127
2026-04-23,-0.00012751725430275475,6.51327366168423e-05,0.00017750738482422607,1.514260609537099e-05,94329.00831022362,0.49973295883367036,0.3100424624887659,-6.895525817007808e-17,-4.163336342344337e-17,3.426078865054194e-17,0.036446174536962334,-0.0005646527385657821,False,427481.079029439
2026-04-24,-0.00012259967178136037,6.469932518270906e-05,0.00017455752590288725,1.2741471061182163e-05,94317.44360476533,0.4916231205433452,0.513543729098075,-1.1379786002407855e-15,-6.245004513516506e-17,4.704570066849101e-15,0.09618223597951779,0.03444381705251271,False,682806.4743159096
2026-04-27,-0.0002381270390762587,1.1102151893974913e-06,0.00017592364382890707,6.331361043674912e-05,94294.98407118648,0.49505513740790574,0.41673466281088767,3.5041414214731503e-15,2.9837243786801082e-15,7.13318293321663e-15,0.050302140595316375,0.028797289666854884,False,772877.3854896389
2026-04-28,-0.0003105367822266965,-0.0001195031353334769,0.00017390756485989562,1.7126082033324007e-05,94265.70201025289,0.4910443348218024,0.46590698866841745,6.418476861114186e-16,-5.412337245047638e-16,3.8892500331400015e-15,0.06189912794651857,0.05702992659514399,False,1387528.519711971
2026-04-29,-0.0002791556376041833,-8.275876055561019e-05,0.00017725001450055603,1.914686254801713e-05,94239.38720810402,0.4987457702446929,0.5126941602572145,-6.463579671489583e-15,-4.435687928072696e-15,7.0186911838021615e-15,0.0588331020925647,0.06493506493506496,False,603761.2936779081
2026-04-30,-4.6019879048933993e-05,0.00014967304385152857,0.0001746232998761932,2.106962302426935e-05,94235.05032290306,0.4929928847285559,0.4529792580965451,-3.400058012914542e-16,-5.273559366969494e-16,5.204170427930421e-16,0.05112198657812418,0.033314511575381144,False,1083783.5607309118
2026-05-01,-7.048192536031713e-05,0.00012183505192048771,0.00017370139133163174,1.8615585949173097e-05,94228.40845511988,0.4875280690945226,0.43091807888060935,-4.371503159461554e-16,-1.457167719820518e-16,3.795574965437254e-15,0.06675447347196804,0.05590062111801244,False,319682.91516869416
2026-05-04,-0.00012613740753151262,9.800670271416249e-05,0.00017101722380833965,5.312688643733545e-05,94216.52272796152,0.48085685514090415,0.5370101623815409,-2.0886070650760757e-15,-9.228728892196614e-16,3.712308238590367e-15,0.06744905109004316,0.09203839638622249,False,706302.7212510558
2026-05-05,-0.0001526195956118485,4.7770958629279403e-05,0.00017832164345832477,2.2068910782803132e-05,94202.14344036282,0.4995597210182368,0.47658847278487104,2.7755575615628914e-16,-1.942890293094024e-16,1.6375789613221059e-15,0.07060883806304188,-0.031055900621118016,False,374331.1267292268
2026-05-06,-0.000316288754831446,-0.00012853024123133535,0.00016817268595141737,1.9585827648693324e-05,94172.34836171161,0.4740239333625293,0.39634005988128473,-5.507747036226363e-16,-2.220446049250313e-16,1.3591558434278284e-15,0.04194288001769657,0.009599096555618296,False,642461.6109438706
2026-05-07,-8.479443842206223e-05,0.00010607451899465812,0.00017458100975036616,1.628794766635419e-05,94164.3630703174,0.4904734518576394,0.42300293418332824,-2.9906632725840154e-15,-2.9698465908722937e-15,1.6341095143701523e-15,0.09652904693612065,-0.016374929418407683,False,382877.49477062206
2026-05-08,-0.00039360129245118825,-0.00020387190918024048,0.00017234570104423554,1.7383682226712246e-05,94127.29985531008,0.48428653740420435,0.3430935306589286,-4.0072112295064244e-16,-9.627715291671279e-17,4.388850394221322e-16,0.044797375962132645,-0.06493506493506496,False,589951.5454151316
2026-05-11,-0.00037731600216313614,-0.00015985132623839375,0.00017516547351473748,4.229920241000494e-05,94091.78411883426,0.4936971150600439,0.616047306489465,-3.7643499428696714e-16,-3.0531133177191805e-16,2.931682674400804e-16,0.09335874703286416,0.101072840203275,False,631832.8936362048
2026-05-12,-4.574668621491217e-05,0.0001541008487498112,0.00017453052236926587,2.5317012595457485e-05,94087.47973151077,0.49191899361923,0.7042608244664461,-1.1102230246251565e-15,-3.469446951953614e-16,1.915134717478395e-15,0.08997856893037924,-0.02089215132693394,False,480764.890236087
2026-05-13,-0.00015043994814985744,4.773737873730227e-05,0.00016923510122415504,2.894222566300468e-05,94073.32521593841,0.4770304617797275,0.5119888575217216,-8.465450562766819e-16,-6.245004513516506e-17,6.661338147750939e-16,0.05809674251241272,0.09316770186335405,False,517834.873962311
2026-05-14,-0.00012689189179035647,6.626066379673766e-05,0.00017211191760674937,2.104063798034476e-05,94061.38807373475,0.48329622010406886,0.45605780088478454,1.7208456881689926e-15,8.187894806610529e-16,1.339206523454095e-15,0.045428654048145285,-0.023150762281197064,False,325891.12079465535
2026-05-15,-0.0002115567502242575,-2.086867317176527e-05,0.0001719459756462683,1.874210140622395e-05,94041.48875215229,0.4834563428576065,0.36453838999580035,-6.382047668118673e-15,-5.141720382795256e-15,2.753006156375193e-15,0.04753886444336747,-0.04686617730095992,False,602157.5781299381
2026-05-18,-0.00026687872300993135,-4.880813694016903e-05,0.00017312749689219712,4.494308917756519e-05,94016.39107972417,0.48703871685643213,0.40252239719213784,2.255140518769849e-16,1.734723475976807e-17,2.983724378680108e-16,0.07284260759504088,-0.031055900621118016,False,663555.339854881
2026-05-19,-0.00025288134087236586,-6.133024749303346e-05,0.00017500907705636786,1.654201632296456e-05,93992.61608868395,0.4924338988324721,0.40902948609164086,-7.008282842946301e-16,-5.516420653606247e-16,7.28583859910259e-16,0.05134031814950821,0.06380575945793338,False,509017.37005481205
2026-05-20,-2.1556137625233965e-05,0.00017158718166871204,0.00017633388835867306,1.680943093527294e-05,93990.58997091578,0.49621407415900215,0.37363934687902656,1.0408340855860843e-17,4.85722573273506e-17,8.326672684688674e-17,0.050796345837435246,0.11349520045172222,False,378050.6777161722
2026-05-21,-0.00023440509842121942,-4.170436898952536e-05,0.0001773456877791313,1.5355041652562734e-05,93968.55809742298,0.49906585711566714,0.4753180648908582,6.938893903907228e-18,5.551115123125783e-17,6.245004513516506e-17,0.054595399647118056,0.07848673066064371,False,594284.7400552278
2026-05-22,4.938844571161728e-05,0.00024440260540164256,0.00017548054058492152,1.9533619105103762e-05,93973.19905845317,0.4926659059088632,0.2591662576767527,1.3530843112619095e-16,3.139849491518021e-16,5.620504062164855e-16,0.07844854649177153,-0.13721061547148505,False,450049.9783501132
2026-05-26,-0.0003222857092285707,-0.00010381661013474406,0.00017586642659901796,4.260267249480864e-05,93942.91283934614,0.49524287340889406,0.590989109948225,4.996003610813204e-16,-4.510281037539698e-16,8.951173136040325e-16,0.09232293768240948,-0.06832298136645965,False,624395.2705560497
2026-05-27,-0.0005461798988467904,-0.00034573326551878353,0.00017615940963150456,2.4287223696502375e-05,93891.60310871417,0.4972305406729918,0.5855175256864676,7.542577673547157e-15,6.019490461639521e-15,3.4590386110977533e-15,0.07780649762238473,-0.1394692264257482,False,932658.25274932
2026-05-28,-0.0001887617406077971,1.311053500450946e-05,0.00017780991154299998,2.406236406930658e-05,93873.87996628293,0.4998688314766298,0.6724081666296858,1.1657341758564144e-15,-7.632783294297951e-16,2.0816681711721685e-15,0.06993698578074325,0.14285714285714288,False,373792.1998532698
2026-05-29,-1.2606280567786181e-05,0.00019226768459020297,0.00017724075283074184,2.7633212327247314e-05,93872.69656581408,0.49559190578094936,0.32202509535081464,-1.5543122344752192e-15,-1.1232334506949826e-15,8.534839501805891e-16,0.060798166323995734,-0.06719367588932806,False,237298.87424157924
2026-06-01,-0.00014993648753361898,6.287306996457076e-05,0.00017310783341384253,3.9701724084347214e-05,93858.6216234157,0.48623136282435003,0.5820280849934177,-3.191891195797325e-16,3.677613769070831e-16,6.800116025829084e-16,0.0824859167184076,0.017504234895539244,False,369385.11341664725
2026-06-02,-1.7648976487722155e-05,0.00018347662081597764,0.00017720663490671,2.3918962396989782e-05,93856.9651148095,0.4981056808090462,0.6347457083229358,8.743006318923108e-16,2.9351521213527576e-15,1.3739009929736312e-15,0.06593855512342425,0.023150762281197064,False,384949.06898090645
2026-06-03,0.000399213058510872,0.0005999057167403737,0.00017460721816143585,2.6085440068065815e-05,93894.43404091553,0.4892219163643979,0.3386836495464082,4.996003610813204e-16,3.191891195797325e-16,2.498001805406602e-16,0.04301742820310888,-0.003952569169960475,False,351214.5924669346
2026-06-04,-0.00025277227916717756,-6.262174746005484e-05,0.0001762320255613799,1.3918506145742785e-05,93870.70013082189,0.49470358714812684,0.3690643691592709,1.4988010832439613e-15,4.579669976578771e-16,6.800116025829084e-16,0.045209040645845855,-0.0028232636928289105,False,301383.4219755593
2026-06-05,-0.0002689372086881678,-8.520897546001216e-05,0.00016856120435859663,1.5167028869559015e-05,93845.4548067511,0.47557325634153713,0.25024524013940325,-1.0824674490095276e-15,-1.214306433183765e-15,6.661338147750939e-16,0.04328397442602988,0.026538678712591763,False,687860.0262834346
2026-06-08,-3.0204795351630616e-05,0.00017739162768772303,0.00017674427014545448,3.085215289389916e-05,93842.62022399399,0.4972164788929,0.4728469561559698,-8.257283745649602e-16,-1.3877787807814457e-17,5.065392549852277e-16,0.06291837159445321,-0.019762845849802372,False,743447.8756703965
2026-06-09,-0.00023624017572121026,-3.8464613380616545e-05,0.00017834349564925246,1.943206669134126e-05,93820.45082690213,0.49894326948943,0.6067733527111182,-1.366962099069724e-15,-1.2212453270876722e-15,7.147060721024445e-16,0.05704853749036612,-0.07961603613777528,False,218326.1228398046
2026-06-10,-0.0004005412904139753,-0.00020001680600488915,0.0001755885932017799,2.4935891207306287e-05,93782.8718624607,0.49232786060774325,0.5328231054873513,2.0122792321330962e-16,2.0816681711721685e-16,9.020562075079397e-17,0.06321004931550406,-0.08865047995482779,False,395686.83584346814
2026-06-11,-0.0005880078106043125,-0.00039192092182953727,0.0001741900488232403,2.1896839951534977e-05,93727.72680130467,0.4898976268314933,0.8220296420245264,7.632783294297951e-16,8.326672684688674e-16,4.0245584642661925e-16,0.07055889162888844,0.0942970073404856,False,632522.5912729444
2026-06-12,0.00016139298089332913,0.00037209902860844285,0.00017692400763191402,3.378204008319968e-05,93742.85379852548,0.4966053304261062,0.7784547442073626,-2.9837243786801082e-15,-3.1780134079895106e-15,2.0261570199409107e-15,0.09628378481124913,0.12140033879164315,False,304166.6600608336
2026-06-15,0.0006589592817407235,0.0009294367604177109,0.00017450360610347658,9.597387257351084e-05,93804.62652213288,0.4867468677227842,0.3007238132821065,7.7021722333370235e-16,5.342948306008566e-16,4.163336342344337e-16,0.03220153825196653,-0.042348955392433656,False,261125.50113133492
2026-06-16,5.206350250842737e-05,0.0002388357395733083,0.00017441372419027383,1.2358512874607087e-05,93809.51031954112,0.4878200085886293,0.2933171958555254,-1.6757428777935957e-15,-3.309852392163748e-15,9.402201239794294e-16,0.028731565472536365,-0.040090344438170535,False,438442.85274090065
2026-06-17,-0.0002951335103005226,-0.00011065403556722816,0.00017242534339676591,1.2054131336528508e-05,93781.82398946094,0.4852157097677331,0.6659702418563703,3.2612801348363973e-15,3.5388358909926865e-15,1.2351231148954867e-15,0.07059182217007647,0.09994353472614344,False,673618.3889781
2026-06-18,-2.4421544400327815e-05,0.00017977960942304905,0.00017683251374708782,2.7368640076289053e-05,93779.53369248244,0.4968104537074874,0.6116358741591742,-1.8735013540549517e-16,-1.536964999715451e-15,1.3808398868775384e-15,0.0508336977802157,-0.08977978543195936,False,623603.3316830262
2026-06-22,-0.0002680394021850236,9.629689193933625e-06,0.00017712620795553127,0.00010054288342342594,93754.39708233431,0.49672036914556805,0.8110523358936802,1.0297318553398327e-14,8.1601392309949e-15,2.4702462297909733e-15,0.06803592615835351,0.06493506493506496,False,364134.2784692511
2026-06-23,-0.0005579081294358093,-0.00035254468608103285,0.00017203252544133798,3.333091791343849e-05,93702.09074203172,0.48320073741265507,0.4197098129532258,6.245004513516506e-17,3.95516952522712e-16,2.2898349882893854e-16,0.06438732428826931,-0.015245623941276118,False,377841.26571281266
2026-06-24,-0.0005506511311670975,-0.0003556936412885067,0.00017770914140106093,1.724834847752982e-05,93650.4935797719,0.49984602435956976,0.7701057526725297,2.7755575615628914e-16,-4.163336342344337e-16,9.159339953157541e-16,0.08042481907121841,0.003952569169960475,False,387627.7063305547
2026-06-25,-4.5823733005471043e-05,0.00015887017207451233,0.00017304572346330408,3.164818161667929e-05,93646.20216455827,0.48792621520575563,0.6375376455674443,6.418476861114186e-16,5.551115123125783e-16,1.2836953722228372e-16,0.07744157752313786,-0.0016939582156973462,False,750143.7829731874
2026-06-26,-0.00032340468231081566,-0.0001219696946280356,0.00017523481046767962,2.6200177215100423e-05,93615.91654429762,0.4916538329420901,0.5736930778059702,-5.620504062164855e-16,-3.469446951953614e-16,3.469446951953614e-16,0.06023249741034773,0.07284020327498589,False,290258.96464483073
2026-06-29,5.184496128036415e-05,0.0002958450449279281,0.00017327080008244428,7.072928356511969e-05,93620.77005786609,0.4859618051528369,0.579776457072742,-8.396061623727746e-16,-3.1502578323738817e-15,1.0547118733938987e-15,0.04025300420131088,-0.033314511575381144,False,376068.9463048478
2026-06-30,-0.0004179062892892633,-0.00021560827094628906,0.0001784715886002588,2.3826429742715458e-05,93581.6453492508,0.49869298469359946,0.5603882002306476,5.620504062164855e-16,5.551115123125783e-16,1.5265566588595902e-16,0.06113344724389733,-0.17108977978543197,False,234293.20276448506
2026-07-01,-0.0007657427978420499,-0.000565077808773052,0.00017763533700472476,2.302965206427316e-05,93509.9858783144,0.4996853601106586,0.5317244949313553,8.187894806610529e-16,7.979727989493313e-16,3.3306690738754696e-16,0.05310330437993631,-0.028797289666854884,False,486628.421429275
2026-07-02,-0.0003253409914123934,-0.00013086739257134198,0.00017262190726853002,2.1851691572521412e-05,93479.5632468018,0.4850401194926855,0.5919303058992664,-8.396061623727746e-16,-6.591949208711867e-16,2.914335439641036e-16,0.05782809796638477,-0.07171089779785433,False,406309.70834924845
2026-07-06,-0.000470978774818957,-0.00020383743165298398,0.00016983773123732633,9.730361192864667e-05,93435.53635663321,0.47515369930594836,0.4294865085693428,-2.2898349882893854e-16,7.632783294297951e-16,8.187894806610529e-16,0.06020784446659475,-0.06493506493506496,False,231387.48505966298
2026-07-07,-0.0001770404806943302,1.8737076942962605e-05,0.00017812742714814174,1.7650130489151082e-05,93418.9944843627,0.49934231043833294,0.5250394953785034,-3.706236706424448e-15,-3.552713678800501e-15,1.1180292802670522e-15,0.07345768205327666,-0.0016939582156973462,False,276369.4362729408
2026-07-08,-0.00012987421898031095,6.676092859312223e-05,0.00017505818200993289,2.157696556350029e-05,93406.86176541612,0.48908226715755215,0.6315588591633688,9.020562075079397e-16,1.4710455076283324e-15,2.067790383364354e-15,0.0823600448626681,0.1225296442687747,False,192949.40433920326
2026-07-09,-0.0003079822253895115,-0.0001072625146895527,0.00017476523703571084,2.5954473664247994e-05,93378.09411226296,0.4916773364315181,0.4915172447268623,4.579669976578771e-16,-8.604228440844963e-16,8.155368741435964e-16,0.04514158138303435,-0.010728402032749858,False,607473.3061312967
2026-07-10,-8.004487580304496e-05,0.00011629496543537132,0.0001761405024140247,2.0199338824391586e-05,93370.61967431701,0.49331987851500764,0.537988164829053,6.314393452555578e-16,6.245004513516506e-16,1.481020167615199e-16,0.05089419899688705,0.02992659514398645,False,281734.27675319655
2026-07-13,-0.0002186975975115914,1.9656154904381778e-05,0.0001720264444233503,6.632730799262289e-05,93350.19974411608,0.4840745144563448,0.4359102462452363,-2.886579864025407e-15,-2.3037127760972e-15,9.43689570931383e-16,0.04055654933988123,0.14624505928853757,False,756900.9015285579
2026-07-14,-9.71221781692443e-05,9.498786603614046e-05,0.0001741959244966763,1.7914119708708456e-05,93341.13336938439,0.4904176359514257,0.6449247664727981,-2.498001805406602e-16,1.8041124150158794e-15,1.2975731600306517e-15,0.05043007235739534,0.02428006775832863,False,666488.8615102976
2026-07-15,-7.082562337040656e-06,0.00019169727712664206,0.00017227608193740333,2.6503757526279386e-05,93340.47227498869,0.48585890433072143,0.37770957672631655,5.273559366969494e-16,1.0269562977782698e-15,5.48172618408671e-16,0.03311719460958955,0.05702992659514399,False,700366.9454279924
2026-07-16,-0.0004472104271357075,-0.0002545835374165006,0.00017710457834689262,1.5522311372314354e-05,93298.72944251355,0.4991167171409834,0.4700454997405568,3.469446951953614e-16,6.938893903907228e-17,1.4051260155412137e-16,0.06482453160734074,-0.042348955392433656,False,614660.616005382
2026-07-17,-0.0002904567515198966,-9.770864014736655e-05,0.00017343117302702767,1.9316938345502315e-05,93271.63019663874,0.4892548475505556,0.3902372984626861,-4.801714581503802e-15,-5.4262150328554526e-15,1.2182095610047128e-15,0.062117376277354065,0.008469791078486732,False,740292.493999334
2026-07-20,-8.088532314864518e-05,0.00014511757768542223,0.0001778914530783932,4.811144775567422e-05,93264.08589068969,0.49946631932966495,0.49063044681245993,5.620504062164855e-16,1.096345236817342e-15,4.371503159461554e-16,0.06353541008283367,-0.05477131564088086,False,323645.11589487107
2026-07-21,-0.00010593713398011143,9.063848447562355e-05,0.00017641272338125036,2.0162895074484628e-05,93254.20576072716,0.4963233971105859,0.2906127467986132,-3.469446951953614e-17,4.163336342344337e-17,5.551115123125783e-17,0.03995986727761888,0.007340485601355168,False,694958.3755869918
2026-07-22,-0.00016412338500199563,1.8591252428028714e-05,0.00017077164783556079,1.1942989594463559e-05,93238.90056481202,0.47973337530388527,0.3761215744281595,3.5371011675167097e-15,3.7192471324942744e-15,1.547373340571312e-15,0.060232571885944206,-0.08413325804630155,False,385086.96532759484
2026-07-23,-9.460736182147539e-05,9.736359132876227e-05,0.00017651390214634083,1.545705100389682e-05,93230.07947841045,0.49573756432430055,0.5425030544362122,1.3530843112619095e-15,1.9220736113823023e-15,9.992007221626409e-16,0.060024979977347605,-0.07171089779785433,False,386211.5874484288
2026-07-24,0.0002015280630768557,0.0003947981080189534,0.0001709753988693767,2.229464607272099e-05,93248.86795574824,0.4788522336737147,0.4004131244449493,4.646456830403878e-15,4.704570066849101e-15,1.7425297316187027e-15,0.040425233369613615,-0.051383399209486175,False,385429.1842676504
2026-07-27,-0.00018861958859155657,3.1172322805555966e-05,0.00017042590975321526,4.9366001643897286e-05,93231.2793926378,0.4803980275197785,0.2760436634416278,-2.203098814490545e-15,1.9810542095655137e-15,5.141720382795256e-15,0.02538066297264835,-0.1236589497459063,False,781391.2206542336
2026-07-28,-6.864074026059456e-05,0.00012066355615938709,0.0001779600362785448,1.134426014143685e-05,93224.87992860486,0.4999005681467805,0.5044113400835302,5.793976409762536e-16,3.7470027081099033e-16,1.682681771697503e-16,0.06057949819617394,0.04912478825522304,False,433319.8079440069
2026-07-29,4.996220607533981e-06,0.0002004821379625867,0.00017475668420093506,2.072923315411766e-05,93225.34570067108,0.4914057739003993,0.28274056975487316,-4.691559640779275e-15,-3.5388358909926865e-16,4.077467530283485e-15,0.031066673309714698,0.09090909090909091,False,379658.07305725815
2026-07-30,-0.00020068209277001263,-1.2120504869026108e-05,0.000176942112431608,1.1619475469378542e-05,93206.63704319666,0.49869363743321815,0.43250124957609265,1.6514567491299204e-15,-1.8388068845354155e-16,2.067790383364354e-15,0.07011019233882865,0.04912478825522304,False,866536.1124708717
2026-07-31,-3.635891686644838e-05,0.00015698038216669107,0.00017556527507795762,1.7774023955181822e-05,93203.24815082901,0.49233656744581367,0.2426522304626042,-5.620504062164855e-16,-4.683753385137379e-16,3.2612801348363973e-16,0.029252319099700445,0.042348955392433656,False,327683.18844738754
2026-08-03,-0.00013851505929651434,6.812032785638621e-05,0.0001767193587397027,2.9916028413197847e-05,93190.33809738477,0.4936837889478407,0.6242518004821261,-5.9396931817445875e-15,-6.716849298982197e-15,1.7763568394002505e-15,0.08738051452192619,0.08074534161490683,False,368309.2642359089
2026-08-04,-0.00012267557652040757,7.338046814965875e-05,0.00017040186108860885,2.565418358145748e-05,93178.90591893253,0.47794112554996454,0.5249126721899462,8.118505867571457e-16,2.636779683484747e-16,2.983724378680108e-16,0.04855528451161295,0.026538678712591763,False,356431.87712346605
2026-08-05,-0.0006120184539019041,-0.00041335174481670143,0.00017709495543356108,2.1571753651641593e-05,93121.87870899576,0.4968890677601441,0.35391481349577847,-2.983724378680108e-16,2.0816681711721685e-16,3.677613769070831e-16,0.08562752074302929,0.1225296442687747,False,373761.3560090814
2026-08-06,-0.0001023509381535041,9.055175482588902e-05,0.00017835824858915562,1.4544444390237482e-05,93112.34759734728,0.49552646933378725,0.48739675522580034,-1.3877787807814457e-17,-5.412337245047638e-16,6.938893903907228e-16,0.0736260233121626,0.04912478825522304,False,194588.92262014103
2026-08-07,5.852877167832116e-05,0.0002527952351103212,0.00017423645979258357,2.0030003639416452e-05,93117.79734868024,0.48859174375431863,0.6875146524357327,4.163336342344337e-17,-3.469446951953614e-17,2.6020852139652106e-17,0.06324715857531295,0.023150762281197064,False,360936.68704859144
2026-08-10,-0.0003435253478905251,-8.717393589947501e-05,0.00017158933155376796,8.47620804372821e-05,93085.80902495123,0.481536514728768,0.5570080603087948,1.7694179454963432e-16,-3.0878077872387166e-16,8.36136715420821e-16,0.08057815172650201,0.08074534161490683,False,301268.0602336937
2026-08-11,-0.000209383006608642,-1.3395245910431913e-05,0.00017309701849373908,2.2890742204471008e-05,93066.31843838499,0.48750201033381974,0.39232768868320883,-6.626643678231403e-16,-3.191891195797325e-16,3.365363543395006e-16,0.06420507096395876,0.101072840203275,False,765930.5410458052
2026-08-12,-0.00017318506286289072,1.617463772217859e-05,0.00017323664488575933,1.612305569930998e-05,93050.20074217582,0.48707935963478105,0.36986502001586086,-5.828670879282072e-16,-8.153200337090993e-17,8.118505867571457e-16,0.032268186154482854,-0.08187464709203841,False,615377.3661859619
2026-08-13,-0.0002469203742229884,-5.912838489201798e-05,0.00017259205700155149,1.519993232941896e-05,93027.22475178703,0.48585084048992455,0.3782911477480781,3.236994006172722e-15,2.636779683484747e-16,3.5284275501368256e-15,0.049099820338463676,-0.0005646527385657821,False,407884.36312354536
2026-08-14,-0.00015566606178254023,3.424096795516736e-05,0.00017436081818641684,1.5546211551290747e-05,93012.74357007135,0.4903157277719321,0.39316573453963743,-1.5681900222830336e-15,8.396061623727746e-16,2.67841304690819e-15,0.059502564339263084,0.08300395256916997,False,435774.39513157913
2026-08-17,-0.00011018921909666075,0.00011331756198925942,0.00017503429326596467,4.84724878199555e-05,93002.49456849133,0.49229134233216115,0.5524386308808638,4.371503159461554e-16,-5.551115123125783e-17,1.6237011735142914e-15,0.09672876145537385,0.1293054771315641,False,345553.682226561
2026-08-18,-6.795836591100114e-05,0.00012849846989904763,0.00017375387837658863,2.270295743346013e-05,92996.1742709348,0.4880655450739215,0.3613161595727057,1.7728873924482969e-15,1.1379786002407855e-15,1.0512424264419451e-15,0.05182636571079318,0.025409373235460195,False,501462.3144035249
2026-08-19,-0.000182164773308376,6.725753602300518e-06,0.00017404191761316814,1.484860929750838e-05,92979.2336439302,0.4894958427580659,0.33207277348299596,-1.5404344466674047e-15,-9.922618282587337e-16,1.1136924715771102e-15,0.040000793862458105,-0.028797289666854884,False,493878.0618172772
2026-08-20,-0.00018502733156350033,4.509828556945825e-06,0.0001758903338129257,1.3646826307520443e-05,92962.02994443825,0.49452231682444486,0.5579921676193303,4.579669976578771e-16,3.8510861166685117e-16,4.579669976578771e-16,0.08159974839942678,0.006211180124223602,False,525311.2913537404
2026-08-21,-0.0001283672891664301,6.808844901169756e-05,0.00017352455320747027,2.293118497065739e-05,92950.09666065888,0.4877063378960581,0.30955952006513615,4.128641872824801e-16,4.3194614551822497e-16,2.3245294578089215e-16,0.08598396144847205,0.08413325804630155,False,457817.0419972226
2026-08-24,-0.0002144133278143174,4.431855630669424e-08,0.00017629277403382655,3.816487233679756e-05,92930.1669211132,0.4964636698398777,0.5083582608366358,1.214306433183765e-17,-1.734723475976807e-17,4.163336342344337e-17,0.08644177596346819,0.15979672501411638,False,610000.9690098892
2026-08-25,-2.319880622006253e-05,0.00017142442800431528,0.00017373179884752976,2.0891435376848045e-05,92928.0110521788,0.48816137109172214,0.1958478363969653,2.914335439641036e-16,5.273559366969494e-16,3.2959746043559335e-16,0.03285455765308554,-0.04347826086956522,False,509049.7470378263
2026-08-26,-0.00020133825524320075,-1.7868524569886924e-05,0.00017542118945152076,8.048541221793082e-06,92909.30108857034,0.48906894356611486,0.47775187958537524,1.339206523454095e-15,8.578207588705311e-16,1.6930901125533637e-15,0.061239906160291194,-0.06493506493506496,False,169273.29214073412
2026-08-27,-0.0003238694317295396,-0.00012679072859871012,0.00017744506424375933,1.963363888707016e-05,92879.2106060244,0.4986520374706681,0.28896999776851057,-7.008282842946301e-16,-8.708311849403572e-16,4.0939474033052647e-16,0.03184273769595427,0.015245623941276118,False,253810.7349563289
2026-08-28,-6.165711914446705e-05,0.00012728078897530372,0.000177062428759421,1.1875479360349777e-05,92873.48394147001,0.4985379915464523,0.4691787117060079,3.885780586188048e-16,1.8041124150158794e-16,5.412337245047638e-16,0.055814922354127126,0.03444381705251271,False,635643.8219311471
2026-08-31,-6.127087432548543e-05,0.00017347666823559128,0.00017690359180280182,5.784395075827489e-05,92867.79350190726,0.49801546272746255,0.25731184169926413,-3.3480163086352377e-15,-2.480654570646834e-15,1.547373340571312e-15,0.029244783009524933,-0.0378317334839074,False,485858.87628681056
2026-09-01,-0.00021884492896915173,-3.4223665075316896e-05,0.00017404680464591974,1.05744592479151e-05,92847.4698562348,0.48906326827064595,0.4080025759528201,1.1969591984239969e-15,-6.591949208711867e-17,1.2802259252708836e-15,0.06808057191402095,0.04686617730095992,False,511237.15140651836
2026-09-02,-0.00010066798157251824,9.206756004876715e-05,0.0001759683124725394,1.6767229148745982e-05,92838.12308885026,0.4957681898456248,0.45490102093987816,4.163336342344337e-17,-1.3877787807814457e-17,1.1449174941446927e-16,0.0811023698544283,-0.0016939582156973462,False,744687.644215784
2026-09-03,-0.00017813717946426336,1.7695871385191487e-05,0.0001771384883450763,1.869456250437855e-05,92821.58516745646,0.49902955115145803,0.25881018239379017,1.5959455978986625e-16,-3.8163916471489756e-17,2.0816681711721685e-16,0.04591626589429127,0.016374929418407683,False,593073.0129019279
2026-09-04,-0.0001941999768317384,-1.0289256555336341e-05,0.00017327468538350658,1.0636034892895476e-05,92803.55921776746,0.48771723540497236,0.3097074060708117,-3.7643499428696714e-16,-2.489328188026718e-16,3.41740524767431e-16,0.059247421945213916,-0.05477131564088086,False,483336.97508501273
2026-09-08,-0.0001816003564363509,4.175732450211842e-05,0.00017244687446107555,5.0910806477393756e-05,92786.70605833495,0.484259887151021,0.3536782450135672,2.108122704180815e-15,6.106226635438361e-16,1.8669961410200386e-15,0.04048390855246307,-0.05702992659514399,False,400378.8753901075
2026-09-09,-8.904065149334007e-05,9.973240491596503e-05,0.00017423833401148737,1.453472239781774e-05,92778.44426957761,0.49047167991375246,0.4819943384358947,4.28129753871076e-15,5.093148125467906e-15,2.7478019859472624e-15,0.055620608038676064,0.20722755505364204,False,685642.0704527647
2026-09-10,-0.00011633226353258151,7.723189937932921e-05,0.00017375617640084674,1.9807986511063986e-05,92767.6511431487,0.48926017342952066,0.34503024801034704,2.1840168562548e-15,1.970645868709653e-15,1.8943180357666733e-15,0.0359902229659865,0.023150762281197064,False,568932.816228116
2026-09-11,-0.00013663220301248053,4.709310165708244e-05,0.00016954597940886386,1.4179325260699103e-05,92754.97609460472,0.47712662717188004,0.3178272134528122,-2.96637714392034e-15,-2.733924198139448e-15,1.3773704399255848e-15,0.031581380658269625,-0.11462450592885377,False,517525.93907558057
2026-09-14,-0.0003803812026352375,-0.0001655096592609021,0.00017568736637330336,3.9184177001032e-05,92719.69384524744,0.49484692899889554,0.43742216350251595,-1.3877787807814457e-15,-1.3114509478384662e-15,9.228728892196614e-16,0.04758056341460328,0.023150762281197064,False,759457.8499658725
2026-09-15,-0.00033870468624213414,-0.00014631546514526128,0.0001744129678022489,1.7976253294624e-05,92688.28925043512,0.4919475482263176,0.3306588289936065,1.0408340855860843e-17,2.0122792321330962e-16,2.255140518769849e-16,0.03183950747061914,0.06493506493506496,False,609661.9583734327
2026-09-16,-0.00020668114527804107,-1.7505981208828044e-05,0.00017558644506947578,1.3588718999737248e-05,92669.13232865898,0.49477108147103194,0.45363224312086475,1.457167719820518e-15,1.5976803213746393e-15,5.516420653606247e-16,0.049019703343463054,0.008469791078486732,False,682138.6825798214
2026-09-17,-0.00031065530735548857,-0.00011843025075416779,0.0001735826356511483,1.864242095017246e-05,92640.34417087305,0.488737067248614,0.5644960236751734,-2.671474153004283e-16,-2.6922908347160046e-15,1.2307863062055446e-15,0.0777907191573717,-0.04121964991530209,False,352356.5530978676
2026-09-18,-0.0002668971433326711,-4.4687991166307653e-05,0.00019901068543998643,2.3198466726377002e-05,92615.61872765649,0.5604087172081508,0.0,0.0,0.0,0.0,0.0,,False,595928.3742574352
