date,net_return,gross_return,transaction_cost,borrow_cost,nav,turnover,gross_exposure,net_exposure,beta_exposure,max_group_exposure,max_weight,rank_ic,risk_liquidation,capacity_proxy_nav
2025-01-02,-0.00017582541386842668,0.0,0.00017582541386842668,0.0,99982.41745861316,0.4926323562232586,0.49271898874337533,2.3349377986647823e-15,2.095545958979983e-15,5.551115123125783e-16,0.0960168822080526,0.06606437041219651,False,173902.57721741992
2025-01-03,0.00022041358910024044,0.00038340340335592894,0.00014274108869089235,2.024872556479615e-05,100004.45494209212,0.4007691633876963,0.5251963814440717,8.468920009718772e-15,8.743006318923108e-15,2.0920765120280294e-15,0.0999329046750945,-0.04121964991530209,False,396803.53579849127
2025-01-06,-0.00030166513200702213,-6.634756833021008e-05,0.00017056732486863988,6.475023880817216e-05,99974.28708499073,0.47895943559073606,0.5223311832799197,7.369105325949477e-15,7.16093850883226e-15,1.4363510381087963e-15,0.05572833710631344,0.13721061547148505,False,228750.48747387066
2025-01-07,6.46999459246862e-05,0.00026457807990317697,0.000178412468912193,2.1465665066297768e-05,99980.75541595898,0.4982146508496153,0.6018966673969012,-1.5543122344752192e-15,-1.3877787807814457e-15,4.180683577104105e-16,0.0967370608592119,0.0005646527385657821,False,111259.65907401283
2025-01-08,-0.00024586791718568237,-0.00010638117536062935,0.00011475126234298852,2.4735479482064492e-05,99956.1733558662,0.32353522922125333,0.5043675357012195,7.355227538141662e-16,7.91033905045424e-16,2.3592239273284576e-16,0.09992798729988991,-0.014116318464144554,False,351956.4338352254
2025-01-10,-0.0003771394065577695,-0.00020159964119727605,0.00013408489941244808,4.145486594804537e-05,99918.47594396498,0.3778497959235656,0.7730433346052712,-4.163336342344337e-17,-8.326672684688674e-17,2.7755575615628914e-17,0.09998367029664106,-0.042348955392433656,False,426285.8601797984
2025-01-13,-3.9037451971679225e-05,0.00023403230650024783,0.00017776304598634564,9.530671248558141e-05,99914.57538125923,0.4952615100083863,0.5491374611241054,5.134781488891349e-16,4.718447854656915e-16,1.734723475976807e-16,0.0965271830414202,0.06493506493506496,False,125163.21584892974
2025-01-14,5.014935304621245e-07,0.000122767333851368,9.969854739799745e-05,2.256729292290842e-05,99914.62548777238,0.2813242131778514,0.46131546137804036,-3.4768195267265156e-15,-3.164135620181696e-15,2.404760418572849e-15,0.09995263706367535,0.06719367588932806,False,629271.7168246125
2025-01-15,-0.00016627707531772137,2.8218199969311976e-05,0.00017553710564136032,1.8958169645673035e-05,99898.01197606481,0.4919562447175416,0.7020030185675101,-2.3592239273284576e-16,-1.6653345369377348e-16,9.71445146547012e-17,0.09167718596451321,0.03670242800677584,False,221351.06053807482
2025-01-16,-0.00021472381820089297,-1.0552282897175619e-05,0.0001753220961845046,2.884943911921275e-05,99876.56149350264,0.4911946836354857,0.7414755228430681,-1.8596235662471372e-15,-2.345346139520643e-15,1.0269562977782698e-15,0.06689962928035648,0.047995482778091486,False,232784.7863432446
2025-01-17,-0.00016991028799959293,3.909170030980472e-05,0.00017853039148023038,3.0471596829167254e-05,99859.59143817486,0.49856692398729774,0.8673013658570323,-8.326672684688674e-17,-8.326672684688674e-17,2.7755575615628914e-17,0.07121625717013261,-0.06493506493506496,False,206968.8602672441
2025-01-21,-0.00036636779633459786,-5.059300585372813e-05,0.0001732047029427274,0.00014257008753814233,99823.00609971679,0.486742050638982,0.656365444159203,-1.2351231148954867e-15,-1.1518563880486e-15,3.400058012914542e-16,0.08028501455769528,0.047995482778091486,False,462399.42958969885
2025-01-22,0.0001535593266115375,0.00035506777674823727,0.00017453452777399276,2.6973922362707016e-05,99838.3348533138,0.4889427341037655,0.5574033467413182,7.112366251504909e-17,1.3877787807814457e-17,3.469446951953614e-17,0.07793443412954894,-0.047995482778091486,False,241490.27338388556
2025-01-23,-0.0005054035357964163,-0.0003047596801038647,0.00017773686884016868,2.290698685238294e-05,99787.87620587091,0.49467984773024365,0.7377366652743814,-2.248201624865942e-15,-2.192690473634684e-15,5.759281940243e-16,0.09104915649849542,0.07622811970638058,False,165406.4329274796
2025-01-24,1.5154867596794372e-05,0.00022291165504593645,0.00017743884230087974,3.0317945148262336e-05,99789.38847792258,0.49402954964321716,0.6448089081643393,-5.828670879282072e-16,-4.996003610813204e-16,2.1510571102112408e-16,0.09860658538392154,-0.012987012987012988,False,185155.26181672976
2025-01-27,-0.0003273736243653754,-7.30423338088445e-05,0.00017483430187873562,7.949698867779533e-05,99756.72006414334,0.48932093034447915,0.5154854975726565,-4.2674197509029455e-15,-4.052314039881821e-15,7.91033905045424e-16,0.06857323965942845,0.059288537549407126,False,199212.45429295924
2025-01-28,-0.00014332629885296328,5.191738631606536e-05,0.00017405934965234395,2.118433551668469e-05,99742.42230267084,0.49004537664055947,0.8371681325725842,-7.632783294297951e-16,-6.661338147750939e-16,1.8735013540549517e-16,0.0869234340864096,-0.009599096555618296,False,484239.18123380654
2025-01-29,-0.00014281663027295135,6.749566952143541e-05,0.0001759081299626367,3.440416983175007e-05,99728.1774260223,0.49351304076970487,0.7120510771210921,0.0,8.326672684688674e-17,6.245004513516506e-17,0.09274699220550157,0.09316770186335405,False,323354.3104500408
2025-01-30,-9.465915224083779e-05,0.00011060514051012689,0.00017600191971859104,2.926237303237365e-05,99718.73724129263,0.49362200202736395,0.8312241792649862,-2.983724378680108e-16,-2.7755575615628914e-16,2.0816681711721685e-16,0.08145219809419871,0.0005646527385657821,False,274294.2606167081
2025-01-31,-0.00039015722294470444,-0.00017968585342097756,0.00017631147174571374,3.415989777801315e-05,99679.83125569503,0.49491220493205507,0.46636304613661866,1.3739009929736312e-15,1.0685896612017132e-15,4.3368086899420177e-16,0.06586728838466527,-0.017504234895539244,False,296185.97889116826
2025-02-03,-0.0004674151681401347,-0.00024530965308184905,0.00016460870115103145,5.749681390725419e-05,99633.23939060848,0.4631898209880256,0.5741006585233148,1.56472057533108e-15,1.5265566588595902e-15,4.2327252813834093e-16,0.09934225555926125,-0.008469791078486732,False,510625.1748172137
2025-02-04,-0.0003800626575337183,-0.00028082389562156826,7.564558416461665e-05,2.359317774753342e-05,99595.37251686698,0.2134391271919101,0.5760643408104045,-9.367506770274758e-17,-6.938893903907228e-18,1.8457457784393227e-15,0.09999360068557697,0.04912478825522304,False,431626.91665872483
2025-02-05,-0.00013214100524857708,9.874697896278067e-05,0.00020721410719175208,2.3673877019605663e-05,99582.21188422448,0.5785070345677649,0.0,0.0,0.0,0.0,0.0,0.10671936758893281,True,140557.53732796153
2025-02-06,-0.0001774679255107356,0.0,0.0001774679255107356,0.0,99564.53923566361,0.4973272485214134,0.49741552382254306,2.213507155346406e-15,1.8735013540549517e-15,4.475586568020162e-16,0.09801739494374463,0.11575381140598533,False,196171.3904011008
2025-02-07,-3.019208799370449e-06,0.0001380182574473991,0.0001205957323910487,2.0441733855720854e-05,99564.23862953065,0.33811024470847323,0.5870194677196356,1.4710455076283324e-15,9.159339953157541e-16,7.337880303381894e-16,0.09996701000748053,0.06041784302653869,False,161375.6335281281
2025-02-10,-0.00015854664378554874,9.009054604863716e-05,0.00017626492669066936,7.237226314351654e-05,99548.45305365487,0.4941614696067067,0.5985671702620546,-2.636779683484747e-16,-2.2898349882893854e-16,5.273559366969494e-16,0.09771158594527836,0.040090344438170535,False,321663.79086572747
2025-02-11,-0.00012732506257577482,7.343026636330089e-05,0.00017615667810638852,2.4598650832687186e-05,99535.77804064049,0.4947971080389668,0.5726809400158991,-2.1510571102112408e-16,-1.734723475976807e-16,4.926614671774132e-16,0.06964258769481049,0.012987012987012988,False,309139.4833866677
2025-02-12,-0.00018757158059647317,1.2921992653722913e-05,0.00017695874009885775,2.3534833151338327e-05,99517.1079574275,0.4969007202496056,0.6857692296873017,-1.835337437583462e-15,-1.0685896612017132e-15,4.198030811863873e-16,0.0860019387781816,0.042348955392433656,False,243066.0960799875
2025-02-13,3.692547480878836e-05,0.00024151774067458282,0.00017640996875535733,2.8182297110437133e-05,99520.78267389043,0.4961388316205924,0.6238427982921279,2.435551760271437e-15,2.67841304690819e-15,7.216449660063518e-16,0.05097535413333276,0.059288537549407126,False,317411.59345084906
2025-02-14,9.06542326965294e-05,0.00029122193125496467,0.00017493032328615615,2.563737527227913e-05,99529.80465408109,0.49120391514489026,0.5488295150928321,-2.5777990853015353e-15,-1.366962099069724e-15,7.490535969267853e-15,0.0713852718315717,-0.06493506493506496,False,362365.36941940954
2025-02-18,-0.0004441321661261643,-0.00017728687842525227,0.00017662673727469264,9.021855042621938e-05,99485.60026634597,0.4972635491857883,0.5202734474336701,-2.6229018956769323e-15,-2.3175905639050143e-15,6.661338147750939e-16,0.07556131124483606,-0.14737436476566912,False,469281.9052820038
2025-02-19,-0.00042543650621998066,-0.00025872806634219504,0.00014532733929831964,2.1381100579466e-05,99443.27546014945,0.40776809562753097,0.6480733759345635,5.412337245047638e-16,5.48172618408671e-16,5.247538514829841e-16,0.09952842295777463,-0.10897797854319595,False,237947.95596162108
2025-02-20,-0.0005419491483134114,-0.0004512763220170141,6.40396738607303e-05,2.6633152435666975e-05,99389.38226170834,0.18131439824426462,0.6957014627991803,3.2890357104520263e-15,3.608224830031759e-15,1.0859368959614812e-15,0.09999371225427874,-0.09316770186335405,False,588111.2244399844
2025-02-21,-0.0006759960616204985,-0.000536120579474917,0.00011128501107164282,2.859047107393878e-05,99322.19543073252,0.31357201610801794,0.6118375772522049,-1.3787582187063663e-14,-1.2923689896027213e-14,3.778227730677486e-15,0.0994711740983315,-0.18690005646527386,False,559103.209772383
2025-02-24,-0.00035826663497157043,-0.00022530899909690944,5.752560580246966e-05,7.543203007219135e-05,99286.61160199757,0.16283702403644465,0.4901036525011505,-1.5543122344752192e-15,-1.2212453270876722e-15,1.186550857568136e-15,0.09999341904406701,-0.003952569169960475,False,1104523.808792053
2025-02-25,0.00011703973898804501,0.00031304959842018605,0.000175868613438943,2.014124599319803e-05,99298.23208110448,0.49246805117102244,0.0,0.0,0.0,0.0,0.0,0.1643139469226426,True,195098.67573229628
2025-02-26,-0.00017559172689648827,0.0,0.00017559172689648827,0.0,99280.79613305558,0.4926964308757454,0.49278295948658674,-5.2839677078253544e-15,-5.457440055423035e-15,1.5577816814271728e-15,0.052009132373367836,-0.06719367588932806,False,159161.1392828134
2025-02-27,-0.0003793009802048674,-0.00018150896454128483,0.00017754066116413357,2.0251354499448988e-05,99243.1388297668,0.4994349089188131,0.7884025738130038,1.5612511283791264e-16,1.249000902703301e-16,2.7755575615628914e-17,0.05556993511397439,0.1643139469226426,False,503268.1322983718
2025-02-28,-6.0604256559814386e-05,0.000146527458282711,0.00017473160906938823,3.2400105773137144e-05,99237.12427311936,0.49041049951689236,0.964172244054255,4.045375145977914e-15,3.83026943495679e-15,1.0685896612017132e-15,0.08304076947117815,-0.015245623941276118,False,325824.12459770165
2025-03-03,-0.0006302014858569965,-0.00033981019519322396,0.00017152074002694704,0.00011887055063682546,99174.58488995026,0.4820360515821068,0.7065349119060853,-1.0512424264419451e-15,-8.604228440844963e-16,4.440892098500626e-16,0.07655919301492642,0.1044607566346697,False,539142.9918299208
2025-03-04,-7.208532457595537e-05,0.00013532623209072236,0.0001783758753554687,2.9035681311209028e-05,99167.43585780878,0.49990884926140355,0.7478513226105125,-4.198030811863873e-15,-4.579669976578771e-15,1.575345756621438e-15,0.06247981126956905,0.050254093732354614,False,186752.9269759492
2025-03-05,-0.00042452975415322044,-0.0002199685805706668,0.00017382755758486122,3.073361599769246e-05,99125.33633064407,0.4885746840885517,0.6120466017725088,-6.0645932720149176e-15,-5.009881398621019e-15,1.429412144204889e-15,0.06618351992265624,-0.08752117447769624,False,231115.22758744596
2025-03-06,-0.00041824198386787174,-0.00021871846143380318,0.0001743709223612255,2.5152600072843075e-05,99083.87795332557,0.4897499191331175,0.6045611177770794,-1.0408340855860843e-17,6.938893903907228e-18,1.1449174941446927e-16,0.07088665392306512,-0.03444381705251271,False,452097.2923510584
2025-03-07,-0.00045092393868035067,-0.0002509531277225722,0.00017512583351488476,2.4844977442893684e-05,99039.19866081914,0.49268969878950275,0.49076383625090014,-2.6506574712925612e-15,-3.681083216022785e-15,1.4155343563970746e-15,0.08829338857324628,0.04912478825522304,False,263822.4856990156
2025-03-10,-0.00038904944311152087,-0.00023493167877494374,9.36126338398905e-05,6.050513049668662e-05,99000.66751573393,0.2635822194431856,0.6856994286700199,-1.061650767297806e-15,-1.0061396160665481e-15,3.122502256758253e-16,0.09973739245956345,0.14963297571993225,False,342029.29445198964
2025-03-11,3.7631684660250524e-05,0.00019203627309177915,0.0001262251598560483,2.817942857548031e-05,99004.39307763503,0.35473627758201437,0.6921726024774506,-5.273559366969494e-16,-1.2836953722228372e-15,8.257283745649602e-16,0.09999017560271234,0.04347826086956522,False,653714.7796792054
2025-03-12,9.898409252730522e-05,0.00025111849024154174,0.00012368894829735497,2.844544941688155e-05,99014.19293764005,0.3480332285646717,0.6046084562514121,-1.5612511283791264e-16,-1.0408340855860843e-16,7.979727989493313e-17,0.09991265901272703,-0.033314511575381144,False,582901.9753985885
2025-03-13,-0.0004476709283590115,-0.00024798567831897927,0.00017483832718038518,2.484692285964707e-05,98969.86716196695,0.4907861371877709,0.8414143754612926,1.3683498778505054e-14,1.2281842209915794e-14,2.2898349882893854e-15,0.09384433361434481,-0.06719367588932806,False,336946.88249679445
2025-03-14,-0.00017305527516348588,3.603678393116128e-05,0.000174513386130485,3.457867296416215e-05,98952.73990437234,0.48934757272912593,0.7065773821203407,6.966649479522857e-15,5.953570969552402e-15,2.0018708912772354e-15,0.08467770793015596,0.05251270468661773,False,226400.85813772568
2025-03-17,-0.00016590656832216885,9.712429201296895e-05,0.0001759185803476994,8.71122799874384e-05,98936.32299486874,0.49232231607072907,0.7796610849103112,5.551115123125783e-17,6.938893903907228e-17,3.469446951953614e-17,0.09683949216089881,0.006211180124223602,False,155613.27930300217
2025-03-18,-6.285526450120461e-05,0.00014100998579216414,0.0001718243837902053,3.204086650316346e-05,98930.10432611812,0.4815155646870407,0.4775960230926322,-2.2551405187698492e-15,-2.123301534595612e-15,7.28583859910259e-16,0.07267699656518029,0.1044607566346697,False,244048.66157051583
2025-03-19,-0.00018019928629610786,1.5432757106191174e-05,0.00017600480957657432,1.9627233825724703e-05,98912.27719192536,0.4911504492851406,0.4066709454800851,-3.309852392163748e-15,-3.2873009869760494e-15,7.840950111415168e-16,0.04268301607336799,-0.0028232636928289105,False,316018.4136764987
2025-03-20,-0.00019202358078747894,1.2324581350942645e-06,0.00017654353431380247,1.671250460877076e-05,98893.28370227512,0.4945076091780381,0.643512171043884,-1.2906342661267445e-15,-9.43689570931383e-16,6.938893903907228e-16,0.08152030531888672,0.019762845849802372,False,221994.88107412745
2025-03-21,-0.00012930972268711458,7.152646531004378e-05,0.0001743904823378206,2.6445705659337755e-05,98880.49583918396,0.4905157814205112,0.7128004760208884,-6.245004513516506e-17,-4.163336342344337e-17,2.7755575615628914e-17,0.06370862219236756,-0.0005646527385657821,False,356236.16060455947
2025-03-24,-0.00022739407309127382,3.6354089424173197e-05,0.0001758686517731457,8.787951074230132e-05,98858.0110004858,0.4932855403260028,0.5154733588038989,-8.326672684688674e-17,6.245004513516506e-17,2.5673907444456745e-16,0.03676920537466528,-0.006211180124223602,False,193459.73863911588
2025-03-25,-0.0001685984217579585,3.067751994709984e-05,0.00017809210504188443,2.1183836663173923e-05,98841.34369585298,0.4986515382846996,0.49950199792523076,-5.134781488891349e-16,-4.996003610813204e-16,2.0816681711721685e-16,0.0724951689780598,0.08639186900056467,False,219769.0204749671
2025-03-26,-7.77870844264861e-05,0.00011752539910292155,0.00017478500416261733,2.0527479366790324e-05,98833.65511590608,0.4903111158012962,0.7882377627115651,-8.743006318923108e-16,-7.494005416219807e-16,2.220446049250313e-16,0.09685326480898755,0.07284020327498589,False,441986.05436757026
2025-03-27,8.767759026740831e-05,0.0002910358901068907,0.00017096496712530842,3.239333271417395e-05,98842.32061262395,0.4782893456403279,0.523483588728086,-1.4779844015322396e-15,-9.992007221626409e-16,3.8163916471489756e-16,0.08661009454272514,-0.07509881422924902,False,175909.23591046172
2025-03-28,-0.0004085759121108829,-0.000212324726822918,0.00017473816109365997,2.151302419430496e-05,98801.9360213245,0.4880282543306584,0.33807212757665817,-4.3021142204224816e-16,-6.106226635438361e-16,7.355227538141662e-16,0.048318150934126676,-0.14624505928853757,False,303710.13034495775
2025-03-31,-0.00028155818577019486,-6.26043984495068e-05,0.00017727366200301781,4.168012531767024e-05,98774.11752746774,0.4971729540337153,0.7773312982972069,-2.525757381022231e-15,-2.248201624865942e-15,7.077671781985373e-16,0.07220679888842482,0.09881422924901187,False,184848.49933227425
2025-04-01,6.294264835020552e-05,0.00027224926105214747,0.00017736149085411144,3.194512184783052e-05,98780.33463201337,0.49868307606548684,0.6665988265217537,-9.055256544598933e-15,-7.972789095589405e-15,1.6306400674181987e-15,0.08835780316087433,0.07848673066064371,False,484175.08841315
2025-04-02,-0.00048798747986953707,-0.00028403353294138736,0.00017655947460533752,2.7394472322812168e-05,98732.13106545563,0.4933454890446577,0.6431027008722171,-1.2628786905111156e-15,-1.0755285551056204e-15,4.371503159461554e-16,0.08940120568274676,-0.015245623941276118,False,307539.0688718669
2025-04-03,6.007638348875534e-07,0.00015814675355718135,0.00013111711160425742,2.6428878118036372e-05,98732.19038014932,0.367802109111114,0.6217929595883447,-4.978656376053436e-16,-6.730727086790012e-16,5.724587470723463e-16,0.09979247081314599,0.0536420101637493,False,286463.64650293585
2025-04-04,-0.00037746062249476806,-0.00017994632845251183,0.0001719611587167078,2.5553135325548436e-05,98694.92286610816,0.48376606427557,0.5510435529886801,-5.27529409044547e-15,-6.38378239159465e-15,3.350618393849203e-14,0.09298947098808269,-0.010728402032749858,False,923886.7387125796
2025-04-07,-0.00017659787992356453,6.941515707942734e-05,0.00017807616060712655,6.793687639586532e-05,98677.4935519708,0.49788478201388064,0.7296748076741688,2.5895952049381776e-14,2.4424906541753444e-14,4.586608870482678e-15,0.09095918083718363,0.033314511575381144,False,456296.4183378782
2025-04-08,-0.00020799388968174634,1.1892171557626287e-06,0.00017919647090569487,2.9986635931814082e-05,98656.96923626287,0.49896044318697663,0.8434621018039344,1.9963197761541096e-14,1.9290125052862095e-14,4.5727310826748635e-15,0.06869290362949985,-0.1078486730660644,False,264122.5701359984
2025-04-09,-0.000553001259662399,-0.0003405218823697401,0.0001778165511911282,3.466282610153073e-05,98602.41180800075,0.49773676356640123,0.7668443518537497,1.824929096727601e-14,1.6292522886374172e-14,5.2735593669694936e-15,0.07973922684470396,0.08300395256916997,False,679225.4573098808
2025-04-10,8.151474207529727e-05,0.00029124495065316553,0.0001782160571318245,3.151415144604376e-05,98610.44935816729,0.4968262176822137,0.7601249188675844,-2.456368441983159e-15,-2.456368441983159e-15,1.3149203947904198e-15,0.09162250604877613,-0.05251270468661773,False,610070.8035992011
2025-04-11,-0.0002288667165770226,-2.065401306507338e-05,0.00017697469314752784,3.123801036442137e-05,98587.88070840249,0.49185084189364636,0.6682800354228594,-3.406996906818449e-15,-3.094746681142624e-15,5.863365348801608e-16,0.06329240714616174,0.05590062111801244,False,364245.61377852445
2025-04-14,-6.33588634915307e-05,0.0001988850289721771,0.0001798532031649987,8.239068929870912e-05,98581.63429232677,0.49948721999561563,0.7054856535266767,3.2404634531246757e-15,3.039235529911366e-15,1.2628786905111156e-15,0.09723474509587106,0.09542631281761718,False,326595.24802467227
2025-04-15,0.00015608915150925871,0.00035957172068647647,0.00017449000807338185,2.8992561103835893e-05,98597.02181597786,0.4836017339104138,0.685437308959508,-1.6861512186494565e-15,-1.5612511283791264e-15,4.961309141293668e-16,0.09421702227625275,0.040090344438170535,False,320730.1874776363
2025-04-16,-8.627554481547257e-05,0.00011881482139598028,0.00017692170967887024,2.8168656532582597e-05,98588.51530420351,0.4925162024552616,0.5510768031549255,1.5959455978986625e-16,1.6306400674181987e-16,1.0130785099704553e-15,0.05667944307814603,-0.05590062111801244,False,336372.05274789146
2025-04-17,-0.00047931996819833094,-0.0002814353779929138,0.0001752375982949408,2.2646991910476383e-05,98541.25986018319,0.48784876425620133,0.6306191402848745,2.3800406090401793e-15,2.1649348980190553e-15,4.0245584642661925e-16,0.057654049026487054,0.07058159232072277,False,334727.73167106253
2025-04-21,-0.000279765824413593,1.8265941488300897e-06,0.00017792899824162222,0.0001036634203208009,98513.69138337964,0.4945412353814145,0.9828951575503692,-1.301736496372996e-14,-1.1837753000065732e-14,2.929947950924827e-15,0.09856734796141095,-0.04573687182382835,False,382151.4512494347
2025-04-22,-0.00017261521518326274,4.837922339627661e-05,0.00018060148689938665,4.039295168015269e-05,98496.686421343,0.4967808482742466,0.8144430401314882,-6.175615574477433e-15,-5.051514762044462e-15,2.8657631823136853e-15,0.07294222418473066,-0.0378317334839074,False,158271.42695463722
2025-04-23,2.8635383128412675e-05,0.00023683196161769754,0.00017472631656607277,3.3470261923212086e-05,98499.50691169556,0.4849708674394917,0.6273326308162708,3.1502578323738817e-15,2.789435349370706e-15,5.30825383648903e-16,0.06983397694324915,-0.018633540372670808,False,336214.76910356263
2025-04-24,-0.00030999250828955393,-0.0001072135113463215,0.0001769982038959886,2.578079304724388e-05,98468.97280248272,0.49051699990447184,0.357680036465395,4.211908599671688e-15,3.7539416020138106e-15,7.273912375205249e-16,0.05462438913998609,0.016374929418407683,False,323898.3612949542
2025-04-25,-0.0001163366371606888,7.731160108773096e-05,0.00017894905866765027,1.4699179580769483e-05,98457.5172533222,0.49526277173204863,0.604065082357513,-3.95516952522712e-16,-2.983724378680108e-16,5.637851296924623e-17,0.06958638583642245,0.05477131564088086,False,231448.37940183256
2025-04-28,-0.00012160836961886848,0.00012876535947046533,0.0001758999518123801,7.44737772769537e-05,98445.54399517231,0.49036623872906393,0.5947938464496842,-5.689893001203927e-16,-4.649058915617843e-16,1.110494075168278e-16,0.09881995029771516,-0.02089215132693394,False,797180.8659974833
2025-04-29,-0.00015537485986112364,-8.261308462714431e-06,0.00012266996866760023,2.4443582730808963e-05,98430.2480325701,0.34118658285329634,0.6516680394278742,3.469446951953614e-17,1.0408340855860843e-16,6.938893903907228e-17,0.09999642208911393,0.044607566346696784,False,442756.8346022173
2025-04-30,-5.093463313774096e-06,0.00019828569185937868,0.00017659827684050043,2.6780878332652352e-05,98429.74668171279,0.49077009727541254,0.4694381330249754,2.185751579730777e-16,2.220446049250313e-16,8.673617379884035e-17,0.0645476632808159,-0.016374929418407683,False,266920.1205257765
2025-05-01,-0.00033424543149543936,-0.00013742380999500164,0.0001775296434309182,1.9291978069519525e-05,98396.84698856117,0.49210108270958963,0.5805571326375023,1.7208456881689926e-15,1.6445178552260131e-15,7.520026268359459e-16,0.08379058612831801,0.06380575945793338,False,544037.8798877897
2025-05-02,-8.652219464926952e-05,0.00011777891477635246,0.0001804425971254507,2.3858512300171266e-05,98388.33347741315,0.4993913630952815,0.5833202244881945,4.864164626638967e-15,4.355890648177763e-15,9.992007221626409e-16,0.09454072493273283,0.05477131564088086,False,231712.8979479087
2025-05-05,-0.00025039878383734777,-3.8843023080344053e-07,0.00017809416154635654,7.191619206018778e-05,98363.69715836662,0.49545656510601155,0.7603740508838757,4.371503159461554e-16,3.9898639947466563e-16,9.71445146547012e-17,0.06020972148250652,-0.010728402032749858,False,517230.36456115986
2025-05-06,-0.00011166677717244027,9.5575422840564e-05,0.00017599395134654364,3.124824866646063e-05,98352.71320131418,0.4882270321652676,0.7155684033314061,6.38378239159465e-16,4.579669976578771e-16,1.6063539387545234e-15,0.08650792963444001,0.019762845849802372,False,585327.7407784996
2025-05-07,0.00028038216567908224,0.00048617318134228267,0.0001763840949783481,2.940692068485228e-05,98380.28954804198,0.4878742869559678,0.5713856699575273,2.060851489460447e-15,1.734723475976807e-15,6.279698983036042e-16,0.061768376308780376,-0.07396950875211745,False,334179.40208534594
2025-05-08,-1.87144733406401e-05,0.00017851762870616124,0.00017375049917183456,2.3481602874966784e-05,98378.44841273599,0.4814120499151116,0.46281300051202834,1.0408340855860843e-17,1.0408340855860843e-16,2.8796409701215e-16,0.030693350940712044,0.07622811970638058,False,485631.65207856614
2025-05-09,-6.479621589462043e-05,0.000132661507455011,0.00017843801099982204,1.901971234980938e-05,98372.07386155326,0.4970668562249597,0.5208327023635245,2.6298407895808396e-15,2.6506574712925612e-15,7.7021722333370235e-16,0.07536172354835328,0.04347826086956522,False,305841.39171035757
2025-05-12,-0.00027680823257235035,-6.229185911793762e-05,0.0001503041224780881,6.42122509763246e-05,98344.84366165317,0.417470311573445,0.5833080239879226,-4.440892098500626e-16,-3.3306690738754696e-16,1.3877787807814457e-16,0.09954660648361469,0.008469791078486732,False,502384.30332599377
2025-05-13,-0.00011612412829075812,5.22946627946843e-05,0.00014444722845580174,2.397156262964067e-05,98333.42345241107,0.39956652025659317,0.6787840845345197,-3.8719027983802334e-15,-3.9794556538907955e-15,2.348815586472597e-15,0.09999170046941241,0.010728402032749858,False,493228.83016600105
2025-05-14,-0.0003297979892734738,-0.00014538173688360013,0.00015652101603913978,2.7895236350733845e-05,98300.99328707809,0.4351482634727295,0.9158049680973803,5.856426454897701e-15,5.523359547510154e-15,1.7034984534092246e-15,0.09964673380536646,0.06380575945793338,False,429371.37607795454
2025-05-15,1.6172661598094892e-05,0.00039168672692633665,0.00033787824472150034,3.7635820606741414e-05,98302.58307577728,0.9257015174404168,0.0,0.0,0.0,0.0,0.0,0.023150762281197064,True,175821.07085549406
2025-05-16,-0.00017965360823896784,0.0,0.00017965360823896784,0.0,98284.9226620285,0.49999999999999994,0.5000898429447287,1.0755285551056204e-15,9.298117831235686e-16,1.6653345369377348e-16,0.046757867594777465,-0.0694522868435912,False,620583.4504477131
2025-05-19,-0.00029002005468547424,-0.00010711799201647371,0.00012124715052513,6.165491214387052e-05,98256.4180633833,0.33706844797781077,0.7066854411885707,7.424616477180734e-16,6.522560269672795e-16,2.42861286636753e-16,0.09895379188170919,-0.009599096555618296,False,567968.2386311766
2025-05-20,-0.00021975815369478982,-2.4412818050719974e-05,0.00016630346819796425,2.904186744610561e-05,98234.82541436102,0.45415391722018517,0.9208232955058908,-1.4904744105592727e-14,-1.2601031329495527e-14,3.426078865054194e-15,0.09872375496550544,-0.07171089779785433,False,149131.62404999541
2025-05-21,0.00035371971105058577,0.0005707624703371222,0.00017920070604656772,3.784205323996873e-05,98269.57300842169,0.4965303444616506,0.7655885128944561,-5.23192600354605e-15,-5.016820292524926e-15,1.5907414274707321e-15,0.0838847027734124,0.012987012987012988,False,211521.66399424968
2025-05-22,-0.00018184057575859532,2.9746279747637045e-05,0.0001801243138804326,3.146254162579978e-05,98251.7036126863,0.4967417236118528,0.46601251975510455,1.8041124150158794e-16,3.3306690738754696e-16,7.060324547225605e-16,0.0873002827441828,0.051383399209486175,False,354370.20285195496
2025-05-23,-0.00013620158634937,6.278836481752559e-05,0.00017983875172490502,1.915119944199059e-05,98238.32157479272,0.49612380002251655,0.660384899582308,1.3322676295501878e-15,1.3322676295501878e-15,3.1051550219984847e-16,0.06575093673873021,-0.03557312252964427,False,348966.80271950754
2025-05-27,-0.00020431764386439531,8.532647805630346e-05,0.0001810877000715525,0.00010855642184914627,98218.24975239136,0.4972994656123213,0.7279922594325804,2.914335439641036e-15,2.7408630920433552e-15,7.728193085476676e-16,0.09259707831246002,0.0220214568040655,False,122556.88626074826
2025-05-28,-7.550985481599418e-05,0.00013295872554902258,0.0001785510902513492,2.9917490113667565e-05,98210.83330661229,0.49227483686415685,0.6192137422799245,-1.1449174941446927e-15,-1.5959455978986625e-15,2.205267218835516e-15,0.0764954533460322,0.015245623941276118,False,323073.7036314441
2025-05-29,-0.00029342467982241627,-9.271236466872041e-05,0.00017526517506000027,2.5447140093695578e-05,98182.0158242942,0.48361046865324653,0.6902149468634555,1.5751289161869408e-15,1.3600232051658168e-15,4.0939474033052647e-16,0.0753114152643188,0.0852625635234331,False,399630.2205016675
2025-05-30,5.072268836544039e-05,0.0002544670910788252,0.00017537940489707846,2.8364997816306318e-05,98186.99588008595,0.4844016635405092,0.4456894382303772,7.282369152150636e-15,6.38378239159465e-15,1.0711917464156784e-15,0.057930984933161296,-0.08187464709203841,False,157096.77981956908
2025-06-02,-0.00017212240295839143,6.105953401590542e-05,0.00017823392404178547,5.4948012932511375e-05,98170.0956984158,0.49302251218789933,0.29288395613384827,1.734723475976807e-18,-1.3530843112619095e-16,7.632783294297951e-16,0.030911261912825103,0.06832298136645965,False,196111.25461355742
2025-06-03,-6.182791955688822e-05,0.0001264818276070983,0.0001762734201995818,1.2036326964404725e-05,98164.02604563606,0.4871343517489966,0.7015429893629292,-8.670147932932082e-15,-8.03523914072457e-15,2.275957200481571e-15,0.055298567135544804,-0.05590062111801244,False,224532.522606772
2025-06-04,-0.00043232941311390757,-0.00022995654905840252,0.00017354233024606923,2.88305338094358e-05,98121.58684986684,0.48116321719171584,0.5875851820096644,3.677613769070831e-16,3.191891195797325e-16,4.371503159461554e-16,0.056882874913114584,-0.05477131564088086,False,519849.7522741665
2025-06-05,-2.2611755432853344e-05,0.00017737639793920023,0.00017584081712508108,2.4147336246972493e-05,98119.36814854231,0.48704763114065214,0.4798010785705481,1.1728465421079193e-14,1.004057947895376e-14,2.501471252358556e-15,0.052425594474730115,-0.11575381140598533,False,368090.53938610834
2025-06-06,-0.00025988589530069226,-5.7653265377691e-05,0.0001825147773790066,1.9717852543994644e-05,98093.8683087047,0.49853790320075325,0.5057030889247984,9.272096979096034e-16,7.355227538141662e-16,4.0245584642661925e-16,0.08659469747361387,-0.1101072840203275,False,126066.69424344315
2025-06-09,-0.00027156621694509865,-9.361030081605718e-05,0.00011560895996023085,6.234695616881062e-05,98067.22932798258,0.32056749937116824,0.49715552604385954,-4.211908599671688e-15,-3.524958103184872e-15,1.096345236817342e-15,0.09974426232457356,0.051383399209486175,False,455846.4869590925
2025-06-10,-0.0001812087065915692,2.0671922107237672e-05,0.00018144957968330562,2.0431049015501247e-05,98049.45869219705,0.5001837357482154,0.0,0.0,0.0,0.0,0.0,0.031055900621118016,True,196714.85194377456
2025-06-11,-0.00017953462136996318,0.0,0.00017953462136996318,0.0,98031.85541975521,0.49866491897163745,0.4987544626652487,-4.718447854656915e-15,-4.430483757644765e-15,1.5872719805187785e-15,0.056010055744150945,-0.019762845849802372,False,310579.7266248077
2025-06-12,-0.0002462221728088772,-6.556848885611087e-05,0.0001601569252130984,2.049675873966795e-05,98007.71780330928,0.4446222499291797,0.7760627647755354,-1.824929096727601e-15,-1.4432899320127035e-15,5.533767888366015e-16,0.09864191892867684,0.050254093732354614,False,416667.56563416566
2025-06-13,-1.137435229280939e-06,0.0001834551030707573,0.00015269954796679697,3.1892990333241254e-05,98007.60632587831,0.425524699915467,0.6704583342196099,-1.1868978022633314e-14,-1.1185496973098452e-14,3.7643499428696714e-15,0.09982379937112269,0.018633540372670808,False,427622.76576187235
2025-06-16,-0.00044173621107041026,-0.0001842337904027042,0.0001748431739830951,8.265924668461093e-05,97964.31281720383,0.4860829876526664,0.8074967424092335,-1.2524703496552547e-14,-1.0949574580365606e-14,4.0245584642661925e-15,0.07788844259561073,0.0852625635234331,False,235449.71589191016
2025-06-17,1.1200650079305058e-06,0.00020321368296949698,0.0001689088203283098,3.3184797633256685e-05,97964.42254360263,0.4691817588789928,0.9962442718187006,-3.4833247397614286e-15,-2.9976021664879227e-15,1.6445178552260131e-15,0.07854663460016481,0.1326933935629588,False,355973.6171728177
2025-06-18,4.096329945961938e-05,0.00025527045171374897,0.00017336560683692257,4.094154541720702e-05,97968.43548957967,0.48175581756820274,0.7691966293893656,8.03523914072457e-15,7.174816296640074e-15,1.5265566588595902e-15,0.07590410196000592,0.07284020327498589,False,385723.0989695754
2025-06-20,0.00012173677773418454,0.0003539031942743457,0.00016894477576843316,6.322164077172802e-05,97980.36185123584,0.46924519131340237,0.46750040916185487,6.7584826624056404e-15,5.953570969552402e-15,1.2281842209915794e-15,0.037041544443484245,-0.040090344438170535,False,240718.30876844088
2025-06-23,2.9178994400265924e-05,0.00026418988252228037,0.00017737385137603316,5.763703674598128e-05,97983.22081966563,0.4915003631636915,0.3801959990067809,6.938893903907228e-17,6.245004513516506e-17,2.42861286636753e-17,0.03009370623823657,0.04573687182382835,False,256978.42671944824
2025-06-24,-0.00017848803788110117,1.655446651015988e-05,0.00017941801128139336,1.5624493109867702e-05,97965.73198683625,0.4959136680257068,0.4984969615511185,3.3306690738754696e-16,3.400058012914542e-16,4.77048955893622e-16,0.07767195063408665,-0.06041784302653869,False,236382.5005180731
2025-06-25,-0.00031720549808569886,-0.00011835657070989582,0.0001783627508737023,2.0486176502100743e-05,97934.65671802605,0.4966668417322394,0.7694460747725088,5.676015213396113e-15,4.96044177955568e-15,1.0269562977782698e-15,0.09554108051212411,0.06267645398080182,False,369789.4898955649
2025-06-26,8.720050219294851e-05,0.00029612890407861654,0.00017730733031967474,3.1621071565993285e-05,97943.19666927397,0.4936260555741173,0.6570376229676069,5.898059818321144e-16,6.175615574477433e-16,2.723515857283587e-16,0.09035078964241554,-0.007340485601355168,False,607481.0914913628
2025-06-27,-0.00024110796944773867,-4.0962672466480794e-05,0.0001731437508319042,2.700154614935369e-05,97919.58178400382,0.48091010899281095,0.3166134595799583,-4.996003610813204e-16,-4.753142324176451e-16,1.48318857196017e-16,0.03657067819606374,-0.06267645398080182,False,313258.91292488587
2025-06-30,-0.0003015741433423162,-8.638806863721824e-05,0.00017615153859250028,3.903453611259766e-05,97890.05177001088,0.4901693840562365,0.45334399863601405,5.204170427930421e-17,3.2612801348363973e-16,7.199102425303749e-16,0.08149683181600742,-0.04686617730095992,False,297612.2675671458
2025-07-01,-0.0002847838961712401,-0.00011554582140305781,0.00015060749948177075,1.8630575286411532e-05,97862.1742596714,0.4203454749796652,0.6664984683793641,2.0816681711721685e-16,2.636779683484747e-16,3.861928138393367e-16,0.09893843137372435,-0.03557312252964427,False,351315.1869824387
2025-07-02,-0.00047150652006478514,-0.00026837146456041644,0.00017574470748877837,2.73903480155903e-05,97816.03160644026,0.4883720209103069,0.5841418187175513,-6.311140846038121e-15,-5.641320743876577e-15,2.843211777125987e-15,0.07530253894617289,0.189158667419537,False,189330.85217578927
2025-07-03,-1.3419258214840414e-05,0.000179206303153456,0.00016861973320182145,2.4005828166474978e-05,97814.71898785458,0.4726286707331143,0.4557157830995847,-4.2327252813834093e-16,-3.122502256758253e-16,1.5612511283791264e-16,0.09926886938690767,-0.05251270468661773,False,746351.8900987752
2025-07-07,-0.00022859122541098696,-2.9234313142184815e-05,0.00012444472874558265,7.491218352321949e-05,97792.35940137791,0.3481958253175951,0.6038858725838615,-9.249545573908335e-15,-7.847889005319075e-15,1.3721662694976544e-15,0.09998992962280531,-0.015245623941276118,False,901019.9492787006
2025-07-08,-0.0003351853554087228,-0.00013502854729253544,0.00017533958047575432,2.481722764043304e-05,97759.5808346357,0.4886894114047058,0.5788197591617565,5.6066262743570405e-15,4.9231452248221785e-15,3.747002708109903e-15,0.0902984965752805,-0.18125352907961606,False,404891.9623408992
2025-07-09,-0.0002624302807077064,-6.337515533616787e-05,0.00017526801198132957,2.378711339020894e-05,97733.92576039539,0.48812728633914076,0.635921487750285,1.2309597785531423e-14,1.061650767297806e-14,1.8145207558717402e-15,0.09157675365942759,0.0378317334839074,False,121565.84969459969
2025-07-10,-0.00017774620853702196,-2.9440294432096003e-05,0.0001221721543343668,2.6133759770559145e-05,97716.55392564603,0.3441576205580419,0.5153877447683053,1.1379786002407855e-15,1.1934897514720433e-15,8.430756093247282e-16,0.0997068211295439,0.04912478825522304,False,458402.232015007
2025-07-11,-0.00025944991786862185,-5.914996979615672e-05,0.00017911962979431565,2.1180318278149493e-05,97691.20137375561,0.4998336300277569,0.6582723545388264,1.3780643293159756e-14,1.2698175844150228e-14,2.976785484776201e-15,0.08366319986428965,-0.003952569169960475,False,103474.37678413969
2025-07-14,-0.00012866195371194928,0.00013065458345622877,0.00017815967154010526,8.115686562807278e-05,97678.6322329264,0.4994303482471105,0.7962781660071377,-1.0935696792557792e-14,-1.0099560077136971e-14,3.2725558374302466e-15,0.0904617934973851,-0.04121964991530209,False,160614.8482487409
2025-07-15,-0.0004483940561674227,-0.0002472670411012958,0.00016840325481925784,3.2723760246869125e-05,97634.83371481858,0.4696495346968504,0.9343539405263389,2.858824288409778e-15,2.275957200481571e-15,7.355227538141662e-16,0.0784788625960492,0.08074534161490683,False,100123.54286726039
2025-07-16,4.596510888241263e-05,0.0002587436164120732,0.00017438040038474266,3.839810714491792e-05,97639.32151058101,0.4896014092570343,0.7356540401146443,-4.121702978920894e-15,-3.684552662974738e-15,1.0668549377257364e-15,0.08620454159866643,0.07622811970638058,False,205326.7065978805
2025-07-17,-2.1245347853747872e-05,0.00018645965513683577,0.0001774726451776529,3.023235781293075e-05,97637.24712923131,0.4991724441608585,0.4710603546313215,-1.3877787807814457e-17,1.734723475976807e-17,8.673617379884035e-18,0.05789663526227058,-0.08977978543195936,False,373102.2522519623
2025-07-18,-0.0005860704431212589,-0.00039078104473729057,0.00017593075367309215,1.9358644710876228e-05,97580.02482454113,0.4941206681282084,0.5508623702939893,8.153200337090993e-15,6.925016116099414e-15,1.56472057533108e-15,0.09676389512815754,0.08413325804630155,False,244818.99262422166
2025-07-21,-0.00021066467135940644,3.197545833441464e-05,0.00017472559089045352,6.791453880336755e-05,97559.46816068023,0.49055072194248167,0.88282913735764,2.4702462297909733e-15,2.3037127760972e-15,1.3426759704060487e-15,0.09192942376392746,0.0378317334839074,False,413450.9320789032
2025-07-22,-0.00012347786347516006,8.70673648410979e-05,0.0001742645788358071,3.628064948045086e-05,97547.42172598999,0.49107462655701917,0.7816480171747436,1.1199374760906267e-14,9.71445146547012e-15,5.0306980803327406e-15,0.09726333450166776,-0.03444381705251271,False,485714.3774516407
2025-07-23,-0.00024160873576271338,-3.463399948286318e-05,0.00017485221502609407,3.212252125375613e-05,97523.85341674986,0.4922606956029698,0.7390155377642262,2.0261570199409107e-15,2.373101715136272e-15,9.43689570931383e-16,0.0999357302369377,-0.017504234895539244,False,273493.1638852668
2025-07-24,-0.0002391055824943339,-3.405483624525498e-05,0.0001746802446971245,3.037050155195442e-05,97500.53491897156,0.4903909802737607,0.46093101442951884,-2.886579864025407e-15,-2.373101715136272e-15,5.030698080332741e-16,0.059589549711468494,0.017504234895539244,False,339510.49639519985
2025-07-25,-0.0002478361455477774,-5.764733997009111e-05,0.00017124643512167858,1.894237045600774e-05,97476.3707622084,0.4816059471068187,0.657549550976856,1.2628786905111156e-15,1.4155343563970746e-15,1.078998002057574e-15,0.055630462671405166,0.05815923207227556,False,416039.7029006291
2025-07-28,-0.00011899692802295684,0.00013540393582078372,0.0001733331109835804,8.106775286016017e-05,97464.77137353287,0.48716594702459365,0.6900726842568039,3.5180192092809648e-15,3.1988300897012323e-15,6.38378239159465e-16,0.07463524267412705,-0.040090344438170535,False,357205.32383559586
2025-07-29,-0.0002553335224646565,-5.1070353544312e-05,0.0001759040175125308,2.8359151407813713e-05,97439.88535014186,0.4950520041734006,0.6238591174791519,7.757683384568281e-15,6.696032617270475e-15,1.457167719820518e-15,0.08534330470256542,-0.014116318464144554,False,355163.7706877224
2025-07-30,-0.00017916274239297394,-1.2358957547818562e-05,0.0001411657389213549,2.563804592380045e-05,97422.42775306408,0.397479017708041,0.752175669727391,9.409140133698202e-15,8.409939411535561e-15,2.1649348980190553e-15,0.09972497276156378,0.042348955392433656,False,259137.77585897883
2025-07-31,-0.0007726708693856084,-0.000577928187090287,0.00016383135340241527,3.091132889290609e-05,97347.15228111447,0.46122180051817235,0.9927665393786034,3.0003777240494856e-14,2.758904216193514e-14,5.780098621954721e-15,0.08354357082580514,0.09994353472614344,False,300094.69965775113
2025-08-01,0.0002102879980406753,0.0004264070312147393,0.00017532040826809524,4.0798624905968766e-05,97367.62321888261,0.4920176032751361,0.618839262337753,1.0033640585049852e-14,9.270362255620057e-15,1.9203388879063255e-15,0.0913727405694378,-0.07848673066064371,False,212520.56281271554
2025-08-04,-0.0004264534964959779,-0.00017633186823599704,0.00017382637673888924,7.629525152109159e-05,97326.10045551542,0.48707691315578255,0.6151585507070847,-6.203371150093062e-15,-5.495603971894525e-15,1.4502288259166107e-15,0.06727268019674558,-0.0028232636928289105,False,128321.694020848
2025-08-05,-0.00016509312288983077,3.6767661596749765e-05,0.00017658029610135762,2.528048838522291e-05,97310.03258565253,0.49653166297174817,0.8193316286030563,1.5917822615563182e-14,1.3860440573054689e-14,3.247402347028583e-15,0.0838752291509507,-0.1360813099943535,False,185011.91659418706
2025-08-06,-0.0007883891285197956,-0.00057999785634849,0.00017472010935200256,3.367116281930303e-05,97233.3144138661,0.4899507170959747,0.5078942246559446,-7.632783294297951e-17,-5.551115123125783e-17,1.3877787807814457e-17,0.07651209718456417,-0.08300395256916997,False,224931.44069540847
2025-08-07,-0.0006703310136671664,-0.0004716720957274686,0.0001777865525428781,2.0872365396819646e-05,97168.13590765283,0.4999022485765231,0.877653899461653,1.0512424264419451e-14,9.46465128492946e-15,2.0122792321330962e-15,0.09548207948532386,0.02992659514398645,False,377861.323093496
2025-08-08,-0.00034511302836642046,-0.00013270358909264795,0.00017634147080274612,3.6067968471026396e-05,97134.60191800902,0.4961348793045047,0.41193931217575386,-3.712308238590367e-15,-3.2751579226442118e-15,9.870576578308032e-16,0.09943891807939584,0.05702992659514399,False,400780.2560095926
2025-08-11,-1.7747960150301393e-05,0.00015054095552016509,0.00011750187718304431,5.0787038487422166e-05,97132.87797696497,0.33083122659666553,0.4544275942154096,-7.181755190543981e-16,-6.071532165918825e-16,3.642919299551295e-16,0.0999853701682288,0.08865047995482779,False,289292.3725494458
2025-08-12,-0.00016732151652856434,2.6001519197013016e-05,0.00017464792911398515,1.8675106611592204e-05,97116.62555651709,0.49089663582421017,0.7230377886170277,-3.4416913763379853e-15,-3.3237301799715624e-15,9.71445146547012e-16,0.0986840714140421,-0.017504234895539244,False,353189.6023950431
2025-08-13,-0.0003226165608175347,-0.00013341773090765427,0.00015948494818589286,2.971388172398758e-05,97085.29412478184,0.44519455135083763,0.5988858379323916,6.938893903907228e-16,6.245004513516506e-16,3.625572064791527e-16,0.09834918269150512,0.015245623941276118,False,98433.9836488518
2025-08-14,-0.00011321040090735387,3.7591585688461434e-05,0.00012619023983147048,2.4611746764344825e-05,97074.30305971176,0.35556970414880273,0.6390455923215334,1.582067810090848e-15,1.3183898417423734e-15,5.681219383824043e-16,0.09999857028935001,0.04405535335237232,False,290054.1560903903
2025-08-15,-0.0001229400673525315,0.00013164952716469163,0.00022832744688757115,2.6262147629651986e-05,97062.36873835539,0.6395983984490633,0.0,0.0,0.0,0.0,0.0,0.025409373235460195,True,181892.22349615602
2025-08-18,-0.00017723451755899904,0.0,0.00017723451755899904,0.0,97045.16593625891,0.5,0.5000886329676006,-9.759554275845517e-15,-8.743006318923108e-15,1.582067810090848e-15,0.046537485679045365,-0.0536420101637493,False,475420.0208461342
2025-08-19,-0.0001974619153630286,-6.359158209744728e-06,0.0001705511694970807,2.0551587656203173e-05,97026.00321191641,0.4805768820539684,0.32898229585167893,-2.112893193739751e-15,-2.14064876935538e-15,1.1522900689175941e-15,0.0294559776405343,-0.028797289666854884,False,368194.63962087827
2025-08-20,-0.0002447426477901727,-5.522374318658921e-05,0.0001759990842261171,1.3519820377466347e-05,97002.25681098583,0.49505149538611576,0.7529428773536913,-2.5916768731093498e-15,-2.0539125955565396e-15,7.077671781985373e-16,0.09826142960955224,-0.047995482778091486,False,252429.63889207307
2025-08-21,2.5581412171577194e-05,0.00018225499406613084,0.00012573072392111417,3.0942857973439476e-05,97004.73826569889,0.3553822517964008,0.5064056149639414,-1.3183898417423734e-15,-1.3322676295501878e-15,5.898059818321144e-16,0.09996475143054373,0.12990681116725175,False,506577.1511712639
2025-08-22,9.606282463748761e-05,0.0002906238718354199,0.00017374985754187982,2.0811189656052444e-05,97014.05681485993,0.4899238173154859,0.7454448117936187,-9.423017921506016e-15,-8.507083926190262e-15,1.85268467234323e-15,0.06786932566044536,0.11236589497459064,False,471631.1752180362
2025-08-25,-0.00012964988654349976,0.00013875733533860973,0.00017650306700344302,9.190415487866647e-05,97001.47895340076,0.4970088817099376,0.5967513207509496,3.372302437298913e-15,2.942091015256665e-15,1.0200174038743626e-15,0.06370461805979499,0.009599096555618296,False,239584.2127801839
2025-08-26,4.890690284199476e-06,0.00020630074435693576,0.00017688602719256042,2.4524026880175868e-05,97001.95335759144,0.49693757472628386,0.6518584469876181,5.828670879282072e-16,6.38378239159465e-16,6.626643678231403e-16,0.07032307359951676,-0.028797289666854884,False,206092.35861892425
2025-08-27,-0.00041671095095118226,-0.00021552244877052075,0.00017439979887980055,2.6788703300861e-05,96961.53158136367,0.4905452483428268,0.7699957122147514,2.3592239273284576e-15,2.55351295663786e-15,1.9155683983473892e-15,0.070113811693312,0.009599096555618296,False,377496.7296773949
2025-08-28,-0.00038252109883332816,-0.00017496558369023245,0.00017591185573701012,3.1643659406085584e-05,96924.44174975861,0.4953006023166354,0.6995048022047314,-3.1502578323738817e-15,-2.744332538995309e-15,7.91033905045424e-16,0.052047504207870035,0.019762845849802372,False,268777.3258466083
2025-08-29,-0.00032183508671115976,-0.00011739194413156191,0.0001756963698862526,2.874677269334526e-05,96893.24806364365,0.49431758586076885,0.9437279525704689,2.0344836926255994e-14,1.7593565493356778e-14,3.2057689836051395e-15,0.08551227131051041,-0.015245623941276118,False,176203.59154140786
2025-09-02,-0.0001939102830199548,9.953101423758022e-05,0.00013830793519115987,0.00015513336206637515,96874.4594664889,0.3899578399275711,0.997494988332481,-1.3329615189405786e-14,-1.1546319456101628e-14,3.774758283725532e-15,0.09055521414246777,-0.08300395256916997,False,568713.4147749041
2025-09-03,-0.00037303905831478744,-0.00016044298618638148,0.00017160312740241304,4.0992944725992914e-05,96838.32150935478,0.48461758438006414,0.6881486434105764,5.0133508455729725e-16,9.055256544598933e-16,6.002143226879753e-16,0.08035605372284825,-0.019762845849802372,False,481287.5923646084
2025-09-04,-0.00034666220537207684,-0.00014434003609800557,0.00017404208803802022,2.8280081236051056e-05,96804.75132325581,0.4921658212724989,0.630010125004885,1.2004286453759505e-15,9.159339953157541e-16,1.5057399771478686e-15,0.09810800777417537,-0.015245623941276118,False,617256.9410029837
2025-09-05,3.392005539583083e-05,0.00016797842499893844,0.00010816754254811239,2.5890827054995217e-05,96808.03494578328,0.30519600732120333,0.6187935125171279,-5.5164206536062466e-15,-5.290906601729262e-15,1.4988010832439613e-15,0.09997320650064116,0.033314511575381144,False,625082.5680269005
2025-09-08,-0.0003977406247287371,-0.00014447953413706277,0.000176971479459425,7.628961113224933e-05,96769.53045748518,0.4972032791565644,0.7207540563417446,-1.2781442570997115e-14,-1.1254885912137524e-14,3.071327914216937e-15,0.09582852835805719,0.005081874647092039,False,159542.1269551537
2025-09-09,0.00012845116441419457,0.00033343841229907913,0.0001753672181722096,2.962002971267496e-05,96781.96061635225,0.49543958570681085,0.6767642514966488,9.71445146547012e-16,7.216449660063518e-16,4.373671563806525e-16,0.09792836705435819,0.08752117447769624,False,527171.3198416376
2025-09-10,3.025734730103704e-05,0.00023265243153390265,0.00017458285471930475,2.7812229513560867e-05,96784.88898174709,0.4907820232595821,0.7050147426456232,8.396061623727746e-15,7.577272143066693e-15,1.6028844918025698e-15,0.08257358526338654,0.019762845849802372,False,232576.7335012073
2025-09-11,-0.000692189343230858,-0.0004904272958660397,0.00017278883876294376,2.8973208601874583e-05,96717.89551300814,0.48746380279183366,0.5141923630282733,3.5214886562329184e-16,3.469446951953614e-16,1.2038980923279041e-15,0.061753878759911285,-0.02766798418972332,False,323204.4973770986
2025-09-12,-0.00032298746727796627,-0.0001247953782128298,0.00017706089606397456,2.1131193001161895e-05,96686.65684489594,0.4985797874555127,0.6424529640451591,-8.11156697366755e-15,-6.661338147750939e-15,1.474298114145789e-15,0.06976593541309924,0.023150762281197064,False,271783.9192203615
2025-09-15,-0.0002853068673477594,-2.9266822208153464e-05,0.00017683351532581822,7.920652981378773e-05,96659.0714777172,0.4982091738011154,0.6176642760596885,1.6375789613221059e-15,2.6957602816679582e-15,3.614946883501169e-15,0.09920501060767774,0.11349520045172222,False,255992.11967913553
2025-09-16,0.0003222270266368442,0.0004911045477864611,0.00014349405774990366,2.538346339971316e-05,96690.21764291693,0.40505499729695593,0.7432864624182264,4.3576253716537394e-15,3.747002708109903e-15,2.5673907444456745e-15,0.09999248199221415,-0.05815923207227556,False,385871.69343018817
2025-09-17,-0.000367079981142003,-0.00016059884345698277,0.00017593511868153165,3.054601900348858e-05,96654.72459964795,0.49430684432217775,0.6512921348522178,-4.912736883966318e-15,-4.73232564246473e-15,2.6506574712925612e-15,0.08061835575156877,0.15415019762845852,False,266691.86866239586
2025-09-18,-9.728435854068932e-05,0.00010070617500516053,0.00017122510334644344,2.6765430199406414e-05,96645.32160676534,0.48261304639474106,0.5468049312358825,3.2335245592207684e-15,3.0461744238152733e-15,1.2906342661267445e-15,0.052538191959887334,0.016374929418407683,False,280217.96722516016
2025-09-19,-0.0003425958941808101,-0.00014838082867846587,0.00017174362997210259,2.247143553024161e-05,96612.21131639108,0.4826489670685359,0.49222691762699433,1.0824674490095276e-15,8.014422459012849e-16,9.298117831235686e-16,0.062194874345706704,0.012987012987012988,False,185306.01612667384
2025-09-22,-0.00017114134231004596,6.69960997110556e-05,0.00017745193162873254,6.068551039236903e-05,96595.67697286286,0.4991662947505838,0.5435632502963944,-7.029099524658022e-15,-6.356026815979021e-15,1.9532986339498848e-15,0.08661902239215091,-0.0852625635234331,False,189261.33957076774
2025-09-23,-0.0003099673869603347,-0.00011234417894197393,0.0001752849922527552,2.2338215765605532e-05,96565.73546327991,0.4937992560648411,0.8658680418440815,-6.661338147750939e-15,-5.564992910933597e-15,2.041769531224702e-15,0.08369241138088523,0.04912478825522304,False,241269.35660655226
2025-09-24,1.6719831270181738e-05,0.00022589961701701634,0.00017359616758885838,3.558361815797622e-05,96567.35002608334,0.48926294371774043,0.8613763573802338,-6.416395192943014e-14,-5.698219673888616e-14,1.1997347559855598e-14,0.0950815694653142,-0.03557312252964427,False,245652.7607329775
2025-09-25,-0.00026589056364629014,-5.216193493750376e-05,0.0001783296003232947,3.539902838549169e-05,96541.67367895506,0.49952800292274724,0.8073926591793062,-9.928689814753255e-15,-9.360567876370851e-15,4.191091917959966e-15,0.09822339100925805,-0.09881422924901187,False,127845.76487444382
2025-09-26,-0.0003856871885942853,-0.00018125616196612614,0.00017125050638791336,3.318052024024586e-05,96504.43879225163,0.4835393945864005,0.730672359215997,-2.8092111969968414e-14,-2.4348578708810464e-14,5.179884299266746e-15,0.07048661409143242,-0.16883116883116886,False,337260.8979578977
2025-09-29,-0.00029904333433672473,-3.742693456306818e-05,0.00017153350617168085,9.008289360197571e-05,96475.57978309691,0.4840935117592926,0.6946807740436329,-1.3336554083309693e-14,-1.2365108936762681e-14,3.2057689836051395e-15,0.0728883822588576,-0.023150762281197064,False,521517.47898290656
2025-09-30,-2.6160499012922055e-05,0.00017650226842531237,0.00017411424247753665,2.854852496069778e-05,96473.05593378723,0.4903321451411224,0.6040397497471984,-1.3572476476042539e-14,-1.2139594884885696e-14,3.773890921987544e-15,0.08811196760680808,0.011296244449326236,False,269346.2122707306
2025-10-01,0.000166651514715722,0.00036678141933280865,0.00017530635325761217,2.482355135947447e-05,96489.13331468783,0.4933377421906504,0.7438520494172689,-1.0061396160665481e-14,-9.284240043427872e-15,5.021373941649365e-15,0.09976743110692082,0.13043478260869568,False,247591.02205944344
2025-10-02,0.0001702149710481376,0.0003746461223811885,0.0001738618890282312,3.056926230481968e-05,96505.55720972145,0.48950566202709606,0.6245476390682612,-9.624245844719326e-15,-8.56259507742152e-15,1.870031907102998e-15,0.07642639871747663,0.006211180124223602,False,289116.16520143696
2025-10-03,-0.0003837412425497635,-0.00018576227208135724,0.00017231262913683344,2.5666341331572776e-05,96468.52404728482,0.48495877923951164,0.6964776663813369,3.400058012914542e-15,3.073929999430902e-15,1.1587952819525071e-15,0.07446947725378303,-0.15415019762845852,False,373427.9630020855
2025-10-06,-0.0006057986993834384,-0.0003473549985166371,0.00017257659131293823,8.586710955386302e-05,96410.08354088553,0.4847836336311275,0.7251696938666063,-3.649858193455202e-15,-4.274358644806853e-15,2.2071645726373657e-15,0.0743454093219775,0.09203839638622249,False,119116.5853518462
2025-10-07,8.196577512374756e-08,0.00020283977096225661,0.00017295631091864206,2.980149426849081e-05,96410.09144321276,0.48535624392038346,0.8463737062429936,1.0630385460785874e-14,9.166278847061449e-15,2.3314683517128287e-15,0.07717204629987919,-0.04912478825522304,False,125687.86741444346
2025-10-08,-0.00029971041172054586,-8.848572707627273e-05,0.00017644220356579442,3.4782481078478743e-05,96381.19633501231,0.49812459120755687,0.6208533271578947,-9.749145934989656e-16,-4.926614671774132e-16,9.853229343548264e-16,0.06694560515720234,0.11688311688311688,False,470006.015210221
2025-10-09,-0.0003712755658213556,-0.00017212983648987257,0.00017363120903732292,2.5514520294160098e-05,96345.41235180848,0.4874421036974167,0.6976866145947775,4.191091917959966e-15,3.6914915568786455e-15,8.743006318923108e-16,0.07328566419219495,-0.0028232636928289105,False,125979.19069046434
2025-10-10,-0.0001208271443752365,8.389176071656613e-05,0.0001760468524372229,2.8672052654579728e-05,96333.77121076036,0.49507731952592254,0.795900697409711,7.78543896018391e-15,6.675215935558754e-15,1.824929096727601e-15,0.08948892829176706,-0.08752117447769624,False,220196.18366391072
2025-10-13,-0.0006155890401720128,-0.00034371083398444953,0.00017375346267129837,9.812474351626478e-05,96274.46919700458,0.4863550333006559,0.6806015395207562,4.232725281383409e-15,4.010680676458378e-15,1.0824674490095276e-15,0.09045756388032038,0.04686617730095992,False,103421.6098048211
2025-10-14,7.719350707102981e-05,0.0002656946853448245,0.00016053125199211993,2.7969926281674738e-05,96281.90096092332,0.4512496100946002,0.9910611924518974,-1.0977330155981235e-14,-1.1698975121987587e-14,5.259681579161679e-15,0.0901616331532912,-0.07058159232072277,False,323780.0292747581
2025-10-15,-0.0006447582768860161,-0.00042832087692119337,0.00017570885780926482,4.072854215555788e-05,96219.82240836445,0.4932909006078958,0.6598225045194976,-4.274358644806853e-15,-5.100087019371813e-15,2.5673907444456745e-15,0.07333302054817877,0.007340485601355168,False,178917.09287739228
2025-10-16,-0.0002621014844003582,-5.785221415001662e-05,0.0001771332769139237,2.7115993336417892e-05,96194.60305008249,0.4991514155182096,0.7768200267266651,2.4320823133194835e-14,2.195466031196247e-14,4.621303340002214e-15,0.05161164792825597,0.27724449463579903,False,222604.2685270749
2025-10-17,9.03608584194839e-05,0.00029736999172856485,0.00017508502262168475,3.1924110687396194e-05,96203.29527698942,0.49338263169111796,0.6525100282456278,3.011479954295737e-15,2.8033131371785203e-15,5.828670879282072e-16,0.06972176071066591,-0.033314511575381144,False,240711.2358628693
2025-10-20,-0.0001690658696635,8.582063489228243e-05,0.00017444006271728074,8.044644183850168e-05,96187.03058320892,0.48912192226645296,0.7537721471356373,-6.411537967210279e-15,-5.800915303666443e-15,1.6514567491299204e-15,0.08499628217221777,0.006211180124223602,False,110688.8692175993
2025-10-21,8.888748243301235e-05,0.0002971888795757441,0.00017732445958921214,3.0976937553519605e-05,96195.58040620017,0.4998666070957791,0.6917098688759944,-8.826273045769994e-15,-7.105427357601002e-15,1.6861512186494565e-15,0.06666958173423491,-0.08413325804630155,False,360612.97394625336
2025-10-22,-0.0003586883055964659,-0.000153121037646668,0.00017714083498229094,2.8426432967506976e-05,96161.0761764584,0.4987504814340495,0.42713746575362305,-2.482389294122811e-15,-2.192690473634684e-15,5.689893001203927e-16,0.05531053817337522,0.101072840203275,False,218985.2488693611
2025-10-23,-0.00017038535528955155,2.008196058376743e-05,0.00017291372139029327,1.7553594483025703e-05,96144.69173732905,0.4864739181852935,0.6107106602139288,-2.0469737016526324e-15,-1.394717674685353e-15,8.291978215169138e-16,0.0850825378172615,0.13721061547148505,False,209167.4640590232
2025-10-24,0.0002553975108145078,0.00038132308190214954,0.00010082787272268565,2.5097698364956065e-05,96169.2468522768,0.2846114862861464,0.5799762889279955,-1.2160411566597418e-15,-1.2073675392798577e-15,3.434752482434078e-16,0.09970765926453336,0.047995482778091486,False,410630.4182312369
2025-10-27,-0.0002806709352247276,-3.858479413535446e-05,0.00017058221505715434,7.150392603221877e-05,96142.25493982292,0.48124443391765537,0.5103177190132527,4.649058915617843e-16,3.3306690738754696e-16,3.9898639947466563e-16,0.08874198862247877,-0.05702992659514399,False,485487.0504229919
2025-10-28,-0.00031694653604895894,-0.00011983317149196776,0.00017614140350165203,2.097196105533913e-05,96111.7829851518,0.4947188753500624,0.6066675687171529,3.594347042223944e-15,2.7478019859472624e-15,1.384309333829492e-15,0.07938717225280312,-0.04686617730095992,False,155698.44967601428
2025-10-29,-0.000156016111042123,8.07045381749031e-06,0.00013915502093973046,2.493154391988285e-05,96096.78799854514,0.392380208830295,0.8573180342543163,2.0261570199409107e-15,1.2212453270876722e-15,1.2073675392798577e-15,0.09914656008608962,0.0536420101637493,False,393515.242124214
2025-10-30,0.00017637017816768652,0.0003863938530526416,0.00017479142690190108,3.523224798305401e-05,96113.73660616578,0.4898699735832248,0.843387373587147,6.897260540483785e-15,7.216449660063518e-15,1.582067810090848e-15,0.09997341577757511,0.08865047995482779,False,221157.39884395243
2025-10-31,0.0001672092321827611,0.00037713622617088565,0.000175267238909201,3.4659755078923555e-05,96129.80771026592,0.4918095013603555,0.7146915777780439,4.468647674116255e-15,4.163336342344337e-15,8.673617379884035e-16,0.0691280945230822,-0.10559006211180126,False,141275.0131929311
2025-11-03,-0.0007537074573687795,-0.0004965426020923642,0.0001690521950024104,8.811266027400485e-05,96057.35395731925,0.4768355375710085,0.6390531248937782,1.3877787807814457e-16,1.1102230246251565e-16,3.8163916471489756e-17,0.054885117569391344,0.03670242800677584,False,234073.60885379065
2025-11-04,-7.75475515746553e-05,0.00011871508289140737,0.00017000017727864712,2.6262457187415537e-05,96049.90494470912,0.47852204895306544,0.5623134727607189,-4.5727310826748635e-15,-4.1772141301521515e-15,7.251144129583054e-16,0.0734364450501338,-0.0016939582156973462,False,284593.9115110214
2025-11-05,-0.00012037808039051405,7.787717739970843e-05,0.00017514648493704207,2.3108772853180416e-05,96038.34264153018,0.4904122105298893,0.6656545233983525,5.342948306008566e-16,4.926614671774132e-16,3.400058012914542e-16,0.09309496831509326,0.163184641445511,False,107962.56170504003
2025-11-06,1.851345689269593e-05,0.00019116298889842212,0.00014529386666058843,2.7355665345137754e-05,96040.12064324672,0.409964940263988,0.6230376269114886,-2.3592239273284576e-16,-3.7470027081099033e-16,3.677613769070831e-16,0.09987967650214885,0.040090344438170535,False,249103.41007735964
2025-11-07,5.714708410895716e-05,0.0002570076966121313,0.00017425632646571567,2.5604286037458443e-05,96045.60905609894,0.4905473118074798,0.6084361157246353,9.020562075079397e-17,2.636779683484747e-16,1.249000902703301e-16,0.0757341936639885,0.09090909090909091,False,293525.8356922419
2025-11-10,-8.094334497432055e-05,0.00016932961309701518,0.00017526028626966837,7.501267180166736e-05,96037.83480323185,0.4905882995541587,0.5391754558173075,2.5431046157819992e-15,2.2447321779139884e-15,4.128641872824801e-16,0.07621618123947567,-0.028797289666854884,False,127703.84582661587
2025-11-11,-0.0003594515768561095,-0.0001603510706385436,0.00017694261077301908,2.215789544454678e-05,96003.31385207397,0.49716739039980057,0.7252739192662028,5.689893001203927e-16,7.216449660063518e-16,4.440892098500626e-16,0.09682460715803047,0.05590062111801244,False,143037.5215358277
2025-11-12,-9.485053470541637e-05,0.00011070065201602541,0.00017574540921735127,2.9805777504090502e-05,95994.20788642162,0.49218888028362784,0.5947979391716052,-8.465450562766819e-16,-7.945033519973776e-16,2.8449465006019636e-16,0.09900729725330197,-0.07284020327498589,False,116887.8475965438
2025-11-13,-0.0002825555781735172,-8.288666818029636e-05,0.0001752251590683603,2.4443750924860518e-05,95967.08418751096,0.4931892163081211,0.7507107970973899,-5.8668347957535616e-15,-4.322930902134203e-15,5.415806691999592e-15,0.05340591249712069,-0.008469791078486732,False,333263.831190482
2025-11-14,-0.00014771051908971677,5.807820898502001e-05,0.00017493759942689862,3.085112864783818e-05,95952.9088396901,0.49361343833416255,0.573582137153365,-5.707240235963695e-15,-5.388051116383963e-15,4.53560800028896e-14,0.0693427506474796,-0.0028232636928289105,False,550599.3823335277
2025-11-17,-0.00019782964636209268,4.7689156445145206e-05,0.0001748031968568223,7.071560595041558e-05,95933.92650966694,0.4920805673502354,0.8083879729731611,-7.896461262646426e-15,-6.63358257213531e-15,2.095545958979983e-15,0.07985592375902847,-0.0005646527385657821,False,316106.5359627451
2025-11-18,-0.0002672701749123103,-6.107451968230582e-05,0.0001729742316831619,3.322142354684256e-05,95908.28623234868,0.4870372513987198,0.643120696490741,-3.8163916471489756e-16,-3.469446951953614e-16,2.3592239273284576e-16,0.08951730257755913,0.02992659514398645,False,407697.297248637
2025-11-19,-0.00021564385868853126,-1.552165001314793e-05,0.00017369259101138025,2.642961766400307e-05,95887.60419942533,0.4902430233112799,0.5167455105030492,1.4051260155412137e-16,1.8041124150158794e-16,1.5439038936193583e-16,0.08625287972103642,0.0220214568040655,False,339929.2518435948
2025-11-20,-0.00020042369297502966,-4.578190024702878e-06,0.00017460938608033846,2.123611686998832e-05,95868.38605168115,0.4916457420495217,0.6248484106796545,-3.497202527569243e-15,-2.824129818890242e-15,8.777700788442644e-16,0.06603826889196683,-0.04347826086956522,False,187691.80558864833
2025-11-21,-0.00022757076859556365,-3.131400469503663e-05,0.00017057806209177395,2.5678701808753063e-05,95846.56920938335,0.4794524564810337,0.38177751693461454,8.861834877027519e-15,7.66053886991358e-15,3.0331639977454472e-15,0.04323642783422719,-0.14963297571993225,False,332243.6580112308
2025-11-24,-0.0001549583305208737,6.844694935477876e-05,0.0001763368188837148,4.706846099193768e-05,95831.7169850325,0.49704042164477047,0.4961640294945934,1.4933367042946344e-14,1.4127587988355117e-14,3.469446951953614e-15,0.08556028291051487,-0.2207792207792208,False,335645.57634671824
2025-11-25,-0.00028902231001937416,-9.294757930571735e-05,0.00017568442813168782,2.0390302581968978e-05,95804.01948081637,0.4945106134784041,0.5729610655429348,1.6375789613221059e-15,1.6930901125533637e-15,2.9004576518332215e-15,0.043901070860301025,-0.017504234895539244,False,287487.63480557204
2025-11-26,-0.00013322859360337836,6.433964761350954e-05,0.00017402189605758927,2.3546345159298618e-05,95791.25564603938,0.4899379548425512,0.7894782924955485,-1.7069679003611782e-15,-3.3861802251067274e-15,1.0685896612017132e-14,0.07278320298417477,-0.1507622811970638,False,266172.88530782296
2025-11-28,-0.0004637440537801322,-0.00022097758109354364,0.0001778778459061324,6.488862678045618e-05,95746.83302082939,0.4999517090368114,0.9427271900182972,2.248201624865942e-15,3.885780586188048e-16,1.1352030426792226e-14,0.08437098242681185,-0.03896103896103897,False,149587.4764511784
2025-12-01,4.248505968714575e-06,0.0002925080020907839,0.00017203285625680008,0.00011622663986526924,95747.23980182098,0.48290519174253627,0.8123290354020603,-4.0245584642661925e-16,-2.3592239273284576e-16,5.898059818321144e-16,0.07684914518734816,-0.05815923207227556,False,292148.2945555864
2025-12-02,-0.0005042768961546038,-0.0002967906646659265,0.00017410284647215423,3.338338501652304e-05,95698.95668091835,0.49033947494677643,0.6475212623929192,-3.290770433928003e-15,-3.164135620181696e-15,2.5968810435372802e-15,0.08569385452930121,-0.02428006775832863,False,392416.7508688475
2025-12-03,-0.00039086618023626593,-0.0001877477806703535,0.00017650793672784715,2.6610462838065306e-05,95661.55119526788,0.4973526994932087,0.6827568337453401,-1.2528769254699368e-15,-7.771561172376096e-16,2.0300330427075464e-15,0.09673539533099577,0.03670242800677584,False,296234.19761633733
2025-12-04,-0.00015953466388725108,4.523543087433148e-05,0.00017671159474465071,2.8058500016931842e-05,95646.28986185101,0.49770561033690736,0.631568092364265,2.740863092043355e-16,2.1510571102112408e-16,2.5326962749261384e-16,0.09159756650975336,0.10333145115753813,False,197599.9194949215
2025-12-05,-1.7792814473651197e-05,0.00018494343933418844,0.00017678140069697944,2.5954853110860197e-05,95644.5880451604,0.4980346407445595,0.7460686496647301,-1.7104373473131318e-15,-1.762479051592436e-15,2.501471252358556e-15,0.08934019220977046,-0.03670242800677584,False,409350.49819718185
2025-12-08,-0.0004271713603043442,-0.00016322430539895876,0.00017196598850836376,9.198106639702172e-05,95603.7314163794,0.4831807311645552,0.6577894495635176,1.7867651802561113e-15,1.6792123247455493e-15,1.6202317265623378e-15,0.0722594302949741,0.033314511575381144,False,308307.88605749724
2025-12-09,-8.63694588493172e-05,0.00011446147243368005,0.00017379848815025003,2.7032443132747224e-05,95595.474173833,0.4888501358127252,0.5838148750441907,9.71445146547012e-16,8.81239525796218e-16,8.326672684688674e-16,0.08309421697960317,0.028797289666854884,False,296099.8679770051
2025-12-10,-0.00012276600142139012,7.821420330850415e-05,0.0001769878126047906,2.3992392125103685e-05,95583.7382997147,0.4970241769465608,0.5947542306415486,-3.95516952522712e-16,-1.1102230246251565e-16,2.4494295480792516e-15,0.07841437687517401,0.02428006775832863,False,243611.37421136617
2025-12-11,-0.00045307559314130614,-0.0002529873391432124,0.00017564629931419447,2.444195468389928e-05,95540.4316407899,0.4950434615955434,0.7873229418084846,-8.673617379884035e-16,-9.992007221626409e-16,2.706168622523819e-15,0.078366119846333,-0.009599096555618296,False,302450.22967342485
2025-12-12,-0.00011579237063156783,9.162112899198637e-05,0.0001750577622889589,3.23557373345953e-05,95529.36878771905,0.49222851369854387,0.896173583949095,4.579669976578771e-16,6.106226635438361e-16,1.8596235662471372e-15,0.08676364319966004,0.0016939582156973462,False,238454.73505414647
2025-12-15,-0.0002969613311710722,-1.1094054884829279e-05,0.00017538012210073815,0.00011048715418550479,95501.00025919791,0.4952992266633408,0.9900580252322531,-2.55351295663786e-15,1.1102230246251565e-15,1.2961853812498703e-14,0.09432295187393556,0.07735742518351214,False,888937.924562377
2025-12-16,-8.556729231051916e-05,0.0001286599251632032,0.0001735399013682872,4.068731610543516e-05,95492.82849719278,0.4889611853615136,0.7116547525688527,-7.41073868937292e-15,-4.746203430272544e-15,7.181755190543981e-15,0.09129021471608981,-0.02428006775832863,False,474881.7542448925
2025-12-17,-0.00028311358116578985,-8.144664846826465e-05,0.0001724208469755172,2.9246085722007947e-05,95465.79318054128,0.4828899145300332,0.627044428801524,-2.6020852139652106e-15,-1.7486012637846216e-15,4.100886297209172e-15,0.06253815956575087,0.0536420101637493,False,164337.21488202715
2025-12-18,-0.0001293651163267812,7.281481656774234e-05,0.0001764109837656937,2.576894912882986e-05,95453.44323710125,0.4944653112213242,0.45041046685260244,-4.3021142204224816e-16,-2.42861286636753e-16,9.298117831235686e-16,0.060302965332356635,0.0378317334839074,False,177783.74707290318
2025-12-19,-2.890215121650529e-05,0.00016318700175221886,0.00017357913378300075,1.85100191857234e-05,95450.68442725067,0.4894622880850781,0.5683066100374647,6.213779490948923e-15,5.734995811579324e-15,6.609296443471635e-15,0.05875947545819942,-0.03670242800677584,False,480625.8804771528
2025-12-22,-0.00011676634926341161,0.0001307793223562969,0.00017748047312193964,7.006519849776887e-05,95439.53899929542,0.499111057712001,0.6507271431669797,5.204170427930421e-17,5.551115123125783e-17,2.2898349882893854e-16,0.07520182905315675,0.005081874647092039,False,338908.8135895173
2025-12-23,-0.00026371242731403966,-6.277393693343004e-05,0.00017419627901758307,2.674221136302655e-05,95414.37040680418,0.4910473992939588,0.5244733453161421,1.0824674490095276e-15,7.632783294297951e-16,1.429412144204889e-15,0.08446982372103329,0.040090344438170535,False,404413.6501540511
2025-12-24,-0.00015356006147935726,4.361700238415009e-05,0.0001756233647409262,2.1553699122581135e-05,95399.7185702185,0.49625315798277136,0.6138127047574753,1.249000902703301e-16,5.551115123125783e-16,4.579669976578771e-15,0.0912504761738885,-0.12140033879164315,False,893794.9469857119
2025-12-26,-0.000259240868453248,-4.9568036517407964e-05,0.0001592224726407051,5.0450359295134944e-05,95374.98706432615,0.4482621164295412,0.7212712631823385,-2.837140244960068e-15,-2.1649348980190553e-15,1.3384258978899055e-14,0.09984904779568896,-0.08074534161490683,False,291922.7912307843
2025-12-29,-0.0001964355304539096,6.263345437092632e-05,0.0001701451304598897,8.89238543649462e-05,95356.25202815013,0.4790359349935519,0.7021701709869589,-6.245004513516506e-17,5.134781488891349e-16,1.0207112932647533e-14,0.0722488006094052,-0.08865047995482779,False,330899.9868289197
2025-12-30,-0.00020754482825585598,-5.823415068416718e-06,0.00017286510479071492,2.8856308396724342e-05,95336.46133119984,0.48423939712520164,0.7614764531731186,-1.3877787807814457e-17,1.429412144204889e-15,9.499345754448996e-15,0.07203399398755185,-0.044607566346696784,False,142959.63295551483
2025-12-31,-0.0001839764716252228,1.968776166135259e-05,0.00017237068041644723,3.129355287012816e-05,95318.92166542688,0.4848919618150944,0.8065675878004219,-3.372302437298913e-15,-2.5951463200613034e-15,3.4208746946262636e-15,0.07034482928297905,-0.040090344438170535,False,382708.58050112665
2026-01-02,-0.0008445386900414977,-0.0006029240587137961,0.00017532140493314616,6.629322639455551e-05,95238.4211481874,0.49239847664743547,0.7484328294185321,4.579669976578771e-16,3.400058012914542e-16,9.298117831235686e-16,0.09261741244250452,0.051383399209486175,False,290579.21814922214
2026-01-05,0.00044992815930115825,0.0006800207366698511,0.00013782003675544928,9.227254061324364e-05,95281.27159570935,0.38699303978836674,0.8574097792777583,-7.077671781985373e-16,-1.8735013540549517e-15,5.745404152435185e-15,0.098850176900389,-0.02992659514398645,False,194947.16749978845
2026-01-06,-0.0003184197606014898,-0.00011245064871602978,0.00017073309355897673,3.5236018326483254e-05,95250.93215601803,0.4801961766347511,0.7267410859134521,1.0685896612017132e-15,1.1518563880486e-15,4.28129753871076e-15,0.08098566713093713,0.02428006775832863,False,240220.74637392437
2026-01-07,0.00021358721683715026,0.0004202415217563637,0.000176788232895373,2.9866072023840452e-05,95271.27653751838,0.49484692984692474,0.8783693357575122,7.389922007661198e-15,5.523359547510154e-15,7.636252741249905e-15,0.07238021490729732,-0.02428006775832863,False,134927.59100178163
2026-01-08,-0.00022379672369197563,-1.4091033320023618e-05,0.00017360832040931484,3.6097369962637176e-05,95249.95513796734,0.48944989065221617,0.6354764461116339,2.5153490401663703e-16,2.7755575615628914e-17,1.3374717999781183e-15,0.05274854154561866,-0.14963297571993225,False,471904.7720778269
2026-01-09,-0.0005071156671685453,-0.0003069039042657406,0.0001740962925146553,2.6115470388149333e-05,95201.65239341978,0.4898320937539851,0.4390478879952462,1.1449174941446927e-15,8.916478666520788e-16,9.922618282587337e-16,0.07189066427049695,0.09316770186335405,False,186234.55512439916
2026-01-12,1.979021943149733e-05,0.0001922714383006754,0.00011835202719853141,5.412919167064665e-05,95203.53645501088,0.3322629460422574,0.5940471324005893,2.636779683484747e-16,2.220446049250313e-16,1.4710455076283324e-15,0.09945749714683154,0.1044607566346697,False,299783.7802917062
2026-01-13,0.0002615669991263226,0.00046093302493588014,0.00017495312995747853,2.4412895852078998e-05,95228.43855834764,0.49328146742998524,0.5261630106428669,-2.8406096919120216e-16,-4.996003610813204e-16,1.2147401140527592e-15,0.04647405835030477,0.012987012987012988,False,348085.6286887535
2026-01-14,-2.9361603894255266e-06,0.00019298760270207113,0.00017430062566781718,2.1623137423679474e-05,95228.1589523784,0.49076180516663315,0.609586033195267,3.941291737419306e-15,3.191891195797325e-15,2.733924198139448e-15,0.057658004047221975,0.017504234895539244,False,403121.7154324507
2026-01-15,-8.89016823003819e-05,0.00011028973034721715,0.00017413993183135537,2.5051480816243687e-05,95219.69300884518,0.49083373929320495,0.49040779039468185,1.582067810090848e-15,1.0408340855860843e-15,2.2898349882893854e-15,0.09403492493201342,-0.005081874647092039,False,292474.83444197156
2026-01-16,-0.00033337297235347656,-0.0001375748668150683,0.00017564436072766798,2.0153744810740283e-05,95187.94933676023,0.4934748367133759,0.6536564513709345,1.394717674685353e-15,1.0200174038743626e-15,2.435551760271437e-15,0.09962040022177827,0.05702992659514399,False,228134.49199878456
2026-01-20,-7.751054384407352e-05,0.00016433749395217346,0.00013439766222842235,0.00010745037556782463,95180.57126703973,0.3763610318713318,0.5301368872850225,4.602221381766469e-15,2.9559688030644793e-15,5.990000162547915e-15,0.09997798062021256,0.02766798418972332,False,166586.56643794922
2026-01-21,-0.00030036432205458207,-0.00010353294556330922,0.00017504492906860087,2.178644742267196e-05,95151.98241927834,0.490984992489637,0.5334939473860865,5.959425661283824e-15,5.172945405362839e-15,1.1121962725790802e-14,0.07266563696864627,-0.07284020327498589,False,160075.4809868541
2026-01-22,-0.00038196715759136214,-0.00018530813719828924,0.00017473461159638466,2.1924408796688234e-05,95115.63748701446,0.4909035724539966,0.592759880910115,2.779027008514845e-15,2.355754480376504e-15,1.4883927423881005e-15,0.08960444861115842,0.08074534161490683,False,206951.77107238426
2026-01-23,1.3410195124122276e-05,0.00021080031976996092,0.00017303012953994362,2.4359995105895022e-05,95116.91300627252,0.48654597514463693,0.8045200076129067,4.093947403305265e-15,2.9837243786801082e-15,1.7208456881689926e-15,0.0772861148559608,0.18125352907961606,False,371275.01111367677
2026-01-26,-4.592995931890216e-05,0.0002249426683083054,0.00017168522942835658,9.918739819885098e-05,95112.5442903276,0.4816149383245654,0.6836512918943534,-2.671474153004283e-15,-1.429412144204889e-15,4.010680676458378e-15,0.0767495086170577,0.02089215132693394,False,182898.76059946878
2026-01-27,-0.00014703065957158936,5.054327648847825e-05,0.00016947867748906667,2.8095258571000926e-05,95098.55983020706,0.4778653259913142,0.5530561725240327,-2.5049406993105094e-15,-1.9914625504213745e-15,2.1996293675385914e-15,0.06782448553018543,-0.026538678712591763,False,341906.91183491144
2026-01-28,-0.00030098377527352317,-0.00010492872611062988,0.00017332671330574117,2.272833585715213e-05,95069.93670664629,0.4874887648610149,0.7064262989018183,-2.1163626406917047e-15,-1.85268467234323e-15,4.003741782554471e-15,0.072641251307305,-0.018633540372670808,False,268069.938684797
2026-01-29,-4.464925129159601e-05,0.00014227084424802956,0.00015788887777653707,2.9031217763088503e-05,95065.691905152,0.4449101869656492,0.5447177998197872,-1.0547118733938987e-15,-7.494005416219807e-16,1.2628786905111156e-15,0.09949314876066138,-0.044607566346696784,False,370627.8991121943
2026-01-30,-0.00043073098481389443,-0.00023529914359132805,0.00017304617821627374,2.2385663006292666e-05,95024.74416605567,0.48833282878708145,0.7589332957917359,1.2836953722228372e-15,9.992007221626409e-16,1.2698175844150228e-15,0.07303294595905234,-0.0536420101637493,False,420126.57310841256
2026-02-02,-0.0003359886921001141,-6.665491907090453e-05,0.00017576665436995462,9.356711865925493e-05,94992.81692654616,0.49477352873925634,0.5129519040949129,-6.938893903907228e-18,4.85722573273506e-16,2.733924198139448e-15,0.06889192898088979,0.05590062111801244,False,250409.91375459428
2026-02-03,-6.279950360013908e-05,0.00013228222498374523,0.00017400151334710708,2.1080215236777238e-05,94986.8514247976,0.4909700951681349,0.6193087893309751,9.56266316132215e-16,2.2065682614424986e-15,7.26632295999785e-15,0.09585252585141167,-0.02766798418972332,False,437387.09015086317
2026-02-04,-0.000345518741523036,-0.00020500565387016458,0.00011506204151598209,2.5451046136889347e-05,94954.03168743207,0.32477392696090346,0.501393446765551,6.088879400678593e-16,8.326672684688674e-16,2.805047860654497e-15,0.09995781610541968,-0.1044607566346697,False,560596.3032184909
2026-02-05,-0.0006651411002008411,-0.0004699978845317684,0.00017453800552802266,2.0605210141050015e-05,94890.87385832699,0.48995634321098236,0.7100301755349215,3.434752482434078e-16,8.881784197001252e-16,1.6965595595053173e-15,0.08222863177381773,-0.0005646527385657821,False,232952.42545896053
2026-02-06,-9.479560628543592e-05,6.764548885858444e-05,0.00013326177286176333,2.9179322282257037e-05,94881.87862040864,0.37552284441781103,0.6987946983522915,-3.8163916471489756e-17,-6.938893903907228e-17,9.367506770274758e-17,0.09903498196614076,0.007340485601355168,False,411030.6065300442
2026-02-09,-8.120726715974802e-05,0.00017942974006430532,0.00017448423619431877,8.615277102973456e-05,94874.17352234288,0.49276690800494877,0.868588549145137,-9.325873406851315e-15,-7.854827899222983e-15,3.2404634531246757e-15,0.07727131767516675,-0.03896103896103897,False,899161.859853906
2026-02-10,-0.00029609380670104156,-8.594963932312524e-05,0.0001744487475500336,3.569541982788272e-05,94846.08186714703,0.49124860099662,0.88700082101304,-2.525757381022231e-15,-2.6645352591003757e-15,5.828670879282072e-16,0.08068703124556788,-0.018633540372670808,False,391430.009168808
2026-02-11,-0.00028427927108970973,-7.284006895017951e-05,0.0001749871136047477,3.645208853478257e-05,94819.11909212812,0.49405258259731416,0.7470718610184811,-4.218847493575595e-15,-4.135580766728708e-15,1.1934897514720433e-15,0.06469999002511664,-0.047995482778091486,False,507588.50005232857
2026-02-12,-0.00015249191392324637,5.223306335042511e-05,0.00017402339394414468,3.0701583329526795e-05,94804.65994318125,0.4916685542158954,0.7056787222427021,-3.816391647148976e-15,-4.107825191113079e-15,1.3461454173580023e-15,0.09648679235396533,-0.047995482778091486,False,576138.7707532853
2026-02-13,-0.0003020240823822936,-0.00010955951371850933,0.00016346407322915255,2.900049543463175e-05,94776.02665275634,0.45963690891913506,0.39461893183427854,3.7448343037649323e-16,4.848552115355176e-16,1.1659510162909115e-15,0.09997770651636134,-0.047995482778091486,False,371952.8418008287
2026-02-17,-0.0002646092995306167,-5.9454400933671093e-05,0.00014028603308994096,6.486886550700464e-05,94750.94803473145,0.39633902133489646,0.0,0.0,0.0,0.0,0.0,0.09881422924901187,True,697342.2587935723
2026-02-18,-0.00015954653988006984,0.0,0.00015954653988006984,0.0,94735.83084882215,0.449383893441417,0.44945560252762984,1.8214596497756474e-16,2.0122792321330962e-16,1.3704315460216776e-16,0.09801563805590596,-0.015245623941276118,False,368540.9686030174
2026-02-19,-0.00023242306280964767,-3.732254198408246e-05,0.00017662974263949824,1.8470778186066975e-05,94713.81205685844,0.4975853578736848,0.3752891252213382,6.609296443471635e-16,5.93275428784068e-16,3.4867941867133823e-16,0.03000264008135728,-0.05815923207227556,False,437265.95236827485
2026-02-20,-0.00023867977874031534,-4.6881072455282985e-05,0.00017637586552251164,1.542284076252072e-05,94691.20578515306,0.49736808109624353,0.6223936818606377,-2.7755575615628914e-17,-1.3877787807814457e-17,4.163336342344337e-17,0.07252962794434524,-0.015245623941276118,False,443971.99463894404
2026-02-23,-0.00014062433635077644,0.00011232507466757554,0.00017621594339169803,7.673346762665396e-05,94677.88989718126,0.4967849197775032,0.784658292026091,-5.551115123125783e-16,-4.371503159461554e-16,4.163336342344337e-16,0.09701948495929608,-0.0378317334839074,False,440676.6509056115
2026-02-24,-0.0004106587853500151,-0.00020751638540020983,0.0001708961687706508,3.224623117915445e-05,94639.00958991659,0.4819899271946158,0.7098703957006521,-1.1012024625500771e-14,-1.1254885912137524e-14,2.6922908347160046e-15,0.09897519779366379,0.04347826086956522,False,394201.5191807148
2026-02-25,-0.00031211671338226426,-0.00010923563287300688,0.00017370832452155892,2.917275598769848e-05,94609.47117328564,0.4897624774178444,0.857994328283381,1.3877787807814457e-16,1.1796119636642288e-15,2.2065682614424986e-15,0.08464972465964074,0.05815923207227556,False,314952.4580913722
2026-02-26,-0.00013144899576326974,8.049856089256843e-05,0.00017668751576748005,3.526004088835811e-05,94597.03485331022,0.4972491609451206,0.6515453919938297,-8.777700788442644e-16,-6.661338147750939e-16,4.683753385137379e-16,0.09116912069146053,-0.0028232636928289105,False,337741.0882212118
2026-02-27,-0.0001749432642738696,2.6063791083127957e-05,0.00017423121732985383,2.677583802714372e-05,94580.48573924234,0.4903895426453295,0.44044784364564554,7.771561172376096e-16,6.696032617270475e-16,2.498001805406602e-16,0.09252925401561063,-0.019762845849802372,False,231180.68106227755
2026-03-02,-0.0002955144679730496,-9.118608232467109e-05,0.00015002659670576476,5.4301788942613734e-05,94552.53583731849,0.42423755105556543,0.6801588536650544,9.471590178833367e-16,1.4155343563970746e-15,5.48172618408671e-16,0.09987638349608774,0.03670242800677584,False,1157799.0783923299
2026-03-03,-3.177782321053594e-05,0.0001671553350843614,0.00017098142458263487,2.7951733712262473e-05,94549.53116355055,0.4819239922387917,0.6605463606720477,4.891920202254596e-16,4.701100619897147e-16,4.961309141293668e-16,0.07516118416241997,0.019762845849802372,False,438921.347734902
2026-03-04,-0.00023637779579007968,-3.595232038814063e-05,0.00017327973455240285,2.7145740849536193e-05,94527.18175378111,0.48788443184236574,0.5570406924504278,-8.847089727481716e-16,-6.071532165918825e-16,3.95516952522712e-16,0.0816119719001651,0.006211180124223602,False,303448.31467463024
2026-03-05,2.092782423908465e-05,0.00022236068212729983,0.0001785407746368277,2.2892083251387477e-05,94529.16000202668,0.499098986559452,0.8088553990904374,1.27675647831893e-15,-4.440892098500626e-16,1.790234627208065e-15,0.0877466306269842,0.03896103896103897,False,186887.2414922474
2026-03-06,-0.0003038053333848648,-9.493801182267758e-05,0.0001756266887228542,3.324063283933299e-05,94500.44153905768,0.49524145647195494,0.5611377739609034,1.3183898417423734e-16,4.163336342344337e-17,2.2898349882893854e-16,0.09305098389404134,-0.009599096555618296,False,638033.3226700689
2026-03-09,-0.0001225231200968501,0.00012380054751444085,0.00017714229821885082,6.918136939244013e-05,94488.86305010978,0.49796133830888295,0.5964067188760167,-1.1553258350005535e-15,-5.828670879282072e-16,6.071532165918825e-16,0.05037901657507891,0.07961603613777528,False,397903.4681189098
2026-03-10,-7.547954522344914e-05,0.0001215700368432512,0.00017253971690741194,2.4509865159288403e-05,94481.73107369807,0.48599210268351906,0.6854126209498582,-1.412281749879618e-15,-1.5265566588595902e-15,9.334980705100193e-16,0.07757127302689629,0.09542631281761718,False,452318.133786694
2026-03-11,7.458371787182958e-06,0.00020658521328182605,0.00017095919953779955,2.816764195684355e-05,94482.43575357553,0.48095074932190535,0.6092744584469539,7.196934020958778e-16,6.661338147750939e-16,2.68665298341908e-16,0.06640995985426726,0.07058159232072277,False,497145.30759840616
2026-03-12,4.7964378081584734e-05,0.0002473266006156336,0.00017432354615951653,2.5038676374532327e-05,94486.96754484608,0.4919180725909765,0.4090313702636599,-2.005123497794692e-15,-2.2412627309620348e-15,1.098296800727816e-15,0.05603524902922406,0.07058159232072277,False,599997.2075122263
2026-03-13,-0.00012873291517658949,6.378861000376971e-05,0.0001757120168133594,1.6809508366999797e-05,94474.80396206783,0.49452250336253756,0.4388009079192011,7.355227538141662e-16,3.400058012914542e-16,1.0148132334464322e-15,0.08954212738083933,-0.05815923207227556,False,419296.008899171
2026-03-16,-7.120219245861644e-05,0.0001445252517849024,0.00016162870217128865,5.4098742072230185e-05,94468.07714889363,0.45194811701242715,0.8058532900391309,3.6290415117434804e-15,2.8171909249863347e-15,1.4883927423881005e-15,0.09864144471064046,-0.09203839638622249,False,261205.17432497948
2026-03-17,-0.00015407477461500317,5.4482446846809416e-05,0.00017543996296705391,3.311725849475866e-05,94453.5220011986,0.4953009445551445,0.9282753633429398,2.55351295663786e-15,2.6506574712925612e-15,1.1102230246251565e-15,0.0925687722013225,-0.06041784302653869,False,831718.5045090776
2026-03-18,-0.0004702437714381618,-0.0002583120942842741,0.0001737833745507533,3.8148302603134405e-05,94409.10582078714,0.49014415365323355,0.6649818932404804,3.8719027983802334e-15,3.6637359812630166e-15,1.8110513089197866e-15,0.06596173292556082,-0.014116318464144554,False,671076.2052456858
2026-03-19,-0.0002971081746789453,-9.629613899718946e-05,0.00017348401267187322,2.73280230098826e-05,94381.05610368364,0.4897726821751242,0.8341519233385271,8.604228440844963e-16,5.134781488891349e-16,3.552713678800501e-15,0.07504560054764806,0.06719367588932806,False,673938.8385725598
2026-03-20,-0.0004927319687338172,-0.0002824530421522704,0.00017599871055393607,3.428021602761066e-05,94334.5515400985,0.4967616031167349,0.5837230709816792,4.996003610813204e-16,4.510281037539698e-16,2.8935187579293142e-15,0.08546995255956498,-0.0536420101637493,False,587056.6104895447
2026-03-23,-0.00012433359569237674,0.000123076422301173,0.00017544415992731536,7.196585806623436e-05,94322.82258610749,0.49600314998668926,0.7601892839207991,1.066507993030541e-14,1.0241807402167069e-14,3.4139358007223564e-15,0.09949798381796456,0.005081874647092039,False,1394722.8118919136
2026-03-24,-0.00021034020367972407,-3.867290987659704e-06,0.00017523225718847033,3.1240655503594044e-05,94302.98270439309,0.49420718341210024,0.7016182355128086,9.783840404509192e-16,5.689893001203927e-16,8.118505867571457e-16,0.08711420652836452,-0.06719367588932806,False,563147.8986566904
2026-03-25,-0.0002953316943912662,-9.220123837090238e-05,0.00017429682990339915,2.8833626116964695e-05,94275.13204472486,0.4925374291412231,0.641540842888959,3.881443777498106e-16,6.106226635438361e-16,6.110563444128303e-16,0.065044355826511,-0.06267645398080182,False,735009.0231645121
2026-03-26,-0.0005092633228087165,-0.0003094848725812638,0.00017341375805393386,2.6364692173518843e-05,94227.12117772152,0.48942445094421516,0.6578187005115584,7.632783294297951e-17,8.326672684688674e-17,5.551115123125783e-17,0.06383291819767581,0.011857707509881424,False,747521.4314121552
2026-03-27,-4.920956091440426e-05,0.00015367388920383383,0.0001758498048917357,2.7033645226502388e-05,94222.48430246214,0.49589774674082576,0.9917520476423693,-2.3592239273284576e-16,-1.942890293094024e-16,2.2898349882893854e-16,0.07956985255327968,-0.05590062111801244,False,786241.4603006938
2026-03-30,-0.0005998451175287521,-0.00030036413817573476,0.0001772101789587527,0.00012227080039426473,94165.96540529188,0.4999969063210924,0.956687323293515,2.2967738821932926e-15,2.1649348980190553e-15,1.2975731600306517e-15,0.08426583207142756,-0.044607566346696784,False,602308.5413176584
2026-03-31,-9.065099096951148e-05,0.00010513618681515908,0.00015647126038904674,3.9315917395623815e-05,94157.42916721229,0.44100460324751867,0.9270979752316949,-4.135580766728708e-15,-3.524958103184872e-15,2.5118795932144167e-15,0.09973032240083095,0.11123658949745907,False,592199.0360653651
2026-04-01,-5.103635379296073e-05,0.00016228206306702635,0.0001752185000696433,3.809991679034379e-05,94152.62371534508,0.49277522801935575,0.7487182324060929,-1.6653345369377348e-15,-1.4641066137244252e-15,7.216449660063518e-16,0.0916704529572141,0.05251270468661773,False,484691.6891547658
2026-04-02,-0.00047861327688626844,-0.00027231022267070756,0.0001755338117879132,3.076924242764771e-05,94107.56101958123,0.49403038004243816,0.5930778217273192,-1.8041124150158794e-16,-2.5326962749261384e-16,1.8735013540549517e-16,0.0981314167764637,-0.05590062111801244,False,557844.7282342974
2026-04-06,-0.0002367507753333144,1.1085624055717565e-05,0.0001503441547215274,9.749224466750455e-05,94085.28098154512,0.4229611259716278,0.7495384843604539,-3.7903707950093235e-16,-9.957312752106873e-16,3.742665899419961e-15,0.09998286293246142,-0.08133296003514891,False,530024.3572675432
2026-04-07,-0.00025363940634254913,-4.7300510771660025e-05,0.00017553594415881563,3.080295141207347e-05,94061.41724673138,0.49433569803472255,0.5648781508629812,7.259817746962938e-16,3.469446951953614e-17,1.794571435898007e-15,0.09253501019629638,-0.05815923207227556,False,746211.6125099312
2026-04-08,-0.00030894261984084346,-0.00011100155860028344,0.00017472689065714986,2.3214170583410155e-05,94032.35766606123,0.4905646782999983,0.7150171460772684,-5.93275428784068e-16,-2.3800406090401793e-15,3.639449852599341e-15,0.09792405742488026,-0.028797289666854884,False,460222.2501472728
2026-04-09,-0.0003006688584946068,-9.562571108636322e-05,0.00017565888113109555,2.9384266277148035e-05,94004.08506442023,0.49611485618180073,0.6190891568278891,3.191891195797325e-16,2.983724378680108e-16,3.191891195797325e-16,0.049021615752502655,0.016374929418407683,False,766946.7573251224
2026-04-10,-0.0002273456440227604,-2.5648587473548502e-05,0.00017625503640560002,2.544202014361187e-05,93982.71364516049,0.497924942358461,0.6798663287150558,-1.4016565685892601e-15,-1.7486012637846216e-15,9.853229343548264e-16,0.0626550210282115,0.09203839638622249,False,1115249.9218409758
2026-04-13,0.000151878188215257,0.0003616034921624148,0.00012590616753023294,8.381913641692488e-05,93996.98756943247,0.3549664551151076,0.6043051796485942,-1.5265566588595902e-16,-9.71445146547012e-17,2.671474153004283e-16,0.09928230847567356,0.0016939582156973462,False,884878.9567083794
2026-04-14,-0.00019825105360018794,4.062482068030665e-06,0.00017747907623060513,2.483445943761347e-05,93978.3525676116,0.49985092200746234,0.3539330588873199,-2.42861286636753e-17,-6.938893903907228e-18,1.734723475976807e-17,0.04134620722080823,0.0694522868435912,False,753851.0338478322
2026-04-15,3.3944996472482984e-05,0.00021943041870814715,0.0001709402280348154,1.454519420084876e-05,93981.542662458,0.4813930349049174,0.37592196606158845,5.585809592645319e-16,2.7755575615628914e-16,1.0581813203458523e-15,0.05702123461224728,-0.005081874647092039,False,640808.4154757225
2026-04-16,-0.00022846885643504957,-3.677149501620503e-05,0.0001762485134985053,1.5448847920339226e-05,93960.07080687991,0.4945354580280642,0.608149567539262,3.2612801348363973e-16,-2.914335439641036e-16,1.717376241217039e-15,0.08119173793511111,-0.016374929418407683,False,440565.57338361646
2026-04-17,-6.800970294527185e-05,0.00013330480558265207,0.00017632206054685838,2.4992447981065543e-05,93953.68061037562,0.49651664393385275,0.797726450715176,-8.465450562766819e-16,-5.134781488891349e-16,1.0894063429134349e-15,0.0792706188185806,-0.07622811970638058,False,438396.98056761187
2026-04-20,-0.00033165104773826546,-5.882771947435333e-05,0.00017447349187436982,9.834983638954236e-05,93922.52077376233,0.4906572110494235,0.60918910608837,-2.3314683517128287e-15,-1.8457457784393227e-15,2.6645352591003757e-15,0.06721442350856958,-0.04121964991530209,False,408076.23463681457
2026-04-21,-0.00040459517320884516,-0.00020337501978648668,0.0001761849846790007,2.5035168743357767e-05,93884.52017520164,0.4920882153841985,0.6935225640564854,-6.952771691715043e-15,-4.6629367034256575e-15,3.677613769070831e-15,0.06281478662927861,0.02089215132693394,False,345247.2725432213
2026-04-22,-1.265638947379288e-05,0.00018375419355033592,0.00016790965573413596,2.850092728999284e-05,93883.33193614875,0.47137548824105346,0.90828473477062,-4.0245584642661925e-16,-3.0531133177191805e-16,4.163336342344337e-16,0.09816466631960152,0.018633540372670808,False,433153.5261186366
2026-04-23,0.00018355194010917454,0.0003960358983820735,0.0001751571883508187,3.732676992208028e-05,93900.56440386955,0.4944145934473261,0.6808945043450686,-1.9081958235744878e-16,-1.3877787807814457e-16,1.4224732503009818e-16,0.08360779824135206,0.06154714850367025,False,986770.0750027145
2026-04-24,0.00026176460663530324,0.00046734149728361107,0.0001775949247163187,2.798196593198913e-05,93925.14424817357,0.4998954367918306,0.5003489282757407,-1.0321604682062002e-16,4.5102810375396984e-17,9.549652735252323e-16,0.04661956014088857,-0.040090344438170535,False,933328.1359753426
2026-04-27,-0.0002665041275121598,-3.0301587144881312e-05,0.00017451568619629668,6.168685417098175e-05,93900.11280955425,0.48988130415106756,0.48023799105722864,-4.3021142204224816e-16,-1.1726730697603216e-15,3.948230631323213e-15,0.06889639882997685,0.009599096555618296,False,484079.9376813459
2026-04-28,-0.00034740551250638776,-0.00015243164506574604,0.00017523805958897474,1.9735807851666943e-05,93867.49139273925,0.4920396153437887,0.6687703567534589,4.218847493575595e-15,2.5396351688300456e-15,9.256484467812243e-15,0.08835914432535145,0.011857707509881424,False,529783.4005222108
2026-04-29,-0.000494336446622115,-0.000317696974470339,0.0001491557588605381,2.7483713291237857e-05,93821.08927059083,0.4190728910489688,0.9919605067583019,1.0699774399824946e-14,3.608224830031759e-15,1.6264767310758543e-14,0.09942536025289309,0.02766798418972332,False,322697.62417745055
2026-04-30,-3.700911273038591e-06,0.0002108163604752915,0.0001737517714705921,4.0765500277738e-05,93820.7420470639,0.4882416767304572,0.7875265478364553,9.575673587391975e-16,1.5959455978986625e-15,2.2898349882893854e-15,0.09481809379618798,0.008469791078486732,False,445097.92774838343
2026-05-01,0.00014357296844666657,0.00035110268638518404,0.00017516561323290976,3.2364104705607713e-05,93834.21216950148,0.4936392365671668,0.7137394128187591,1.096345236817342e-15,2.0816681711721685e-15,4.718447854656915e-15,0.07612412527705988,-0.009599096555618296,False,833267.6391399568
2026-05-04,-0.0003265175878789117,-6.224488865173668e-05,0.00017627742915362954,8.799527007354549e-05,93803.57364888338,0.49425305032043926,0.5418673025461489,1.1657341758564144e-15,2.3869795029440866e-15,2.373101715136272e-15,0.08635639573910024,0.051383399209486175,False,278991.94464072736
2026-05-05,-0.0002684133465655886,-7.016002622286259e-05,0.00017598480106000768,2.22685192827184e-05,93778.39551776047,0.4951912717081886,0.5536931965651531,-4.891920202254596e-16,3.469446951953614e-17,1.6688039838896884e-15,0.09599439771965868,0.047995482778091486,False,679369.5509094878
2026-05-06,-0.00014587735094295746,5.045052706120789e-05,0.00017357336307683027,2.2754514927335085e-05,93764.71537384666,0.488011222000272,0.7809336031473285,-6.904199434387692e-16,-3.365363543395006e-16,1.3565537582138631e-15,0.08587596874525083,0.06380575945793338,False,470638.42763567495
2026-05-07,5.0766666479752404e-05,0.0002580856533905013,0.00017522582513757097,3.209316177317791e-05,93769.47549587961,0.4932116704835857,0.5596339636703245,-2.6957602816679582e-15,-2.67841304690819e-15,1.2455314557513475e-15,0.09400491258935555,-0.051383399209486175,False,669986.5556012536
2026-05-08,-0.0005432770752995254,-0.00034531564984326574,0.00017496276941501341,2.299865604124632e-05,93718.53268947983,0.4904340600389041,0.5898049842525268,-2.1094237467877974e-15,-5.325601071248798e-16,2.518818487118324e-15,0.09944985975952275,-0.0694522868435912,False,276268.4067239884
2026-05-11,-0.00037376097616591633,-0.0001696045669676933,0.0001314407262081852,7.271568299003781e-05,93683.50435921698,0.3697301265401607,0.8361663578897713,-2.588207426157396e-15,-2.615963001773025e-15,2.1441182163073336e-15,0.09998907558442545,-0.023150762281197064,False,383247.6579861096
2026-05-12,-0.00018824999984562302,2.244965199696059e-05,0.00017633665083341483,3.4363001009168785e-05,93665.86843953583,0.4969707298600951,0.9035678832145912,-6.453171330633722e-16,-7.771561172376096e-16,1.7555401576885288e-15,0.08712423038187708,-0.018633540372670808,False,795045.683222884
2026-05-13,-0.00015623916886468674,3.998428761680609e-05,0.00015909052977404386,3.713292670744898e-05,93651.23416209985,0.4492420986417909,0.9973549574611744,-1.124100812432971e-15,3.2751579226442118e-15,3.490263633665336e-15,0.0972177829177002,0.05251270468661773,False,967444.8928681075
2026-05-14,-0.00011141897264907932,0.00010627604960965715,0.00017670783222608542,4.0987190032651045e-05,93640.79963780219,0.49797218781500974,0.7992528828302333,-1.4328815911568427e-15,-8.049116928532385e-16,1.4328815911568427e-15,0.08194775537084843,-0.06380575945793338,False,569703.3037508295
2026-05-15,1.486845059381412e-05,0.00022359727350006894,0.0001758828140228205,3.284600888343431e-05,93642.19193140518,0.4953758283017876,0.7854184263641846,-1.8370721610594387e-15,-1.5751289161869408e-15,9.072603779358701e-16,0.08785607243659893,-0.06267645398080182,False,503031.697082577
2026-05-18,-0.00042509333996153123,-0.000150683114783018,0.0001775778164486821,9.683240872983119e-05,93602.38525927573,0.4991532914662809,0.6225341537349777,3.469446951953614e-16,3.2959746043559335e-16,1.5959455978986625e-16,0.07861587325588211,-0.023150762281197064,False,322267.55215950456
2026-05-19,-0.0003233955649018374,-0.0001234333043167757,0.00017437866522609002,2.558359535897167e-05,93572.11466301866,0.4910904287302803,0.5040061407954638,-2.01574867908505e-15,-1.304512053934559e-15,1.85268467234323e-15,0.09792960204913871,0.07961603613777528,False,446233.0879551632
2026-05-20,0.0001612699589603462,0.0003604037870478268,0.0001784212469588998,2.0712581128580787e-05,93587.2050341102,0.49895095449535587,0.7499136128033415,2.42861286636753e-16,2.3592239273284576e-16,3.7470027081099033e-16,0.099904300458753,-0.011857707509881424,False,296287.6550769377
2026-05-21,-0.000394017629338,-0.00018824356521387033,0.00017495569647467727,3.0818367649452374e-05,93550.3300254463,0.49208564106601543,0.5991426666900413,3.608224830031759e-16,4.718447854656915e-16,2.7755575615628914e-16,0.06652715632715844,-0.015245623941276118,False,681888.0093130498
2026-05-22,-0.0003126372107482205,-0.00011333419314551157,0.00017468071623188535,2.4622301370823603e-05,93521.08271120256,0.49067114568121356,0.5269420316238338,4.2674197509029455e-16,4.440892098500626e-16,9.020562075079397e-16,0.09170375219214391,-0.1078486730660644,False,397849.3260509515
2026-05-26,-0.00038064648975162847,-0.00017681696866480516,0.0001172089131486589,8.662060793816439e-05,93485.48423935076,0.32874066308911215,0.38428542925912074,1.9359513991901167e-15,7.4593109467002705e-16,1.4432899320127035e-15,0.09982920882318107,-0.06154714850367025,False,320380.4497005015
2026-05-27,-0.00031480286074251506,-0.00016130205631308413,0.0001377082525420699,1.5792551887361044e-05,93456.05474147432,0.3864474473232698,0.0,0.0,0.0,0.0,0.0,-0.04686617730095992,True,343361.00422462175
2026-05-28,-0.00017827477867209937,0.0,0.00017827477867209937,0.0,93439.39388399971,0.5,0.5000891532831179,-7.979727989493313e-16,-4.9960036108132044e-15,2.8102520310824275e-15,0.048683123965241805,0.07058159232072277,False,289848.63057540864
2026-05-29,-4.8879474888777286e-05,0.00014658836523780627,0.00017491623108755128,2.0551609039032277e-05,93434.82661549274,0.49330570611788754,0.7000597575974469,-1.5334955527634975e-15,-7.126244039312724e-15,4.78089789979208e-15,0.09330493255167564,0.1643139469226426,False,674567.48153142
2026-06-01,4.544681143036497e-05,0.00030686076299932236,0.0001751052143309158,8.630873723804158e-05,93439.07293043897,0.49178068993786433,0.6734654190455774,-4.198030811863873e-16,-3.191891195797325e-16,2.498001805406602e-16,0.09802372659929263,0.02992659514398645,False,335990.4033839062
2026-06-02,-0.00010333337860682679,0.00010058309950177255,0.00017623981705193177,2.767666105666758e-05,93429.41755533918,0.4931304814129436,0.6361406346367938,-2.456368441983159e-15,-1.582067810090848e-15,1.4502288259166107e-15,0.06264277977489294,0.06719367588932806,False,230967.4269916771
2026-06-03,0.00025413392018550497,0.0004576343037072572,0.00017735761771476056,2.6142765806991627e-05,93453.16113948317,0.49742007355150714,0.8290227968636454,-6.369904603786836e-15,-6.161737786669619e-15,1.5543122344752192e-15,0.08207156920321125,-0.032185206098249576,False,331267.7784066118
2026-06-04,-0.0001475225900835073,6.174443292725424e-05,0.00017519759300266627,3.4069430008095275e-05,93439.37468710038,0.4919754001847316,0.6475589736200882,-9.853229343548264e-16,-6.800116025829084e-16,4.0939474033052647e-16,0.06640261194759042,-0.08639186900056467,False,364910.72034783155
2026-06-05,-0.00010671774895641296,9.237154660592475e-05,0.0001724772829478135,2.6612012614524214e-05,93429.40304736988,0.48108832871886015,0.5364959147363094,6.938893903907228e-18,-1.5959455978986625e-16,6.730727086790012e-16,0.056298728394925286,0.03444381705251271,False,237754.6888069077
2026-06-08,-0.00010238867773662145,0.00013858990568100008,0.00017483525146382996,6.614333195379157e-05,93419.83693433015,0.49057774413491007,0.6328904184074876,1.1102230246251565e-16,4.85722573273506e-17,2.0816681711721685e-17,0.0649416093167318,0.023150762281197064,False,294085.81062914524
2026-06-09,1.746074534311722e-05,0.0002171743915788737,0.00017370445095873645,2.6009195277020033e-05,93421.46811431285,0.48720839636129526,0.36705081981841287,-1.0685896612017132e-15,-1.0269562977782698e-15,7.28583859910259e-16,0.07687916968102489,-0.025409373235460195,False,281936.6843875672
2026-06-10,-0.00022392099652083814,-3.234846209217591e-05,0.00017648825416215205,1.5084280266510161e-05,93400.54908607627,0.4971955266744483,0.4575483566618401,-3.469446951953614e-16,-4.0245584642661925e-16,2.498001805406602e-16,0.05593400997417742,-0.1225296442687747,False,799030.8266679841
2026-06-11,-0.00045717441041495546,-0.00026095956094169544,0.0001774114923501707,1.880335712308933e-05,93357.8487451154,0.4988851938298931,0.8535318927931568,6.938893903907228e-17,1.3877787807814457e-17,8.326672684688674e-17,0.07145632448545697,-0.0028232636928289105,False,483871.20942149765
2026-06-12,0.00020241361697009256,0.0003520036978043487,0.00011451342770577023,3.507665312848589e-05,93376.74564495245,0.32245840422630656,0.9955232645866752,7.771561172376096e-16,1.5959455978986625e-15,9.43689570931383e-16,0.08565680882171156,0.1044607566346697,False,741504.93859725
2026-06-15,0.0006386786502792291,0.0009354418074726887,0.00017402741224441766,0.00012273574494904202,93436.38337882842,0.4891626455889781,0.9848915226247409,-2.636779683484747e-16,1.0824674490095276e-15,8.743006318923108e-16,0.09745515012861025,0.0694522868435912,False,568275.4013868283
2026-06-16,0.0005393967854411267,0.0007487327373829836,0.00016886095786138809,4.047499408046881e-05,93486.78266366622,0.47217993843237804,0.600981875714226,-5.551115123125783e-17,-3.191891195797325e-16,1.734723475976807e-16,0.06159320904935149,-0.07058159232072277,False,440419.8331860301
2026-06-17,-0.0008334071503474706,-0.0006343478016700857,0.00017436146337406055,2.4697885303324357e-05,93408.87011053134,0.48979016381531515,0.39386767262826466,1.4016565685892601e-15,1.762479051592436e-15,7.355227538141662e-16,0.036631921386808826,-0.005081874647092039,False,505003.7639231027
2026-06-18,-0.00034089203765307437,-0.00014947393141512917,0.00017523176352719468,1.6186342710750546e-05,93377.02777046448,0.492174568538358,0.6848642178143818,-1.9290125052862095e-15,-4.343747583845925e-15,1.5404344466674047e-15,0.06290792940682736,-0.0378317334839074,False,549461.2126777993
2026-06-22,-0.0002925937976662274,-6.530799383761476e-06,0.00017348257891571788,0.00011258041936674803,93349.70623129435,0.486654304710942,0.835567961539751,7.466249840604178e-15,3.0878077872387166e-15,2.546574062733953e-15,0.06739135728359043,0.07622811970638058,False,342855.7890819202
2026-06-23,-0.00046609105659958404,-0.0002578361291271505,0.0001739165180940879,3.433840937834562e-05,93306.19676808374,0.4882660855206259,0.48807279836971124,-7.389922007661198e-16,-1.7832957333041577e-15,6.453171330633722e-16,0.0941629759725929,-0.09316770186335405,False,368615.74916892016
2026-06-24,-0.000555561438894891,-0.00035908453250573224,0.000176419120154787,2.0057786234371724e-05,93254.35944314946,0.4965434148833088,0.7369888368400445,1.1488206219656405e-15,8.604228440844963e-16,1.252904030524249e-15,0.09962353443376291,-0.0016939582156973462,False,676357.9200974184
2026-06-25,-0.0003542235614067859,-5.9197935710637136e-05,0.00026473841322327026,3.028721247287849e-05,93221.32655183079,0.7403856984154694,0.0,0.0,0.0,0.0,0.0,-0.005081874647092039,True,257732.32399928197
2026-06-26,-0.00017769492182899763,0.0,0.00017769492182899763,0.0,93204.76159549637,0.5000000000000001,0.5000888632514631,9.540979117872439e-17,9.020562075079397e-17,8.847089727481716e-17,0.0477499048485296,0.025409373235460195,False,562135.6373555175
2026-06-29,1.0603610185660103e-05,0.00023942400380951086,0.00016716560226408134,6.165479135976941e-05,93205.74990245578,0.4691024202318677,0.8712043831269364,1.39493451511985e-15,3.3306690738754696e-16,9.647230930776018e-16,0.09880432474701847,-0.05477131564088086,False,360134.527899859
2026-06-30,-0.0007025624419283926,-0.0004935100315815503,0.0001732494904923108,3.580291985453157e-05,93140.26704320255,0.48480429578603773,0.8779050639501291,9.853229343548264e-16,5.342948306008566e-16,9.43689570931383e-16,0.08203819362476232,-0.031055900621118016,False,334360.2429270348
2026-07-01,-0.0006750635680563455,-0.0004661343989636208,0.00017285087879340434,3.607829029932034e-05,93077.39144220264,0.48618711711848245,0.8288838957867765,1.4849232954361469e-15,7.91033905045424e-16,1.2490009027033011e-15,0.07426108414544855,0.008469791078486732,False,543504.1840061937
2026-07-02,-0.0006191295051575626,-0.00040894600371857204,0.00017611977969432869,3.406372174466199e-05,93019.76448289768,0.49258032913289135,0.9237063800002561,-5.273559366969494e-16,-5.412337245047638e-16,1.491862189340054e-16,0.08303797942553146,-0.03444381705251271,False,268700.0133361876
2026-07-06,-0.000585704417914985,-0.0002607244671704855,0.0001731378060869231,0.0001518421446575764,92965.28239588664,0.48577124531316396,0.8465934210856523,8.326672684688674e-16,2.185751579730777e-15,8.326672684688674e-16,0.08639419010750979,-0.050254093732354614,False,404221.4385602521
2026-07-07,-0.00040906204435386544,-0.00021676667225651564,0.00015750386164177507,3.4791510455574714e-05,92927.25382741584,0.444122813740807,0.9936682087382311,-5.4262150328554526e-15,-2.7755575615628914e-17,3.0184188481996443e-15,0.09060701012038062,-0.008469791078486732,False,860748.3870244416
2026-07-08,-0.00020357122336121168,-1.345199702609015e-05,0.00014928354652396112,4.08356798111604e-05,92908.33651267059,0.418880108974426,0.781179275223455,-2.6506574712925612e-15,-1.4988010832439613e-15,3.316791286067655e-15,0.09979989056623398,0.09881422924901187,False,278866.4826436634
2026-07-09,-0.00027760623787485145,-6.866973753088897e-05,0.00017683324245806694,3.2103257885895514e-05,92882.5445789041,0.4974765125133916,0.6951923442649408,-3.5214886562329184e-16,2.0539125955565396e-15,1.2706849461530112e-15,0.09996212627700214,-0.15640880858272163,False,453527.5159269489
2026-07-10,-0.00012250318485149074,8.307197200823912e-05,0.0001770056084652802,2.8569548394449636e-05,92871.16617137607,0.4951338705799071,0.8205075235600224,-1.4502288259166107e-15,-1.672273430841642e-15,3.8510861166685117e-16,0.07103884451372519,0.003952569169960475,False,203851.22728091362
2026-07-13,-6.927002209411954e-05,0.00020371755443314681,0.00017182911471849626,0.0001011584618087701,92864.73298364347,0.4834370444339999,0.5854151491600638,-4.371503159461554e-16,-4.198030811863873e-16,1.457167719820518e-16,0.06568060379250198,-0.005081874647092039,False,690342.1368839565
2026-07-14,-0.0001290983721486572,6.801563252292097e-05,0.00017305584785678102,2.405815681479716e-05,92852.74429778525,0.48552736830128723,0.5481767529811903,-1.816255479347717e-15,-4.163336342344337e-16,1.2125717097077882e-15,0.05251234251190054,0.03670242800677584,False,429001.5029873556
2026-07-15,-5.962944200090541e-05,0.00013981795878939307,0.00017691958902394812,2.2527811766350357e-05,92847.20754045452,0.4973050005259479,0.6764206482732567,-3.1558956836708063e-15,-4.9404924595819466e-15,1.169203622808368e-15,0.09049276845700084,-0.09881422924901187,False,578828.2396590333
2026-07-16,-0.0005191158872556939,-0.0003191058462505889,0.0001722119321719574,2.779810883314766e-05,92799.00907993293,0.48615726488491334,0.5814985189617503,8.291978215169138e-16,6.661338147750939e-16,1.9081958235744878e-16,0.058123839274644054,0.010728402032749858,False,1260418.5032784378
2026-07-17,-0.00019282246528258895,4.957743756228575e-06,0.00017388300962943056,2.3897199409386964e-05,92781.11534622636,0.490080802470203,0.5390956001065719,-2.1996293675385914e-15,-2.1788126858268697e-15,5.204170427930421e-16,0.09259666328494377,0.07961603613777528,False,583397.0260681132
2026-07-20,3.694629370240717e-05,0.0001921597364259003,8.874960161446347e-05,6.646384110902967e-05,92784.54326456398,0.2499786991676402,0.6254630631133141,-9.71445146547012e-16,-1.1102230246251565e-15,1.2906342661267445e-15,0.09986022486435894,0.07735742518351214,False,553167.364415074
2026-07-21,-0.00019401582961635152,-4.5544878057218375e-05,0.00012276699006132566,2.5703961497807463e-05,92766.54159442693,0.34674582361295014,0.763279839938473,-3.191891195797325e-15,-4.010680676458378e-15,3.1225022567582528e-15,0.09999902657921617,-0.02089215132693394,False,1468107.7351810315
2026-07-22,-0.000344997013245457,-0.00014452528721911874,0.0001691040613713324,3.1367664655005865e-05,92734.53741464776,0.4771215518766396,0.43519168992419904,4.999473057765158e-15,5.592748486549226e-15,1.835337437583462e-15,0.05360056980955589,-0.0005646527385657821,False,841776.8172089345
2026-07-23,-4.2102044894849046e-05,0.00015334783873602906,0.00017756529363399342,1.788458999688468e-05,92730.63310099022,0.4989692393317916,0.5450335761811761,2.0816681711721685e-17,-4.85722573273506e-17,2.7755575615628914e-17,0.05279201766428493,0.008469791078486732,False,273441.2898816708
2026-07-24,0.00017912169456845326,0.0003775727211661519,0.00017605238648066404,2.239864011703463e-05,92747.24316912967,0.4932060022800524,0.7930357918264292,7.08461067588928e-15,8.389122729823839e-15,2.373101715136272e-15,0.08962127552624674,-0.026538678712591763,False,326433.3679360183
2026-07-27,-0.00018016852203528146,8.961246307422478e-05,0.00017200944913090628,9.777153597859997e-05,92730.53303540504,0.4840661837674547,0.795346876030204,-4.021089017314239e-15,-3.1363800445660672e-15,3.576999807464176e-15,0.0754523126471249,-0.12478825522303785,False,568477.3763667179
2026-07-28,-5.7517728885582565e-05,0.00014729591712201145,0.00017212815795155807,3.2685488056035944e-05,92725.19938574648,0.48365851147325956,0.5627992874606418,-8.222589276130066e-16,-4.0245584642661925e-16,3.5908775952719907e-16,0.07063130340819793,-0.0536420101637493,False,343712.337683258
2026-07-29,-0.0002964789602000846,-0.00010154001686164948,0.00017181020549758677,2.3128737840848328e-05,92697.70831504825,0.48171958944000776,0.4945148313271218,-8.833211939673902e-15,-5.460909502374989e-15,5.054984208996416e-15,0.048356310326420585,0.04912478825522304,False,243519.23213796955
2026-07-30,7.43846795354995e-05,0.0002686374240650549,0.0001739302172147418,2.0322527314813586e-05,92704.60360437493,0.4885179231508914,0.7283636463636335,-3.5110803153770576e-15,-3.12944115066216e-15,2.8171909249863347e-15,0.062006809288395574,-0.007340485601355168,False,266050.29793798365
2026-07-31,0.00012255141983248904,0.00033005293852544654,0.00017756876610267104,2.9932752590286454e-05,92715.96468517165,0.4941826048692471,0.40847180683401574,-3.0048663210435755e-15,-3.1710745140856034e-15,1.2354483755472323e-15,0.05002604625796666,0.02428006775832863,False,225606.57865665693
2026-08-03,-0.0001678879853341318,6.009152655636594e-05,0.0001776199740616461,5.0359537828851635e-05,92700.39878865234,0.4973655410295761,0.5225458870819962,-1.3253287356462806e-15,-1.6375789613221059e-15,4.3194614551822497e-16,0.0828459831145894,0.05251270468661773,False,262663.96238351555
2026-08-04,-4.0233882068241045e-05,0.00015758317072586428,0.00017634256428388626,2.147448851021907e-05,92696.66909173981,0.49404175173607395,0.9369654106628128,-1.6514567491299204e-15,-3.608224830031759e-16,7.095019016745141e-16,0.09178998702181168,-0.0942970073404856,False,286814.02019557095
2026-08-05,-0.0013221678940753918,-0.001107520369340188,0.00017614209689974561,3.8505427835458126e-05,92574.10853197899,0.49314198966624245,0.7129475521555797,-1.0061396160665481e-15,0.0,9.08995101411847e-16,0.07569811225494262,0.0016939582156973462,False,345810.6672117375
2026-08-06,-0.0005874907563272622,-0.0003832069722507625,0.00017498456960435255,2.9299214472147153e-05,92519.72209894122,0.4904459362175709,0.6719791281459893,2.498001805406602e-16,1.734723475976807e-16,1.942890293094024e-16,0.09852558701591718,0.051383399209486175,False,353723.3392834042
2026-08-07,-7.016932078493481e-06,0.0001987668803422442,0.00017816823181199842,2.761558060873927e-05,92519.07289433533,0.4982587127943322,0.8083811454441809,4.163336342344337e-16,1.2281842209915794e-15,6.938893903907228e-16,0.09422006324013624,-0.044607566346696784,False,298448.9256660321
2026-08-10,-0.0004112991565980552,-0.0001336479801354501,0.00017798774757222667,9.966342889037842e-05,92481.01987768465,0.4996737571969337,0.9826771403360424,2.636779683484747e-16,1.0408340855860843e-16,2.7755575615628914e-16,0.09459423946771092,0.040090344438170535,False,407367.1861543287
2026-08-11,-0.0004142580178655126,-0.00019908878730483877,0.00017478523849206936,4.038399206860447e-05,92442.70887369994,0.4901186152972197,0.8735989020153737,5.898059818321144e-16,-3.3306690738754696e-16,4.996003610813204e-16,0.09883695594039377,0.007340485601355168,False,296264.3451574371
2026-08-12,-0.00010352693057201674,0.00010498220608245689,0.00017260781191411582,3.590132474035781e-05,92433.13856379648,0.48457159009592876,0.9014769734454828,1.1449174941446927e-16,-1.0408340855860843e-15,7.945033519973776e-16,0.07715345190300045,0.04912478825522304,False,557995.3745585706
2026-08-13,-3.172348869487493e-05,0.00018111831371474323,0.0001757948035008997,3.704699890871847e-05,92430.20626217022,0.4948820037932817,0.6725449693602655,-7.771561172376096e-16,-4.0245584642661925e-16,7.216449660063518e-16,0.0773739119662693,-0.0378317334839074,False,524528.5871625487
2026-08-14,-0.00037015684912505414,-0.00016598854477597362,0.00017652946999180925,2.7638834357271216e-05,92395.99258825624,0.4951732994888213,0.50583825952598,-4.440892098500626e-16,6.83481049534862e-16,1.3739009929736312e-15,0.05633225714348028,0.05702992659514399,False,342834.13240306475
2026-08-17,-0.00018755953026008124,9.313519743670787e-06,0.00013450942896630236,6.236362103744966e-05,92378.66283928847,0.37844341963701744,0.6010230408518146,-1.3877787807814457e-17,5.134781488891349e-16,4.85722573273506e-16,0.09913361926869124,-0.02992659514398645,False,632096.1773865054
2026-08-18,-3.3066283568681826e-05,8.751216635480058e-05,9.587887290217496e-05,2.4699577021307446e-05,92375.60822022734,0.26946321987317673,0.6129168233230192,7.28583859910259e-16,4.579669976578771e-16,5.273559366969494e-16,0.09999485314522258,-0.02428006775832863,False,542078.3611021113
2026-08-19,-0.00024210044557315818,-4.3098796221536335e-05,0.000173813286749306,2.5188362602315832e-05,92353.24404431714,0.489067538697649,0.6006262994516814,7.840950111415168e-16,4.926614671774132e-16,7.840950111415168e-16,0.06072533892844882,0.016374929418407683,False,698097.2295379833
2026-08-20,-4.3263834939767893e-05,0.00015785839447174474,0.00017643895683130658,2.468327258020606e-05,92349.24848881064,0.49717033155901386,0.5636695862623304,2.7755575615628914e-17,2.42861286636753e-17,2.7755575615628914e-17,0.07576476461130816,0.07284020327498589,False,576438.643953534
2026-08-21,-6.856458798057407e-06,0.00019155395926368242,0.00017524591451671255,2.316450354502727e-05,92348.61529999334,0.49042261329784853,0.5235728791681115,-1.6306400674181987e-16,5.689893001203927e-16,5.793976409762536e-16,0.09390465085382282,-0.03896103896103897,False,321914.83727595623
2026-08-24,-0.00030226041826382234,-0.00010065951122177872,0.0001370508260487148,6.455008099332883e-05,92320.70196890668,0.3866032663585035,0.39755934919112207,4.718447854656915e-16,3.469446951953614e-18,4.128641872824801e-16,0.09992970745936988,-0.07058159232072277,False,849783.3328168159
2026-08-25,-0.00012113361238363185,6.963202629761063e-05,0.000174427583235032,1.633805544621048e-05,92309.51882877939,0.4902365201809071,0.6492239155138853,1.457167719820518e-16,3.469446951953614e-16,2.0816681711721685e-16,0.09997649935074295,-0.011857707509881424,False,479302.7825222636
2026-08-26,-0.0002505136322634636,-4.683075541644905e-05,0.00017700244196288228,2.668043488413226e-05,92286.3940359251,0.49533428249161776,0.5550246009547694,4.440892098500626e-16,9.71445146547012e-17,7.355227538141662e-16,0.07896878574869741,-0.023150762281197064,False,241546.66493498703
2026-08-27,-0.00020317756300800696,-5.915645914279562e-06,0.00017445268691750404,2.2809230176223372e-05,92267.64351128608,0.4909161159079516,0.6234247235670571,7.355227538141662e-16,9.71445146547012e-16,3.677613769070831e-16,0.09916033250599632,0.023150762281197064,False,508563.03275190806
2026-08-28,-0.0002119339514330055,-1.5142510869390003e-05,0.0001711712464444214,2.562019411919411e-05,92248.08886500732,0.4816067847418892,0.4687398645865798,9.43689570931383e-16,-5.551115123125783e-17,1.1102230246251565e-15,0.062056201629232574,-0.028797289666854884,False,342997.4704083818
2026-08-31,-0.0001527608724808734,8.05079197708773e-05,0.00017547894593285742,5.7789846318893294e-05,92233.9969664676,0.4943487524588424,0.46581290927260194,-3.956904248703097e-15,-2.609024107869118e-15,1.5699247457590104e-15,0.0457914009458798,-0.06380575945793338,False,633627.7601293855
2026-09-01,-0.00018107740750271013,1.5417857396190916e-05,0.00017735226862742408,1.914299627147695e-05,92217.2954734133,0.4981654891378161,0.6253413693204071,2.7755575615628914e-16,6.938893903907228e-18,4.163336342344337e-16,0.07545102159197094,0.0536420101637493,False,732985.1530719481
2026-09-02,-2.0133629460015905e-05,0.0001815973689447894,0.0001760320380217749,2.569896038303042e-05,92215.43880455643,0.4947369320779552,0.7326082511421294,5.551115123125783e-17,-1.3877787807814457e-17,4.163336342344337e-17,0.081936502192639,-0.0536420101637493,False,266044.8166534053
2026-09-03,-0.0005105489140557474,-0.0003054077536579654,0.0001750339719946808,3.0107188403101193e-05,92168.35831241558,0.49290572085502177,0.7503171003719478,2.9837243786801082e-15,1.6237011735142914e-15,2.275957200481571e-15,0.05528998901868076,-0.051383399209486175,False,336752.8421070023
2026-09-04,-6.636043584167732e-05,0.0001342810936113171,0.0001698065801226405,3.0834949330353894e-05,92162.24197998717,0.47859061920985413,0.573596540077912,-9.71445146547012e-17,-5.551115123125783e-17,1.249000902703301e-16,0.0628213048020999,0.03557312252964427,False,692222.9907314263
2026-09-08,9.030802666229286e-05,0.0003617816987586622,0.00017718382989178103,9.42898422045883e-05,92170.56497019315,0.49633293265890666,0.717725753373681,1.672273430841642e-15,4.440892098500626e-16,1.790234627208065e-15,0.054559154187226996,-0.019762845849802372,False,272733.9750763048
2026-09-09,-0.00021695860089415573,-1.3616034612919003e-05,0.00017384698737546905,2.949557890576765e-05,92150.56777337361,0.49044747699933844,0.6140393885464478,4.191091917959966e-15,1.8041124150158794e-15,4.3576253716537394e-15,0.0854801944043076,0.11914172783738003,False,634192.0264022477
2026-09-10,-0.00012529969132446127,7.604563102690321e-05,0.0001761108269316476,2.5234495419716863e-05,92139.02133567623,0.4966358022092401,0.7389535651264172,1.1032841307212493e-14,1.0769163338864018e-14,8.014422459012849e-15,0.060186623038705075,-0.051383399209486175,False,817882.1445801682
2026-09-11,-0.00031730955948667096,-0.00010736709564046346,0.0001795745091149853,3.0367954731222177e-05,92109.78474340467,0.4994539673506444,0.6433930335594155,7.653599976009673e-15,6.768891003261501e-15,3.524958103184872e-15,0.04591113870469914,0.02992659514398645,False,185612.56451004327
2026-09-14,-0.0005259539185567207,-0.00027108017478626135,0.00017555131497546392,7.932242879499549e-05,92061.33924118146,0.4945426431417674,0.715646476420328,-5.967448757360216e-16,-7.147060721024445e-16,3.400058012914542e-16,0.07111834252692431,-0.07396950875211745,False,667161.8136176785
2026-09-15,-0.00047379202950627325,-0.00026946400163874087,0.00017491789869957365,2.941012916795871e-05,92017.72131242331,0.4915186381310559,0.6215116037911276,2.942091015256665e-15,5.384581669432009e-15,1.5612511283791264e-15,0.07085306559150209,0.05590062111801244,False,183980.91111682585
2026-09-16,-0.00027291251326037376,-7.271405139867143e-05,0.00017465688910316298,2.5541572758539363e-05,91992.60852483545,0.49153729676953933,0.8106765045996646,-1.915134717478395e-15,-1.7763568394002505e-15,8.187894806610529e-16,0.098217350319868,0.031055900621118016,False,343095.3716405405
2026-09-17,-0.0005674640320133725,-0.00035770738325425534,0.00017644117596735004,3.33154727917671e-05,91940.40602828652,0.49744604570244755,0.84466204864159,2.7755575615628914e-16,-3.2404634531246757e-15,1.807581861967833e-15,0.0962153773455848,-0.04573687182382835,False,640941.778289477
2026-09-18,-0.00032127314350972283,1.4885747383731147e-05,0.00030144675190818315,3.4712138985270804e-05,91910.86804502626,0.8373235986107612,0.0,0.0,0.0,0.0,0.0,,False,98358.9341448633
