session,gross_return,transaction_cost,borrow_cost,net_return,gross,net,turnover
2007-01-03,0.0,0.0,0.0,0.0,0.0,0.0,0.0
2007-01-04,0.0,0.0,0.0,0.0,0.0,0.0,0.0
2007-01-05,0.0,0.0,0.0,0.0,0.0,0.0,0.0
2007-01-08,0.0,0.0,0.0,0.0,0.0,0.0,0.0
2007-01-09,0.0,0.0,0.0,0.0,0.0,0.0,0.0
2007-01-10,0.0,0.0,0.0,0.0,0.0,0.0,0.0
2007-01-11,0.0,0.0,0.0,0.0,0.0,0.0,0.0
2007-01-12,0.0,0.0,0.0,0.0,0.0,0.0,0.0
2007-01-16,0.0,0.0,0.0,0.0,0.0,0.0,0.0
2007-01-17,0.0,0.0,0.0,0.0,0.0,0.0,0.0
2007-01-18,0.0,0.0,0.0,0.0,0.0,0.0,0.0
2007-01-19,0.0,0.0,0.0,0.0,0.0,0.0,0.0
2007-01-22,0.0,0.0,0.0,0.0,0.0,0.0,0.0
2007-01-23,0.0,0.0,0.0,0.0,0.0,0.0,0.0
2007-01-24,0.0,0.0,0.0,0.0,0.0,0.0,0.0
2007-01-25,0.0,0.0,0.0,0.0,0.0,0.0,0.0
2007-01-26,0.0,0.0,0.0,0.0,0.0,0.0,0.0
2007-01-29,0.0,0.0,0.0,0.0,0.0,0.0,0.0
2007-01-30,0.0,0.0,0.0,0.0,0.0,0.0,0.0
2007-01-31,0.0,0.0,0.0,0.0,0.0,0.0,0.0
2007-02-01,0.0,0.0,0.0,0.0,0.0,0.0,0.0
2007-02-02,0.0,0.0,0.0,0.0,0.0,0.0,0.0
2007-02-05,0.0,0.0,0.0,0.0,0.0,0.0,0.0
2007-02-06,0.0,0.0,0.0,0.0,0.0,0.0,0.0
2007-02-07,0.0,0.0,0.0,0.0,0.0,0.0,0.0
2007-02-08,0.0,0.0,0.0,0.0,0.0,0.0,0.0
2007-02-09,0.0,0.0,0.0,0.0,0.0,0.0,0.0
2007-02-12,0.0,0.0,0.0,0.0,0.0,0.0,0.0
2007-02-13,0.0,0.0,0.0,0.0,0.0,0.0,0.0
2007-02-14,0.0,0.0,0.0,0.0,0.0,0.0,0.0
2007-02-15,0.0,0.0,0.0,0.0,0.0,0.0,0.0
2007-02-16,0.0,0.0,0.0,0.0,0.0,0.0,0.0
2007-02-20,0.0,0.0,0.0,0.0,0.0,0.0,0.0
2007-02-21,0.0,0.0,0.0,0.0,0.0,0.0,0.0
2007-02-22,0.0,0.0,0.0,0.0,0.0,0.0,0.0
2007-02-23,0.0,0.0,0.0,0.0,0.0,0.0,0.0
2007-02-26,0.0,0.0,0.0,0.0,0.0,0.0,0.0
2007-02-27,0.0,0.0,0.0,0.0,0.0,0.0,0.0
2007-02-28,0.0,0.0,0.0,0.0,0.0,0.0,0.0
2007-03-01,0.0,0.0,0.0,0.0,0.0,0.0,0.0
2007-03-02,0.0,0.0,0.0,0.0,0.0,0.0,0.0
2007-03-05,0.0,0.0,0.0,0.0,0.0,0.0,0.0
2007-03-06,0.0,0.0,0.0,0.0,0.0,0.0,0.0
2007-03-07,0.0,0.0,0.0,0.0,0.0,0.0,0.0
2007-03-08,0.0,0.0,0.0,0.0,0.0,0.0,0.0
2007-03-09,0.0,0.0,0.0,0.0,0.0,0.0,0.0
2007-03-12,0.0,0.0,0.0,0.0,0.0,0.0,0.0
2007-03-13,0.0,0.0,0.0,0.0,0.0,0.0,0.0
2007-03-14,0.0,0.0,0.0,0.0,0.0,0.0,0.0
2007-03-15,0.0,0.0,0.0,0.0,0.0,0.0,0.0
2007-03-16,0.0,0.0,0.0,0.0,0.0,0.0,0.0
2007-03-19,0.0,0.0,0.0,0.0,0.0,0.0,0.0
2007-03-20,0.0,0.0,0.0,0.0,0.0,0.0,0.0
2007-03-21,0.0,0.0,0.0,0.0,0.0,0.0,0.0
2007-03-22,0.0,0.0,0.0,0.0,0.0,0.0,0.0
2007-03-23,0.0,0.0,0.0,0.0,0.0,0.0,0.0
2007-03-26,0.0,0.0,0.0,0.0,0.0,0.0,0.0
2007-03-27,0.0,0.0,0.0,0.0,0.0,0.0,0.0
2007-03-28,0.0,0.0,0.0,0.0,0.0,0.0,0.0
2007-03-29,0.0,0.0,0.0,0.0,0.0,0.0,0.0
2007-03-30,0.0,0.0,0.0,0.0,0.0,0.0,0.0
2007-04-02,0.0,0.0,0.0,0.0,0.0,0.0,0.0
2007-04-03,0.0,0.0,0.0,0.0,0.0,0.0,0.0
2007-04-04,0.0,0.0,0.0,0.0,0.0,0.0,0.0
2007-04-05,0.0,0.0,0.0,0.0,0.0,0.0,0.0
2007-04-09,0.0,0.0,0.0,0.0,0.0,0.0,0.0
2007-04-10,0.0,0.0,0.0,0.0,0.0,0.0,0.0
2007-04-11,0.0,0.0,0.0,0.0,0.0,0.0,0.0
2007-04-12,0.0,0.0,0.0,0.0,0.0,0.0,0.0
2007-04-13,0.0,0.0,0.0,0.0,0.0,0.0,0.0
2007-04-16,0.0,0.0,0.0,0.0,0.0,0.0,0.0
2007-04-17,0.0,0.0,0.0,0.0,0.0,0.0,0.0
2007-04-18,0.0,0.0,0.0,0.0,0.0,0.0,0.0
2007-04-19,0.0,0.0,0.0,0.0,0.0,0.0,0.0
2007-04-20,0.0,0.0,0.0,0.0,0.0,0.0,0.0
2007-04-23,0.0,0.0,0.0,0.0,0.0,0.0,0.0
2007-04-24,0.0,0.0,0.0,0.0,0.0,0.0,0.0
2007-04-25,0.0,0.0,0.0,0.0,0.0,0.0,0.0
2007-04-26,0.0,0.0,0.0,0.0,0.0,0.0,0.0
2007-04-27,0.0,0.0,0.0,0.0,0.0,0.0,0.0
2007-04-30,0.0,0.0,0.0,0.0,0.0,0.0,0.0
2007-05-01,0.0,0.0,0.0,0.0,0.0,0.0,0.0
2007-05-02,0.0,0.0,0.0,0.0,0.0,0.0,0.0
2007-05-03,0.0,0.0,0.0,0.0,0.0,0.0,0.0
2007-05-04,0.0,0.0,0.0,0.0,0.0,0.0,0.0
2007-05-07,0.0,0.0,0.0,0.0,0.0,0.0,0.0
2007-05-08,0.0,0.0,0.0,0.0,0.0,0.0,0.0
2007-05-09,0.0,0.0,0.0,0.0,0.0,0.0,0.0
2007-05-10,0.0,0.0,0.0,0.0,0.0,0.0,0.0
2007-05-11,0.0,0.0,0.0,0.0,0.0,0.0,0.0
2007-05-14,0.0,0.0,0.0,0.0,0.0,0.0,0.0
2007-05-15,0.0,0.0,0.0,0.0,0.0,0.0,0.0
2007-05-16,0.0,0.0,0.0,0.0,0.0,0.0,0.0
2007-05-17,0.0,0.0,0.0,0.0,0.0,0.0,0.0
2007-05-18,0.0,0.0,0.0,0.0,0.0,0.0,0.0
2007-05-21,0.0,0.0,0.0,0.0,0.0,0.0,0.0
2007-05-22,0.0,0.0,0.0,0.0,0.0,0.0,0.0
2007-05-23,0.0,0.0,0.0,0.0,0.0,0.0,0.0
2007-05-24,0.0,0.0,0.0,0.0,0.0,0.0,0.0
2007-05-25,0.0,0.0,0.0,0.0,0.0,0.0,0.0
2007-05-29,0.0,0.0,0.0,0.0,0.0,0.0,0.0
2007-05-30,0.0,0.0,0.0,0.0,0.0,0.0,0.0
2007-05-31,0.0,0.0,0.0,0.0,0.0,0.0,0.0
2007-06-01,0.0,0.0,0.0,0.0,0.0,0.0,0.0
2007-06-04,0.0,0.0,0.0,0.0,0.0,0.0,0.0
2007-06-05,0.0,0.0,0.0,0.0,0.0,0.0,0.0
2007-06-06,0.0,0.0,0.0,0.0,0.0,0.0,0.0
2007-06-07,0.0,0.0,0.0,0.0,0.0,0.0,0.0
2007-06-08,0.0,0.0,0.0,0.0,0.0,0.0,0.0
2007-06-11,0.0,0.0,0.0,0.0,0.0,0.0,0.0
2007-06-12,0.0,0.0,0.0,0.0,0.0,0.0,0.0
2007-06-13,0.0,0.0,0.0,0.0,0.0,0.0,0.0
2007-06-14,0.0,0.0,0.0,0.0,0.0,0.0,0.0
2007-06-15,0.0,0.0,0.0,0.0,0.0,0.0,0.0
2007-06-18,0.0,0.0,0.0,0.0,0.0,0.0,0.0
2007-06-19,0.0,0.0,0.0,0.0,0.0,0.0,0.0
2007-06-20,0.0,0.0,0.0,0.0,0.0,0.0,0.0
2007-06-21,0.0,0.0,0.0,0.0,0.0,0.0,0.0
2007-06-22,0.0,0.0,0.0,0.0,0.0,0.0,0.0
2007-06-25,0.0,0.0,0.0,0.0,0.0,0.0,0.0
2007-06-26,0.0,0.0,0.0,0.0,0.0,0.0,0.0
2007-06-27,0.0,0.0,0.0,0.0,0.0,0.0,0.0
2007-06-28,0.0,0.0,0.0,0.0,0.0,0.0,0.0
2007-06-29,0.0,0.0,0.0,0.0,0.0,0.0,0.0
2007-07-02,0.0,0.0,0.0,0.0,0.0,0.0,0.0
2007-07-03,0.0,0.0,0.0,0.0,0.0,0.0,0.0
2007-07-05,0.0,0.0,0.0,0.0,0.0,0.0,0.0
2007-07-06,0.0,0.0,0.0,0.0,0.0,0.0,0.0
2007-07-09,0.0,0.0,0.0,0.0,0.0,0.0,0.0
2007-07-10,0.0,0.0,0.0,0.0,0.0,0.0,0.0
2007-07-11,0.0,0.0,0.0,0.0,0.0,0.0,0.0
2007-07-12,0.0,0.0,0.0,0.0,0.0,0.0,0.0
2007-07-13,0.0,0.0,0.0,0.0,0.0,0.0,0.0
2007-07-16,0.0,0.0,0.0,0.0,0.0,0.0,0.0
2007-07-17,0.0,0.0,0.0,0.0,0.0,0.0,0.0
2007-07-18,0.0,0.0,0.0,0.0,0.0,0.0,0.0
2007-07-19,0.0,0.0,0.0,0.0,0.0,0.0,0.0
2007-07-20,0.0,0.0,0.0,0.0,0.0,0.0,0.0
2007-07-23,0.0,0.0,0.0,0.0,0.0,0.0,0.0
2007-07-24,0.0,0.0,0.0,0.0,0.0,0.0,0.0
2007-07-25,0.0,0.0,0.0,0.0,0.0,0.0,0.0
2007-07-26,0.0,0.0,0.0,0.0,0.0,0.0,0.0
2007-07-27,0.0,0.0,0.0,0.0,0.0,0.0,0.0
2007-07-30,0.0,0.0,0.0,0.0,0.0,0.0,0.0
2007-07-31,0.0,0.0,0.0,0.0,0.0,0.0,0.0
2007-08-01,0.0,0.0,0.0,0.0,0.0,0.0,0.0
2007-08-02,0.0,0.0,0.0,0.0,0.0,0.0,0.0
2007-08-03,0.0,0.0,0.0,0.0,0.0,0.0,0.0
2007-08-06,0.0,0.0,0.0,0.0,0.0,0.0,0.0
2007-08-07,0.0,0.0,0.0,0.0,0.0,0.0,0.0
2007-08-08,0.0,0.0,0.0,0.0,0.0,0.0,0.0
2007-08-09,0.0,0.0,0.0,0.0,0.0,0.0,0.0
2007-08-10,0.0,0.0,0.0,0.0,0.0,0.0,0.0
2007-08-13,0.0,0.0,0.0,0.0,0.0,0.0,0.0
2007-08-14,0.0,0.0,0.0,0.0,0.0,0.0,0.0
2007-08-15,0.0,0.0,0.0,0.0,0.0,0.0,0.0
2007-08-16,0.0,0.0,0.0,0.0,0.0,0.0,0.0
2007-08-17,0.0,0.0,0.0,0.0,0.0,0.0,0.0
2007-08-20,0.0,0.0,0.0,0.0,0.0,0.0,0.0
2007-08-21,0.0,0.0,0.0,0.0,0.0,0.0,0.0
2007-08-22,0.0,0.0,0.0,0.0,0.0,0.0,0.0
2007-08-23,0.0,0.0,0.0,0.0,0.0,0.0,0.0
2007-08-24,0.0,0.0,0.0,0.0,0.0,0.0,0.0
2007-08-27,0.0,0.0,0.0,0.0,0.0,0.0,0.0
2007-08-28,0.0,0.0,0.0,0.0,0.0,0.0,0.0
2007-08-29,0.0,0.0,0.0,0.0,0.0,0.0,0.0
2007-08-30,0.0,0.0,0.0,0.0,0.0,0.0,0.0
2007-08-31,0.0,0.0,0.0,0.0,0.0,0.0,0.0
2007-09-04,0.0,0.0,0.0,0.0,0.0,0.0,0.0
2007-09-05,0.0,0.0,0.0,0.0,0.0,0.0,0.0
2007-09-06,0.0,0.0,0.0,0.0,0.0,0.0,0.0
2007-09-07,0.0,0.0,0.0,0.0,0.0,0.0,0.0
2007-09-10,0.0,0.0,0.0,0.0,0.0,0.0,0.0
2007-09-11,0.0,0.0,0.0,0.0,0.0,0.0,0.0
2007-09-12,0.0,0.0,0.0,0.0,0.0,0.0,0.0
2007-09-13,0.0,0.0,0.0,0.0,0.0,0.0,0.0
2007-09-14,0.0,0.0,0.0,0.0,0.0,0.0,0.0
2007-09-17,0.0,0.0,0.0,0.0,0.0,0.0,0.0
2007-09-18,0.0,0.0,0.0,0.0,0.0,0.0,0.0
2007-09-19,0.0,0.0,0.0,0.0,0.0,0.0,0.0
2007-09-20,0.0,0.0,0.0,0.0,0.0,0.0,0.0
2007-09-21,0.0,0.0,0.0,0.0,0.0,0.0,0.0
2007-09-24,0.0,0.0,0.0,0.0,0.0,0.0,0.0
2007-09-25,0.0,0.0,0.0,0.0,0.0,0.0,0.0
2007-09-26,0.0,0.0,0.0,0.0,0.0,0.0,0.0
2007-09-27,0.0,0.0,0.0,0.0,0.0,0.0,0.0
2007-09-28,0.0,0.0,0.0,0.0,0.0,0.0,0.0
2007-10-01,0.0,0.0,0.0,0.0,0.0,0.0,0.0
2007-10-02,0.0,0.0,0.0,0.0,0.0,0.0,0.0
2007-10-03,0.0,0.0,0.0,0.0,0.0,0.0,0.0
2007-10-04,0.0,0.0,0.0,0.0,0.0,0.0,0.0
2007-10-05,0.0,0.0,0.0,0.0,0.0,0.0,0.0
2007-10-08,0.0,0.0,0.0,0.0,0.0,0.0,0.0
2007-10-09,0.0,0.0,0.0,0.0,0.0,0.0,0.0
2007-10-10,0.0,0.0,0.0,0.0,0.0,0.0,0.0
2007-10-11,0.0,0.0,0.0,0.0,0.0,0.0,0.0
2007-10-12,0.0,0.0,0.0,0.0,0.0,0.0,0.0
2007-10-15,0.0,0.0,0.0,0.0,0.0,0.0,0.0
2007-10-16,0.0,0.0,0.0,0.0,0.0,0.0,0.0
2007-10-17,0.0,0.0,0.0,0.0,0.0,0.0,0.0
2007-10-18,0.0,0.0,0.0,0.0,0.0,0.0,0.0
2007-10-19,0.0,0.0,0.0,0.0,0.0,0.0,0.0
2007-10-22,0.0,0.0,0.0,0.0,0.0,0.0,0.0
2007-10-23,0.0,0.0,0.0,0.0,0.0,0.0,0.0
2007-10-24,0.0,0.0,0.0,0.0,0.0,0.0,0.0
2007-10-25,0.0,0.0,0.0,0.0,0.0,0.0,0.0
2007-10-26,0.0,0.0,0.0,0.0,0.0,0.0,0.0
2007-10-29,0.0,0.0,0.0,0.0,0.0,0.0,0.0
2007-10-30,0.0,0.0,0.0,0.0,0.0,0.0,0.0
2007-10-31,0.0,0.0,0.0,0.0,0.0,0.0,0.0
2007-11-01,0.0,0.0,0.0,0.0,0.0,0.0,0.0
2007-11-02,0.0,0.0,0.0,0.0,0.0,0.0,0.0
2007-11-05,0.0,0.0,0.0,0.0,0.0,0.0,0.0
2007-11-06,0.0,0.0,0.0,0.0,0.0,0.0,0.0
2007-11-07,0.0,0.0,0.0,0.0,0.0,0.0,0.0
2007-11-08,0.0,0.0,0.0,0.0,0.0,0.0,0.0
2007-11-09,0.0,0.0,0.0,0.0,0.0,0.0,0.0
2007-11-12,0.0,0.0,0.0,0.0,0.0,0.0,0.0
2007-11-13,0.0,0.0,0.0,0.0,0.0,0.0,0.0
2007-11-14,0.0,0.0,0.0,0.0,0.0,0.0,0.0
2007-11-15,0.0,0.0,0.0,0.0,0.0,0.0,0.0
2007-11-16,0.0,0.0,0.0,0.0,0.0,0.0,0.0
2007-11-19,0.0,0.0,0.0,0.0,0.0,0.0,0.0
2007-11-20,0.0,0.0,0.0,0.0,0.0,0.0,0.0
2007-11-21,0.0,0.0,0.0,0.0,0.0,0.0,0.0
2007-11-23,0.0,0.0,0.0,0.0,0.0,0.0,0.0
2007-11-26,0.0,0.0,0.0,0.0,0.0,0.0,0.0
2007-11-27,0.0,0.0,0.0,0.0,0.0,0.0,0.0
2007-11-28,0.0,0.0,0.0,0.0,0.0,0.0,0.0
2007-11-29,0.0,0.0,0.0,0.0,0.0,0.0,0.0
2007-11-30,0.0,0.0,0.0,0.0,0.0,0.0,0.0
2007-12-03,0.0,0.0,0.0,0.0,0.0,0.0,0.0
2007-12-04,0.0,0.0,0.0,0.0,0.0,0.0,0.0
2007-12-05,0.0,0.0,0.0,0.0,0.0,0.0,0.0
2007-12-06,0.0,0.0,0.0,0.0,0.0,0.0,0.0
2007-12-07,0.0,0.0,0.0,0.0,0.0,0.0,0.0
2007-12-10,0.0,0.0,0.0,0.0,0.0,0.0,0.0
2007-12-11,0.0,0.0,0.0,0.0,0.0,0.0,0.0
2007-12-12,0.0,0.0,0.0,0.0,0.0,0.0,0.0
2007-12-13,0.0,0.0,0.0,0.0,0.0,0.0,0.0
2007-12-14,0.0,0.0,0.0,0.0,0.0,0.0,0.0
2007-12-17,0.0,0.0,0.0,0.0,0.0,0.0,0.0
2007-12-18,0.0,0.0,0.0,0.0,0.0,0.0,0.0
2007-12-19,0.0,0.0,0.0,0.0,0.0,0.0,0.0
2007-12-20,0.0,0.0,0.0,0.0,0.0,0.0,0.0
2007-12-21,0.0,0.0,0.0,0.0,0.0,0.0,0.0
2007-12-24,0.0,0.0,0.0,0.0,0.0,0.0,0.0
2007-12-26,0.0,0.0,0.0,0.0,0.0,0.0,0.0
2007-12-27,0.0,0.0,0.0,0.0,0.0,0.0,0.0
2007-12-28,0.0,0.0,0.0,0.0,0.0,0.0,0.0
2007-12-31,0.0,0.0,0.0,0.0,0.0,0.0,0.0
2008-01-02,0.0,0.0,0.0,0.0,0.0,0.0,0.0
2008-01-03,0.0,0.0,0.0,0.0,0.0,0.0,0.0
2008-01-04,0.0,0.0,0.0,0.0,0.0,0.0,0.0
2008-01-07,0.0,0.0,0.0,0.0,0.0,0.0,0.0
2008-01-08,0.0,0.0,0.0,0.0,0.0,0.0,0.0
2008-01-09,-0.0018385560476977263,5.521469911316184e-05,2.739726027436243e-06,-0.0018965104728383244,0.250000000002331,0.04999999999948529,0.250000000002331
2008-01-10,-0.0015708356892039364,0.0,2.793409192588682e-06,-0.001573629098396525,0.25217182724751835,0.04825295618854455,0.0
2008-01-11,0.0004006635330983414,0.0,2.840916335424924e-06,0.0003978226167629165,0.25414258911008347,0.046755696624064,0.0
2008-01-14,0.0004884664625210572,0.0,8.52084020276602e-06,0.00047994562231829115,0.2544780526846722,0.04713760775069906,0.0
2008-01-15,0.0022232660192519193,0.0,2.827037880235971e-06,0.0022204389813716835,0.2539769925099178,0.04760322725269193,0.0
2008-01-16,-0.0022116938444671215,5.311160655405963e-05,8.219178082427569e-06,-0.002273024629103609,0.5002838983219212,-0.09971610169529121,0.2500000000218083
2008-01-17,0.0053330780061988,0.0,8.289168674918989e-06,0.0053247888375238805,0.5029493055155948,-0.10216000775349146,0.0
2008-01-18,0.003712350956505475,0.0,8.089250471575679e-06,0.0037042617060338997,0.4942012068031492,-0.09631407762187529,0.0
2008-01-22,-0.0020292584318673474,0.0,3.186656583977855e-05,-0.002061124997707126,0.4893048549903331,-0.0922599715856254,0.0
2008-01-23,-0.020168630394278273,0.0,8.051350249748996e-06,-0.02017668174452802,0.4932645949349395,-0.09448397329673738,0.0
2008-01-24,0.006077802606078196,5.408059887265127e-05,8.219178081987386e-06,0.006015502829123557,0.7260672425021197,0.12606724251704057,0.25000000003407347
2008-01-25,0.006596803057117345,0.0,8.071147074286455e-06,0.006588731910043059,0.7205486158969348,0.13135487947402355,0.0
2008-01-28,-0.006461680360077607,0.0,2.3897744900319116e-05,-0.006485578104977926,0.7185604979273839,0.13704870535295186,0.0
2008-01-29,0.00046593596087344895,0.0,8.238015223219103e-06,0.00045769794565022985,0.7328145973406963,0.13143948604570177,0.0
2008-01-30,0.00568260381516246,0.0,8.207867697234386e-06,0.005674395947465226,0.7310194186838964,0.13184507678578625,0.0
2008-01-31,-0.003985582680301577,5.5259387061616896e-05,8.101951228414151e-06,-0.004048944018591608,0.9708953335466098,0.37945289387237685,0.25000000002731626
2008-02-01,-0.011405257829237115,0.0,8.31770608823453e-06,-0.011413575535325349,0.9841862821726306,0.3769937377315098,0.0
2008-02-04,0.007937497771644356,0.0,2.6064355537959553e-05,0.007911433416106397,1.0040419780085996,0.3698093265849174,0.0
2008-02-05,0.008972950380646801,0.0,8.526476775683684e-06,0.008964423903871118,0.9972145680148403,0.3747817633899313,0.0
2008-02-06,0.004577361980871913,0.0,8.193148950852845e-06,0.00456916883192106,0.978445012129597,0.3803451387173392,0.0
2008-02-07,-0.006880950200660269,8.556521519461303e-06,8.000077554115265e-06,-0.006897506799733845,0.9999999999882621,0.41599433853784773,0.041702639609189796
2008-02-08,0.016747369840389832,0.0,8.21415417292283e-06,0.01673915568621691,1.0115881043376418,0.411954849714275,0.0
2008-02-11,0.003471784464487314,0.0,2.377538492473119e-05,0.003448009079562583,1.0001786172981784,0.4216442507963859,0.0
2008-02-12,-0.012579239427164999,0.0,7.820939646119507e-06,-0.012587060366811119,0.9945838622167563,0.4236552680500322,0.0
2008-02-13,-0.004977193392366198,0.0,8.062362281756821e-06,-0.004985255754647955,1.0048686726606226,0.41631622609237495,0.0
2008-02-14,0.01209407761945595,5.4030766461520926e-06,7.812773173948343e-06,0.01208086176963585,1.000000000001077,0.429667558302848,0.026060051205128724
2008-02-15,0.00020958714350441865,0.0,7.557433571467009e-06,0.00020202970993295165,0.9881811296612327,0.4364884789441411,0.0
2008-02-19,0.005902073236928705,0.0,3.027053461905622e-05,0.0058718027023096486,0.9890471147224712,0.43660985792469514,0.0
2008-02-20,0.001023979170421286,0.0,7.562687373335098e-06,0.0010164164830479508,0.9920049345550109,0.4399287563015487,0.0
2008-02-21,0.009045778781979593,0.0,7.579643094492887e-06,0.0090381991388851,0.9938189448281731,0.4405049989301923,0.0
2008-02-22,-0.0021599925676835767,3.551648276166619e-05,9.788807104785402e-06,-0.0022052978575500285,1.0000000000297369,0.28541708138040256,0.16869160735303626
2008-02-25,-0.004198696936001221,0.0,2.9767781809316455e-05,-0.004228464717810537,1.0082324930436704,0.28388313568363654,0.0
2008-02-26,0.004354683092951629,0.0,1.018312127428361e-05,0.004344499971677345,1.0242399495205976,0.2808720964978942,0.0
2008-02-27,-0.00037757759469808573,0.0,1.0194478709432383e-05,-0.0003877720734075181,1.0281899179200282,0.2839929721314641,0.0
2008-02-28,0.009770189878499235,0.0,1.0176926147187635e-05,0.009760012952352048,1.0266410240740438,0.2837254153293467,0.0
2008-02-29,0.004666560255956971,5.1792862474126746e-05,9.459298928998493e-06,0.0046053080945538455,1.0000000000226015,0.30947117820571146,0.2500000000075311
2008-03-03,0.007089908804945868,0.0,2.7711122197424474e-05,0.007062197682748443,0.9870016428245072,0.3126976693538451,0.0
2008-03-04,-0.00527653711318997,0.0,9.150192885369702e-06,-0.005285687306075339,0.9855090931392818,0.3175450125072936,0.0
2008-03-05,0.0028306834444188477,0.0,9.138285354825731e-06,0.002821545159064022,0.9810226304816427,0.31392779957936434,0.0
2008-03-06,0.010750122161018536,0.0,9.205660576457496e-06,0.010740916500442078,0.9878804713969673,0.31586724931557003,0.0
2008-03-07,-0.007610184559262085,7.031173153582501e-06,9.530468929958793e-06,-0.007626746201345627,1.0000000000369227,0.30427576814993085,0.03490597868409476
2008-03-10,0.011235117841320755,0.0,2.8848689283681797e-05,0.011206269152037074,1.0009303381167047,0.2989455655471144,0.0
2008-03-11,-0.010848849356036175,0.0,9.343253155717379e-06,-0.010858192609191892,0.9888007164912328,0.3067432361238641,0.0
2008-03-12,0.008476113121979543,0.0,9.90024461842984e-06,0.008466212877361113,1.0218603911651953,0.29914253401981694,0.0
2008-03-13,-0.00153789566030262,0.0,9.68517803674324e-06,-0.0015475808383393632,1.0120541428750944,0.3050361461928379,0.0
2008-03-14,0.0038651217454714836,4.440159317638613e-06,9.521175260604763e-06,0.00385116041089324,0.9999999999728759,0.3049542059487281,0.02136063065761757
2008-03-17,-0.009263284685713918,0.0,2.7854116869539096e-05,-0.009291138802583457,0.9854180880800889,0.3076345775879709,0.0
2008-03-18,-0.017433776216500836,0.0,9.291794417764773e-06,-0.017443068010918602,0.9794704930316593,0.3011695005348309,0.0
2008-03-19,-0.0044581346568071285,0.0,9.875546951954293e-06,-0.004468010203759083,1.009687735541493,0.28877280804882977,0.0
2008-03-20,-0.023110444370085696,0.0,9.72401031868083e-06,-0.023120168380404378,0.9954434487974667,0.2855906955337661,0.0
2008-03-24,-0.004437875456662208,2.3293610139772868e-05,3.630026625937589e-05,-0.004497469333061357,1.0000000000346267,0.3375201408010171,0.10762166147027363
2008-03-25,0.00786614776982962,0.0,9.395974810958122e-06,0.007856751795018662,1.0204932215876306,0.33458706038768765,0.0
2008-03-26,0.010310288765110113,0.0,9.349520430385903e-06,0.010300939244679728,1.0222986040670907,0.3397836126489199,0.0
2008-03-27,0.0020624199175872833,0.0,9.156369313720754e-06,0.0020532635482735625,1.0149393347831894,0.34652437488157434,0.0
2008-03-28,-0.003608525738316203,0.0,9.053992610851222e-06,-0.0036175797309270542,1.008813981424829,0.3478725208326898,0.0
2008-03-31,-0.00990792072559218,4.875894332465916e-06,2.6792141650494255e-05,-0.00993958876157514,1.0000000000192413,0.3480578865238811,0.023613520198556236
2008-04-01,-0.02045912801130558,0.0,9.04649869518328e-06,-0.020468174510000766,1.0019391852081005,0.34154478045972103,0.0
2008-04-02,0.011878523845176292,0.0,9.606827964737914e-06,0.011868917017211555,1.029093459507895,0.3277950180820272,0.0
2008-04-03,0.0004590254601670117,0.0,9.495889600028008e-06,0.0004495295705669837,1.028889214595031,0.3356892737929866,0.0
2008-04-04,0.004635820408040506,0.0,9.54651329639736e-06,0.004626273894744108,1.0328927291868133,0.33599725854980605,0.0
2008-04-07,0.0025883023393985316,1.134887275746806e-05,2.600245734298422e-05,0.0025509510092980798,1.0000000000020273,0.3672735379894114,0.052878369001692495
2008-04-08,-0.0017309732141178329,0.0,8.631164937993777e-06,-0.0017396043790558267,0.9989957820642439,0.3689207415906983,0.0
2008-04-09,0.014139806964484298,0.0,8.625871222366366e-06,0.01413118109326193,0.9975182456730192,0.3678296464402745,0.0
2008-04-10,-0.003957775118360468,0.0,8.391600252470516e-06,-0.003966166718612939,0.9892338050588281,0.37664698662848045,0.0
2008-04-11,0.005108389816594341,0.0,8.499206959645664e-06,0.005099890609634695,0.994615353035494,0.3741732449813605,0.0
2008-04-14,0.002614667391786922,1.1593112511470568e-05,2.336804319990285e-05,0.0025797062360755486,0.999999999957799,0.43137761542682945,0.05402046089081346
2008-04-15,0.002217724860127204,0.0,7.74239935778597e-06,0.0022099824607694184,0.9980707440755551,0.43287559095717937,0.0
2008-04-16,-0.004984100752129738,0.0,7.757772138491072e-06,-0.004991858524268229,1.0004512536500652,0.43413388754021703,0.0
2008-04-17,-0.0024994664728997477,0.0,8.0300387498822e-06,-0.00250749651164963,1.0174956180347627,0.431302789293362,0.0
2008-04-18,-0.009480067931940473,0.0,8.033935208654762e-06,-0.009488101867149127,1.0163585187834268,0.4298812485516291,0.0
2008-04-21,-0.0012479530607265698,5.4223784693069426e-05,2.7945466857608142e-05,-0.0013301223122772472,0.9999999999925461,0.319993639790748,0.25000000000503375
2008-04-22,0.005979023611526469,0.0,9.333303955558197e-06,0.005969690307570911,1.0005014109196846,0.319170222163936,0.0
2008-04-23,-0.00504061506681675,0.0,9.16271730638156e-06,-0.005049777784123132,0.9920980874870146,0.32321972412116073,0.0
2008-04-24,-0.011101735337629018,0.0,9.24256379449897e-06,-0.011110977901423517,0.9945011546777459,0.3197939976793208,0.0
2008-04-25,0.0004311198448531564,0.0,9.424657188644094e-06,0.0004216951876645123,1.000160647448524,0.3121606726775052,0.0
2008-04-28,0.0003534923683017709,5.26005853461055e-05,3.172881464076182e-05,0.0002691629683149036,1.0000000000166147,0.22793217709141017,0.2500000000138126
2008-04-29,-0.008340058092361586,0.0,1.0601757167852451e-05,-0.008350659849529438,1.0021525131990756,0.22822423994584673,0.0
2008-04-30,0.0037675891893177277,0.0,1.0667770057561699e-05,0.003756921419260166,1.0004830364838202,0.22173582228181626,0.0
2008-05-01,-0.01732582135699061,0.0,1.0563140485077104e-05,-0.017336384497475685,0.9957686392306515,0.22465938382002285,0.0
2008-05-02,0.006036826792734009,0.0,1.0948706978110243e-05,0.006025878085755899,1.0102469997335233,0.21099139033147563,0.0
2008-05-05,0.010608233842455206,5.2101469579029084e-05,3.590634237566594e-05,0.01052022603050051,1.0000000000136653,0.12627900220579388,0.2500000000101237
2008-05-06,0.0025783579165874594,0.0,1.1794748387359295e-05,0.0025665631682001,0.9964787759554068,0.13546214367817844,0.0
2008-05-07,0.007473173910574803,0.0,1.181762226718482e-05,0.007461356288307618,1.0003735444111364,0.1376871189066444,0.0
2008-05-08,0.0042411177495427915,0.0,1.160405429670021e-05,0.0042295136952460914,0.991181185301779,0.14408522164266366,0.0
2008-05-09,0.0064945618833917446,0.0,1.1571021792283984e-05,0.00648299086159946,0.992386224148037,0.14770163331130606,0.0
2008-05-12,-0.011214800016168258,1.235432010726115e-05,3.689110063045847e-05,-0.011264045436905977,1.0000000000004712,0.10231655132598186,0.05927731955824568
2008-05-13,0.0002864460960539985,0.0,1.2581494500306404e-05,0.00027386460155369213,1.0105887146548362,0.09213961613246865,0.0
2008-05-14,-0.004817331577611801,0.0,1.2625689602837311e-05,-0.004829957267214638,1.014076097939166,0.09240075693204233,0.0
2008-05-15,-0.00032527289334114654,0.0,1.2688021651202986e-05,-0.0003379609149923495,1.014234083199255,0.0880085026614369,0.0
2008-05-16,0.0058733534631368375,0.0,1.2760008466086337e-05,0.0058605934546707514,1.019193491315312,0.08771287329100969,0.0
2008-05-19,0.00047140719066177757,3.657755752412869e-06,3.7579514342068747e-05,0.00043016992056729594,1.0000000000091884,0.08556515101884901,0.018104847901154603
2008-05-20,0.008125512370605378,0.0,1.2536979429238877e-05,0.008112975391176138,1.001199062118427,0.08599956378398893,0.0
2008-05-21,0.016182559232229117,0.0,1.2345997106215707e-05,0.016170213235122903,0.9946253759709145,0.0933675872171679,0.0
2008-05-22,-0.009380696003435123,0.0,1.198428575298956e-05,-0.009392680289188113,0.9826597460809773,0.10780688611273934,0.0
2008-05-23,0.006952731035566042,0.0,1.215815428024498e-05,0.006940572881285797,0.98690470403564,0.09935944157775634,0.0
2008-05-27,-0.011065211901207555,3.779862244894901e-05,5.056483278006363e-05,-0.011153575356436567,1.0000000000094433,0.07719180177328219,0.18734155546623585
2008-05-28,0.00023761753946905848,0.0,1.2902052124311262e-05,0.00022471548734474722,1.008722261933643,0.06687245685892065,0.0
2008-05-29,-0.01328906165315147,0.0,1.2956604302181414e-05,-0.013302018257453651,1.012927111172658,0.06709499711341502,0.0
2008-05-30,0.0018665207314687233,0.0,1.3229662964110128e-05,0.0018532910685046132,1.0202967083477,0.05453131196766034,0.0
2008-06-02,0.00615252418187191,0.0,3.968147925881674e-05,0.006112842702613094,1.0218761664146578,0.056293504450116855,0.0
2008-06-03,-0.006380913355541482,5.244946390221617e-05,1.293747128259386e-05,-0.006446300290726292,0.9999999999963858,0.055564596367033814,0.25000000000028677
2008-06-04,-0.006113850062044826,0.0,1.3010934254804964e-05,-0.006126860996299632,0.9993009934803864,0.04950279287962403,0.0
2008-06-05,0.006420999282061622,0.0,1.312772473386765e-05,0.006407871557327754,1.0019803252046005,0.04365641963226213,0.0
2008-06-06,0.025694836677784192,0.0,1.3223555619128928e-05,0.025681613122165062,1.015078132570089,0.049758572373677284,0.0
2008-06-09,-0.003467576338737422,0.0,3.7890771675401975e-05,-0.003505467110412824,0.9955729401204924,0.07356416268571103,0.0
2008-06-10,-0.0006458945443756724,3.714578910798673e-05,1.5068493150758054e-05,-0.0006981088266344172,1.0000000000052511,-0.10000000000008666,0.1761691084748107
2008-06-11,0.01577939279891105,0.0,1.4994256696489706e-05,0.01576439854221456,0.9938645334272997,-0.10071620541644871,0.0
2008-06-12,-0.0006156224383503432,0.0,1.4638812343307777e-05,-0.000630261250693651,0.9850146856232463,-0.08361861543822133,0.0
2008-06-13,-0.008262700053073972,0.0,1.4654729907693852e-05,-0.008277354782981666,0.9855079223275596,-0.08428736093409174,0.0
2008-06-16,-0.0039822139202691665,0.0,4.471595061147617e-05,-0.004026929870880643,0.994765606913125,-0.09332252463279495,0.0
2008-06-17,0.0018151397194720053,5.3056268195070646e-05,1.2363839797138389e-05,0.0017497196114797963,1.0000000000443114,0.09743969485320897,0.250000000036917
2008-06-18,0.008068404595605615,0.0,1.2316100716288557e-05,0.008056088494889327,0.998156822070934,0.09908146978186938,0.0
2008-06-19,-0.01356065258258464,0.0,1.2223262034200283e-05,-0.01357287584461884,0.9985916925159192,0.10629356401929838,0.0
2008-06-20,0.009238471535391162,0.0,1.2423880022838541e-05,0.009226047655368323,1.000952123992013,0.09400888232479965,0.0
2008-06-23,0.009600389662358969,0.0,3.66290582745073e-05,0.009563760604084462,0.9936105816019527,0.10230349692227508,0.0
2008-06-24,0.003315037248119531,5.321696196326626e-05,9.932606282412636e-06,0.003251887679873852,1.000000000020784,0.2749197414046617,0.2500000000099235
2008-06-25,-0.006611706600354997,0.0,9.81539868009983e-06,-0.006621521999035097,0.9938570267840967,0.2773329231368092,0.0
2008-06-26,0.019606216847309437,0.0,9.916787029099426e-06,0.019596300060280337,0.9964512049215415,0.27252575179728344,0.0
2008-06-27,0.0020606108129842425,0.0,9.595526970540242e-06,0.002051015286013702,0.9869907587094751,0.2865172898600373,0.0
2008-06-30,-0.001056936492570621,0.0,2.8732986373230126e-05,-0.0010856694789438512,0.9871565695349149,0.28798723445298174,0.0
2008-07-01,0.0038617061366648837,2.0777957502803002e-05,9.710963551686908e-06,0.0038312172156103937,1.0000000000156444,0.29109966074250004,0.1019295839754998
2008-07-02,0.010162621598697012,0.0,9.688536337181106e-06,0.010152933062359832,1.0010987714120876,0.2938356187978669,0.0
2008-07-03,0.00017276798389710885,0.0,9.484349444493643e-06,0.00016328363445261522,0.993300297858271,0.300942788410235,0.0
2008-07-07,-0.00529502034923594,0.0,3.800007478679264e-05,-0.005333020424022733,0.994567762037555,0.3010663971785894,0.0
2008-07-08,-0.020487059390141414,0.0,9.496561227480833e-06,-0.020496555951368896,0.9906061583965035,0.2973571887904026,0.0
2008-07-09,0.0005118801152303807,4.749047414169305e-05,9.098293648479151e-06,0.0004552913474402085,0.9999999999935939,0.335824563654616,0.23283743585317285
2008-07-10,0.012781176622548832,0.0,9.024757973937659e-06,0.012772151864574895,0.9949907144821426,0.3361833823846935,0.0
2008-07-11,0.0037991338568554656,0.0,8.933397316875271e-06,0.0037902004595385904,0.9967017427425757,0.3445637386106809,0.0
2008-07-14,0.0020873561030826013,0.0,2.6462948651236316e-05,0.002060893154431365,0.9909792434138804,0.34704749290046333,0.0
2008-07-15,-0.01247984899885128,0.0,8.796895170071292e-06,-0.012488645894021351,0.9905901466223752,0.34841679920717095,0.0
2008-07-16,-0.008597065631641611,5.229656128936816e-05,1.240604496542754e-05,-0.008661768237896406,1.0000000000092761,0.09435871753306563,0.25000000000643263
2008-07-17,-0.01597805597492978,0.0,1.256443038238849e-05,-0.01599062040531217,1.003714407961604,0.08651099004724425,0.0
2008-07-18,-0.004313620760382918,0.0,1.2808172667536814e-05,-0.004326428933050455,1.0066757325260696,0.07167912779588226,0.0
2008-07-21,0.003700812624232895,0.0,3.861485975551171e-05,0.003662197764477383,1.0072864795908196,0.06765822554003464,0.0
2008-07-22,-0.013694765152612988,0.0,1.2840390806046975e-05,-0.013707605543419035,1.0084471896490297,0.07109866080760055,0.0
2008-07-23,-0.011088234130394546,1.548321032782775e-05,1.351199378870294e-05,-0.011117229334511078,1.0000000000994689,0.013624453524154284,0.07626099705048477
2008-07-24,0.0006520806044057782,0.0,1.3681655745721286e-05,0.000638398948660057,1.001325601546449,0.0025647321087947927,0.0
2008-07-25,-0.005618050905338154,0.0,1.3614285690973463e-05,-0.0056316651910291275,0.9970576158545952,0.0032147604135324415,0.0
2008-07-28,0.00529464379888365,0.0,4.1025139393001435e-05,0.0052536186594906486,0.9958614902235415,-0.00241690167282671,0.0
2008-07-29,-0.008395159005960783,0.0,1.3546363095074395e-05,-0.008408705369055858,0.9917472085188055,0.002862702578374593,0.0
2008-07-30,0.005020874261623196,3.61077419918889e-05,1.4361346175707378e-05,0.0049704051734556,1.0000000000097657,-0.04837827081687275,0.17815920744830524
2008-07-31,-0.002186523925148166,0.0,1.4398096207964645e-05,-0.0022009220213561305,1.0079180646106476,-0.04314295857077134,0.0
2008-08-01,0.0035716253340061766,0.0,1.4366154317744816e-05,0.003557259179688432,1.0032997959802379,-0.045429469215133564,0.0
2008-08-04,-0.011256148856603298,0.0,4.2735319207584264e-05,-0.011298884175810882,0.9981832949072728,-0.04170947247727752,0.0
2008-08-05,-0.010683909148100272,0.0,1.4343388611922464e-05,-0.010698252536712194,0.9934964557967072,-0.053570912873632484,0.0
2008-08-06,-0.0022944593251943723,4.122822098831436e-06,1.457633213191077e-05,-0.0023131584794251142,1.000000000087887,-0.06407224554159907,0.020196197551596528
2008-08-07,0.003906874415876005,0.0,1.4645007895642756e-05,0.0038922294079803623,1.0025649988772165,-0.06652057750470479,0.0
2008-08-08,-0.01596603975470568,0.0,1.4508573493762459e-05,-0.015980548328199444,0.9967549239668971,-0.062370941077762476,0.0
2008-08-11,-0.001560781017355061,0.0,4.469555172243411e-05,-0.0016054765690774952,1.007982579411707,-0.07960917916752301,0.0
2008-08-12,-0.0005284503409524849,0.0,1.4967339804530345e-05,-0.0005434176807570152,1.0113153195201714,-0.0813004862105438,0.0
2008-08-13,0.01201317720862323,2.4315521281778058e-05,1.5061389095679044e-05,0.011973800298245772,1.000000000001586,-0.09948140398298408,0.11656515420170992
2008-08-14,-0.00455928049213002,0.0,1.4786126693582334e-05,-0.004574066618823602,0.9929539568322736,-0.08643329179923676,0.0
2008-08-15,-0.004631923023747878,0.0,1.4904379359210791e-05,-0.0046468274031070895,0.9966090023412582,-0.09141069088112982,0.0
2008-08-18,0.003276079047422096,0.0,4.5028134534959775e-05,0.003231050912887136,0.9991936161318774,-0.09649099088547725,0.0
2008-08-19,0.008600173029095402,0.0,1.4876393491782526e-05,0.00858529663560362,0.9930620251873966,-0.09291469971272764,0.0
2008-08-20,0.001452405198068639,4.047021526783189e-06,1.5051694813561397e-05,0.0014333064817282943,1.0000000000199951,-0.09877372136998686,0.01983789410469151
2008-08-21,0.014510737784388848,0.0,1.5081087407267766e-05,0.014495656696981581,1.0037373561843181,-0.09718202454622868,0.0
2008-08-22,-0.01822053544623178,0.0,1.4819111772655831e-05,-0.018235354558004437,1.0003051242163392,-0.08149003518753632,0.0
2008-08-25,0.004475945143659126,0.0,4.5633029782371395e-05,0.004430312113876754,1.0088411240376112,-0.10156260066675948,0.0
2008-08-26,-0.0008262105764488408,0.0,1.5029299804089413e-05,-0.0008412398762529302,1.000480457182191,-0.0966584285163361,0.0
2008-08-27,0.00151702922935925,5.189369082768651e-05,1.3231664211786007e-05,0.0014519038743197774,0.9999999999988664,0.034088512538487825,0.25000000000056705
2008-08-28,-0.010262312588347276,0.0,1.3276429631225893e-05,-0.010275589017978502,1.0047332839718464,0.03555392089235618,0.0
2008-08-29,0.0006756696035724098,0.0,1.353099065544558e-05,0.0006621386129169642,1.0133165105332609,0.025554192685733612,0.0
2008-09-02,-0.006412348716352742,0.0,5.385967554131215e-05,-0.006466208391894054,1.0091515846059043,0.026212505976957456,0.0
2008-09-03,-0.0010476096040264796,0.0,1.3505755540500228e-05,-0.0010611153595669798,1.0058491769294782,0.019929022472961577,0.0
2008-09-04,0.006651837842589712,5.256774622475758e-05,1.0089660991463852e-05,0.006589180435373491,1.0000000000235183,0.26345474764665716,0.2500000000131161
2008-09-05,-0.0030120821350138366,0.0,9.742140686047792e-06,-0.0030218242756998846,0.9795147250730467,0.2683384549915582,0.0
2008-09-08,-0.0065024202219611145,0.0,2.933004592638314e-05,-0.006531750267887498,0.9798283568902357,0.2661305726815794,0.0
2008-09-09,8.803703615424869e-05,0.0,1.0021185306011312e-05,7.801585084823737e-05,0.9928816555924229,0.26133512825359717,0.0
2008-09-10,-0.0016352771433524394,0.0,9.770759126424344e-06,-0.0016450479024788637,0.974668187959078,0.2614027717301009,0.0
2008-09-11,-0.0016030330376678678,5.4527954660451055e-05,1.1588104840078464e-05,-0.0016691490971683974,0.9999999999889706,0.15406834666324298,0.2500000000157636
2008-09-12,-0.007710978993571756,0.0,1.157427022737761e-05,-0.007722553263799134,0.9976419530522449,0.15272022645367958,0.0
2008-09-15,0.00658140840169052,0.0,3.556879177982296e-05,0.006545839609910697,1.0116450710810996,0.14613780443874072,0.0
2008-09-16,-0.004970293055677134,0.0,1.1401024593820844e-05,-0.004981694080270955,0.984000833876504,0.15172603852758249,0.0
2008-09-17,0.00882548773666927,0.0,1.1441383698580014e-05,0.00881404635297069,0.9827115080090927,0.14749049801275171,0.0
2008-09-18,-0.006645871048114205,5.6428143253278207e-05,1.4735715547036029e-05,-0.0067170349069145185,1.0000000000898752,-0.07570723484375479,0.25000000008760176
2008-09-19,-0.018889466850341503,0.0,1.4971712545057315e-05,-0.01890443856288656,1.0100250004300142,-0.08291001535916943,0.0
2008-09-22,0.0028705252099793343,0.0,4.753381771717456e-05,0.0028229913922621598,1.0528952049642593,-0.10376102615365473,0.0
2008-09-23,0.0001194027716497172,0.0,1.5878757506471137e-05,0.00010352401414324606,1.0585428082831165,-0.10060648968927688,0.0
2008-09-24,0.004005375857520511,0.0,1.579112723351698e-05,0.003989584730286993,1.0522756028788893,-0.10047668516785065,0.0
2008-09-25,-0.004346576089360132,5.118181594122353e-05,1.2782564197199616e-05,-0.004410540469498555,1.0000000000032867,0.06687281360771491,0.25000000000314715
2008-09-26,0.005575049329038627,0.0,1.2965262762580293e-05,0.005562084066276047,1.0092674153906638,0.06280323372230245,0.0
2008-09-29,0.030226705767204338,0.0,3.8167246229686064e-05,0.030188538520974653,0.9967363859179327,0.06800006099557178,0.0
2008-09-30,-0.007489096014893689,0.0,1.1504615389307365e-05,-0.007500600630282996,0.9351852631551901,0.09534833973575241,0.0
2008-10-01,-0.006421683909998975,0.0,1.1760671383689589e-05,-0.006433444581382664,0.9470522320577894,0.08852322104844942,0.0
2008-10-02,0.025046700549282683,5.2307015754195074e-05,9.907560781114682e-06,0.024984485972747373,0.9999999999836354,0.2767480629622635,0.24999999998478278
2008-10-03,0.000983845595598129,0.0,9.049358619973969e-06,0.0009747962369781551,0.9550415513912467,0.2944383721331471,0.0
2008-10-06,0.01809362931654965,0.0,2.7097002038143168e-05,0.018066532314511507,0.9544949046357327,0.29513452170758236,0.0
2008-10-07,0.0021388305390258695,0.0,8.450428886712014e-06,0.0021303801101391576,0.9245509364821312,0.307669627752154,0.0
2008-10-08,-0.005555294239946079,0.0,8.31485169246748e-06,-0.005563609091638546,0.9161340251464126,0.3091498515962866,0.0
2008-10-09,-0.004467075565430694,5.147194285189052e-05,7.1709370551162795e-06,-0.0045257184453377005,1.000000000002902,0.4765215949794134,0.25000000000114486
2008-10-10,0.014339835296658584,0.0,7.251473342164887e-06,0.014332583823316418,1.0035581718752273,0.4742006178971905,0.0
2008-10-13,-0.017441120435105283,0.0,1.9871178591794267e-05,-0.017460991613697078,0.9651693579664107,0.4816373455660836,0.0
2008-10-14,-0.002219960972196523,0.0,7.072316072980714e-06,-0.0022270332882695035,0.9887246670077479,0.47244559368015554,0.0
2008-10-15,0.018618720577625307,0.0,7.1876545097812175e-06,0.018611532923115525,0.9959739574318139,0.4712751782177852,0.0
2008-10-16,-0.00224148407775261,6.61071721541607e-06,6.7182824420921845e-06,-0.0022548130774101183,1.0000000000053861,0.5095653817326569,0.03268434811585836
2008-10-17,7.152219929096269e-05,0.0,6.775595299603567e-06,6.474660399135912e-05,1.003088860240959,0.5084704033698986,0.0
2008-10-20,0.0019974766037770117,0.0,2.0279495703132445e-05,0.0019771971080738793,1.0019767301144766,0.5085090013382539,0.0
2008-10-21,0.0038155951182361593,0.0,6.820464509617713e-06,0.0038087746537265417,1.0073930070013888,0.5094990977992958,0.0
2008-10-22,0.01684184500521006,0.0,6.834441640916565e-06,0.016835010563569144,1.010281250993406,0.5113670112064969,0.0
2008-10-23,0.005844755437032956,8.007707101715444e-06,6.882975232040032e-06,0.0058298647546992,0.9999999999985124,0.49754280805959006,0.03948780294443181
2008-10-24,0.005760797073572275,0.0,6.6528874604397136e-06,0.005754144186111835,0.9861306763262297,0.5004698917141307,0.0
2008-10-27,0.00408165007905882,0.0,1.92301285688633e-05,0.004062419950489957,0.9712675584132067,0.5033344299041997,0.0
2008-10-28,-0.015960334809122664,0.0,6.222209190878744e-06,-0.015966557018313544,0.95958435384714,0.5053630829129917,0.0
2008-10-29,-0.015479868435010815,0.0,6.607902544887808e-06,-0.015486476337555703,0.9797204990395322,0.4973436132627225,0.0
2008-10-30,0.004527998606928716,8.27920533542028e-06,6.563541262775531e-06,0.00451315586033052,1.0000000000158324,0.5208614878332186,0.040388404134279444
2008-10-31,-0.005879802908201533,0.0,6.314967604423901e-06,-0.005886117875805957,0.984021610278745,0.5230289751558003,0.0
2008-11-03,0.0007183117842446561,0.0,1.9473689956404623e-05,0.0006988380942882515,0.9940709856107004,0.5202111966715213,0.0
2008-11-04,-0.008989190354709173,0.0,6.542564362281595e-06,-0.008995732919071454,0.9981729157484915,0.520565717301935,0.0
2008-11-05,0.006314882471203023,0.0,6.973415397283857e-06,0.006307909055805739,1.0252796309577246,0.5162203069560031,0.0
2008-11-06,0.010315816841053881,2.1946071895799775e-05,6.381699843536972e-06,0.010287489069314544,1.0000000000317486,0.5341359114535494,0.10154044224322153
2008-11-07,-0.002467835694561167,0.0,6.033304377036543e-06,-0.0024738689989382036,0.9793389405290587,0.5389077210053912,0.0
2008-11-10,-0.005422756798405432,0.0,1.8129065869214e-05,-0.005440885864274646,0.9789108612993799,0.5377702584818391,0.0
2008-11-11,0.015646666065763624,0.0,6.286892670821113e-06,0.015640379173092803,0.9942029540736239,0.5352597891036825,0.0
2008-11-12,0.012996137864111527,0.0,5.859312654886875e-06,0.01299027855145664,0.9701525813756949,0.5424227575689532,0.0
2008-11-13,-0.009081080927668074,5.200473911752961e-05,5.489908584381818e-06,-0.009138575575369986,0.9811168514441737,0.580353524784301,0.24999999999944825
2008-11-14,0.013448878821703855,0.0,5.704141056798148e-06,0.013443174680647057,0.9929435064161255,0.5765412092698607,0.0
2008-11-17,-0.001322324301877972,0.0,1.647530558686028e-05,-0.0013387996074648322,0.9830630589473928,0.5821639563337926,0.0
2008-11-18,0.004410399104269452,0.0,5.538783832803454e-06,0.004404860320436649,0.9859515248626854,0.5816203050680334,0.0
2008-11-19,0.0060540994991314595,0.0,5.477506777619644e-06,0.00604862199235384,0.9833186363100639,0.5834606415438298,0.0
2008-11-20,0.027952613837823485,5.790934274627049e-05,6.874222115902452e-06,0.027887830272961312,1.000000000014766,0.49818178555388704,0.2500000000135917
2008-11-21,0.00040160600156260377,0.0,6.329459731530113e-06,0.0003952765418310737,0.9739103021908316,0.5118597417891334,0.0
2008-11-24,-0.01776133731406021,0.0,1.946613830231643e-05,-0.017780803452362527,0.9857349749255649,0.5120589429025317,0.0
2008-11-25,0.014529632443588588,0.0,7.002467000194527e-06,0.014522629976588394,1.0144258098169465,0.503245718802746,0.0
2008-11-26,-0.007789039825015658,0.0,6.654055082762617e-06,-0.0077956938800984215,0.9961095515804459,0.5103635305387748,0.0
2008-11-28,0.012226883773553729,2.2085162227053635e-05,1.4202437005910616e-05,0.012190596174320766,1.0000000000178602,0.48161104930212295,0.10803880001021204
2008-12-01,0.005399918664029818,0.0,2.0356286167349145e-05,0.005379562377862469,0.9832265566782007,0.48789025993937146,0.0
2008-12-02,0.002440772706953034,0.0,6.623252255852076e-06,0.0024341494546971823,0.9741481072740366,0.490650692596835,0.0
2008-12-03,0.0005770375885898917,0.0,6.6158468208843425e-06,0.0005704217417690074,0.9748509394207365,0.4918941214961794,0.0
2008-12-04,0.01221738399971066,0.0,6.587968927891909e-06,0.012210796030782768,0.97311213471393,0.4921904029778208,0.0
2008-12-05,-0.0001563347900703176,1.4649836371384918e-05,7.451716759738904e-06,-0.00017843634320144144,1.000000000006609,0.4560246765456688,0.06752082486954776
2008-12-08,-0.0061637560970789,0.0,2.1941882323851794e-05,-0.006185697979402752,0.9898688362997665,0.4559496997527063,0.0
2008-12-09,0.007874009667814316,0.0,7.507649326271705e-06,0.007866502018488044,1.0006439016917241,0.45258550087388993,0.0
2008-12-10,-0.00019799410238127127,0.0,7.378552636863164e-06,-0.00020537265501813443,0.9954999190525163,0.4568655765615054,0.0
2008-12-11,-0.003636488526024418,0.0,7.5019278625311225e-06,-0.003643990453886949,1.004402122723015,0.45676138875824324,0.0
2008-12-12,-0.00297819736429875,5.4977940689312485e-06,7.358347027372001e-06,-0.0029910535053950535,1.0000000000282179,0.4628406670300619,0.02679412161814305
2008-12-15,0.006304641012846959,0.0,2.2422031213235613e-05,0.006282218981633724,1.0068448288962673,0.4612420693742006,0.0
2008-12-16,-0.0001776003337431815,0.0,7.320352369932062e-06,-0.00018492068611311357,0.9990135397026354,0.4646278166975949,0.0
2008-12-17,0.0069818695254745405,0.0,7.485930586115041e-06,0.006974383594888426,1.0110090514880443,0.4645361187016464,0.0
2008-12-18,0.007203026679128463,0.0,7.372451050167017e-06,0.007195654228078296,1.00644114430432,0.46825221764212765,0.0
2008-12-19,0.0035025390731760614,3.1092468912430044e-05,7.838108284893639e-06,0.0034636084959787376,1.0000000000077425,0.42781809521050673,0.14930187772664155
2008-12-22,0.004257869501790135,0.0,2.3159220974011123e-05,0.004234710280816124,0.9933729086852182,0.42983186498428083,0.0
2008-12-23,-0.0036329693046010525,0.0,7.54934959369419e-06,-0.0036405186541947467,0.9833617621703886,0.4322592418307126,0.0
2008-12-24,0.00255469834008012,0.0,7.651399725317403e-06,0.0025470469403548026,0.9887445759166983,0.4301923959685279,0.0
2008-12-26,8.499711253957809e-05,0.0,1.5141455012250947e-05,6.985565752732714e-05,0.9843107753851084,0.4316476674379488,0.0
2008-12-29,-0.002090093225929707,2.3138184903379002e-06,2.345076753703937e-05,-0.0021158578119570845,1.0000000000068268,0.42936465660553547,0.011416704979884855
2008-12-30,0.0024714416690902676,0.0,7.944663293833995e-06,0.0024634970057964335,1.0081409529541145,0.4281805325042328,0.0
2008-12-31,-0.010457196637474492,0.0,7.889522878164747e-06,-0.010465086160352657,1.0055288415560233,0.42959367144999694,0.0
2009-01-02,-0.015613552554926642,0.0,1.6325588437722394e-05,-0.015629878143364365,1.0194531405708036,0.4235691625939364,0.0
2009-01-05,-0.006565665948367297,0.0,2.569147445540486e-05,-0.006591357422822702,1.0395923614150586,0.4144331496668737,0.0
2009-01-06,-0.004558604808721552,2.4351629418890557e-05,6.875779333414142e-06,-0.004589832217473857,1.0000000000084697,0.49806810866923723,0.11764235514136755
2009-01-07,0.007778280012413357,0.0,7.0118270639755236e-06,0.007771268185349381,1.0076484498370828,0.4957850741668695,0.0
2009-01-08,0.0015146357961310214,0.0,6.640163404800921e-06,0.0015079956327262204,0.9844121338474765,0.4996802052970093,0.0
2009-01-09,0.005769816147781654,0.0,6.606870723619642e-06,0.0057632092770580345,0.9827417423122655,0.5004401794880315,0.0
2009-01-12,0.007582792167773428,0.0,1.9502755309336645e-05,0.007563289412464091,0.9778763645615707,0.5033093187010457,0.0
2009-01-13,0.000507365966137514,3.658495958648844e-05,5.57619398832017e-06,0.0004652048125627054,1.0000000000016922,0.5929378388543199,0.17269626351126516
2009-01-14,0.0062250442518126765,0.0,5.608211652985724e-06,0.006219436040159691,1.0025687102941732,0.5931692596262153,0.0
2009-01-15,0.0017704960073395791,0.0,5.467433332162677e-06,0.0017650285740074166,0.9948120846829053,0.5956894514350299,0.0
2009-01-16,-0.003807031401908356,0.0,5.425539441680866e-06,-0.003812456941350037,0.9924716508090123,0.5964072715663092,0.0
2009-01-20,0.0078751446960354,0.0,2.1779405034938043e-05,0.007853365291000463,0.9923422912572726,0.5948681493696533,0.0
2009-01-21,-0.011339105951808644,5.438590636417131e-06,5.585272749773303e-06,-0.011350129815194834,1.0000000000075338,0.5922750892740827,0.026545001161426714
2009-01-22,-0.0009819334528416122,0.0,5.745366267872362e-06,-0.0009876788191094845,1.0070171182277021,0.5876053806730197,0.0
2009-01-23,-0.00743588631196758,0.0,5.649887246450274e-06,-0.00744153619921403,0.9996451845871411,0.5872034155962712,0.0
2009-01-26,-0.004885698862161239,0.0,1.765788823220094e-05,-0.00490335675039344,1.0137895168367317,0.5841142365198423,0.0
2009-01-27,0.013481210216913965,0.0,5.9159668907237885e-06,0.01347529425002324,1.0139482798010522,0.5820826967782158,0.0
2009-01-28,-0.005813733533085919,6.513241596197894e-06,5.4794520550238584e-06,-0.00582572622673714,1.0000000000113822,0.5999999999946404,0.031191022203470795
2009-01-29,-0.005496232639252372,0.0,5.615018326708315e-06,-0.00550184765757908,1.0075644551370269,0.5976681172873198,0.0
2009-01-30,0.00399974696640433,0.0,5.606378052176072e-06,0.003994140588352154,1.0047135463578551,0.5954479485490021,0.0
2009-02-02,0.004264425459262413,0.0,1.6576478100300606e-05,0.004247848981162113,1.0004239092915421,0.5970629421842275,0.0
2009-02-03,-0.005124022589851429,0.0,5.445159738106169e-06,-0.005129467749589535,0.9962804852668894,0.5987838243851391,0.0
2009-02-04,-0.001007938130065093,8.828356204239206e-06,5.47945205489355e-06,-0.0010222459383242258,1.0000000000058542,0.599999999998625,0.04311609717411413
2009-02-05,-0.003572540472995177,0.0,5.514549430660135e-06,-0.003578055022425837,1.0021671140883746,0.5996050056501847,0.0
2009-02-06,-0.0025419867934864324,0.0,5.6404577659315936e-06,-0.0025476272512523638,1.0099261771392014,0.5981727602261951,0.0
2009-02-09,-0.0005122019161298325,0.0,1.7103240948091962e-05,-0.0005293051570779244,1.0133309574517353,0.5971520943814975,0.0
2009-02-10,0.012579690772406282,0.0,5.686157247310389e-06,0.012574004615158972,1.0120453433365388,0.5969558642828804,0.0
2009-02-11,0.006920608933934177,5.92726520693877e-06,5.4794520549720564e-06,0.006909202216672267,1.0000000000075124,0.5999999999945526,0.028902188260266304
2009-02-12,3.2504598925416246e-05,0.0,5.408024210770971e-06,2.7096574714645275e-05,0.99754181290893,0.6027560455226489,0.0
2009-02-13,-0.004269547718992004,0.0,5.398149269243513e-06,-0.004274945868261248,0.9968371137139354,0.602772217059159,0.0
2009-02-17,0.022939513088083226,0.0,2.1307641219497222e-05,0.02291820544686373,0.9899366728017407,0.6010722205459162,0.0
2009-02-18,-0.0009952941322771095,0.0,4.895106142620561e-06,-0.00100018923841973,0.9673736680989596,0.6100309196876587,0.0
2009-02-19,-0.009106437841561593,8.910668597440444e-06,5.373217996709353e-06,-0.009120721728155742,0.9922449137596016,0.5999999999998189,0.042502211253779884
2009-02-20,0.0035193926273540278,0.0,5.494106653567719e-06,0.00351389852070046,0.9974023310723901,0.5963325453619465,0.0
2009-02-23,0.002401568409771046,0.0,1.6244942816662055e-05,0.002385323466954384,0.9930451084169089,0.5977514998781323,0.0
2009-02-24,-0.007357120997332301,0.0,5.364943846646533e-06,-0.0073624859411789475,0.9903658165014397,0.5987249156962428,0.0
2009-02-25,-0.006322373441746693,0.0,5.5354373079787266e-06,-0.006327908879054672,0.9998409488172861,0.595754025334839,0.0
2009-02-26,-0.007745165614170649,1.2520987803789498e-05,5.469097140534217e-06,-0.007763155699114973,0.9992440912589318,0.599999999999934,0.058828280364813884
2009-02-27,-0.002625047894499265,0.0,5.621667457385306e-06,-0.0026306695619566505,1.0072702977045611,0.5968885733154337,0.0
2009-03-02,0.011120835173886604,0.0,1.693947150133031e-05,0.011103895702385274,1.0080247663232988,0.5958309597909278,0.0
2009-03-03,-0.0064787100955552976,0.0,5.364541736077475e-06,-0.006484074637291375,0.9918978254678329,0.6002862787341773,0.0
2009-03-04,-0.007130730011636806,0.0,5.506935750158496e-06,-0.007136236947386965,0.9996892995151941,0.597682989753624,0.0
2009-03-05,0.013628668766650549,1.2715516015551487e-05,5.479452055322231e-06,0.013610473798579674,1.000000000060613,0.6000000000220903,0.06209826968825201
2009-03-06,-0.002345208890288387,0.0,5.244660263192209e-06,-0.0023504535505515793,0.9882492363735516,0.6053890371605202,0.0
2009-03-09,-0.0038237214395194534,0.0,1.5834314684872173e-05,-0.0038395557542043254,0.989766251553793,0.6044645942219036,0.0
2009-03-10,-0.002231569193908679,0.0,5.240233575172859e-06,-0.002236809427483852,0.9854930067795955,0.602955955791977,0.0
2009-03-11,0.0070783825497708185,0.0,5.2421768293311425e-06,0.007073140372941487,0.9847500134627458,0.6020711049215725,0.0
2009-03-12,-0.0072396684605413805,3.421209638945375e-05,5.479452054842324e-06,-0.007279360008985676,1.0000000000039904,0.6000000000005006,0.1635964154133669
2009-03-13,0.004974376776753855,0.0,5.80945587967456e-06,0.004968567320874181,1.0211971667544375,0.5971068875381946,0.0
2009-03-16,-0.005505419779371249,0.0,1.7076083766906925e-05,-0.005522495863138156,1.0146226112402592,0.5991045729121908,0.0
2009-03-17,-0.004378380395275456,0.0,5.7750522259478254e-06,-0.004384155447501404,1.0184743185901515,0.5968955060959602,0.0
2009-03-18,0.011620980419667776,0.0,5.8664454567311e-06,0.011615113974211045,1.0233767700403922,0.5951262516990221,0.0
2009-03-19,-0.0113200032281285,1.2859171355720586e-05,5.47945205452098e-06,-0.011338341851538742,0.9999999999580469,0.5999999999780152,0.06219022926184548
2009-03-20,-0.003589739624196347,0.0,5.87199662225958e-06,-0.003595611620818607,1.0240869526608445,0.5954311992358949,0.0
2009-03-23,-0.007339233079734207,0.0,1.786503675967614e-05,-0.0073570981164938825,1.0286930653150874,0.5939771708296346,0.0
2009-03-24,-0.0007981304340766051,0.0,6.140868737423599e-06,-0.0008042713028140288,1.039269296677956,0.5909858788460332,0.0
2009-03-25,0.0013222643494473314,0.0,6.102861087239175e-06,0.0013161614883600923,1.036171660921345,0.5906628015528852,0.0
2009-03-26,0.005817746358933234,6.386848884584167e-06,5.479452054866558e-06,0.005805880057993784,1.0000000000059517,0.6000000000006929,0.03008455393719298
2009-03-27,0.006696823197739967,0.0,5.3710008955645655e-06,0.006691452196844402,0.9944038097376353,0.6023207443614221,0.0
2009-03-30,0.004820969407968771,0.0,1.5471827661440107e-05,0.004805497580307331,0.9814505832094889,0.6049694434477796,0.0
2009-03-31,0.0013985876287155611,0.0,4.99306911247237e-06,0.0013935945596030889,0.9713681261387793,0.6068740809282963,0.0
2009-04-01,0.003673326687214408,0.0,5.004271643922573e-06,0.0036683224155704855,0.9727379927675751,0.6074261627612271,0.0
2009-04-02,-0.014901786804864607,1.714854235789036e-05,5.4794520548537064e-06,-0.014924414799277353,1.0000000000032176,0.5999999999988972,0.08414143324530289
2009-04-03,-0.009097745966620639,0.0,5.772671708176948e-06,-0.009103518638328815,1.0153677944934771,0.59396275979656,0.0
2009-04-06,-0.0022433750185519435,0.0,1.7682420307018073e-05,-0.0022610574388589617,1.0205104862909367,0.5902382588201635,0.0
2009-04-07,0.009807137379497916,0.0,5.824225733539914e-06,0.009801313153764377,1.0144958654220393,0.5893273868736255,0.0
2009-04-08,9.380222755426545e-05,0.0,5.619075745004925e-06,8.818315180926052e-05,1.0035117461943912,0.5933192168090318,0.0
2009-04-09,-0.002119912476282876,1.6079974102090693e-05,5.650452278297161e-06,-0.0021416429026632636,1.0000000000071854,0.5875169836914926,0.0779565074422754
2009-04-13,0.0039424209098370645,0.0,2.285656555623499e-05,0.00391956434428083,1.003785794864263,0.5866534734629745,0.0
2009-04-14,0.002036263429532084,0.0,5.7146067368458185e-06,0.0020305488227952383,1.0054563454441574,0.5882900536544126,0.0
2009-04-15,0.002484337551030419,0.0,5.663746761736016e-06,0.0024786738042686827,1.0025835733414064,0.5891300597346771,0.0
2009-04-16,-0.0029822532921100313,0.0,5.625220135601679e-06,-0.002987878512245633,1.0007926738633364,0.5901516039644139,0.0
2009-04-17,-0.0054556207526533455,1.569978385187743e-05,5.611457031740089e-06,-0.005476931993536963,1.000000000009338,0.5903636366923117,0.0760021428749444
2009-04-20,0.01497699728897736,0.0,1.710860091610071e-05,0.01495988868806126,1.0044384483072786,0.5881291593488279,0.0
2009-04-21,-0.0006657071454766504,0.0,5.376339012363323e-06,-0.0006710834844890137,0.9866894882481743,0.5942167403456518,0.0
2009-04-22,0.0006957312567411678,0.0,5.369283632234328e-06,0.0006903619731089335,0.9859073281358833,0.5939496229827773,0.0
2009-04-23,0.0033923608843816145,0.0,5.3683992930684665e-06,0.003386992485088546,0.9861282653057148,0.5942351169117166,0.0
2009-04-24,0.001110863914098346,5.205427885891612e-05,5.479452054793323e-06,0.0010533301831846364,0.9999999999997843,0.5999999999998716,0.25000000000119715
2009-04-27,0.004504521307401343,0.0,1.6370787506807995e-05,0.004488150519894535,0.9988341912633267,0.6004783619309989,0.0
2009-04-28,-0.006778592081004867,0.0,5.343654680706723e-06,-0.006783935735685574,0.9923665527074657,0.6022797610158748,0.0
2009-04-29,-0.0009713073653661833,0.0,5.3999349322176644e-06,-0.000976707300298401,0.9937638538641566,0.5995686038122672,0.0
2009-04-30,-0.005161575224537377,0.0,5.426460718334302e-06,-0.005167001685255712,0.9953141548291354,0.5991825223907312,0.0
2009-05-01,-0.010254143467430012,1.474559155707746e-05,5.479452055156032e-06,-0.010274368511042246,1.0000000000207063,0.5999999999943159,0.07130221591912586
2009-05-04,-0.002631633665039621,0.0,1.7234022257784365e-05,-0.0026488676872974052,1.0152292324641277,0.5958680241913747,0.0
2009-05-05,0.005495065587942912,0.0,5.953413885211769e-06,0.0054891121740577,1.0294111823507819,0.5948119687303227,0.0
2009-05-06,-0.0061532676325935474,0.0,5.793699695962364e-06,-0.00615906133228951,1.0199699481936928,0.5970298703884404,0.0
2009-05-07,-0.008884556500847227,0.0,6.113203199039193e-06,-0.008890669704046266,1.040802234763306,0.5945384012334449,0.0
2009-05-08,-0.006977290938541714,4.168541918543436e-05,5.4794520547838855e-06,-0.007024455809781932,0.9999999999991379,0.5999999999999143,0.19708406409242524
2009-05-11,0.005855379075966503,0.0,1.7127142109712507e-05,0.0058382519338567905,1.0139782973859357,0.5972178393829314,0.0
2009-05-12,-0.0044237173608748575,0.0,5.6068574663488015e-06,-0.004429324218341206,1.0088733566673218,0.5995727616238594,0.0
2009-05-13,0.009456959316800032,0.0,5.79784993053375e-06,0.009451161466869498,1.0210399253922329,0.5977968804632694,0.0
2009-05-14,-0.0010882145157925167,0.0,5.535861282936379e-06,-0.001093750377075453,1.0056861941044972,0.6015683204501415,0.0
2009-05-15,0.007584285489588747,1.0125177239922385e-05,5.571129654964837e-06,0.00756858918269386,1.0000000000333233,0.5933075352208905,0.0484941672622615
2009-05-18,-0.005945152879985395,0.0,1.604061133436201e-05,-0.005961193491319757,0.9866996224946804,0.5963780800252049,0.0
2009-05-19,0.0065574065732633795,0.0,5.477039643184943e-06,0.006551929533620195,0.9937976133679144,0.5939737194154135,0.0
2009-05-20,-0.000561312550145175,0.0,5.276967699623529e-06,-0.0005665895178447986,0.9818407421035904,0.5966221000310727,0.0
2009-05-21,0.0049030586232876455,0.0,5.381928385159153e-06,0.004897676694902486,0.9892794728498376,0.5963987007332194,0.0
2009-05-22,9.190170138726904e-05,5.1622699353667847e-05,6.221459444937148e-06,3.4057542588664045e-05,0.9999999999962865,0.5458334605158748,0.2499999999973971
2009-05-26,-0.0024865883220902044,0.0,2.4677558611529644e-05,-0.002511265880701734,0.9962722146346102,0.5459067699741943,0.0
2009-05-27,-0.004232758129078402,0.0,6.218254647495467e-06,-0.004238976383725898,0.9987208791638966,0.5447882898967276,0.0
2009-05-28,-0.007528085309477456,0.0,6.244265694611667e-06,-0.007534329575172068,0.9986880841563871,0.5428566884497353,0.0
2009-05-29,0.0069539821376218055,0.0,6.622499028658228e-06,0.006947359638593147,1.022834993583585,0.5393925644915343,0.0
2009-06-01,-0.014768511087452288,5.273609609859306e-05,2.103460821556673e-05,-0.014842281791766448,0.9999999999862348,0.4881578667407777,0.25000000000563805
2009-06-02,0.0032199754069587487,0.0,7.547198400741166e-06,0.0032124282085580075,1.0314668727777112,0.480521389523606,0.0
2009-06-03,0.015756257120617272,0.0,7.458550572464715e-06,0.015748798570044808,1.0266665483921888,0.4821923566022647,0.0
2009-06-04,-0.009024418907536854,0.0,6.902597131614351e-06,-0.009031321504668469,0.9941177005735063,0.49022810996565896,0.0
2009-06-05,-0.0020913888799086984,0.0,7.16158768846402e-06,-0.0020985504675971626,1.0083851045299415,0.485589203272068,0.0
2009-06-08,0.001701882791900595,5.373354495109844e-05,2.3649988201248485e-05,0.0016244992587482483,1.0000000000556606,0.424516953825281,0.25000000006278833
2009-06-09,0.0011870843476155031,0.0,7.762900940347802e-06,0.0011793214466751553,0.9922193360447539,0.42552756739936426,0.0
2009-06-10,0.0016270531249772161,0.0,7.802679312510695e-06,0.0016192504456647055,0.995807600595115,0.42621201078183424,0.0
2009-06-11,-0.005453802905011534,0.0,7.748675259126427e-06,-0.005461551580270661,0.992800699196676,0.42714740528044665,0.0
2009-06-12,0.0027747297442697804,0.0,8.012039844582907e-06,0.0027667177044251976,1.0088882599727285,0.4240093513181763,0.0
2009-06-15,-0.009441597856240191,3.493947390461621e-05,2.440580991994278e-05,-0.009500943140064751,1.000000000008775,0.4061252919568341,0.17005706734298784
2009-06-16,0.00014615093098783666,0.0,8.357420572885249e-06,0.0001377935104149514,1.0105804164269292,0.40048871460630603,0.0
2009-06-17,-0.005397675698510905,0.0,8.31620351331998e-06,-0.005405991902024225,1.0076625247309623,0.4005796682586035,0.0
2009-06-18,0.002980358921235303,0.0,8.452371495945308e-06,0.0029719065497393576,1.0143530742836928,0.39732995507968516,0.0
2009-06-19,0.005135384068995466,0.0,8.29540935111829e-06,0.005127088659644348,1.004689036944195,0.39912415431255976,0.0
2009-06-22,0.004858051163770836,4.811699495592985e-05,3.396984267850534e-05,0.004775964326136401,1.0000000000223415,0.1734004948453786,0.23267450113121219
2009-06-23,-0.0012478028460305665,0.0,1.105487161228997e-05,-0.0012588577176428563,0.9844168639708187,0.17741123627365066,0.0
2009-06-24,0.006231655022269606,0.0,1.1163254190799477e-05,0.006220491768078807,0.9913030335757984,0.17638547764743673,0.0
2009-06-25,-0.003572598691231099,0.0,1.0955552560291774e-05,-0.003583554243791391,0.9812435237984087,0.18148818689710924,0.0
2009-06-26,-0.00022681031290413352,0.0,1.1226885245875423e-05,-0.00023803719815000893,0.9981180743002261,0.17855545135132028,0.0
2009-06-29,0.002697202263701781,5.3554479247990484e-05,3.082029088481043e-05,0.00261282749356898,1.000000000025985,0.2500395884955975,0.2500000000165628
2009-06-30,0.0026384260352163174,0.0,1.0177507836474908e-05,0.0026282485273798426,0.9950362260905954,0.25207815402792705,0.0
2009-07-01,0.005329140916364749,0.0,1.0018047673442498e-05,0.005319122868691307,0.9853663566389608,0.2540488764776585,0.0
2009-07-02,-4.8338037430131894e-05,0.0,9.895605284484e-06,-5.823364271461589e-05,0.9803848393889248,0.25800565362159283,0.0
2009-07-06,0.0054909958289888604,0.0,3.88107856063543e-05,0.005452185043382506,0.9662691755691046,0.2579723382531388,0.0
2009-07-07,-0.0016548016912896336,4.604326561071631e-05,8.224575638169963e-06,-0.00170906953253852,0.9999999999994452,0.39960597841303797,0.21951941320202722
2009-07-08,-0.0030611276813863075,0.0,8.145782951207515e-06,-0.003069273464337515,0.993274622764485,0.39863246732633634,0.0
2009-07-09,0.0017326074653636527,0.0,8.217161291278682e-06,0.001724390304072374,0.9966419684529562,0.39678919418961217,0.0
2009-07-10,-0.0012161514884359095,0.0,8.230770021712769e-06,-0.0012243822584576223,0.9986819890826779,0.39783577749764576,0.0
2009-07-13,0.005766456365690265,0.0,2.4662388655578697e-05,0.005741793977034686,0.9972239593011559,0.3971058353487409,0.0
2009-07-14,0.00010148548915218751,5.185873475323625e-05,1.065294312467216e-05,3.89738112742791e-05,0.9999999999976481,0.22233515189658035,0.25000000000220135
2009-07-15,0.01598440132470091,0.0,1.069944693115859e-05,0.015973701877769753,1.0034875944946424,0.22242796852006533,0.0
2009-07-16,-0.009104453131060756,0.0,1.0310918846328225e-05,-0.009114764049907085,0.9873609941531952,0.2346639183712348,0.0
2009-07-17,0.003355588304998008,0.0,1.0698823888866855e-05,0.003344889481109141,1.008648442044827,0.2276342981575463,0.0
2009-07-20,0.0056769931148362655,0.0,3.175646254648718e-05,0.005645236652289778,1.0029604152174414,0.23021982658625312,0.0
2009-07-21,-0.0038032384896656704,1.7566725464783337e-05,1.1392033624454243e-05,-0.003832197248754908,1.000000000019774,0.16838154543461448,0.08641566372764466
2009-07-22,-0.0007378572749703794,0.0,1.158594134682165e-05,-0.000749443216317201,1.0109851480494088,0.16521142973142838,0.0
2009-07-23,0.01474874524097976,0.0,1.1642791448587505e-05,0.014737102449531171,1.0145207042548428,0.16459692850795488,0.0
2009-07-24,-0.002527824065212242,0.0,1.1140544353584273e-05,-0.002538964609565826,0.9900007609949,0.1767410231832482,0.0
2009-07-27,0.005459363652426736,0.0,3.3912000680620534e-05,0.005425451651746116,0.9998486627232315,0.17465664616146537,0.0
2009-07-28,-0.00011180571207530126,5.4854792807392375e-05,1.4579893209124674e-05,-0.0001812403980918183,1.000000000100929,-0.06433220416517191,0.25000000009132556
2009-07-29,0.0022338120881955303,0.0,1.4552243256346624e-05,0.0022192598449391836,0.9978580658608055,-0.06445569185249785,0.0
2009-07-30,-0.005043909924499915,0.0,1.4450708436812247e-05,-0.005058360632936727,0.9928176168709479,-0.06208409901634607,0.0
2009-07-31,0.005545150136157181,0.0,1.4754286453291463e-05,0.005530395849703889,1.0095936181340086,-0.06746929295626812,0.0
2009-08-03,-0.0063507975465658395,0.0,4.4109190232513926e-05,-0.006394906736798354,1.01174006764315,-0.06158356134802184,0.0
2009-08-04,0.0035572033277808755,5.162561854835564e-05,1.1452098888008704e-05,0.003494125610344511,1.0000000000042002,0.16399678117956493,0.25000000000517164
2009-08-05,-0.001074958965260834,0.0,1.129891855954319e-05,-0.001086257883820377,0.9917916232148895,0.16697056836823648,0.0
2009-08-06,0.0053031018191647995,0.0,1.132230706107145e-05,0.005291779512103728,0.9926044262372137,0.1660760107789978,0.0
2009-08-07,0.0009617958549312225,0.0,1.1062132190691761e-05,0.0009507337227405308,0.9780126358969855,0.17047698597648692,0.0
2009-08-10,-0.0017399772039176937,0.0,3.308697271300311e-05,-0.0017730641766306968,0.9763922800319574,0.17127594401554846,0.0
2009-08-11,0.002916312696440453,5.17926559081965e-05,9.791886004450752e-06,0.002854728154527806,1.0000000000326372,0.2851923217077324,0.2500000000421071
2009-08-12,0.0018863864485524167,0.0,9.68619305535924e-06,0.0018767002554970573,0.9943805968650593,0.28728850382383486,0.0
2009-08-13,0.00216484795289597,0.0,9.5784676923751e-06,0.002155269485203595,0.9878613537925967,0.28863321224921423,0.0
2009-08-14,-0.0017479929544345929,0.0,9.537469018644632e-06,-0.0017575304234532375,0.9864078982837963,0.29017265992273833,0.0
2009-08-17,-0.0018667216845088433,0.0,2.863416923160508e-05,-0.0018953558537404484,0.9856972592184302,0.2889324745827065,0.0
2009-08-18,0.00462675330831862,5.2301704622379215e-05,1.0877168444647112e-05,0.004563574435251593,1.0000000000038123,0.20596670354457328,0.2500000000012838
2009-08-19,0.0029974277129901435,0.0,1.0810851677015358e-05,0.002986616861313128,0.998828936298697,0.20963676387657576,0.0
2009-08-20,0.0076256637036401535,0.0,1.0745620437322401e-05,0.007614918083202831,0.9964313176759764,0.212001025751441,0.0
2009-08-21,0.0065504376706027045,0.0,1.0486279232471397e-05,0.0065399513913702335,0.9834652734175029,0.217966889447091,0.0
2009-08-24,-0.0064144542937270505,0.0,3.100237653142264e-05,-0.006445456670258473,0.9774496974050626,0.2230585351404451,0.0
2009-08-25,0.00016407982428278713,5.254974957520545e-05,1.2576418520195167e-05,9.895365618738652e-05,1.0000000000273683,0.08192144805312118,0.2500000000184163
2009-08-26,-0.0003957494061395284,0.0,1.2575478359569823e-05,-0.0004083248844990982,1.0000873262665853,0.08207740601798807,0.0
2009-08-27,0.00036103510879776296,0.0,1.2630444456699457e-05,0.0003484046643410635,1.0037374682281919,0.0817150228891316,0.0
2009-08-28,0.00392096972031165,0.0,1.2573960103065772e-05,0.003908395760208584,0.9999465597996924,0.08204747227589099,0.0
2009-08-31,0.0033932909734525644,0.0,3.736364705178233e-05,0.003355927326400782,0.9948158296653162,0.08563375140527957,0.0
2009-09-01,0.002833958937647132,2.0704650832574523e-05,1.1805802034293086e-05,0.0028014484847802643,1.0000000000702503,0.13817645156685512,0.10230361285448586
2009-09-02,0.012293840847064197,0.0,1.1569002960908515e-05,0.012282271844103288,0.985153696824094,0.1406164806777723,0.0
2009-09-03,0.01010173255108598,0.0,1.1107015607191756e-05,0.010090625535478787,0.9618671619979485,0.15105502267295023,0.0
2009-09-04,0.002662517521131646,0.0,1.0797559617642331e-05,0.0026517199615140037,0.9477686800159312,0.1595468279280409,0.0
2009-09-08,-0.003119620733599304,0.0,4.320765210750172e-05,-0.003162828385706806,0.9503200002295452,0.1617803492676389,0.0
2009-09-09,0.0022022745533287736,7.30773011505443e-06,1.1385079105593072e-05,0.002183581744108126,0.999999999996483,0.16888922528818898,0.03610390529769203
2009-09-10,-0.011338936834558569,0.0,1.1291275348263903e-05,-0.011350228109906832,0.9949818219810116,0.17071872155774676,0.0
2009-09-11,0.011967482047592765,0.0,1.1875882553797485e-05,0.011955606165038967,1.0281489763151277,0.16120954988791136,0.0
2009-09-14,-0.004675021810483539,0.0,3.4470129879106995e-05,-0.004709491940362646,1.0099042168139156,0.17113105642231186,0.0
2009-09-15,-0.004215194775147532,0.0,1.1657525313392505e-05,-0.004226852300460925,1.0182430151927786,0.16724366731512566,0.0
2009-09-16,-0.002310360152847468,6.779233992459126e-06,1.1220582389892528e-05,-0.00232835996922982,1.000000000053591,0.1808974855914365,0.03289316186351415
2009-09-17,0.008359814553996934,0.0,1.145522286105834e-05,0.008348359331135875,1.0152351798365076,0.17900391097924878,0.0
2009-09-18,-0.00346450362543269,0.0,1.1154899113742697e-05,-0.0034756585245464327,1.0001201313512385,0.1858124960480216,0.0
2009-09-21,0.0045806282904452145,0.0,3.3773001191491916e-05,0.004546855289253722,1.0047936779200244,0.1829839822603875,0.0
2009-09-22,-0.00037691184637255576,0.0,1.1086471824826991e-05,-0.00038799831819738274,0.996028084760842,0.18671564154847176,0.0
2009-09-23,-0.004181840103842473,4.346294868352466e-06,1.1437682022757202e-05,-0.004197624080733583,1.0000000001126266,0.16504921245135099,0.02143122784972876
2009-09-24,-0.006070143102829943,0.0,1.1579777854790625e-05,-0.006081722880684734,1.0068692629422855,0.16154547954257018,0.0
2009-09-25,-0.0009341246862329058,0.0,1.1772913324235221e-05,-0.000945897599557141,1.0158493528287875,0.1564266801596164,0.0
2009-09-28,0.003735217244645725,0.0,3.53888634297149e-05,0.00369982838121601,1.0167687848857898,0.15563977476272725,0.0
2009-09-29,-0.001336588861423258,0.0,1.1760724122036541e-05,-0.0013483495855452945,1.0173203663966535,0.158787505487986,0.0
2009-09-30,-0.0006348653343426428,5.093755195477035e-05,1.1581129908718361e-05,-0.0006973840162061315,0.9999999999990163,0.15457751666257616,0.25000000000133077
2009-10-01,-0.0034562908525836364,0.0,1.1617216194336058e-05,-0.0034679080687779725,1.0021068655806198,0.15405008339408757,0.0
2009-10-02,-0.00358631379392384,0.0,1.14027762785247e-05,-0.003597716570202365,0.9835205237037864,0.1511178553714833,0.0
2009-10-05,-0.0022437350669446037,0.0,3.444383315229091e-05,-0.0022781789000968946,0.9861975081007077,0.1480642347282957,0.0
2009-10-06,0.006235513774253766,0.0,1.1747023967696581e-05,0.00622376675028607,1.0036862130396906,0.14615346339784016,0.0
2009-10-07,0.0007566550254873461,7.994783828959621e-06,1.1542883725700109e-05,0.0007371173579326864,1.0000000000999494,0.15736948812384174,0.03978598314421618
2009-10-08,0.003223803709953835,0.0,1.1586482176411304e-05,0.003212217227777424,1.0038228703557865,0.15800967147776163,0.0
2009-10-09,0.004423173730740004,0.0,1.1539928982055745e-05,0.004411633801757948,1.0031320322658994,0.16071721657583019,0.0
2009-10-12,-0.005377817113879173,0.0,3.408114482776249e-05,-0.005411898258706935,0.9937229087842528,0.1644150513086989,0.0
2009-10-13,0.004286672648637585,0.0,1.1622520664495974e-05,0.004275050127973089,1.0083466193642805,0.15990261085607452,0.0
2009-10-14,0.010453230144113316,1.1506292846260423e-05,1.1830651779476308e-05,0.010429893199487578,0.9999999999989437,0.13636242009717342,0.05672409776675152
2009-10-15,-0.005384529077776271,0.0,1.156449200847646e-05,-0.005396093569784748,0.9895081014504084,0.14530018483162704,0.0
2009-10-16,-0.005905912732332002,0.0,1.1773025019195014e-05,-0.005917685757351196,1.0001055762682753,0.14067474986703934,0.0
2009-10-19,0.0024617048680989325,0.0,3.579038525673582e-05,0.0024259144828421967,1.0064704789084686,0.13557110432789693,0.0
2009-10-20,-0.003142770295779371,0.0,1.1956390972437036e-05,-0.0031547266867518083,1.0105153047585986,0.13769876377069498,0.0
2009-10-21,-0.000958036326281614,3.6726706100472834e-06,1.1891189097757882e-05,-0.0009736001859894191,1.0000000000209395,0.1319431958846138,0.018114040434006454
2009-10-22,0.006858422639516164,0.0,1.1896745416222465e-05,0.006846525894099942,0.9995752263997625,0.13111281101552255,0.0
2009-10-23,-0.0006021277535027843,0.0,1.1733135113930003e-05,-0.0006138608886167143,0.9935518967601127,0.13703303344322265,0.0
2009-10-26,0.0045653477515389335,0.0,3.497879229201979e-05,0.004530368959246914,0.9876653191680499,0.13651470672890167,0.0
2009-10-27,-0.002951959320239159,0.0,1.1400569529662896e-05,-0.002963359889768822,0.9726853679487526,0.14044379228336118,0.0
2009-10-28,-0.0028307381557866615,5.754583020029873e-06,1.189929550682504e-05,-0.0028483920343135164,0.9999999999880694,0.13135142798984145,0.028019049306004833
2009-10-29,0.005096703366274098,0.0,1.171806635488879e-05,0.0050849852999192095,0.9843066567603886,0.12888781285350698,0.0
2009-10-30,-0.003980775873263072,0.0,1.176795057725162e-05,-0.0039925438238403235,0.9923670459839679,0.13330665384459978,0.0
2009-11-02,0.004823863372206442,0.0,3.5058933645389525e-05,0.004788804438561053,0.9829450056818474,0.12984428697736916,0.0
2009-11-03,-0.0035278393062282546,0.0,1.1582391686647946e-05,-0.0035394216979149026,0.9795409176172645,0.13402632449196444,0.0
2009-11-04,0.007330803712207079,5.101933487008062e-05,1.1702115549357423e-05,0.007268082261787641,0.9999999999971977,0.1457455648941059,0.2500000000018711
2009-11-05,0.0010922672464219758,0.0,1.1476472789066284e-05,0.0010807907736329096,0.9897543384834383,0.15197182488159944,0.0
2009-11-06,0.009009406210528785,0.0,1.1533815811534996e-05,0.008997872394717249,0.994867394713995,0.15289884047194027,0.0
2009-11-09,0.004767709375350204,0.0,3.3667943952531295e-05,0.004734041431397673,0.979717711256615,0.16046440841168685,0.0
2009-11-10,0.006117819740622681,0.0,1.1178927111700772e-05,0.006106640813510981,0.9805152668435299,0.16445358768937365,0.0
2009-11-11,0.0004076538471021643,1.653790122072184e-05,1.1970347468777222e-05,0.00037914559841266523,1.0000000000573626,0.12616463483662535,0.08047207171225816
2009-11-12,0.0008976800150304071,0.0,1.2009157344791355e-05,0.0008856708576856157,1.0031928037154068,0.12652431754563803,0.0
2009-11-13,0.004329445246567593,0.0,1.192876740934389e-05,0.004317516479158249,0.9981092643559135,0.12730924347380962,0.0
2009-11-16,-0.0035721011958386394,0.0,3.539278240318875e-05,-0.003607493978241828,0.9922971516444034,0.13107277983347704,0.0
2009-11-17,0.0006658078555948201,0.0,1.2051443997398682e-05,0.0006537564115974214,1.0077177136811841,0.12796230187108035,0.0
2009-11-18,0.0035389245006782312,2.7632499832719606e-05,1.0202461493102742e-05,0.003501089539352409,0.9999999999687363,0.2552203109722363,0.13368284021323373
2009-11-19,-0.0017490584244476133,0.0,1.0016311735014427e-05,-0.0017590747361826277,0.9890472135849593,0.2578564569289061,0.0
2009-11-20,-0.002775357476108818,0.0,1.0018578512947473e-05,-0.0027853760546217654,0.9879149358849517,0.25655870443978623,0.0
2009-11-23,0.0029733251160796387,0.0,3.023762780182598e-05,0.0029430874882778128,0.9902744799643631,0.2544922034532642,0.0
2009-11-24,0.0010358553360204715,0.0,1.0047312952552514e-05,0.001025808023067919,0.990163854091383,0.25671000855504966,0.0
2009-11-25,-0.00639134090636312,2.3376569410757405e-06,1.0216354133862992e-05,-0.006403894917438059,1.000000000035122,0.2542061482631236,0.011559696797950825
2009-11-27,-0.010306633126237849,0.0,2.103698128570086e-05,-0.01032767010752355,1.0172618326245082,0.24941201569642693,0.0
2009-11-30,0.01359329348069558,0.0,3.239724318989208e-05,0.013560896237505688,1.0299334710040342,0.2416005533833271,0.0
2009-12-01,0.004227122744244838,0.0,1.0335173206883083e-05,0.004216787571037955,1.0062471354101323,0.2517794913076673,0.0
2009-12-02,0.00585920708509417,0.0,1.0231777365287718e-05,0.0058489753077288825,1.0018513692246624,0.254931621558659,0.0
2009-12-03,0.0021567979732364747,2.0590810687732532e-06,1.0244946538612352e-05,0.0021444939456290893,0.9999999999799336,0.2521189026612318,0.010130945671335878
2009-12-04,-0.0038631926872510288,0.0,1.013114082326235e-05,-0.003873323828074291,0.9933048549066283,0.2537315748084768,0.0
2009-12-07,-0.010627243543006783,0.0,3.081363910363425e-05,-0.010658057182110417,1.0006385180624278,0.25083996654066104,0.0
2009-12-08,-0.003866972923533116,0.0,1.0660082144417617e-05,-0.0038776330056775337,1.0209865012026536,0.2428005046601676,0.0
2009-12-09,0.006027642817428619,0.0,1.0789329078252466e-05,0.006016853488350367,1.0274846575965528,0.23986363488412282,0.0
2009-12-10,-0.008254816402170129,4.456939154875104e-05,1.0958904109813053e-05,-0.008310344697828693,1.000000000031855,0.20000000001550186,0.21385854595034595
2009-12-11,0.0006350075014873377,0.0,1.1310138569844383e-05,0.0006236973629174934,1.0189921210250816,0.1933520054264418,0.0
2009-12-14,-8.201727913536568e-05,0.0,3.376229558204106e-05,-0.00011577957471740674,1.0154152916494608,0.19386609915312833,0.0
2009-12-15,-0.008059445103039612,0.0,1.1367667963688369e-05,-0.0080708127710033,1.0236462820597894,0.19380652071053825,0.0
2009-12-16,0.0031609692737447513,0.0,1.1624277797473319e-05,0.003149344995947278,1.0358306823344203,0.18725840311886813,0.0
2009-12-17,-0.009818835243491645,6.748874179247998e-06,1.0958904108980096e-05,-0.009836543021779873,0.99999999998073,0.20000000002518312,0.03288241523635743
2009-12-18,-9.191580298793594e-05,0.0,1.1322115671027545e-05,-0.00010323791865896349,1.0185849182500237,0.192070474265013,0.0
2009-12-21,0.005985431361473038,0.0,3.4131687593814746e-05,0.005951299673879223,1.0225361114246516,0.19199837997515945,0.0
2009-12-22,-0.0017899125878740056,0.0,1.116645420573616e-05,-0.0018010790420797417,1.0119636780630656,0.19681252104432606,0.0
2009-12-23,-0.0005685974454899475,0.0,1.1239211929002952e-05,-0.0005798366574189504,1.0158369641790184,0.19537449336180293,0.0
2009-12-24,0.009346983634958264,5.098753613943747e-05,1.2328767123192724e-05,0.009283667331695635,0.999999999990531,0.09999999999746215,0.2500000000018272
2009-12-28,-0.006242885500283313,0.0,4.811415207474031e-05,-0.006290999652358053,0.9864244555215254,0.10834118015751479,0.0
2009-12-29,0.0008383981175351002,0.0,1.2285674969100892e-05,0.0008261124425659993,0.9995989340300263,0.10274466128566112,0.0
2009-12-30,0.0032721539491288054,0.0,1.2211319858145433e-05,0.00325994262927066,0.9949239084267276,0.10349755878211114,0.0
2009-12-31,0.0031212082025428916,0.0,1.2110576590063068e-05,0.0031090976259528285,0.9904948716467312,0.10642278057212734,0.0
2010-01-04,-0.001074826960485508,1.7893505291923188e-05,4.931506849328571e-05,-0.001142035534270717,1.0000000000054958,0.10000000000303153,0.08831166269677826
2010-01-05,0.004979711773753152,0.0,1.2539249122652777e-05,0.004967172524630499,1.0144034642292425,0.09903827827558975,0.0
2010-01-06,-0.004391959415781148,0.0,1.2371949200097883e-05,-0.004404331364981246,1.0066561600847934,0.10350386847764778,0.0
2010-01-07,0.0023510581733696733,0.0,1.2568687717694784e-05,0.0023384894856519783,1.017064565234646,0.09955036184292665,0.0
2010-01-08,0.0063869036324115825,0.0,1.2483337080707961e-05,0.006374420295330875,1.012947287459896,0.10166368056821487,0.0
2010-01-11,0.008783467470511772,2.9622339774181917e-06,3.698630137144169e-05,0.008743518935162913,1.0000000000824858,0.10000000004407136,0.014691859888051453
2010-01-12,-0.008997995862409366,0.0,1.1990296494393033e-05,-0.00900998615890376,0.9831322056136201,0.10784056152292876,0.0
2010-01-13,0.0005917722108427161,0.0,1.2236428238011888e-05,0.0005795357826047042,0.9930004941622739,0.0997412327874059,0.0
2010-01-14,0.003307321167079125,0.0,1.228004079572419e-05,0.0032950411262834007,0.9967178701980399,0.10027489211017401,0.0
2010-01-15,-0.00683952870640411,0.0,1.2180070047988284e-05,-0.006851708776452098,0.9923871400569422,0.10324202655379747,0.0
2010-01-19,0.005132950767185144,1.7331501450781293e-06,4.931506849404303e-05,0.005081902548546023,0.9999999999827078,0.09999999996642256,0.008613137409622135
2010-01-20,-0.005352100714255296,0.0,1.220743272112397e-05,-0.00536430814697642,0.9957439653726688,0.10460137673061884,0.0
2010-01-21,-0.007916151679433298,0.0,1.2297096282722852e-05,-0.00792844877571602,0.9974725797355225,0.09978455109675435,0.0
2010-01-22,-0.009577473436943958,0.0,1.247922848177011e-05,-0.009589952665425729,1.0035862735122865,0.09260259434306839,0.0
2010-01-25,0.0030113376327063493,0.0,3.8087033060128484e-05,0.002973250599646221,1.0106135085366372,0.08382903740684428,0.0
2010-01-26,0.005883780412169931,4.388520684540642e-05,1.5068493150362286e-05,0.005824826712174162,1.0000000000309712,-0.09999999994547583,0.21459602446210274
2010-01-27,0.005718553547180163,0.0,1.484228034314655e-05,0.005703711266837016,0.989915281446136,-0.09357118360356209,0.0
2010-01-28,-0.0029790123195203755,0.0,1.4624972835201906e-05,-0.002993637292355577,0.9802686311082032,-0.08735438586153599,0.0
2010-01-29,-0.004434602409437692,0.0,1.463308077648735e-05,-0.004449235490214179,0.9776102610865364,-0.09060463559703996,0.0
2010-02-01,-0.002544134171706165,0.0,4.4234425405953564e-05,-0.0025883685971121186,0.9809070384783932,-0.09546397973314347,0.0
2010-02-02,0.0007512867366238823,2.3195488808092758e-05,1.6438356164414538e-05,0.000711652891651375,1.0000000000050617,-0.19999999999719972,0.11404400191651548
2010-02-03,0.0035792031051535816,0.0,1.646048534173521e-05,0.003562742619811846,1.0025084117713272,-0.19910701817534326,0.0
2010-02-04,-0.01093869113556621,0.0,1.6336833626905936e-05,-0.010955027969193116,0.997755181923946,-0.19483367284018743,0.0
2010-02-05,-0.003887039642150502,0.0,1.664748454756186e-05,-0.0039036871266980642,1.0072147971753298,-0.208051574796686,0.0
2010-02-08,0.0010469676133565637,0.0,5.0475136911391865e-05,0.0009964924764451718,1.0154591326893023,-0.21276919882123288,0.0
2010-02-09,0.00766198728438805,2.3416871837400414e-06,1.6438356164528938e-05,0.007643207241039781,1.0000000000557652,-0.19999999995484705,0.011640563275448157
2010-02-10,-0.0010872947651381776,0.0,1.6146036982117e-05,-0.0011034408021202945,0.9877816154231479,-0.19087908427139288,0.0
2010-02-11,0.001835536760979126,0.0,1.612199539687048e-05,0.0018194147655822557,0.9847272274068206,-0.19217843656472433,0.0
2010-02-12,-0.0031920756154392624,0.0,1.6114223086428276e-05,-0.003208189838525691,0.9863410692458441,-0.1899972160634199,0.0
2010-02-16,0.006337346061990506,0.0,6.503996548486544e-05,0.006272306096505641,0.9931682957004568,-0.1938110743983376,0.0
2010-02-17,0.0032194906411160224,3.7806556079212225e-06,1.6438356164475612e-05,0.0031992716293436254,1.000000000037171,-0.19999999996954865,0.01879139204589356
2010-02-18,0.007877305029262672,0.0,1.6347510730497304e-05,0.007860957518532174,0.9972153206065117,-0.19615296271979157,0.0
2010-02-19,0.002975699805098962,0.0,1.606826821782897e-05,0.0029596315368811328,0.9861764054733231,-0.18680717442819186,0.0
2010-02-22,0.003357674739275593,0.0,4.7882808712806255e-05,0.003309791930562787,0.9818593386464478,-0.18328900669850434,0.0
2010-02-23,-0.003754813022959387,0.0,1.5806998731033263e-05,-0.0037706200216904204,0.9745731460813429,-0.1793377612840855,0.0
2010-02-24,0.0005933070342842297,5.239540374766611e-06,1.637694342468821e-05,0.0005716905504847749,1.000000000027042,-0.1955168699751973,0.025531927250839637
2010-02-25,0.001807141640789676,0.0,1.6403859601157824e-05,0.0017907377811885183,1.0026695602321232,-0.19481219065239802,0.0
2010-02-26,0.0011869035903704912,0.0,1.6324617812906538e-05,0.0011705789725575846,0.9990370549527733,-0.19266004538940404,0.0
2010-03-01,0.004638252848660222,0.0,4.896308298582813e-05,0.0045892897656743935,1.000185749896091,-0.1912492694257268,0.0
2010-03-02,0.0012336074907164283,0.0,1.6183802115458595e-05,0.0012174236886009697,0.9956590375119826,-0.1857585169164948,0.0
2010-03-03,-0.00045428668019329734,5.185909610957757e-05,1.3063630479604446e-05,-0.0005192094067824793,0.9999999999870097,0.046354974975885144,0.25000000001032757
2010-03-04,0.005610818050610118,0.0,1.3084814263134333e-05,0.005597733236346983,1.0011159739539013,0.04592453274509508,0.0
2010-03-05,0.00711963961566589,0.0,1.2892490440238568e-05,0.007106747125225652,0.9924002776384963,0.05124847550108071,0.0
2010-03-08,0.003658126034604681,0.0,3.8214869630356635e-05,0.003619911164974324,0.9878513958169551,0.0579562348116103,0.0
2010-03-09,0.0026722401215300558,0.0,1.2618198820497643e-05,0.002659621922709558,0.9825206406972947,0.06139212680096669,0.0
2010-03-10,0.0018506650288354321,5.297266117135666e-05,1.3014807379473082e-05,0.0017846775602846023,1.0000000000168265,0.04991906131529147,0.2500000000159823
2010-03-11,0.004081549194684333,0.0,1.2989557316591648e-05,0.004068559637367741,0.9999151827830658,0.05167749867187557,0.0
2010-03-12,0.0022033790362326767,0.0,1.285439144856844e-05,0.002190524644784108,0.9939036838498847,0.055533108104388745,0.0
2010-03-15,-0.0007320873933615688,0.0,3.8384032829483256e-05,-0.0007704714261910521,0.9916217558971772,0.057610290379751475,0.0
2010-03-16,0.0017600337362942752,0.0,1.280404938532539e-05,0.0017472296869089497,0.9916176649357447,0.056922059806991186,0.0
2010-03-17,0.0034712005264610846,1.3212878327758096e-05,1.2610265025813339e-05,0.003445377383107513,0.9999999999851579,0.07945065310078434,0.06500788083003692
2010-03-18,0.007439085596738217,0.0,1.2524364712765386e-05,0.007426561232025452,0.996915761534562,0.082637137502689,0.0
2010-03-19,-0.002059410328870809,0.0,1.222096589297723e-05,-0.0020716312947637863,0.981542708123899,0.08941219793656134,0.0
2010-03-22,0.005937166376941244,0.0,3.6680747184120925e-05,0.005900485629757123,0.9800989741895025,0.08753412604256007,0.0
2010-03-23,-0.0011563220761953176,0.0,1.2085323439556193e-05,-0.0011684073996348738,0.9751516126715831,0.09292300158398108,0.0
2010-03-24,0.008726888577191741,5.1217846268171135e-05,1.5788995217507565e-05,0.008659881735706062,1.0000000000040887,-0.1525966508739632,0.2500000000035256
2010-03-25,0.005853174213339289,0.0,1.5395772339425332e-05,0.005837778440999863,0.9812568169355776,-0.14263456384247164,0.0
2010-03-26,4.2432364452785825e-05,0.0,1.5153213396202205e-05,2.7279151056583618e-05,0.9701970533329243,-0.13598752458983687,0.0
2010-03-29,-0.0019642816695247265,0.0,4.543759305528431e-05,-0.0020097192625800108,0.969706713818746,-0.13594138385983892,0.0
2010-03-30,-0.001048710338201543,0.0,1.5259509145184147e-05,-0.0010639698473467272,0.9757607922779292,-0.13818337532051367,0.0
2010-03-31,-0.00030439924915091806,5.138540248407708e-05,1.2436264062339873e-05,-0.000368220915697335,0.999999999982217,0.09215272343140632,0.25000000000837147
2010-04-01,-0.010277545939299292,0.0,1.2399072202830142e-05,-0.010289945011502122,0.9970144279208846,0.09188215711428435,0.0
2010-04-05,-0.00527356582967432,0.0,5.128512471830956e-05,-0.005324850954392629,1.018406574619335,0.08245304851018563,0.0
2010-04-06,0.011070054661059306,0.0,1.3075662469790622e-05,0.011056978998589515,1.0321160122822162,0.07759265198750083,0.0
2010-04-07,-0.0001586874740518608,0.0,1.2732446454314059e-05,-0.00017141992050617486,1.0171616772028438,0.08769308603791738,0.0
2010-04-08,0.004148368242283498,5.265314376406319e-05,1.0958904109393735e-05,0.004084756194410042,1.0000000000079419,0.20000000002219934,0.25000000000673467
2010-04-09,-0.003527212556068934,0.0,1.0814485233795037e-05,-0.003538027041302729,0.9927752864256475,0.20331786435860977,0.0
2010-04-12,0.0017750492972089906,0.0,3.3123830062454604e-05,0.001741925467146536,1.0065132245038293,0.20050002631743388,0.0
2010-04-13,-0.00011176457407664392,0.0,1.096335050865554e-05,-0.00012272792458529945,1.0022479273377811,0.20192334020592692,0.0
2010-04-14,0.0010467510405631488,0.0,1.111616906638671e-05,0.001035634871496762,1.0133166884340028,0.2018363465877728,0.0
2010-04-15,0.002907987986874382,3.2614821862663255e-05,1.0958904109155906e-05,0.002864414260902563,0.999999999994078,0.20000000002569673,0.15580129720896646
2010-04-16,-0.007039730011461522,0.0,1.0772205895494865e-05,-0.007050502217357017,0.9886994659275025,0.20232843555637728,0.0
2010-04-19,0.0027075835485561527,0.0,3.263243304962954e-05,0.0026749511155065232,0.9907312365208247,0.19667536564650595,0.0
2010-04-20,0.003319724016563071,0.0,1.0771062230945876e-05,0.003308952954332125,0.9851385752631621,0.1988510324041131,0.0
2010-04-21,0.0020633866255799923,0.0,1.0784535807486696e-05,0.0020526020897725056,0.9887751031468308,0.20150398920030216,0.0
2010-04-22,-0.0028521560272891057,2.5877185435939063e-06,1.0985097791656004e-05,-0.002865728843624356,1.000000000036462,0.19808786124557368,0.012687429885247514
2010-04-23,-9.08033856742802e-05,0.0,1.115994504834288e-05,-0.00010196333072262307,1.0104727943011054,0.19579680577207512,0.0
2010-04-26,0.0006689249204529482,0.0,3.3786119991414325e-05,0.0006351388004615339,1.0178548790481976,0.1957259592571156,0.0
2010-04-27,-0.0095974259892375,0.0,1.1263027149819477e-05,-0.00960868901638732,1.0184712072789002,0.19627022534207852,0.0
2010-04-28,0.0005297774931738626,0.0,1.1361864954255996e-05,0.0005184156282196066,1.0179000240237566,0.1884838823630691,0.0
2010-04-29,0.021298531534778894,3.912856264841727e-06,1.0966513391305721e-05,0.021283652165122745,1.0000000000262181,0.19944452246090047,0.019090728740876695
2010-04-30,-0.006619698982613632,0.0,1.045603092865001e-05,-0.006630155013542282,0.9794330047429994,0.21614274695154842,0.0
2010-05-03,0.00505408344879747,0.0,3.157663876825486e-05,0.005022506810029215,0.9792863668384804,0.21092149014427874,0.0
2010-05-04,-0.012132665260024222,0.0,1.0527936817377255e-05,-0.012143193196841599,0.9834356433539858,0.2148962556854462,0.0
2010-05-05,-0.004729095246051828,0.0,1.0735681613740757e-05,-0.004739830927665569,0.988960812151269,0.20525605434819355,0.0
2010-05-06,-0.019459562006214494,5.0772987151626596e-05,1.0983302568627205e-05,-0.019521318295934745,0.9999999999802414,0.19821891247045564,0.25000000000906913
2010-05-07,-0.01026329610981998,0.0,1.1194687519731631e-05,-0.01027449079733971,0.9995306358377538,0.18231844689734467,0.0
2010-05-10,0.021469847248134825,0.0,3.401589927853459e-05,0.02143583134885629,1.0015614972114892,0.17384128143381405,0.0
2010-05-11,0.0029426825301190574,0.0,1.1231526824817254e-05,0.00293145100329424,1.0111137915640456,0.19121233335238594,0.0
2010-05-12,0.0070241612525141495,0.0,1.1155618372696397e-05,0.007013005634141453,1.0079476647492283,0.19358752354239134,0.0
2010-05-13,-0.007448943312410055,2.4729495513992576e-05,1.2222046603881992e-05,-0.00748589485452793,1.0000000000091671,0.10779059792578159,0.12016959307953186
2010-05-14,-0.009773701478350388,0.0,1.2347413428351563e-05,-0.00978604889177874,1.0024596473777607,0.10109846710809677,0.0
2010-05-17,0.000648149562819799,0.0,3.741582320124631e-05,0.0006107337396185527,1.0026790044579021,0.0922273065609085,0.0
2010-05-18,-0.008818244817254269,0.0,1.2464847354228882e-05,-0.008830709664608498,1.0027526254288013,0.0928187685700927,0.0
2010-05-19,0.0009355617423671739,0.0,1.2622081363988354e-05,0.0009229396610031856,1.0061608564029196,0.08474891683176988,0.0
2010-05-20,-0.01909532857051639,5.106523172557658e-05,9.13160050810982e-06,-0.019155525402750076,1.0000000000289861,0.3333931629369691,0.2500000000168907
2010-05-21,0.010542868069523727,0.0,9.242645030204292e-06,0.010533625424493523,0.9951490406169038,0.3204359534119906,0.0
2010-05-24,-0.002399200020159918,0.0,2.7392309993950087e-05,-0.002426592330153868,0.9940749661002387,0.3275287562474534,0.0
2010-05-25,-0.0005017686529362508,0.0,9.106989724796182e-06,-0.000510875642661047,0.9907306821585492,0.32592043224842804,0.0
2010-05-26,-0.005411938572630738,0.0,9.133262413289764e-06,-0.005421071835044027,0.9923131532102483,0.3255849970400953,0.0
2010-05-27,0.012610180622781873,2.6808421590542376e-06,9.154734914334767e-06,0.012598345045708484,1.000000000034287,0.3317043512878487,0.013344335935606091
2010-05-28,-0.0034519782792410787,0.0,9.184041791659247e-06,-0.003461162321032738,1.010465758519655,0.3400307077285303,0.0
2010-06-01,-0.002953232685625381,0.0,3.6827700496018536e-05,-0.0029900603861213997,1.0098532632158226,0.33774772916348417,0.0
2010-06-02,0.0030364315252936185,0.0,9.100395683746365e-06,0.003027331129609872,1.0001274393466708,0.33579855443318624,0.0
2010-06-03,-0.007673038303407051,0.0,9.260979920646765e-06,-0.007682299283327698,1.0138638504248425,0.3378123162176287,0.0
2010-06-04,-0.017988304474783053,1.4942788686617539e-05,8.219178082345356e-06,-0.018011466441552014,1.0000000000000646,0.3999999999888537,0.07336803639685933
2010-06-07,-0.009097741349504248,0.0,2.5130710980822923e-05,-0.00912287206048507,1.000532456173382,0.3890184889733576,0.0
2010-06-08,0.004970388457022939,0.0,8.535911152141863e-06,0.004961852545870797,1.006540140807208,0.3834186267008522,0.0
2010-06-09,0.004101753519109885,0.0,8.423009390832879e-06,0.004093330509719052,1.0013510865834558,0.3864714010526558,0.0
2010-06-10,0.012421789485887917,0.0,8.27882513060947e-06,0.012413510660757307,0.9933351616097608,0.3889809270752695,0.0
2010-06-11,0.0011207038747106598,5.1396025413530676e-05,8.21917808236018e-06,0.001061088671214769,1.0000000000018752,0.399999999989582,0.25000000000171385
2010-06-14,-0.0069987448664076395,0.0,2.504099182664959e-05,-0.0070237858582342895,1.0100263314915436,0.400695530376404,0.0
2010-06-15,0.0041277774552713675,0.0,8.645247261885269e-06,0.004119132208009482,1.0275846373933786,0.3964815872757538,0.0
2010-06-16,0.00453139523868099,0.0,8.801780247511888e-06,0.004522593458433478,1.0414959292177322,0.39896597114936405,0.0
2010-06-17,-4.980168289399408e-05,0.0,8.593014268962967e-06,-5.839469716295705e-05,1.0289707693906123,0.4016807277563157,0.0
2010-06-18,0.003458400302299261,5.1012606492728745e-05,8.219178082508104e-06,0.003399168517724024,1.000000000015971,0.3999999999928792,0.2500000000174519
2010-06-21,0.0003211307814601057,0.0,2.434371064446926e-05,0.00029678707081563647,0.9944552487907524,0.402091623108667,0.0
2010-06-22,-0.0022955409009162396,0.0,7.992782569280557e-06,-0.0023035336834855203,0.985766485980153,0.4022933584226724,0.0
2010-06-23,-0.0003975480473894925,0.0,7.946704176536305e-06,-0.0004054947515660288,0.981030758250808,0.40092135336365775,0.0
2010-06-24,-0.00536462015864116,0.0,7.952061694045937e-06,-0.005372572220335206,0.9811867851657946,0.4006862815004414,0.0
2010-06-25,0.0014931896821004354,5.043568973099002e-05,8.21917808226069e-06,0.0014345348142871849,0.9999999999694439,0.3999999999644137,0.2500000000495148
2010-06-28,0.004730051783043157,0.0,2.4947810813782915e-05,0.004705103972229374,1.0079814552023019,0.4009180587335842,0.0
2010-06-29,0.0034676654268677317,0.0,8.088118574638572e-06,0.003459577308293093,0.9941810881132838,0.4037484321646681,0.0
2010-06-30,-0.004796794927772529,0.0,7.821795389091164e-06,-0.00480461672316162,0.976803222458296,0.40581215905464096,0.0
2010-07-01,-0.01560632972050766,0.0,7.965746094245504e-06,-0.015614295466601907,0.984450855999183,0.4029513911192612,0.0
2010-07-02,0.005476819364156265,5.181987213198982e-05,9.770377311660744e-06,0.005415229114712614,1.0000000000340872,0.286762456282853,0.2500000000368835
2010-07-06,-0.001777078735685203,0.0,3.8262869917985256e-05,-0.001815341605603188,0.9889626326895968,0.2906652566863659,0.0
2010-07-07,-0.0001566144002258244,0.0,9.54634293103194e-06,-0.00016616074315685633,0.9862965963971205,0.28941356243178895,0.0
2010-07-08,0.003863530123937816,0.0,9.642873635317336e-06,0.0038538872503024986,0.9932347945467126,0.2893050191685473,0.0
2010-07-09,0.0021729228910379126,0.0,9.489216325063433e-06,0.002163433674712849,0.9847558400416863,0.2920430483120558,0.0
2010-07-12,0.0014072583243272324,5.240770721345079e-05,2.321779964002062e-05,0.001331632817473761,0.9999999999872418,0.4350335420800734,0.2500000000067659
2010-07-13,-0.0034039097973114062,0.0,7.683598083205884e-06,-0.003411593395394612,0.9967630544734108,0.4358603943993813,0.0
2010-07-14,0.00028895562845438817,0.0,7.77920942131543e-06,0.00028117641903307273,1.0018191886231125,0.43393690086708625,0.0
2010-07-15,-0.007678978559718679,0.0,7.80012259398977e-06,-0.007686778682312669,1.0035127461057365,0.4341037967444833,0.0
2010-07-16,0.0024450200417360725,0.0,8.050117753731698e-06,0.002436969923982341,1.0173866385637775,0.42972804254136354,0.0
2010-07-19,-0.00048476813296219936,5.1847897534694224e-05,1.7153708604849602e-05,-0.0005537697391017432,0.9999999999591231,0.5825930905744494,0.25000000008616624
2010-07-20,0.002081614945478658,0.0,5.68476065922964e-06,0.002075930184819428,0.9974183831478826,0.5824308550241188,0.0
2010-07-21,0.0028217732291899184,0.0,5.66230291420495e-06,0.0028161109262757134,0.9966496893568009,0.5833015766198395,0.0
2010-07-22,-0.004113316872586831,0.0,5.63029149479963e-06,-0.004118947164081631,0.9954886757864899,0.5844773966661168,0.0
2010-07-23,-0.002555307073555564,0.0,5.733769189966688e-06,-0.002561040842745531,1.0013296066636272,0.582764455796059,0.0
2010-07-26,-8.251953503860031e-05,1.54964390874303e-05,1.7309691061987816e-05,-0.00011532566518801843,1.000000000046109,0.5787975175377388,0.07637322615577499
2010-07-27,-0.0017963935852162707,0.0,5.740959636989573e-06,-0.0018021345448532603,0.9978717998928404,0.5787817463926016,0.0
2010-07-28,0.0002895790892277126,0.0,5.714272094982668e-06,0.00028386481713272996,0.9951688982292852,0.5780270352955506,0.0
2010-07-29,-0.002048260685280084,0.0,5.756776302395343e-06,-0.0020540174615824793,0.9983971673067366,0.5781524972318767,0.0
2010-07-30,0.00015007192936130346,0.0,5.837777477234175e-06,0.0001442341518840693,1.0034477561256787,0.5772900002875843,0.0
2010-08-02,-0.0031153083969825096,2.0391489459207206e-05,1.7349950600663014e-05,-0.00315304983704238,0.9999999999716297,0.5778178686888297,0.10031847943770758
2010-08-03,0.0027193399113710683,0.0,5.857358166960977e-06,0.0027134825532041072,1.0041075038999332,0.5765203577117819,0.0
2010-08-04,-0.003915879419923988,0.0,5.827066256355318e-06,-0.003921706486180343,1.003048030916651,0.5776721942027129,0.0
2010-08-05,0.003340007376137246,0.0,5.94168149795439e-06,0.0033340656946392916,1.0097580269838924,0.576015277633222,0.0
2010-08-06,0.0061672523526520385,0.0,5.8796755330685875e-06,0.006161372677118969,1.0066464090521139,0.5774300951381071,0.0
2010-08-09,0.0029529774123047696,5.3182754651752004e-05,2.7480108177203053e-05,0.0028723145494758146,1.0000000000378595,0.33131736772591874,0.2500000000368531
2010-08-10,0.004275859541372517,0.0,9.054607778052179e-06,0.004266804933594465,0.9942993332558185,0.33331296545800954,0.0
2010-08-11,0.003552627319516042,0.0,8.947039927018803e-06,0.0035436802795890234,0.9892884339106187,0.3361545192382462,0.0
2010-08-12,-0.0015436216369824516,0.0,8.8358736874016e-06,-0.0015524575106698531,0.9835263630884923,0.3385075839081756,0.0
2010-08-13,0.0007074770284290981,0.0,8.860725032953009e-06,0.0006986163033961451,0.9843208252986069,0.3374878978930373,0.0
2010-08-16,0.00836404828089247,5.352772709107879e-05,2.7592904440739302e-05,0.008282927649360651,0.9999999999519854,0.32857265856066237,0.25000000000351763
2010-08-17,-0.0028564446474402625,0.0,9.001169563152274e-06,-0.002865445817003415,0.9912541888694781,0.3341688107593623,0.0
2010-08-18,0.0014170413905887484,0.0,9.068286537271597e-06,0.0014079731040514767,0.9942493691165721,0.3322644518957455,0.0
2010-08-19,0.003233292090294863,0.0,9.022058169936183e-06,0.003224270032124927,0.9918225856800388,0.3332123392746975,0.0
2010-08-20,0.0009198177292268662,0.0,8.931310384211066e-06,0.0009108864188426552,0.9873499842655311,0.3353643262181234,0.0
2010-08-23,0.0030423968618121648,5.1560631774374136e-05,2.4172278956548733e-05,0.002966663951081242,1.0000000000615623,0.41180787878554326,0.2500000000418786
2010-08-24,0.0036480277322434034,0.0,7.965125943976218e-06,0.0036400626062994272,0.9950773885367898,0.41362319462652575,0.0
2010-08-25,0.00317340365840833,0.0,7.873896691162109e-06,0.003165529761717168,0.990552296254951,0.4157578378001171,0.0
2010-08-26,0.0037007966382645203,0.0,7.74279317481617e-06,0.0036930538450897043,0.9828331885938686,0.4176092868322883,0.0
2010-08-27,-0.0014305792919284983,0.0,7.648847730450321e-06,-0.0014382281396589486,0.9781257719264972,0.4197598876036238,0.0
2010-08-30,0.00013741193497766201,2.690871408631248e-05,2.7235345765416067e-05,8.326787512593346e-05,0.9999999999870841,0.33727325302862654,0.13204581337227805
2010-08-31,0.0037272174707167786,0.0,9.152709776146143e-06,0.0037180647609406326,1.0055303854924116,0.33738257183374315,0.0
2010-09-01,0.0006979750946133126,0.0,9.054453330908402e-06,0.0006889206412824042,1.0008213122095726,0.33984621905325896,0.0
2010-09-02,-0.0031331615750095554,0.0,9.002351777599457e-06,-0.0031421639267871547,0.9974814275029862,0.34030974773822587,0.0
2010-09-03,-0.0040706708629582615,0.0,9.096876004211536e-06,-0.004079767738962473,1.0023113380798199,0.33823938977237766,0.0
2010-09-07,0.0031732542268620694,9.722546792575517e-06,3.633312916406679e-05,0.003127198550905427,1.0000000000146771,0.33692039277045815,0.0471151440086649
2010-09-08,0.0009919371236599282,0.0,9.039573049319791e-06,0.0009828975506106085,0.9989222547711438,0.33903342217079924,0.0
2010-09-09,-0.0005091051390987541,0.0,8.976491026027184e-06,-0.0005180816301247813,0.9949753222733698,0.33969147737338545,0.0
2010-09-10,-0.004253544277409136,0.0,8.94959383362928e-06,-0.0042624938712427654,0.9926785373321885,0.33935818747725116,0.0
2010-09-13,0.0016238703332122231,0.0,2.7326040315434448e-05,0.0015965442928967887,1.0014727868937645,0.3365391392181929,0.0
2010-09-14,0.0023567571711485148,2.240857696834335e-06,8.966420977743923e-06,0.0023455498924739365,1.0000000000446767,0.3454512686693705,0.01113104674709961
2010-09-15,-0.0030682938040800956,0.0,8.920869507086118e-06,-0.0030772146735871817,0.9982176078046116,0.3469941337873249,0.0
2010-09-16,-0.0014787355962802636,0.0,9.004708927539774e-06,-0.0014877403052078032,1.0023311921074414,0.3449874403970378,0.0
2010-09-17,0.0024725259829210095,0.0,9.035190676266965e-06,0.0024634907922447425,1.0035894373586802,0.3440205179911916,0.0
2010-09-20,0.006982433856572965,0.0,2.6912123231425938e-05,0.0069555217333415395,1.000503224473697,0.3456415591756662,0.0
2010-09-21,0.003632843439226073,5.032516984513535e-05,9.002119489703933e-06,0.0035735161498912336,1.0000000000305123,0.3428452772821251,0.23967577659823755
2010-09-22,-0.0007961007554562393,0.0,8.961468598233637e-06,-0.0008050622240544729,0.9994315920093148,0.3452443843382592,0.0
2010-09-23,-0.0022216440300540283,0.0,8.979996070694658e-06,-0.002230624026124723,1.0002655224702448,0.34472580930953467,0.0
2010-09-24,0.0007872895012485952,0.0,9.05837821610516e-06,0.00077823112303249,1.0045314810775279,0.34326987130185127,0.0
2010-09-27,0.00757201710196592,0.0,2.7016514159533163e-05,0.007545000587806387,1.0011914575751077,0.3437896130264674,0.0
2010-09-28,-0.00045235585620346066,1.3534016802356154e-05,8.219178083061112e-06,-0.00047410905108887793,1.0000000000091136,0.39999999994565283,0.06663135353943617
2010-09-29,-0.0037919095892772928,0.0,8.282782008077925e-06,-0.0038001923712853705,1.0043802496862184,0.3997371630965301,0.0
2010-09-30,0.0006188856692909797,0.0,8.400887203321772e-06,0.000610484782087658,1.0107204273224224,0.39745566147993294,0.0
2010-10-01,-0.0015439160573247172,0.0,8.401680070167892e-06,-0.001552317737394885,1.0111543220868606,0.3978316769646046,0.0
2010-10-04,0.0035445997706357794,0.0,2.5340163545169504e-05,0.00351925960709061,1.0135145281088973,0.3969038818431058,0.0
2010-10-05,-0.0006870062286735587,4.52081235265576e-05,8.21917808239926e-06,-0.0007404335302825156,1.0000000000170126,0.4000000000018663,0.2227052475429353
2010-10-06,-0.002617212423802554,0.0,8.324518524923797e-06,-0.0026255369423274777,1.0072987299045928,0.39960887758515545,0.0
2010-10-07,0.01324259040638164,0.0,8.486258531206352e-06,0.013234104147850433,1.0175335980660636,0.39803672528799966,0.0
2010-10-08,-0.0029615903966370336,0.0,8.001226712923371e-06,-0.002969591623349957,0.989997043692443,0.4059074936490369,0.0
2010-10-11,0.005414391948632434,0.0,2.4436057906690908e-05,0.005389955890725743,0.9987567943791242,0.4041460519829785,0.0
2010-10-12,-0.0029272068530278358,2.3918746755714343e-06,8.219178082157069e-06,-0.0029378179057855643,0.9999999999954233,0.39999999999795727,0.011742737825003902
2010-10-13,-0.0013999716881676117,0.0,8.292193912526318e-06,-0.001408263882080138,1.0035729134642113,0.3982427578497899,0.0
2010-10-14,-0.0011265967454052788,0.0,8.398909383837118e-06,-0.001134995654789116,1.0105228186756998,0.3974024336555902,0.0
2010-10-15,0.004459832352774372,0.0,8.375508413128346e-06,0.004451456844361244,1.008138233490137,0.3967261193317678,0.0
2010-10-18,0.0014785428358729126,0.0,2.4488012570085618e-05,0.001454054823302827,0.9952829767293454,0.3994080041905953,0.0
2010-10-19,0.0031096622220599677,1.8695585423312359e-06,8.219178082439234e-06,0.0030995734854351972,1.0000000000299172,0.4000000000118533,0.009205223230815573
2010-10-20,-0.0024029505260667293,0.0,8.035747761998876e-06,-0.0024109862738287283,0.9884736416900051,0.4018640550640872,0.0
2010-10-21,0.005297347652283817,0.0,8.164970020267417e-06,0.005289182682263549,0.9964693388787782,0.400426527399257,0.0
2010-10-22,0.0008486622303279547,0.0,7.899334836731397e-06,0.0008407628954912233,0.9802406610306075,0.4035892179492155,0.0
2010-10-25,0.0013639810691438185,0.0,2.3696252229549995e-05,0.0013402848169142684,0.980706933718534,0.4040981294661508,0.0
2010-10-26,-0.004740223247659841,5.149935472917676e-05,1.0209626610940063e-05,-0.004801932228999958,1.0000000000143996,0.2546972574157748,0.25000000000022715
2010-10-27,-0.003357273962548743,0.0,1.0339201137864785e-05,-0.003367613163686608,1.005924785428222,0.25116310236409284,0.0
2010-10-28,-0.0005337043000706047,0.0,1.0386549666139265e-05,-0.000544090849736744,1.0068612880164296,0.2486431623882634,0.0
2010-10-29,-0.0017216870266626486,0.0,1.0506905974399341e-05,-0.001732193932637048,1.0152486617942553,0.24824452566310345,0.0
2010-11-01,0.004552177053619293,0.0,3.1930846169971976e-05,0.004520246207449321,1.0239345284453594,0.2469506049760413,0.0
2010-11-02,-0.0012187960917797672,3.399615993013127e-05,1.2328767123427738e-05,-0.0012651210188333263,1.000000000024366,0.1000000000141412,0.16616352949309537
2010-11-03,3.330769254367052e-05,0.0,1.2420043477658917e-05,2.0887649066011602e-05,1.0055695062714805,0.09890633240237945,0.0
2010-11-04,0.003496678946210514,0.0,1.2401412043180443e-05,0.0034842775341673337,1.0042406526737804,0.09893757352160804,0.0
2010-11-05,-0.0045834934909116986,0.0,1.2465124236375072e-05,-0.004595958615148074,1.0120326516119738,0.10207858235659376,0.0
2010-11-08,-0.005125486696865317,0.0,3.789576767616918e-05,-0.005163382464541485,1.0200755879272978,0.09794524114051456,0.0
2010-11-09,-0.006162756222549207,5.115124263252122e-05,1.2328767123390948e-05,-0.006226236232305118,1.000000000045515,0.10000000003797563,0.25000000002796996
2010-11-10,0.000796396726650788,0.0,1.249365252975176e-05,0.0007839030741210363,1.006461791821994,0.09442515715011562,0.0
2010-11-11,0.0031738323634171164,0.0,1.245586890340233e-05,0.003161376494513714,1.004425397824525,0.09514696787615501,0.0
2010-11-12,0.006458066272747063,0.0,1.2298325312226943e-05,0.006445767947434836,0.9957886985163158,0.09801095072374913,0.0
2010-11-15,-0.005680349236006158,0.0,3.586044279399562e-05,-0.005716209678800153,0.9764040546148053,0.10379994662757883,0.0
2010-11-16,0.0035376499158093163,3.373049513460648e-05,1.2222433780667352e-05,0.0034916969868940425,1.0000000000430034,0.1077623340542869,0.16400983371769243
2010-11-17,-0.0024599060470846318,0.0,1.2058988992648317e-05,-0.00247196503607728,0.9912189068567344,0.1109127103934073,0.0
2010-11-18,0.002822307719351439,0.0,1.2169118564852658e-05,0.0028101386007865865,0.9970672154761524,0.10872156024190838,0.0
2010-11-19,-0.001415081961695966,0.0,1.2219911677464085e-05,-0.0014273018733734302,1.0032848450671528,0.11123129261227482,0.0
2010-11-22,-0.002364387008009327,0.0,3.69370231255336e-05,-0.0024013240311348606,1.0087740716247415,0.10997317557009073,0.0
2010-11-23,-0.0047219790712559485,5.103855019531735e-05,1.2063460782758037e-05,-0.0047850810822340235,0.9999999999933499,0.11936736285201324,0.2500000000013626
2010-11-24,-0.002464875934642687,0.0,1.2130961382676456e-05,-0.0024770068960253636,1.0007567898300982,0.11519660889471703,0.0
2010-11-26,-0.004473864786223875,0.0,2.46100113990979e-05,-0.0044984747976229734,1.011277079697291,0.11301166363021772,0.0
2010-11-29,0.0039608040442559,0.0,3.7142526745720614e-05,0.00392366151751018,1.0128297438684528,0.10902825972258456,0.0
2010-11-30,0.004682464462569985,0.0,1.2270369935480677e-05,0.004670194092634504,1.0082844708972338,0.11254746560714438,0.0
2010-12-01,-4.168944434812831e-06,2.815398573788248e-05,1.288287045623344e-05,-4.520580062892875e-05,0.999999999983999,0.059550456678957975,0.13942821237960254
2010-12-02,-0.0008990341193346764,0.0,1.3031704415806856e-05,-0.0009120658237504833,1.0108634020477272,0.05954897969382689,0.0
2010-12-03,0.0026172724166393015,0.0,1.3122792989071996e-05,0.0026041496236502296,1.0166673752209927,0.05870348701873704,0.0
2010-12-06,-0.004317606827697225,0.0,3.928143698453448e-05,-0.00435688826468176,1.0170097857322185,0.06116148577521291,0.0
2010-12-07,0.0011432576970998197,0.0,1.334113989220088e-05,0.0011299165572076187,1.0309958372666348,0.057092625135970465,0.0
2010-12-08,-0.006089129820902274,5.183000519199386e-05,1.2828325783486505e-05,-0.006153788151877754,1.00000000000753,0.06353221781301499,0.25000000000657613
2010-12-09,0.004966993623911789,0.0,1.3040713736756709e-05,0.004953952910175032,1.009770872157521,0.0577987693742813,0.0
2010-12-10,0.002181824709123328,0.0,1.28620033146445e-05,0.0021689627058086836,1.0013825991149994,0.062456357145950936,0.0
2010-12-13,0.003310656439540047,0.0,3.8394998303014614e-05,0.0032722614412370324,0.9987765795149748,0.06449828747495256,0.0
2010-12-14,0.0071406937135251244,0.0,1.2704390855132953e-05,0.007127989322669992,0.9950083114559751,0.0675877790312697,0.0
2010-12-15,-0.003921689129441884,2.8804087608089468e-05,1.1833004327966405e-05,-0.00396232622137794,1.0000000000462534,0.13619068410470617,0.14071032375530793
2010-12-16,0.009476997230284365,0.0,1.1847882482472807e-05,0.009465149347801892,0.9976905939909196,0.1327951727704049,0.0
2010-12-17,-0.0024091587144216796,0.0,1.1555368613361643e-05,-0.002420714083035041,0.9844800779559892,0.14093816918058918,0.0
2010-12-20,-0.004354092391679881,0.0,3.508368252235598e-05,-0.004389176074202237,0.9925681046999945,0.1388651633226656,0.0
2010-12-21,0.004705918723515605,0.0,1.190566780216095e-05,0.004694013055713444,1.0042178160247996,0.1351040664670502,0.0
2010-12-22,0.00012343004748658436,4.95761246738054e-05,1.2328767122938338e-05,6.152515568984062e-05,0.999999999967313,0.09999999999281467,0.24588074243631705
2010-12-23,0.001408475085350281,0.0,1.2324476672040887e-05,0.0013961506086782403,0.9998040673686429,0.10011727030965811,0.0
2010-12-27,-0.0014082576910111118,0.0,4.905865257962587e-05,-0.0014573163435907376,0.996704607363732,0.10138419778555988,0.0
2010-12-28,0.0019817765251935703,0.0,1.2332121080047479e-05,0.001969444404113523,1.0003666881453528,0.10012184930188686,0.0
2010-12-29,0.0013688000058085133,0.0,1.2375826982764243e-05,0.001356424178825749,1.0053383034064016,0.10190293366461187,0.0
2010-12-30,-0.0016891262278870812,1.5807805058399932e-05,1.2236931583826733e-05,-0.0017171709645293078,0.9999999999847645,0.10670399436541306,0.07818920592953232
2010-12-31,-0.0019800712638823534,0.0,1.2276056608001756e-05,-0.001992347320490355,1.0013476391915428,0.10519550680741466,0.0
2011-01-03,-0.004080793460019662,0.0,3.713828557330069e-05,-0.004117931745592963,1.0071197693498197,0.10342148706616966,0.0
2011-01-04,-0.005666435913831099,0.0,1.2645715482439883e-05,-0.0056790816293135395,1.0228886935417514,0.09975146332363982,0.0
2011-01-05,0.00681302904047839,0.0,1.2704991020453211e-05,0.006800324049457937,1.022086740212143,0.09462239571905853,0.0
2011-01-06,-0.000246657127854919,1.548348434120765e-05,1.2328767123433501e-05,-0.00027446937931956014,1.0000000000140303,0.10000000000338474,0.07665335615995711
2011-01-07,-0.005024255482882442,0.0,1.2308142804994216e-05,-0.005036563625687437,0.998275154395037,0.09978072963045959,0.0
2011-01-10,0.0035211946508904826,0.0,3.727614192426964e-05,0.003483918508966213,1.0022889238349932,0.09523613701109826,0.0
2011-01-11,0.0018315448357784836,0.0,1.2350065175243978e-05,0.0018191947706032395,0.999969221483198,0.09841446369038778,0.0
2011-01-12,0.005155387137193239,0.0,1.2396659365736059e-05,0.005142990477827503,1.0050201063690907,0.10006397267035858,0.0
2011-01-13,-0.0014945868078345122,3.74741567535537e-05,1.3742725251865614e-05,-0.0015458036898399316,0.9999999999968398,-0.0032189433893501096,0.1842420876155308
2011-01-14,-0.00038095449972062076,0.0,1.3660826027133056e-05,-0.0003946153257477538,0.9925194723106969,-0.004720827670016053,0.0
2011-01-18,0.006158406989787057,0.0,5.484328768052028e-05,0.006103563702106536,0.9957862039635559,-0.005103796205939037,0.0
2011-01-19,-0.011839954633904855,0.0,1.3534711859149509e-05,-0.011853489345764004,0.9890821786672526,0.0010482129493383507,0.0
2011-01-20,-0.010978873719323047,0.0,1.3847343465450635e-05,-0.010992721062788499,0.999934877013321,-0.010921195964575525,0.0
2011-01-21,-0.004120419127613978,5.121992047723461e-05,1.2873942936534921e-05,-0.004184512991027747,0.9999999999992364,0.060202165632187096,0.2500000000026345
2011-01-24,0.004969283053529466,0.0,3.8954344245855536e-05,0.0049303287092836105,1.0042064507433928,0.056317407427574864,0.0
2011-01-25,0.0012325162452961349,0.0,1.2818075341674944e-05,0.00121969816995446,0.9967055093503259,0.06098600940805513,0.0
2011-01-26,0.010203979003266596,0.0,1.2763503491816922e-05,0.010191215499774779,0.9938784851815893,0.06214273027895407,0.0
2011-01-27,0.002228974345702791,0.0,1.2548018195954415e-05,0.0022164263275068364,0.9876221748701302,0.07161684656545785,0.0
2011-01-28,-0.004844536569855096,5.933701964905703e-06,1.2640382997387996e-05,-0.00486311065481739,1.0000000000266962,0.0772520412173724,0.02913380650292873
2011-01-31,0.001992671350349781,0.0,3.823765862562748e-05,0.0019544336917241534,1.0032110443731537,0.07276135114955162,0.0
2011-02-01,0.014260094520579341,0.0,1.2746139720672714e-05,0.014247348380858667,1.005076405318093,0.07460820570898467,0.0
2011-02-02,-0.00398458742168778,0.0,1.246094194923781e-05,-0.003997048363637018,0.997268710595367,0.08761994830100675,0.0
2011-02-03,0.00860676166113189,0.0,1.2566137055075769e-05,0.008594195524076814,1.0012990020360641,0.08397099701553293,0.0
2011-02-04,0.004932919179053391,8.282272802800482e-06,1.212020654061098e-05,0.00491251669970998,0.9999999999967266,0.11522492253212524,0.04120524967826357
2011-02-07,0.010185492420838708,0.0,3.594190089244693e-05,0.010149550519946262,0.9941567049288965,0.1195704498793545,0.0
2011-02-08,0.012025407751395505,0.0,1.1698643902038917e-05,0.012013709107493466,0.9824532149531814,0.12845221010434044,0.0
2011-02-09,-0.004324190381425782,0.0,1.1440943382032437e-05,-0.004335631324807815,0.9739988618435004,0.13880999495513233,0.0
2011-02-10,0.005788357775690078,0.0,1.156096990082007e-05,0.005776796805789258,0.979022227232602,0.135071424472737,0.0
2011-02-11,0.001907378090073676,1.5659237912358783e-05,1.1353254823108586e-05,0.0018803655973382088,0.999999999998623,0.17121239791169618,0.07702994483904169
2011-02-14,0.0040285963843698066,0.0,3.402381229003846e-05,0.003994572572079768,1.0007076242187292,0.17279485849445994,0.0
2011-02-15,-0.003865271329976519,0.0,1.1330152581988412e-05,-0.0038766014825585074,1.0032210695180832,0.17611993103292897,0.0
2011-02-16,0.006540637072036626,0.0,1.1444957278325762e-05,0.006529192114758301,1.0084069024138858,0.1729250210961051,0.0
2011-02-17,0.008619430994847523,0.0,1.1270349667550298e-05,0.008608160645179972,1.0010370191941453,0.1783014934629736,0.0
2011-02-18,0.0022683799587685707,5.200767409881468e-05,1.4584580659799097e-05,0.002201787704009957,0.9999999999755242,-0.06467438818980974,0.25000000008449647
2011-02-22,-0.013704963517422016,0.0,5.806242599219906e-05,-0.013763025943414215,0.9973703690366696,-0.06226890532096317,0.0
2011-02-23,-0.00549767859846419,0.0,1.4810633604348159e-05,-0.005512489232068539,1.0041421620856328,-0.07703409103178294,0.0
2011-02-24,0.0014397964708808065,0.0,1.4931108399572194e-05,0.0014248653624812343,1.0069816662082758,-0.08298924696049437,0.0
2011-02-25,0.001847759537279039,0.0,1.4870308165006867e-05,0.001832889229114032,1.0040990772137297,-0.08143341883177171,0.0
2011-02-28,0.0013928332744359002,5.0891420781565405e-05,4.506174479267737e-05,0.0012968801088616576,1.0000000000236813,-0.09650245659813463,0.2500000000203245
2011-03-01,-0.0007873834239494731,0.0,1.5011873425352875e-05,-0.000802395297374826,1.0008803227482106,-0.09498643730254944,0.0
2011-03-02,0.007174322910801231,0.0,1.4884538243845117e-05,0.007159438372557386,0.9907205608984688,-0.09585073090222479,0.0
2011-03-03,0.010535835198381539,0.0,1.4620936107094729e-05,0.010521214262274444,0.979282288079224,-0.0880460477386911,0.0
2011-03-04,-0.004646965028566846,0.0,1.4365875161552191e-05,-0.0046613309037283985,0.9720056850729031,-0.07670320172040679,0.0
2011-03-07,-0.006804998148510147,5.207406958027951e-05,4.05344564951383e-05,-0.006897606674585565,0.99999999999434,0.013661558612641178,0.25000000000665895
2011-03-08,0.00414807802873338,0.0,1.3708388953152943e-05,0.004134369639780227,1.00761657638167,0.0069041828015051765,0.0
2011-03-09,-0.005677887229147765,0.0,1.3583068883171648e-05,-0.005691470298030937,1.0025707833087374,0.011006754837207089,0.0
2011-03-10,-0.008824485928066781,0.0,1.3757412703974254e-05,-0.008838243340770756,1.0096504976950866,0.005359370304966193,0.0
2011-03-11,0.0008086054237937435,0.0,1.3897738423828098e-05,0.0007947076853699154,1.0110388906917063,-0.0034960142477449274,0.0
2011-03-14,-0.0027046382328601765,3.339614698733278e-05,3.6028119626115845e-05,-0.002774062499473625,0.9999999999934491,0.12331575575796347,0.16297362204039914
2011-03-15,-0.015178613050658736,0.0,1.2028126490118519e-05,-0.015190641177148854,0.9989998648173573,0.1209466310387054,0.0
2011-03-16,-0.007732478156862235,0.0,1.2331765790684094e-05,-0.007744809922652919,1.0076183877476523,0.10739948502771327,0.0
2011-03-17,0.004282083660403477,0.0,1.2468170952988251e-05,0.004269615489450488,1.010621413358896,0.10044493379075387,0.0
2011-03-18,0.0020637424793687326,0.0,1.257327013342652e-05,0.002051169209235306,1.022130494112167,0.10428177437203112,0.0
2011-03-21,0.007799583286331047,4.472894283384749e-06,3.619197916952704e-05,0.007758918412878135,1.0000000000033018,0.1193285068781437,0.022076267918144377
2011-03-22,-0.004274694699692347,0.0,1.1935515032428769e-05,-0.004286630214724776,0.9974419053433476,0.1261493079760475,0.0
2011-03-23,-0.0041072488383557485,0.0,1.209365580945279e-05,-0.004119342494165202,1.0052361678774187,0.12239929378736503,0.0
2011-03-24,0.009830500650814842,0.0,1.2239192559316673e-05,0.009818261458255526,1.012242402825198,0.11878134599508094,0.0
2011-03-25,-0.005216339286963742,0.0,1.1994303969043979e-05,-0.005228333590932786,1.002945569064219,0.1273613793240086,0.0
2011-03-28,0.00018668956727774006,5.125378242946033e-05,3.5989252992564293e-05,9.944653185571544e-05,1.0000000000311238,0.12426151054539261,0.25000000002482703
2011-03-29,0.006759349788935865,0.0,1.1920185975885422e-05,0.00674742960295998,0.9946094016410314,0.12443582540139558,0.0
2011-03-30,-0.0023497839796805657,0.0,1.1678086520070719e-05,-0.0023614620662006365,0.9828161939426926,0.1303158779775302,0.0
2011-03-31,0.003176644192347931,0.0,1.1825383310886368e-05,0.0031648188090370446,0.9915219780617448,0.12826899636704003,0.0
2011-04-01,0.002743545337456016,0.0,1.1783262772219417e-05,0.0027317620746837965,0.9912091337120386,0.13103095134002107,0.0
2011-04-04,0.005425741744360671,2.4404243752214656e-06,3.592388697763917e-05,0.00538737743300781,1.000000000023974,0.1258520835680875,0.011977735031413916
2011-04-05,0.004598624535627726,0.0,1.1874827532700387e-05,0.0045867497080950255,0.9974367817751378,0.13057437188800955,0.0
2011-04-06,0.006524497206063871,0.0,1.1757276886984169e-05,0.0065127399291768865,0.992837035293706,0.13455582254386178,0.0
2011-04-07,0.003155292874265506,0.0,1.1521552244777096e-05,0.0031437713220207287,0.9812407594987286,0.1401674456300004,0.0
2011-04-08,0.005930593490530063,0.0,1.1398299818824708e-05,0.005919195190711239,0.9749494634255186,0.14287357665131498,0.0
2011-04-11,-0.008126924727713526,5.1470304602781265e-05,3.536522713410808e-05,-0.008213760259450415,1.000000000013747,0.13944613975045037,0.2500000000091373
2011-04-12,-0.0054417905043561265,0.0,1.1973350976676032e-05,-0.005453763855332802,1.0064613938062024,0.13240677250885213,0.0
2011-04-13,0.001217927293785108,0.0,1.2044745519525281e-05,0.0012058825482655826,1.0069276390561033,0.12766121613075773,0.0
2011-04-14,0.003314448633045353,0.0,1.2108157958124745e-05,0.003302340475087228,1.0126194484419928,0.12872391749888654,0.0
2011-04-15,0.0017191123364742535,0.0,1.213239478440281e-05,0.0017069799416898506,1.0172685849512255,0.13160376568982052,0.0
2011-04-18,0.002454964712587042,3.0826425043497536e-05,3.28767123303687e-05,0.0023912615752131757,1.0000000000473859,0.20000000000841442,0.14968204374748226
2011-04-19,-0.0003116469771702041,0.0,1.089531591386262e-05,-0.0003225422930840667,0.9973300585576467,0.20197199684567532,0.0
2011-04-20,0.00813493787171747,0.0,1.1019762938991435e-05,0.00812391810877848,1.006168109392758,0.20172541484638304,0.0
2011-04-21,0.003346903549631815,0.0,1.089943313375915e-05,0.0033360041164980556,1.0038278219232861,0.20816920315886814,0.0
2011-04-25,0.0009159029777990599,0.0,4.38392088619889e-05,0.0008720637689370711,1.0108783959570098,0.2108128342257124,0.0
2011-04-26,-0.007123800640736648,4.516832467049654e-06,1.0928006039195348e-05,-0.007139245479242893,1.0000000000554345,0.20225555919417418,0.022357468135719427
2011-04-27,0.013823231589871272,0.0,1.1034098674685181e-05,0.013812197491196587,1.0020240724821203,0.19653486923010216,0.0
2011-04-28,-0.00751078389001176,0.0,1.0796906461325905e-05,-0.007521580796473085,0.9956663495579907,0.20749217788119975,0.0
2011-04-29,-0.0015009460376854092,0.0,1.1035236331691984e-05,-0.0015119812740171012,1.007069221942766,0.20149696972925105,0.0
2011-05-02,-0.01656929719080449,0.0,3.346714450335003e-05,-0.01660276433530784,1.0146660547498376,0.20029887183498693,0.0
2011-05-03,-0.010031852199169872,6.329715182465301e-06,1.1013064993275282e-05,-0.010049194979345612,1.000000000036443,0.1960462555273477,0.031087277140038644
2011-05-04,-0.010010983297284481,0.0,1.11202676770155e-05,-0.010022103564961497,0.9996822143578294,0.1879026739356981,0.0
2011-05-05,-0.023725184269520125,0.0,1.1150136800079499e-05,-0.023736334406320204,0.9936525747747061,0.17969258836890273,0.0
2011-05-06,0.0024888656116459854,0.0,1.1232594188247804e-05,0.0024776330174577374,0.9797388849772681,0.15975950923517834,0.0
2011-05-09,0.02020395629833332,0.0,3.368399096223048e-05,0.020170272307371086,0.9814911565241017,0.16184737644315986,0.0
2011-05-10,0.0020550194955754205,3.878600935511328e-05,1.3240135154467427e-05,0.00200299335106584,0.9999999999964555,0.033470133720333195,0.1873894056326237
2011-05-11,-0.01820054116528367,0.0,1.3270306915690364e-05,-0.01821381147219936,1.0041865436569979,0.0354541388116012,0.0
2011-05-12,-0.0029658604680749268,0.0,1.3498519642856838e-05,-0.0029793589877177835,1.0029656152941318,0.017573681365582683,0.0
2011-05-13,-0.0013545335221634858,0.0,1.3511492150723003e-05,-0.001368045014314209,1.0009903998977399,0.014651472894960743,0.0
2011-05-16,-0.01049778954123997,0.0,4.096986727568409e-05,-0.010538759408515654,1.010248592145999,0.013315155104352577,0.0
2011-05-17,0.005514482406406599,7.117452749077522e-06,1.3426266907989076e-05,0.005493938686749532,1.0000000000086238,0.019882515725421185,0.03506976438982932
2011-05-18,0.011139402925009489,0.0,1.3272257061949539e-05,0.011126130667947539,0.9941329964819161,0.025258230959599948,0.0
2011-05-19,0.002123339362182319,0.0,1.3079562738926273e-05,0.0021102597994433927,0.9908052051079562,0.03599712516633832,0.0
2011-05-20,-0.005903392309542974,0.0,1.2941933881772986e-05,-0.005916334243424747,0.9828013632145554,0.038040189845127276,0.0
2011-05-23,-0.007283600211860867,0.0,3.95886014975566e-05,-0.007323188813358424,0.9956506975913381,0.03232806115079426,0.0
2011-05-24,0.007878788504300073,2.8245701506821435e-05,1.5187483733219388e-05,0.007835355319060032,0.999999999990719,-0.10868631253429667,0.13716632550741475
2011-05-25,0.0073695904115638425,0.0,1.5080135872349888e-05,0.007354510275691493,1.000826116680586,-0.10002380200095579,0.0
2011-05-26,-0.0009906675256108662,0.0,1.4976691404685156e-05,-0.0010056442170155513,1.0013207123352008,-0.0919777602068158,0.0
2011-05-27,-0.00020889671518697851,0.0,1.498162819200612e-05,-0.00022387834337898464,1.000596843006802,-0.09306201500964499,0.0
2011-05-31,-0.000245549056710592,0.0,6.035155321568643e-05,-0.00030590060992627844,1.008124048448317,-0.09329179773796041,0.0
2011-06-01,-0.014688985522816543,5.3034317025988056e-05,1.5171837286732039e-05,-0.014757191677129263,0.9999999999669815,-0.1075441219644572,0.25000000000084466
2011-06-02,-0.003167758051110998,0.0,1.547840241066964e-05,-0.0031832364535216676,1.0058594331064206,-0.12406394287246306,0.0
2011-06-03,0.003146841401287381,0.0,1.554768016816038e-05,0.0031312937211192206,1.0073426494085522,-0.12763800286715543,0.0
2011-06-06,-0.0039358106062158515,0.0,4.625444088663504e-05,-0.003982065047102487,1.001422168342172,-0.12410255989928061,0.0
2011-06-07,0.0029649862072866134,0.0,1.5564596706972237e-05,0.0029494216105796413,1.0076652935823367,-0.1285502660266369,0.0
2011-06-08,-0.004348744333171033,5.129614644183754e-05,1.2963575957221867e-05,-0.004413004055570093,1.000000000019816,0.053658955142619785,0.25000000002623546
2011-06-09,0.006849028682976279,0.0,1.3104655457608752e-05,0.00683592402751867,1.0061686299286168,0.049528781523177995,0.0
2011-06-10,-0.01463345466381662,0.0,1.2862632657015665e-05,-0.014646317296473636,0.9949672163807654,0.055995032418622,0.0
2011-06-13,-0.00034109266180899333,0.0,3.958665252254253e-05,-0.0003806793143315359,1.005251588474529,0.041976377092660944,0.0
2011-06-14,0.00988849129424116,0.0,1.3054072066800575e-05,0.00987543722217436,0.9945984010347707,0.04165114015832852,0.0
2011-06-15,-0.006206975968409505,5.1234476395401525e-05,1.2935388162178453e-05,-0.006271145832967085,0.999999999980993,0.05571666414196608,0.2499999999993147
2011-06-16,0.001998111575643247,0.0,1.316473126277879e-05,0.0019849468443804683,1.0108475121994511,0.04982213001659963,0.0
2011-06-17,0.0073124280984099115,0.0,1.3019170333444146e-05,0.0072994089280764675,1.0021170192766493,0.051717584935226824,0.0
2011-06-20,0.0033159369264069527,0.0,3.8411344396513154e-05,0.0032775255820104397,0.9932782982195666,0.058602251237746456,0.0
2011-06-21,0.0008117447656140762,0.0,1.2731006652183113e-05,0.0007990137589618931,0.9910793982908898,0.061715912681522656,0.0
2011-06-22,0.0006296531101362808,5.08711693745986e-05,1.0909315083635039e-05,0.0005678726256780472,1.0000000000427813,0.2036199989374234,0.25000000002925427
2011-06-23,0.00184057407815059,0.0,1.0840359064392605e-05,0.0018297337190861973,0.9954799417909242,0.20413373009026395,0.0
2011-06-24,-0.0007924557399636177,0.0,1.074890126893966e-05,-0.0008032046412325574,0.9902679069985738,0.20559811436597863,0.0
2011-06-27,0.00117661007208203,0.0,3.233342169957521e-05,0.0011442766503824548,0.9917502197386324,0.20497029171563574,0.0
2011-06-28,-0.0022967940741624774,0.0,1.0729309591231994e-05,-0.0023075233837537095,0.9891508824752497,0.2059112823153141,0.0
2011-06-29,0.004660276580008043,5.0433060316181374e-05,8.798817011613455e-06,0.004601044702680248,0.9999999999988124,0.3576863581510302,0.25000000000071887
2011-06-30,-0.0003640639554050128,0.0,8.694541350611648e-06,-0.0003727584967556244,0.9953886158674563,0.36068709727280607,0.0
2011-07-01,0.005496119511676221,0.0,8.734617728461227e-06,0.00548738489394776,0.9980844910524741,0.3604573968748045,0.0
2011-07-05,-9.327292565831246e-05,0.0,3.450514542757818e-05,-0.00012777807108589064,0.9936752518746911,0.3639563478213893,0.0
2011-07-06,0.005161709345182061,0.0,8.688612401695019e-06,0.005153020732780366,0.9981782798829543,0.3639095745592178,0.0
2011-07-07,0.003895498527774779,5.066726576888805e-05,8.624699883212412e-06,0.0038362065621226783,1.0000000000294376,0.37039690855493146,0.250000000019757
2011-07-08,0.0008890489185946356,0.0,8.533051499214055e-06,0.0008805158670954215,0.9957747907540491,0.3728620313114229,0.0
2011-07-11,-0.004124096662684372,0.0,2.5699147839383973e-05,-0.004149795810523755,0.9987682067492238,0.37342227599088074,0.0
2011-07-12,0.0007121408516344005,0.0,8.71221269000091e-06,0.0007034286389443995,1.0068286038487706,0.3708370774787043,0.0
2011-07-13,-0.0006882073536852655,0.0,8.739911786861588e-06,-0.0006969472654721271,1.0093016041280074,0.37128804368711144,0.0
2011-07-14,-0.002348338982751698,5.195216408295246e-05,8.76173679441172e-06,-0.0024090528836290623,1.0000000000600646,0.36039321406800895,0.2500000000510499
2011-07-15,-0.003417922848911478,0.0,8.781380222711834e-06,-0.0034267042291341895,0.9999502633261859,0.35890950706822183,0.0
2011-07-18,0.0006567167285669199,0.0,2.6871676124413456e-05,0.0006298450524425065,1.0105913897378391,0.35671393737711177,0.0
2011-07-19,0.0015191843563636493,0.0,8.941613377091797e-06,0.0015102427429865574,1.0098834841764164,0.35714570764871495,0.0
2011-07-20,0.0009409470620983611,0.0,8.910458718195208e-06,0.0009320366033801658,1.0085875242041886,0.35812403777593843,0.0
2011-07-21,0.0025832469312641977,4.408924390490908e-06,8.822747124752234e-06,0.0025700152597489547,1.0000000000085947,0.3559394599016812,0.02181449661012977
2011-07-22,0.0018154617840337754,0.0,8.672146362113412e-06,0.001806789637671662,0.99067034440416,0.35760365996988086,0.0
2011-07-25,0.0009282240548965047,0.0,2.6022943590189158e-05,0.0009022011113063156,0.9919958589073286,0.3587708982127258,0.0
2011-07-26,0.003045373803009368,0.0,8.636990523603857e-06,0.003036736812485764,0.9898752020621068,0.359374893839025,0.0
2011-07-27,-0.0009553433677914646,0.0,8.571242549413823e-06,-0.0009639146103408784,0.9870237308189028,0.36132302471169375,0.0
2011-07-28,0.004367816556600103,1.3220801073368213e-05,8.016147294847202e-06,0.004346579608231888,1.0000000000141573,0.41482124749031135,0.06528461053467456
2011-07-29,0.009292486343246547,0.0,7.90067698037173e-06,0.009284585666266176,0.9941243303379039,0.41737491077076766,0.0
2011-08-01,-0.0006277440892516932,0.0,2.3192307041677637e-05,-0.0006509363962933709,0.9870885470170194,0.4227424090028634,0.0
2011-08-02,0.007919216631831504,0.0,7.779172506888016e-06,0.007911437459324615,0.9902692066894019,0.4223896136865765,0.0
2011-08-03,0.0019773252154821085,0.0,7.677360295930509e-06,0.001969647855186178,0.9873784925050778,0.4269311909021508,0.0
2011-08-04,0.009191487709810264,5.102994324742044e-05,1.0049600240994268e-05,0.00913040816632185,0.9999999999992913,0.2663791824067099,0.24999999999954714
2011-08-05,-0.0019513515565708931,0.0,9.768991509243551e-06,-0.0019611205480801366,0.9862137425121763,0.2730773623373972,0.0
2011-08-08,0.009969669673508534,0.0,2.928159824160216e-05,0.009940388075266931,0.9841776569152724,0.27165876636961994,0.0
2011-08-09,0.003170243012716342,0.0,9.555586296103371e-06,0.0031606874264202387,0.9764142938882947,0.2788564942727487,0.0
2011-08-10,0.0089382840624247,0.0,9.555002091528679e-06,0.008928729060333172,0.9786533001592389,0.28113814747764554,0.0
2011-08-11,-0.017391808526681953,7.260184244389704e-06,9.996104893757067e-06,-0.0174090648158201,1.000000000005602,0.27028434276133606,0.035998896321030247
2011-08-12,0.00429728513731976,0.0,1.0378041889603441e-05,0.004286907095430157,1.0149702182045857,0.2573731602635345,0.0
2011-08-15,0.002010387995449935,0.0,3.082485076586171e-05,0.001979563144684073,1.010624845488166,0.2605534768521976,0.0
2011-08-16,0.006949943472933582,0.0,1.0225128375183925e-05,0.006939718344558398,1.0084795013545493,0.26204512996612256,0.0
2011-08-17,0.0018710953548140056,0.0,1.0044069048115435e-05,0.0018610512857658902,1.00035822934277,0.26714118883034327,0.0
2011-08-18,0.007338163275350444,5.16813022951292e-05,1.0071724517041962e-05,0.007276410248538272,0.9999999999831797,0.2647641102391165,0.25000000000767275
2011-08-19,0.007924892223038634,0.0,9.878597152082193e-06,0.007915013625886551,0.9912742405392723,0.27013664843727225,0.0
2011-08-22,0.007848940570763999,0.0,2.945861927308262e-05,0.007819481951490917,0.9927043651371423,0.2758779628254654,0.0
2011-08-23,-0.01788808986578797,0.0,9.70966804177091e-06,-0.01789779953382974,0.9903312867255135,0.28152551967623707,0.0
2011-08-24,-0.009952264536826008,0.0,1.0015822950348746e-05,-0.009962280359776357,0.9995970253938062,0.2684419500183478,0.0
2011-08-25,0.005326077936329043,4.767169298297167e-05,8.743862146204275e-06,0.005269662381199867,1.0000000000010802,0.3616980633281681,0.22938129061830037
2011-08-26,0.007682720526230835,0.0,8.73722004758975e-06,0.007673983306183245,1.002917250020138,0.36510018654608634,0.0
2011-08-29,-0.0034391335511018703,0.0,2.5988351487362052e-05,-0.0034651219025892323,1.0023271827997398,0.3699439632739298,0.0
2011-08-30,0.005547161424165729,0.0,8.612408199686755e-06,0.005538549015966042,0.996485028163719,0.3677792295865858,0.0
2011-08-31,-0.007589811694608524,0.0,8.662393629362466e-06,-0.007598474088237886,1.0036248283437517,0.3712700934002918,0.0
2011-09-01,0.0024014981545513367,3.764075609582719e-05,8.762548529188282e-06,0.002355094849926321,1.0000000000589877,0.3603339574282429,0.18000689021122984
2011-09-02,0.01991293008409095,0.0,8.742797662404865e-06,0.019904187286428544,1.0001074157098915,0.3618831863543363,0.0
2011-09-06,-0.010138774888790014,0.0,3.354388138810855e-05,-0.010172318770178122,0.9865209171531071,0.3743450818201261,0.0
2011-09-07,-0.007844412384563489,0.0,8.610482927486104e-06,-0.007853022867490974,0.9965144572272682,0.36794920352078264,0.0
2011-09-08,0.0046934508551165054,0.0,8.684591372094225e-06,0.004684766263744411,0.9969302558871624,0.3629550857242841,0.0
2011-09-09,0.0016237816440771247,5.187757226046597e-05,1.0105816659956327e-05,0.0015617982551567025,1.0000000000081117,0.2622753838312999,0.2500000000003254
2011-09-12,-0.006272474245096654,0.0,3.009756236569519e-05,-0.0063025718074623495,0.9958616684871614,0.2634876509219119,0.0
2011-09-13,-0.002173819654562763,0.0,1.0119110895257442e-05,-0.00218393876545802,0.9975416711617537,0.25884657580796067,0.0
2011-09-14,-0.0018093462672380642,0.0,1.0229154079180367e-05,-0.0018195754213172447,1.00396278841868,0.25723454063851314,0.0
2011-09-15,0.0011282113119885397,0.0,1.0258887068712941e-05,0.0011179524249198267,1.0047895630102675,0.25589080699422284,0.0
2011-09-16,0.004763605070781191,3.2676239899567105e-06,1.0160283097229332e-05,0.004750177163694006,1.000000000079037,0.2582993339812959,0.016151712055324702
2011-09-19,-0.0003161000014892032,0.0,3.0129895177145825e-05,-0.00034622989666634906,0.9949800338677794,0.26181925122389793,0.0
2011-09-20,0.005179755889967539,0.0,1.00219688111001e-05,0.0051697339211564395,0.9931974460003261,0.2615937227900189,0.0
2011-09-21,0.000965485094043971,0.0,9.911814003077227e-06,0.0009555732800408938,0.9889638461605788,0.2654014239359415,0.0
2011-09-22,-0.0024242632545710503,0.0,9.839629468958188e-06,-0.0024341028840400084,0.9844055701558098,0.2661126189218622,0.0
2011-09-23,-0.014204951564497338,6.627633414945415e-06,9.951579626012411e-06,-0.014221530777538297,1.000000000019583,0.2735346873206771,0.0326685435231569
2011-09-26,-0.00771723479713633,0.0,3.017757356936307e-05,-0.007747412370705693,0.9973919650504174,0.2630710081959161,0.0
2011-09-27,0.0013581211562531106,0.0,1.0250652593436035e-05,0.0013478705036596747,1.0056451903197903,0.2573475509989599,0.0
2011-09-28,-0.0009911449168267385,0.0,1.0295136185622543e-05,-0.001001440053012361,1.0099023813331742,0.25835743978272874,0.0
2011-09-29,0.0015854592026245749,0.0,1.0152756689797056e-05,0.0015753064459347779,0.998775528503871,0.2576242901486857,0.0
2011-09-30,0.005269220438118613,3.4762490602320188e-06,1.0077039415653257e-05,0.005255667149642728,1.0000000000086948,0.26437612266600696,0.017299878240510963
2011-10-03,0.008745073278101076,0.0,2.9638865484645448e-05,0.00871543441261643,0.9894479796053606,0.26823558614565474,0.0
2011-10-04,-0.00548212292643786,0.0,9.726583422474955e-06,-0.005491849509860335,0.9846280998305869,0.27458750998991505,0.0
2011-10-05,0.003487639620348098,0.0,9.813173854473251e-06,0.0034778264464936245,0.986953125876958,0.2705914345004107,0.0
2011-10-06,-0.0010559930562724236,0.0,9.727399045147234e-06,-0.0010657204553175708,0.98322930853711,0.27312917824136185,0.0
2011-10-07,0.0003744544485911517,5.114372103891068e-05,7.47915457643569e-06,0.00031583157297580534,1.0000000000180507,0.45402171593824525,0.2500000000111683
2011-10-10,-0.005075372457340333,0.0,2.211191463098327e-05,-0.005097484371971316,0.9923092923950327,0.45425270304110643,0.0
2011-10-11,-0.00167055252106577,0.0,7.5294237494986194e-06,-0.0016780819448152687,1.0011266701001742,0.4514787363867749,0.0
2011-10-12,0.0032646592905138656,0.0,7.571460318913524e-06,0.003257087830194952,1.0032808709088823,0.450564267628195,0.0
2011-10-13,-0.00013589932403369482,0.0,7.406967561488375e-06,-0.0001433062915951832,0.9930641971013109,0.4523555651126595,0.0
2011-10-14,-0.011484150079448108,2.769099886656271e-05,6.8493150689999764e-06,-0.011518690393383671,1.0000000000282583,0.49999999999126,0.13610720633247295
2011-10-17,0.006338945630969374,0.0,2.157108691014543e-05,0.006317374544059229,1.0191049325806603,0.49420848443378806,0.0
2011-10-18,0.0010755233362590006,0.0,7.066156252323581e-06,0.001068457180006677,1.0132345419431381,0.49740513552351684,0.0
2011-10-19,-0.00031672653002134813,0.0,6.999163459541884e-06,-0.00032372569348089003,1.0088875546257985,0.497948622079241,0.0
2011-10-20,-0.0030727077043424815,0.0,6.9599393534383785e-06,-0.00307966764369592,1.0058686167485833,0.49779304394758145,0.0
2011-10-21,-0.002917807850879271,2.003823606952311e-06,6.886915034457352e-06,-0.0029266985895206802,1.0000000000270641,0.49725520251167726,0.009945466339499887
2011-10-24,-0.0005694284437858324,0.0,2.0926785485240147e-05,-0.0005903552292710725,1.005006864731748,0.49578841792423745,0.0
2011-10-25,0.008372742800517127,0.0,7.0512661475632285e-06,0.008365691534369564,1.0102539460679671,0.4955115172958514,0.0
2011-10-26,0.0014153109241710432,0.0,7.059845137196165e-06,0.001408251079033847,1.0150725864970285,0.4997038914817085,0.0
2011-10-27,-0.010024744463724687,0.0,6.948963520561951e-06,-0.010031693427245249,1.0076888301569509,0.5004144931559285,0.0
2011-10-28,-0.0020125696343354185,5.099525247364755e-05,7.136476505863472e-06,-0.0020707013633149297,0.9999999999759686,0.479037215047935,0.25000000001156186
2011-10-31,0.013218432033996816,0.0,2.1877843380970263e-05,0.013196554190615845,1.0103753262332262,0.4780144706296166,0.0
2011-11-01,0.017436144317354282,0.0,7.145792146637394e-06,0.017428998525207646,1.0064775812562081,0.48483475455167824,0.0
2011-11-02,-0.0031660360801233954,0.0,6.825274883694892e-06,-0.0031728613550070905,0.9919118477761236,0.4936667812663965,0.0
2011-11-03,-0.006812121785031772,0.0,6.872838561903878e-06,-0.006818994623593676,0.9937792046765084,0.49206198965752546,0.0
2011-11-04,0.0015791579612008967,1.4368872104994414e-05,7.099079871400998e-06,0.0015576900092245014,1.0000000000159528,0.4817671694036799,0.07109812124196029
2011-11-07,0.003909410844751527,0.0,2.128456451661816e-05,0.0038881262802349086,1.0005189978240965,0.48259459458638787,0.0
2011-11-08,-0.007586483592725846,0.0,7.00754558543863e-06,-0.007593491138311284,0.9961705704107491,0.4846197426737291,0.0
2011-11-09,0.013596152860750957,0.0,7.15299120233902e-06,0.013588999869548618,1.0028516814101414,0.48068332363939303,0.0
2011-11-10,-0.004061120972368138,0.0,6.876671500188082e-06,-0.004067997643868326,0.9896497826788382,0.4876527631651082,0.0
2011-11-11,-0.0016435992002096559,5.127752854146425e-05,7.121686236823495e-06,-0.0017019984149879437,1.000000000005199,0.48011690471708357,0.2500000000048797
2011-11-14,0.009952286148615527,0.0,2.132642436346611e-05,0.00993095972425206,0.9982320475726847,0.47928905472834266,0.0
2011-11-15,-0.0007532846683715773,0.0,6.87055319406526e-06,-0.0007601552215656426,0.9859808644449483,0.4844304812781845,0.0
2011-11-16,0.003160615873922234,0.0,6.869445422049183e-06,0.003153746428500185,0.9855146618646504,0.48404514605506016,0.0
2011-11-17,-4.593524779427857e-05,0.0,6.792904242773039e-06,-5.272815203705161e-05,0.9815560787906751,0.4856740690682433,0.0
2011-11-18,0.0013976310588320908,4.559744109960917e-05,6.849315069019964e-06,0.0013451843026634617,1.0000000000251,0.49999999998664263,0.22004061562339397
2011-11-21,-0.0001741441314379466,0.0,2.0375317295122573e-05,-0.00019451944873306916,0.9965234524080636,0.5007240648934143,0.0
2011-11-22,0.0003185144278810624,0.0,6.809857641269159e-06,0.0003117045702397932,0.9977669142126757,0.5006473064000271,0.0
2011-11-23,0.0016061802787301984,0.0,6.860152596583003e-06,0.0015993201261336155,1.0016008557011227,0.5008097161505634,0.0
2011-11-25,-0.0030657823482233117,0.0,1.3714107655358474e-05,-0.00307949645587867,1.0021785850349105,0.5016136556143262,0.0
2011-11-28,0.003973991509603432,4.338914259630266e-05,2.055822819851871e-05,0.003910044138808611,0.9999999999771554,0.49974978047986657,0.20430123347075707
2011-11-29,-0.0057464719544187155,0.0,6.731624730029982e-06,-0.005753203579148746,0.9931704662581111,0.5017618609659225,0.0
2011-11-30,-0.001259986161981386,0.0,6.8774239817049526e-06,-0.001266863585963091,1.000937529976449,0.49888557931198724,0.0
2011-12-01,-0.002968687986994227,0.0,6.839565030704175e-06,-0.0029755275520249314,0.9975450638087776,0.4982568165673729,0.0
2011-12-02,0.007222249679285861,0.0,6.928610941645983e-06,0.007215321068344215,1.0025548690447432,0.49676627030458653,0.0
2011-12-05,0.0065007513067885945,1.468412132451268e-06,2.0818460974914564e-05,0.006478464433681229,1.0000000000435079,0.49341744965392004,0.007264965456925468
2011-12-06,-0.004143503206317627,0.0,6.737574565207385e-06,-0.0041502407808828344,0.9885432886987265,0.49670034543858754,0.0
2011-12-07,0.005715150921595435,0.0,6.79844296980729e-06,0.005708352478625628,0.9908959279239172,0.49460959112798514,0.0
2011-12-08,0.0016117518868130655,0.0,6.656735182459087e-06,0.0016050951516306065,0.9834265910771911,0.49748492275767786,0.0
2011-12-09,2.3508636609511186e-05,0.0,6.660530319864025e-06,1.684810628964716e-05,0.9845155741192712,0.4982968607691976,0.0
2011-12-12,0.007269488985985812,5.388495312393866e-06,2.106291265169447e-05,0.007243037578021724,1.0000000000476716,0.48746912552310595,0.02632260832053296
2011-12-13,0.0010939642277843157,0.0,6.849782928265303e-06,0.0010871144448560504,0.991215126032703,0.4911809722693359,0.0
2011-12-14,0.011452452229843611,0.0,6.893138643939864e-06,0.011445559091199672,0.9949394794579403,0.49174035845033004,0.0
2011-12-15,-0.0003208758406508483,0.0,6.610287508450028e-06,-0.0003274861281592983,0.9800496484820234,0.49749866036517143,0.0
2011-12-16,0.0038543924975491532,0.0,6.598813172209373e-06,0.003847793684376944,0.9790540182618406,0.4973406566905563,0.0
2011-12-19,0.0027565834284082836,4.349639735810573e-06,2.074077046009265e-05,0.00273149301821238,0.9999999999912368,0.49530791879564884,0.021257934632852943
2011-12-20,-0.006892381103547796,0.0,6.915399227616381e-06,-0.0068992965027754125,1.0015318920929963,0.49670774847700033,0.0
2011-12-21,-0.00550537444248841,0.0,7.010985983826682e-06,-0.005512385428472237,1.0050202029756254,0.4932182261562777,0.0
2011-12-22,0.0013296801932168858,0.0,7.096239608117268e-06,0.0013225839536087686,1.0084417063033102,0.4904162149107497,0.0
2011-12-23,-0.00023067141158725001,0.0,7.0912233890746024e-06,-0.00023776263497632462,1.0087556863159859,0.49109637891353997,0.0
2011-12-27,-0.0024755140494391614,5.1312433712806276e-05,3.287671232805315e-05,-0.0025597031954800206,0.9999999999821382,0.39999999999516817,0.2499999999995713
2011-12-28,0.0037258735362230328,0.0,8.301665731759691e-06,0.003717571870491273,1.0045662403576998,0.3985446419392424,0.0
2011-12-29,0.00483910314995908,0.0,8.233558823597206e-06,0.004830869591135482,1.001830378969595,0.40078058484699897,0.0
2011-12-30,0.004007437266219146,0.0,8.062396462326639e-06,0.003999374869756819,0.992224554489752,0.40366961273990765,0.0
2012-01-03,-0.003012406178537598,0.0,3.1896505273080125e-05,-0.0030443026838106783,0.9881643127100016,0.4060530914762893,0.0
2012-01-04,-0.006870438484616627,1.3140611713306526e-05,8.219178082377492e-06,-0.006891798274412311,1.0000000000142502,0.4000000000006931,0.0649327132135678
2012-01-05,0.01097614574364435,0.0,8.421901687084921e-06,0.010967723841957266,1.0106565563155696,0.39585773315837014,0.0
2012-01-06,-0.0029647348806153754,0.0,8.053591216705032e-06,-0.0029727884718320804,0.9903324036082259,0.40242024478875865,0.0
2012-01-09,-0.00026180447973394216,0.0,2.4630456392139595e-05,-0.0002864349361260818,0.9999876528874345,0.400646547345371,0.0
2012-01-10,0.002795614711053742,0.0,8.206146192216635e-06,0.0027874085648615255,0.999548131934667,0.4004994599028529,0.0
2012-01-11,0.011392221814457044,1.6783265578198989e-06,8.219178082749624e-06,0.011382324309816474,1.0000000000275548,0.3999999999868323,0.00830029040449598
2012-01-12,0.004482569208420251,0.0,7.924044863142768e-06,0.004474645163557108,0.9852175961544253,0.40676232114500316,0.0
2012-01-13,0.00822771202069079,0.0,7.757555887512264e-06,0.008219954464803277,0.9757144926314675,0.40941291284307246,0.0
2012-01-17,0.008403313101543911,0.0,3.0089774671763917e-05,0.008373223326872146,0.9633740146328581,0.4142356268731665,0.0
2012-01-18,-0.001241157848967931,0.0,7.279571458072239e-06,-0.0012484374204260033,0.9505381917146287,0.4191294752753551,0.0
2012-01-19,0.004548588496024176,5.0688657184414235e-05,8.219178082539336e-06,0.004489680660757222,0.999999999998773,0.39999999997340163,0.24797467772042175
2012-01-20,-0.004076104482352416,0.0,7.961994570081135e-06,-0.004084066476922497,0.9839660162434691,0.40274041262754623,0.0
2012-01-23,-0.015342266850812249,0.0,2.409175890861643e-05,-0.015366358609720866,0.9865319566207073,0.40029915651104103,0.0
2012-01-24,-0.000548587226498035,0.0,8.53582609830406e-06,-0.000557123052596339,1.014079896957439,0.3909645917812426,0.0
2012-01-25,-0.009650169529132599,0.0,8.577995553993234e-06,-0.009658747524686592,1.0168273109997394,0.3906336355582335,0.0
2012-01-26,0.01231952914506317,8.362235308453733e-06,8.219178082185171e-06,0.012302947731672533,0.9999999999990665,0.399999999999549,0.04046387255066636
2012-01-27,-0.004573105840278506,0.0,7.90152813136543e-06,-0.004581007368409871,0.9841199883507536,0.4073084347610773,0.0
2012-01-30,0.010542884325306201,0.0,2.430841520326365e-05,0.010518575910102938,0.9960935229254552,0.404588752979373,0.0
2012-01-31,0.0120917931863717,0.0,7.802850810521095e-06,0.012083990335561179,0.9804186050867314,0.41081049591869145,0.0
2012-02-01,0.0025341142406039175,0.0,7.471892254250422e-06,0.002526642348349667,0.9633010925591993,0.4178529579989186,0.0
2012-02-02,-0.010179885694241882,9.495043134424897e-06,8.23993871083096e-06,-0.010197620676087139,0.9999999999950834,0.3984844741044233,0.04560041475363627
2012-02-03,-0.0041872817332171694,0.0,8.616905722281666e-06,-0.004195898638939451,1.0213392854262129,0.39230516769965107,0.0
2012-02-06,-0.0014335300053696322,0.0,2.58204159230112e-05,-0.0014593504212926434,1.0180500385621953,0.3897532511022562,0.0
2012-02-07,0.002256014071184371,0.0,8.735481621556286e-06,0.002247278589562815,1.026577402233658,0.38888724386004897,0.0
2012-02-08,0.0030720934707109786,0.0,8.55487666458346e-06,0.003063538594046395,1.014772217523124,0.39026622100853137,0.0
2012-02-09,-0.0026734548331044314,2.1361547614506936e-06,8.240333062046739e-06,-0.002683831320927929,0.9999999999701233,0.39845568644071133,0.010474839089733207
2012-02-10,0.004095420017632199,0.0,8.269591824973285e-06,0.004087150425807226,1.0005275060516137,0.39684730282856384,0.0
2012-02-13,0.0022666348203584257,0.0,2.465146038321184e-05,0.002241983359975214,0.9991628826884358,0.39931068003028103,0.0
2012-02-14,-0.004231293604788834,0.0,8.154616429360842e-06,-0.004239448221218195,0.9959659985450793,0.4006789992017377,0.0
2012-02-15,0.005346856543590167,0.0,8.339197359729494e-06,0.005338517346230438,1.0068969880369292,0.39813558077667627,0.0
2012-02-16,-0.008809202724426073,8.889727059391776e-07,8.234460920802638e-06,-0.008818326158052815,1.0000000000012408,0.3988843527826481,0.004399810141642813
2012-02-17,-0.007761486423798893,0.0,8.482622599453478e-06,-0.007769969046398347,1.0127770129526121,0.3935455631925082,0.0
2012-02-21,-0.0008914966655379778,0.0,3.4971214425341186e-05,-0.0009264678799633189,1.0270297434694768,0.38880508020700016,0.0
2012-02-22,0.0029654234204862535,0.0,8.706530950040073e-06,0.002956716889536213,1.0238500656413108,0.38827330628838563,0.0
2012-02-23,0.0041264047446574635,0.0,8.710008194093505e-06,0.00411769473646337,1.0259159559120974,0.3900853577432716,0.0
2012-02-24,0.003839038084494895,5.1095971694835906e-05,8.235550690759054e-06,0.0037797065621093,0.9999999999923722,0.3988047995669612,0.25000000001128725
2012-02-27,0.005417496400831574,0.0,2.435231632195724e-05,0.005393144084509616,0.9937007231801522,0.40112769267919285,0.0
2012-02-28,0.003895093752199805,0.0,7.970524296372442e-06,0.003887123227903433,0.9862126672776536,0.4043643936424652,0.0
2012-02-29,-0.004039211883351049,0.0,7.850437985220179e-06,-0.004047062321336269,0.9797606501830599,0.406678677261987,0.0
2012-03-01,0.004280239348203434,0.0,7.959495979212146e-06,0.004272279852224222,0.9853188003846396,0.4042755939021531,0.0
2012-03-02,0.0005769433884033149,1.87871309078686e-05,8.219178082456068e-06,0.0005499370794129903,1.0000000000319844,0.40000000001269165,0.09187436847241331
2012-03-05,0.005933491879638395,0.0,2.4616997839559603e-05,0.005908874881798835,0.9993703864629265,0.4003567723669764,0.0
2012-03-06,0.002440214341726182,0.0,7.945975770259837e-06,0.0024322683659559223,0.983959879354507,0.4039036481255387,0.0
2012-03-07,0.0043818219792971635,0.0,7.843750983454724e-06,0.004373978228313709,0.9779517450059375,0.40535792321374253,0.0
2012-03-08,0.00013725647848978552,0.0,7.696382338433936e-06,0.00012956009615135158,0.9697912680475796,0.4079553573419025,0.0
2012-03-09,-0.0005067791107262928,6.123468995219404e-06,8.219178083696006e-06,-0.0005211217578052082,1.0000000001929799,0.40000000008317127,0.029899405070108936
2012-03-12,0.003151344993183697,0.0,2.4727989480946986e-05,0.0031266170037027503,1.0014159248311278,0.39970151412808475,0.0
2012-03-13,-0.006304392789913196,0.0,8.127184311769152e-06,-0.006312519974224965,0.9948816731886352,0.4015972184294872,0.0
2012-03-14,-0.0013664044713616128,0.0,8.323014965782457e-06,-0.0013747274863273953,1.0053840636554243,0.397803971153305,0.0
2012-03-15,-0.00019813489270863516,0.0,8.226662206969803e-06,-0.00020636155491560496,0.9975296516593662,0.3969833105505707,0.0
2012-03-16,-0.003921319112391086,5.040458490737937e-05,8.219178083559953e-06,-0.003979942875382026,1.0000000000050342,0.39999999990515744,0.2500000000049406
2012-03-19,-0.0010011041469591567,0.0,2.5061730055549115e-05,-0.0010261658770147058,1.007496781602206,0.3976613502505107,0.0
2012-03-20,0.002672163499842627,0.0,8.384391610993145e-06,0.002663779108231634,1.0091282910341774,0.3970677034316779,0.0
2012-03-21,0.0005261119322368719,0.0,8.288281974290204e-06,0.0005178236502625817,1.0037224612546884,0.3986778771315036,0.0
2012-03-22,0.005344534011027378,0.0,8.306684493774581e-06,0.005336227326533604,1.0053853468301572,0.39899737878461283,0.0
2012-03-23,0.0006348308439655685,5.064934608205308e-05,8.219178083128732e-06,0.0005759623198003868,1.0000000000460596,0.39999999997766195,0.2500000000526271
2012-03-26,0.00810275845598484,0.0,2.4652036711671467e-05,0.008078106419273168,1.0002704397328754,0.40040421308220303,0.0
2012-03-27,0.003451106517194412,0.0,8.054162110978546e-06,0.0034430523550834334,0.9931872866850021,0.4052334525835682,0.0
2012-03-28,0.0007110872265003988,0.0,7.987813149790129e-06,0.0007030994133506087,0.9903926248739591,0.4072822649392798,0.0
2012-03-29,0.009803847139520908,0.0,7.908158545442741e-06,0.009795938980975465,0.9850022676458504,0.40770669382853036,0.0
2012-03-30,-0.0006702498498092417,5.12815061960537e-05,1.135736909013411e-05,-0.0007328887250954296,1.0000000000167897,0.1709120564369995,0.2500000000041906
2012-04-02,-2.659188304383306e-05,0.0,3.409155168279879e-05,-6.068343472663185e-05,0.9999277573442281,0.17036666639612422,0.0
2012-04-03,-0.0037989693235703764,0.0,1.145376735734467e-05,-0.003810423090927721,1.0064754290473463,0.17035041196118533,0.0
2012-04-04,0.0002967050991823575,0.0,1.1531837684371703e-05,0.0002851732614979858,1.0090126525236482,0.16718850156451384,0.0
2012-04-05,0.0032274828710228192,0.0,1.143460792396543e-05,0.003216048263098854,1.002163836427184,0.16743745797770784,0.0
2012-04-09,-0.0025868661702964095,1.5933306344375546e-06,4.559240763612118e-05,-0.0026340519085669683,1.0000000000343345,0.1679385606751228,0.007845535232588075
2012-04-10,0.004272772559201429,0.0,1.1460224082934868e-05,0.004261312335118494,1.0023847477834564,0.16578838972921098,0.0
2012-04-11,0.004368012290072359,0.0,1.1181592887133538e-05,0.004356830697185225,0.9855958343207518,0.16933955356000385,0.0
2012-04-12,0.002875284310521448,0.0,1.1070885462837725e-05,0.0028642134250586103,0.9811286731909377,0.17295403440378368,0.0
2012-04-13,-0.001241298003516853,0.0,1.1063963516372918e-05,-0.001252361967033226,0.9829964810488933,0.17532714435367014,0.0
2012-04-16,-0.001462563382265295,5.156766838334325e-05,2.4678050072824284e-05,-0.0015388091007214626,1.0000000000114695,0.3995007815727452,0.2500000000104464
2012-04-17,0.010468970026600969,0.0,8.256376144298534e-06,0.010460713650456671,1.001367125537476,0.3986516670036832,0.0
2012-04-18,0.0012521472934444828,0.0,8.066438574492775e-06,0.00124408085486999,0.9937352643236007,0.4048852483856281,0.0
2012-04-19,-0.0005733116281139617,0.0,7.98211327945082e-06,-0.0005812937413934126,0.988327025133466,0.4056327557335562,0.0
2012-04-20,-0.0005692907456480227,0.0,7.921517513856392e-06,-0.000577212263161879,0.9835658180868817,0.40529503957536517,0.0
2012-04-23,-0.01031697147205152,2.8369206142183354e-06,2.4657534247610575e-05,-0.010344465926913349,1.0000000000320843,0.40000000000689373,0.013942860642892803
2012-04-24,0.0034886315572843912,0.0,8.496449759983337e-06,0.003480135107524408,1.013997058881155,0.39375622640237157,0.0
2012-04-25,-7.185582317684916e-06,0.0,8.391398592308444e-06,-1.5576980909993362e-05,1.008439283903941,0.39586718666542475,0.0
2012-04-26,0.007016646319788349,0.0,8.604893429376778e-06,0.007008041426358972,1.0240233878273457,0.39586616748284087,0.0
2012-04-27,-0.00391064025470881,0.0,8.428545435318077e-06,-0.003919068800144128,1.0153628600716305,0.40007904329341093,0.0
2012-04-30,-0.008965694283340266,5.476694316720837e-06,2.4657534247453505e-05,-0.00899582851190444,1.000000000013483,0.39999999999211416,0.026697775967931103
2012-05-01,-0.0036613713991802115,0.0,8.49351455235754e-06,-0.003669864913732569,1.0146104772632407,0.39458391494114037,0.0
2012-05-02,0.010544673733064247,0.0,8.671527475343105e-06,0.010536002205588904,1.025383966470253,0.39236246077020664,0.0
2012-05-03,-0.00890255396693481,0.0,8.319572973254052e-06,-0.008910873539908064,1.0060351904268698,0.3987063633793239,0.0
2012-05-04,-0.002610105416081196,0.0,8.556760162229403e-06,-0.0026186621762434256,1.0179520238459832,0.39330853200323684,0.0
2012-05-07,-0.0021661235387646174,4.1750269894225485e-06,2.46575342480084e-05,-0.002194956100002048,1.0000000000271931,0.39999999999232183,0.02054373814172611
2012-05-08,-0.007185313830634374,0.0,8.32736413288861e-06,-0.007193641194767263,1.006606606961548,0.39870902526067914,0.0
2012-05-09,-0.0022621096194513418,0.0,8.564395780777451e-06,-0.0022706740152321193,1.019561492085188,0.39436060008843415,0.0
2012-05-10,-0.0016012513193889165,0.0,8.582521528563789e-06,-0.0016098338409174804,1.0195149161531238,0.3929908445679674,0.0
2012-05-11,0.00018780314439327832,0.0,8.629372239547542e-06,0.00017917377215373077,1.021964854894819,0.39202068140784846,0.0
2012-05-14,0.0012685452307785528,5.009220553007665e-06,2.4657534246923025e-05,0.001238878475978622,1.0000000000186218,0.4000000000101613,0.024272991224082885
2012-05-15,-0.008764869568671672,0.0,8.05831161035092e-06,-0.008772927880282022,0.9890287849456605,0.40077203739004325,0.0
2012-05-16,-0.01283101714410961,0.0,8.308434384860019e-06,-0.01283932557849447,1.0019923660976007,0.3954766560028192,0.0
2012-05-17,-0.010952722851241261,0.0,8.677961932290322e-06,-0.010961400813173552,1.0211136707490303,0.38762244969183685,0.0
2012-05-18,-0.009796902797056164,0.0,8.81312356638056e-06,-0.009805715920622545,1.024202334359701,0.38084431401392027,0.0
2012-05-21,0.013748207470578106,3.486585530622139e-05,2.4657534247907013e-05,0.013688684081023977,1.000000000067361,0.40000000003495695,0.17203475306838945
2012-05-22,-0.0014019588002687875,0.0,7.961518701871889e-06,-0.0014099203189706594,0.9893518854818582,0.4081610202452101,0.0
2012-05-23,0.0011754578066675596,0.0,7.993821056116721e-06,0.0011674639856114428,0.9908823061350642,0.40733336903854356,0.0
2012-05-24,0.0037354219987371247,0.0,7.970670299348941e-06,0.003727451328437776,0.989891395491425,0.40803246363895235,0.0
2012-05-25,0.003658501214691666,0.0,7.819290219543333e-06,0.003650681924472123,0.9810469267253589,0.4102387406986955,0.0
2012-05-29,0.01207982024561609,5.596386688657713e-06,3.2876712328757e-05,0.012041347146598675,0.9999999999895856,0.3999999999897703,0.02721357267455337
2012-05-30,0.0011577626162042301,0.0,7.924466137508098e-06,0.001149838150066722,0.9856628903246226,0.4071768622865314,0.0
2012-05-31,0.001354488596926788,0.0,7.788174508646334e-06,0.0013467004224181416,0.9764023845547084,0.4078656454235261,0.0
2012-06-01,-0.0003426010578236046,0.0,7.746368579071127e-06,-0.00035034742640267574,0.9741546845296364,0.40866977825744405,0.0
2012-06-04,-0.007110978488768721,0.0,2.2710477349997557e-05,-0.007133688966118719,0.9610918992288884,0.40847028371228095,0.0
2012-06-05,0.0029980622101686933,5.3667317030587885e-06,8.219178082161333e-06,0.002984476300383473,0.999999999989009,0.39999999999123176,0.02623073778573548
2012-06-06,0.005085010973592994,0.0,8.190208823135226e-06,0.005076820764769859,0.9996841469870522,0.40179890289818077,0.0
2012-06-07,0.006732627622467158,0.0,8.190833343700464e-06,0.006724436789123458,1.0027595053574434,0.40482867126730965,0.0
2012-06-08,0.002484911684955745,0.0,7.943689069864182e-06,0.0024769679958858808,0.9887015687441955,0.40881226664411013,0.0
2012-06-11,0.001204563437520378,0.0,2.390391274752413e-05,0.001180659524772854,0.9919428024634352,0.41028092560701507,0.0
2012-06-12,0.002837371443743488,3.8228914690976364e-05,8.219178082236153e-06,0.0027909233509702753,1.000000000001892,0.3999999999986528,0.18671722908283295
2012-06-13,0.0010616813845509736,0.0,8.204317395568964e-06,0.0010534770671554046,1.000631382161601,0.4017162122850668,0.0
2012-06-14,-0.018776262039564017,0.0,8.134139214317915e-06,-0.018784396178778334,0.9961461855787873,0.4023540229335796,0.0
2012-06-15,0.008891142296407091,0.0,8.902062775009854e-06,0.008882240233632082,1.0407715579456787,0.39092097536995934,0.0
2012-06-18,-0.010352360941305745,0.0,2.611532062587266e-05,-0.010378476261931618,1.0317649574344072,0.39629215553817226,0.0
2012-06-19,0.003232102493833457,5.1246676219993355e-05,8.21917808237618e-06,0.0031726366395310873,0.9999999999987359,0.39999999998527475,0.2500000000738437
2012-06-20,0.0018685358469489348,0.0,8.147241889264449e-06,0.0018603886050596703,0.9967054973989601,0.4019568394826554,0.0
2012-06-21,-0.008090186915409957,0.0,8.074100475760955e-06,-0.008098261015885719,0.9924848329962018,0.4030754982656522,0.0
2012-06-22,-0.0022799483951382606,0.0,8.187773061032159e-06,-0.0022881361681992927,0.9959175543033846,0.3982101208480371,0.0
2012-06-25,-0.0069803622242376,0.0,2.4835800916126448e-05,-0.007005198025153727,1.0011760145659727,0.3968381922735626,0.0
2012-06-26,-0.007736968461149423,5.059834832110977e-05,8.219178082190526e-06,-0.007795785987552723,0.9999999999982427,0.39999999999833424,0.24999999999570915
2012-06-27,0.0009205105229899274,0.0,8.500557700090929e-06,0.0009120099652898365,1.0158857690993748,0.39534505699273703,0.0
2012-06-28,0.0031650294408857205,0.0,8.508250160044495e-06,0.003156521190725676,1.0170067603508872,0.395904498667639,0.0
2012-06-29,-0.0030463727711977405,0.0,8.45784948996308e-06,-0.0030548306206877036,1.0152368331219166,0.3978138203546118,0.0
2012-07-02,0.002840819957488575,0.0,2.5938330959678162e-05,0.002814881626528897,1.027143143876808,0.3959770905246395,0.0
2012-07-03,-0.005149793144800164,5.106743312181056e-05,8.219178082083971e-06,-0.005209079756004058,0.9999999999830731,0.39999999999094304,0.2500000000235146
2012-07-05,-0.004437944337632038,0.0,1.6769089268356038e-05,-0.004454713426900394,1.0089895415305887,0.3969177832355934,0.0
2012-07-06,0.01273153707916523,0.0,8.583565771618153e-06,0.012722953513393611,1.0208363488403072,0.3942360475121821,0.0
2012-07-09,-0.006423197675076358,0.0,2.4616165010143342e-05,-0.006447813840086501,1.0008481531735265,0.401854804593372,0.0
2012-07-10,0.008510889434317897,0.0,8.496649682001988e-06,0.008502392784635894,1.01825324957454,0.397997822788395,0.0
2012-07-11,-0.005140716655916946,3.344393092564883e-05,1.0240413338097941e-05,-0.005184401000180693,1.0000000000005467,0.252449826319397,0.15911055650245615
2012-07-12,0.0010526286685284371,0.0,1.0439657192785016e-05,0.001042189011335652,1.010692916151153,0.24859794107784688,0.0
2012-07-13,-0.0026481076691780405,0.0,1.0467934623944879e-05,-0.0026585756038019852,1.0135498850915299,0.24939065754355363,0.0
2012-07-16,0.0029345813747387087,0.0,3.167351268033082e-05,0.002902907862058378,1.0181224241171336,0.24740028222908358,0.0
2012-07-17,-0.0008724963773142348,0.0,1.0491989030763248e-05,-0.0008829883663449981,1.0155254672401282,0.24961026799441083,0.0
2012-07-18,-0.0036461234623979223,5.463107776857936e-05,1.0236355535157279e-05,-0.0037109908957016586,1.0000000000252671,0.25274604595878575,0.25000000002053896
2012-07-19,-0.004765442801231928,0.0,1.0405084426463592e-05,-0.004775847885658392,1.0095989364185696,0.2500277732867275,0.0
2012-07-20,0.0019393886239756713,0.0,1.0580705234973132e-05,0.0019288079187406982,1.018830769186456,0.24643928703341722,0.0
2012-07-23,0.007263221606584132,0.0,3.177076906755129e-05,0.007231450837516581,1.0209892371423333,0.24790052316525182,0.0
2012-07-24,0.004525969945565478,0.0,1.0330040038716423e-05,0.004515639905526761,1.0074247112247514,0.2533317883984524,0.0
2012-07-25,-0.0028555135781852814,5.279540509196034e-05,1.0958904112077874e-05,-0.0029192678873893197,1.0000000001223177,0.19999999994063286,0.25000000006163914
2012-07-26,-0.0027752414487990542,0.0,1.1085790062832734e-05,-0.0027863272388618868,1.0069843635263989,0.1977216889396094,0.0
2012-07-27,-0.009311651120496046,0.0,1.114300999092747e-05,-0.009322794130486974,1.0089308791441778,0.1954911498064725,0.0
2012-07-30,-0.001109828953312913,0.0,3.4096304056741936e-05,-0.001143925257369655,1.0176082778454631,0.18793154579807622,0.0
2012-07-31,0.006619517096147394,0.0,1.1475061196754723e-05,0.006608042034950639,1.0247151390367144,0.18703567167361967,0.0
2012-08-01,8.567103936809648e-05,3.3526482574777824e-05,1.0958904109455138e-05,4.118565268386352e-05,1.0000000000103557,0.2000000000201309,0.1585147448517581
2012-08-02,0.005560188062874797,0.0,1.0917676361481624e-05,0.0055492703865133155,0.9970678051280853,0.20007743073992673,0.0
2012-08-03,-0.014382322035075308,0.0,1.0740752977227015e-05,-0.014393062788052536,0.9885777449327048,0.20450277759513305,0.0
2012-08-06,-0.0023508973424735576,0.0,3.3573956631821954e-05,-0.0023844712991053793,1.0098631098123603,0.19289683177135927,0.0
2012-08-07,-0.007410717843728749,0.0,1.1295136326239959e-05,-0.007422012980054989,1.0155463235333535,0.19100137171783663,0.0
2012-08-08,-0.0018279432320011829,5.244946184247407e-06,1.0958904109485844e-05,-0.001844147082294916,0.9999999999911414,0.19999999999867482,0.02570314784159425
2012-08-09,-0.002398902491351141,0.0,1.0977782266001208e-05,-0.002409880273617142,0.9999162958092958,0.19853819039120763,0.0
2012-08-10,0.0028915178111791283,0.0,1.1053584461343777e-05,0.0028804642267177844,1.0035247676138417,0.19661310193574608,0.0
2012-08-13,0.0027215270825951617,0.0,3.2968911990464904e-05,0.0026885581706046968,1.001175129478267,0.19893160437695387,0.0
2012-08-14,-0.005269913734765741,0.0,1.086232472092569e-05,-0.0052807760594866665,0.9940621336229388,0.20111242899536355,0.0
2012-08-15,-0.00679389937971845,1.071993484038257e-06,1.0958904109832006e-05,-0.006805930277312321,1.0000000000139464,0.19999999999620977,0.0053417582043978895
2012-08-16,-0.00640933566910607,0.0,1.109228192001293e-05,-0.006420427951026084,1.0042666387933286,0.1945300586323849,0.0
2012-08-17,0.0006627389915107833,0.0,1.1273325967488294e-05,0.000651465665543295,1.012289138940683,0.18933634331403737,0.0
2012-08-20,-0.0036051217974985344,0.0,3.3851556172932394e-05,-0.003638973353671467,1.013596585219503,0.18987538501148135,0.0
2012-08-21,-0.0030364213086670473,0.0,1.1444435249248095e-05,-0.003047865743916295,1.0223943445567325,0.18695057136162146,0.0
2012-08-22,0.0007343278902488522,5.250311638487406e-05,1.095890411014596e-05,0.0006708658697538322,1.0000000000426088,0.20000000000195348,0.25000000003066924
2012-08-23,-0.0012085612448521064,0.0,1.1088113415696302e-05,-0.0012196493582678027,1.01003203171069,0.2005997523648598,0.0
2012-08-24,-0.0005026676238495131,0.0,1.1182063317670672e-05,-0.0005138496871671838,1.0159252976137354,0.19963467542377625,0.0
2012-08-27,0.002732156834936203,0.0,3.35983107938755e-05,0.0026985585241423274,1.0167932803102893,0.19923438432598561,0.0
2012-08-28,-0.0007595854215881055,0.0,1.1148496322835372e-05,-0.0007707339179109408,1.0152632210028036,0.20142298943582143,0.0
2012-08-29,0.001395295833891649,1.3821758522023414e-05,1.0288481611686884e-05,0.0013711855937579387,1.0000000000065588,0.24894084235341607,0.06780406181937251
2012-08-30,0.002960275851172357,0.0,1.0194142988198961e-05,0.0029500817081841582,0.9941657890445343,0.24999335090601016,0.0
2012-08-31,-0.006411054876636325,0.0,1.0110021743480563e-05,-0.006421164898379806,0.9902411751394733,0.2522095878653921,0.0
2012-09-04,-0.0028845537248639278,0.0,4.194515218505285e-05,-0.002926498877048981,1.0128860733820908,0.2473870460048762,0.0
2012-09-05,-8.262655448046047e-05,0.0,1.0567296174418714e-05,-9.319385065487918e-05,1.016632749443882,0.24522012871131574,0.0
2012-09-06,-0.0034047793181933325,5.0801467224964213e-05,1.0351742536576039e-05,-0.0034659325279548727,1.000000000093403,0.24432279492335196,0.2500000000919283
2012-09-07,-0.008128104415078198,0.0,1.0421584278849648e-05,-0.008138525999357047,1.002531577686612,0.24175592533058776,0.0
2012-09-10,0.002886172982229735,0.0,3.2285957187385275e-05,0.0028538870250423495,1.0211697666895763,0.2355448084632009,0.0
2012-09-11,-0.0013583657418068077,0.0,1.0660277429505673e-05,-0.0013690260192363132,1.0159527151306542,0.23775246277674025,0.0
2012-09-12,-0.0005353012328562658,0.0,1.0725584370336561e-05,-0.0005460268172266024,1.019685829403964,0.23671817036939508,0.0
2012-09-13,-0.006915613850781761,5.109699603709417e-05,1.1418032627613798e-05,-0.00697812887944647,1.0000000000431601,0.1664836182273529,0.25000000000936407
2012-09-14,-0.0019404460733544729,0.0,1.1803704278183664e-05,-0.0019522497776326565,1.0223597274344853,0.16068931512707782,0.0
2012-09-17,0.007815401894293273,0.0,3.560147856049935e-05,0.007779800415732774,1.0253620376899377,0.15905939271778707,0.0
2012-09-18,-0.004254825021259163,0.0,1.1566458151970342e-05,-0.004266391479411134,1.0099380092849815,0.1655865641911463,0.0
2012-09-19,0.005282845745121966,0.0,1.1724802639707627e-05,0.005271120942482259,1.0179335853840052,0.1620229926853486,0.0
2012-09-20,-0.0036097591002716904,5.323994317262812e-05,1.4574524262120225e-05,-0.0036775735677064387,0.9999999999108007,-0.06394027122397578,0.25000000008641604
2012-09-21,-0.0032687241658317205,0.0,1.4670058187788726e-05,-0.0032833942240195093,1.003114880222556,-0.0677993674860212,0.0
2012-09-24,0.0053142991575103,0.0,4.444299907676365e-05,0.005269856158433536,1.0101441059683354,-0.07130220489958002,0.0
2012-09-25,-0.002209159817081027,0.0,1.4587406219378847e-05,-0.002223747223300406,0.9992386720753607,-0.06564198193929512,0.0
2012-09-26,-0.001953243022001221,0.0,1.4627380045710396e-05,-0.0019678704020469314,0.9997963815172086,-0.0680023618196505,0.0
2012-09-27,-0.008308633026751349,5.165133840561481e-05,1.4110082408844182e-05,-0.008374394447565808,1.00000000001377,-0.03003601583185521,0.25000000000963785
2012-09-28,-0.0016638268116651379,0.0,1.4519683562459075e-05,-0.0016783464952275968,1.021268426147683,-0.03866847391182959,0.0
2012-10-01,-0.009426602758084254,0.0,4.371607333675218e-05,-0.009470318831421007,1.0233576784276617,-0.040400106099974464,0.0
2012-10-02,0.0008836951909831272,0.0,1.4947040896028488e-05,0.0008687481500870987,1.040830890202195,-0.05030309520788469,0.0
2012-10-03,0.006559728390498698,0.0,1.495748793834657e-05,0.006544770902560352,1.0425201152291408,-0.049376504270159084,0.0
2012-10-04,-0.0011832842694811281,5.204148669378952e-05,1.4092174812919242e-05,-0.0012494179309878368,1.0000000000058222,-0.02872876133728254,0.25000000000721545
2012-10-05,0.0028338454617167766,0.0,1.4156477759625716e-05,0.002819688983957151,1.0034734114473123,-0.029949465005364898,0.0
2012-10-08,0.00018614467638425087,0.0,4.210104025102235e-05,0.0001440436361332285,0.9974192691977698,-0.027039376910440754,0.0
2012-10-09,-0.005044077790766888,0.0,1.4025028704856218e-05,-0.005058102819471744,0.9969777307005745,-0.026849364753929433,0.0
2012-10-10,0.0014677283114634897,0.0,1.421031000233487e-05,0.0014535180014611548,1.0052970471911016,-0.032055582979343994,0.0
2012-10-11,-0.005971298114188834,5.0435748872440216e-05,1.1002170736663259e-05,-0.006032736033797937,1.0000000000219176,0.19684153624549963,0.2500000000339342
2012-10-12,0.002022295816138516,0.0,1.1267248998997545e-05,0.0020110285671395187,1.0145378734954442,0.19202869656862348,0.0
2012-10-15,0.009210044552992826,0.0,3.3527083775461475e-05,0.009176517469217365,1.0094872387114162,0.19366153350852017,0.0
2012-10-16,0.0037759873470076598,0.0,1.090792785871864e-05,0.003765079419148941,0.9973055853320664,0.20102685164560535,0.0
2012-10-17,-0.0005275766090917219,0.0,1.0828504448829287e-05,-0.0005384051135405512,0.9945154571619179,0.20403463239738,0.0
2012-10-18,-0.0037404280032978764,2.5858815480616216e-05,9.999259558794602e-06,-0.0037762860783372874,1.0000000000778637,0.2700540522858579,0.12748448393448436
2012-10-19,-0.004172463631394219,0.0,1.0161546089448114e-05,-0.004182625177483667,1.0091159773616776,0.2673231128319651,0.0
2012-10-22,0.0056681432991037665,0.0,3.06156071099442e-05,0.005637527691993822,1.0092357057266992,0.2642559327180569,0.0
2012-10-23,-0.005737351657710452,0.0,9.962924231616053e-06,-0.005747314581942068,0.9957043710315779,0.2684109021236058,0.0
2012-10-24,0.002710145760557121,0.0,1.0074060608521445e-05,0.0027000716999485996,0.9995983691040635,0.2641919446819979,0.0
2012-10-25,-0.000653088716817995,5.202226365881471e-05,1.2328767123801381e-05,-0.000717439747600611,0.9999999999863087,0.09999999994880793,0.2500000000025405
2012-10-26,0.0021474002906423663,0.0,1.235716921969388e-05,0.0021350431214226724,1.001491590865097,0.09941823782744375,0.0
2012-10-31,0.002265915101757776,0.0,6.140178495271775e-05,0.0022045133168050583,0.9978153134020893,0.10134925309240991,0.0
2012-11-01,0.0005592516217687365,0.0,1.2216894343537409e-05,0.0005470347274251991,0.9952205367038109,0.10338724962558005,0.0
2012-11-02,0.005620392316184003,0.0,1.2233603167246461e-05,0.005608158713016756,0.9969427011990353,0.10388966999004356,0.0
2012-11-05,-0.0008826864605198639,5.1259485000641284e-05,3.201838324668585e-05,-0.0009659643287671911,0.9999999999666422,0.2208860076306198,0.24999999999457345
2012-11-06,-0.0037150574012976907,0.0,1.0740684239534456e-05,-0.003725798085537225,1.0042859914973206,0.22021604201130532,0.0
2012-11-07,-0.0008890757679076123,0.0,1.0929917413101865e-05,-0.0009000056853207142,1.0151946113335828,0.21731064017714657,0.0
2012-11-08,-0.005955275989472336,0.0,1.0744439354569074e-05,-0.005966020428826905,1.0009605933927739,0.2166165205092315,0.0
2012-11-09,-8.222451446983998e-05,0.0,1.0842290090680891e-05,-9.306680456052087e-05,1.0034127735803227,0.21192559696061752,0.0
2012-11-12,-0.000655748062174498,5.060184055609718e-05,3.202625529948573e-05,-0.000738376158030081,0.9999999999959452,0.22069445437512583,0.25000000000269956
2012-11-13,-0.004843087205205552,0.0,1.0712292596162643e-05,-0.004853799497801715,1.0021986572210142,0.2202012977011411,0.0
2012-11-14,-0.005251558459779947,0.0,1.0865750664162847e-05,-0.005262424210444109,1.0096084130043028,0.2164086145204147,0.0
2012-11-15,0.0019642034773280238,0.0,1.0974515632854528e-05,0.0019532289616951692,1.0134137737936357,0.21227413259525518,0.0
2012-11-16,-0.003212459105603404,0.0,1.0874486068051329e-05,-0.0032233335916714554,1.0076581782656644,0.21382069529791736,0.0
2012-11-19,0.0034322352420222695,1.6166951123078934e-05,3.524090329803801e-05,0.0033808273876011524,1.0000000000309444,0.14247135311201978,0.07889269163094169
2012-11-20,0.00018246855731546746,0.0,1.1753741132066244e-05,0.00017071481618340122,1.003435078205404,0.14541197556456817,0.0
2012-11-21,-0.002805044554842982,0.0,1.1726585385160846e-05,-0.002816771140228143,1.0016103263522742,0.14556959323553248,0.0
2012-11-23,0.0028438974969395726,0.0,2.3676446125713982e-05,0.0028202210508138587,1.007358103251887,0.1431678196633266,0.0
2012-11-26,0.0044075995036615715,0.0,3.5390111965876225e-05,0.004372209391695695,1.0067604810711592,0.14560108990150442,0.0
2012-11-27,-5.2362272766786396e-05,1.530650413751965e-06,1.1735284627010593e-05,-6.562820780754895e-05,0.9999999999952378,0.14332422222346453,0.007623046781882026
2012-11-28,0.004362357886328877,0.0,1.1722869880053e-05,0.004350635016448824,0.9990507644870857,0.14328126324321683,0.0
2012-11-29,0.004007026861542545,0.0,1.1593965149232071e-05,0.003995432896393313,0.9933635160119771,0.14700406011803602,0.0
2012-11-30,0.0008293017488466904,0.0,1.1484598265043185e-05,0.0008178171505816473,0.9887858067328548,0.1504101333847024,0.0
2012-12-03,0.00032818565624469405,0.0,3.4393052420846256e-05,0.00029379260382384777,0.9880134589069535,0.15111584999969457,0.0
2012-12-04,0.0006400941120985038,5.260503986273767e-05,1.176436740435763e-05,0.0005757247048314085,0.9999999999948037,0.14120117947669697,0.2500000000021535
2012-12-05,0.0015686241798943859,0.0,1.1739088679298389e-05,0.0015568850912150874,0.9987131326397136,0.14175965905093144,0.0
2012-12-06,0.0024720063830953884,0.0,1.1706114314431137e-05,0.0024603002687809575,0.9976518293891097,0.14310548443563684,0.0
2012-12-07,0.0012307757292551076,0.0,1.1637169449105022e-05,0.0012191385598060026,0.9947335752927547,0.14522020550808815,0.0
2012-12-10,0.0007739902354581482,0.0,3.474524219842094e-05,0.0007392449932597273,0.9917402147654466,0.1462726546038706,0.0
2012-12-11,-0.0008297321188676045,5.067613140884801e-05,1.098309091337831e-05,-0.0008913913411898308,1.0000000000482714,0.19823436337165484,0.25000000007217577
2012-12-12,-0.0013237152478975417,0.0,1.102027212667968e-05,-0.0013347355200242215,1.0020606182728364,0.19758075302521982,0.0
2012-12-13,-0.0005331535938073844,0.0,1.1060512678116129e-05,-0.0005442141064855005,1.0039367646220942,0.19651933911961678,0.0
2012-12-14,7.80203386311144e-05,0.0,1.1023493143693422e-05,6.699684548742098e-05,1.000807901538906,0.19609290204928634,0.0
2012-12-17,-0.0008024866814052371,0.0,3.302898537517073e-05,-0.0008355156667804078,0.9998630912312316,0.19615778043541052,0.0
2012-12-18,-0.0025488333069085397,5.061058414975656e-05,1.080421272242003e-05,-0.0026102481037807166,1.0000000000420117,0.21129247130534956,0.25000000006221423
2012-12-19,-0.0013579989359142914,0.0,1.0880380801026589e-05,-0.001368879316715318,1.0035577351336857,0.2092899366587449,0.0
2012-12-20,0.0009070079596780018,0.0,1.0944994460151658e-05,0.0008960629652178502,1.0072015572060455,0.20821696161497458,0.0
2012-12-21,0.0022319798314617252,0.0,1.0938735251907227e-05,0.002221041096209818,1.0074644224809464,0.20893674909171855,0.0
2012-12-24,-0.0003005384457924049,0.0,3.258115443797042e-05,-0.00033311960023037527,1.0035088452137355,0.21070075388978862,0.0
2012-12-26,-0.0019392803859556048,2.3544990662015183e-05,2.4749815307770444e-05,-0.0019875751919253906,0.9999999999943687,0.0966317412607475,0.11705545516901394
2012-12-27,0.001213979538074761,0.0,1.2479561507528879e-05,0.001201499976567232,1.0058890341338058,0.09488104408419767,0.0
2012-12-28,0.002103438610911024,0.0,1.2463317541634245e-05,0.0020909752933693897,1.005801884549453,0.0959797040101533,0.0
2012-12-31,-0.0064198833400907086,0.0,3.7148501149201026e-05,-0.0064570318412399096,1.0018253424324828,0.09787848113525802,0.0
2013-01-02,-0.005728362099716318,0.0,2.5193622536596523e-05,-0.005753555722252915,1.011620209448192,0.09205298686241908,0.0
2013-01-03,-0.001584039147591814,5.2586799131457216e-05,1.2354613194425047e-05,-0.0016489805599176964,1.0000000000005336,0.09811323680750533,0.25000000000111966
2013-01-04,-0.00343689144096214,0.0,1.2341285924940257e-05,-0.0034492327268870805,0.9976025078605927,0.09668863533995409,0.0
2013-01-07,0.0013483136860613619,0.0,3.743594000821391e-05,0.0013108777460531479,1.0045157110076162,0.09357450414107762,0.0
2013-01-08,0.001595036288936834,0.0,1.2451192452388827e-05,0.0015825850964844453,1.0037355975439108,0.09479854851952657,0.0
2013-01-09,0.003995609952970887,0.0,1.2400942213574303e-05,0.003983209010757312,1.0015100563922203,0.0962412748012963,0.0
2013-01-10,-0.001852073039042605,5.115928675340537e-05,1.2767886731957831e-05,-0.001916000212527968,1.0000000000107647,0.06794426857784314,0.2500000000081485
2013-01-11,-0.004854753737019559,0.0,1.2877966453766261e-05,-0.0048676317034733255,1.006310622418409,0.06621907129347213,0.0
2013-01-14,-0.003306082529846724,0.0,3.929469022391078e-05,-0.0033453772200706345,1.0178352729707134,0.06166447752221774,0.0
2013-01-15,-0.002361224466835455,0.0,1.3223311740244789e-05,-0.0023744477785757,1.0238560381885398,0.05855428115067021,0.0
2013-01-16,-0.0019512664180906907,0.0,1.331615203983019e-05,-0.001964582570130521,1.028405900640688,0.056326801733084214,0.0
2013-01-17,-0.002425668373914464,3.222099110121426e-05,1.2375477326546608e-05,-0.002470264842342225,1.0000000000185636,0.09659015518066111,0.15892422190876548
2013-01-18,-0.004504032190221994,0.0,1.250930201052645e-05,-0.004516541492232521,1.0075767208306121,0.09439767406218125,0.0
2013-01-22,0.000269416278196872,0.0,5.080003418475459e-05,0.00021861624401211738,1.0174021161805538,0.09030149230878254,0.0
2013-01-23,0.0013946930404440555,0.0,1.2694190546591227e-05,0.0013819988498974642,1.0172270225440019,0.09055111264284221,0.0
2013-01-24,0.0038124970177634628,0.0,1.2634975897883283e-05,0.0037998620418655794,1.0141721525979106,0.09181891205243112,0.0
2013-01-25,0.0014114213763768422,5.260219685476086e-05,1.5068493150213488e-05,0.0013437506863718679,0.9999999999718964,-0.09999999999368811,0.25000000005470635
2013-01-28,0.004908012473829453,0.0,4.510174887589807e-05,0.0048629107249535545,0.9990196113872493,-0.09845627792627026,0.0
2013-01-29,0.0011980494909973765,0.0,1.480153109635601e-05,0.0011832479599010206,0.9874162199305911,-0.09309555010339761,0.0
2013-01-30,-0.005264345539349936,0.0,1.4763187851690785e-05,-0.005279108727201627,0.9859238215797469,-0.09178889159368049,0.0
2013-01-31,-1.6599982009708042e-05,0.0,1.4947755934875044e-05,-3.1547737944583086e-05,0.9936178723915183,-0.09756831085435996,0.0
2013-02-01,0.004632185692114219,5.184885598937458e-05,1.2364687442547827e-05,0.0045679721486822965,1.000000000047794,0.09737781674180238,0.25000000005046114
2013-02-04,-0.005553090052857788,0.0,3.6707348279380704e-05,-0.005589797401137168,0.9947582839481776,0.10154614248324711,0.0
2013-02-05,-0.002962031844577615,0.0,1.2342574803457117e-05,-0.002974374419381072,0.9975406110410263,0.09653265038865672,0.0
2013-02-06,-1.3529831985123833e-05,0.0,1.2483888566213859e-05,-2.6013720551337692e-05,1.0051736282116603,0.09384976287804864,0.0
2013-02-07,0.004085895802713312,0.0,1.2485175365982913e-05,0.004073410627347329,1.005256475855862,0.09383867413910943,0.0
2013-02-08,0.00449210821907128,5.285093996279309e-06,1.232876712351276e-05,0.004474494357951488,1.0000000000102889,0.09999999999385761,0.02601013007945148
2013-02-11,-0.0002751543267267161,0.0,3.662221916667665e-05,-0.00031177654589339276,0.9951673079811807,0.10402664159204864,0.0
2013-02-12,0.003789169507983196,0.0,1.2210736054106322e-05,0.0037769587719290896,0.9951675765836827,0.1037838446339214,0.0
2013-02-13,-0.0011667130885399766,0.0,1.2099398973920166e-05,-0.0011788124875138967,0.9904243691984422,0.10716824410227022,0.0
2013-02-14,0.005418634381675101,0.0,1.2166082875142462e-05,0.005406468298799958,0.9942506843010371,0.10612663441563733,0.0
2013-02-15,-6.754836137548814e-05,5.087840992714208e-05,1.1979281451896708e-05,-0.00013040605275452694,0.9999999999983182,0.12551245400985855,0.25000000000132366
2013-02-19,-0.0005685848350728013,0.0,4.7855926038347074e-05,-0.0006164407611111484,0.9988319167568626,0.1254612665570284,0.0
2013-02-20,-0.005263758862942336,0.0,1.2073745209001538e-05,-0.005275832608151338,1.0063531184072403,0.12496971815012789,0.0
2013-02-21,-0.0025239773155746165,0.0,1.2190365926613343e-05,-0.0025361676815012298,1.0102375701500894,0.12034085750731549,0.0
2013-02-22,0.002273134156957617,0.0,1.2169189225910133e-05,0.002260964967731707,1.0064672567893265,0.11811644329788673,0.0
2013-02-25,-0.013521697982463977,1.1628034466351042e-05,3.6795789074911934e-05,-0.013570121806005241,1.0000000000009646,0.10463579917810731,0.05774213979942919
2013-02-26,0.0038029732036132594,0.0,1.2580104253200932e-05,0.0037903930993600583,1.0107151504475425,0.09236753996387434,0.0
2013-02-27,0.006136771576263162,0.0,1.2525099108689393e-05,0.006124246477154473,1.0101396005244125,0.09580736559008704,0.0
2013-02-28,-0.0053948311519716,0.0,1.239989550671999e-05,-0.00540723104747832,1.0065159784171984,0.10132360642663926,0.0
2013-03-01,0.0018997510523711435,0.0,1.2593367235190778e-05,0.0018871576851359527,1.0157661125238409,0.09645030435491428,0.0
2013-03-04,0.0006896194071360246,5.281874966306298e-05,2.7160779434821858e-05,0.0006096398780381397,1.0000000000073859,0.33908770042672065,0.25000000000579836
2013-03-05,0.006547541070902799,0.0,9.061301355263072e-06,0.006538479769547536,1.0010453031692017,0.33957030423499757,0.0
2013-03-06,0.0015720228080493839,0.0,8.976171734222058e-06,0.0015630466363151618,0.9991299983848535,0.3438694617866431,0.0
2013-03-07,-0.0011306393531259865,0.0,8.936392964134486e-06,-0.001139575746090121,0.99725907246209,0.3449023860802726,0.0
2013-03-08,0.00115654445771699,0.0,8.999558478391658e-06,0.0011475448992385984,1.0011317165371176,0.34416394761452673,0.0
2013-03-11,-0.0005064965580624168,1.8863324979029725e-05,2.5890410961199933e-05,-0.0005512502940026464,1.0000000000450653,0.36999999998920025,0.09235899569652495
2013-03-12,-0.0028078893587075364,0.0,8.648160402298961e-06,-0.0028165375191098354,1.0010130085438247,0.3696972991760006,0.0
2013-03-13,-0.00011238779508661702,0.0,8.676989870364251e-06,-0.00012106478495698127,1.0013459468536396,0.36792568631704925,0.0
2013-03-14,0.004979802552629004,0.0,8.673560499400858e-06,0.004971128992129603,1.0010277496076907,0.3678578331514279,0.0
2013-03-15,0.0013015377883657396,0.0,8.627122152116061e-06,0.0012929106662136235,1.000773296862526,0.3709933797580536,0.0
2013-03-18,-0.0037869730286991293,5.202991116464004e-05,2.5890410959477434e-05,-0.003864893350823247,1.0000000000165077,0.3700000000025568,0.25000000001354605
2013-03-19,-0.0026428885105930547,0.0,8.651891984562358e-06,-0.002651540402577617,0.9992220076345812,0.3676338927615291,0.0
2013-03-20,0.0033636909325510706,0.0,8.674546844036569e-06,0.003355016385707034,0.99920328521227,0.3659613655976006,0.0
2013-03-21,-0.006094115850324207,0.0,8.655969062751838e-06,-0.006102771819386958,0.9999758497666559,0.36809010818577165,0.0
2013-03-22,0.005064583036531977,0.0,8.760005434918983e-06,0.005055823031097058,1.0036991329237528,0.3642187361746671,0.0
2013-03-25,-0.0022200286000189284,5.0525704133724575e-05,3.2733224061783626e-05,-0.0023032875282144364,1.0000000000410956,0.20349154787102744,0.25000000003018685
2013-03-26,0.0034160043854150643,0.0,1.0942668812615436e-05,0.003405061716602449,1.0005509990093886,0.2017361756884614,0.0
2013-03-27,-0.0015338199778636968,0.0,1.0894236953999055e-05,-0.0015447142148176957,0.9997352924352069,0.20445599479327597,0.0
2013-03-28,0.0061283157597865935,0.0,1.0936530072335495e-05,0.006117379229714258,1.001602811814077,0.2032361165335861,0.0
2013-04-01,-0.0014175908222308167,0.0,4.2997001413176625e-05,-0.0014605878236439932,0.9927867337212197,0.20809145793074618,0.0
2013-04-02,0.007145985574689669,2.252091795070075e-05,1.2328767123520104e-05,0.007111135889615448,1.00000000000814,0.0999999999911722,0.11175113222870342
2013-04-03,-0.0010364425212812981,0.0,1.2060105968606704e-05,-0.0010485026272499048,0.9867771715387414,0.10638943583045202,0.0
2013-04-04,0.005934776195734135,0.0,1.2009196776139094e-05,0.005922766998957996,0.9821349367997941,0.10546357214164036,0.0
2013-04-05,-0.003815648513691666,0.0,1.1899382903435969e-05,-0.003827547896595102,0.9793973985799217,0.11074244662909584,0.0
2013-04-08,0.0038290596004921964,0.0,3.616783992772801e-05,0.0037928917605644682,0.9874217429742584,0.10733763806620997,0.0
2013-04-09,-0.0052914088827088505,3.883818471280455e-06,1.2164752013541647e-05,-0.005307457453193673,1.0000000000370048,0.11197310304846432,0.01937454182277801
2013-04-10,0.010938178248612018,0.0,1.238794147755628e-05,0.010925790307134461,1.0115706517426786,0.10725092388107009,0.0
2013-04-11,0.0013768375789259147,0.0,1.2111697045615467e-05,0.0013647258818802993,1.0010656332069405,0.11691174887701153,0.0
2013-04-12,0.013225540530504095,0.0,1.210938246461239e-05,0.013213431148039483,1.0021122948866616,0.11812737496995734,0.0
2013-04-15,0.02039661619392508,0.0,3.474429904949227e-05,0.020361871894875587,0.9750845374520486,0.12963992724773651,0.0
2013-04-16,0.0020759433622446004,1.7531897010542696e-05,1.0697343304974342e-05,0.0020477141219290835,0.999999999999839,0.21909393873671199,0.08733693729400219
2013-04-17,-0.0066549566199606575,0.0,1.0848958869570396e-05,-0.006665805578830228,1.0126919123862763,0.2207179149076374,0.0
2013-04-18,-0.0036865096178119827,0.0,1.0900040377717626e-05,-0.0036974096581897003,1.0112023832013066,0.21549943562792018,0.0
2013-04-19,0.003957819366922396,0.0,1.098674436651229e-05,0.0039468326225558835,1.0146313303302759,0.2125989915748785,0.0
2013-04-22,-0.0011373479871537521,0.0,3.294157682484878e-05,-0.001170289563978601,1.0172838270095161,0.2157054576048627,0.0
2013-04-23,0.01045093585369343,3.203362978225787e-05,8.781963617747097e-06,0.010410120260293424,1.0000000000482072,0.35891665595266886,0.15888690521314738
2013-04-24,7.508709576773449e-05,0.0,8.585081113268849e-06,6.650201465446564e-05,0.9922729682037941,0.36556204693516814,0.0
2013-04-25,-0.005930998521099857,0.0,8.644878333812556e-06,-0.005939643399433669,0.9966889384101363,0.3656128200418196,0.0
2013-04-26,0.001442977478996908,0.0,8.913801999748866e-06,0.001434063676997159,1.0125385144258168,0.36183096844414975,0.0
2013-04-29,-4.3047219342560035e-05,0.0,2.6451153607339886e-05,-6.949837294989992e-05,1.0063984717481695,0.36275373396956584,0.0
2013-04-30,0.0027168110750721334,3.83803209415313e-05,8.931566184697575e-06,0.0026694991879459046,1.0000000000445077,0.3479956685615847,0.19055739813908631
2013-05-01,-0.0017052565282605883,0.0,8.92618522904899e-06,-0.0017141827134896372,1.0013902672800015,0.3497787455594252,0.0
2013-05-02,0.0030198010528667,0.0,8.814882549936747e-06,0.0030109861703167635,0.992157601277651,0.34867117513226853,0.0
2013-05-03,0.0035965167194132105,0.0,8.85718667403192e-06,0.0035876595327391787,0.9972098455960619,0.3506352183917318,0.0
2013-05-06,0.003831311113774372,0.0,2.6555146515272393e-05,0.0038047559672590996,0.9991406472455796,0.35296541537395126,0.0
2013-05-07,0.0030281133741775035,5.1351496529166934e-05,1.2247887096594888e-05,0.0029645139905517415,1.0000000000050795,0.10590424195365256,0.2500000000031688
2013-05-08,0.000533884268822603,0.0,1.2174254207602207e-05,0.0005217100146150008,0.9973309354966782,0.10861037834171698,0.0
2013-05-09,-0.000379358749682838,0.0,1.218973359948538e-05,-0.00039154848328232337,0.9989379034096718,0.10908735064723904,0.0
2013-05-10,0.002276278562687287,0.0,1.2152232682789545e-05,0.0022641263300044977,0.9958635588631148,0.10875057301947806,0.0
2013-05-13,0.0010717580753248663,0.0,3.622342905317438e-05,0.0010355346462716918,0.9922128142590806,0.1107760406318371,0.0
2013-05-14,0.005128457588318025,4.852082844768877e-05,1.5398558558564033e-05,0.005064538201311772,1.0000000000286768,-0.12409477474649754,0.24053086354164765
2013-05-15,0.012662437916084278,0.0,1.5239302209791117e-05,0.012647198613874488,0.994102217558544,-0.1183668437562074,0.0
2013-05-16,-0.0006212349416200229,0.0,1.4767159340932114e-05,-0.000636002100960955,0.9736183942336938,-0.10438423765435069,0.0
2013-05-17,0.009062380300102797,0.0,1.4764501256195898e-05,0.0090476157988466,0.9727362929035409,-0.10507229879875948,0.0
2013-05-20,-0.010240142574313622,0.0,4.333381067643074e-05,-0.010283476384990052,0.9593070133106912,-0.09514904648245687,0.0
2013-05-21,0.009154196706988499,3.947659981924129e-06,1.5380132703534388e-05,0.00913486891430304,1.0000000000115248,-0.12274968734648552,0.019558640119755298
2013-05-22,-0.0029948844840111764,0.0,1.5028516290048427e-05,-0.0030099130003012247,0.9845144851865091,-0.11256720398702592,0.0
2013-05-23,-0.009836071607142921,0.0,1.5003059473451946e-05,-0.009851074666616373,0.9793123711542471,-0.1159109704077449,0.0
2013-05-24,0.002734542236528617,0.0,1.5326383153336348e-05,0.0027192158533752807,0.99182786031574,-0.1269981098778133,0.0
2013-05-28,-0.0017598702343714849,0.0,6.0756444360258475e-05,-0.0018206266787317434,0.9848785250666813,-0.1239265845080358,0.0
2013-05-29,-0.007277482128771049,2.727017432234391e-06,1.553944045551592e-05,-0.0072957485866588,1.0000000000191158,-0.13437915323354638,0.013492695902730834
2013-05-30,-0.004353083086508729,0.0,1.572848709408927e-05,-0.004368811573602818,1.0054818358021138,-0.1426977220664028,0.0
2013-05-31,0.002511755786590529,0.0,1.590298510904057e-05,0.002495852801481488,1.0132218515445628,-0.14769606141539857,0.0
2013-06-03,-0.008068408837881775,0.0,4.68996607421824e-05,-0.008115308498623958,0.9964022289446461,-0.1448228491151256,0.0
2013-06-04,-0.0001947769948564333,0.0,1.602302832194289e-05,-0.0002108000231783762,1.0155388982930473,-0.1541421692087838,0.0
2013-06-05,-0.006088256973669835,5.150828446262786e-05,1.239402169393241e-05,-0.006152159279826395,1.000000000017456,0.0952364163603901,0.2500000000022836
2013-06-06,0.0017658628495936868,0.0,1.2450664712158301e-05,0.0017534121848815285,0.9985985321116573,0.08970000812410148,0.0
2013-06-07,0.014167029450159158,0.0,1.253011964387662e-05,0.014154499330515281,1.006004508319452,0.09130577431645868,0.0
2013-06-10,-0.003801984272381591,0.0,3.618678948813712e-05,-0.003838171061869728,0.9845459364442208,0.10400072556621767,0.0
2013-06-11,-0.0036046030320639375,0.0,1.2172028840161307e-05,-0.0036167750609040986,0.9891429083056495,0.10058480297387429,0.0
2013-06-12,-0.004036185693436555,4.063642914730277e-06,1.232876712317478e-05,-0.00405257810347446,0.999999999989544,0.0999999999977852,0.02017513920568698
2013-06-13,0.010406016666680156,0.0,1.2399595450192653e-05,0.010393617071229964,1.0015247654851274,0.09635429762106353,0.0
2013-06-14,-0.0033310780111113756,0.0,1.2244479652292856e-05,-0.0033433224907636686,0.99950911746914,0.1056621028517614,0.0
2013-06-17,0.005337976544803645,0.0,3.70240453803458e-05,0.0053009524994233,1.0035927357192287,0.10267429813081425,0.0
2013-06-18,0.006215499949612275,0.0,1.2212831909518155e-05,0.006203287117702757,0.9989794552840955,0.10744272588927029,0.0
2013-06-19,-0.00868359784487271,2.19980977560863e-06,1.2208726437318792e-05,-0.008698006381085636,1.00000000000598,0.10876297008170835,0.010956402850810683
2013-06-20,0.007414079919580222,0.0,1.2256321511308847e-05,0.007401823598068914,0.9956689715522697,0.10095750122672408,0.0
2013-06-21,-0.0034311282322757853,0.0,1.155650689697616e-05,-0.0034426847391727613,0.951200331027547,0.10757532754828748,0.0
2013-06-24,-0.001052884141355899,0.0,3.5212319914942655e-05,-0.0010880964612708416,0.9613370914812097,0.10450397355093838,0.0
2013-06-25,0.007718586616559208,0.0,1.1619386172065657e-05,0.007706967230387142,0.951778967349415,0.10356377678862197,0.0
2013-06-26,0.019537983882151097,9.941191334258314e-06,1.2328767123446329e-05,0.019515713923693393,1.0000000000275495,0.10000000001596768,0.049171238007968104
2013-06-27,0.008569325849941946,0.0,1.1712283159116333e-05,0.00855761356678283,0.9722464415268857,0.11724977091139335,0.0
2013-06-28,-0.012684924666386545,0.0,1.152766932173065e-05,-0.012696452335708276,0.9662713819352448,0.12475152144890729,0.0
2013-07-01,0.000877789708414857,0.0,3.5864924561575744e-05,0.0008419247838532812,0.9862209067556169,0.11350774242394027,0.0
2013-07-02,0.0044506845873586,0.0,1.1984928503402327e-05,0.004438699658855198,0.9891890898788387,0.11428930913046864,0.0
2013-07-03,-0.004625124268547686,5.0507851437053684e-05,1.1841912773616464e-05,-0.004687474032758356,1.0000000000496847,0.1355403675756826,0.25000000004394723
2013-07-05,0.014181941570132863,0.0,2.4024495616131674e-05,0.01415791707451673,1.0084258851703367,0.1315317951815305,0.0
2013-07-08,-0.0010646188849313385,0.0,3.463627937240461e-05,-0.001099255164303743,0.9864956652216222,0.14367953382644325,0.0
2013-07-09,0.0009909582590339593,0.0,1.1656316241035412e-05,0.000979301942792924,0.9936829432389288,0.14277185764334366,0.0
2013-07-10,0.0011070623217067145,0.0,1.1755059319296413e-05,0.001095307262387418,1.001741496744397,0.143622166435759,0.0
2013-07-11,-0.003080686749146008,5.1076115371279584e-05,1.2159754206752493e-05,-0.00314392261872404,1.0000000000100124,0.11233794291708049,0.2500000000107042
2013-07-12,0.004114379259646888,0.0,1.2543255851340233e-05,0.004101836003795547,1.0252595130065814,0.10960183585874439,0.0
2013-07-15,0.0018154837187086424,0.0,3.7147180822429555e-05,0.001778336537886213,1.017166408664863,0.11325167531907751,0.0
2013-07-16,-0.003984278216433546,0.0,1.2389790449178349e-05,-0.0039966680068827245,1.01931759694628,0.11486289415626048,0.0
2013-07-17,0.009204268589616992,0.0,1.2506299641697605e-05,0.009191762289975295,1.0242834130111547,0.11132353916722972,0.0
2013-07-18,0.001169845365238262,5.073584161883468e-05,1.2838217504415803e-05,0.0011062713061150116,1.0000000000979146,0.06281012227556089,0.25000000006387657
2013-07-19,-0.003263356472976858,0.0,1.2850416510691357e-05,-0.0032762068894875494,1.0019896719333754,0.06390926665290612,0.0
2013-07-22,-0.0075808840255956415,0.0,3.8867908354415495e-05,-0.007619751933950057,1.0066310217705559,0.06084525181311195,0.0
2013-07-23,-0.0006359517394349476,0.0,1.3307725506617881e-05,-0.0006492594649415654,1.0251373073477656,0.053673345364660265,0.0
2013-07-24,0.004035412517484696,0.0,1.3300989329736011e-05,0.00402211152815496,1.0240440720975552,0.05307185102682645,0.0
2013-07-25,0.002535923296504181,2.2458765402221723e-05,1.2937595129812969e-05,0.0025005269359721465,1.000000000041492,0.05555555556514539,0.11128022823084058
2013-07-26,0.0016460107736004225,0.0,1.2913623862854444e-05,0.001633097149737568,1.0006411238612034,0.05794658187282904,0.0
2013-07-29,-0.0006303019895849356,0.0,3.853227967226162e-05,-0.0006688342692571973,0.9971142361862882,0.059495430827922004,0.0
2013-07-30,0.00213967769415052,0.0,1.280060732988768e-05,0.0021268770868206324,0.9933488612858772,0.058904526204076664,0.0
2013-07-31,-0.0012094932496143085,0.0,1.2740085640380145e-05,-0.0012222333352546887,0.9909408976812896,0.060914645933539284,0.0
2013-08-01,0.010305725803804403,3.078527726028397e-06,1.305231077077588e-05,0.010289594965307599,1.0000000000450107,0.047181313778371176,0.015147772418295513
2013-08-02,0.00024348742758663208,0.0,1.2810703202139985e-05,0.00023067672438449209,0.9920828794799966,0.05690154572377802,0.0
2013-08-05,0.0006668616504034307,0.0,3.8553633950561915e-05,0.0006283080164528687,0.9952702802927286,0.05713185416238836,0.0
2013-08-06,-0.002031397378205121,0.0,1.2831361294929498e-05,-0.0020442287395000505,0.9944517977490869,0.057762423219233416,0.0
2013-08-07,-0.003449659791654892,0.0,1.2820648627777014e-05,-0.0034624804402826692,0.9917525360032933,0.05584518617557109,0.0
2013-08-08,-0.006072083039873922,3.184363162709036e-05,1.2901016096420563e-05,-0.006116827687597432,1.0000000000356177,0.058225824996916614,0.154913069003743
2013-08-09,-0.002446786541220852,0.0,1.3193708403799048e-05,-0.002459980249624651,1.0156154342593517,0.05247472078202117,0.0
2013-08-12,-0.007610863239604632,0.0,3.9786654372881085e-05,-0.007650649893977513,1.0182932285351687,0.05015130546172901,0.0
2013-08-13,0.003577731143826682,0.0,1.3607651581088123e-05,0.003564123492245594,1.0362269788643346,0.04286841344490161,0.0
2013-08-14,-0.006125111398538168,0.0,1.350274610627737e-05,-0.006138614144644445,1.0319816584608161,0.046281192702567975,0.0
2013-08-15,-0.01514645916824973,3.717064750690098e-05,1.3168969086958578e-05,-0.01519679878484359,1.0000000000371947,0.03866525668921876,0.17916962052196087
2013-08-16,-0.0007994853928752124,0.0,1.3594750142418435e-05,-0.0008130801430176308,1.0162984836605937,0.02388172326404812,0.0
2013-08-19,-0.003385645436828816,0.0,4.0810013449383104e-05,-0.003426455450278199,1.0161446814541673,0.023101020852511516,0.0
2013-08-20,0.0038276576223719217,0.0,1.3656583793652254e-05,0.0038140010385782695,1.0167137784739706,0.01978316153735613,0.0
2013-08-21,-0.0006887993511516625,0.0,1.3563456949355804e-05,-0.0007023628081010183,1.01365346692617,0.023521109623196642,0.0
2013-08-22,0.007138276207034006,3.6256526714642476e-05,1.0966325654911293e-05,0.007091053354664452,0.9999999999984669,0.19945822718994247,0.1766098691061432
2013-08-23,-0.004334085404486637,0.0,1.0870207082652403e-05,-0.004344955611569289,0.9986669487565808,0.2051418317229554,0.0
2013-08-26,-0.005813703413593852,0.0,3.340266766479701e-05,-0.005847106081258649,1.0144823010932547,0.20168405458319402,0.0
2013-08-27,-0.005654173206574008,0.0,1.134809159744435e-05,-0.0056655212981714526,1.0254330484329768,0.19702236181953928,0.0
2013-08-28,0.003314801598965704,0.0,1.1417753014068632e-05,0.003303383845951635,1.025954536748753,0.19245856672174277,0.0
2013-08-29,0.004533196794890415,4.840563954667144e-06,1.0958904111371612e-05,0.004517397326824376,1.0000000000935858,0.19999999996345774,0.023792398318305402
2013-08-30,-0.0010284155673963681,0.0,1.0809806191407199e-05,-0.0010392253735877753,0.9927292461286082,0.2036133941558827,0.0
2013-09-03,-0.001154642712224565,0.0,4.29387337872565e-05,-0.0011975814460118213,0.9864276206732072,0.20279572905577628,0.0
2013-09-04,0.007770849981568302,0.0,1.0878104767824285e-05,0.007759971876800478,0.9959845055591439,0.20188285750797103,0.0
2013-09-05,0.004151041706206163,0.0,1.0652671395601093e-05,0.004140389034810562,0.9856843400326769,0.2080393281537974,0.0
2013-09-06,-0.001082368911992375,3.421125976974691e-05,8.82800608806371e-06,-0.0011254081778501856,0.9999999999791656,0.35555555555051477,0.1682884148679203
2013-09-09,0.005873453462607341,0.0,2.6905658851155142e-05,0.005846547803756186,1.0095769285012643,0.354872563123156,0.0
2013-09-10,0.005982319234262056,0.0,8.890528744846903e-06,0.005973428705517209,1.0076577555175694,0.3586491571437455,0.0
2013-09-11,-0.0004088169699189051,0.0,8.727130178651699e-06,-0.0004175441000975568,0.9995468127603246,0.3624663097187506,0.0
2013-09-12,0.006451043972685658,0.0,8.771375050405191e-06,0.006442272597635253,1.0025191095469885,0.36220873086740923,0.0
2013-09-13,-4.428582081936974e-05,2.9464709186305417e-06,8.826590442667528e-06,-5.6058882180667815e-05,1.000000000034427,0.35565889771969733,0.014660560995046146
2013-09-16,0.0026109054550346495,0.0,2.661238553880369e-05,0.002584293069495846,1.0032025964850146,0.35563454837412467,0.0
2013-09-17,0.002761243389590312,0.0,8.737061290834139e-06,0.002752506328299478,0.9951275032169645,0.3573220289860724,0.0
2013-09-18,7.26225506350071e-05,0.0,8.686467599802712e-06,6.393608303520438e-05,0.9932069962825305,0.35909486149693276,0.0
2013-09-19,-0.0019363823545715708,0.0,8.976961037753728e-06,-0.0019453593156093245,1.0144626775096253,0.3591445217536031,0.0
2013-09-20,-0.0019437516548293323,5.288462550830318e-05,8.752127137591457e-06,-0.002005388407475227,1.0000000000447764,0.36109471900060014,0.250000000040561
2013-09-23,-0.004163970332888432,0.0,2.6146701079968886e-05,-0.0041901170339684,0.9961090447357475,0.3598726517898376,0.0
2013-09-24,-0.002396343899356774,0.0,8.784855815151039e-06,-0.002405128755171925,0.9984998884525781,0.3572054139465524,0.0
2013-09-25,-0.003321845554980175,0.0,8.86703613841563e-06,-0.0033307125911185907,1.0029581270410717,0.35566448893673075,0.0
2013-09-26,0.004173284327175823,0.0,8.919447337902132e-06,0.004164364879837921,1.0046397729544696,0.3535201172876141,0.0
2013-09-27,-0.002322848005680808,9.223881911543037e-06,8.752835445469512e-06,-0.0023408247230378206,0.9999999999676851,0.36104301244841064,0.04494007438368766
2013-09-30,-0.0011105356666926995,0.0,2.6320052922787164e-05,-0.0011368557196154865,1.000016456798298,0.3595618356771438,0.0
2013-10-01,0.004865420708262373,0.0,8.755137745998727e-06,0.004856665570516374,0.9979843266833879,0.3588592712254807,0.0
2013-10-02,0.0014751465971390453,0.0,8.694113476230337e-06,0.001466452483662815,0.9966370242921662,0.3619667405273519,0.0
2013-10-03,-0.006253625620364591,0.0,8.699875194300787e-06,-0.006262325495558892,0.9980005864815013,0.3629096972975437,0.0
2013-10-04,0.004524320509739529,5.134184160461507e-05,8.820316725280667e-06,0.004464158351409633,1.0000000000122884,0.3561168790667998,0.24173172648435048
2013-10-07,-0.00676650764292609,0.0,2.632449669629726e-05,-0.006792832139622387,0.9996011482688033,0.35903839532556997,0.0
2013-10-08,-0.006600307322421339,0.0,8.861524998568553e-06,-0.006609168847419908,1.0015725022791995,0.3546811773836951,0.0
2013-10-09,-0.0024727697770731464,0.0,8.910168999816548e-06,-0.002481679946072963,1.0008390380085144,0.3503967010219064,0.0
2013-10-10,0.013462714961978456,0.0,8.898491716368574e-06,0.013453816470262087,0.9983794104849868,0.34878951519008095,0.0
2013-10-11,0.003351548483923355,1.4044683596618512e-05,8.816580774370185e-06,0.0033286872195523666,1.0000000000270126,0.35638960349798904,0.06809211646559737
2013-10-14,0.005104458549674696,0.0,2.6358961840335783e-05,0.00507809958783436,0.9999490637533963,0.3585476589718923,0.0
2013-10-15,-0.005331903013309697,0.0,8.689295950240488e-06,-0.005340592309259937,0.9961333903734336,0.36181478600587813,0.0
2013-10-16,0.00579762223352094,0.0,8.741388846372908e-06,0.005788880844674567,0.9965183206920163,0.35839693490679403,0.0
2013-10-17,4.076908696517969e-05,0.0,8.752876666553235e-06,3.2016210298626454e-05,1.0010584092342538,0.36209841257586745,0.0
2013-10-18,0.005347082426417242,2.929508932367417e-06,8.92332107537954e-06,0.005335229596409495,1.0000000000125464,0.34859756150983984,0.0146114525562208
2013-10-21,-0.001249832396850183,0.0,2.667193651679509e-05,-0.001276504333366978,1.0010834113575717,0.3520662894488913,0.0
2013-10-22,-0.0024160593470908334,0.0,8.885226774127416e-06,-0.002424944573864961,0.9998864026641692,0.35126484815286774,0.0
2013-10-23,-0.005363630336421615,0.0,8.978202635307293e-06,-0.0053726085390569224,1.005105576502371,0.34969678412493865,0.0
2013-10-24,0.0032957664646889435,0.0,9.042331271008755e-06,0.0032867241334179347,1.0062832966518873,0.34619311386824825,0.0
2013-10-25,0.001939193750152692,3.2159459523091092e-06,9.076525884562545e-06,0.0019269012783158204,0.9999999999966921,0.33741361042362633,0.015939752380837086
2013-10-28,0.0018068942709754368,0.0,2.72613797772416e-05,0.0017796328911981953,1.002060403644101,0.33870016239788875,0.0
2013-10-29,0.000984016514986831,0.0,9.048559830600647e-06,0.0009749679551562305,1.0004470232467935,0.33990215561294623,0.0
2013-10-30,-0.004260303280252762,0.0,9.04236742371083e-06,-0.004269345647676473,1.000646964682645,0.34055414275175433,0.0
2013-10-31,-0.002655225735183401,0.0,9.04868619596598e-06,-0.002664274421379367,0.9982898424318847,0.33773575012636825,0.0
2013-11-01,-4.386009933687246e-05,1.4343385357330675e-06,9.10603985902428e-06,-5.440047773162981e-05,1.0000000001067857,0.3352590903980136,0.007157917373204205
2013-11-04,0.0023264584438940903,0.0,2.7083975450037843e-05,0.0022993744684440525,0.9942768697770296,0.33523346715944186,0.0
2013-11-05,-0.0005983018552560704,0.0,9.011683618497633e-06,-0.000607313538874568,0.9946384337056623,0.33678552955533503,0.0
2013-11-06,0.0018425162875456928,0.0,8.950888099346104e-06,0.0018335653994463466,0.9898063540785196,0.33639152282625395,0.0
2013-11-07,-0.01090513740353713,0.0,8.96238854661156e-06,-0.01091409979208374,0.9918693638342346,0.33761499993159094,0.0
2013-11-08,0.012647104465154348,3.3685549816668757e-06,9.15828571116324e-06,0.012634577624461518,0.9999999999639225,0.331445143049006,0.01668375536040695
2013-11-11,0.0020297827736948048,0.0,2.6703618908984804e-05,0.00200307915478582,0.9895870904078841,0.339799030289254,0.0
2013-11-12,-0.0033341083868863313,0.0,8.859890143498243e-06,-0.0033429682770298296,0.9879174521552492,0.3411454716798773,0.0
2013-11-13,0.004844092718760695,0.0,8.907465274267049e-06,0.0048351852534864286,0.989189408837839,0.3389444438163446,0.0
2013-11-14,-0.00034709448054685556,0.0,8.889330640815341e-06,-0.0003559838111876709,0.991055390814801,0.3421342540352812,0.0
2013-11-15,0.0017318791243042342,5.16603199681669e-05,1.2439604473214957e-05,0.0016677791998628523,1.0000000001285585,0.09190887358386673,0.25000000009487233
2013-11-18,-0.0030040354917630027,0.0,3.728867918691032e-05,-0.003041324170949913,1.0008427008502745,0.09348484063545666,0.0
2013-11-19,-9.577780800028831e-05,0.0,1.2462688051866735e-05,-0.00010824049605215505,1.000533053858778,0.09075682607250658,0.0
2013-11-20,0.005102911969157192,0.0,1.2416447846961228e-05,0.005090495521310231,0.9970715553518127,0.09067086252364331,0.0
2013-11-21,0.005818003788527537,0.0,1.2173946592198145e-05,0.005805829841935339,0.9839868089832181,0.09528870775275362,0.0
2013-11-22,0.0020449576012216194,5.194907411947288e-05,1.2931519287781943e-05,0.0019800770078143644,1.000000000063626,0.05599909205554415,0.25000000004018263
2013-11-25,-0.000887661349733939,0.0,3.8756859711379546e-05,-0.0009264182094453185,1.001012931402706,0.0579293450924703,0.0
2013-11-26,0.002807576254170173,0.0,1.2959575280979894e-05,0.0027946166788891933,1.0031435727102462,0.05709457719871386,0.0
2013-11-27,0.003063149176235925,0.0,1.2899969299733556e-05,0.0030502492069361914,1.0014329753013071,0.05973521642075755,0.0
2013-11-29,-5.472145534704217e-05,0.0,2.5688256169809122e-05,-8.040971151685129e-05,1.0002287476306593,0.06260739743262617,0.0
2013-12-02,0.0007514138340883932,5.264517789265661e-05,3.87935217684979e-05,0.0006599751344272387,1.0000000000512033,0.056024303684420934,0.2500000000304017
2013-12-03,-0.002333831391091462,0.0,1.282210917117489e-05,-0.0023466535002626366,0.9927522411658036,0.05673827167003681,0.0
2013-12-04,-0.001650352561722179,0.0,1.2860655068633954e-05,-0.0016632132167908131,0.993360228957558,0.05453240894727929,0.0
2013-12-05,0.002313245497053922,0.0,1.2908235434478298e-05,0.002300337261619444,0.9952713437677754,0.05297015705085947,0.0
2013-12-06,0.003883765617858676,0.0,1.2783020363237842e-05,0.0038709825974954384,0.9883170104570338,0.055156523940671304,0.0
2013-12-09,0.00012035779963912506,5.102958788672365e-05,3.45638907679693e-05,3.47643209844321e-05,1.000000000042531,0.15894532468861125,0.25000000001829104
2013-12-10,-0.0038183513274374554,0.0,1.1549545759920328e-05,-0.0038299008731973757,1.0021769933442242,0.1590601528700402,0.0
2013-12-11,-0.0054899967927593265,0.0,1.1647470373221224e-05,-0.005501644263132548,1.0061039853622535,0.1558386481171043,0.0
2013-12-12,0.000999448115297508,0.0,1.168189601286121e-05,0.0009877662192846468,1.003958800999894,0.15118039206102568,0.0
2013-12-13,-0.0007817601994050435,0.0,1.1606541858976913e-05,-0.0007933667412640204,0.9993072261088842,0.15202967040356957,0.0
2013-12-16,0.0034068408400755854,5.194265138486364e-05,2.9180974310105822e-05,0.003325717214380616,0.9999999999753867,0.28992962509614484,0.2500000000075949
2013-12-17,0.0009573764352558578,0.0,9.707266029163254e-06,0.0009476691692266946,1.0009945655936985,0.2923641454647806,0.0
2013-12-18,0.008206144658264717,0.0,9.637260029969598e-06,0.008196507398234748,0.9965637955007078,0.2930438133129272,0.0
2013-12-19,0.002373715208977541,0.0,9.536687858005745e-06,0.0023641785211195353,0.9949790483532399,0.29880083471882046,0.0
2013-12-20,0.002483423672087923,0.0,9.404039893480214e-06,0.0024740196321944427,0.9869591111463961,0.3004641989223405,0.0
2013-12-23,0.004849427381026929,3.0277764006835534e-05,2.483258529573412e-05,0.004794317031724359,1.0000000000248264,0.3957404244952961,0.15039602576785993
2013-12-24,0.0004487401401167113,0.0,8.225224915868743e-06,0.00044051491520084255,0.9991198797992709,0.39867846094085263,0.0
2013-12-26,0.0014589980989129247,0.0,1.6463354665184646e-05,0.0014425347442477401,0.9998639022929532,0.3989514570137136,0.0
2013-12-27,-0.0009679444666408392,0.0,8.22983146286839e-06,-0.0009761742981037076,1.0006113779250605,0.3998336811356678,0.0
2013-12-30,0.003709232310996868,0.0,2.479161613100808e-05,0.00368444069486586,1.0025181387944593,0.3992554796065959,0.0
2013-12-31,0.0021708087349160718,2.843893034516081e-06,8.306597545668575e-06,0.002159658244335887,1.000000000053263,0.3936183792194572,0.01414792335684989
2014-01-02,-0.006823744383309926,0.0,1.6583251079774773e-05,-0.006840327634389701,1.0002249250149535,0.3949362606031743,0.0
2014-01-03,-0.003993612560529537,0.0,8.40667160873583e-06,-0.004002019232138273,1.0044726453186934,0.3907856178809777,0.0
2014-01-06,-0.0024892000490502903,0.0,2.5600315280344928e-05,-0.0025148003643306353,1.0112871793332967,0.38834617417823686,0.0
2014-01-07,0.005481078245934268,0.0,8.580983276415577e-06,0.005472497262657853,1.0132415529635728,0.3868297737852356,0.0
2014-01-08,0.0018186924578375554,1.8695447674056804e-06,8.452717227215705e-06,0.001808370195842934,1.000000000045247,0.3829516424585006,0.00933348431073576
2014-01-09,0.0006056193707123176,0.0,8.396017584099526e-06,0.000597223353128218,0.9969850673553863,0.3840757837161209,0.0
2014-01-10,-0.0006238643253540689,0.0,8.369214747650769e-06,-0.0006322335401017197,0.9954044760725295,0.38445179949402325,0.0
2014-01-13,-0.007579820561656318,0.0,2.5390911296778835e-05,-0.007605211472953097,1.001916265805004,0.3840707575833856,0.0
2014-01-14,0.0076031608420187215,0.0,8.562173277704258e-06,0.007594598668741018,1.0044148223179512,0.3793761730455402,0.0
2014-01-15,0.004214639461455171,7.48478234582666e-07,8.473436655539577e-06,0.004205417546565049,1.00000000002887,0.38143912417448095,0.003734543147773828
2014-01-16,-0.0009537560295002484,0.0,8.41470162405571e-06,-0.0009621707311243041,0.9983119390184102,0.38403872046234333,0.0
2014-01-17,-0.0023548098963846477,0.0,8.445115406331218e-06,-0.002363255011790979,0.9999473372264264,0.3834539125642474,0.0
2014-01-21,0.004657410287729538,0.0,3.389676775059159e-05,0.004623513519978946,1.0006178819511389,0.3820018705028423,0.0
2014-01-22,0.0010660755533445144,0.0,8.38211345742597e-06,0.0010576934398870885,0.9967740662982111,0.38487978390611527,0.0
2014-01-23,-0.006966969371284036,1.3604910508885974e-06,8.477047229990532e-06,-0.006976806909564915,1.0000000000251825,0.3811755522358739,0.006772295455617333
2014-01-24,-0.012132023336033762,0.0,8.645423453198602e-06,-0.012140668759486961,1.0079536188645422,0.3768377067810444,0.0
2014-01-27,-0.0023458127840414776,0.0,2.629320630552976e-05,-0.0023721059903470073,1.0089892245325895,0.369187871098032,0.0
2014-01-28,0.0028892138842013582,0.0,8.739854983604288e-06,0.002880474029217754,1.0057237294479813,0.36771431564486806,0.0
2014-01-29,-0.007352333436508171,0.0,8.72077549543997e-06,-0.0073610542120036105,1.0061556929682784,0.3695390818011603,0.0
2014-01-30,0.009420701429002448,3.266344842339492e-05,1.035023344416016e-05,0.009377687747134893,0.9999999999412337,0.24443295851754207,0.16184476369940365
2014-01-31,-0.005453561359153351,0.0,1.0174308940503758e-05,-0.0054637356680938545,0.9942197689946044,0.25149521633783006,0.0
2014-02-03,-0.01579369482754892,0.0,3.086861733279156e-05,-0.01582456344488171,0.9985297019297387,0.2473933468318108,0.0
2014-02-04,0.003346009791442591,0.0,1.056327080326736e-05,0.003335446520639324,1.0064423130006115,0.2353235443620943,0.0
2014-02-05,-0.0027813774199003222,0.0,1.0543170594883921e-05,-0.002791920590495206,1.0075275844664429,0.23787613103991667,0.0
2014-02-06,0.008077682492941312,2.946621117692538e-06,1.0352945410546278e-05,0.008064382926413073,0.9999999999852937,0.2442349850154155,0.014475300902977967
2014-02-07,0.0053074399469274945,0.0,1.0226997809941443e-05,0.005297212949117553,0.9968650393671395,0.25029419924141416,0.0
2014-02-10,0.00016472543726059758,0.0,3.068999756090035e-05,0.00013403543969969724,1.0010447380318428,0.2542547973832676,0.0
2014-02-11,0.003929640336111297,0.0,1.0258821704439712e-05,0.003919381514406857,1.0032794105821792,0.2543854261580801,0.0
2014-02-12,-0.0005224359799740012,0.0,1.0267725889968238e-05,-0.0005327037058639694,1.00685057379369,0.25730658382600835,0.0
2014-02-13,0.0020076446884078145,3.145187226885583e-05,1.0363885417178834e-05,0.00196582893072178,1.0000000000155604,0.24343636456150575,0.1534425235725984
2014-02-14,-0.001212903075636341,0.0,1.039340927765861e-05,-0.0012232964849139996,1.0036813322380733,0.24496245496899482,0.0
2014-02-18,-0.002170818851590898,0.0,4.195308666709555e-05,-0.0022127719382579935,1.0096919267447018,0.24404809507020805,0.0
2014-02-19,-0.005288515061709309,0.0,1.0648318818720951e-05,-0.00529916338052803,1.0197409561791386,0.2424136824125092,0.0
2014-02-20,0.001329808455411896,0.0,1.0740879424190417e-05,0.0013190675759877056,1.0224726245371283,0.23838842657122794,0.0
2014-02-21,0.00040833698819088695,1.4563322095617087e-05,1.052211444552064e-05,0.0003832515516497492,1.0000000000045077,0.2318856454815011,0.07236360509904544
2014-02-24,-0.0006920958391607668,0.0,3.1539626226314555e-05,-0.0007236354653870813,0.9996692277208015,0.23220498954714736,0.0
2014-02-25,-0.0004669320049211349,0.0,1.062853784418565e-05,-0.0004775605427653205,1.0075638085932415,0.231680545967689,0.0
2014-02-26,0.002427589693128746,0.0,1.0646276255457056e-05,0.0024169434168732893,1.0085022518668243,0.23132408521845943,0.0
2014-02-27,0.002761694843170992,0.0,1.0576174663145973e-05,0.002751118668507846,1.0052488229444378,0.23318807253478188,0.0
2014-02-28,-0.00021361211409684985,5.249236474226497e-05,1.1488196544200646e-05,-0.00027759267538331547,1.0000000000273874,0.16136165230073996,0.25000000001473915
2014-03-03,-0.01056554953820714,0.0,3.4479493224739086e-05,-0.01060002903143188,1.0001937879253804,0.1611927861233958,0.0
2014-03-04,0.011277823678832784,0.0,1.1825637243268823e-05,0.011265998041589516,1.0155125143165,0.15224099555787618,0.0
2014-03-05,0.00030527127348451837,0.0,1.160161698547541e-05,0.00029366965649904294,1.0086151795185878,0.16169713957888263,0.0
2014-03-06,-0.003620452674001437,0.0,1.1595437435163844e-05,-0.0036320481114366005,1.0084217823942692,0.1619548496273087,0.0
2014-03-07,0.004778439996420181,5.241938854455806e-05,1.2328767123090844e-05,0.004713691840752533,0.9999999999722277,0.09999999998659606,0.25000000002912226
2014-03-10,0.0014797436754939446,0.0,3.631072407396526e-05,0.0014434329514199794,0.9878478163103058,0.10428686384381804,0.0
2014-03-11,-0.003428458073521925,0.0,1.2039521466070766e-05,-0.0034404975949879958,0.9844992275829894,0.10561416055982331,0.0
2014-03-12,-0.003736547623774323,0.0,1.211157416239918e-05,-0.0037486591979367222,0.9866833997555758,0.10253848590043557,0.0
2014-03-13,-0.0040253161318284676,0.0,1.2291915117165247e-05,-0.004037608046945633,0.9964835102575557,0.09917370670449255,0.0
2014-03-14,-0.005393548304817216,3.29162919120812e-05,1.2268461604493785e-05,-0.005438733058333791,1.0000000000269744,0.10440230289892831,0.1632111629985949
2014-03-17,0.008215649567305224,0.0,3.731445209399814e-05,0.008178335115211226,1.0075351824109187,0.09955018145696426,0.0
2014-03-18,0.006403781414180003,0.0,1.2188378731884839e-05,0.006391593035448118,0.9966432828364759,0.10689163540888258,0.0
2014-03-19,0.0013955409458872065,0.0,1.2035692175396524e-05,0.00138350525371181,0.9911814064316046,0.11257587762765821,0.0
2014-03-20,0.004831653022247539,0.0,1.1895746027812682e-05,0.004819757276219726,0.9822034163972916,0.11381395636696603,0.0
2014-03-21,-0.0036612854326005077,5.137312830332682e-05,1.233192846018759e-05,-0.003724990489364022,1.0000000000020501,0.09976922240835596,0.2500000000019028
2014-03-24,0.0018432549073349915,0.0,3.726092442266794e-05,0.0018059939829123237,1.003149770948783,0.09646727666386314,0.0
2014-03-25,-0.0005782919616245189,0.0,1.2301719807067854e-05,-0.0005905936814315868,0.9961588493316593,0.0981333034157061,0.0
2014-03-26,-0.000252626412849689,0.0,1.2366548714201925e-05,-0.00026499296156389093,1.0003707170115625,0.09761266087482194,0.0
2014-03-27,-0.002348938477037775,0.0,1.2307150261251385e-05,-0.002361245627299026,0.995807810095751,0.09738584102439976,0.0
2014-03-28,-0.0003655318987466245,5.1613903904677855e-05,1.232022285457375e-05,-0.0004294660255058761,0.9999999999939189,0.10062373161003474,0.2500000000050556
2014-03-31,0.0019685508515257153,0.0,3.710479549867784e-05,0.0019314460560270375,1.003184632836011,0.10030127570151687,0.0
2014-04-01,0.0022732811780367427,0.0,1.235886368376922e-05,0.0022609223143529736,1.0042697275955303,0.10207267868037741,0.0
2014-04-02,-0.0009042342586093444,0.0,1.2369027337113638e-05,-0.000916603285946458,1.0070495695479316,0.1041105739386361,0.0
2014-04-03,-0.0002038126612562557,0.0,1.2421485778506534e-05,-0.00021623414703476223,1.010069487570638,0.10330102573966135,0.0
2014-04-04,-0.004377784937933821,5.21821234586855e-05,1.10690756887634e-05,-0.00444103613708127,0.9999999999711153,0.19195747469138735,0.25000000003721223
2014-04-07,-0.002510164619895403,0.0,3.337457337146488e-05,-0.002543539193266868,1.0005310727402879,0.18841645403464208,0.0
2014-04-08,0.0013672426533736302,0.0,1.1156665266777884e-05,0.0013560859881068523,1.0008169196277186,0.1863803551529331,0.0
2014-04-09,0.005104031375679872,0.0,1.1185754732005966e-05,0.005092845620947866,1.0040534361505367,0.18749334071410112,0.0
2014-04-10,-0.007493391240165955,0.0,1.1123231121860255e-05,-0.0075045144712878155,1.0036173454033472,0.19162147350754846,0.0
2014-04-11,-0.004398764851426031,2.2609189850615446e-05,1.118509288411014e-05,-0.004432559134160756,1.0000000000256115,0.1834882194855714,0.11035491887015196
2014-04-14,0.004157914417920497,0.0,3.367216415284954e-05,0.004124242253767648,0.9992428079587677,0.17988681357276232,0.0
2014-04-15,0.004479715670048044,0.0,1.1184104721680576e-05,0.004468531565326363,0.9997284452573924,0.18328880057471023,0.0
2014-04-16,0.0009091207807661046,0.0,1.102577712417114e-05,0.0008980950036419334,0.9918149294073804,0.18693319934288702,0.0
2014-04-17,0.000610580159833092,0.0,1.1069342200408116e-05,0.0005995108176326838,0.9957357518771738,0.18767377124738135,0.0
2014-04-21,0.0015230780861016308,3.3250757997856325e-06,4.4004311058971814e-05,0.0014757486992428733,0.9999999999333203,0.19692132310708443,0.016480347457838523
2014-04-22,0.004996588286998542,0.0,1.0932413499056574e-05,0.004985655873499485,0.9962181640995437,0.1981519786684138,0.0
2014-04-23,0.0006227583656045722,0.0,1.0869523135556383e-05,0.0006118888424690158,0.9956159515703256,0.20214076267470943,0.0
2014-04-24,0.0006054242882614084,0.0,1.0830810696848028e-05,0.0005945934775645603,0.9932887090438872,0.2026395281739812,0.0
2014-04-25,-0.0023202220521485574,0.0,1.0856161700396383e-05,-0.0023310782138489536,0.995623980280903,0.20312417615196693,0.0
2014-04-28,0.0013233469019231167,5.100175793027302e-05,3.2943551411425844e-05,0.001239401592581418,0.9999999999781837,0.1983735823001551,0.24999999998156444
2014-04-29,0.004455967993714915,0.0,1.0941258740012389e-05,0.0044450267349749025,0.9981616189088802,0.19944973088797563,0.0
2014-04-30,0.0027841787525823935,0.0,1.0882329373954438e-05,0.002773296423208439,0.9974133878908082,0.2030033435921342,0.0
2014-05-01,0.000224308402736937,0.0,1.0782967920366688e-05,0.0002135254348165703,0.9923750491019829,0.20521839091521477,0.0
2014-05-02,-0.004118606407232595,0.0,1.0763377896308176e-05,-0.004129369785128904,0.9911254278715189,0.20539884144102225,0.0
2014-05-05,0.0014967912546497667,2.963647035393684e-05,3.300397227734609e-05,0.0014341508120184838,0.999999999994307,0.19690334124555198,0.14473284965827113
2014-05-06,-0.002204050163777017,0.0,1.0997568692135623e-05,-0.0022150477324691525,1.0009385187977018,0.19811600427180143,0.0
2014-05-07,0.001262077762791325,0.0,1.0995327483741709e-05,0.0012510824353075833,0.9990057781143296,0.19634687180118496,0.0
2014-05-08,-0.0009436391639156053,0.0,1.0951412717198014e-05,-0.0009545905766328033,0.9968151617460599,0.1973620333906048,0.0
2014-05-09,-0.0018448976383078318,0.0,1.095765233647536e-05,-0.0018558552906443072,0.9965146930935369,0.1966060725308358,0.0
2014-05-12,0.0007611221842000143,2.102432171211049e-05,3.698630136972875e-05,0.000703111561118175,0.9999999999925161,0.09999999999578313,0.10264115914915535
2014-05-13,0.00021324702295767592,0.0,1.2393039199611196e-05,0.00020085398375806472,1.0053821872195448,0.10069032564792732,0.0
2014-05-14,-0.0038765804946101503,0.0,1.2408385704802155e-05,-0.0038889888803149524,1.006695466306763,0.10088330985620564,0.0
2014-05-15,-0.0005465743502894201,0.0,1.252989072745724e-05,-0.0005591042410168773,1.012067483438317,0.09738546033393855,0.0
2014-05-16,0.0013298844971546167,0.0,1.2494009491292466e-05,0.001317390487663324,1.008955752168381,0.09689305930403108,0.0
2014-05-19,0.000826378728410557,5.0507482102589264e-05,3.522816340166314e-05,0.0007406430829063046,1.0000000000296119,0.14278135725580923,0.2500000000217209
2014-05-20,-0.0019328958159415292,0.0,1.1728029565102482e-05,-0.0019446238455066316,0.9996476108784265,0.14350145262594527,0.0
2014-05-21,0.0011807102281134931,0.0,1.1763978959365951e-05,0.0011689462491541272,1.000614854828409,0.1418443907946944,0.0
2014-05-22,-0.0011407418571375678,0.0,1.174588893877735e-05,-0.001152487746076345,1.0003080001045448,0.14285810757379827,0.0
2014-05-23,0.0002920786421883383,0.0,1.179255921312887e-05,0.0002802860829752094,1.0027377042526235,0.1418808816942158,0.0
2014-05-27,0.004155013693484311,5.086160693746855e-05,4.383561643900061e-05,0.004060316470107842,1.0000000000435207,0.20000000003175958,0.2500000000393881
2014-05-28,0.0012772902315721661,0.0,1.0792312020422699e-05,0.0012664979195517435,0.9911682093749641,0.2033294318841072,0.0
2014-05-29,0.0018590651218061826,0.0,1.0760138035802065e-05,0.0018483049837703805,0.9898379925188712,0.20434791590532053,0.0
2014-05-30,0.0014402435423566794,0.0,1.0737360215288147e-05,0.0014295061821413913,0.9896538465035487,0.20582655078751388,0.0
2014-06-02,-0.0016432023782121533,0.0,3.1961044043115056e-05,-0.0016751634222552684,0.984689666491082,0.20697092810861564,0.0
2014-06-03,-0.0017815095245926375,6.168065530932023e-06,1.0672275478730289e-05,-0.0017983498656022998,1.0000000000067248,0.2209238900594138,0.0305580216038564
2014-06-04,0.0001933901482337805,0.0,1.0712323605821535e-05,0.00018267782462795895,1.0015368084272962,0.21953718520232443,0.0
2014-06-05,-0.00012991055540599887,0.0,1.0699918339658867e-05,-0.00014061047374565774,1.0007844815734772,0.21969044277837993,0.0
2014-06-06,0.002920292061576917,0.0,1.074839859162814e-05,0.0029095436629852887,1.0042245062638886,0.21959140907503447,0.0
2014-06-09,-0.0017281245765772984,0.0,3.2167961045445155e-05,-0.0017602925376227435,1.0046198905948538,0.22186617182235477,0.0
2014-06-10,-0.003588911806783899,5.071049943248014e-05,1.0693264342008471e-05,-0.0036503155705583873,1.0000000000237852,0.21939170305716685,0.2500000000207123
2014-06-11,-0.00044319614313041884,0.0,1.0786847994954041e-05,-0.00045398299112537287,1.0040333292359922,0.21659342560434708,0.0
2014-06-12,-0.0030201714371977818,0.0,1.0792159168349503e-05,-0.003030963596366131,1.00407602184735,0.216248402557836,0.0
2014-06-13,0.0003814123004801922,0.0,1.0908548919172314e-05,0.00037050375156101985,1.0102005540541712,0.21387648295459236,0.0
2014-06-16,-4.968534581009491e-05,0.0,3.2841752986760136e-05,-8.252709879685505e-05,1.0133278639798462,0.2141785413020162,0.0
2014-06-17,-0.0018500907532124973,5.163262363434331e-05,1.3501136507720075e-05,-0.0019152245133545608,0.9999999999620682,0.01441703489850274,0.2500000000254443
2014-06-18,0.0014623403897297185,0.0,1.3561788090806479e-05,0.001448778601638912,1.0026015894787217,0.012591058849848624,0.0
2014-06-19,-0.010582127435933402,0.0,1.35738380842826e-05,-0.010595701274017684,1.004923248582951,0.014033068430321094,0.0
2014-06-20,0.0005407557279639564,0.0,1.4049225232465623e-05,0.0005267065027314908,1.0290813396866583,0.0034878977166678538,0.0
2014-06-23,-0.0009107861729205355,0.0,4.217115189014892e-05,-0.0009529573248106845,1.0301912286373285,0.00402653264370495,0.0
2014-06-24,0.0011667532847938191,2.9369648945970904e-05,1.506849315147004e-05,0.0011223151426963782,1.0000000000683018,-0.0999999999890113,0.14274433611796578
2014-06-25,-0.0014613973304911016,0.0,1.5036568734132719e-05,-0.0014764338992252343,0.9989470685869133,-0.09872244900477535,0.0
2014-06-26,1.3039488151925642e-05,0.0,1.5100828080990539e-05,-2.0613399290648967e-06,1.0020284700407842,-0.10033197987152517,0.0
2014-06-27,0.0015489135956669347,0.0,1.509996256678034e-05,0.0015338136331001543,1.001978120199728,-0.10031914717523692,0.0
2014-06-30,-0.002691544545343828,0.0,4.519539696341483e-05,-0.002736739942307243,1.0011356889848955,-0.09861897045819887,0.0
2014-07-01,-0.00013334825221550517,1.3693092192049208e-06,1.5068493150497215e-05,-0.0001497860545852073,1.000000000004091,-0.09999999998220566,0.006821851216911673
2014-07-02,-0.0013550234677619465,0.0,1.5081557108626201e-05,-0.0013701050248705728,1.0008053198692124,-0.10014834906050021,0.0
2014-07-03,-0.001703453218747367,0.0,1.5117596608594816e-05,-0.0017185708153559618,1.0019419188161074,-0.10164263361131406,0.0
2014-07-07,0.003320224710675631,0.0,6.0625733721550615e-05,0.0032595989769540804,1.002895640262881,-0.10352400015541743,0.0
2014-07-08,0.0019513675455119467,0.0,1.5032824396085712e-05,0.0019363347211158609,0.9975179683888831,-0.09987821252537407,0.0
2014-07-09,-0.0003094759109020724,4.0819766494128425e-05,1.2328767123291506e-05,-0.0003626244445194923,0.9999999999991195,0.09999999999883963,0.20210134482576164
2014-07-10,-0.003898646670211056,0.0,1.2360747279644858e-05,-0.003911007417490701,1.0020612388366423,0.09972668742256788,0.0
2014-07-11,7.437846130146313e-05,0.0,1.2488858756086615e-05,6.188960254537651e-05,1.0078909856637661,0.09620429646944326,0.0
2014-07-14,0.008323840492121145,0.0,3.7524059372272806e-05,0.008286316432748872,1.0093581613758804,0.09627271665057527,0.0
2014-07-15,0.0019853661715955673,0.0,1.2209560423450318e-05,0.001973156611172117,0.9950348707793365,0.1037369598674632,0.0
2014-07-16,0.00030954356020041656,5.037951257646206e-05,1.2131211024438674e-05,0.00024703283659951585,0.999999999997696,0.11442159521367298,0.2500000000006851
2014-07-17,-0.00966909348695911,0.0,1.215800025260819e-05,-0.009681251487211719,1.0022368218553779,0.11470280341497982,0.0
2014-07-18,0.007327994021174688,0.0,1.2421262647237355e-05,0.00731557275852745,1.0128126816308605,0.10606050838253364,0.0
2014-07-21,-0.002187322372679154,0.0,3.6736291086623496e-05,-0.0022240586637657773,1.0064814412160736,0.11256502477490207,0.0
2014-07-22,0.0019256362238094526,0.0,1.229382293248545e-05,0.0019133424008769672,1.0080728101523095,0.1106237360808717,0.0
2014-07-23,0.0018706282999781181,5.185304484431637e-05,8.775834789491686e-06,0.0018099994203443102,0.9999999999938025,0.3593640603609093,0.25000000000335487
2014-07-24,0.0019284847019482472,0.0,8.757413311190617e-06,0.0019197272886370565,0.9998732071027674,0.36058203538585254,0.0
2014-07-25,-0.004967591383770444,0.0,8.690344485929403e-06,-0.0049762817282563735,0.9962110796421979,0.3618159321693516,0.0
2014-07-28,0.0009782380654830343,0.0,2.639035187468782e-05,0.0009518477136083465,1.0007982285795207,0.3586329996287836,0.0
2014-07-29,-0.0017302445436607498,0.0,8.779815668677065e-06,-0.001739024359329427,1.0001958118763168,0.35926926806289106,0.0
2014-07-30,0.0004954308063393263,5.136131083747133e-05,1.0155002014161943e-05,0.00043391449348769307,1.0000000000369105,0.25868485300308863,0.24743943498850038
2014-07-31,-0.009108574610791027,0.0,1.012435626630328e-05,-0.00911869896705733,0.9981458779457579,0.2590678705056186,0.0
2014-08-01,-0.0015565610398101451,0.0,1.020611492726337e-05,-0.0015667671547374086,0.9973059647112279,0.2522595750210019,0.0
2014-08-04,0.0036265327036297096,0.0,3.069412802005119e-05,0.0035958385756096585,0.9979868720982888,0.25109642361037654,0.0
2014-08-05,-0.005377333487991885,0.0,1.0205994509695839e-05,-0.0053875394825015814,0.9988478946704908,0.2538102954626946,0.0
2014-08-06,-0.0030718705430416524,3.278538301004233e-05,1.1011968948807825e-05,-0.003115667895000503,1.0000000000462288,0.19612626678325737,0.15690082628434182
2014-08-07,0.00043435910464545267,0.0,1.113722177043279e-05,0.0004232218828750199,1.006674958776968,0.19365776953537456,0.0
2014-08-08,0.001339147263362401,0.0,1.109008733130856e-05,0.0013280571760310926,1.003586394539857,0.19401001935433215,0.0
2014-08-11,0.002607881061602553,0.0,3.345779506682829e-05,0.002574423266535725,1.009229755801988,0.19509007584249966,0.0
2014-08-12,-0.0004274056503563991,0.0,1.1134081337988337e-05,-0.0004385397316943874,1.0099782432665956,0.19719030559344705,0.0
2014-08-13,0.005948923088387474,5.516516196658011e-05,1.0971517207761139e-05,0.005882786409213132,1.0000000000365732,0.19907924387001,0.2500000000224345
2014-08-14,0.0011001734349954213,0.0,1.0887011939004228e-05,0.001089286423056417,0.9985809555405881,0.20382908399327948,0.0
2014-08-15,0.0015169766869389954,0.0,1.0891005719478688e-05,0.0015060856812195167,0.999749691185603,0.20470627366365854,0.0
2014-08-18,0.004748793620137188,0.0,3.256897894579379e-05,0.004716224641191395,0.9984249485519534,0.20591312753763807,0.0
2014-08-19,0.002450140645845949,0.0,1.0794134694493711e-05,0.0024393465111514556,0.9976448886228697,0.20967305592482874,0.0
2014-08-20,0.0027508831237567626,5.2441633505928334e-05,1.4224561455720286e-05,0.0026842169287951143,1.0000000000130351,-0.03839298625454604,0.25000000000649686
2014-08-21,-0.0005702019602516317,0.0,1.4141485223292319e-05,-0.000584343445474924,0.9967817331915341,-0.035546688108805,0.0
2014-08-22,-0.0009019466503167741,0.0,1.4179306014760818e-05,-0.000916125956331535,0.9989513320009153,-0.036138007076624346,0.0
2014-08-25,-0.002196595166060665,0.0,4.254544929731692e-05,-0.002239140615357982,0.9981986814624244,-0.03707391810562058,0.0
2014-08-26,-0.0009995111774198668,0.0,1.4302218926407223e-05,-0.001013813396346274,1.0047033388203706,-0.039358642807356514,0.0
2014-08-27,-0.0009211398408238837,5.092237689863407e-05,1.1764791234225867e-05,-0.0009838270089567436,1.0000000000356868,0.1411702399371985,0.25000000002534084
2014-08-28,-0.004505921628421507,0.0,1.1820333326712322e-05,-0.00451774196174822,1.003271549682006,0.1403872168320064,0.0
2014-08-29,0.0001930907835469678,0.0,1.1957515642757804e-05,0.00018113326790420998,1.0093965996763474,0.13649795775502754,0.0
2014-09-02,0.007558462483452505,0.0,4.79761561177044e-05,0.0075104863273348,1.012231142874285,0.13666629372617953,0.0
2014-09-03,0.003676199526829294,0.0,1.1704422202679629e-05,0.0036644951046266145,0.9975724536449668,0.14314963284935397,0.0
2014-09-04,-0.0007416254046507374,5.0761265808382084e-05,8.45393633167818e-06,-0.0008008406067907977,1.0000000000883305,0.3828626478758232,0.25000000006095696
2014-09-05,0.004592537120127778,0.0,8.423287469532384e-06,0.004584113832658246,0.9973272710466264,0.38242728577076235,0.0
2014-09-08,-0.0030078353746832835,0.0,2.5110984463175478e-05,-0.003032946359146459,0.9962877309990927,0.3852537757284893,0.0
2014-09-09,-0.008445108559772669,0.0,8.42662372880908e-06,-0.008453535183501478,0.9985523308768713,0.38340879867380845,0.0
2014-09-10,0.00133890749278563,0.0,8.595796155668348e-06,0.0013303116966299617,1.005653602426405,0.3781604830626156,0.0
2014-09-11,0.003750995702012254,5.0533733659499626e-05,7.3884836566952e-06,0.003693073484696059,1.000000000019865,0.46064069308111544,0.25000000001164
2014-09-12,-0.0073250337925370125,0.0,7.237059478151707e-06,-0.007332270852015164,0.9909883084924779,0.46268296658740327,0.0
2014-09-15,-0.0052803977491687505,0.0,2.1811920342973264e-05,-0.005302209669511723,0.9894781307082878,0.45872140236260506,0.0
2014-09-16,0.0019122087285194074,0.0,7.3822128738148625e-06,0.0019048265156455925,0.9947595994135903,0.45585805962510534,0.0
2014-09-17,-0.002887472376212654,0.0,7.444255772736328e-06,-0.0028949166319853907,1.0003306246175094,0.45689995320775745,0.0
2014-09-18,0.005854465754988922,5.1389725924015315e-05,1.078104817603506e-05,0.005792294980888872,1.000000000027409,0.21298348317684956,0.25000000001471967
2014-09-19,0.0041040748163168475,0.0,1.0558168829002654e-05,0.004093516647487845,0.988323999375,0.21757767485780619,0.0
2014-09-22,-0.0024793647749291083,0.0,3.1249094430038345e-05,-0.0025106138693591464,0.9811726224223057,0.22077799129137288,0.0
2014-09-23,7.24070621460375e-05,0.0,1.0417646306993486e-05,6.198941583904402e-05,0.9793362499255751,0.2188480695150507,0.0
2014-09-24,-0.002933452343736559,0.0,1.0382781420559229e-05,-0.0029438351251571183,0.976849950366753,0.21890690666592943,0.0
2014-09-25,-0.003810088187462162,5.1429343507740656e-05,1.4156012031109722e-05,-0.0038756735430010123,1.0000000000290865,-0.03338887824192312,0.25000000001890355
2014-09-26,0.001218828758256322,0.0,1.419907812989345e-05,0.0012046296801264285,0.9991890050688982,-0.03734369841332354,0.0
2014-09-29,-0.008590978820938644,0.0,4.271905737225803e-05,-0.008633697878310902,1.00341565780115,-0.036081404923795385,0.0
2014-09-30,0.005347360726088332,0.0,1.4565560280974317e-05,0.005332795165807357,1.018224469989301,-0.04506143052182393,0.0
2014-10-01,0.002181029272162654,0.0,1.433469334952705e-05,0.002166694578813127,1.0069292082934724,-0.03950340622200205,0.0
2014-10-02,0.0018142757427545343,5.314334945301715e-05,1.535724912033548e-05,0.0017457751441811817,0.9999999999634466,-0.12107918582104335,0.2500000000312075
2014-10-03,0.00544599741395002,0.0,1.5274000911631766e-05,0.005430723413038388,0.9959450033325328,-0.1190570632165861,0.0
2014-10-06,-0.003185168777119109,0.0,4.535548792917315e-05,-0.003230524265048282,0.9906527981438692,-0.11299740813267732,0.0
2014-10-07,-0.0010417274936374776,0.0,1.5258770750541475e-05,-0.001056986264388019,0.9973311408013746,-0.11655912398815298,0.0
2014-10-08,0.009781330551400612,0.0,1.5230140389131216e-05,0.009766100411011482,0.9940749629150527,-0.11772528549152618,0.0
2014-10-09,0.0011319098082564376,5.273930399500469e-05,1.254845189702281e-05,0.00106662205236441,1.0000000001117628,0.08396301162909767,0.25000000009770074
2014-10-10,-0.0026162227919999037,0.0,1.2428997324723915e-05,-0.0026286517893246274,0.9923210587303115,0.08500425402546569,0.0
2014-10-13,-0.003002686988914183,0.0,3.7358076023346645e-05,-0.0030400450649375296,0.9916516880333468,0.08260517146524535,0.0
2014-10-14,0.00799903626905838,0.0,1.2510080884738093e-05,0.007986526188173642,0.9930811221217408,0.07984521753585994,0.0
2014-10-15,0.000655135295793562,0.0,1.227871412072726e-05,0.0006428565816728347,0.9834943729003253,0.08714824208723532,0.0
2014-10-16,-0.003583223407146111,5.0856861060141004e-05,1.1820492715094224e-05,-0.003645900760921346,1.000000000034191,0.1371040318323125,0.25000000002312933
2014-10-17,0.0038699771871840132,0.0,1.1927892272067846e-05,0.0038580492949119452,1.004745529235394,0.13400939337444093,0.0
2014-10-20,0.004133322021795586,0.0,3.559353898676246e-05,0.0040977284828088234,1.0034589182154054,0.13734946953751925,0.0
2014-10-21,0.003988697476084541,0.0,1.1797560887780911e-05,0.00397689991519676,1.002127344298448,0.14090539949044129,0.0
2014-10-22,0.005922797911773253,0.0,1.182043232414223e-05,0.005910977479449111,1.0072117098359223,0.14432015017353955,0.0
2014-10-23,0.0012360948434868007,4.9640934722866e-05,1.3211812202920142e-05,0.0011732420965610145,1.0000000000413718,0.03553770922820154,0.24358788396133307
2014-10-24,0.0032299288684376395,0.0,1.3241548714934811e-05,0.0032166873197227047,1.0033637662466546,0.03673071005641358,0.0
2014-10-27,0.001193450625250815,0.0,3.946131114355838e-05,0.0011539893141072567,1.0000577480209836,0.039832510194396126,0.0
2014-10-28,0.0003913068044371154,0.0,1.3100688223826053e-05,0.00037820611621328933,0.9973289122095044,0.04097867187020236,0.0
2014-10-29,0.0006616376896741546,0.0,1.3148939378161997e-05,0.0006484887502959926,1.0012269128168219,0.041354338210996267,0.0
2014-10-30,0.00941854338641958,1.6821213378615277e-05,1.3221090183312838e-05,0.009388501082857652,1.00000000003002,0.03486041664818282,0.0813803398033974
2014-10-31,0.01039542765169971,0.0,1.2876473117264678e-05,0.010382551178582446,0.9838496511514717,0.04386711359115003,0.0
2014-11-03,0.003078849381937593,0.0,3.7711403671323194e-05,0.00304113797826627,0.9713491028854888,0.05370494688329097,0.0
2014-11-04,0.002311303358398555,0.0,1.247285571857116e-05,0.002298830502679984,0.9671300999353776,0.056611632479682955,0.0
2014-11-05,0.009972488013610108,0.0,1.2356020040198196e-05,0.00996013199356991,0.9607772556015811,0.058787792667113176,0.0
2014-11-06,-0.0015696734573971696,5.0829020220078694e-05,1.1962063142304209e-05,-0.0016324645407595525,0.9999999999772062,0.12676939058899891,0.2499999999971144
2014-11-07,-0.006191574536997362,0.0,1.203338743276458e-05,-0.006203607924430127,1.0038417180175023,0.12540443542568816,0.0
2014-11-10,0.005623493327791872,0.0,3.693820797753446e-05,0.005586555119814337,1.0187867547068903,0.11995702725355206,0.0
2014-11-11,-0.0047256427640735505,0.0,1.206842391617687e-05,-0.0047377111879897274,1.0058778015057874,0.12488285562487572,0.0
2014-11-12,0.0026558621073451954,0.0,1.2254580100949934e-05,0.0026436075272442453,1.015313540278108,0.120729192908763,0.0
2014-11-13,0.003451429272568436,5.0424048963556324e-05,1.203710057163232e-05,0.0033889681230332472,1.0000000000010072,0.12129165827184803,0.2500000000007097
2014-11-14,-0.0108332511390226,0.0,1.1910780219657039e-05,-0.010845161919242256,0.9938087210806413,0.12432176504567734,0.0
2014-11-17,0.002317753605026246,0.0,3.709037973300744e-05,0.002280663225293239,1.0172653833096363,0.11473280980645537,0.0
2014-11-18,-0.0008577729026859207,0.0,1.2268089900387715e-05,-0.0008700409925863085,1.0123547806686337,0.11678421794033053,0.0
2014-11-19,0.0013253577093573353,0.0,1.2306125409537376e-05,0.0013130515839477979,1.014374548522591,0.11602739362636245,0.0
2014-11-20,-0.0010685537657412888,5.0603996837342756e-05,8.778383239539444e-06,-0.0011279361458181709,0.9999999999923938,0.3591780235060143,0.25000000000503275
2014-11-21,-0.00040483919616821724,0.0,8.860720359374742e-06,-0.000413699916527592,1.005346436705352,0.3585138504709957,0.0
2014-11-24,0.0018650050913130846,0.0,2.6885695452272685e-05,0.0018381193958608118,1.012475811596406,0.3582572222577709,0.0
2014-11-25,0.000728775256352968,0.0,8.90482869885827e-06,0.0007198704276541098,1.0095139892211753,0.3594614942045216,0.0
2014-11-26,0.002390688885825056,0.0,8.933544338911777e-06,0.002381755341486144,1.0120799023992857,0.3599311656587258,0.0
2014-11-28,0.020286663407302424,1.0177265863103025e-05,1.6438356164382215e-05,0.02026004778527494,0.9999999999998275,0.39999999999987657,0.05049594030132756
2014-12-01,-0.014482965323073936,0.0,2.282262497954145e-05,-0.014505787948053477,0.9672912658100885,0.41194072464124665,0.0
2014-12-02,0.0016567182117243,0.0,8.044405951100465e-06,0.0016486738057731995,0.9905496949521773,0.40330806052184326,0.0
2014-12-03,0.0022584563873382134,0.0,7.93955305102982e-06,0.0022505168342871838,0.983885595569021,0.4042982228438443,0.0
2014-12-04,0.0015350744424099932,0.0,7.893764012355387e-06,0.0015271806783976377,0.9818885439975514,0.4056437710956081,0.0
2014-12-05,0.0014668625605611589,2.452903943049534e-05,9.731556536269152e-06,0.0014326019645943945,1.0000000000391032,0.2895963728914551,0.1201986434279615
2014-12-08,0.006666445602642673,0.0,2.8928593291871013e-05,0.006637517009350802,0.9945759576332175,0.29064685419768943,0.0
2014-12-09,-0.0064219802061791,0.0,9.469083622340482e-06,-0.00643144928980144,0.9865959944002547,0.2953528899693994,0.0
2014-12-10,0.004366821262959148,0.0,9.73287193552511e-06,0.0043570883910236235,1.0013008341173,0.29080118282396694,0.0
2014-12-11,0.004021309012003011,0.0,9.583637994784882e-06,0.004011725374008226,0.993493083847142,0.29388751022784554,0.0
2014-12-12,0.004342975137646691,5.0838419941137105e-05,9.479282768219706e-06,0.004282657434937333,0.9999999999810809,0.3080123579010425,0.25000000002144385
2014-12-15,0.00917476903544875,0.0,2.8058109205770523e-05,0.00914671092624298,0.9937706506833428,0.3110233266762602,0.0
2014-12-16,0.00470926982760458,0.0,8.946426041363533e-06,0.004700323401563216,0.9703849830204969,0.3172958820009588,0.0
2014-12-17,0.0021394031398588465,0.0,8.800741587863645e-06,0.0021306023982709827,0.9629528401827645,0.3204987042687184,0.0
2014-12-18,-0.0009346092378902688,0.0,8.811353905034878e-06,-0.0009434205917953037,0.9651809904417546,0.3219521553742085,0.0
2014-12-19,-0.009344406537619969,4.119369694132814e-05,1.1983795372593098e-05,-0.00939758402993389,0.9999999999956206,0.12518293779632428,0.1999454962606244
2014-12-22,0.016887596493838926,0.0,3.731320280909054e-05,0.016850283291029836,1.02489206256138,0.11693746087351026,0.0
2014-12-23,-0.010137980664067243,0.0,1.1853625212467884e-05,-0.010149834289279711,0.9969220753177899,0.13160743480763476,0.0
2014-12-24,0.005297745913144154,0.0,1.2156084413706084e-05,0.005285589828730447,1.0101091531672342,0.12271499096668984,0.0
2014-12-26,0.0010674639253273148,0.0,2.389909259999633e-05,0.0010435648327273184,0.9996565515066612,0.12733967160679527,0.0
2014-12-29,0.00975039193140646,7.955778715071586e-07,3.5987075939024816e-05,0.009713609277595927,1.0000000000458344,0.12431448552956409,0.003958788589769988
2014-12-30,-0.0038955585904322885,0.0,1.168880778791894e-05,-0.003907247398220208,0.9860581200354399,0.13277515151735728,0.0
2014-12-31,0.003629506735078881,0.0,1.1843312682734168e-05,0.003617663422396147,0.9939469584894337,0.12938513264983953,0.0
2015-01-02,0.010507674813886666,0.0,2.3314520302509692e-05,0.010484360293584157,0.9835151627835304,0.1325351717419266,0.0
2015-01-05,0.010521505978804063,0.0,3.423020268281343e-05,0.01048727577612125,0.9744936261515587,0.14155869420309874,0.0
2015-01-06,0.009706287292989113,7.707353978007231e-06,1.1919058291332485e-05,0.009686660880719773,1.0000000000284743,0.12990874476120312,0.037847324703864454
2015-01-07,0.0007412328017080619,0.0,1.1683927468341407e-05,0.0007295488742397204,0.9912023083670516,0.1382756031781287,0.0
2015-01-08,-0.0014534051759243045,0.0,1.1724504210897565e-05,-0.001465129680135202,0.9948042977357671,0.13891549034024456,0.0
2015-01-09,0.0028462913527283595,0.0,1.1746908916001883e-05,0.0028345444438123576,0.9951881313230817,0.13766378045494443,0.0
2015-01-12,0.011645439438581632,0.0,3.503769396940079e-05,0.01161040174461223,0.9926968021102276,0.14011291552147506,0.0
2015-01-13,-0.0015846172435948556,5.205686972034985e-05,8.900188852689039e-06,-0.0016455743021678943,0.9999999999841936,0.3502862137378937,0.2500000000006489
2015-01-14,-0.0049535846139751784,0.0,8.965946834343027e-06,-0.004962550560809522,1.0037904755982658,0.3492763566912247,0.0
2015-01-15,0.011975564905824541,0.0,9.203530065705675e-06,0.011966361375758836,1.0178977079350269,0.34604001313851274,0.0
2015-01-16,-0.011190415443656985,0.0,8.846431278580195e-06,-0.011199261874935565,0.999571576999644,0.35378209366328983,0.0
2015-01-20,0.01166467417805649,0.0,3.707524741236642e-05,0.011627598930644124,1.0230951731236175,0.3464719078479303,0.0
2015-01-21,-0.00596954081225053,1.5151983562937928e-06,8.904337805168483e-06,-0.005979960348411991,1.0000000000432705,0.3499833402659714,0.007538609703853259
2015-01-22,0.009101020680508736,0.0,9.060390744002668e-06,0.009091960289764733,1.0074918885613706,0.34608336424917596,0.0
2015-01-23,0.00854856278589293,0.0,8.89918584789827e-06,0.008539663600045032,1.001624725830604,0.3519841589340302,0.0
2015-01-26,0.0023502069202057563,0.0,2.609637384933317e-05,0.002324110546356423,0.9924917267584735,0.35747996309136637,0.0
2015-01-27,-0.007805529380956606,0.0,8.619485264157914e-06,-0.007814148866220763,0.9882182483143718,0.35899582403084396,0.0
2015-01-28,0.00856287783396316,4.828715297793337e-05,8.906162905933888e-06,0.008505684518079294,1.0000000000319464,0.34985010789877286,0.23915255642657587
2015-01-29,0.0028360396250555935,0.0,8.614395072761741e-06,0.0028274252299828316,0.9842409895540537,0.3553901492424466,0.0
2015-01-30,-0.01609829564603586,0.0,8.560866808960354e-06,-0.016106856512844818,0.982159463862468,0.357216186808362,0.0
2015-02-02,-0.00802598596702836,0.0,2.7252899358296114e-05,-0.008053238866386656,1.0098560577058995,0.34670217332069403,0.0
2015-02-03,-0.014411474570557373,0.0,9.406471491129945e-06,-0.014420881042048502,1.0280981894922536,0.34142577063976776,0.0
2015-02-04,0.013564567850022025,1.1291437132555028e-05,8.789020187174186e-06,0.013544487392702297,0.9999999999433519,0.3584015262796363,0.05540005728805952
2015-02-05,-0.006423780936572209,0.0,8.307903281275099e-06,-0.006432088839853484,0.9734722700355691,0.3669953305024868,0.0
2015-02-06,-0.009367181093010726,0.0,8.569997814660562e-06,-0.009375751090825387,0.9885156323298743,0.3629057918596532,0.0
2015-02-09,-0.00638789880638593,0.0,2.6207613101163898e-05,-0.006414106419487094,0.994603258086963,0.3568846726253082,0.0
2015-02-10,0.011171622403465578,0.0,8.906900379725063e-06,0.011162715503085853,1.0029631379364563,0.3527594102165267,0.0
2015-02-11,0.00453853878315553,1.2484327914524818e-05,8.773069194639555e-06,0.004517281386046366,0.9999999999963275,0.35956594878764014,0.060669631473542346
2015-02-12,-0.004401515623731075,0.0,8.636191571416127e-06,-0.0044101518153024915,0.9929091063027635,0.3624671215893862,0.0
2015-02-13,-0.006620480052213556,0.0,8.860561090272668e-06,-0.006629340613303829,1.006472684261999,0.3596517246720945,0.0
2015-02-17,-0.00392307247505665,0.0,3.630259251921881e-05,-0.003959375067575869,1.0179095410770105,0.35538722760126745,0.0
2015-02-18,0.008418273297203193,0.0,9.150089546043171e-06,0.00840912320765715,1.020817802083196,0.35286126522204425,0.0
2015-02-19,-0.002263307932662279,5.0621113166174655e-05,8.800158759000065e-06,-0.0023227292045874537,1.0000000000595919,0.35758841065258684,0.2500000000545949
2015-02-20,0.005604165487761879,0.0,8.776414997347066e-06,0.005595389072764532,0.9968306429866611,0.3561523481803254,0.0
2015-02-23,0.00969964797725355,0.0,2.5918237461308485e-05,0.00967372973979224,0.9904207197721979,0.35974360821369145,0.0
2015-02-24,0.0001723718203526565,0.0,8.398405301508008e-06,0.00016397341505114852,0.978987190628806,0.36590360361872143,0.0
2015-02-25,-0.006356642788418508,0.0,8.386125503716632e-06,-0.006365028913922224,0.9782031203237013,0.366015958552387,0.0
2015-02-26,0.00629806008349664,4.9861372896680916e-05,1.1857914854633793e-05,0.0062363407957453255,1.000000000015916,0.13437221562764912,0.2380893335011315
2015-02-27,-9.161714835007978e-05,0.0,1.1536353365893283e-05,-0.00010315350171597307,0.9819522406758348,0.13979844496562482,0.0
2015-03-02,-0.0011875588393797814,0.0,3.485565088105325e-05,-0.0012224144902608348,0.9878754119914642,0.13972124055250185,0.0
2015-03-03,-0.002973851096813849,0.0,1.1597530304583311e-05,-0.002985448627118432,0.9853229467914721,0.13870323455689043,0.0
2015-03-04,-0.00481557872109276,0.0,1.1683125070759272e-05,-0.00482726184616352,0.9890039400923517,0.1361358099269246,0.0
2015-03-05,0.0049591549414473276,3.2006632942496285e-05,1.2328767123307007e-05,0.004914819541381524,1.0000000000033393,0.10000000000192794,0.147453137991012
2015-03-06,-0.001799977526372709,0.0,1.2160940499745907e-05,-0.001812138466872455,0.9921944790550263,0.10444582257357499,0.0
2015-03-09,0.002561613711851229,0.0,3.608837852530117e-05,0.002525525333325928,0.9809827353322005,0.10283219121653853,0.0
2015-03-10,0.010032574540038147,0.0,1.2009564625603098e-05,0.010020564975412543,0.9818265184106434,0.10512830074161737,0.0
2015-03-11,0.0036470681154636897,0.0,1.1721542540493134e-05,0.0036353465729231965,0.9696909524828822,0.11401834702688353,0.0
2015-03-12,0.005602964632960117,7.734385464164613e-06,1.2601724820734875e-05,0.005582628522675217,1.000000000047776,0.08007408813413004,0.0371651219116797
2015-03-13,0.011180119790543928,0.0,1.2425034311181131e-05,0.011167694756232747,0.9922289096897356,0.08520140497351293,0.0
2015-03-16,0.004290027939625712,0.0,3.602347817408952e-05,0.004254004461451623,0.9718883552471451,0.0953170530109668,0.0
2015-03-17,0.005759090987671546,0.0,1.1896353889229049e-05,0.005747194633782317,0.9676189808069194,0.0991851468931991,0.0
2015-03-18,-0.008051812933461088,0.0,1.1709354903175595e-05,-0.008063522288364263,0.959127457378047,0.10434454944622885,0.0
2015-03-19,0.012504322392344745,4.627790772513483e-05,1.437464338276736e-05,0.012443669841236842,1.0000000000170801,-0.04934896692493723,0.22169279998079156
2015-03-20,-0.0028261243230401573,0.0,1.3900037323934156e-05,-0.0028400243603640915,0.9783109276217152,-0.03639179702547804,0.0
2015-03-23,-0.0063419517415117,0.0,4.227005334791931e-05,-0.00638422179485962,0.9892416797097798,-0.03932961842292321,0.0
2015-03-24,0.0011519129211660266,0.0,1.4299212977418094e-05,0.0011376137081886087,0.9978775262978742,-0.045965021053646804,0.0
2015-03-25,-0.007414461714616507,0.0,1.42642618156475e-05,-0.0074287259764321545,0.9965289264862526,-0.04476218605601495,0.0
2015-03-26,-0.007954629978533412,4.881485737500694e-06,1.409175791095879e-05,-0.007973603222181871,1.0000000000296065,-0.02869832747038531,0.023956242390090126
2015-03-27,0.014989401021107863,0.0,1.4350705081239699e-05,0.014975050316026623,1.0106539082769532,-0.03694756265354476,0.0
2015-03-30,0.0017738529737048824,0.0,4.138817768512397e-05,0.0017324647960197583,0.9854781351012959,-0.021634188570053975,0.0
2015-03-31,0.004968365842339477,0.0,1.3805946929449778e-05,0.004954559895410026,0.9880081380793434,-0.019825987770490383,0.0
2015-04-01,-0.007623734362972382,0.0,1.3569940845703593e-05,-0.007637304303818085,0.9758213098641679,-0.014784371872194113,0.0
2015-04-02,-0.005786641721898177,2.950956572564112e-06,1.390108008204613e-05,-0.005803493758552787,1.000000000047777,-0.014778845941590596,0.014660079980248248
2015-04-06,-0.006538808558253159,0.0,5.639563708698912e-05,-0.006595204195340148,1.0085348407947459,-0.02068553604280554,0.0
2015-04-07,-0.005139113458866227,0.0,1.4371939847875601e-05,-0.005153485398714103,1.0217465221507918,-0.027405086744127283,0.0
2015-04-08,0.013293900435925654,0.0,1.4591782265030469e-05,0.013279308653660624,1.0324873202840565,-0.03271278506316777,0.0
2015-04-09,0.00016825937520834706,0.0,1.4065245057875334e-05,0.00015419413015047172,1.007598494510234,-0.019164394714665495,0.0
2015-04-10,-0.0017648571705461739,4.179572764792564e-05,1.3869131354196746e-05,-0.0018205220295482963,1.0000000000054892,-0.012446588850873436,0.20668675185356922
2015-04-13,0.0009595081126175226,0.0,4.1904505519597845e-05,0.0009176036070979248,1.0054389355180007,-0.014237365458880241,0.0
2015-04-14,-0.005340108266583137,0.0,1.391610728902428e-05,-0.005354024373872161,1.0026101473926468,-0.013265684706125741,0.0
2015-04-15,-0.012084320126112913,0.0,1.4117893835646797e-05,-0.01209843801994856,1.0119003049437278,-0.018705945058488244,0.0
2015-04-16,-0.008308031185870918,0.0,1.4600929444297687e-05,-0.008322632115315216,1.0347005081017788,-0.031167341331952397,0.0
2015-04-17,-0.0012784159579781404,5.077454515230939e-05,1.401101115067151e-05,-0.0013432015142811212,1.0000000000274807,-0.022803813971539327,0.2500000000141225
2015-04-20,0.008384136635196065,0.0,4.182674716825964e-05,0.008342309888027805,0.9936695603697269,-0.02411462072459114,0.0
2015-04-21,0.003567316792857716,0.0,1.3708578083821507e-05,0.0035536082147738946,0.9851258589102967,-0.015600341208673318,0.0
2015-04-22,0.0006977214269317556,0.0,1.358337722615868e-05,0.0006841380497055969,0.979596122331643,-0.011990415177940639,0.0
2015-04-23,-0.004122187142226234,0.0,1.3578896433005301e-05,-0.004135766038659239,0.979974466337983,-0.011284973271404014,0.0
2015-04-24,0.0016149982860333063,2.1510071337041606e-05,1.3943780459412479e-05,0.0015795444342368522,1.0000000000396092,-0.017895973497501744,0.10632440163052874
2015-04-27,0.0012692171781668073,0.0,4.1723140309273775e-05,0.0012274940378575335,0.9990077816149745,-0.01625529924402075,0.0
2015-04-28,-0.0022603308655281167,0.0,1.37865726209838e-05,-0.0022741174381491003,0.9914520920398798,-0.014967709291937636,0.0
2015-04-29,-0.011653332338170036,0.0,1.3861344378653485e-05,-0.011667193682548689,0.9946108315979062,-0.017267308043798058,0.0
2015-04-30,-0.014166134480179287,0.0,1.4221784411456979e-05,-0.014180356264590745,1.0089282156921455,-0.029262046344213727,0.0
2015-05-01,0.004789634311446464,7.739943225591557e-06,1.3833951486246425e-05,0.004768060416734626,1.000000000001965,-0.00987845849402394,0.037884418183017125
2015-05-04,0.0010562604592365245,0.0,4.121634558577973e-05,0.0010150441136507447,0.9978664004168557,-0.005064675503784255,0.0
2015-05-05,-0.009734917481025672,0.0,1.3726175493827294e-05,-0.009748643656519498,0.9980064605972001,-0.004004350452192301,0.0
2015-05-06,-0.002683159940922545,0.0,1.3980512749821963e-05,-0.002697140453672367,1.0067029049964373,-0.01387452574056594,0.0
2015-05-07,0.010245741138733524,0.0,1.402245387860092e-05,0.010231718684854924,1.007036668276771,-0.01660246486109604,0.0
2015-05-08,-0.003775244486298601,1.6065420598037127e-06,1.3781043105443977e-05,-0.0037906320714638487,1.000000000002402,-0.006016146695007996,0.007959360191041171
2015-05-11,0.001380548833247366,0.0,4.21116468255482e-05,0.0013384371864218177,1.0148880914521536,-0.009828647969519044,0.0
2015-05-12,-0.008288283837389582,0.0,1.3958289069502296e-05,-0.008302242126459084,1.0105182950736196,-0.008436807000048091,0.0
2015-05-13,-0.0015820138674205277,0.0,1.4257146859261535e-05,-0.0015962710142797892,1.0239066116697795,-0.01686510905631239,0.0
2015-05-14,-0.0010130417653165366,0.0,1.4285039664491192e-05,-0.0010273268049810279,1.0243312788965855,-0.018476616611271562,0.0
2015-05-15,-7.256025167252529e-05,2.385869075523032e-05,1.390937756922102e-05,-0.00011032831999697663,1.000000000005048,-0.015384562548086539,0.1160763679102445
2015-05-18,0.0038405660145951702,0.0,4.173110726152666e-05,0.0037988349073336436,0.9999981150174959,-0.01545882834631962,0.0
2015-05-19,0.011552599779502359,0.0,1.384977811227684e-05,0.011538750001390081,0.9994595086946662,-0.01157429350154307,0.0
2015-05-20,0.0019271818094537788,0.0,1.3412473175854545e-05,0.0019137693362779242,0.9790890955783622,-2.1446259019453073e-05,0.0
2015-05-21,-0.004902275227528544,0.0,1.3353406518610707e-05,-0.004915628634047155,0.9767007712372057,0.0019020953786240968,0.0
2015-05-22,0.00835505503470453,1.6009683298985738e-05,1.37915780792644e-05,0.00832525377332628,1.0000000000576719,-0.006785199728629232,0.07593804668509338
2015-05-26,0.00817705596242777,0.0,5.386197249318712e-05,0.008123193989934583,0.984537891771004,0.001556893770339185,0.0
2015-05-27,0.0079362133442445,0.0,1.3102117651929697e-05,0.007923111226592571,0.9661101046932621,0.009655516102394263,0.0
2015-05-28,0.0031841960957297278,0.0,1.2899068130806821e-05,0.003171297027598921,0.9590854174184711,0.01745344386957301,0.0
2015-05-29,-0.0021532932882944488,0.0,1.2746951104755596e-05,-0.002166040239399204,0.9510998294253653,0.02057239877820677,0.0
2015-06-01,0.0005077086569953261,1.987021043640455e-05,4.1215800568017305e-05,0.0004466226459909043,1.000000000001941,-0.0029178138198133197,0.09599414699936104
2015-06-02,-0.009449069742883398,0.0,1.3766912998238138e-05,-0.009462836655881636,1.0025756196355775,-0.002409029235806409,0.0
2015-06-03,0.007949875785037816,0.0,1.4090133329916254e-05,0.0079357856517079,1.0166083508707688,-0.011971382213117693,0.0
2015-06-04,-6.418956570430063e-05,0.0,1.3785730960815742e-05,-7.797529666511637e-05,1.0023685162573028,-0.003989843882246574,0.0
2015-06-05,0.0038117025608942335,0.0,1.372270474425651e-05,0.0037979798561499772,0.9977030967436623,-0.004054349587062772,0.0
2015-06-08,-0.010506085137111794,4.283960983376581e-05,4.11198408503865e-05,-0.010590044587795947,1.000000000030317,-0.0005827939957541162,0.20956356009601343
2015-06-09,-0.012166450603506594,0.0,1.4071818656991955e-05,-0.012180522422163586,1.0160351941850851,-0.011207567775327429,0.0
2015-06-10,-0.0006983266751204023,0.0,1.4559434783598758e-05,-0.0007128861099040011,1.0391765024181625,-0.023662236784546688,0.0
2015-06-11,0.008863747380043517,0.0,1.4686450572865806e-05,0.008849060929470652,1.0477329496631858,-0.024377942156018143,0.0
2015-06-12,0.004481984571593439,0.0,1.4339807871027112e-05,0.0044676447637224115,1.0314278616671944,-0.01537811291778484,0.0
2015-06-15,-0.007318307550670308,5.122304081222481e-05,3.6986301369810266e-05,-0.007406516892852343,0.9999999999981991,0.0999999999994825,0.25000000000033773
2015-06-16,0.0001813979786341783,0.0,1.255785819592334e-05,0.00016884012043825495,1.0100969114017015,0.09337326309929792,0.0
2015-06-17,0.0021050469608466993,0.0,1.2602615210478553e-05,0.0020924443456362208,1.013529778329134,0.09353886796419934,0.0
2015-06-18,0.00914669782591054,0.0,1.254562467069307e-05,0.009134152201239847,1.0112748042022432,0.09544420324164932,0.0
2015-06-19,-0.0006488305201671499,0.0,1.2323126235117474e-05,-0.0006611536464022674,1.0032324143410727,0.10364419917749705,0.0
2015-06-22,0.0048112167631369565,1.4941120653219569e-06,3.698630137037914e-05,0.0047727363497012554,1.0000000000229894,0.10000000001043041,0.007379933547126655
2015-06-23,-0.00015599159015181464,0.0,1.2235540620840831e-05,-0.00016822713077265547,0.9975078219460263,0.10431335662464562,0.0
2015-06-24,-0.00406731950879879,0.0,1.2281880884413579e-05,-0.004079601389683204,1.0007521946395412,0.10417489007735006,0.0
2015-06-25,-0.005614987838767161,0.0,1.2370320324851293e-05,-0.005627358159092012,1.0035510261966551,0.10051764248251062,0.0
2015-06-26,-0.0008398941726690158,0.0,1.2572895892684177e-05,-0.0008524670685616999,1.0132611283427457,0.09543972817680066,0.0
2015-06-29,-0.008888093078088176,5.142259663567035e-05,3.680502990184396e-05,-0.00897632070462569,1.0000000000153095,0.10441093907043987,0.25000000000332234
2015-06-30,-0.005955387899210535,0.0,1.2423752958454548e-05,-0.00596781165216899,1.0033220220631467,0.09638805609596443,0.0
2015-07-01,0.00734723579140175,0.0,1.271611983490961e-05,0.007334519671566841,1.0192523413515298,0.09097559340312807,0.0
2015-07-02,-0.0031598958378479818,0.0,1.2490075045102245e-05,-0.003172385912893084,1.0093824075443147,0.09760692925185085,0.0
2015-07-06,0.009129185595437796,0.0,5.0361571112433415e-05,0.009078824024325362,1.0138462821972387,0.09474760939532902,0.0
2015-07-07,0.004676857103937725,1.3188373517315164e-05,1.2245322954390426e-05,0.004651423407466019,1.000000000030955,0.10609142436045396,0.06503056442794027
2015-07-08,-0.0014573015011476033,0.0,1.2087596943736434e-05,-0.0014693890980913397,0.9926500136378749,0.11025543674511512,0.0
2015-07-09,-0.0031858209788894164,0.0,1.20187950128457e-05,-0.003197839773902262,0.9863302732277247,0.10895823728998869,0.0
2015-07-10,-0.0015017779011083834,0.0,1.216259371995788e-05,-0.0015139404948283414,0.9939810862256041,0.10611174466867895,0.0
2015-07-13,-0.00014300253632004408,0.0,3.686880720992097e-05,-0.00017987134352996504,1.001909555605076,0.10476858016366597,0.0
2015-07-14,0.0023662979721751714,5.418362865614776e-05,8.948506957126983e-06,0.002303165836561897,1.0000000000284153,0.34675899215814554,0.2500000000259597
2015-07-15,0.001975279387013895,0.0,8.91724334552911e-06,0.0019663621436683655,0.9992818086180091,0.34832304439438433,0.0
2015-07-16,0.0064072264981595685,0.0,8.8469123977566e-06,0.0063983795857618115,0.9954354672531512,0.3496108622169196,0.0
2015-07-17,0.003722712948738414,0.0,8.735002711801685e-06,0.0037139779460266123,0.9914098302589417,0.35375463229741866,0.0
2015-07-20,0.004794435420748123,0.0,2.5964011201155784e-05,0.0047684714095469665,0.9879455341633157,0.35615459493519164,0.0
2015-07-21,-0.0019277768482122873,3.510518770613626e-05,8.219178082168705e-06,-0.0019711012140005923,0.9999999999808787,0.3999999999825633,0.17182797771076405
2015-07-22,0.0018545487281777441,0.0,8.230746652420934e-06,0.0018463179815253231,0.9997029190640198,0.3988584134372914,0.0
2015-07-23,-0.0013619419475175197,0.0,8.132239587165231e-06,-0.001370074187104685,0.9936279719501024,0.3999744820870406,0.0
2015-07-24,-0.001727687151070499,0.0,8.086605604780391e-06,-0.0017357737566752794,0.9894816273038455,0.39915941815487677,0.0
2015-07-27,0.0013108030417144003,0.0,2.4017363307226064e-05,0.0012867856784071743,0.9825452892233777,0.39812278208087687,0.0
2015-07-28,0.0023326469853996125,4.623662447301511e-05,6.849315068039836e-06,0.0022795610458585572,0.9999999999749092,0.5000000000080013,0.21518827040177202
2015-07-29,0.001914821690742826,0.0,6.892996450873192e-06,0.0019079286942919526,1.004378894356787,0.5011901534430442,0.0
2015-07-30,0.002380563189191799,0.0,6.904875135854062e-06,0.0023736583140559447,1.006202799543967,0.5021469146266206,0.0
2015-07-31,0.0024519406957633607,0.0,6.870182010982116e-06,0.0024450705137523785,1.0048560246795066,0.5033327378778123,0.0
2015-08-03,0.001971129656832121,0.0,2.0368055097047627e-05,0.0019507616017350735,1.0001736897904105,0.5045510157622516,0.0
2015-08-04,-0.0016038032291448355,2.290671762036043e-05,6.849315069474432e-06,-0.0016335592618346702,1.0000000000435927,0.4999999999719593,0.10730694150244546
2015-08-05,0.002252295043099869,0.0,6.893676548386386e-06,0.0022454013665514825,1.0024500766525826,0.4992116886203763,0.0
2015-08-06,-0.006158368544359099,0.0,6.870093383847659e-06,-0.006165238637742946,1.0018573354006444,0.5003405183797653,0.0
2015-08-07,-0.002210668913842065,0.0,6.919084797138752e-06,-0.0022175879986392035,1.002340991382976,0.49724780119184686,0.0
2015-08-10,-0.0018712001957362885,0.0,2.0838587809464632e-05,-0.001892038783545753,1.003209663898042,0.4961373605344024,0.0
2015-08-11,0.0010133504287371956,5.161591565132882e-05,1.0339683509397776e-05,0.000951394829576469,1.0000000000259506,0.24520310383991306,0.25000000000525036
2015-08-12,-0.0019524902418004083,0.0,1.0214031563084297e-05,-0.0019627042733634924,0.9916067319637725,0.2459824278586189,0.0
2015-08-13,0.0036243107898401386,0.0,1.0250933938131385e-05,0.003614059855902007,0.9928280156045689,0.24450983812097787,0.0
2015-08-14,0.004580013679306225,0.0,1.0097254038343049e-05,0.004569916425267882,0.9843401513589437,0.24724060655990107,0.0
2015-08-17,0.003910438870469437,0.0,2.9910213944310256e-05,0.003880528656525126,0.97849026216077,0.2506750561825537,0.0
2015-08-18,0.002038330204735019,1.049736424685628e-05,1.081071823208474e-05,0.002017022122256078,1.0000000000582108,0.21081756911602478,0.05113741428283439
2015-08-19,-0.0006359915547325788,0.0,1.068840457755628e-05,-0.0006466799593101351,0.9926809626597133,0.21242742849810503,0.0
2015-08-20,-0.010882747651615935,0.0,1.0620128868973464e-05,-0.010893367780484909,0.987197894283687,0.2119284868486244,0.0
2015-08-21,-0.004441814439464473,0.0,1.0793668606674127e-05,-0.004452608108071147,0.9911977325947352,0.20325992430752388,0.0
2015-08-24,0.000505496984587015,0.0,3.210333165577983e-05,0.0004733936529312352,0.9808883986280984,0.1997073283374559,0.0
2015-08-25,-0.002432577272438793,2.7021334431091443e-05,1.2242561995043029e-05,-0.002471841168864927,1.0000000000288511,0.10629297439071024,0.13172707362494748
2015-08-26,0.01685121552160704,0.0,1.232921736820905e-05,0.016838886304238833,1.0041506275623266,0.10411775968306605,0.0
2015-08-27,-0.014999064013796904,0.0,1.1992059824787564e-05,-0.015011056073621692,0.9943860920986554,0.11896572488916299,0.0
2015-08-28,-0.015035476091528631,0.0,1.2779946085874847e-05,-0.015048256037614506,1.0384871585389504,0.10555109427008658,0.0
2015-08-31,-0.019701244497072515,0.0,4.030099769319722e-05,-0.019741545494765714,1.0725561413339753,0.09189853079950956,0.0
2015-09-01,0.00908245380825076,5.097537843684875e-05,1.4264598169996582e-05,0.009017213831643915,1.0000000000051235,-0.04131566640462714,0.2500000000001787
2015-09-02,0.0010474175346430188,0.0,1.3717459034328356e-05,0.0010337000756086903,0.9694293532147568,-0.03194515629121325,0.0
2015-09-03,-0.002841956779827873,0.0,1.382175076695818e-05,-0.0028557785305948313,0.9781219732450169,-0.0308658327429302,0.0
2015-09-04,0.003396091731372827,0.0,1.3937760885681407e-05,0.0033821539704871452,0.9836522174601412,-0.033804327194601635,0.0
2015-09-08,0.0015414102557639938,0.0,5.4959072754011224e-05,0.0014864511830099826,0.9726973409655063,-0.03030573679519835,0.0
2015-09-09,0.007146637743355465,5.171065326735243e-05,1.1879651224179785e-05,0.0070830474388639325,1.0000000000419034,0.13278546067677924,0.2500000000292528
2015-09-10,-0.005071847059530073,0.0,1.1556350115273825e-05,-0.0050834034096453465,0.9825614821001306,0.1389479236851412,0.0
2015-09-11,0.0038523283794247693,0.0,1.1776784490213384e-05,0.003840551594934556,0.9942653676818031,0.13456009989622583,0.0
2015-09-14,0.004805724621652574,0.0,3.492418548621729e-05,0.004770800436166357,0.9877047287847373,0.13788288195345014,0.0
2015-09-15,-0.0007914490808373799,0.0,1.1446487402163414e-05,-0.0008028955682395434,0.9776046803154143,0.14201109995748507,0.0
2015-09-16,-0.011278849029507263,2.958229246651274e-05,1.0062508232203814e-05,-0.011318493830205981,1.000000000025245,0.2654368990743665,0.14328702417239564
2015-09-17,0.0022234613691664773,0.0,1.0496769250657286e-05,0.00221296459991582,1.0233318241668792,0.2570676688688973,0.0
2015-09-18,0.008809262395208788,0.0,1.0428424940240042e-05,0.008798833970268547,1.0199936157831895,0.2587185951456665,0.0
2015-09-21,-0.005910479160603815,0.0,3.0349823133812478e-05,-0.005940828983737627,1.0037068184793674,0.26519445555659704,0.0
2015-09-22,0.0024898098782922566,0.0,1.0333810031347143e-05,0.0024794760682609095,1.0152016761617082,0.2608335438733671,0.0
2015-09-23,0.0059835089612324446,5.0664565558784715e-05,8.434697391658396e-06,0.005924409698282002,0.9999999999706499,0.38426709037958684,0.25000000002504885
2015-09-24,-0.0018387942852396211,0.0,8.217672885262449e-06,-0.0018470119581248837,0.9878423321207178,0.3879522114965591,0.0
2015-09-25,-0.004498159431389798,0.0,8.297532781682538e-06,-0.00450645696417148,0.9925477860181696,0.38682789295534425,0.0
2015-09-28,0.006360057162497004,0.0,2.51849526633437e-05,0.006334872209833661,0.9968943337151954,0.3840604855738318,0.0
2015-09-29,-0.003011147834251769,0.0,8.187716284231651e-06,-0.0030193355505360006,0.9856661364230603,0.3879628476741498,0.0
2015-09-30,-0.00059452996385227,2.4047315967577567e-05,9.735509258806663e-06,-0.0006283127890786542,1.0000000000021525,0.2893078241092658,0.11245852331621767
2015-10-01,0.003173603271089822,0.0,9.79017151697707e-06,0.003163813099572845,1.0035773311888436,0.2888948104495174,0.0
2015-10-02,-0.0009363760873686139,0.0,9.697710973314319e-06,-0.0009460737983419282,0.9990801792000427,0.2911472781480973,0.0
2015-10-05,-0.006756330574836382,0.0,2.939121634783111e-05,-0.006785721791184213,1.0056719874559343,0.2904857229920439,0.0
2015-10-06,-0.011538500491570399,0.0,9.98943122469495e-06,-0.011548489922795094,1.0148963344086936,0.2856678550059623,0.0
2015-10-07,0.0009109678410211418,3.3109455657923066e-05,9.54655014710173e-06,0.0008683118352161169,0.9999999999905778,0.30310183925215145,0.15370811143671698
2015-10-08,-0.004867864924760303,0.0,9.50187269709362e-06,-0.004877366797457396,0.9973857650788439,0.3037490581910095,0.0
2015-10-09,-0.0005965515587923347,0.0,9.632066751784222e-06,-0.0006061836255441189,1.003486964200047,0.30034609131979856,0.0
2015-10-12,0.007042895749492018,0.0,2.8961477509909766e-05,0.007013934271982108,1.0046606393105963,0.2999313532361253,0.0
2015-10-13,0.0013408227395348775,0.0,9.43878028729683e-06,0.0013313839592475807,0.9938671092505407,0.30483614827787214,0.0
2015-10-14,0.0011719616881628845,1.8609578072087974e-06,9.601215200056451e-06,0.0011604995151556193,1.00000000002322,0.29911129041909906,0.009058062228181007
2015-10-15,0.0011917519686879601,0.0,9.585244926486082e-06,0.001182166723761474,0.9996580571127032,0.2999351774792193,0.0
2015-10-16,0.0002676003116004248,0.0,9.554192927500753e-06,0.0002580461186729241,0.9982274512532895,0.3007713675457344,0.0
2015-10-19,0.005183216902224449,0.0,2.865887088621569e-05,0.005154558031338233,0.9983271641917095,0.30096130596046106,0.0
2015-10-20,-0.002931084009356084,0.0,9.370723153668649e-06,-0.002940454732509753,0.9886373657560149,0.30457457553820355,0.0
2015-10-21,0.007156858644419446,5.351404891636013e-05,1.292916215564858e-05,0.007090415433347438,1.0000000000319667,0.056171162669620175,0.2500000000192654
2015-10-22,0.004010766908290744,0.0,1.2662532268364909e-05,0.003998104376022379,0.9872470162621703,0.06288216067153195,0.0
2015-10-23,0.007457023441724691,0.0,1.259676321443296e-05,0.007444426678510258,0.9861902623415583,0.0666265476879522,0.0
2015-10-26,0.005439278856008246,0.0,3.702671245870676e-05,0.005402252143549539,0.974519473246608,0.07353613675141013,0.0
2015-10-27,0.003091342449303645,0.0,1.2131203907588088e-05,0.003079211245396057,0.9641289482130996,0.07855106295916907,0.0
2015-10-28,-0.006852767718078037,5.1553030633206176e-05,1.0958904109489905e-05,-0.006915279652820733,0.9999999999990139,0.20000000000625093,0.2500000000013456
2015-10-29,-0.0019632123439586274,0.0,1.1215249704816237e-05,-0.0019744275936634434,1.0132054286947318,0.19449220024314667,0.0
2015-10-30,-0.00359188144220507,0.0,1.1179303152219948e-05,-0.00360306074535729,1.0089990045905046,0.19290987447844843,0.0
2015-11-02,0.00149709688569026,0.0,3.402759881124742e-05,0.0014630692868790125,1.0180074882947865,0.19000258388776584,0.0
2015-11-03,-0.007139235619731579,0.0,1.1248635456119993e-05,-0.0071504842551876995,1.01237030108877,0.19121991279201048,0.0
2015-11-04,0.004442637663220436,5.4432758050312324e-05,1.2244890424103033e-05,0.00437596001474602,1.000000000057752,0.10612299909823071,0.2500000000340471
2015-11-05,-0.004776833669452263,0.0,1.2090047418688179e-05,-0.004788923716870951,0.9926573755199513,0.11008391395571422,0.0
2015-11-06,0.0014419133294095775,0.0,1.2268476721038286e-05,0.0014296448526885392,1.0014126152082352,0.10581381457244043,0.0
2015-11-09,0.005395487191394379,0.0,3.646190020634382e-05,0.0053590252911880345,0.994342180895586,0.10710260920788651,0.0
2015-11-10,0.0005751412153796743,0.0,1.190620339784572e-05,0.0005632350119818285,0.9810512779262284,0.11189842988349095,0.0
2015-11-11,0.0031762965522924486,4.948054279121779e-05,1.2060879142931114e-05,0.0031147551303582995,1.0000000000298137,0.11955582259584249,0.2401127992362665
2015-11-12,0.0012472677112683095,0.0,1.1925146370689937e-05,0.0012353425648976195,0.9928867107236113,0.12235102566324588,0.0
2015-11-13,-0.0004000580144701699,0.0,1.189800997513317e-05,-0.0004119560244453031,0.9920005237135611,0.12344579552883973,0.0
2015-11-16,0.0006352642090383479,0.0,3.589426788791861e-05,0.0005993699411504293,0.9965236331103301,0.12309644783764408,0.0
2015-11-17,0.0023554489916259077,0.0,1.1942504611271136e-05,0.0023435064870146365,0.9954604320237972,0.12365759540100411,0.0
2015-11-18,0.0023450036742608915,1.920966839583047e-06,1.204771870426634e-05,0.002331034988717042,0.9999999999910328,0.12051653457959034,0.009368120329187685
2015-11-19,0.005270976410899568,0.0,1.1961329057722291e-05,0.0052590150818418455,0.9957528309662751,0.12257580975254764,0.0
2015-11-20,0.004812008209420785,0.0,1.179861553051801e-05,0.0048002095938902666,0.9884768891058511,0.12717795537803636,0.0
2015-11-23,-0.0029967953906959812,0.0,3.477894488774473e-05,-0.003031574335583726,0.9776470698182101,0.13135941088308845,0.0
2015-11-24,-0.0005319005090606283,0.0,1.172876457807831e-05,-0.0005436292736387065,0.9849527537994304,0.1287529395997138,0.0
2015-11-25,0.0012289073009887127,3.9509668807754045e-06,1.2089300068985964e-05,0.0012128670340389512,1.0000000000458362,0.11748109500986065,0.019012280300088353
2015-11-27,0.00780494494461752,0.0,2.4112020563880984e-05,0.007780832924053639,0.9986549478604744,0.11856619727881863,0.0
2015-11-30,0.001861518758387132,0.0,3.52591646329423e-05,0.0018262595937541897,0.983368467159513,0.12539546109125047,0.0
2015-12-01,9.337835996080511e-05,0.0,1.1697803130500428e-05,8.168055683030469e-05,0.9809646277526856,0.12702499922615418,0.0
2015-12-02,0.007617334247259856,0.0,1.1795105688047808e-05,0.007605539141571808,0.9881507105617685,0.12710799533427852,0.0
2015-12-03,-0.011983111497167867,5.124547283251078e-05,1.2013030994732875e-05,-0.012046370000995111,1.000000000004021,0.12304873738852105,0.2500000000033218
2015-12-04,0.0039807945682661956,0.0,1.2286283387010558e-05,0.003968508284879185,1.009318564580897,0.11241987732912649,0.0
2015-12-07,0.01603712429377016,0.0,3.6724868639665984e-05,0.016000399425130495,1.0095790310530925,0.11594056082122008,0.0
2015-12-08,0.0013048770599118976,0.0,1.165736442877127e-05,0.0012932196954831264,0.9808868486053886,0.1298992453050859,0.0
2015-12-09,-0.0005573969473329169,0.0,1.1607348734436235e-05,-0.0005690042960673532,0.9783711233682981,0.13103466575445308,0.0
2015-12-10,0.004185291027184023,5.184027205878651e-05,1.1850679105678066e-05,0.004121600076019559,0.9999999999948492,0.13490042528035062,0.25000000000226236
2015-12-11,0.00553677441532306,0.0,1.1673994655957102e-05,0.005525100420667103,0.9907164235259701,0.1385148136411017,0.0
2015-12-14,0.006263397290458909,0.0,3.4464862807084514e-05,0.006228932427651825,0.9819050568009409,0.14326006182855103,0.0
2015-12-15,0.008735644872058251,0.0,1.1223606282949943e-05,0.0087244212657753,0.9679211117882967,0.14859785313295068,0.0
2015-12-16,0.001396839290829364,0.0,1.0927403197668692e-05,0.0013859118876316954,0.9536731596651747,0.15597272623536015,0.0
2015-12-17,0.0068359918830901275,5.073716343036359e-05,1.1814607204027121e-05,0.006773440112455737,0.9999999999983743,0.1375336741043946,0.2499999999996442
2015-12-18,-0.006300194267997673,0.0,1.1551695964031223e-05,-0.006311745963961704,0.9866721711191669,0.14339836574488762,0.0
2015-12-21,-0.007778031133110398,0.0,3.5120853929693825e-05,-0.007813151987040091,0.9925764423577348,0.1379689967351851,0.0
2015-12-22,0.003753419602181702,0.0,1.2040228514721815e-05,0.00374137937366698,1.0101528591150482,0.13121617754035592,0.0
2015-12-23,-0.008000877724914115,0.0,1.190382740650153e-05,-0.008012781552320616,1.0034459076016833,0.13446650692707166,0.0
2015-12-24,-0.0023810719720470824,5.087768902889616e-05,1.3380912039282785e-05,-0.0024453305731152613,1.000000000021737,0.02319342115409387,0.25000000001601885
2015-12-28,-0.009445066261709455,0.0,5.389334895505888e-05,-0.009498959610664513,1.0044169854410818,0.020863367011257572,0.0
2015-12-29,-0.005643313087926174,0.0,1.3875535913578068e-05,-0.005657188623839752,1.0244419245747376,0.01152780288353858,0.0
2015-12-30,0.005758396486692152,0.0,1.4209241697556142e-05,0.005744187244994595,1.043192612783331,0.005917968861733236,0.0
2015-12-31,-0.009024488588358949,0.0,1.3922469221233403e-05,-0.009038411057580182,1.0279499303388373,0.01160967718879899,0.0
2016-01-04,0.00039476900060380043,4.400522246299795e-05,6.0987282929725354e-05,0.0002897764952110771,1.0000000000040234,-0.11301791346346454,0.2132585761944054
2016-01-05,0.006881157526532634,0.0,1.5102881673721636e-05,0.006866054644858913,0.9899198438046279,-0.11259051837705145,0.0
2016-01-06,0.009705512631406425,0.0,1.4894065756130558e-05,0.009690618565650294,0.9822782961528647,-0.10498850404466611,0.0
2016-01-07,-0.012186196700303947,0.0,1.4422651580353808e-05,-0.0122006193518843,0.9584850631125169,-0.0943685022533112,0.0
2016-01-08,-0.007252015239824814,0.0,1.469456071750045e-05,-0.007266709800542314,0.964832142983332,-0.10787078939420103,0.0
2016-01-11,0.020575232490630327,9.339038742689854e-06,4.533414506372098e-05,0.020520559306823914,0.9999999999975311,-0.10313086321967932,0.045778371027460185
2016-01-12,0.009636340346522838,0.0,1.4305420281437635e-05,0.009622034926241401,0.9634000729296303,-0.08089560761531733,0.0
2016-01-13,-0.00724187431104816,0.0,1.3945176564764404e-05,-0.007255819487612924,0.9474177465568856,-0.07058014267091586,0.0
2016-01-14,0.009537739437491694,0.0,1.403464842487591e-05,0.009523704789066818,0.9461385284923539,-0.07839080652358757,0.0
2016-01-15,0.00430400446243359,0.0,1.3742442761583332e-05,0.004290262019672007,0.9349948046702605,-0.06820351692532295,0.0
2016-01-19,0.006870650417281796,4.39401331083936e-05,5.1223772228715964e-05,0.006775486511944686,1.000000000041385,0.06516615686731854,0.2106928602487195
2016-01-20,-0.0027502068688949844,0.0,1.2570170347766215e-05,-0.0027627770392427507,0.9891744430089882,0.07155200762205455,0.0
2016-01-21,-0.006086225105365825,0.0,1.2544727055192256e-05,-0.006098769832421017,0.9847574864323012,0.06899241140326656,0.0
2016-01-22,-0.0014115732471244283,0.0,1.2823764343522515e-05,-0.0014243970114679507,0.9994269878789341,0.06329219080179052,0.0
2016-01-25,0.00666863055407313,0.0,3.952410343309477e-05,0.006629106450640036,1.0237220693891147,0.061968885850475455,0.0
2016-01-26,-0.0026953380053169255,2.6935262028536542e-05,1.1071913036149e-05,-0.002733345180381611,1.0000000000100475,0.19175034837117047,0.12690783595728966
2016-01-27,-0.011032783062257424,0.0,1.1320412928203783e-05,-0.011044103475185628,1.0159633230607037,0.18957317930182777,0.0
2016-01-28,-0.011117491012380144,0.0,1.1543563351508097e-05,-0.011129034575731653,1.0232143596719459,0.18053423501185475,0.0
2016-01-29,0.003523798984485192,0.0,1.2017448222322092e-05,0.00351178153626287,1.048597128361723,0.1713234081322102,0.0
2016-02-01,0.020712252356024426,0.0,3.651932299073358e-05,0.020675733033033692,1.0628721901405644,0.17423533069938055,0.0
2016-02-02,0.005514566656741732,2.535208090009588e-05,9.599933332480482e-06,0.005479614642509155,1.0000000000067875,0.2992048667357122,0.12040482720421788
2016-02-03,-0.01357827973877314,0.0,9.20451996617689e-06,-0.013587484258739317,0.9749887455509911,0.303058788020078,0.0
2016-02-04,0.0057129135226695734,0.0,9.668309295587634e-06,0.005703245213373986,0.9992545786911853,0.29346800011328783,0.0
2016-02-05,-0.010781849037753146,0.0,9.441971609216676e-06,-0.010791291009362363,0.9867482152683509,0.2974842877955336,0.0
2016-02-08,-0.009077078142974133,0.0,2.8695099137845938e-05,-0.009105773242111979,0.988077491843062,0.28983007948881095,0.0
2016-02-09,0.007316064144052102,5.04808630348769e-05,1.0125168305560351e-05,0.007255458112711665,1.0000000000530125,0.26086271374710696,0.25000000005900874
2016-02-10,0.006683545392077093,0.0,9.739621377011144e-06,0.0066738057707000815,0.9772393942123969,0.26624703369058333,0.0
2016-02-11,-0.001574643836774706,0.0,9.53805339815148e-06,-0.0015841818901728576,0.9673990671250866,0.27112116906002864,0.0
2016-02-12,-0.0012280738423859439,0.0,9.532643022859954e-06,-0.001237606485408804,0.965857154151844,0.26997421348306744,0.0
2016-02-16,0.011835208312872741,0.0,3.873368695554838e-05,0.011796474625917193,0.9759689406852041,0.2690791537464464,0.0
2016-02-17,-0.008435689207844089,5.026914838296468e-05,9.57242344623014e-06,-0.008495530779673284,0.9999999999761491,0.3012130884013491,0.2500000000050024
2016-02-18,0.008786060288584693,0.0,9.951375075129352e-06,0.008776108913509563,1.0217363910696815,0.2952860105852389,0.0
2016-02-19,0.0061323557142968655,0.0,9.669170547829299e-06,0.006122686543749036,1.0072761671659975,0.30142671717445885,0.0
2016-02-22,-0.002973202793952906,0.0,2.836969111289788e-05,-0.0030015724850658036,0.9960165948996578,0.3056874444858094,0.0
2016-02-23,0.00774642688027421,0.0,9.660947572706856e-06,0.007736765932701503,1.0088747687339512,0.30362559592635074,0.0
2016-02-24,-0.0038304390302579152,5.071986824853383e-05,9.357945132793169e-06,-0.003890516843639242,0.9999999999682523,0.31687000527435083,0.24999999999096167
2016-02-25,0.0031327218084494022,0.0,9.494723089665292e-06,0.0031232270853597368,1.0073769942057709,0.31426220866020466,0.0
2016-02-26,-0.001623447136715758,0.0,9.45193415175405e-06,-0.0016328990708675119,1.006397913507465,0.316406720429419,0.0
2016-02-29,0.0010828533524678517,0.0,2.840961990445331e-05,0.0010544437325633984,1.0065988743136587,0.3152981233052948,0.0
2016-03-01,-0.004948116775756726,0.0,9.451668733389119e-06,-0.004957568444490115,1.00601953965539,0.3160477221179843,0.0
2016-03-02,-0.0017483030432262692,3.604404706492569e-05,8.660472824988772e-06,-0.0017930075631161838,0.9999999999866,0.3677854837624196,0.1667390977143529
2016-03-03,0.0005961517801050652,0.0,8.746791219136388e-06,0.0005874049888859289,1.0052104260274901,0.36669466703053344,0.0
2016-03-04,-0.011858563635012266,0.0,8.73316539088373e-06,-0.01186729680040315,1.0045962705431317,0.3670751970086194,0.0
2016-03-07,-0.01148023702212013,0.0,2.7335375908550257e-05,-0.01150757239802868,1.0246435352992787,0.35948272152455574,0.0
2016-03-08,0.011811396831556735,0.0,9.521314578582687e-06,0.011801875516978153,1.0471097329706787,0.35205376873414257,0.0
2016-03-09,-0.012455417376790257,5.162256511271697e-05,8.659007349644224e-06,-0.012515698949252618,1.000000000002297,0.3678924634782688,0.2500000000021
2016-03-10,0.0014129016928667978,0.0,9.059115068159873e-06,0.001403842577798638,1.0212573714310855,0.35994197145541496,0.0
2016-03-11,-0.005093593493669976,0.0,9.005919098530703e-06,-0.005102599412768507,1.0182803931348419,0.3608482989421006,0.0
2016-03-14,0.005548565053681322,0.0,2.7400752650389443e-05,0.005521164301030932,1.0243309371462768,0.3575792893201337,0.0
2016-03-15,0.004094016907933576,0.0,8.912975464178022e-06,0.004085103932469398,1.0117811832516481,0.36113397436665245,0.0
2016-03-16,-0.0025663895512576702,5.192087416152245e-05,8.323417188435158e-06,-0.0026266338426076275,1.0000000000098284,0.39239054525406175,0.2500000000040428
2016-03-17,-0.005514107571899214,0.0,8.605364758981274e-06,-0.0055227129366581945,1.0190424049882452,0.3908507775826121,0.0
2016-03-18,0.000908046027893914,0.0,8.86076766155636e-06,0.0008991852602323576,1.0343126312916067,0.38747659199799245,0.0
2016-03-21,-0.003988692317893057,0.0,2.6434533179745192e-05,-0.004015126851072802,1.0312760293979983,0.38803572202419856,0.0
2016-03-22,-0.0005001007258879722,0.0,8.883316950330572e-06,-0.0005089840428383028,1.0340773808963495,0.3855952435222174,0.0
2016-03-23,0.010037921978467819,4.813770687316469e-05,1.0333231740368683e-05,0.009979451039854285,1.0000000000137608,0.24567408296684665,0.2227248614914324
2016-03-24,-0.0004576074437987527,0.0,9.908941489932049e-06,-0.00046751638528868476,0.9765380828651045,0.2531853541000646,0.0
2016-03-28,-0.001374273999478693,0.0,3.963536210266551e-05,-0.0014139093615813585,0.976191314657428,0.25284595628378254,0.0
2016-03-29,0.006108156938394297,0.0,9.983399664708056e-06,0.006098173538729589,0.9806159194125825,0.2518277438888944,0.0
2016-03-30,-0.0030572381502320684,0.0,9.913869777641484e-06,-0.00306715202000971,0.9800849906187625,0.25637249685093433,0.0
2016-03-31,0.005116825075859697,2.989514001158988e-05,1.0421139151551819e-05,0.0050765087966965555,1.0000000000312985,0.23925684196801575,0.13988037055211658
2016-04-01,0.005648414127902438,0.0,1.0294247938158596e-05,0.005638119879964279,0.9946194673894656,0.24313936790388813,0.0
2016-04-04,-0.0013419499175334909,0.0,3.0196697468816263e-05,-0.0013721466150023072,0.9821792559915913,0.2473929509170621,0.0
2016-04-05,0.008907050134629464,0.0,1.0099960657767842e-05,0.008896950173971695,0.9836862109627187,0.246389082945666,0.0
2016-04-06,-0.003704348757467502,0.0,9.883795355102464e-06,-0.0037142325528226046,0.9745618669715743,0.25304480604909435,0.0
2016-04-07,-0.0031943263566713365,4.7328464552186695e-06,1.0428066897542675e-05,-0.003209487270024098,0.999999999991128,0.23875111647051273,0.022950303452831614
2016-04-08,-0.006264142228760625,0.0,1.0684766986989768e-05,-0.006274826995747615,1.016303230921383,0.23631524087113007,0.0
2016-04-11,0.004160464191910424,0.0,3.2653611655319e-05,0.004127810580255105,1.0260749615346256,0.23150374458853015,0.0
2016-04-12,-0.015374093660888268,0.0,1.0774869214007105e-05,-0.015384868530102276,1.0212608831218066,0.234695430499288,0.0
2016-04-13,-0.0024456918360575134,0.0,1.1322671436101243e-05,-0.002457014507493615,1.049303304830673,0.22274828999528232,0.0
2016-04-14,0.003074758145985692,5.078317830616568e-05,9.765062430856055e-06,0.00301420990524867,1.0000000000339309,0.2871504425814391,0.25000000006953665
2016-04-15,0.00916670255382396,0.0,9.562091103821626e-06,0.009157140462720138,0.9873856805373893,0.28935302995841056,0.0
2016-04-18,-0.0032889257019215485,0.0,2.794640683391009e-05,-0.0033168721087554584,0.9758401830503116,0.29581095009183284,0.0
2016-04-19,-0.013121463367967,0.0,9.411572577965249e-06,-0.013130874940544966,0.9805403096574008,0.29349551146593755,0.0
2016-04-20,-0.008508952339137423,0.0,9.950671134752335e-06,-0.008518903010272175,1.0105035827754083,0.2841045899384877,0.0
2016-04-21,-0.00021265562174059677,5.149634049003472e-05,1.2966258110324545e-05,-0.00027711822034095606,1.0000000000050782,0.05346315795138651,0.25000000000638145
2016-04-22,-0.005825398292546686,0.0,1.2969720798968913e-05,-0.005838368013345655,1.000054881429294,0.053265263104563476,0.0
2016-04-25,0.005359903055184167,0.0,3.943770030672776e-05,0.00532046535487744,1.0073691702223413,0.04771846275863274,0.0
2016-04-26,-0.001002501982614966,0.0,1.292146306112822e-05,-0.0010154234456760942,0.9960642622259994,0.05279745876363942,0.0
2016-04-27,0.0008281312036881442,0.0,1.295852566012287e-05,0.0008151726780280214,0.9978199772427523,0.051847604053782775,0.0
2016-04-28,0.00798306919628045,3.853044268529565e-05,1.4187729852682316e-05,0.007930351023742474,1.0000000000011338,-0.03570427924467545,0.19023614328379906
2016-04-29,-0.004092276901668961,0.0,1.3931860269648663e-05,-0.0041062087619386095,0.9895226988795807,-0.02750310080477182,0.0
2016-05-02,0.009268269150617101,0.0,4.2466968567372366e-05,0.00922580218204973,1.0016372519582368,-0.031725649847824125,0.0
2016-05-03,0.0026370652730824925,0.0,1.3726603324955933e-05,0.0026233386697575366,0.9797899553805242,-0.022252087341258872,0.0
2016-05-04,-0.004829435842848782,0.0,1.3670964892222268e-05,-0.004843106807741004,0.9784167372744097,-0.01956369985781589,0.0
2016-05-05,0.005675870569659635,3.718307479515456e-05,1.4109700976158107e-05,0.005624577793888322,1.0000000000247027,-0.0300081712348389,0.18333194073208414
2016-05-06,-0.0037470862314762715,0.0,1.3919057177745005e-05,-0.0037610052886540165,0.991894966760006,-0.02419620721537928,0.0
2016-05-09,0.004903489155029804,0.0,4.2110114539583244e-05,0.00486137904049022,0.9966306687206594,-0.028048785075866237,0.0
2016-05-10,-0.009609057340863212,0.0,1.3847257781616079e-05,-0.009622904598644828,0.9878164958469667,-0.023033322211007012,0.0
2016-05-11,-0.004451980803455332,0.0,1.4262883580384564e-05,-0.0044662436870357165,1.0082309552482773,-0.03295954611979558,0.0
2016-05-12,-7.33312096482606e-05,5.113897117712175e-05,1.4322798257397042e-05,-0.0001387929790827794,0.9999999999873286,-0.04556427280265568,0.250000000022074
2016-05-13,0.0034403556701922914,0.0,1.4324254972862741e-05,0.0034260314152194287,1.0000266739483956,-0.04564393907058459,0.0
2016-05-16,0.0003189268962282312,0.0,4.254066907078512e-05,0.00027638622715744606,0.9930967944433459,-0.042059486279092145,0.0
2016-05-17,-0.006031744107721465,0.0,1.4167039552634661e-05,-0.006045911147274099,0.9924648612875403,-0.041729026054789675,0.0
2016-05-18,0.0005934303081297633,0.0,1.4354471832056765e-05,0.0005790758362977065,0.9998251597843233,-0.04805128395582048,0.0
2016-05-19,-0.00474024450445552,4.72370996848524e-06,1.4351733922097536e-05,-0.004759319948346103,1.0000000000007974,-0.04767657631232247,0.022758190742452243
2016-05-20,-0.0001862667501628877,0.0,1.4528172494651362e-05,-0.00020079492265753906,1.007889109894034,-0.05266748221551544,0.0
2016-05-23,0.0016045214641835733,0.0,4.36980279602173e-05,0.001560823436223356,1.0104543165037565,-0.052864363861531274,0.0
2016-05-24,0.0028399157662592584,0.0,1.4503302595077367e-05,0.002825412463664181,1.0075611299235792,-0.051179959517068496,0.0
2016-05-25,-0.0035773949751829095,0.0,1.4409127664092666e-05,-0.0035918041028470023,1.0036624714808853,-0.048203847997879495,0.0
2016-05-26,0.0040965452073531364,5.472295591642621e-05,1.2057356805930396e-05,0.00402976489463078,1.0000000000100606,0.11981295317714155,0.2500000000103567
2016-05-27,-0.002944903861554156,0.0,1.193686730840436e-05,-0.0029568407288625607,0.9948034898422734,0.12341217632875501,0.0
2016-05-31,-0.008040506110024003,0.0,4.814969031364491e-05,-0.008088655800337649,0.9995563795865993,0.12082453136257951,0.0
2016-06-01,-0.007159122150402799,0.0,1.2337996044329525e-05,-0.007171460146447129,1.0143774468693614,0.11370373563330591,0.0
2016-06-02,0.0011767825363572788,0.0,1.2623459561674503e-05,0.0011641590767956043,1.0288267610874298,0.10731421308519087,0.0
2016-06-03,0.00856303064899476,1.3946134270357042e-05,1.1431742089117794e-05,0.008537652772635284,1.000000000025154,0.16548282751955515,0.06686404773000565
2016-06-06,-0.007505289877776491,0.0,3.3763030555902855e-05,-0.007539052908332394,0.9941395709958162,0.1725724941355132,0.0
2016-06-07,-0.0016435198368574262,0.0,1.1512634160443902e-05,-0.0016550324710178702,1.0067434016022958,0.16632110788989113,0.0
2016-06-08,0.004236649437134862,0.0,1.1602222013190091e-05,0.004225047215121671,1.0119127935928964,0.16495058663001974,0.0
2016-06-09,-0.005431414924782681,0.0,1.1570258685930832e-05,-0.005442985183468612,1.013104303538277,0.16847541946532624,0.0
2016-06-10,0.004720879806959074,3.758669425389839e-05,1.154390738357536e-05,0.0046717492053216,0.999999999977761,0.15729476097675996,0.18093319616586692
2016-06-13,0.00016483837962413345,0.0,3.408726026073972e-05,0.00013075111936339373,0.9907189302750202,0.16126226393035406,0.0
2016-06-14,-0.0021044087575365763,0.0,1.135756513863745e-05,-0.0021157663226752136,0.9905082534155628,0.16140599829502908,0.0
2016-06-15,0.0064920462750445345,0.0,1.1414427385862157e-05,0.006480631847658672,0.9928925482640214,0.1596393490960838,0.0
2016-06-16,0.005236654218923957,0.0,1.1240245099816932e-05,0.00522541397382414,0.9855995836041834,0.16506169131754747,0.0
2016-06-17,-0.00933334848812863,5.112499353166427e-05,1.1167681652048546e-05,-0.009395641163312343,1.0000000000508678,0.18475923945132391,0.25000000004583756
2016-06-20,-0.007795623650892445,0.0,3.445863939167174e-05,-0.007830082290284117,1.0155833213591061,0.1770897628284273,0.0
2016-06-21,-0.0031590830315200514,0.0,1.1744817723023995e-05,-0.0031708278492430754,1.0280018813683036,0.17063018758755202,0.0
2016-06-22,0.008320559284349903,0.0,1.1840233354815765e-05,0.008308719050995087,1.0323408506352905,0.16800381573373957,0.0
2016-06-23,-0.004593889029576399,0.0,1.1544485762696325e-05,-0.004605433515339095,1.0176188782165347,0.1748714175397029,0.0
2016-06-24,0.010025836757725465,5.275785593678135e-05,1.1284196591918984e-05,0.009961794705196765,1.0000000000833287,0.17625364887324285,0.2500000000356024
2016-06-27,-0.0002971687276908364,0.0,3.308265670995717e-05,-0.0003302513844007936,0.9894534244599812,0.18444211118435663,0.0
2016-06-28,-0.006933559116994095,0.0,1.113511537316366e-05,-0.006944694232367259,0.9970691989103728,0.18420577666942553,0.0
2016-06-29,-0.0010530987693368084,0.0,1.1464339445693073e-05,-0.0010645631087825014,1.0154087078469787,0.17851192831138438,0.0
2016-06-30,-0.0033786417124947246,0.0,1.148680261841012e-05,-0.003390128515113135,1.0161845381367058,0.17764794699276687,0.0
2016-07-01,-0.0010400930224945832,5.054666010241333e-05,1.2328767123905781e-05,-0.0011029684497209024,1.0000000000249367,0.09999999997981471,0.2500000000114613
2016-07-05,0.017777939751918537,0.0,4.98745610058902e-05,0.017728065190912648,1.0092799154915348,0.09906917713403879,0.0
2016-07-06,-0.0007013438435517186,0.0,1.1864535545144158e-05,-0.0007132083790968627,0.9809228218987143,0.11481172710319071,0.0
2016-07-07,0.0008107229416494833,0.0,1.1907193143052604e-05,0.0007988157485064307,0.983416925269483,0.11419182582664292,0.0
2016-07-08,-0.00278470059325201,0.0,1.1854759289906789e-05,-0.002796555352541917,0.9803081844097253,0.11491075624652994,0.0
2016-07-11,0.0023583324376895837,5.352374408417121e-05,3.005853013153755e-05,0.002274750163473875,1.0000000000422404,0.2685757668414932,0.25000000003429085
2016-07-12,-0.006482464703407628,0.0,9.872690424497359e-06,-0.006492337393832126,0.9910255916443551,0.27031919065604787,0.0
2016-07-13,0.003636019805093928,0.0,1.0009178085819439e-05,0.0036260106270081085,0.9962308367666172,0.2655608365017983,0.0
2016-07-14,-0.0026328306149320272,0.0,9.96492841054567e-06,-0.002642795543342573,0.9956640462151432,0.2682242722453091,0.0
2016-07-15,-0.00589681606764403,0.0,9.998200292639272e-06,-0.005906814267936669,0.9961638267751216,0.26629520541245466,0.0
2016-07-18,0.0003808949043544041,5.357501205019642e-05,4.045897884697965e-05,0.000286860913457228,1.000000000014404,0.015498181404565908,0.25000000000614336
2016-07-19,0.002302265394356214,0.0,1.3466198851159842e-05,0.002288799195505054,0.9989070386635557,0.015874522528886992,0.0
2016-07-20,0.0012544015186759588,0.0,1.3408615971021198e-05,0.0012409929027049375,0.9969642457937243,0.01813527990917685,0.0
2016-07-21,-8.568995359270457e-05,0.0,1.3326145308121437e-05,-9.901609890082601e-05,0.9921742562880066,0.019365648795141827,0.0
2016-07-22,-0.006136123676255626,0.0,1.335096056802191e-05,-0.006149474636823649,0.9939019895225031,0.019281868056903573,0.0
2016-07-25,0.0015508388169150136,5.103644309525627e-05,3.501530774915594e-05,0.0014647870660706014,1.0000000000032718,0.14796084477381058,0.24999999999992054
2016-07-26,0.0014566871136580707,0.0,1.1593788828699515e-05,0.0014450933248293712,0.9956395856286746,0.14929300113361016,0.0
2016-07-27,0.0018547171682504532,0.0,1.1526555487579899e-05,0.0018431906127628732,0.9919707058278991,0.15053215523456662,0.0
2016-07-28,-0.009337145213848215,0.0,1.1493531345304474e-05,-0.009348638745193519,0.9911342993166269,0.15210651110940002,0.0
2016-07-29,0.003532124589260086,0.0,1.1889452386458649e-05,0.003520235136873627,1.0120466847031333,0.1441166604916521,0.0
2016-08-01,0.0033518770997897525,2.241517633725158e-05,3.6735849372331196e-05,0.0032927260740801697,1.000000000005506,0.10609433194544696,0.11056029483425699
2016-08-02,-0.0005530495484049654,0.0,1.2060311915416013e-05,-0.0005651098603203815,0.9894897852107027,0.10908701538533391,0.0
2016-08-03,-0.0065203739593932,0.0,1.1961463515329723e-05,-0.00653233542290853,0.9817821707501009,0.10859533413103109,0.0
2016-08-04,0.000799231698583931,0.0,1.220805786342191e-05,0.0007870236407205091,0.993934356401496,0.10274613237169647,0.0
2016-08-05,-0.00010090021823317384,0.0,1.220433695524108e-05,-0.00011310455518841493,0.9943805332396733,0.10346393550707433,0.0
2016-08-08,0.0004855291079558505,1.987984880267914e-06,3.7166411512695566e-05,0.00044637471156288704,0.9999999999513665,0.09561731980910768,0.009745870283204217
2016-08-09,0.008538277095395959,0.0,1.2381471513646055e-05,0.008525895623882312,0.9999073906717457,0.09605997017558368,0.0
2016-08-10,0.004028761291351063,0.0,1.2123605433469642e-05,0.004016637685917593,0.9887371892386589,0.10371399259537531,0.0
2016-08-11,-0.0039782501670198814,0.0,1.1989751613446916e-05,-0.003990239918633329,0.9825635893633056,0.10731172158168067,0.0
2016-08-12,0.0005365403648072431,0.0,1.2050830121584058e-05,0.000524489534685659,0.9834580475012593,0.10374744862562318,0.0
2016-08-15,-0.005085782981775845,5.249620950926235e-05,4.660889425945081e-05,-0.005184888085544558,0.9999999999616348,-0.1341497603516682,0.2500000000163445
2016-08-16,-0.004635645054463754,0.0,1.5719523203086544e-05,-0.00465136457766684,1.0075639671954826,-0.13996122662983532,0.0
2016-08-17,0.000750003854208674,0.0,1.585609743580037e-05,0.0007341477567728736,1.0122225253617492,-0.1452725874516778,0.0
2016-08-18,-0.0065213710900502665,0.0,1.586654067325374e-05,-0.00653723763072352,1.0138409086439886,-0.1444165605035346,0.0
2016-08-19,0.0034748830494852104,0.0,1.615181007631213e-05,0.003458731239408898,1.0271509940012535,-0.15193114156953189,0.0
2016-08-22,0.0008783508334154323,5.3006785508939246e-05,5.721749902155208e-05,0.000768126548884941,0.999999999997416,-0.3922924761936848,0.2499999999991164
2016-08-23,-0.006538039871819484,0.0,1.9070271048836562e-05,-0.00655711014286832,1.0010160860218198,-0.39111370054324945,0.0
2016-08-24,0.0021862054570528085,0.0,1.9383621290387908e-05,0.0021668218357624204,1.0147279573615995,-0.4002763968367178,0.0
2016-08-25,-0.0029735645506556983,0.0,1.9260937265000856e-05,-0.0029928254879206992,1.008818954445916,-0.3972294658991465,0.0
2016-08-26,-0.0021737050861480407,0.0,1.9415081134788493e-05,-0.0021931201672828293,1.0158965591792326,-0.4014043636603274,0.0
2016-08-29,0.004979569423580557,5.666114981790164e-05,5.0932450992828606e-05,0.004871975822769827,0.9999999999948987,-0.23935630749726391,0.250000000001441
2016-08-30,0.00030872030422966084,0.0,1.6844507603241446e-05,0.0002918757966264194,0.9964086585355885,-0.23324039650103703,0.0
2016-08-31,0.006228441530972856,0.0,1.6790816889707374e-05,0.006211650714083149,0.9928659240323763,-0.232863708916262,0.0
2016-09-01,0.004656751681764318,0.0,1.6525935283155382e-05,0.004640225746481163,0.9811570967566404,-0.22523617891370246,0.0
2016-09-02,-0.0017682123117837114,0.0,1.6338202222154388e-05,-0.0017845505140058658,0.9731281458104964,-0.21956061640677416,0.0
2016-09-06,0.0056317628452573504,3.3325786645353786e-05,6.0273972602523134e-05,0.0055381630860094734,0.999999999992398,-0.10000000000364931,0.1606047008823159
2016-09-07,-0.005288795139966209,0.0,1.5012999048898149e-05,-0.005303808139015108,1.0021004416481951,-0.09384848892136985,0.0
2016-09-08,-0.010401163733102492,0.0,1.5197684939979939e-05,-0.010416361418042471,1.0097651077835992,-0.09966589283493629,0.0
2016-09-09,-0.003215543012065391,0.0,1.552882347006155e-05,-0.0032310718355354527,1.0223784904598534,-0.11122562285463955,0.0
2016-09-12,0.0007517308619597031,0.0,4.606826346822262e-05,0.0007056625984914805,1.0061822789469304,-0.11481213211315347,0.0
2016-09-13,-0.001064180454092262,5.533644874152785e-05,1.5135645940617583e-05,-0.0011346525487744073,0.9999999999942953,-0.10490215367078834,0.25000000000727407
2016-09-14,0.006155278186949168,0.0,1.5012474019707444e-05,0.006140265712929461,0.9898238977627769,-0.10608670567586667,0.0
2016-09-15,-0.0011987778661373065,0.0,1.4788728040024947e-05,-0.0012135665941773314,0.9802555802433339,-0.0993215666784871,0.0
2016-09-16,-0.003290019040358567,0.0,1.4861689953431966e-05,-0.003304880730311999,0.9842608857031367,-0.10064248089739672,0.0
2016-09-19,0.004566016545015196,0.0,4.4902160222085e-05,0.004521114384793111,0.9883421086772644,-0.1042771233934707,0.0
2016-09-20,-0.008039949912165747,2.1345383628775038e-05,1.643835616443762e-05,-0.00807773365195896,1.0000000000144667,-0.19999999998947973,0.10256866150055839
2016-09-21,0.0016892676925804619,0.0,1.6811367677088705e-05,0.0016724563249033732,1.0174957141157575,-0.20973412631171787,0.0
2016-09-22,0.005877239982448944,0.0,1.6924937306190724e-05,0.005860315045142753,1.0278229297196775,-0.2076974936322455,0.0
2016-09-23,0.00516012115243123,0.0,1.674433029875792e-05,0.005143376822132472,1.02169169763862,-0.20064441417070816,0.0
2016-09-26,-0.006134883100926922,0.0,4.942331733305075e-05,-0.006184306418259973,1.0081500665250918,-0.19448398857914315,0.0
2016-09-27,0.004409650773699483,5.1787509977691963e-05,1.6421956473828885e-05,0.004341441307247962,1.0000000000369251,-0.19880282255258327,0.25000000004146494
2016-09-28,-0.003382203826795762,0.0,1.620910126766522e-05,-0.0033984129280634273,0.9897115192001296,-0.19355287333943147,0.0
2016-09-29,-0.0022348342588352312,0.0,1.6406392119845537e-05,-0.0022512406509550766,1.0000599986697594,-0.19760662607896493,0.0
2016-09-30,0.002696057704057598,0.0,1.64483623099518e-05,0.0026796093417476466,1.00043808197079,-0.2002923666556914,0.0
2016-10-03,-0.005483738675817991,0.0,4.896616738568163e-05,-0.005532704843203673,0.9944418300049821,-0.1970682430466044,0.0
2016-10-04,-0.005566085493712964,5.082482890487869e-05,1.6248830679572048e-05,-0.005633159153297414,0.9999999999876109,-0.18616463962114854,0.2500000000044247
2016-10-05,-0.0068829852888838035,0.0,1.6458036089353545e-05,-0.006899443324973157,1.008619741160191,-0.19281689336261748,0.0
2016-10-06,-0.002462781200653929,0.0,1.676890281274311e-05,-0.0024795501034666724,1.0230426364638279,-0.2010872688664188,0.0
2016-10-07,-0.004193360950423188,0.0,1.6879849875398937e-05,-0.0042102408002985875,1.028173023718524,-0.20405601718559824,0.0
2016-10-10,-0.007818206801798573,0.0,5.123955626361625e-05,-0.00786944635806219,1.0376993371875003,-0.20912986522716184,0.0
2016-10-11,-0.0009411658214049619,1.4000225676465643e-05,1.6438356164460057e-05,-0.0009716044032458876,1.0000000000010492,-0.20000000000453505,0.06830545059329578
2016-10-12,0.0026534987531371007,0.0,1.6405182744327245e-05,0.0026370935703927735,0.9964417493124563,-0.20113659102343234,0.0
2016-10-13,-0.007240782928028368,0.0,1.6291199209646592e-05,-0.007257074127238015,0.9912964918472542,-0.19796105045694706,0.0
2016-10-14,0.000963866990389636,0.0,1.6600162217995808e-05,0.0009472668281716402,1.0051099576322482,-0.20670188428144567,0.0
2016-10-17,0.0018163259516706127,0.0,4.965443807391109e-05,0.0017666715135967017,1.0027146802028706,-0.20554331292896594,0.0
2016-10-18,0.001478237531787063,5.479592340214655e-05,1.3162745109006476e-05,0.00141027886327591,0.9999999999964485,0.03911960703897571,0.25000000000115785
2016-10-19,-0.0013544837076926298,0.0,1.3177866413878441e-05,-0.0013676615741065083,1.0025249191325882,0.04054067091946195,0.0
2016-10-20,0.002575071114770495,0.0,1.3258032978894867e-05,0.0025618130817916004,1.0070762615116555,0.0392398540523303,0.0
2016-10-21,-0.0003104520289852555,0.0,1.3142314894891596e-05,-0.0003235943438801471,1.0010970641972448,0.04170807687015854,0.0
2016-10-24,0.001406305965232001,0.0,3.95186108519867e-05,0.0013667873543800142,1.0030305559463835,0.04141102521470702,0.0
2016-10-25,0.0010817389333046086,4.191669023194659e-05,1.2328767123100624e-05,0.0010274934759495614,0.9999999999786707,0.09999999999232523,0.20483991078290556
2016-10-26,-0.000610717059939204,0.0,1.2272358267402457e-05,-0.0006229894182066064,0.9968601382255101,0.10097798470513067,0.0
2016-10-27,-0.004786413475204766,0.0,1.2232524497889847e-05,-0.0047986459997026555,0.9934041227152344,0.10042983436927583,0.0
2016-10-28,0.002321695056753152,0.0,1.2359075238298281e-05,0.002309335981514854,0.9983170852097052,0.09610459281393072,0.0
2016-10-31,0.006802701940241318,0.0,3.6660741387929345e-05,0.006766041198853389,0.9902775526433986,0.0981995122037844,0.0
2016-11-01,-0.00047168966325799536,1.7905742199280122e-05,1.1066204489569787e-05,-0.0005006616099468453,1.0000000000283906,0.19216707228979613,0.0882381945483207
2016-11-02,0.0017855707632270046,0.0,1.1033689744354222e-05,0.0017745370734826504,0.9972507565581077,0.1917914052202496,0.0
2016-11-03,0.0011223511640484837,0.0,1.092322033858863e-05,0.001111427943709895,0.9906291596705814,0.1932340749536114,0.0
2016-11-04,0.0020284320476833774,0.0,1.0822938603085143e-05,0.002017609109080292,0.9842151707963752,0.1941406527711598,0.0
2016-11-07,0.002175873488370994,0.0,3.2270323464189774e-05,0.002143603164906804,0.9810186268617024,0.19577408923308465,0.0
2016-11-08,-0.0011880783406055461,5.208356888474778e-05,1.1141891798214506e-05,-0.0012513038012885085,1.0000000000176374,0.18664189874797843,0.2500000000132335
2016-11-09,-0.002027485040301135,0.0,1.1188975806976267e-05,-0.0020386740161081112,1.002481404127281,0.18568617021801342,0.0
2016-11-10,-0.0015203737397150151,0.0,1.1166339548093812e-05,-0.001531540079263109,0.999176657257917,0.18403387024706885,0.0
2016-11-11,-0.0027342309749991533,0.0,1.1096120417517243e-05,-0.0027453270954166703,0.9928102424840854,0.18279345200532676,0.0
2016-11-14,-0.005669703631089125,0.0,3.3410042431065816e-05,-0.005703113673520191,0.9935326024544983,0.18055490329856355,0.0
2016-11-15,0.0031836184294784077,5.602375741522997e-05,7.876947211037982e-06,0.00311971772485214,0.9999999999549585,0.4249828535491858,0.2500000000181227
2016-11-16,0.0032938167319817033,0.0,7.839017763080024e-06,0.0032859777142186233,0.9990831643812311,0.4268348676763893,0.0
2016-11-17,-0.0020804520769552564,0.0,7.803767801361147e-06,-0.0020882558447566178,0.9983949698039722,0.42871992030460837,0.0
2016-11-18,0.0022155062123914615,0.0,7.79452572340537e-06,0.002207711686668056,0.9965326427874092,0.42753226497881724,0.0
2016-11-21,0.006136932526143448,0.0,2.3399939872101287e-05,0.006113532586271346,0.9981996388748936,0.4288011019870956,0.0
2016-11-22,0.00017377765765509435,5.1552490280033366e-05,1.095814499567284e-05,0.00011126702237938813,1.000000000006056,0.20005541532193905,0.2500000000042634
2016-11-23,0.0021703177467597454,0.0,1.0962483768148985e-05,0.0021593552629915963,1.0004682316270055,0.20020691655212963,0.0
2016-11-25,0.005722032481746473,0.0,2.1863545882328673e-05,0.005700168935864144,0.9999605962722475,0.20194117156725094,0.0
2016-11-28,0.005031062579598707,0.0,3.2344991983095846e-05,0.004998717587615611,0.99354766942706,0.20648619783839442,0.0
2016-11-29,0.004593345047032314,0.0,1.0769186201604712e-05,0.00458257586083071,0.9966157970168231,0.21046520429967913,0.0
2016-11-30,-0.008744057402871151,5.4391975089437404e-05,1.1341359075077854e-05,-0.008809790737035667,1.0000000000616196,0.17208078758093637,0.25000000007509016
2016-12-01,-0.002477724157556544,0.0,1.1667251465591577e-05,-0.0024893914090221357,1.0164978392105026,0.16478848222231754,0.0
2016-12-02,-0.0014920810073748155,0.0,1.1723020330845137e-05,-0.0015038040277056608,1.0184963055844427,0.16271582143274768,0.0
2016-12-05,0.001596141009802595,0.0,3.546697057452418e-05,0.0015606740392280708,1.024496171793762,0.1614665544803402,0.0
2016-12-06,2.5964700277431112e-05,0.0,1.1809508247461087e-05,1.4155192029970026e-05,1.0249027063926643,0.16280860432800506,0.0
2016-12-07,0.00043847608037453925,2.7396437630619375e-05,1.1920398015344212e-05,0.0003991592447285757,1.0000000000397187,0.12981094491959133,0.13526052610965097
2016-12-08,-0.0032840622978283266,0.0,1.1942466419464287e-05,-0.003296004764247791,1.001997500104459,0.1301974514835662,0.0
2016-12-09,-0.002324838435054758,0.0,1.205427258668698e-05,-0.0023368927076414447,1.0072949784509706,0.12733307962282098,0.0
2016-12-12,-0.005859129340645551,0.0,3.634985248145188e-05,-0.005895479193127003,1.0098141333611852,0.12530105631252278,0.0
2016-12-13,-0.0008509085795831613,0.0,1.2338941756246984e-05,-0.0008632475213394083,1.0208930185970455,0.12015027039101596,0.0
2016-12-14,0.004618764855167157,5.041032941038643e-05,1.2111139568864915e-05,0.004556243386187905,1.0000000000488456,0.11588681152170681,0.2500000000459288
2016-12-15,0.0007238751022153602,0.0,1.1821201450366706e-05,0.0007120539007649936,0.9829067197898881,0.11995901391311865,0.0
2016-12-16,-0.005506270900183672,0.0,1.1790362848617933e-05,-0.00551806126303229,0.9812935053877555,0.12059701743864623,0.0
2016-12-19,0.00021188843925305456,0.0,3.6015914652401907e-05,0.00017587252460065264,0.9921166047133837,0.1157293481716042,0.0
2016-12-20,0.0011022913858420847,0.0,1.2046636440710927e-05,0.0010902447494013738,0.9953253094903312,0.11592084931843379,0.0
2016-12-21,0.0037454738443136204,5.110610542580299e-05,1.2039761019685106e-05,0.0036823279778681324,1.000000000012486,0.12109744557547325,0.25000000001273504
2016-12-22,0.001523671670983285,0.0,1.188019107545935e-05,0.0015117914799078257,0.991638841955157,0.12438489344662415,0.0
2016-12-23,-4.5096704511440414e-05,0.0,1.1819499291573118e-05,-5.691620380301353e-05,0.9885419532377906,0.12571850495295284,0.0
2016-12-27,-0.0035959988831864064,0.0,4.7389469947104685e-05,-0.003643388353133511,0.9905383880435548,0.1256805615088943,0.0
2016-12-28,8.491387256945229e-05,0.0,1.1996206887014693e-05,7.291766568243759e-05,0.9982540933618661,0.12253099060979356,0.0
2016-12-29,-0.001993902998094867,5.033517874340052e-05,1.1975418053911914e-05,-0.0020562135948921792,1.000000000051906,0.1257944821163363,0.25000000007108497
2016-12-30,-0.0030912385483501227,0.0,1.2042280509787748e-05,-0.0031032808288599103,1.0031421412757133,0.12405566406120742,0.0
2017-01-03,0.006257580075043566,0.0,4.854247369540039e-05,0.006209037601348166,1.0072411255929263,0.12134098065186935,0.0
2017-01-04,-0.0038784102525910055,0.0,1.1979609840081698e-05,-0.0038903898624310872,1.0013227036350214,0.1268111853090574,0.0
2017-01-05,-0.00615335933732864,0.0,1.2207082707062536e-05,-0.006165566420035702,1.014529936964552,0.12341289934898689,0.0
2017-01-06,0.0016587776261448462,5.177516516395218e-05,1.1946595007822728e-05,0.0015950558659730712,1.0000000000201392,0.1278985644490799,0.25000000002869127
2017-01-09,-0.0002652578850812748,0.0,3.5690088752511924e-05,-0.0003009479738337867,0.9978098462831722,0.12935101997204876,0.0
2017-01-10,0.001812154399864614,0.0,1.1864990392785432e-05,0.0018002894094718285,0.995268920553631,0.12912462188029442,0.0
2017-01-11,0.0013921747659434505,0.0,1.183598418449073e-05,0.0013803387817589597,0.9947283212653018,0.13070147579747846,0.0
2017-01-12,-0.004163470831941137,0.0,1.1791178747920548e-05,-0.004175262010689058,0.9926676165086723,0.13191156791047245,0.0
2017-01-13,0.0012454057520489207,5.047849753071644e-05,1.1000360324078388e-05,0.001183926894194126,1.0000000000029698,0.19697369634524742,0.2500000000035657
2017-01-17,-0.00699642484727302,0.0,4.3956733675077875e-05,-0.007040381580948098,1.000195092253322,0.19798470268315083,0.0
2017-01-18,0.0036800339001355495,0.0,1.1147251562201468e-05,0.003668886648573348,1.0060918060626307,0.19234244202192344,0.0
2017-01-19,8.133649435350724e-05,0.0,1.10696749579696e-05,7.026681939553764e-05,1.0033921925692257,0.1953059206374449,0.0
2017-01-20,-0.00014326803755353515,0.0,1.099847051665052e-05,-0.00015426650807018566,0.9982618765708198,0.19537352885533177,0.0
2017-01-23,-0.004130979446519439,5.104825918731223e-05,3.304766254415223e-05,-0.004215075368250903,1.000000000034917,0.19584021146054617,0.2500000000335991
2017-01-24,0.005428433319124651,0.0,1.112635281871843e-05,0.005417306966305933,1.0047444771309735,0.19252072136452825,0.0
2017-01-25,0.004713852727301978,0.0,1.1011702194720644e-05,0.0047028410251072576,1.0007368415190152,0.19688258130440822,0.0
2017-01-26,0.0008963608208348495,0.0,1.0906602833010026e-05,0.0008854542180018395,0.9968348026414022,0.2006527958316706,0.0
2017-01-27,-0.0009779045955835442,0.0,1.087581815114664e-05,-0.000988780413734691,0.9953055770159397,0.2013708519822351,0.0
2017-01-30,-0.003256293807731758,4.3806607170331245e-05,3.314939210663911e-05,-0.0033332498070087284,0.9999999999574262,0.1933647920292077,0.20860080656275376
2017-01-31,-0.003109468431359745,0.0,1.1076940391505227e-05,-0.00312054537175125,0.999360945191225,0.19074429661134368,0.0
2017-02-01,0.001938698017210105,0.0,1.118829714018351e-05,0.0019275097200699217,1.0049678752786635,0.1882221840452673,0.0
2017-02-02,-0.00039591595426956457,0.0,1.113128960662191e-05,-0.00040704724387618645,1.0023791915416829,0.18979505025828347,0.0
2017-02-03,0.003238921363526578,0.0,1.114765581805991e-05,0.003227773707708518,1.0032551348118381,0.18947626009346494,0.0
2017-02-06,-0.005071968127915083,2.684766244747114e-05,3.6969069722874024e-05,-0.005135784860085427,1.0000000000401335,0.10041930345019894,0.13184457923504628
2017-02-07,-0.001445781439978768,0.0,1.2487148872043044e-05,-0.001458268588850811,1.0074014142739278,0.09583954661478551,0.0
2017-02-08,-0.0037275687694936963,0.0,1.2534886455193608e-05,-0.00374010365594889,1.009578328892632,0.09453161766349874,0.0
2017-02-09,0.007482145403205846,0.0,1.2682225510438077e-05,0.007469463177695408,1.0169474026808665,0.09114494041888688,0.0
2017-02-10,0.0017474292497329845,0.0,1.2482716007138267e-05,0.0017349465337258463,1.009134124849095,0.09789585632800185,0.0
2017-02-13,0.0037165073975338457,4.2663238536329626e-05,3.698630137179696e-05,0.003636857857625719,1.0000000000338531,0.0999999999867936,0.20955552207063632
2017-02-14,0.0029887012571968336,0.0,1.223712445794942e-05,0.002976464132738884,0.9966507574794807,0.10334067204917305,0.0
2017-02-15,0.0026286270565691,0.0,1.216116798490102e-05,0.002616465888584199,0.9937790898506449,0.10601382695287029,0.0
2017-02-16,-0.0028878362100504427,0.0,1.2121153169965011e-05,-0.0028999573632204076,0.9932031179556835,0.1083589365482377,0.0
2017-02-17,-3.48756514662734e-05,0.0,1.2216563627014607e-05,-4.7092215093288005e-05,0.9975869963698604,0.10577785159779386,0.0
2017-02-21,0.003307041920371718,8.528622239543187e-07,4.917574660849801e-05,0.0032570133115392653,1.0000000001746931,0.10254262456960438,0.0042611577174113315
2017-02-22,-0.001384265812412814,0.0,1.2247372066308257e-05,-0.0013965131844791224,0.9995641927800042,0.1055060319395015,0.0
2017-02-23,-0.0031850999251325156,0.0,1.228347276933292e-05,-0.0031973833979018484,1.0009608890549349,0.10426737689363168,0.0
2017-02-24,-0.0029334408723133355,0.0,1.2381923480814568e-05,-0.00294582279579415,1.0052869265673667,0.10140651246790325,0.0
2017-02-27,0.004194683245300235,0.0,3.753021177855474e-05,0.0041571530335216805,1.0119991661542898,0.09876401287612453,0.0
2017-02-28,-0.0031507905341540705,2.0929246659903195e-05,1.2328767123605239e-05,-0.003184048547937579,1.0000000000281801,0.10000000000499801,0.10411728956348991
2017-03-01,0.009892418709044374,0.0,1.2385302347356032e-05,0.009880033406697018,1.0012856384222177,0.09715856706522767,0.0
2017-03-02,-0.0005154870302681669,0.0,1.2161218308891366e-05,-0.0005276482485770583,0.9937726025619029,0.10600366601283277,0.0
2017-03-03,-6.985985076632956e-05,0.0,1.2090773378485477e-05,-8.195062414481504e-05,0.9881703256496412,0.10554386902020114,0.0
2017-03-06,-0.0002079417403076478,0.0,3.6311075418397166e-05,-0.00024425281572604496,0.989052155386393,0.10548265353872874,0.0
2017-03-07,-0.0004949349698093635,2.8970334085574028e-06,1.222272678822053e-05,-0.0005100547300061414,1.0000000000015128,0.1077409444614143,0.014353096130271775
2017-03-08,0.0004306381439600151,0.0,1.2178343528495878e-05,0.00041845980043151923,0.996319816321132,0.1073007387409329,0.0
2017-03-09,0.0018184218677848453,0.0,1.2112648673355829e-05,0.0018063092191114895,0.991909667646197,0.10768631449122172,0.0
2017-03-10,0.00032820765417979287,0.0,1.2026760600616647e-05,0.0003161808935791762,0.9872608174318996,0.10930729358688449,0.0
2017-03-13,0.0019458733478762708,0.0,3.6162901762289695e-05,0.001909710446113981,0.9895647904295323,0.10960084754714972,0.0
2017-03-14,-0.0018761936739310767,2.784661973434224e-06,1.2268980683883134e-05,-0.0018912473165883942,0.9999999999821135,0.10436441005864489,0.0137669139760948
2017-03-15,-4.0047763820634425e-05,0.0,1.229230599146692e-05,-5.234006981210135e-05,1.0000207516021629,0.10268241422507782,0.0
2017-03-16,-1.6285807971337124e-05,0.0,1.245377915388429e-05,-2.8739587125221417e-05,1.0117736172846383,0.10264773905108504,0.0
2017-03-17,-0.0015997662645201398,0.0,1.2434995454516297e-05,-0.0016122012599746561,1.010389071093168,0.10263440291347824,0.0
2017-03-20,-0.00262891663414643,0.0,3.7508779359283375e-05,-0.0026664254135057132,1.0139114189259322,0.1011977878500366,0.0
2017-03-21,-0.010526416831063711,5.395478109415622e-05,1.22196306039494e-05,-0.010592591242761818,1.0000000000150273,0.10796696592672077,0.25000000001323863
2017-03-22,0.003584131029922684,0.0,1.2418413844271171e-05,0.003571712616078413,1.0050279578053174,0.09848374717352172,0.0
2017-03-23,-0.0018259082250090127,0.0,1.2324097657827132e-05,-0.0018382323226668398,1.0013637475556927,0.10170461853431194,0.0
2017-03-24,-0.0006815256473120609,0.0,1.2398607156741222e-05,-0.0006939242544688021,1.0051609711465521,0.10006264870444316,0.0
2017-03-27,-0.0002930613250646587,0.0,3.734460786554329e-05,-0.000330405932930202,1.0081689253120532,0.09945013391716623,0.0
2017-03-28,0.003903543643313665,1.4760069234197886e-05,1.2328767123133221e-05,0.0038764548069563343,0.9999999999836247,0.09999999999489942,0.07134686832940719
2017-03-29,-0.002858142325863577,0.0,1.2272973274646896e-05,-0.002870415299138224,0.9994293706154699,0.10350232156624656,0.0
2017-03-30,0.005214535039870949,0.0,1.2427177142732559e-05,0.005202107862728216,1.0081178328747986,0.10093390145532201,0.0
2017-03-31,-0.0010931370294185727,0.0,1.2279835395838562e-05,-0.0011054168648144112,1.0020270824903146,0.10559909859409955,0.0
2017-04-03,-0.0010775848978852255,0.0,3.693999001403416e-05,-0.0011145248878992597,1.003494702400573,0.1046216120590752,0.0
2017-04-04,-0.005758951134283409,7.406861211560044e-07,1.2328767123297324e-05,-0.005772020587527862,1.0000000000006686,0.09999999999996402,0.003697650328312957
2017-04-05,-0.0026428843562886126,0.0,1.2566519495301777e-05,-0.0026554508757839143,1.0121440912805737,0.09478816812354374,0.0
2017-04-06,0.0009030316156374034,0.0,1.2609263992868895e-05,0.0008904223516445344,1.0128668940061871,0.09239062252675796,0.0
2017-04-07,0.002542627944726888,0.0,1.261701231571485e-05,0.002530010932411173,1.0142525563369171,0.09321065728973306,0.0
2017-04-10,0.0006099216612091179,0.0,3.751830096605169e-05,0.0005724033602430661,1.0084569632489986,0.09551163974174084,0.0
2017-04-11,-0.0005058750759016729,3.279797635673926e-05,1.0344739204232182e-05,-0.0005490177914626443,0.9999999999991253,0.24483403809017604,0.15268186193290406
2017-04-12,-0.004045596288000478,0.0,1.0364151565798452e-05,-0.0040559604395662766,1.001045441511992,0.2444623772087052,0.0
2017-04-13,-0.0054587703354528165,0.0,1.0447604273891279e-05,-0.005469217939726708,1.0040709850260605,0.2413958730319971,0.0
2017-04-17,0.006677760830339857,0.0,4.225669608995998e-05,0.006635504134249897,1.0084192940159118,0.2372345903741423,0.0
2017-04-18,-0.003507019205327408,0.0,1.0438882967348856e-05,-0.0035174580882947567,1.0043429950543963,0.2423045384379298,0.0
2017-04-19,0.0003425114828309713,2.393879159882165e-06,1.0342546887326217e-05,0.00032977505678376295,1.0000000000415696,0.244994077266756,0.01192244213841881
2017-04-20,0.006150114648655747,0.0,1.0325858828910182e-05,0.006139788789826837,0.9990434040444919,0.2452557095340487,0.0
2017-04-21,0.00035766483600402284,0.0,1.02267368581069e-05,0.0003474380991459159,0.9964234555772424,0.24987166493543864,0.0
2017-04-24,0.00910655281074973,0.0,3.0573887929938655e-05,0.009075978922819791,0.9941070270594303,0.25014242076425647,0.0
2017-04-25,0.00613903212761015,0.0,1.004923173811591e-05,0.006128982895872034,0.9905111153790032,0.2569171984965417,0.0
2017-04-26,-0.0025319522523475067,5.199654964820277e-05,1.3043571067525115e-05,-0.0025969923730632346,1.000000000039192,0.04781931210985875,0.25000000001919986
2017-04-27,0.001920412337797647,0.0,1.3129080958776517e-05,0.0019072832568388706,1.0038281870063035,0.04540527701561758,0.0
2017-04-28,-0.0015496349857647856,0.0,1.3084245065272397e-05,-0.001562719230830058,1.0023854874537017,0.04723559768881655,0.0
2017-05-01,0.005751918687319867,0.0,3.942625817789676e-05,0.00571249242914197,1.0051297511082886,0.0457574687794676,0.0
2017-05-02,0.0037899076080202703,0.0,1.2968323523367103e-05,0.003776939284496903,0.9979044290228363,0.05121681181703777,0.0
2017-05-03,-0.0014820517652017003,3.621423472462375e-05,1.313705836316922e-05,-0.0015314030582894932,1.000000000035754,0.04099473952440099,0.16362426391540036
2017-05-04,0.008094216507610776,0.0,1.3179294759475392e-05,0.0080810372128513,1.0016618078588744,0.03957329041717073,0.0
2017-05-05,-0.0003810455880295674,0.0,1.2857509053366418e-05,-0.00039390309708293384,0.9858835528088561,0.04728539191310749,0.0
2017-05-08,0.0003974361176404971,0.0,3.8799599636740705e-05,0.0003586365180037564,0.9910464205335823,0.046922829372891765,0.0
2017-05-09,0.0020572547607353576,0.0,1.2915219125072848e-05,0.002044339541610285,0.9901142969297613,0.04730330079944347,0.0
2017-05-10,0.0005616923710940558,5.264851142734655e-05,1.2375676859827914e-05,0.0004966681828068814,1.0000000000089238,0.09657558924148604,0.2500000000090636
2017-05-11,1.2102635059520926e-05,0.0,1.238931112481424e-05,-2.86676065293314e-07,1.0015087726767382,0.09708906056529865,0.0
2017-05-12,-0.002705578731840395,0.0,1.2374308968308166e-05,-0.002717953040808703,1.0004257457234416,0.0971011910369456,0.0
2017-05-15,0.003956492127377522,0.0,3.7492010905250145e-05,0.0039190001164722725,1.006958473067248,0.09465287437282811,0.0
2017-05-16,0.0006152734447021441,0.0,1.2402812186413343e-05,0.0006028706325157308,1.0036297145754922,0.09822442496731822,0.0
2017-05-17,-0.013673265663948702,3.437015702472009e-05,1.0069590482430351e-05,-0.013717705411455852,1.0000000000104838,0.2649198947930683,0.17028878897580235
2017-05-18,0.0013077008415166317,0.0,1.0316592693185347e-05,0.0012973842488234464,1.0078523589932584,0.25474109239072806,0.0
2017-05-19,0.002873811585041326,0.0,1.0278722683706315e-05,0.00286353286235762,1.0060637858959467,0.25571702998538565,0.0
2017-05-22,0.0027896853480361343,0.0,3.0922700718523475e-05,0.0027587626473176106,1.0103048566924016,0.2578524725416639,0.0
2017-05-23,0.0038107244100365457,0.0,1.0276224008727564e-05,0.0038004481860278183,1.0100894389077082,0.25992508627059596,0.0
2017-05-24,0.003049393939807112,5.17540846285562e-05,1.0067056767125684e-05,0.0029875727984114303,1.0000000000466631,0.2651048560464879,0.2500000000463749
2017-05-25,0.008528567193016385,0.0,1.0001721253132171e-05,0.008518565471763252,0.9974811574278641,0.26735550594921575,0.0
2017-05-26,-0.002000975134355258,0.0,9.750609942890621e-06,-0.002010725744298149,0.9853483131261254,0.27355378729510993,0.0
2017-05-30,-0.0007863169003101138,0.0,3.93545576297638e-05,-0.0008256714579398776,0.990320607239214,0.27209993049602477,0.0
2017-05-31,0.0013599174142591302,0.0,9.85474466097713e-06,0.0013500626695981531,0.9909341748703272,0.27153781461899684,0.0
2017-06-01,0.004945082313918237,5.1275821058218335e-05,1.000548868896028e-05,0.004883801004171058,1.0000000000029825,0.2695993257088818,0.2500000000014128
2017-06-02,0.005411986143786725,0.0,9.920053601239666e-06,0.0054020660901854855,0.997374017131852,0.2732101042413563,0.0
2017-06-05,5.968444732258392e-05,0.0,2.9476902431699318e-05,3.0207544890884604e-05,0.9943963350945111,0.27712504258982756,0.0
2017-06-06,-0.0038624387370087697,0.0,9.797248054635915e-06,-0.0038722359850634058,0.9923754622084091,0.2771763542199872,0.0
2017-06-07,0.007601761552419919,0.0,9.90084379845372e-06,0.007591860708621465,0.9971379628061134,0.274376365518992,0.0
2017-06-08,0.0008790190975681925,5.2942833371010705e-05,9.942534960092565e-06,0.0008161337292370893,1.0000000000061378,0.2741949479193804,0.2500000000019829
2017-06-09,-0.006938509866912427,0.0,9.924844299580194e-06,-0.0069484347112120076,0.9993632868140655,0.27484965294471136,0.0
2017-06-12,0.00016454719157933478,0.0,3.014941490898215e-05,0.00013439777667035262,1.0034214944052093,0.2697857316199768,0.0
2017-06-13,0.0018246623123083082,0.0,1.0003048054645624e-05,0.0018146592642536625,1.0001365109587956,0.269914002969665,0.0
2017-06-14,0.008070002351850271,0.0,1.0031169505062644e-05,0.008059971182345207,1.0035218192764925,0.27124644540691956,0.0
2017-06-15,-0.004310943306180429,3.6806852040682786e-05,9.863013699202864e-06,-0.004357613171920315,1.0000000000291072,0.279999999987298,0.18321015560745968
2017-06-16,-0.0011187949876424717,0.0,9.903044647401378e-06,-0.001128698032289873,0.9998179201204299,0.2768956608601293,0.0
2017-06-19,0.008879476972351778,0.0,2.9886191652415473e-05,0.008849590780699362,1.0033191499459386,0.27608848640382866,0.0
2017-06-20,-0.0004764262357849947,0.0,9.779997608039106e-06,-0.0004862062333930338,0.9964080604739677,0.2824682350871131,0.0
2017-06-21,0.007039061389653579,0.0,9.665316349455568e-06,0.0070293960733041234,0.9876970752311184,0.28212898172086176,0.0
2017-06-22,0.0008160445424964557,5.327741605545188e-05,1.0015144915120863e-05,0.0007527519815258829,1.0000000000618476,0.26889442125802465,0.2500000000418139
2017-06-23,0.0011123493866514625,0.0,1.0014872720295715e-05,0.0011023345139311667,1.0005933020071212,0.26950759342553376,0.0
2017-06-26,-0.00034911883699332403,0.0,3.0116430454739562e-05,-0.0003792352674480636,1.0031550986537914,0.27032195758846206,0.0
2017-06-27,-0.006777991792760854,0.0,1.00853776810514e-05,-0.006788077170441905,1.0063078315319873,0.27007526081523514,0.0
2017-06-28,0.004006978037298003,0.0,1.0195353036605217e-05,0.0039967826842613975,1.0093575380021373,0.2650967663299565,0.0
2017-06-29,-0.005099216143475215,5.576562949474522e-05,9.871401405121465e-06,-0.005164853174375083,0.9999999999641849,0.27938769739031794,0.25000000002206596
2017-06-30,-0.001401699991978728,0.0,9.878238239587791e-06,-0.001411578230218316,0.9968238872959299,0.27571249580602125,0.0
2017-07-03,-0.0009951853781515795,0.0,2.9896001838091717e-05,-0.0010250813799896712,1.0021679323734152,0.27469855431318346,0.0
2017-07-05,0.009563122591855058,0.0,1.995714235083607e-05,0.009543165449504223,1.0024199208680709,0.27398422506255427,0.0
2017-07-06,-0.005654046021531031,0.0,9.655346482013051e-06,-0.005663701368013044,0.9857072807101247,0.2808669875231721,0.0
2017-07-07,0.004960395456503326,2.4317053142123846e-06,9.932021061574853e-06,0.004948031730127539,0.9999999999743023,0.274962462479338,0.012072834182544012
2017-07-10,0.00029978122672284026,0.0,2.9411174880460458e-05,0.0002703700518423798,0.9942165324567013,0.2785446103654967,0.0
2017-07-11,-0.0035777192475174866,0.0,9.874115063824263e-06,-0.003587593362581311,0.9995794204567856,0.27876902079761456,0.0
2017-07-12,0.008225280876963205,0.0,1.0059207860323156e-05,0.008215221669102882,1.0105043045327546,0.27618213072916453,0.0
2017-07-13,0.0016865256153701684,0.0,9.949457765888739e-06,0.0016765761576042796,1.0084003968005708,0.28208997989069284,0.0
2017-07-14,0.003665213527313812,2.139486143300976e-06,9.863013699372629e-06,0.0036532110274711386,1.0000000000386202,0.2799999999844182,0.010671392596781973
2017-07-17,-0.001276085624634801,0.0,2.9568435174001877e-05,-0.001305654059808803,1.0021312858617335,0.28263269662768786,0.0
2017-07-18,-0.0003571401348131557,0.0,9.880115779255974e-06,-0.00036702025059241164,1.0029728975549745,0.28172444566928856,0.0
2017-07-19,0.0013987283974992012,0.0,9.93977176712171e-06,0.0013887886257320796,1.0070739499485248,0.2814706109486401,0.0
2017-07-20,0.003626166053470578,0.0,9.977443378732735e-06,0.0036161886100918453,1.0108304050956018,0.2824770384481122,0.0
2017-07-21,0.007378969573321948,5.236190380953199e-05,9.865718020588574e-06,0.007316741951491827,1.0000000000444744,0.27980258454150864,0.2500000000184622
2017-07-24,0.0006811643873633575,0.0,2.8706406278682256e-05,0.0006524579810846753,0.9836181360815804,0.28509558330031215,0.0
2017-07-25,-0.007977286643910928,0.0,9.566668980221062e-06,-0.007986853312891149,0.9839572475002188,0.2855904119440813,0.0
2017-07-26,0.00026684278545341514,0.0,9.853166247394344e-06,0.00025698961920602077,0.9991293681394496,0.2798482320796626,0.0
2017-07-27,-0.0059025666247206655,0.0,9.921851508132041e-06,-0.005912488476228797,1.0043382667874048,0.2800431066937655,0.0
2017-07-28,-0.0016088131746562603,2.362250227885449e-06,9.863935775301066e-06,-0.0016210393606594469,0.9999999999794422,0.2799326883824643,0.011697102076843574
2017-07-31,0.0026159567231516037,0.0,2.9766839600665196e-05,0.0025861898835509386,1.0031022120056323,0.27877578172277934,0.0
2017-08-01,0.005503253978665906,0.0,9.820533276488128e-06,0.005493433445389418,0.997564812361831,0.28066588317819763,0.0
2017-08-02,0.0002594971352142038,0.0,9.667536895855554e-06,0.00024982959831834823,0.990335868221493,0.28460567482403765,0.0
2017-08-03,0.0013168927296864658,0.0,9.676062868110019e-06,0.0013072166668183559,0.9911466113551677,0.2847940219831363,0.0
2017-08-04,0.001190498913581329,5.2784241323996635e-05,9.771838379562353e-06,0.00112794283387777,1.0000000000025657,0.2866557982945139,0.2500000000016207
2017-08-07,0.0013115256625991232,0.0,2.927764117762012e-05,0.001282248021421503,0.9999445908299557,0.28752198884119956,0.0
2017-08-08,-0.002178672080418462,0.0,9.76288034410323e-06,-0.002188434960762565,1.0011538977012047,0.28846363258166874,0.0
2017-08-09,-0.008545580227610322,0.0,9.794608736700678e-06,-0.008555374836347022,1.001919288393376,0.28691285061422656,0.0
2017-08-10,-0.012869098476983802,0.0,1.0050653943868986e-05,-0.012879149130927671,1.0144670953848747,0.28076935748243875,0.0
2017-08-11,-0.00010946046895393539,3.288055286405818e-05,9.59224083675285e-06,-0.00015193326265474643,1.000000000038381,0.29976641895542316,0.16310961960190262
2017-08-14,0.01032976026736659,0.0,2.886758888005386e-05,0.010300892678486535,1.0021471560120738,0.29970249326409665,0.0
2017-08-15,0.0024441143154236566,0.0,9.395163217145763e-06,0.002434719152206511,0.9927181210222232,0.30687120617058233,0.0
2017-08-16,0.005996822838858927,0.0,9.309052531592847e-06,0.005987513786327335,0.9881248884811192,0.3085640536748414,0.0
2017-08-17,-0.009720254340459233,0.0,9.165582067103151e-06,-0.009729419922526336,0.9817761398160089,0.31268864891747883,0.0
2017-08-18,-0.0025347568815070258,5.505994873288303e-05,9.60824257310952e-06,-0.0025994250728130185,1.0000000000014306,0.2985982921644357,0.2500000000006175
2017-08-21,0.004277109706045716,0.0,2.9243695208837114e-05,0.004247866010836879,1.0084317193929178,0.2968351359778814,0.0
2017-08-22,0.004175050867848935,0.0,9.609481201134553e-06,0.0041654413866478,1.0013306992896829,0.29983857160686056,0.0
2017-08-23,-0.001079030034068637,0.0,9.602080041774267e-06,-0.0010886321141104112,1.0037043676284376,0.3027525245789161,0.0
2017-08-24,0.0020922218850566183,0.0,9.643184639340847e-06,0.0020825787004172774,1.0059547425797535,0.30200226390787166,0.0
2017-08-25,0.0033292644902519816,5.9643289607843566e-06,9.590193116191109e-06,0.003313709968175006,0.9999999999990195,0.29991590251706834,0.029407598638306803
2017-08-28,0.0012839722935515168,0.0,2.8590668641563293e-05,0.0012553816249099535,0.9979498895912253,0.30224361931318505,0.0
2017-08-29,0.00012031448149744722,0.0,9.473371328465362e-06,0.00011084111016898185,0.9947031333781191,0.3031470264001477,0.0
2017-08-30,0.0020258796962991017,0.0,9.45003721368099e-06,0.0020164296590854205,0.9930864467170705,0.3032337301183582,0.0
2017-08-31,-0.0008453769331025125,0.0,9.423163990992851e-06,-0.0008548000970935053,0.9925362853105488,0.3046453139680707,0.0
2017-09-01,-0.0007263300711057147,5.450569752793571e-05,9.589041096098217e-06,-0.0007904248097297487,1.0000000000117257,0.2999999999965559,0.24552276930986544
2017-09-05,-0.00017450907250786418,0.0,3.864194946395958e-05,-0.00021315102197182377,1.0047259881018529,0.29951041038459053,0.0
2017-09-06,0.0009280625899471192,0.0,9.534323114605244e-06,0.0009185282668325139,0.9954053060342776,0.29939971866809484,0.0
2017-09-07,0.003906192226296271,0.0,9.567221108122302e-06,0.0038966250051881484,0.9984593157468422,0.3000521748539141,0.0
2017-09-08,0.002528986020169989,0.0,9.490416574106184e-06,0.0025194956035958825,0.9955789625108615,0.3027785526011101,0.0
2017-09-11,0.0032507490775525,2.953325143597766e-06,2.8968486720899764e-05,0.0032188272656880025,1.0000000000384908,0.2951001564965967,0.014376020613755591
2017-09-12,-0.001979405141653987,0.0,9.695404819126032e-06,-0.0019891005464731134,1.005158198591403,0.29739364679520264,0.0
2017-09-13,-0.004474141564995172,0.0,9.79959805349319e-06,-0.004483941163048666,1.0113736793302261,0.29600302142522317,0.0
2017-09-14,-0.00022506350594885666,0.0,9.927505384599067e-06,-0.00023499101133345573,1.0175498590816017,0.29284196600586976,0.0
2017-09-15,0.004627082497813382,0.0,9.950524499685462e-06,0.004617131973313696,1.0190739694811417,0.29268568100410286,0.0
2017-09-18,-0.004298286998331654,2.4198895745942488e-05,2.8848496315993602e-05,-0.004351334390393589,0.9999999999807917,0.2980199229582806,0.1148533553529772
2017-09-19,0.003178002554565664,0.0,9.801541845008572e-06,0.003168201012720655,1.0105178573644695,0.29500530267884373,0.0
2017-09-20,-0.0016402786435258875,0.0,9.722800149098381e-06,-0.001650001443674986,1.0070059950296786,0.29724158414549695,0.0
2017-09-21,0.005432515118109537,0.0,9.752613504775356e-06,0.005422762504604761,1.008030640037441,0.29608985418884004,0.0
2017-09-22,0.00031231285992342275,0.0,9.519139303195208e-06,0.00030279372062022754,0.9947932730923732,0.29989610395912303,0.0
2017-09-25,-0.0034030415593404913,1.4706679682289871e-06,2.8955171226256047e-05,-0.0034334673985349762,1.0000000000031162,0.2954241668308857,0.00720063378974662
2017-09-26,-0.0010962801955776299,0.0,9.664699980652516e-06,-0.0011059448955582825,0.9985503232820504,0.2930272246944166,0.0
2017-09-27,-0.003431593975433393,0.0,9.696540619746161e-06,-0.003441290516053139,1.000101626738422,0.29225416149695227,0.0
2017-09-28,0.003115168016748088,0.0,9.842868102831271e-06,0.0031053251486452566,1.0083492935773868,0.28981992207070406,0.0
2017-09-29,0.003614875505848273,0.0,9.739942345223868e-06,0.003605135563503049,1.0030440386279458,0.2920282474266036,0.0
2017-10-02,0.004482455894221059,4.092527024661652e-05,3.6674340196546194e-05,0.0044048562837778965,1.0000000000059943,0.10759105522337045,0.19390127343318997
2017-10-03,0.0049258290098922585,0.0,1.2064435472997655e-05,0.004913764574419261,0.9922857979355333,0.11158200840670468,0.0
2017-10-04,-0.0017245572807777268,0.0,1.1963622147266431e-05,-0.0017365209029249933,0.9892825614189501,0.11593814466850097,0.0
2017-10-05,0.0022086494790597272,0.0,1.2027780021637766e-05,0.0021966216990380893,0.9924402082599213,0.11441226668036458,0.0
2017-10-06,0.0004216044132728544,0.0,1.2008909243769095e-05,0.00040959550402908535,0.9930156803992631,0.11636530560411917,0.0
2017-10-09,0.0028396907945549927,4.128181811481178e-06,3.6986301369915766e-05,0.002798576311373596,1.0000000000041989,0.10000000000291512,0.019989310293461654
2017-10-10,0.0008245859606016121,0.0,1.2207269585209913e-05,0.0008123786910164022,0.9936833689909335,0.10255268927060984,0.0
2017-10-11,0.0006985533980759463,0.0,1.226677469371872e-05,0.0006862866233822276,0.9987679145465427,0.10329336190507624,0.0
2017-10-12,-0.005177749104250423,0.0,1.2277084764175765e-05,-0.005190026189014599,1.0001477837730623,0.10392059598823158,0.0
2017-10-13,0.0017767956250201115,0.0,1.2468155228521606e-05,0.00176432746979159,1.0094333301777199,0.09925799849564276,0.0
2017-10-16,0.002139688138685027,2.7671282572722754e-06,3.698630136996515e-05,0.0020999347090577894,1.0000000000050222,0.10000000000253664,0.013600342435540695
2017-10-17,0.000883267321635428,0.0,1.2249726879771064e-05,0.0008710175947556569,0.99615571315238,0.10192565092909245,0.0
2017-10-18,0.002019147438527738,0.0,1.218993331888616e-05,0.002006957505208852,0.9925845800830563,0.10271944780436668,0.0
2017-10-19,-0.00310002427303924,0.0,1.2135447726424401e-05,-0.0031121597207656644,0.9904164943914083,0.104528810362427,0.0
2017-10-20,0.0012129652941554221,0.0,1.2212189842151218e-05,0.0012007531043132708,0.9932352926083019,0.10174543413126291,0.0
2017-10-23,-0.004777548050218293,1.5635675616720928e-06,3.671407010893501e-05,-0.0048158256878889,1.0000000000358142,0.10662429405172905,0.007772009354272774
2017-10-24,-0.00130416743633446,0.0,1.2360107941884387e-05,-0.0013165275442763445,1.0046274754127151,0.10233959565515496,0.0
2017-10-25,0.0012616380390636165,0.0,1.2428295226600521e-05,0.0012492097438370161,1.0084341710348377,0.10116861949299938,0.0
2017-10-26,-0.0010385162152890086,0.0,1.2323536980761255e-05,-0.00105083975226977,1.001920659897407,0.10230246030183549,0.0
2017-10-27,0.008070089818117536,0.0,1.2335808730534878e-05,0.008057754009387002,1.001884505533288,0.1013704682042417,0.0
2017-10-30,-0.0023302216972092243,5.0321321178172506e-05,3.632618266295575e-05,-0.0024168692010503525,1.000000000026627,0.11606288856137029,0.2499999999986134
2017-10-31,0.005090341068638589,0.0,1.2145759653086242e-05,0.005078195308985503,1.0006486644703774,0.1140082097950818,0.0
2017-11-01,-0.00019512865436743592,0.0,1.2013749075828276e-05,-0.0002071424034432642,0.9955004835003944,0.11849680096493048,0.0
2017-11-02,-0.00020352533234181919,0.0,1.2018192524152391e-05,-0.00021554352486597157,0.9956542369435581,0.11832618268043366,0.0
2017-11-03,-0.0027540608360472093,0.0,1.205251064247383e-05,-0.002766113346689683,0.9979814003116578,0.11814812341106826,0.0
2017-11-06,-0.004379408477018286,1.0475696559504956e-05,3.437006789531827e-05,-0.00442425424147311,1.000000000162185,0.1636616813761071,0.05182796852535412
2017-11-07,-0.0055165756827945285,0.0,1.1669773215892328e-05,-0.005528245456010421,1.0118835545811984,0.15999010982105832,0.0
2017-11-08,0.0017790091635044426,0.0,1.1800325488851831e-05,0.0017672088380155909,1.0167560096238086,0.15533224893762507,0.0
2017-11-09,-0.0046929294018688275,0.0,1.1761031220011212e-05,-0.004704690433088838,1.015389378555219,0.1568340994944008,0.0
2017-11-10,-0.00140584833248502,0.0,1.1871324895777666e-05,-0.0014177196573807978,1.0194670480194041,0.1528603306276346,0.0
2017-11-13,0.0031521676006936216,4.254228240660369e-06,3.43499137701978e-05,0.0031135634586827634,1.0000000000005123,0.16415209825903246,0.02071324205565117
2017-11-14,0.0033579675094326097,0.0,1.131036487108571e-05,0.003346657144561524,0.9924416058600904,0.16678497027083336,0.0
2017-11-15,-0.0021118374509806045,0.0,1.1136680250507815e-05,-0.0021229741312311125,0.9825530852531383,0.1695754269660679,0.0
2017-11-16,0.0072799106376567595,0.0,1.1151015935496241e-05,0.0072687596217212635,0.9818440300421318,0.16781986675090604,0.0
2017-11-17,-0.0017372116595027202,0.0,1.1056540769108206e-05,-0.0017482682002718285,0.9809636799544178,0.17383620380951892,0.0
2017-11-20,0.005771511335426686,3.3336220939029034e-06,3.43683899113601e-05,0.005733809323421424,1.0000000000425329,0.1637025121994372,0.016410737027907796
2017-11-21,0.0058580473097328755,0.0,1.1290481294401882e-05,0.005846756828438474,0.9927129662493974,0.16850783175806003,0.0
2017-11-22,0.002548177165982349,0.0,1.1197057689394609e-05,0.0025369801082929543,0.9907375414735818,0.1733523301477757,0.0
2017-11-24,0.008297911046534542,0.0,2.2218094180638416e-05,0.008275692952353903,0.9864158180968297,0.17545538050352752,0.0
2017-11-27,-0.007189852393997594,0.0,3.249898971832841e-05,-0.007222351383715923,0.9730538369792545,0.18224508716659638,0.0
2017-11-28,5.867201931843667e-05,3.728517907454899e-06,1.1470673223123814e-05,4.3472828187857954e-05,0.9999999999992917,0.16264085471125317,0.01816153396921949
2017-11-29,-0.004498631303821805,0.0,1.1619028408123457e-05,-0.004510250332229928,1.0108815278224825,0.16269245402947002,0.0
2017-11-30,0.009099592190761395,0.0,1.1753854462095613e-05,0.009087838336299298,1.016941924815422,0.15891054908244212,0.0
2017-12-01,-0.003001140461679019,0.0,1.1425721593034596e-05,-0.0030125661832720537,1.000574719353906,0.16649704306238086,0.0
2017-12-04,0.003464866225202661,0.0,3.44640260415717e-05,0.003430402199161089,1.002614566805884,0.1639899331276392,0.0
2017-12-05,0.0013387238910817347,2.4132141863414314e-06,1.1479416142125375e-05,0.001324831260753268,0.9999999999980532,0.1620026216229008,0.011959372411328488
2017-12-06,-0.00043452405004657804,0.0,1.1360915205884459e-05,-0.0004458849652524625,0.9924720421366351,0.16312523210706947,0.0
2017-12-07,0.010208195144316463,0.0,1.1321819230909019e-05,0.010196873325085554,0.9892560856136119,0.16276328175725369,0.0
2017-12-08,0.002054418602372287,0.0,1.0988701029107045e-05,0.00204342990134318,0.9734006871700364,0.17122551204522207,0.0
2017-12-11,0.0013569695028970616,0.0,3.2949686040355464e-05,0.0013240198168567063,0.974702260977827,0.17292656732917713,0.0
2017-12-12,0.005493785524607247,5.053466005490024e-05,1.2388005823316471e-05,0.0054308628587290304,0.9999999999949848,0.09567557489288259,0.2499999999994681
2017-12-13,0.00173878705913357,0.0,1.2159500434375129e-05,0.0017266275586991949,0.9882664230038054,0.10062289129442112,0.0
2017-12-14,-0.002125380665116767,0.0,1.2149337017869104e-05,-0.002137530002134636,0.9890868448022102,0.10218524249776562,0.0
2017-12-15,0.005246524840003677,0.0,1.2151270570547144e-05,0.00523437356943313,0.9873169525955514,0.10027420094561015,0.0
2017-12-18,-4.489041420919007e-05,0.0,3.612432017266122e-05,-8.101473438185129e-05,0.98399639116171,0.10497126696028697,0.0
2017-12-19,-0.0005234072179191033,5.072870781798744e-05,1.2690155939933318e-05,-0.000586826081677024,1.0000000000187017,0.07361861640356965,0.2500000000083165
2017-12-20,0.00274576503838908,0.0,1.2644138594566179e-05,0.002733120899794514,0.996160245950378,0.07313812854704696,0.0
2017-12-21,0.003821393328300247,0.0,1.2524191755161538e-05,0.0038088691365450855,0.9899430571605482,0.07567705903375596,0.0
2017-12-22,-0.0017916212203444334,0.0,1.2411263460767214e-05,-0.0018040324838052007,0.9852190347428049,0.07919680210679847,0.0
2017-12-26,-0.0015535019395438601,0.0,5.003101618251898e-05,-0.001603532955726379,0.9906111200511796,0.07754507472020844,0.0
2017-12-27,-0.004754920839464858,7.6586870273381e-06,1.2328767123607241e-05,-0.004774908293615804,1.0000000000300042,0.10000000000667544,0.03792014487935544
2017-12-28,-0.00938261290126867,0.0,1.2536120918429373e-05,-0.009395149022187098,1.0108388747136823,0.09570204766833834,0.0
2017-12-29,-0.0026697759967832827,0.0,1.2949673134588076e-05,-0.0026827256699178707,1.0324642491237683,0.08713811029883892,0.0
2018-01-02,0.00047480632502649317,0.0,5.2129296269640137e-05,0.000422677028756853,1.0360552061470247,0.08469554922609238,0.0
2018-01-03,0.006654509113690152,0.0,1.320090129722645e-05,0.006641308212392926,1.0488001659055821,0.08513437120805156,0.0
2018-01-04,0.009861977449547607,9.008016158066907e-06,1.2328767123699746e-05,0.009840640666265839,1.0000000000197355,0.09999999998965409,0.04364840427075733
2018-01-05,0.00861105829254087,0.0,1.2023373668318506e-05,0.008599034918872551,0.9864976781479233,0.10879140036067242,0.0
2018-01-08,-0.00022453377199676617,0.0,3.5401612191067515e-05,-0.00025993538418783366,0.9778407479185157,0.11640151793587294,0.0
2018-01-09,-0.006498386706506223,0.0,1.1831975281735362e-05,-0.0065102186817879585,0.9799413860912721,0.11620719052459058,0.0
2018-01-10,0.0013559266834281426,0.0,1.2098376660951854e-05,0.0013438283067671907,0.9936092086236552,0.11042771237416976,0.0
2018-01-11,-0.004249464288730167,2.6760373213919226e-06,1.2348833658273591e-05,-0.004264489159709832,1.0000000000614935,0.09853514300752123,0.013098479676743408
2018-01-12,0.0006519772846619643,0.0,1.2622366762351621e-05,0.0006393549178996127,1.0161222546356543,0.09468948098398591,0.0
2018-01-16,0.003929130074847917,0.0,5.0888159940938e-05,0.0038782419149069793,1.023989459108818,0.09528054018669938,0.0
2018-01-17,-0.0028760531599199973,0.0,1.252493270951757e-05,-0.002888578092629515,1.0131464853789198,0.09882639758413728,0.0
2018-01-18,0.002666906094721798,0.0,1.2782928303379433e-05,0.0026541231664184185,1.0293820735515766,0.09622830740487781,0.0
2018-01-19,0.004904294133674359,5.643452994529325e-06,1.2328767122914334e-05,0.004886321913556915,1.0000000000041895,0.10000000003144321,0.027505921290900653
2018-01-22,0.004241159211618966,0.0,3.6634880289486014e-05,0.00420452433132948,0.9958429442550397,0.10439419054421328,0.0
2018-01-23,-0.002994757118913471,0.0,1.2158496135835051e-05,-0.003006915615049306,0.9957507201181066,0.10818050220214798,0.0
2018-01-24,0.0012113430843358859,0.0,1.2346842591243646e-05,0.0011989962417446422,1.0068224928129987,0.1055029836522125,0.0
2018-01-25,-0.0029316679916903555,0.0,1.2300809946289812e-05,-0.0029439688016366455,1.0045456559669486,0.10658652988779241,0.0
2018-01-26,0.0023857764406831697,2.8871853325491092e-06,1.2328767122821845e-05,0.0023705604882277988,0.9999999999905069,0.10000000002451215,0.0142922170073142
2018-01-29,-0.005531034930435409,0.0,3.725626481166479e-05,-0.005568291195247074,1.0087127492081305,0.10214363879095376,0.0
2018-01-30,-0.004996120123833345,0.0,1.2512294458302e-05,-0.005008632418291647,1.0105510787590573,0.09715358330301122,0.0
2018-01-31,0.012148763441392435,0.0,1.2563595765070413e-05,0.012136199845627364,1.0097638604235901,0.09262136957344991,0.0
2018-02-01,0.001210873555281185,0.0,1.2121033530425986e-05,0.0011987525217507591,0.9883493157467858,0.10351386802568871,0.0
2018-02-02,-0.011611743709641228,6.110365410268287e-06,1.2397153945044915e-05,-0.011630251228996542,1.0000000000851772,0.09500776209689837,0.030376494097584958
2018-02-05,-0.01577766658524173,0.0,3.7613901257536856e-05,-0.015815280486499265,0.9996489454109411,0.08437734814421083,0.0
2018-02-06,0.010802745708113232,0.0,1.2575293681667835e-05,0.010790170414431564,0.9876984776156768,0.06970203885392476,0.0
2018-02-07,-0.005393748087236066,0.0,1.2490146458285272e-05,-0.005406238233694351,0.9914260886088457,0.07964539715402089,0.0
2018-02-08,-0.017526121236847693,0.0,1.2506154326052636e-05,-0.017538627391173747,0.9876045189525571,0.07465525315071445,0.0
2018-02-09,0.011308029393572104,8.74698338525716e-06,1.270923243649974e-05,0.011286573177750347,1.0000000000367797,0.07222603217229873,0.0435011991735503
2018-02-12,0.010218509041325069,0.0,3.734608162820386e-05,0.010181162959696866,0.9913564235899256,0.08260177063696494,0.0
2018-02-13,0.0003291653947478093,0.0,1.2277507982136691e-05,0.0003168878867656726,0.9881428683975241,0.09188478570154585,0.0
2018-02-14,0.010464326433292478,0.0,1.2303982399879615e-05,0.010452022450892598,0.9903754540604132,0.09218473886920128,0.0
2018-02-15,0.008117550448478462,0.0,1.2158451323323304e-05,0.008105391997155138,0.9891542194485837,0.10158727284598257,0.0
2018-02-16,-0.00010097758544767269,5.261495536814142e-05,1.2595606856526221e-05,-0.00016618814767234031,0.9999999999438312,0.08052069941741702,0.2500000000481255
2018-02-20,-0.004657377771629375,0.0,5.0370338835925166e-05,-0.0047077481104653,0.9996917726136526,0.0804330888580182,0.0
2018-02-21,-0.002239559707244443,0.0,1.2689090934817922e-05,-0.002252248798179261,1.0024377696413356,0.07613413139962724,0.0
2018-02-22,0.0007486577850242054,0.0,1.272589026451967e-05,0.0007359318947596857,1.003051365648168,0.07406137633823212,0.0
2018-02-23,0.007415779249526835,0.0,1.2723100070130222e-05,0.007403056149456705,1.003541324639604,0.07475501952009805,0.0
2018-02-26,0.006934315411279231,5.301812230784023e-05,2.770529954301394e-05,0.006853591989428377,1.000000000078527,0.3258377111985209,0.25000000006362155
2018-02-27,-0.011471983164698883,0.0,9.16964253198306e-06,-0.011481152807230865,0.9998907722257617,0.3305068673909983,0.0
2018-02-28,-0.00853407097427774,0.0,9.297383535024709e-06,-0.008543368357812765,1.0014493131578317,0.3227403151010281,0.0
2018-03-01,-0.007711764682515064,0.0,9.394698229565071e-06,-0.0077211593807446285,1.0027267258322554,0.3169137550740052,0.0
2018-03-02,0.004282878066961089,0.0,9.475205360993749e-06,0.004273402861600095,1.0032979565073032,0.3116079651547597,0.0
2018-03-05,0.006972982563625146,1.780926879955247e-05,2.5729614015102293e-05,0.006929443680810491,1.0000000000068343,0.3739127256393452,0.08657636979184782
2018-03-06,0.0029111723590061435,0.0,8.517064402032579e-06,0.0029026552946041107,1.000010246687971,0.3782645453395924,0.0
2018-03-07,-0.002164720001614671,0.0,8.48101872953389e-06,-0.0021732010203442047,0.9991868655051959,0.380072498249222,0.0
2018-03-08,-0.001531487441306321,0.0,8.496020387967547e-06,-0.0015399834616942885,0.9989403248095297,0.3787308364878986,0.0
2018-03-09,0.012697157086516508,0.0,8.536894649804026e-06,0.012688620191866704,1.0009744351680543,0.3777811257323605,0.0
2018-03-12,-0.0005390655801845324,5.04430519619718e-05,3.539333706388156e-05,-0.0006249019692103857,0.9999999999903193,0.13876213143586805,0.25000000001484424
2018-03-13,-0.005498560955901406,0.0,1.1810720732933804e-05,-0.00551037167663434,1.0004921092360946,0.1383094957319269,0.0
2018-03-14,-0.00041266319261280897,0.0,1.1873030935678232e-05,-0.0004245362235484872,1.0002780857359186,0.13354682743140797,0.0
2018-03-15,-0.00046114969559894184,0.0,1.1886674305606141e-05,-0.000473036369904548,1.0009179328284499,0.1331907085192015,0.0
2018-03-16,0.0018840587594529982,0.0,1.19068638470593e-05,0.0018721518956059389,1.0019934352816906,0.13279237444636177,0.0
2018-03-19,-0.003832985008691317,5.030906855396887e-05,3.681784959809042e-05,-0.003920111926843377,1.0000000000370939,0.10409899315022739,0.25000000002777256
2018-03-20,0.003693727959754611,0.0,1.22994199528104e-05,0.0036814285398018005,0.9985182655505817,0.10066060899542237,0.0
2018-03-21,0.007170257291096764,0.0,1.2269177133280663e-05,0.007157988113963483,0.999621503768352,0.10397157303886367,0.0
2018-03-22,-0.0119580230798803,0.0,1.2154835465587352e-05,-0.011970177915345888,0.9976549214965869,0.11035193250871017,0.0
2018-03-23,-0.0009601956802905653,0.0,1.232624270787657e-05,-0.0009725219229984418,0.999401688897222,0.0995859712222325,0.0
2018-03-26,0.009158205351107231,2.3279671886831276e-05,3.687674897889464e-05,0.009098048930241505,0.9999999999749299,0.10266577482182696,0.11382203481859633
2018-03-27,-0.010356271896944116,0.0,1.2149294391808652e-05,-0.010368421191335925,0.9977142634513405,0.11081577284930871,0.0
2018-03-28,-0.005662975073360464,0.0,1.232204398337407e-05,-0.005675297117343838,1.0010212311214906,0.1015120203351832,0.0
2018-03-29,0.005392504482327923,0.0,1.242908699151797e-05,0.005380075395336405,1.0037194722753457,0.09639612189453395,0.0
2018-04-02,-0.009330580313758888,0.0,4.947582167802299e-05,-0.009380056135436911,1.004177672043325,0.10124392641940563,0.0
2018-04-03,0.0022284447135187406,5.053542456839985e-05,1.1913410539150587e-05,0.00216599587841119,1.0000000000114369,0.1303210306534441,0.2500000000095321
2018-04-04,0.0014815460028327855,0.0,1.1905689231290962e-05,0.0014696403136014945,1.0013783081507555,0.13226299426651517,0.0
2018-04-05,0.0007629829762397199,0.0,1.1914404733388849e-05,0.000751068571506331,1.0032998178818846,0.13354827234449868,0.0
2018-04-06,-0.00863894229824933,0.0,1.1909768556379729e-05,-0.008650852066805709,1.0036235586824416,0.13421045406672139,0.0
2018-04-09,0.006050404677059635,0.0,3.5982747462105986e-05,0.006014421929597529,1.0022474800158674,0.1266672917712884,0.0
2018-04-10,0.012796265606473244,6.18926196079537e-07,1.1929710891979027e-05,0.012783716969385185,1.0000000000028733,0.12913110488840437,0.0030912448938141546
2018-04-11,0.002555481476443863,0.0,1.175825264204938e-05,0.002543723223801814,0.9984883555199142,0.1401359126503096,0.0
2018-04-12,0.0024430560381696496,0.0,1.1735067741207519e-05,0.0024313209704284423,0.9989892927678319,0.14232934765968283,0.0
2018-04-13,-0.0012731400046321992,0.0,1.1667988280462714e-05,-0.001284807992912662,0.996184413711158,0.1444212692373798,0.0
2018-04-16,-0.0008081166399860332,0.0,3.5103970969094426e-05,-0.0008432206109551276,0.997528910611114,0.14333228369648326,0.0
2018-04-17,0.0030256114687721627,5.41834501783728e-05,1.5050032874922108e-05,0.002956377985718868,1.0000000000800373,-0.09865239978927659,0.250000000067029
2018-04-18,0.007876837711974814,0.0,1.5026672853965095e-05,0.007861811039120849,1.0016022056199616,-0.09534491271949022,0.0
2018-04-19,0.0008986745955497338,0.0,1.4897432897455963e-05,0.0008837771626522778,1.000726819922527,-0.08678578159175865,0.0
2018-04-20,-0.005894483399381859,0.0,1.476693897842154e-05,-0.00590925033836028,0.9921752764683653,-0.085811268956407,0.0
2018-04-23,-0.000287996029084201,0.0,4.473288345091016e-05,-0.00033272891253511113,0.9962492780374348,-0.09225088593471265,0.0
2018-04-24,-0.008967012715480638,4.768469552588774e-05,1.2628747152982072e-05,-0.009027326158159509,0.999999999995028,0.07810145782733668,0.23122800759796336
2018-04-25,-0.00026593878443336507,0.0,1.2800071942488387e-05,-0.0002787388563758535,1.0041694813679762,0.06976422956632405,0.0
2018-04-26,0.002736464405323237,0.0,1.2815574620808342e-05,0.0027236488307024287,1.005054615376192,0.06951766805718285,0.0
2018-04-27,0.001421613733664066,0.0,1.2862376293930761e-05,0.0014087513573701354,1.0110113415803,0.0720578721233544,0.0
2018-04-30,-0.0002967348479918038,0.0,3.842729064622132e-05,-0.0003351621386380251,1.008440189543767,0.07337611715238154,0.0
2018-05-01,-0.0057964030528972295,2.530380688469542e-05,1.1022568373746965e-05,-0.0058327294281556715,1.0000000000206932,0.19535250873716467,0.1256474363921636
2018-05-02,0.0010461007438247664,0.0,1.1189690965089745e-05,0.0010349110528596766,1.0075156622843169,0.19066822183276544,0.0
2018-05-03,0.004492020289593332,0.0,1.1122515896722223e-05,0.0044808977736966096,1.0034597808874821,0.19151612042675975,0.0
2018-05-04,0.007071529884307253,0.0,1.1023041198074345e-05,0.007060506843109179,0.9998157737169839,0.1951337662575566,0.0
2018-05-07,-0.0012221490943878205,0.0,3.285787142211384e-05,-0.0012550069658099343,1.000329171618356,0.20078763368025282,0.0
2018-05-08,-0.0003229633330595257,4.381489921040199e-05,8.219178082843386e-06,-0.0003749974103527711,1.0000000000442937,0.3999999999967264,0.21562003243421168
2018-05-09,0.0063746539335124515,0.0,8.242968541117879e-06,0.006366410964971333,1.0015636742438896,0.39982697074228457,0.0
2018-05-10,0.0026435363441651306,0.0,8.185326592262397e-06,0.0026353510175728683,1.001160779115816,0.403631937880661,0.0
2018-05-11,-0.003365401734296609,0.0,8.251400337255892e-06,-0.0033736531346338647,1.0075598345573287,0.4052076099376485,0.0
2018-05-14,0.0008636759329870501,0.0,2.485637192513359e-05,0.0008388195610619165,1.0080408570035244,0.4032024734919404,0.0
2018-05-15,-0.005329282079513761,5.0296167729377175e-05,1.1465578323865208e-05,-0.0053910438255670035,1.0000000000250513,0.1630127823828911,0.25000000001791084
2018-05-16,0.003755275279984546,0.0,1.1551218009285988e-05,0.0037437240619752604,1.0017771012933243,0.1585381866154471,0.0
2018-05-17,-0.0033322250739807116,0.0,1.1486243493030936e-05,-0.0033437113174737427,1.0001839210836279,0.16168814609236953,0.0
2018-05-18,-0.0013959293503714985,0.0,1.1586006299182064e-05,-0.0014075153566706806,1.0046656537672145,0.15888719392692394,0.0
2018-05-21,0.005069514150380337,0.0,3.479965729424769e-05,0.005034714493086089,1.004504909222313,0.15771324839561954,0.0
2018-05-22,-0.004775698367039716,5.0458039092307486e-05,1.4847371628414137e-05,-0.004841003777760438,0.9999999999907077,-0.08385812888352431,0.2500000000122737
2018-05-23,-0.0020184551172008226,0.0,1.5021910391629844e-05,-0.0020334770275924523,1.0075344673795035,-0.08906499120947528,0.0
2018-05-24,-0.002853028220656789,0.0,1.5123373582306284e-05,-0.002868151594239095,1.0127372316858732,-0.09126903982248558,0.0
2018-05-25,-0.009988523139918732,0.0,1.5190526966275592e-05,-0.010003713666885008,1.014515667632574,-0.09439280090554432,0.0
2018-05-29,-0.0027407680884540585,0.0,6.148741711922229e-05,-0.0028022555055732807,1.016709286062243,-0.10543607636356397,0.0
2018-05-30,0.0077750600990667265,5.139907525815085e-05,1.4751511357355924e-05,0.007708909512451219,0.9999999999593562,-0.07686032912762625,0.24999999999122752
2018-05-31,-0.006942737071506013,0.0,1.4584631961870697e-05,-0.006957321703467884,0.9961213621327523,-0.06855677108380863,0.0
2018-06-01,-0.0050264712052997375,0.0,1.4772533792626105e-05,-0.005041243739092364,1.002366504233265,-0.07602846262844073,0.0
2018-06-04,-0.00010009924310507232,0.0,4.455294385257714e-05,-0.00014465218695764945,1.0026560118559988,-0.08146562189004497,0.0
2018-06-05,0.00343934413262109,0.0,1.4766502429419786e-05,0.00342457763019167,0.9963771558476023,-0.08157752150004165,0.0
2018-06-06,0.0008999390017686318,5.0445263803441144e-05,1.6438356164711613e-05,0.0008330553818004791,1.0000000000345473,-0.19999999998940043,0.25000000004527834
2018-06-07,-0.0004966339582237936,0.0,1.6405683387961623e-05,-0.0005130396416117552,0.9986805496541852,-0.19893433766701332,0.0
2018-06-08,0.0010159071142664552,0.0,1.6494718208057657e-05,0.0009994123960583975,1.004581089049658,-0.19953334013855137,0.0
2018-06-11,-0.0005674689479696812,0.0,4.9278555581872044e-05,-0.0006167475035515532,1.000792288831767,-0.19831923032711926,0.0
2018-06-12,0.00044744611974287984,0.0,1.64866213597404e-05,0.0004309594983831394,1.0045139214119838,-0.1990094378490655,0.0
2018-06-13,0.0009722927203352723,1.3274420579137353e-06,1.643835616437637e-05,0.0009545269221129821,0.9999999999855721,-0.20000000001390286,0.006569448621641605
2018-06-14,-0.002625859169681974,0.0,1.6439520725186372e-05,-0.0026422986904071607,1.001247101784371,-0.19883791115423416,0.0
2018-06-15,-0.013182299166173791,0.0,1.6528350884266065e-05,-0.013198827517058058,1.0045721064764546,-0.20199750807496816,0.0
2018-06-18,0.00704600568829531,0.0,5.050968128548423e-05,0.006995496007009825,1.0110109952161164,-0.21805791606399982,0.0
2018-06-19,-0.0019924989878051923,0.0,1.662773940994429e-05,-0.0020091267272151366,1.0042789449799912,-0.20954603194594185,0.0
2018-06-20,0.0032244684757876444,5.3620444291689795e-05,1.645451125877981e-05,0.003154393520237175,1.0000000000034397,-0.20117932188748613,0.2500000000036401
2018-06-21,-0.0022870197825655405,0.0,1.6349665245595443e-05,-0.002303369447811136,0.996193173527229,-0.19733238940123826,0.0
2018-06-22,0.011564284287524852,0.0,1.6417066270460398e-05,0.011547867221254391,0.9983655697834758,-0.200080267960133,0.0
2018-06-25,-0.005646361733541426,0.0,4.868239330263931e-05,-0.0056950441268440654,0.998241025346979,-0.18636387835057766,0.0
2018-06-26,0.0060968463154615115,0.0,1.6326191223229162e-05,0.006080520124238283,0.9987019491826807,-0.19311001011304824,0.0
2018-06-27,0.000381929418332937,5.081616765021755e-05,1.5515081534175566e-05,0.00031559816914854385,1.000000000045284,-0.13260095194953245,0.25000000004158207
2018-06-28,0.0029027980174123474,0.0,1.5572787606733385e-05,0.002887225229805614,1.004636187676624,-0.13217730761491328,0.0
2018-06-29,0.004257796727082384,0.0,1.5519372499704115e-05,0.00424227735458268,1.004011852967716,-0.12890233951068467,0.0
2018-07-02,-0.0031409786217263627,0.0,4.6321936949411624e-05,-0.003187300558675774,1.003049132631944,-0.12411799980373876,0.0
2018-07-03,-0.001865083132776415,0.0,1.5484730561051652e-05,-0.0018805678633374667,1.002719442975218,-0.12766588798155257,0.0
2018-07-05,0.0016208074225020955,5.0262437864823725e-05,2.4545729169229614e-05,0.001545999255468042,0.9999999999708291,0.1040808852939484,0.2500000000167058
2018-07-06,0.004661795214092469,0.0,1.2276457774237178e-05,0.004649518756318232,1.0017199477466099,0.10553853022729587,0.0
2018-07-09,0.0044344132385700135,0.0,3.671924109679249e-05,0.004397693997473221,1.0031918516045857,0.10969031824930171,0.0
2018-07-10,-0.00026030901703079644,0.0,1.2157302240987684e-05,-0.0002724663192717841,1.0011081069090153,0.11362504331691424,0.0
2018-07-11,-0.015647246664681896,0.0,1.2152471826757426e-05,-0.015659399136508653,1.0005260741433186,0.11339563079002628,0.0
2018-07-12,0.0048617448347580946,5.102759187916905e-05,1.1511298424778159e-05,0.004799205944454147,1.0000000000466172,0.15967521503781154,0.25000000003532874
2018-07-13,-0.000371563437946072,0.0,1.1463314363057592e-05,-0.00038302675230912956,1.0005730331967018,0.16375108469349778,0.0
2018-07-16,-0.005066139745045917,0.0,3.445795716976313e-05,-0.005100597702215681,1.0019190817590524,0.16344212396148317,0.0
2018-07-17,0.0025507989631744447,0.0,1.1517558065957925e-05,0.0025392814051084867,0.9999696766613657,0.15918793784643728,0.0
2018-07-18,0.002773234558405087,0.0,1.1476959399066015e-05,0.002761757599006021,0.9991471130163945,0.1613290768845754,0.0
2018-07-19,-0.00045469608802865824,5.14179858196366e-05,8.176166576937351e-06,-0.0005142902404252323,1.000000000106055,0.40313983998962855,0.2500000000913274
2018-07-20,0.00032008968525339154,0.0,8.197944530423423e-06,0.0003118917407229681,1.001342298224773,0.4028923475038631,0.0
2018-07-23,0.0026485135193489626,0.0,2.450686235131958e-05,0.002624006656997643,0.9994203683198251,0.40308671777104854,0.0
2018-07-24,0.00016058439587476116,0.0,8.11139050907638e-06,0.0001524730053656848,0.9968048728475063,0.4046733656849307,0.0
2018-07-25,0.005272660060974798,0.0,8.125674964226813e-06,0.005264534386010571,0.9979465056304719,0.40477223324191447,0.0
2018-07-26,0.00018763381773308566,5.0529911488418465e-05,7.4128197323688596e-06,0.00012969108651229833,1.0000000001132452,0.45886415965031857,0.2500000001112614
2018-07-27,-0.006933951154581921,0.0,7.394012663906492e-06,-0.006941345167245827,0.9987551907275133,0.45899226626233935,0.0
2018-07-30,-0.00199266280403581,0.0,2.2360360674519357e-05,-0.002015023164710329,0.9993202510999202,0.45521814135328265,0.0
2018-07-31,0.0007737915651449518,0.0,7.457777741973535e-06,0.0007663337874029782,0.9985583575067707,0.4541405823427025,0.0
2018-08-01,-0.001001224991854637,0.0,7.473666818988899e-06,-0.001008698658673626,1.0001437023907773,0.45456602460458756,0.0
2018-08-02,0.006480745793846083,5.295119519864518e-05,1.0230391418474498e-05,0.006417564207228963,1.0000000000254818,0.2531814264768435,0.25000000002083334
2018-08-03,-0.0012662637105922382,0.0,1.0141198106427789e-05,-0.0012764049086986659,0.9983138614043835,0.25800639963515504,0.0
2018-08-06,0.0025493187657756196,0.0,3.058840738681194e-05,0.0025187303583888076,1.001386172191455,0.25706825911236436,0.0
2018-08-07,0.0020475625211069303,0.0,1.0168489547754187e-05,0.002037394031559176,1.0012650510658532,0.25896531407979756,0.0
2018-08-08,-0.002486263348362035,0.0,1.0133957262235192e-05,-0.00249639730562427,1.0002610519219637,0.26048217177879474,0.0
2018-08-09,0.001534342751650963,5.2226223714857306e-05,1.022073445384932e-05,0.0014718957934822564,1.0000000000040559,0.2538863848730555,0.2500000000030917
2018-08-10,0.001663936773691128,0.0,1.0189506332761563e-05,0.0016537472673583665,0.9988792897716353,0.25504532748004133,0.0
2018-08-13,0.0016801448048042868,0.0,3.032638706327987e-05,0.0016498184177410069,0.994227518125855,0.25628543291937816,0.0
2018-08-14,0.0023038583269353735,0.0,9.99973757978997e-06,0.0022938585893555836,0.9875215256877701,0.2575406823631023,0.0
2018-08-15,-0.0027251340587753237,0.0,1.0015919266151403e-05,-0.002735149978041475,0.9904119646051237,0.2592498581760713,0.0
2018-08-16,-0.0007196413728467725,5.161657758381884e-05,1.146128766895848e-05,-0.0007827192380995498,1.0000000000081184,0.1633260001741494,0.2500000000073441
2018-08-17,-0.0036255743884037552,0.0,1.1567763995808047e-05,-0.0036371421523995633,1.0071805053192862,0.1627337336252989,0.0
2018-08-20,0.0013303844967900913,0.0,3.516149459709426e-05,0.001295223002192997,1.0152853392528811,0.15968897072358712,0.0
2018-08-21,0.001398511658205608,0.0,1.167545730963554e-05,0.0013868362008959724,1.0131194526281635,0.16081106902476922,0.0
2018-08-22,0.0013427799865839561,0.0,1.1669075443333895e-05,0.0013311109111406223,1.0138274414757222,0.16198493411234802,0.0
2018-08-23,0.004685822536372625,1.0870406964399091e-05,1.1536733025771187e-05,0.004663415396382454,1.0000000000075255,0.15781848912622892,0.05393600872480983
2018-08-24,-0.002881894590555798,0.0,1.135402489235663e-05,-0.002893248615448155,0.9905938213446721,0.16175000420263805,0.0
2018-08-27,3.213804307966052e-05,0.0,3.460303769929694e-05,-2.4649946196364167e-06,1.0013363389590297,0.15932908827613776,0.0
2018-08-28,0.005391962697834194,0.0,1.160015831237922e-05,0.005380362539521815,1.0061731759484345,0.15936161914475117,0.0
2018-08-29,0.0010698738197472996,0.0,1.1403041071245211e-05,0.0010584707786760543,0.9962938898563424,0.1638718916554419,0.0
2018-08-30,0.0023321891939806975,5.1140664152814994e-05,1.1438209995775046e-05,0.0022696103198321074,1.0000000000920433,0.1650106704004649,0.2500000000720135
2018-08-31,-0.00025516096603269485,0.0,1.1318772825246544e-05,-0.0002664797388579414,0.9932343328093644,0.16696391656636697,0.0
2018-09-04,0.0019897684671481407,0.0,4.5420528880916955e-05,0.0019443479382672238,0.9956778440241127,0.16675319194737803,0.0
2018-09-05,-0.0037304842851913667,0.0,1.1229651992939308e-05,-0.003741713937184306,0.988180097564854,0.16841550208028433,0.0
2018-09-06,-0.002266650356304921,0.0,1.1295340671334405e-05,-0.0022779456969762558,0.9898634053482971,0.16530353634088552,0.0
2018-09-07,-0.0015406914946269274,5.22094143740742e-06,1.1325244892025487e-05,-0.0015572376809563603,0.9999999999334545,0.17325712281559397,0.025995372292515966
2018-09-10,0.00036448926391747556,0.0,3.4066594789116175e-05,0.0003304226691283594,1.0009380582133716,0.17198425167821133,0.0
2018-09-11,0.003544753676211705,0.0,1.1375135215404029e-05,0.003533378540996301,1.0026766825462918,0.17229181182179767,0.0
2018-09-12,-0.0035795001082063876,0.0,1.1290081773793988e-05,-0.0035907901899801817,0.999393425386288,0.1752174558993268,0.0
2018-09-13,0.00434312780082977,0.0,1.1417612194485006e-05,0.004331710188635285,1.0057421829127282,0.17225649271532292,0.0
2018-09-14,0.0036234732837941205,5.111114650485851e-05,1.227722621135802e-05,0.003560084911077904,1.0000000000871603,0.10376248665802489,0.25000000007312473
2018-09-17,-0.0035737957556624114,0.0,3.6489370378437287e-05,-0.0036102851260408487,0.9949130255515678,0.10700501300959378,0.0
2018-09-18,0.002037183306470106,0.0,1.22174977538874e-05,0.0020249658087162187,0.9956833224966324,0.10380598646285216,0.0
2018-09-19,-0.0029763485394715392,0.0,1.2184306647010351e-05,-0.0029885328461185497,0.9950836593326243,0.10562927410086859,0.0
2018-09-20,0.0003468629450503575,0.0,1.2283501206991459e-05,0.00033457944384336603,0.9996562148867515,0.10296062677637509,0.0
2018-09-21,0.0004562782491533365,4.107544665708361e-06,1.2328767123466737e-05,0.0004398419373641614,1.0000000000273306,0.10000000001425885,0.020375884206414147
2018-09-24,-0.00025444536741263163,0.0,3.687675956773655e-05,-0.00029132212698036817,0.9977465956201039,0.10041211280518117,0.0
2018-09-25,-0.0017454052528776953,0.0,1.2273922218041412e-05,-0.0017576791750957368,0.9961831760022192,0.10018685408519604,0.0
2018-09-26,0.0004861109803350107,0.0,1.2345054516060231e-05,0.0004737659258189505,0.9998037616533598,0.09861478198096289,0.0
2018-09-27,0.00428568574114991,0.0,1.2282199251268192e-05,0.004273403541898642,0.9956545099106463,0.0990539645680683,0.0
2018-09-28,-0.004122986054091259,3.472321322392924e-05,1.215292624947321e-05,-0.004169862193564662,0.9999999999916988,0.11283638378015469,0.170050559119736
2018-10-01,-0.0005029501806624646,0.0,3.699621315345818e-05,-0.0005399463938159228,1.0094098025440015,0.10916861580985256,0.0
2018-10-02,-0.008367252154569058,0.0,1.2331964600083151e-05,-0.00837958411916914,1.0089577867672808,0.10872437096121064,0.0
2018-10-03,0.0033707690428305096,0.0,1.2611202191266098e-05,0.0033581578406392436,1.0218229360554334,0.10120517609300818,0.0
2018-10-04,-0.0049666610520886206,0.0,1.2506026445146276e-05,-0.004979167078533767,1.0171658684806744,0.10422593798499628,0.0
2018-10-05,-0.006714765705968746,3.124022747474492e-06,1.2211660147692042e-05,-0.006730101388863913,0.9999999999867539,0.10854880920523487,0.015310962274558831
2018-10-08,0.0019399723137711695,0.0,3.7095049240340554e-05,0.001902877264530829,1.0051702388695118,0.1025240406878916,0.0
2018-10-09,-0.00010551462410767638,0.0,1.2252806780118961e-05,-0.00011776743088779535,0.9987205032947526,0.1042656083460686,0.0
2018-10-10,-0.012915568328398295,0.0,1.2251754362993435e-05,-0.012927820082761289,0.9985504303319043,0.10417236183338344,0.0
2018-10-11,-0.013800965709808165,0.0,1.2362573102655328e-05,-0.013813328282910821,0.9949198327730134,0.09245199627917451,0.0
2018-10-12,0.003928295177612362,5.3098685802673115e-06,1.2328767123283034e-05,0.003910656541908812,0.9999999999896415,0.0999999999899799,0.026426348313843245
2018-10-15,-0.005267521986882266,0.0,3.7009854072278474e-05,-0.005304531840954544,1.0040965662673962,0.1035234505086198,0.0
2018-10-16,0.011639911810424487,0.0,1.2497738069492848e-05,0.011627414072354994,1.0111147887709548,0.09877990969797706,0.0
2018-10-17,-0.0003051746612202149,0.0,1.2341112710263202e-05,-0.00031751577393047807,1.0100519091893934,0.10915068134017972,0.0
2018-10-18,-0.0061714340300399115,0.0,1.2330423961879147e-05,-0.006183764454001791,1.0090010270383123,0.10888007782113449,0.0
2018-10-19,-0.002030518070979342,1.1074556062951966e-06,1.231885144446582e-05,-0.002043944378030103,1.000000000016416,0.10072384457041125,0.005508026212097256
2018-10-22,3.976222272448365e-05,0.0,3.707084545848319e-05,2.6913772660004613e-06,1.0009527028154666,0.09889546332570913,0.0
2018-10-23,-0.005412393660602959,0.0,1.2347020675946e-05,-0.005424740681278906,1.0002674686211916,0.0989349592771334,0.0
2018-10-24,-0.015159203627440145,0.0,1.2493364953490707e-05,-0.015171696992393634,1.0060483100633077,0.09403266845848653,0.0
2018-10-25,0.011055922689692068,0.0,1.2673742602383549e-05,0.011043248947089685,1.0052717539264537,0.08008854395245489,0.0
2018-10-26,-0.010356498123605791,2.4102262517781737e-06,1.232876712329208e-05,-0.010371237116980863,1.0000000000010612,0.10000000000073929,0.011988918253161979
2018-10-29,0.000796080321091204,0.0,3.7590495447710443e-05,0.0007584898256434936,1.0052850151203117,0.09058295922602448,0.0
2018-10-30,0.008133548519253122,0.0,1.2388206026217832e-05,0.008121160313226905,0.9956488219203838,0.09130978200648206,0.0
2018-10-31,0.00786146192787686,0.0,1.2262302588017367e-05,0.007849199625288843,0.9937903299975988,0.09864224107233094,0.0
2018-11-01,-0.0013558663105890574,0.0,1.207524639482251e-05,-0.00136794155698388,0.9871672315798948,0.10567424475785168,0.0
2018-11-02,-0.005730127975387046,5.158401070845314e-05,1.2310885002921152e-05,-0.00579402287109842,1.0000000000461382,0.10130539483289412,0.2500000000442506
2018-11-05,0.002874305111936718,0.0,3.728232353777042e-05,0.0028370227883989475,1.0033354654526763,0.09613225936692944,0.0
2018-11-06,0.003553169626902319,0.0,1.2329254218526472e-05,0.003540840372683792,0.9987620331712845,0.098726475218852,0.0
2018-11-07,0.006515755585277642,0.0,1.222054798125028e-05,0.006503535037296392,0.994018769392941,0.10191876676167042,0.0
2018-11-08,-0.0011637274588974938,0.0,1.214944948489421e-05,-0.001175876908382388,0.9946436837372623,0.10773387133998494,0.0
2018-11-09,0.0006515991244365707,5.1965517944439814e-05,1.2101686887372408e-05,0.0005875319196047585,1.0000000000125044,0.11657685723431878,0.25000000001179373
2018-11-12,-0.00410266009352628,0.0,3.580313079266059e-05,-0.00413846322431894,0.9883691372962693,0.11715962134152832,0.0
2018-11-13,-0.01164996396895994,0.0,1.1908435035117686e-05,-0.011661872403995056,0.9828425452473977,0.11352678768380665,0.0
2018-11-14,-0.000540665225237214,0.0,1.2027909918796245e-05,-0.0005526931351560102,0.9811163409632994,0.10307891689117353,0.0
2018-11-15,0.0005178122971305622,0.0,1.2118698046836898e-05,0.0005056935990837253,0.987259912612467,0.10259495519337342,0.0
2018-11-16,-0.0020511004784379305,5.056792627818633e-05,1.2207913379058909e-05,-0.0021138763180951754,1.0000000000070846,0.10882232333578418,0.25000000000811695
2018-11-19,-0.0025475826470127056,0.0,3.700339970432529e-05,-0.002584586046717031,1.0074134616037258,0.10699740213181029,0.0
2018-11-20,-0.015244368989139027,0.0,1.2368059770587365e-05,-0.015256737048909615,1.0075888418253993,0.10472047857252167,0.0
2018-11-21,0.0037386900191703648,0.0,1.2503883026206407e-05,0.0037261861361441583,1.0036458338276482,0.09086237291458038,0.0
2018-11-23,-0.01085543727808777,0.0,2.50018771311133e-05,-0.010880439155218883,1.0068183856590671,0.09424987037343178,0.0
2018-11-26,0.006180596649181006,5.324409306601683e-05,2.8514198160038012e-05,0.006098838357954951,1.0000000000068743,0.3061545114459493,0.25000000000793443
2018-11-27,0.001452546594782631,0.0,9.421281959539943e-06,0.001443125312823091,0.9981953569429941,0.3104417738965783,0.0
2018-11-28,-0.0014550470931184584,0.0,9.382314659732588e-06,-0.001464429407778191,0.9963538366814146,0.3114448665209356,0.0
2018-11-29,0.0021365293464635743,0.0,9.439732516484707e-06,0.0021270896139470898,0.9995449171035975,0.3104444434002139,0.0
2018-11-30,-0.00035327099067331593,0.0,9.437599888039403e-06,-0.00036270859056135535,1.0008622881068086,0.31191749627993204,0.0
2018-12-03,0.008596560420962022,5.178951431553444e-05,2.2491997156187318e-05,0.0085222789094903,0.9999999999428761,0.4526947358089848,0.25000000002002515
2018-12-04,-0.009031391222185423,0.0,7.509484186606316e-06,-0.00903890070637203,1.005585608891307,0.4573932632690461,0.0
2018-12-06,-0.004565766105997894,0.0,1.535142016546225e-05,-0.004581117526163357,1.0127783725996466,0.45245153656027454,0.0
2018-12-07,-0.0013703095456964994,0.0,7.716078296650129e-06,-0.0013780256239931494,1.0132207463378404,0.44994703068238084,0.0
2018-12-10,-0.004416031194797913,0.0,2.3319378022785297e-05,-0.004439350572820698,1.016633922909476,0.4491957243550338,0.0
2018-12-11,0.002924571650313459,5.195986674509219e-05,1.0919438305571669e-05,0.002861692345262795,1.0000000000153733,0.2028810037086416,0.2500000000150606
2018-12-12,-0.001801944372450383,0.0,1.0879779128205633e-05,-0.0018128241515785886,0.9994421800691313,0.20521830371011993,0.0
2018-12-13,0.004177693960777593,0.0,1.0925421184527052e-05,0.004166768539593066,1.00134153360481,0.20378578713433515,0.0
2018-12-14,-0.004494318108260919,0.0,1.0882928299036975e-05,-0.004505201036559956,1.0015543069057233,0.20710054107602444,0.0
2018-12-17,-0.008623465584221278,0.0,3.2700517207712146e-05,-0.00865616610142899,0.9992357209969368,0.20352313560927432,0.0
2018-12-18,0.007539122502102916,5.565156502752895e-05,1.0933446371714912e-05,0.007472537490703673,1.0000000000203986,0.20185841488521028,0.25000000002125355
2018-12-19,-0.006664337614918941,0.0,1.087787288946544e-05,-0.0066752154878084065,1.0019291331557074,0.20784441222473068,0.0
2018-12-20,-0.004861308787072868,0.0,1.099237979984605e-05,-0.0048723011668727135,1.0049757448718037,0.20253201948304195,0.0
2018-12-21,0.0003647136283101148,0.0,1.1071130267725278e-05,0.0003536424980423895,1.006831047017834,0.198638537473889,0.0
2018-12-24,-0.01026141712450688,0.0,3.3096956738687145e-05,-0.010294514081245567,1.0042921806158964,0.19893289997450928,0.0
2018-12-26,-0.00143307714997293,5.046803930171076e-05,2.4754674279639628e-05,-0.0015082998635542802,0.9999999999499276,0.09645438874308108,0.24999999999668104
2018-12-27,0.0012629729460290858,0.0,1.2416465213997983e-05,0.0012505564808150877,1.0015668093433026,0.0951648487214499,0.0
2018-12-28,-0.01082343766943857,0.0,1.2457944084362511e-05,-0.010835895613522934,1.0057373020029252,0.09630738384446194,0.0
2018-12-31,-0.015319387651770693,0.0,3.8039467686405147e-05,-0.015357427119457099,1.0120474355193694,0.08642038848351076,0.0
2019-01-02,-0.0015181973008046407,0.0,2.5860130554617054e-05,-0.0015440574313592577,1.0161047252737252,0.07220996003020283,0.0
2019-01-03,-0.007288098086243932,5.198489261537836e-05,1.5068493152425944e-05,-0.007355151472011736,1.0000000000834959,-0.10000000004359835,0.2500000000703703
2019-01-04,0.0057768871053838705,0.0,1.531977580398442e-05,0.005761567329579886,1.0102605682430927,-0.10808306544776991,0.0
2019-01-07,-0.004702808899821061,0.0,4.5621842811284944e-05,-0.004748430742632346,1.0084113973342708,-0.10172011107366286,0.0
2019-01-08,0.0016019246964418497,0.0,1.5268675962791153e-05,0.0015866560204790586,1.007682672415894,-0.10693067286785998,0.0
2019-01-09,-0.0033963042856422617,0.0,1.5271788896122334e-05,-0.003411576074538384,1.0096786969952483,-0.10516189242168236,0.0
2019-01-10,0.0026470900825038505,5.0430669403229574e-05,1.1897791628449094e-05,0.0025847616214721716,1.0000000000171512,0.13146121114036743,0.250000000029338
2019-01-11,0.008059250352612448,0.0,1.1795101872864202e-05,0.008047455250739584,0.9948049936184945,0.13376255689940772,0.0
2019-01-14,0.022817675490657465,0.0,3.5147521188883596e-05,0.022782527969468582,0.995945962809577,0.14068961388007634,0.0
2019-01-15,-0.005566432173543989,0.0,1.1426496006499073e-05,-0.005577858669550488,0.99399936543536,0.15986515696092793,0.0
2019-01-16,-0.0037780747136067,0.0,1.149125399885556e-05,-0.0037895659676055555,0.9940257507311809,0.15516420881472512,0.0
2019-01-17,0.0006104511271774935,5.144185125062595e-05,1.1224087222717812e-05,0.0005477851887041498,1.0000000000083127,0.18064163274991263,0.25000000000522976
2019-01-18,0.00024379290540435536,0.0,1.1200036263836605e-05,0.00023259286914051875,0.9987554982884773,0.18115285102840525,0.0
2019-01-22,-0.006708814967781287,0.0,4.4824916827231555e-05,-0.006753639884608519,0.9994091942760959,0.18135446217911994,0.0
2019-01-23,-0.001959467933487231,0.0,1.1244051657674968e-05,-0.0019707119851449057,0.9966489320711892,0.17583316106091643,0.0
2019-01-24,0.004471039172402451,0.0,1.126061911644725e-05,0.004459778553286004,0.9962422202066826,0.1742170247060336,0.0
2019-01-25,-0.003894001344178772,5.059465875857302e-05,7.914773241331883e-06,-0.003952510776178676,1.000000000032031,0.4222215534148037,0.2500000000310192
2019-01-28,-0.005729759128352752,0.0,2.4152248164989997e-05,-0.005753911376517742,1.0076922627652674,0.41998755741717725,0.0
2019-01-29,-0.0009567621798055202,0.0,8.026147753105565e-06,-0.0009647883275586258,1.0025639813341831,0.416655195357477,0.0
2019-01-30,-0.004845309224976646,0.0,8.10995700484685e-06,-0.004853419181981493,1.0081267428402483,0.4160998814864282,0.0
2019-01-31,0.001752993857047827,0.0,8.233975817261594e-06,0.0017447598812305653,1.0143405323776418,0.4132602977175452,0.0
2019-02-01,-0.010379335894290308,5.242552142360465e-05,7.794127355215407e-06,-0.010439555543069128,1.0000000000079832,0.4310287030772584,0.2500000000086586
2019-02-04,-0.002100120396838508,0.0,2.4012057592036734e-05,-0.0021241324544305448,1.0093804888491975,0.4250870874429704,0.0
2019-02-05,0.005325872883506386,0.0,7.98143781311094e-06,0.005317891445693275,1.0065323203015115,0.4238873599444128,0.0
2019-02-06,-8.215575758343575e-05,0.0,7.852754536830827e-06,-9.000851212026657e-05,1.000193878566593,0.4269427973779426,0.0
2019-02-07,0.0021088414014738014,0.0,7.867853139997112e-06,0.0021009735483338045,1.00125234538992,0.42689906617013074,0.0
2019-02-08,0.0010622840092169052,5.079184125996014e-05,1.0958904108761096e-05,0.0010005332638481838,0.9999999999442875,0.20000000000472737,0.23226544475534894
2019-02-11,0.001625346084007428,0.0,3.28445083090914e-05,0.0015925015756983365,1.0000776844408374,0.20086131558627998,0.0
2019-02-12,-0.00517508747213721,0.0,1.0878360928381327e-05,-0.005185965833065591,0.9962850618164577,0.20216471404462075,0.0
2019-02-13,-0.0035667408195824498,0.0,1.1046658527613191e-05,-0.003577787478110063,1.004422606065618,0.19801653354985516,0.0
2019-02-14,-0.0007463799186411248,0.0,1.1178059972388231e-05,-0.000757557978613513,1.0111463687523619,0.19514799076802086,0.0
2019-02-15,-0.006606566891878725,5.142372755616777e-05,1.0999738607890086e-05,-0.006668990358042783,0.9999999999991753,0.19701908162319898,0.2500000000004643
2019-02-19,0.0007369288812071336,0.0,4.509562937595477e-05,0.0006918332518311788,1.0146861356029298,0.1916908994917553,0.0
2019-02-20,-0.003412882851126037,0.0,1.1312615540109319e-05,-0.0034241954666661464,1.018115726869378,0.19229479244139752,0.0
2019-02-21,-0.0028091117307589503,0.0,1.1427027165446849e-05,-0.0028205387579243973,1.0237038835179724,0.18953090044035253,0.0
2019-02-22,0.00021564240978490468,0.0,1.1448710463148595e-05,0.00020419369932175608,1.0230057982168548,0.18724993440700738,0.0
2019-02-25,0.005940041462298037,5.039606707593369e-05,3.329017655013306e-05,0.00585635521867197,1.0000000000000828,0.1899390372801784,0.25000000000181744
2019-02-26,-0.0006012223621912049,0.0,1.0849730961047462e-05,-0.0006120720931522524,0.9867689803642107,0.19473862020774588,0.0
2019-02-27,-0.006123546129821414,0.0,1.0908527957543924e-05,-0.006134454657778957,0.9905788376043927,0.1942562967036861,0.0
2019-02-28,-0.0013001208562275354,0.0,1.1074128088911225e-05,-0.0013111949843164466,0.9977053163147239,0.18929396582420444,0.0
2019-03-01,0.0026951937851556708,0.0,1.1095060358572254e-05,0.0026840987247970984,0.998180071359785,0.18824066518401056,0.0
2019-03-04,-0.0007786756229853447,5.049309847389679e-05,3.2806259506756474e-05,-0.0008619749809659979,1.0000000000229452,0.2017143520252044,0.25000000002240796
2019-03-05,-0.0006926668665578562,0.0,1.0995020467288677e-05,-0.0007036618870251448,1.0037455214643163,0.2011090273522431,0.0
2019-03-06,0.0027850037585626405,0.0,1.1032799981238263e-05,0.0027739709585814024,1.0059518837745318,0.2005574851441388,0.0
2019-03-07,0.0023928376866585344,0.0,1.0948129253950295e-05,0.002381889557404584,1.0019934186569204,0.20277998311854897,0.0
2019-03-08,0.002804460551433624,0.0,1.0895837425530357e-05,0.0027935647140080937,1.0000814151306319,0.20468528306691597,0.0
2019-03-11,0.000519252207127865,4.8833329245736304e-05,3.7582112448418355e-05,0.0004328367654337103,1.0000000000383442,0.08550193046016422,0.2175994900213407
2019-03-12,-0.0005153711595241769,0.0,1.2495735448898155e-05,-0.000527866894973075,0.998172653415288,0.08598396564572279,0.0
2019-03-13,-0.005819617434390136,0.0,1.2555966991451536e-05,-0.005832173401381587,1.0020993247315926,0.08551373435563055,0.0
2019-03-14,-0.0021561860665348467,0.0,1.2800177918725284e-05,-0.002168986244453572,1.014574621534708,0.08016163346776235,0.0
2019-03-15,0.003054520392669799,0.0,1.2844099770751723e-05,0.003041676292899047,1.0157942911829376,0.07817500791806178,0.0
2019-03-18,-0.004491593197532026,4.188713596858864e-05,4.205563599574121e-05,-0.004575535969496356,1.0000000001363751,-0.02335380909332741,0.20191795698543358
2019-03-19,-0.0005422467899945291,0.0,1.4196775131770541e-05,-0.0005564435651262997,1.0083911890507775,-0.0279733955684719,0.0
2019-03-20,-0.001110828799511655,0.0,1.4215781330695144e-05,-0.00112504458084235,1.0092205186023848,-0.028531518538360334,0.0
2019-03-21,0.002013973860557136,0.0,1.4318721210400998e-05,0.001999655139346735,1.0155909144978377,-0.0296757338614353,0.0
2019-03-22,0.009414059873805402,0.0,1.424742548086581e-05,0.009399812448324536,1.0124555036947278,-0.02760655640847636,0.0
2019-03-25,-0.0002767015929746234,2.716284503538203e-05,4.1720448582409174e-05,-0.0003455848865924146,1.0000000000240135,-0.015197582147943041,0.12921183735947406
2019-03-26,-0.0017838230867174675,0.0,1.394251778879967e-05,-0.0017977656045062673,1.0023241653141506,-0.015479633268225164,0.0
2019-03-27,0.004783547485839668,0.0,1.4018535601087306e-05,0.004769528950238581,1.0060585509810738,-0.017294547898299706,0.0
2019-03-28,0.0013316012422302827,0.0,1.3843322609030347e-05,0.0013177579196212523,0.9981109383710868,-0.012451612088128568,0.0
2019-03-29,0.0008328603314542112,0.0,1.3798516903614134e-05,0.000819061814550597,0.9961863573159616,-0.011105376647870174,0.0
2019-04-01,-0.008745512931116133,5.1258709888608674e-05,4.4464515898936445e-05,-0.008841236156903676,1.0000000000017812,-0.08196988687233898,0.250000000001626
2019-04-02,-0.0015819749731068903,0.0,1.5167804088099163e-05,-0.0015971427771949895,1.0157251081105954,-0.09152459032064375,0.0
2019-04-03,-0.0009024490719235811,0.0,1.526331287148117e-05,-0.0009177123847950622,1.020966331963891,-0.09325550765423435,0.0
2019-04-04,0.0001859458776568407,0.0,1.5284240434204276e-05,0.00017066163722263643,1.0215051056754423,-0.0942444460214699,0.0
2019-04-05,-0.0027026750749017925,0.0,1.5282213041565658e-05,-0.0027179572879433584,1.0215591013290857,-0.09404245070520734,0.0
2019-04-08,-0.004116930035524512,5.715058817362466e-05,3.603960107093204e-05,-0.004210120224769069,1.0000000000171048,0.12303637395775856,0.25000000000975225
2019-04-09,0.0010642144849779167,0.0,1.2141944447129735e-05,0.001052072540530787,1.0057841704910453,0.11942222585057452,0.0
2019-04-10,-0.0001092470672690474,0.0,1.2087987060934128e-05,-0.00012133505432998152,1.0027828685294176,0.12035981308122626,0.0
2019-04-11,0.0029025335262794585,0.0,1.2159685969714718e-05,0.0028903738403097436,1.0079222341826592,0.12026515839348481,0.0
2019-04-12,-0.001393659035195757,0.0,1.204021180550329e-05,-0.0014056992470012602,1.0017481790562945,0.12281271725455437,0.0
2019-04-15,0.00017385552659101626,8.105959674698952e-06,3.698630137124785e-05,0.00012876326554506944,1.0000000000360023,0.10000000000230455,0.040078785434578254
2019-04-16,-0.003155711243357761,0.0,1.2293782105841644e-05,-0.0031680050254636024,0.9976070522032416,0.10016095847680201,0.0
2019-04-17,0.0006238471641882543,0.0,1.2316465764803022e-05,0.0006115306984234513,0.9964155378383509,0.09731353700773032,0.0
2019-04-18,-0.00038299697514624953,0.0,1.2251263421233616e-05,-0.00039524823856748316,0.9922197588082675,0.0978775290582137,0.0
2019-04-22,-0.004937974688103853,0.0,4.923196917773333e-05,-0.004987206657281586,0.9960165193555086,0.09753308186187537,0.0
2019-04-23,0.002898326263131207,2.0381148235547037e-05,1.3386680042614438e-05,0.0028645584348530456,0.9999999999936326,0.022772356882778573,0.09270393720056527
2019-04-24,0.005205490590943934,0.0,1.3348278519099494e-05,0.0051921423124248346,1.0000216899123522,0.025597358018089118,0.0
2019-04-25,0.0016194828868192279,0.0,1.3181713380478133e-05,0.0016063011734387498,0.9929088187147996,0.03064374193989588,0.0
2019-04-26,0.007735350759019134,0.0,1.3106316742102583e-05,0.0077222444422770315,0.9889726056564867,0.03221148348299818,0.0
2019-04-29,-0.0030105740281089074,0.0,3.855278834337462e-05,-0.003049126816452282,0.9777585686094269,0.03964071892064442,0.0
2019-04-30,0.001479338681844849,3.6232329976482e-05,1.0958904109977845e-05,0.0014321474477583891,1.0000000000282145,0.19999999999983173,0.17584822090039642
2019-05-01,-0.0004324895893177354,0.0,1.094703210970554e-05,-0.00044343662142744093,1.0003245472219875,0.2011912032134829,0.0
2019-05-02,0.0032889685438202195,0.0,1.0948681431671761e-05,0.003278019862388548,1.0001015213958064,0.20084777688376781,0.0
2019-05-03,0.0032243902144574008,0.0,1.0813459410031504e-05,0.0032135767550473694,0.9928523044206653,0.20346976748836562,0.0
2019-05-06,0.0003927070562415568,0.0,3.226770282782898e-05,0.0003604393534137278,0.9912128266813598,0.20603205787085466,0.0
2019-05-07,-0.0010603859273746311,5.315664696366755e-05,1.2062520787514552e-05,-0.0011256050951258133,0.9999999999978335,0.11943598250927098,0.22195859008655117
2019-05-08,-0.0032922501531535107,0.0,1.2027701903509258e-05,-0.00330427785505702,0.9965312298620541,0.11850899090587828,0.0
2019-05-09,0.0024213238352741753,0.0,1.2142040620238293e-05,0.002409181794653937,1.0019676762909955,0.1155987110136002,0.0
2019-05-10,-0.00014192530084464506,0.0,1.2054335315827932e-05,-0.00015397963616047298,0.9977028645454136,0.1177363864899744,0.0
2019-05-13,-0.00011587362845867747,0.0,3.6319843881690915e-05,-0.00015219347234036838,1.0013954389178523,0.11761257113004021,0.0
2019-05-14,-0.0055263860255730796,5.190865427010459e-05,1.5068493150516087e-05,-0.005593363172993701,0.9999999999993904,-0.09999999998828396,0.25000000000000383
2019-05-15,0.0019025447349988345,0.0,1.5320607333815145e-05,0.0018872241276650195,1.0122843819150822,-0.10611995345342323,0.0
2019-05-16,-0.0030630630865134695,0.0,1.5257968782018594e-05,-0.003078321055295488,1.0098106234940971,-0.10402109759326021,0.0
2019-05-17,0.004586101499588331,0.0,1.539278616661637e-05,0.004570708713421715,1.0162585721873962,-0.10741481797559863,0.0
2019-05-20,-0.005407029238328636,0.0,4.559265619500496e-05,-0.005452621894523641,1.0070604459201722,-0.1023608548249486,0.0
2019-05-21,0.002349893219634811,3.459402939816932e-06,1.5068493150577507e-05,0.0023313653235444163,1.0000000000042926,-0.09999999998786538,0.016879578443787097
2019-05-22,0.007114162573567379,0.0,1.4983604319152314e-05,0.007099178969248226,0.9963801370830155,-0.09742297821510343,0.0
2019-05-23,0.00046787187849924093,0.0,1.4694839221469655e-05,0.0004531770392777713,0.9830510466394488,-0.08967221652783573,0.0
2019-05-24,-0.0037624209719485375,0.0,1.4671138400288575e-05,-0.003777092110348826,0.9818291656209813,-0.0891639376000846,0.0
2019-05-28,-0.0004167885507371114,0.0,5.93266176522895e-05,-0.0004761151683894009,0.989432091413159,-0.09327868074112422,0.0
2019-05-29,-0.002547806417118817,3.254948435680978e-06,1.5068493150554891e-05,-0.0025661298587050527,1.000000000006034,-0.09999999998447313,0.015665580038598276
2019-05-30,0.0034193206275101727,0.0,1.5168381451285114e-05,0.003404152246058888,1.0044802115373486,-0.10281163440646467,0.0
2019-05-31,0.009537042368263898,0.0,1.505924839235873e-05,0.00952198311987154,1.0002700175557377,-0.09905511508644932,0.0
2019-06-03,0.002766879638555596,0.0,4.39413218516208e-05,0.002722938316703975,0.9805651086984016,-0.08867372302437115,0.0
2019-06-04,-0.0010211075012200744,0.0,1.455847462447071e-05,-0.001035665975844545,0.9770950880186218,-0.08567355956774014,0.0
2019-06-05,0.0077260387154129044,3.8082110945437486e-06,1.5068493150677255e-05,0.007707162011167683,1.0000000000263058,-0.09999999997313391,0.018023966591904778
2019-06-06,-0.0013856487490794163,0.0,1.475196362445673e-05,-0.0014004007127038731,0.9853251145118723,-0.09156823007346894,0.0
2019-06-07,0.0008500281144682656,0.0,1.4824615305673287e-05,0.0008352034991625923,0.9891126832638961,-0.09308423405025373,0.0
2019-06-10,0.0001864833993127388,0.0,4.4466164832009205e-05,0.0001420172344807296,0.989852775022327,-0.09215723588989709,0.0
2019-06-11,-0.0037043675301255386,0.0,1.4802330046608695e-05,-0.003719169860172147,0.9886124004890869,-0.09195769291334753,0.0
2019-06-12,0.0018351137865131619,1.0798202438096397e-06,1.5068493150699012e-05,0.0018189654731186533,1.0000000000324625,-0.09999999996856535,0.0053092263536830275
2019-06-13,0.000926102312308926,0.0,1.4990935559229371e-05,0.0009111113767496967,0.9963516439782252,-0.09798665184551875,0.0
2019-06-14,-0.0037013155583485247,0.0,1.4976284046051166e-05,-0.003716291842394576,0.9962965383004959,-0.09697219706123893,0.0
2019-06-17,0.0003739772754422698,0.0,4.539391035163327e-05,0.0003285833650906365,1.0035361115458437,-0.10104904034389925,0.0
2019-06-18,0.003112667605624855,0.0,1.5109988757899216e-05,0.003097557616866956,1.0023871855431727,-0.10064199378347023,0.0
2019-06-19,0.004466450483018732,5.3434118613067844e-05,1.2339720048169206e-05,0.0044006766443574945,0.9999999999814742,0.09920043646512224,0.25000000000618594
2019-06-20,0.003903535856619201,0.0,1.2225331799833269e-05,0.003891310524819368,0.9956619026999177,0.10321268131208929,0.0
2019-06-21,0.001954415516015547,0.0,1.2120724532980259e-05,0.0019422947914825666,0.9915139013114739,0.10670101040391494,0.0
2019-06-24,-0.007257357367095848,0.0,3.600814049984759e-05,-0.007293365507595696,0.9846428796573594,0.10844479416106804,0.0
2019-06-25,0.00014181878997387778,0.0,1.2312934466139444e-05,0.00012950585550773833,1.0007750718098694,0.10193085578169013,0.0
2019-06-26,-0.0008852117775779061,1.846241278490196e-06,1.2336990034794235e-05,-0.0008993950088911905,1.0000000000127487,0.09939972747276953,0.009020187277197944
2019-06-27,-0.0014175209884377626,0.0,1.2346116889812752e-05,-0.0014298671053275755,0.999869731876492,0.09860319892016114,0.0
2019-06-28,0.0018211824687690075,0.0,1.2449664793091189e-05,0.0018087328039759164,1.0061503694139384,0.09732483951828187,0.0
2019-07-01,0.005247246969772677,0.0,3.7172065496154963e-05,0.005210074904276522,1.0034872775031538,0.09896701709671632,0.0
2019-07-02,0.002216206541108954,0.0,1.2186450553590459e-05,0.0022040200905553637,0.9932850045781527,0.10367411416604934,0.0
2019-07-03,-0.0033930865543266185,5.029479646700241e-05,1.2203508439799728e-05,-0.003455584859233421,1.0000000000469689,0.1091438839415886,0.2500000000400476
2019-07-05,-0.008711002946434518,0.0,2.475396496693161e-05,-0.00873575691140145,1.0096372166906615,0.10611749539765795,0.0
2019-07-08,0.00011267606363276859,0.0,3.787260270671093e-05,7.480346092605765e-05,1.0198315766884114,0.09826491082511221,0.0
2019-07-09,-0.0031093750237056565,0.0,1.2609573628034098e-05,-0.0031219845973336907,1.0188691033016934,0.09837022845520442,0.0
2019-07-10,-0.0031448617746306713,0.0,1.2719950352475898e-05,-0.0031575817249831473,1.0241155634745094,0.09555918774376854,0.0
2019-07-11,-0.00012598612866947267,1.6499120481327943e-05,1.2998956505678451e-05,-0.00015548420565647905,1.0000000000138096,0.05107617509928283,0.07954882063876967
2019-07-12,-0.004669579124942367,0.0,1.2930313218417594e-05,-0.004682509438160785,0.994870977096687,0.05095811215220302,0.0
2019-07-15,0.004175582307374491,0.0,3.939320559628652e-05,0.004136189101778204,1.0050743020552277,0.04650629921225589,0.0
2019-07-16,0.004311855364655346,0.0,1.2991428417872043e-05,0.004298863936237474,0.9988473896753876,0.0504731151707284,0.0
2019-07-17,-0.00039205855511712293,0.0,1.2793049093792612e-05,-0.00040485160421091553,0.9884430493533736,0.0545504655065128,0.0
2019-07-18,0.0004897398954029625,2.2222344631262006e-05,1.300298926527514e-05,0.00045451456150642533,1.0000000000448146,0.05078178367972947,0.10442341580114373
2019-07-19,0.000626664763227325,0.0,1.300844112266459e-05,0.0006136563221046604,1.0008644324626301,0.051248230508115056,0.0
2019-07-22,-0.0041229782769317104,0.0,3.888086221944437e-05,-0.0041618591391511545,0.9979440621098077,0.05184308143666135,0.0
2019-07-23,-0.00012076823040316778,0.0,1.3146840819543776e-05,-0.00013391507122271156,1.0076389173516171,0.04791953752492168,0.0
2019-07-24,0.004011802841931208,0.0,1.3135193269313746e-05,0.003998667648661894,1.0066742797873183,0.047805171127414836,0.0
2019-07-25,-0.0005840176015039582,5.149560144476127e-05,9.735982393811418e-06,-0.000645249185342531,1.000000000053145,0.28927328530491164,0.2500000000381045
2019-07-26,0.0043680669705585635,0.0,9.72026523868626e-06,0.004358346705319877,0.9984550269146824,0.2888756644905855,0.0
2019-07-29,0.002186594623790578,0.0,2.8700457004707077e-05,0.0021578941667858707,0.9903490067724385,0.2919712196578998,0.0
2019-07-30,-0.0011320207830488277,0.0,9.485344305140598e-06,-0.0011415061273539683,0.9859545539239848,0.2935244196487213,0.0
2019-07-31,-0.003300255130908856,0.0,9.538055550246432e-06,-0.0033097931864591026,0.9890046031818591,0.2927265480138695,0.0
2019-08-01,0.014251303859344427,1.0738069392502968e-06,9.650177244402732e-06,0.014240579875160773,0.999999999994984,0.29553706115358447,0.005330506877207708
2019-08-02,0.002941847999844248,0.0,9.272814945543325e-06,0.0029325751848987046,0.9823542312602975,0.30543874023563505,0.0
2019-08-05,0.007497899934796621,0.0,2.7601549891965257e-05,0.007470298384904655,0.9791165973302767,0.3074788832924554,0.0
2019-08-06,0.0026784161650271186,0.0,9.021866120003733e-06,0.002669394298907115,0.9712374864899113,0.312641259729639,0.0
2019-08-07,0.0016500856185921754,0.0,8.98735367294712e-06,0.0016410982649192284,0.9705570223555141,0.31448020423037437,0.0
2019-08-08,-0.002638303771613698,2.5870179813490084e-05,8.830184037907626e-06,-0.002673004135465096,1.0000000000586855,0.35539656529142866,0.12258169599842696
2019-08-09,-0.0035798810723827895,0.0,8.951554245692438e-06,-0.003588832626628482,1.007167172942961,0.3537037130074131,0.0
2019-08-12,0.006349271817278909,0.0,2.7158507791132293e-05,0.006322113309487776,1.0122419164228993,0.3513848935053467,0.0
2019-08-13,-0.007561943044163575,0.0,8.940203292926729e-06,-0.007570883247456502,1.0081215782693431,0.355486737885692,0.0
2019-08-14,0.006011602170648616,0.0,9.17998191071217e-06,0.006002422188737904,1.0207176669063178,0.35057898742432947,0.0
2019-08-15,5.6993733551990514e-05,5.1737098491828066e-05,1.0958904109023109e-05,-5.70226904886066e-06,0.9999999999579051,0.19999999999921822,0.25000000003996925
2019-08-16,0.0003774638842433565,0.0,1.1030576117354597e-05,0.0003664333081260019,1.005290191084964,0.2000581345180786,0.0
2019-08-19,-0.005495877796898654,0.0,3.300100347427106e-05,-0.005528878800372925,1.0033865969001672,0.20036217902623804,0.0
2019-08-20,0.000923188279579194,0.0,1.1159625400043463e-05,0.0009120286541791506,1.010602337482334,0.19594968327916126,0.0
2019-08-21,0.00229506419096461,0.0,1.1174671956666575e-05,0.0022838895190079433,1.0124445343042119,0.1966934814675519,0.0
2019-08-22,0.0015376864291015747,1.4288315860958225e-06,1.0958904109936213e-05,0.0015252986934055426,1.0000000000214186,0.19999999999607515,0.007087993174224094
2019-08-23,0.008116023474975755,0.0,1.0870626932716982e-05,0.008105152848043038,0.994786515514344,0.20123074942600416,0.0
2019-08-26,-0.005482863732503203,0.0,3.190476482345087e-05,-0.0055147684973266544,0.9840129048300799,0.20766362745944206,0.0
2019-08-27,0.0009724928061861991,0.0,1.0834808251015441e-05,0.0009616579979351837,0.9942429291123637,0.2033019267882365,0.0
2019-08-28,-0.0053652753413579325,0.0,1.0858137864842596e-05,-0.005376133479222775,0.9967222303272081,0.2040781661936986,0.0
2019-08-29,-0.006125701361377697,1.6755078893990307e-06,1.0958904109537498e-05,-0.0061383357733766335,0.9999999999940608,0.19999999999782336,0.008271569847448923
2019-08-30,0.005140266902729908,0.0,1.1179028226522998e-05,0.0051290878745033856,1.0111407748550014,0.1950717143188228,0.0
2019-09-03,-0.0006211367234735265,0.0,4.387232539724515e-05,-0.0006650090488707716,0.9998602550837671,0.199190316584043,0.0
2019-09-04,-0.013100551996185676,0.0,1.0995844535679192e-05,-0.013111547840721355,1.0013979691396664,0.1987013180350854,0.0
2019-09-05,-0.0030980810101672537,0.0,1.1533676747247035e-05,-0.0031096146869145007,1.030025012947414,0.18806661039838038,0.0
2019-09-06,-0.002735081721727461,2.3227444913450164e-05,1.0958904109844012e-05,-0.002769268070750755,1.000000000013596,0.19999999999498316,0.10871920967845042
2019-09-09,-0.012836532515420418,0.0,3.325762534169992e-05,-0.012869790140762118,1.0070815980227836,0.19781271470808542,0.0
2019-09-10,-0.003357388280719647,0.0,1.150435500636163e-05,-0.003368892635726009,1.0272057396289966,0.18738782416459746,0.0
2019-09-11,0.00487255074543623,0.0,1.1539258335833617e-05,0.004861011487100397,1.0270183688820729,0.18465251036621882,0.0
2019-09-12,-0.0014583944485772739,0.0,1.1338651410762419e-05,-0.0014697330999880363,1.0163297873037298,0.18860823431807328,0.0
2019-09-13,-0.008427335374435586,4.7525407001451804e-05,9.202840113722322e-06,-0.008484063621550759,0.9999999999731581,0.32819267167142857,0.22533229586358267
2019-09-16,-0.004465315739024986,0.0,2.8110869807709664e-05,-0.004493426608832696,1.0065326245157802,0.322501459194845,0.0
2019-09-17,0.0053594179760407265,0.0,9.624678091960979e-06,0.005349793297948766,1.022073166653476,0.31947166594032445,0.0
2019-09-18,0.002394552192347711,0.0,9.465547099170461e-06,0.0023850866452485406,1.0140874902883077,0.323102552048864,0.0
2019-09-19,0.004938691810116291,0.0,9.381422330083344e-06,0.004929310387786208,1.0095664427703959,0.324722612674312,0.0
2019-09-20,0.0053945936887486385,1.2086165422751134e-05,9.195610463224956e-06,0.005373311912862663,0.9999999999871948,0.3287204361717731,0.055563089300513735
2019-09-23,-0.000836868853322234,0.0,2.7303623768504733e-05,-0.0008641724770907387,0.9967174991292248,0.3323293207622764,0.0
2019-09-24,0.004706071357735534,0.0,9.14268424242044e-06,0.004696928673493113,0.9991951160296633,0.3317791663329711,0.0
2019-09-25,-0.004612888202771658,0.0,9.039791040525627e-06,-0.004621927993812183,0.9948169250320841,0.3349121790737133,0.0
2019-09-26,0.004193473795783286,0.0,9.105044593443489e-06,0.004184368751189843,0.9965012544201216,0.33183299909874675,0.0
2019-09-27,0.002947118719463995,2.249299882225991e-06,8.961209228691338e-06,0.002935908210353078,1.0000000000034062,0.34583172630893855,0.011205453162652021
2019-09-30,0.0035805845514097065,0.0,2.6586778360904155e-05,0.003553997773048802,0.9947027999877227,0.3477578598723883,0.0
2019-10-01,0.0026210827007387425,0.0,8.76021080950244e-06,0.0026123224899292402,0.9895895994734295,0.3500942103797512,0.0
2019-10-02,0.003266493654855612,0.0,8.700245167809373e-06,0.003257793409687803,0.9869141849762736,0.3517962877261892,0.0
2019-10-03,-0.0009030645614804406,0.0,8.604493646921125e-06,-0.0009116690551273617,0.982037852539076,0.35390981631383384,0.0
2019-10-04,0.001844509773861966,2.3045468590038086e-06,8.945157878788917e-06,0.0018332600691241734,1.000000000045007,0.3470034748934164,0.011194203002711532
2019-10-07,0.0009469636385187495,0.0,2.6790965796925462e-05,0.000920172672721824,1.0001231269230157,0.3482096258644963,0.0
2019-10-08,0.00011771509796597334,0.0,8.829288125625836e-06,0.0001088858098403475,0.9933736336868336,0.3488356005161476,0.0
2019-10-09,0.0008011452040886735,0.0,8.834182848380836e-06,0.0007923110212402927,0.9938106716183293,0.34891532368652817,0.0
2019-10-10,-0.001899984512238779,0.0,8.77422279662807e-06,-0.001908758735035407,0.9899578681949266,0.34943960404107727,0.0
2019-10-11,-0.006817748199221019,3.5244152268698366e-05,9.01745131365958e-06,-0.006862009802803377,1.0000000000594589,0.3417260541623095,0.1569720062496166
2019-10-14,0.001656084935474342,0.0,2.7572462291503736e-05,0.0016285124731828383,1.0081522446495779,0.33722232888965353,0.0
2019-10-15,-0.0038116533457783447,0.0,9.177058847283224e-06,-0.003820830404625628,1.0082527392152658,0.3383274433635902,0.0
2019-10-16,0.001646846322220982,0.0,9.247336919498499e-06,0.0016375989853014835,1.010854415483873,0.33579882036048264,0.0
2019-10-17,-0.0002662531033774496,0.0,9.210530171640471e-06,-0.0002754636335490901,1.0092626719899156,0.33689396946016137,0.0
2019-10-18,0.0012031835082807578,5.1317467661298525e-05,8.219178082638475e-06,0.0011436468625368207,1.0000000000019917,0.39999999996938296,0.2500000000009139
2019-10-21,-0.00028673109384648243,0.0,2.464453346107159e-05,-0.000311375627307554,1.0004285204138805,0.4007448728611385,0.0
2019-10-22,0.0011690890257533748,0.0,8.204273565938934e-06,0.0011608847521874359,0.9994948438243622,0.40058287351082006,0.0
2019-10-23,-0.0016482327722042995,0.0,8.187238632738664e-06,-0.0016564200108370381,0.9989545357936271,0.4012861156037046,0.0
2019-10-24,-0.0005189568395089503,0.0,8.259724865354364e-06,-0.0005272165643743047,1.0032608645052032,0.40030094933433485,0.0
2019-10-25,-0.003290441706969264,1.0461381303708197e-06,8.219178082490683e-06,-0.0032997070231821253,0.9999999999836091,0.39999999996178925,0.005163298447641074
2019-10-28,-0.0029955543808913095,0.0,2.4842133706595265e-05,-0.003020396514597905,1.0025148374641424,0.3980229172703244,0.0
2019-10-29,0.0011825428167205872,0.0,8.313307407529595e-06,0.0011742295093130576,1.0030955575805693,0.3962241168309089,0.0
2019-10-30,0.003527582032670649,0.0,8.2825331148111e-06,0.003519299499555838,1.001565477709459,0.3969405603282488,0.0
2019-10-31,0.004205598063207569,0.0,8.239957073426952e-06,0.004197358106134142,1.0005805839793787,0.39906371761921117,0.0
2019-11-01,-0.004364653334565984,7.921749957183389e-07,8.230729360759626e-06,-0.0043736762389224625,1.0000000000089573,0.3991567566735047,0.0039035717182545338
2019-11-04,-0.004400484912213992,0.0,2.51290215946372e-05,-0.0044256139338086295,1.0079992401539988,0.3965263813511603,0.0
2019-11-05,-0.006373918104317862,0.0,8.440744165969102e-06,-0.006382358848483831,1.0100433327272973,0.3938690086115529,0.0
2019-11-06,0.004896060513780796,0.0,8.540004500906446e-06,0.00488752050927989,1.0134044376024816,0.38998410903631103,0.0
2019-11-07,-0.005069605808140996,0.0,8.426247973509777e-06,-0.005078032056114506,1.0080756736508676,0.39295957158465394,0.0
2019-11-08,-0.0015870140799523035,5.4355512545519756e-05,1.155274869437824e-05,-0.0016529223411922015,1.000000000053104,0.15664934536349254,0.2500000000230549
2019-11-11,0.008575580477267733,0.0,3.4778415901489854e-05,0.008540802061366244,1.0015938485667755,0.15531906163052236,0.0
2019-11-12,-0.0012022208553864923,0.0,1.1273118137162044e-05,-0.0012134939735236542,0.9854443285237466,0.16250670451091742,0.0
2019-11-13,0.0002738290817534264,0.0,1.1322726750085241e-05,0.00026250635500334115,0.9880595162509256,0.16150046349470298,0.0
2019-11-14,0.0046863652351582935,0.0,1.1361888731036014e-05,0.004675003346427257,0.9911497143070821,0.16173183694145296,0.0
2019-11-15,-0.0011657968296759941,5.0919329778401674e-05,1.2264177810294234e-05,-0.0012289803372646899,1.0000000000339107,0.1047150198824315,0.2500000000330587
2019-11-18,0.009552342816561829,0.0,3.697403364890135e-05,0.009515368782912927,1.0033781250608622,0.10367663960426277,0.0
2019-11-19,0.004614565926777793,0.0,1.196484125207801e-05,0.0046026010855257145,0.9855951336717926,0.11216172227009796,0.0
2019-11-20,-0.003585491797096645,0.0,1.1790440659042935e-05,-0.003597282237755688,0.9769434440840296,0.11624127597389534,0.0
2019-11-21,-0.0042115753707492555,0.0,1.194318983077773e-05,-0.004223518560580033,0.984915359553438,0.11306250190666384,0.0
2019-11-22,-0.003327567869043208,4.273712727686451e-05,1.2217271995482312e-05,-0.003382522268315555,0.9999999999957321,0.1081391443255235,0.21178922691497565
2019-11-25,0.006605137860726583,0.0,3.709769563152283e-05,0.006568040165095061,1.0078779009154226,0.10516730721503399,0.0
2019-11-26,0.0045379277090395725,0.0,1.214012964963855e-05,0.004525787579389934,0.997272573896301,0.11104310947268671,0.0
2019-11-27,0.0035805949750111767,0.0,1.2017423954971583e-05,0.0035685775510562053,0.9923322474238648,0.11506029871093948,0.0
2019-11-29,0.011289617928976863,0.0,2.3786627948099473e-05,0.011265831301028763,0.9864309400508969,0.11821901994526615,0.0
2019-12-02,-0.003977208322350641,5.353099294339143e-05,2.764436497007066e-05,-0.004058383680264103,1.0000000000366742,0.32732045243162156,0.25000000003695905
2019-12-03,-0.006142377535186367,0.0,9.263297920275178e-06,-0.006151640833106642,1.0008815905536685,0.3246608423735808,0.0
2019-12-04,0.0024448054326020405,0.0,9.51474187940083e-06,0.00243529069072264,1.01506616143131,0.32049000423504925,0.0
2019-12-05,-0.0003423954816161558,0.0,9.457858204505763e-06,-0.0003518533398206616,1.0125739290184563,0.3221502800895356,0.0
2019-12-06,0.0047935622543633935,0.0,9.47828239164808e-06,0.004784083971971746,1.0138357682312966,0.32192115364098695,0.0
2019-12-09,0.00490603145949208,5.238724231968032e-05,3.562674657789358e-05,0.004818017470594506,1.0000000000452853,0.1330824999832083,0.2500000000189807
2019-12-10,-0.002156014214068314,0.0,1.1669816568197392e-05,-0.002167684030636511,0.989223497575078,0.1373268880966683,0.0
2019-12-11,0.004117146463327169,0.0,1.1759688190887986e-05,0.004105386775136281,0.9939217560901461,0.13546451815532315,0.0
2019-12-12,-0.007672303691429611,0.0,1.1643793455238692e-05,-0.007683947484884849,0.989007893049882,0.13901097081745747,0.0
2019-12-13,0.002798337937643238,0.0,1.1956203007775733e-05,0.0027863817346354624,1.0051585007975532,0.13235568122992478,0.0
2019-12-16,-0.005425717694437175,1.9642947554040518e-06,3.5541850269337784e-05,-0.005463223839461917,0.9999999999983796,0.1351483101111601,0.009674094370377029
2019-12-17,0.0021527455361661733,0.0,1.2090590967903084e-05,0.00214065494519827,1.0130483297079764,0.1304351890510513,0.0
2019-12-18,0.002533983898156316,0.0,1.2018254294858226e-05,0.002521965643861458,1.0096372793676256,0.13230471584297518,0.0
2019-12-19,0.0007847449041016145,0.0,1.1926371117717123e-05,0.0007728185329838973,1.0051245882248603,0.13449949663151017,0.0
2019-12-20,-0.0010139366557559933,0.0,1.1918752573970325e-05,-0.0010258554083299636,1.0052487100022804,0.1351797721024466,0.0
2019-12-23,0.006504387469783311,5.039403660741536e-05,3.699643877309459e-05,0.006416996994402801,0.999999999995786,0.09975332318381773,0.25000000000166733
2019-12-24,8.494908485816256e-06,0.0,1.2091649182028451e-05,-3.5967406962121953e-06,0.988270593097581,0.10558020280950409,0.0
2019-12-26,-0.0034652583245455225,0.0,2.4197621033676462e-05,-0.003489455945579199,0.9888022452237127,0.10558907749452207,0.0
2019-12-27,-0.00020230566873407122,0.0,1.2293608085228515e-05,-0.00021459927681929974,0.9999148138044908,0.102481423582809,0.0
2019-12-30,0.0027403891260599747,0.0,3.6918518110819135e-05,0.0027034706079491558,1.0006516790133342,0.10230107165006878,0.0
2019-12-31,0.00035249446208331314,5.1866028414287444e-05,9.080877942144737e-06,0.000291547555726881,1.0000000000085727,0.33709591023200675,0.25000000000657807
2020-01-02,0.008556912275800655,0.0,1.8141192298952137e-05,0.008538771083501703,0.9995035700230172,0.3373500511112643,0.0
2020-01-03,7.874561170998604e-05,0.0,8.886071735108782e-06,6.985953997487725e-05,0.9916615864347078,0.34297834977176667,0.0
2020-01-06,-0.0012613806634606652,0.0,2.6488379627044255e-05,-0.0012878690430877095,0.9875837021714752,0.34303313124673157,0.0
2020-01-07,-0.0014928174436948172,0.0,8.900581376042415e-06,-0.0015017180250708596,0.9919549158876404,0.3422124754365441,0.0
2020-01-08,0.002374595307653736,1.5006160836368568e-05,8.159703479518305e-06,0.002351429443337849,1.0000000000542795,0.4043416460494429,0.07271489716696541
2020-01-09,0.0025752424604746638,0.0,8.123305445997422e-06,0.002567119155028666,0.9987634179181023,0.4057621203602903,0.0
2020-01-10,-0.00500558788194221,0.0,8.122183965222238e-06,-0.0050137100659074325,1.0002112257101516,0.40729179624892836,0.0
2020-01-13,0.004222653185463823,0.0,2.4875044612764656e-05,0.004197778140851058,1.0096060703637635,0.40431331811982385,0.0
2020-01-14,-0.0006435039636895882,0.0,8.20778378177511e-06,-0.0006517117474713634,1.0059964128632881,0.4068281967937052,0.0
2020-01-15,0.004248057526699297,1.9817739215055067e-05,7.34504805836108e-06,0.004220894739425882,0.9999999999746977,0.4638114917143386,0.09565181000406364
2020-01-16,0.007300977299838666,0.0,7.219986858582921e-06,0.007293757312980083,0.9931512637053217,0.4660922230287685,0.0
2020-01-17,0.004811921137254476,0.0,7.048404841396512e-06,0.00480487273241308,0.9844989402733575,0.46996538685141237,0.0
2020-01-21,0.005930638967454061,0.0,2.7656319649944278e-05,0.005902982647804116,0.9772348057339239,0.47250697212244064,0.0
2020-01-22,0.0007141895811706357,0.0,6.711759672846464e-06,0.0007074778214977891,0.9655884317149609,0.4756299755971689,0.0
2020-01-23,0.00040896730005400523,7.078230447657736e-06,7.343883809688197e-06,0.0003945451857966593,1.000000000038751,0.4638964819315127,0.03424443905212013
2020-01-24,0.0015736354345028416,0.0,7.341345941355089e-06,0.0015662940885614865,1.0000405857187769,0.46412233199985553,0.0
2020-01-27,-0.004525953399219394,0.0,2.161820028872643e-05,-0.0045475715995081205,0.9910105649804647,0.46496769128812165,0.0
2020-01-28,0.002190390453804638,0.0,7.197190944363433e-06,0.0021831932628602743,0.9879401342209884,0.4625451952824576,0.0
2020-01-29,0.003983316470825298,0.0,7.256234266083074e-06,0.003976060236559215,0.9934282898195894,0.46372318839552507,0.0
2020-01-30,0.005553692426006803,8.261480987315553e-06,6.849315068422714e-06,0.005538581629951064,1.0000000000017415,0.5000000000068835,0.040221398545297424
2020-01-31,-0.005208656368485018,0.0,6.6952670629442954e-06,-0.005215351635547962,0.9915235605207182,0.5027690649257845,0.0
2020-02-03,0.005024473977888916,0.0,2.019825139652147e-05,0.005004275726492395,0.9916597495720625,0.5001689655900399,0.0
2020-02-04,0.0013910087315182468,0.0,6.64808582605224e-06,0.0013843606456921947,0.9879881660527703,0.5026779007509566,0.0
2020-02-05,0.0027946499443302865,0.0,6.7661831131806465e-06,0.002787883761217106,0.9973034282732574,0.5033720610110702,0.0
2020-02-06,0.0019021542107216824,2.3261753431567416e-06,6.84931506842778e-06,0.001892978720310098,1.000000000002561,0.5000000000073327,0.011583028063856885
2020-02-07,-0.0002958813018601117,0.0,6.8359108897323685e-06,-0.00030271721274984404,0.9999753541731515,0.5009538592226886,0.0
2020-02-10,0.009915019542017648,0.0,2.0455371671248723e-05,0.0098945641703464,0.9985569589352083,0.5008095816014894,0.0
2020-02-11,-0.0018021278089767816,0.0,6.579377903504108e-06,-0.0018087071868802857,0.9860153020317147,0.5057207150759148,0.0
2020-02-12,-0.0013155339642019785,0.0,6.64348622757617e-06,-0.0013221774504295547,0.9898061745676973,0.5048316799546368,0.0
2020-02-13,0.0002462698657027271,1.5372314101205035e-05,6.849315068391401e-06,0.00022404823653313064,0.9999999999905383,0.49999999999796635,0.07278482658893037
2020-02-14,0.00043533457831239727,0.0,6.830927047243931e-06,0.00042850365126515335,0.9987918901234242,0.5001342156746174,0.0
2020-02-18,-0.008705173551683614,0.0,2.7383676236561138e-05,-0.008732557227920174,1.0001072375630748,0.5003551462458341,0.0
2020-02-19,-0.0004753176207224126,0.0,7.138680536976329e-06,-0.00048245630125938894,1.017104835726769,0.4959811565274968,0.0
2020-02-20,0.002760430273528261,0.0,7.211405499590301e-06,0.002753218868028671,1.0221776156827913,0.4957450142126992,0.0
2020-02-21,-0.002435291505198172,1.4205547283905478e-05,6.849315068466073e-06,-0.0024563463675505437,0.9999999999969741,0.4999999999989507,0.06713036400608012
2020-02-24,-0.004536950129689192,0.0,2.0457938694059573e-05,-0.004557408068383252,0.9965997508310224,0.4987899092755726,0.0
2020-02-25,-0.006333826845485848,0.0,6.646005894971833e-06,-0.00634047285138082,0.9816742145197599,0.49651578418681597,0.0
2020-02-26,0.003126589716528235,0.0,6.615283492628836e-06,0.0031199744330356063,0.9762254695362447,0.49330977457433967,0.0
2020-02-27,-0.006885401701753761,0.0,6.506458903457703e-06,-0.006891908160657219,0.9698638128798405,0.49489231292742825,0.0
2020-02-28,0.011504746248051093,3.602403539101117e-05,8.405289604382418e-06,0.011460316923055701,1.000000000014626,0.38641385889470947,0.17047144847723308
2020-03-02,0.000809177471875254,0.0,2.4180462412043825e-05,0.0007849970094632102,0.981801253867363,0.39341000184096325,0.0
2020-03-03,-0.010094376813940417,0.0,8.395763899866315e-06,-0.010102772577840284,1.0068007258615623,0.3939099611713215,0.0
2020-03-04,0.01094574203240855,0.0,8.576645784822531e-06,0.010937165386623727,1.0138279025472625,0.38773276025521775,0.0
2020-03-05,-0.0004279936073076095,0.0,8.54852150088996e-06,-0.0004365421288084995,1.0184073337356192,0.39436526417065226,0.0
2020-03-06,0.01852002723964575,5.2987558286356e-05,1.1538840684336112e-05,0.018455500840675057,1.0000000000161662,0.15766463005963008,0.25000000000668604
2020-03-09,0.015867562356437517,0.0,3.2269439410953525e-05,0.015835292917026563,0.9582150289046212,0.1729920032380853,0.0
2020-03-10,-0.018101125502765512,0.0,9.660661493311152e-06,-0.018110786164258822,0.8911438275949447,0.1859155385832307,0.0
2020-03-11,-0.0026412098370772593,0.0,1.0492076851497033e-05,-0.0026517019139287563,0.936831332677672,0.1709097225183886,0.0
2020-03-12,-0.010007020209464444,0.0,1.0210997980400617e-05,-0.010017231207444844,0.9141187495174039,0.16871589694815897,0.0
2020-03-13,-0.0003172409803935889,5.1474900078840794e-05,1.1513917089666352e-05,-0.00038022979756209606,1.0000000000097164,0.15948405246407266,0.2500000000099305
2020-03-16,0.012166924030185367,0.0,3.5801439264586854e-05,0.01213112259092078,1.0303957099067151,0.15922735446843497,0.0
2020-03-17,0.019198052138987138,0.0,1.0852728463960467e-05,0.019187199410523176,0.9615891721377162,0.1693399942686021,0.0
2020-03-18,0.01371247007126207,0.0,1.0268058702712153e-05,0.013702202012559358,0.9345569179227254,0.18498863262473839,0.0
2020-03-19,-0.0256768352074768,0.0,9.351457776850212e-06,-0.02568618666525365,0.8786716796888874,0.19601526197882185,0.0
2020-03-20,0.01584795170671844,4.220678992459393e-05,1.0482984480149604e-05,0.015795261932313696,1.0000000000199727,0.2347421329690519,0.20723172211292973
2020-03-23,0.01377811836164453,0.0,2.9791429216998708e-05,0.013748326932427531,0.9716182738985863,0.2466934962849513,0.0
2020-03-24,0.0076892577250889885,0.0,9.854787106521365e-06,0.007679402937982467,0.9763385902415341,0.25693913146547454,0.0
2020-03-25,0.0012630644242446615,0.0,1.0075939979872028e-05,0.0012529884842647895,0.9981553067511523,0.2626116882204944,0.0
2020-03-26,0.016043690912619844,0.0,1.0120408687883218e-05,0.01603357050393196,1.0023343685935473,0.2635445343780725,0.0
2020-03-27,0.0038561087780715282,3.7102743307310916e-05,1.002320270069753e-05,0.00380898283206352,1.0000000000131275,0.268306202862208,0.18335763825873355
2020-03-30,0.007201498293797768,0.0,2.938604638937461e-05,0.007172112247408394,0.9861900458521099,0.27112958371066115,0.0
2020-03-31,-0.00032495621109589505,0.0,9.67392515039637e-06,-0.0003346301362462914,0.982545611395042,0.276349075416107,0.0
2020-04-01,0.005126628392817844,0.0,9.534326468094958e-06,0.005117094066349749,0.9721223482833496,0.2761165161124176,0.0
2020-04-02,-0.005173936336874653,0.0,9.26465893655148e-06,-0.005183200995811204,0.9561314260095909,0.2798113236413329,0.0
2020-04-03,-0.022124522723285054,1.995727092298886e-05,1.0776569668347505e-05,-0.02215525656387639,1.00000000003234,0.21331041424297184,0.09279517329923236
2020-04-06,0.0033576805140484558,0.0,3.48757293907137e-05,0.003322804784657742,1.0441603833906552,0.19551763488328835,0.0
2020-04-07,-0.012583452145631262,0.0,1.1763146305019336e-05,-0.012595215291936282,1.056926360330831,0.19821668006441978,0.0
2020-04-08,0.008710186033344678,0.0,1.2222557935474623e-05,0.008697963475409203,1.0802478720769726,0.18800114278732494,0.0
2020-04-09,0.01931358105206304,0.0,1.1926883153440131e-05,0.0193016541689096,1.0656775648513777,0.19501509465024833,0.0
2020-04-13,0.00026713874378703494,5.179704836480609e-05,3.8663899507132305e-05,0.00017667779591509653,1.0000000000178824,0.2943838340127178,0.25000000000328937
2020-04-14,0.013954557384994092,0.0,9.705675302085552e-06,0.013944851709692006,1.0031132207202376,0.2945989236679922,0.0
2020-04-15,0.011561228384804365,0.0,9.30775493645563e-06,0.01155192062986791,0.9837760346463047,0.3043099242850437,0.0
2020-04-16,-0.0037881498780876596,0.0,8.959541367618638e-06,-0.003797109419455278,0.9663104246618892,0.31226390482572874,0.0
2020-04-17,-0.00811971820025016,0.0,9.161443438222036e-06,-0.008128879643688382,0.9784369067008452,0.3096515357106367,0.0
2020-04-20,1.3602293960427597e-05,5.218064497865973e-05,2.6697466762601025e-05,-6.527581778083316e-05,1.000000000025682,0.35036164213572385,0.2500000000186005
2020-04-21,0.019968099056258324,0.0,8.972987809380073e-06,0.019959126068448945,1.0054262270380625,0.3503981169533172,0.0
2020-04-22,-0.002285554286481199,0.0,8.28573711048233e-06,-0.0022938400235916812,0.9679774934748445,0.36311868440963446,0.0
2020-04-23,0.006901975297658685,0.0,8.413159268924737e-06,0.00689356213838976,0.9758233531918843,0.3616627265603787,0.0
2020-04-24,0.00621715307133074,0.0,8.225973135958846e-06,0.006208927098194782,0.9665374118336656,0.36604137290867,0.0
2020-04-27,-0.0010223456751231657,2.3899542015234272e-05,2.2758374308680203e-05,-0.0010690035914470803,0.9999999999875968,0.4462128918097118,0.11296367210909834
2020-04-28,0.00038180573829175486,0.0,7.48811691540869e-06,0.0003743176213763462,0.9922995005463685,0.4456669657215342,0.0
2020-04-29,-0.0005790299925995003,0.0,7.518913781237076e-06,-0.0005865489063807374,0.9947625760491323,0.44588187001882573,0.0
2020-04-30,-0.012606578602731592,0.0,7.523602965212757e-06,-0.012614102205696805,0.9947872016723158,0.44556418521178465,0.0
2020-05-01,0.007837920851788586,0.0,7.823246390268757e-06,0.007830097605398318,1.0095857349882824,0.43848874849866326,0.0
2020-05-04,-0.008260910732151079,2.455430129191683e-06,2.2526984071179668e-05,-0.008285893146351449,1.0000000000288574,0.4518433876301522,0.01210207902936454
2020-05-05,-0.012032737396663383,0.0,7.815381154213134e-06,-0.012040552777817596,1.0178114872224613,0.44728866296490255,0.0
2020-05-06,0.0077456663717719995,0.0,8.234029044345528e-06,0.007737432342727654,1.0416446379710596,0.4405605177338362,0.0
2020-05-07,0.00744317307526924,0.0,7.845138155123423e-06,0.007435327937114117,1.0175591637213088,0.444864078397299,0.0
2020-05-08,-0.0035807663042784032,0.0,7.730405803920412e-06,-0.0035884967100823237,1.0132886432645885,0.4489690195783983,0.0
2020-05-11,-0.0008804890587613832,3.774245946015157e-06,2.2199135140789244e-05,-0.0009064624398481876,1.000000000000791,0.4598210449082526,0.01816331454743484
2020-05-12,0.011354011606708559,0.0,7.373799158732498e-06,0.011346637807549827,0.9976442842546942,0.459356945667222,0.0
2020-05-13,0.00838987351731376,0.0,7.048025637334778e-06,0.008382825491676425,0.9799357643803379,0.46542989285489933,0.0
2020-05-14,-0.0011496911919808986,0.0,6.842692174599587e-06,-0.0011565338841554981,0.9693973660569206,0.4698808373111508,0.0
2020-05-15,-0.0008140402185398847,0.0,6.96673366161546e-06,-0.0008210069522015001,0.9778454345570977,0.46927387725916925,0.0
2020-05-18,-0.01889449201119455,1.9850089131725307e-05,2.4935082497654725e-05,-0.01893927718282393,1.0000000000114608,0.3932463259018623,0.09053749276679626
2020-05-19,0.0015993722502152545,0.0,8.825167614439471e-06,0.001590547082600815,1.025815893712989,0.3815786578589076,0.0
2020-05-20,2.475190085043748e-05,0.0,8.834850505504571e-06,1.591705034493291e-05,1.0275136221527714,0.38256953525093756,0.0
2020-05-21,-3.4984419936868105e-05,0.0,8.848384657109061e-06,-4.383280459397717e-05,1.028520277445149,0.38258819747618744,0.0
2020-05-22,0.004199080584038169,0.0,8.806511255251559e-06,0.004190274072782918,1.0254453038048863,0.38256998217152255,0.0
2020-05-26,-0.009043658640491193,3.366972463664965e-05,3.3179183663705516e-05,-0.009110507548791547,1.0000000000021594,0.39447989813953366,0.14606245880568777
2020-05-27,0.004390150707646097,0.0,8.475727173539747e-06,0.004381674980472557,1.00770812880499,0.3889800451365885,0.0
2020-05-28,-0.0011959792892706424,0.0,8.320293053066004e-06,-0.0012042995823237084,0.9990354877694491,0.3916540948956309,0.0
2020-05-29,-0.001569272596909891,0.0,8.346101984490818e-06,-0.0015776186988943816,1.0001943559985829,0.39092891113075323,0.0
2020-06-01,-0.002031213425862743,0.0,2.541248725075406e-05,-0.002056625913113497,1.0083453932828221,0.38997487018114,0.0
2020-06-02,-0.004398766718741885,8.756947472184401e-06,8.282353762025482e-06,-0.004415806019976095,0.9999999999933982,0.39538817536553794,0.04104583850701835
2020-06-03,-0.0070419297094706295,0.0,8.38926978713546e-06,-0.007050318979257765,1.005140294344236,0.39272359988334754,0.0
2020-06-04,-0.004585360091326118,0.0,8.468632310147849e-06,-0.004593828723636266,1.0066303148136617,0.3884201561728688,0.0
2020-06-05,-0.010360094181155757,0.0,8.591698857914282e-06,-0.010368685880013672,1.0128002215695595,0.38560620494181674,0.0
2020-06-08,0.004063729328334004,0.0,2.651936900434331e-05,0.004037209959329661,1.024482330842215,0.3791776850698612,0.0
2020-06-09,0.0026465830372712097,7.455891063367879e-06,8.517849074266557e-06,0.002630609297133575,1.0000000000307325,0.3781970176092738,0.036557435698839694
2020-06-10,0.0044662351957517185,0.0,8.513483727825394e-06,0.004457721712023893,1.001328690624271,0.3798443784930173,0.0
2020-06-11,0.012279820949171572,0.0,8.489728998117775e-06,0.012271331220173454,1.0023552836380711,0.3826050667754737,0.0
2020-06-12,-0.0018263247976603313,0.0,8.116653003876763e-06,-0.001834441450664208,0.9826135368662514,0.3900978675832478,0.0
2020-06-15,-0.002262307153224393,0.0,2.4460592302789185e-05,-0.0022867677455271824,0.9841928592354716,0.38898511320093465,0.0
2020-06-16,-0.004179592428266574,1.9122661122989894e-05,9.516299085392962e-06,-0.004208231388474957,0.9999999999905147,0.30531016675682854,0.0879636782266214
2020-06-17,0.0025266293035583255,0.0,9.6224306827391e-06,0.0025170068728755865,1.0048405966248726,0.3024031567849183,0.0
2020-06-18,6.974766837576266e-05,0.0,9.560555133515366e-06,6.01871132422473e-05,1.0020847274464202,0.3041642026997984,0.0
2020-06-19,8.164433063846392e-05,0.0,9.600959957960593e-06,7.204337068050333e-05,1.0050857174380923,0.3042156405069689,0.0
2020-06-22,-0.0022625139913409675,0.0,2.895180366519528e-05,-0.002291465795006163,1.0087692530012018,0.30427536381478315,0.0
2020-06-23,0.0024316872668854847,3.298762389599959e-05,1.0182191637176797e-05,0.0023885174513523086,0.9999999999910257,0.25670001047711966,0.15819345093976078
2020-06-24,0.007490255128730675,0.0,1.0117730588079939e-05,0.007480137398142595,0.997108564919311,0.2585142319894754,0.0
2020-06-25,-0.00026581342053045036,0.0,9.832554452753429e-06,-0.0002756459749832038,0.9818059851564532,0.26402951010545284,0.0
2020-06-26,0.006461721250278156,0.0,9.86548333384806e-06,0.006451855766944308,0.9840167055036457,0.2638364221327374,0.0
2020-06-29,-0.007378901256522166,0.0,2.895747906333527e-05,-0.007407858735585501,0.9731973887111887,0.2685653981700305,0.0
2020-06-30,-0.0019183233507925424,2.400550549806518e-06,1.0114818872196117e-05,-0.001930838720214545,1.0000000000294351,0.2616182223591188,0.01169513566780861
2020-07-01,-0.0033006686387713783,0.0,1.0213398804911168e-05,-0.0033108820375762895,1.0057804204576362,0.26020230769912095,0.0
2020-07-02,-1.3526053586697e-05,0.0,1.0324825320383932e-05,-2.3850878907080934e-05,1.0114672839657657,0.25775503557773866,0.0
2020-07-06,-0.0005047241018715742,0.0,4.142557053713991e-05,-0.0005461496724087141,1.0137643193351118,0.25774765703230845,0.0
2020-07-07,0.001768920177106575,0.0,1.0421747576822618e-05,0.0017584984295297525,1.0181710759542506,0.2573835028461997,0.0
2020-07-08,0.0006379028642446325,5.0665434769940404e-05,1.1505884831392408e-05,0.0005757315446432998,1.0000000000204494,0.16007040732880348,0.2425753871482576
2020-07-09,0.005861990613691394,0.0,1.1546462205482705e-05,0.005850444151485911,1.003507579588441,0.1606158385882037,0.0
2020-07-10,-0.0015127883262838612,0.0,1.1352204702736706e-05,-0.001524140530986598,0.9942204682693012,0.1655095249695219,0.0
2020-07-13,0.004440153838373349,0.0,3.424482956913082e-05,0.004405909008804218,0.9975379251120201,0.16424707226317017,0.0
2020-07-14,5.3059617629073815e-05,0.0,1.1180551164063679e-05,4.1879066465010135e-05,0.9841275007071063,0.16794726573045757,0.0
2020-07-15,-0.005625663484232057,2.609365261647994e-06,1.1412599527913456e-05,-0.005639685449021618,0.9999999999832074,0.16688023444552516,0.012775977572532432
2020-07-16,0.0005830285154125697,0.0,1.1642130347058013e-05,0.0005713863850655117,1.012044669314505,0.1621691539792701,0.0
2020-07-17,0.00126192895801504,0.0,1.155995952074969e-05,0.0012503689984942903,1.0065362862335723,0.16265924121884512,0.0
2020-07-20,0.008124845168619898,0.0,3.464672287816186e-05,0.008090198445741737,1.0067867208874377,0.16371646418549948,0.0
2020-07-21,-0.0026795171098414066,0.0,1.1355310830179416e-05,-0.002690872420671586,0.999399926640172,0.17046223603707464,0.0
2020-07-22,-0.0014997123891457142,3.1057976419480776e-05,1.0261172502315836e-05,-0.001541031538067511,1.000000000013666,0.2509344073446099,0.13763257891188804
2020-07-23,-0.005496500644078904,0.0,1.0394075436786238e-05,-0.00550689471951569,1.0085871818387924,0.2498196749533973,0.0
2020-07-24,-0.0018456727635193302,0.0,1.055152651440836e-05,-0.0018562242900337386,1.0159375222054328,0.24567608665362242,0.0
2020-07-27,0.0063239890031113535,0.0,3.186985136386484e-05,0.006292119151747488,1.0197835760445255,0.24428385952381443,0.0
2020-07-28,-0.0016238221142380008,0.0,1.0522129602300446e-05,-0.0016343442438403013,1.0171563147690883,0.24904085380115595,0.0
2020-07-29,-0.0016190513195728684,5.5275234984002744e-05,8.557909294835212e-06,-0.0016828844638517063,1.0000000000604143,0.37527262153744373,0.25000000003509376
2020-07-30,0.004946747886857571,0.0,8.692700370708364e-06,0.004938055186486863,1.0088505730759558,0.37428344601424524,0.0
2020-07-31,0.002534522554144732,0.0,8.509280024754514e-06,0.0025260132741199773,0.9985441779396154,0.3773667361325358,0.0
2020-08-03,-0.016536495815992536,0.0,2.5544754143606793e-05,-0.016562040570136143,1.0005330585033752,0.37894404100894313,0.0
2020-08-04,-0.0004623027530640245,0.0,9.16326155226244e-06,-0.00047146601461628694,1.037428929934737,0.36851083661957895,0.0
2020-08-05,-0.001492422098665564,1.1452026948579956e-05,8.29914798102326e-06,-0.0015121732735951673,1.0000000000187135,0.3941621974040156,0.052428439673152354
2020-08-06,0.007014665972120562,0.0,8.384352173198144e-06,0.007006281619947364,1.0053221679536382,0.3932644593101736,0.0
2020-08-07,-0.0066667623777338725,0.0,8.234222726699196e-06,-0.006674996600460572,0.9985924282396988,0.39749416919065744,0.0
2020-08-10,0.0023000154694607124,0.0,2.5066201706227045e-05,0.0022749492677544853,1.0033979505010138,0.3934537089828226,0.0
2020-08-11,-0.008949151596896687,0.0,8.237665058242251e-06,-0.00895738926195493,0.9962049975908994,0.3948554483392151,0.0
2020-08-12,-0.0015020702759815068,1.539492890324913e-05,8.208707180468366e-06,-0.0015256739120652243,0.9999999999989293,0.4007643758247387,0.07487035998287461
2020-08-13,-0.0019419642007558434,0.0,8.302136899640774e-06,-0.001950266337655484,1.0059283740814773,0.3998723804077006,0.0
2020-08-14,-0.006030021587526918,0.0,8.429098220310544e-06,-0.006038450685747228,1.0140321730864266,0.3987080030037569,0.0
2020-08-17,0.0025582383840532874,0.0,2.586112516220285e-05,0.0025323772588910845,1.0243509321468998,0.3950635531999641,0.0
2020-08-18,0.0008151386883128863,0.0,8.652384815928103e-06,0.0008064863034969582,1.0282414982456047,0.3966174066828532,0.0
2020-08-19,-0.0035575968672455502,5.170118581325988e-05,1.0672166026481397e-05,-0.0036199702190852917,0.9999999999663385,0.22093188003319658,0.2500000000355684
2020-08-20,0.0056278165622029785,0.0,1.0766475437177644e-05,0.0056170500867658004,1.0041167373730566,0.2181640304590887,0.0
2020-08-21,-0.00019805231697198655,0.0,1.0605522420857395e-05,-0.00020865783939284395,0.9967449552030767,0.22254181848048676,0.0
2020-08-24,-0.0016407554974227473,0.0,3.195586024349441e-05,-0.0016727113576662418,0.9999827688741728,0.2223901696158091,0.0
2020-08-25,-0.0018754388774356295,0.0,1.0731832215917252e-05,-0.0018861707096515467,1.004543034616175,0.22111928285421562,0.0
2020-08-26,0.0035411217054459954,3.813923234934177e-05,1.1785261579760288e-05,0.0034911972115168935,1.0000000000003824,0.1396759046778813,0.17673634663890297
2020-08-27,-0.0059759545940836455,0.0,1.1692124324687902e-05,-0.005987646718408333,0.9962438427240862,0.14271876702186947,0.0
2020-08-28,0.002332418625615283,0.0,1.1878163719480109e-05,0.0023205404618958027,1.0046724636245874,0.1375665121025395,0.0
2020-08-31,0.0018782747048213693,0.0,3.546554855198043e-05,0.0018428091562693889,1.0025700559624422,0.13957504119758501,0.0
2020-09-01,0.002967528946228102,0.0,1.1794264634119132e-05,0.002955734681593983,1.0021744422115393,0.14119312392084285,0.0
2020-09-02,0.003145669116142431,5.644497969614887e-06,1.1557003222010572e-05,0.0031284676149508058,1.0000000000132903,0.15633876480651857,0.02691957574109716
2020-09-03,-0.0020911734282786074,0.0,1.1467661982694971e-05,-0.0021026410902613025,0.9961263728282429,0.1589870480915101,0.0
2020-09-04,-0.001902495146927207,0.0,1.1434737532808557e-05,-0.0019139298844600156,0.9919623053850721,0.15722646549004732,0.0
2020-09-08,0.005039808905835771,0.0,4.572086038336095e-05,0.00499408804545241,0.990027521590653,0.15562181959431567,0.0
2020-09-09,0.0007739468821775447,0.0,1.1160378573491162e-05,0.0007627865036040535,0.9745708931827278,0.15986325731787318,0.0
2020-09-10,0.0009909637504706176,6.0491426968515435e-06,1.1804989375672205e-05,0.0009731096183980939,1.0000000000346594,0.13823577561058856,0.02790291831121101
2020-09-11,-0.0015096308211699754,0.0,1.1740031679564692e-05,-0.00152137085284954,0.9961137008015943,0.1390913881933719,0.0
2020-09-14,0.002482031877236512,0.0,3.5380034455615603e-05,0.0024466518427808965,0.9987055609287802,0.13779138917546713,0.0
2020-09-15,-0.0020771893218005334,0.0,1.1723975202911101e-05,-0.0020889132970034444,0.9957812482831444,0.1399310584706341,0.0
2020-09-16,-0.004369352160572117,0.0,1.1833691177788635e-05,-0.004381185851749906,1.0020018927003524,0.13814243672178222,0.0
2020-09-17,-0.0015270338917676314,2.5255658453573832e-05,1.1981740784912364e-05,-0.0015642712910061177,0.9999999999970399,0.12533292269843757,0.12511401282325413
2020-09-18,-0.0017856988450143203,0.0,1.2045774926200802e-05,-0.001797744619940521,1.0033414278376385,0.12399985822498005,0.0
2020-09-21,0.0036119402675162692,0.0,3.631184848002399e-05,0.0035756284190362453,1.006022577934941,0.12243426492102383,0.0
2020-09-22,0.0017937876807015045,0.0,1.1958740763063716e-05,0.0017818289399384407,0.9985851922728377,0.12559711656918635,0.0
2020-09-23,-0.0029548372704738314,0.0,1.189247280023778e-05,-0.002966729743274069,0.995314833603193,0.12716431918583496,0.0
2020-09-24,-0.0024109247558231246,7.4289769179380555e-06,1.2099677623691754e-05,-0.0024304534103647543,1.0000000000015001,0.11672353347200196,0.03478105126341313
2020-09-25,0.0007429321595716739,0.0,1.2192061606975798e-05,0.0007307400979646981,1.0046116143967345,0.11459111708750166,0.0
2020-09-28,0.001088763799850805,0.0,3.6506851081823586e-05,0.0010522569487689812,1.0035832078982327,0.11524983157385862,0.0
2020-09-29,0.0070094744579598635,0.0,1.2150131330727459e-05,0.006997324326629136,1.003175893101309,0.11621630595820465,0.0
2020-09-30,-0.005637865606305031,0.0,1.188042455538195e-05,-0.005649746030860413,0.9896405137315949,0.12236952118871275,0.0
2020-10-01,0.006532379937762717,5.033939597993278e-05,1.22241298805685e-05,0.006469816411902215,1.0000000000723948,0.10763851879089445,0.25000000004177525
2020-10-02,0.0031486193983849054,0.0,1.2009630107709182e-05,0.003136609768277196,0.9901399801417622,0.1134369822789918,0.0
2020-10-05,-0.007154368761923216,0.0,3.548473859324219e-05,-0.007189853500516458,0.9796830339959667,0.1162210615604069,0.0
2020-10-06,-0.0036450196489723813,0.0,1.2146478520024287e-05,-0.0036571661274924054,0.9965494772267849,0.10985654526501198,0.0
2020-10-07,-0.0004823874036480635,0.0,1.2238073944841009e-05,-0.0004946254775929045,0.9999807825622956,0.10660138458890187,0.0
2020-10-08,-0.0021030305088526793,5.3351849800172164e-05,9.391788085712537e-06,-0.002165774146738564,1.0000000000367524,0.3143994697797372,0.24823100913012816
2020-10-09,0.004365023719954079,0.0,9.52558430543767e-06,0.004355498135648641,1.0083419251522472,0.31297427085529717,0.0
2020-10-12,0.00727743050142376,0.0,2.8256767211405922e-05,0.0072491737342123535,1.003544453282263,0.31596311780471903,0.0
2020-10-13,-0.0037268103073637127,0.0,9.265400230022416e-06,-0.003736075707593735,0.9972884024124409,0.32091418562080437,0.0
2020-10-14,-0.002296898032829886,0.0,9.375608013006801e-06,-0.002306273640842893,1.002796240298065,0.3183768553485685,0.0
2020-10-15,-0.003163201500012907,1.0779474690911698e-05,9.279019829720128e-06,-0.0031832599945335388,1.0000000000443383,0.3226315524747688,0.05002074768078124
2020-10-16,0.0010520647457606211,0.0,9.376700996302224e-06,0.001042688044764319,1.0049877220826788,0.32048854935261617,0.0
2020-10-19,-0.0024659309036877603,0.0,2.7962572384341338e-05,-0.0024938934760721015,1.0016282914440962,0.32120569675845667,0.0
2020-10-20,-0.001228739110822406,0.0,9.331498218427332e-06,-0.0012380706090408331,1.0007360261823197,0.31953665623712446,0.0
2020-10-21,0.004421760701263678,0.0,9.385611703054796e-06,0.0044123750895606224,1.003852147639305,0.318702493316305,0.0
2020-10-22,-0.0007638157414060871,3.2002253369335206e-05,1.1267641772534076e-05,-0.0008070856365479564,0.9999999999749984,0.17746215058001094,0.1448449386886469
2020-10-23,0.00716921529976452,0.0,1.1292862076422915e-05,0.007157922437688097,1.0012199922975356,0.17684106071866285,0.0
2020-10-26,-0.0001388670710964906,0.0,3.312524053987314e-05,-0.00017199231163636373,0.9887500254573665,0.1827025056537864,0.0
2020-10-27,-0.0037873458944759023,0.0,1.0994368396551153e-05,-0.0037983402628724533,0.9851839364745534,0.18259504352631925,0.0
2020-10-28,0.0015836772540046935,0.0,1.1168053882284589e-05,0.0015725092001224088,0.9947573930800565,0.1794894596732816,0.0
2020-10-29,0.002426755150547765,3.5052746417516326e-05,1.3508863303404556e-05,0.002378193540826844,1.0000000000105946,0.013852978862062132,0.17065654463972407
2020-10-30,-0.00242913610748191,0.0,1.3432965983054822e-05,-0.0024425690734649645,0.9968476262738774,0.016241109510875235,0.0
2020-11-02,-0.0013189111936266075,0.0,4.0357507645763676e-05,-0.0013592687012723712,0.9958784787553766,0.013845792708460647,0.0
2020-11-03,0.004809136944533332,0.0,1.355325216078361e-05,0.004795583692372548,1.0019313398263172,0.012543932089113669,0.0
2020-11-04,0.0016102153286847076,0.0,1.3409665719278167e-05,0.0015968056629654295,0.9961758456207368,0.017270248113430947,0.0
2020-11-05,0.01096087252159954,1.146681916128672e-05,1.3343298354673926e-05,0.010936062404083579,1.0000000000038025,0.025939220112605937,0.05389182991105405
2020-11-06,0.005413774256356886,0.0,1.2985568677768284e-05,0.005400788687679118,0.9844474298124404,0.03650091633535582,0.0
2020-11-09,-0.011035434782370292,0.0,3.822976572606892e-05,-0.01107366454809636,0.9719471668945426,0.04168953422686564,0.0
2020-11-10,-0.011035976720109027,0.0,1.315213797383772e-05,-0.011049128858082865,0.9911034258318633,0.030997353741709727,0.0
2020-11-11,-0.0025638620751538407,0.0,1.3571644422857649e-05,-0.002577433719576698,1.010914439893864,0.020184397025255485,0.0
2020-11-12,0.005960514920285532,4.1632439268095e-06,1.3228716153026676e-05,0.005943122960205696,1.0000000000040807,0.0343037208331336,0.020371338918030706
2020-11-13,0.0020488376682267677,0.0,1.2985167671176531e-05,0.0020358525005555912,0.9879435942045949,0.04002635420870804,0.0
2020-11-16,0.00919520036121494,0.0,3.88304632552266e-05,0.009156369897959715,0.9868643129040671,0.041989707026886536,0.0
2020-11-17,-5.300494382135378e-05,0.0,1.2613124958766639e-05,-6.561806878012041e-05,0.9714786137937047,0.05072049180373997,0.0
2020-11-18,-0.0005785763295825395,0.0,1.2614038475727258e-05,-0.0005911903680582667,0.971495620508821,0.050670811780731184,0.0
2020-11-19,0.006043510420826092,7.910171747645652e-06,1.3394547273177889e-05,0.0060222057018052685,1.000000000004133,0.022198049062146924,0.03663342669817187
2020-11-20,-0.003387696874389186,0.0,1.3185576956772019e-05,-0.003400882451345958,0.9906196189511014,0.028072501106744113,0.0
2020-11-23,-0.003438439454570372,0.0,3.9927308836507555e-05,-0.0034783667634068795,0.9963335558503296,0.02476904082864581,0.0
2020-11-24,-0.007912423378475439,0.0,1.3459616108649246e-05,-0.007925882994584087,1.0039570319408626,0.021405056009467682,0.0
2020-11-25,-0.005213887345088995,0.0,1.3834834139899761e-05,-0.0052277221792288945,1.0235433202449347,0.013600428032252032,0.0
2020-11-27,0.007854991320737723,3.7997044645089216e-05,2.989443920510888e-05,0.007787099836887525,1.0000000000032971,-0.09114703098317686,0.18495926499088972
2020-11-30,-0.0013700161560649081,0.0,4.395525773241535e-05,-0.0014139714137973234,0.9869294902085275,-0.08264844794691277,0.0
2020-12-01,0.0034961384695481774,0.0,1.4725531686850114e-05,0.0034814129378613274,0.9908263811133645,-0.08413743202669381,0.0
2020-12-02,0.004983255031534176,0.0,1.4577072216152046e-05,0.004968677959318024,0.983764749864055,-0.08036152191504438,0.0
2020-12-03,0.009761895501755952,0.0,1.4367090261482435e-05,0.00974752841149447,0.9737920008179717,-0.07500558827024613,0.0
2020-12-04,-0.0066937595092081605,9.266583996106257e-06,1.4835700610401608e-05,-0.006717861793814669,1.0000000000248117,-0.08300614453450542,0.04352116433164534
2020-12-07,0.009604466756619794,0.0,4.5311452838612705e-05,0.00955915530378118,1.0122721146320888,-0.09030657110748691,0.0
2020-12-08,-0.0003198624566682276,0.0,1.4726458245870128e-05,-0.00033458891491409775,0.995093487019081,-0.07993796492943846,0.0
2020-12-09,-0.00024737363098000523,0.0,1.4749974200005799e-05,-0.00026212360518001104,0.9964634268470878,-0.08028468975333547,0.0
2020-12-10,-0.009072198681023647,0.0,1.470777172665063e-05,-0.009086906452750298,0.9931141577716825,-0.08055317827381336,0.0
2020-12-11,-0.0013139787757253736,5.044802121262858e-05,1.4798889875652569e-05,-0.001379225686813655,1.0000000000126497,-0.08031896090998787,0.250000000005539
2020-12-14,-0.0037482598080712205,0.0,4.450236461568873e-05,-0.0037927621726869093,1.0011451868802412,-0.08174568543485117,0.0
2020-12-15,-0.0013574783903598675,0.0,1.4990025966571092e-05,-0.0013724684163264386,1.0084524575987879,-0.08581943796090172,0.0
2020-12-16,-0.0008793858277500553,0.0,1.5102549490936084e-05,-0.0008944883772409914,1.0151893844845583,-0.08729672835377579,0.0
2020-12-17,0.0002580126335299912,0.0,1.5162127797475539e-05,0.00024285050573251567,1.0185802719111967,-0.08825505730451748,0.0
2020-12-18,-0.004023950790423171,4.012710107172036e-05,1.2299993828740801e-05,-0.004076377885323632,1.000000000010153,0.10210045051207464,0.19615262930017194
2020-12-21,0.0012097963550612534,0.0,3.732981059049538e-05,0.001172466544470758,1.0068366573586047,0.09847793298988386,0.0
2020-12-22,-0.0010118752659570417,0.0,1.2330768319714478e-05,-0.0010242060342767563,0.9997170730345741,0.09957098569541722,0.0
2020-12-23,0.0066725699686252145,0.0,1.236013738373487e-05,0.0066602098312414796,1.0009501877720495,0.09866015875940426,0.0
2020-12-24,0.0008580428075307233,0.0,1.2142221695434347e-05,0.0008459005858352889,0.9910180158968834,0.10463583213017599,0.0
2020-12-28,0.012559598614343782,2.6260114049519428e-05,4.954732338479707e-05,0.012483791176909466,1.0000000000286366,0.09576134825609012,0.12965565281950017
2020-12-29,-0.0055687946627778085,0.0,1.1898461539476812e-05,-0.005580693124317285,0.9755730563099763,0.10698536392816912,0.0
2020-12-30,0.003981184252353673,0.0,1.2123225187899397e-05,0.003969061027165773,0.9869811589899549,0.10198572027329902,0.0
2020-12-31,-0.006845884668290427,0.0,1.205163572094697e-05,-0.0068579363040113745,0.9853173857881743,0.10554797815904554,0.0
