session,gross_return,transaction_cost,borrow_cost,net_return,gross,net,turnover
2007-01-03,0.0,0.0,0.0,0.0,0.0,0.0,0.0
2007-01-04,0.0,0.0,0.0,0.0,0.0,0.0,0.0
2007-01-05,0.0,0.0,0.0,0.0,0.0,0.0,0.0
2007-01-08,0.0,0.0,0.0,0.0,0.0,0.0,0.0
2007-01-09,0.0,0.0,0.0,0.0,0.0,0.0,0.0
2007-01-10,0.0,0.0,0.0,0.0,0.0,0.0,0.0
2007-01-11,0.0,0.0,0.0,0.0,0.0,0.0,0.0
2007-01-12,0.0,0.0,0.0,0.0,0.0,0.0,0.0
2007-01-16,0.0,0.0,0.0,0.0,0.0,0.0,0.0
2007-01-17,0.0,0.0,0.0,0.0,0.0,0.0,0.0
2007-01-18,0.0,0.0,0.0,0.0,0.0,0.0,0.0
2007-01-19,0.0,0.0,0.0,0.0,0.0,0.0,0.0
2007-01-22,0.0,0.0,0.0,0.0,0.0,0.0,0.0
2007-01-23,0.0,0.0,0.0,0.0,0.0,0.0,0.0
2007-01-24,0.0,0.0,0.0,0.0,0.0,0.0,0.0
2007-01-25,0.0,0.0,0.0,0.0,0.0,0.0,0.0
2007-01-26,0.0,0.0,0.0,0.0,0.0,0.0,0.0
2007-01-29,0.0,0.0,0.0,0.0,0.0,0.0,0.0
2007-01-30,0.0,0.0,0.0,0.0,0.0,0.0,0.0
2007-01-31,0.0,0.0,0.0,0.0,0.0,0.0,0.0
2007-02-01,0.0,0.0,0.0,0.0,0.0,0.0,0.0
2007-02-02,0.0,0.0,0.0,0.0,0.0,0.0,0.0
2007-02-05,0.0,0.0,0.0,0.0,0.0,0.0,0.0
2007-02-06,0.0,0.0,0.0,0.0,0.0,0.0,0.0
2007-02-07,0.0,0.0,0.0,0.0,0.0,0.0,0.0
2007-02-08,0.0,0.0,0.0,0.0,0.0,0.0,0.0
2007-02-09,0.0,0.0,0.0,0.0,0.0,0.0,0.0
2007-02-12,0.0,0.0,0.0,0.0,0.0,0.0,0.0
2007-02-13,0.0,0.0,0.0,0.0,0.0,0.0,0.0
2007-02-14,0.0,0.0,0.0,0.0,0.0,0.0,0.0
2007-02-15,0.0,0.0,0.0,0.0,0.0,0.0,0.0
2007-02-16,0.0,0.0,0.0,0.0,0.0,0.0,0.0
2007-02-20,0.0,0.0,0.0,0.0,0.0,0.0,0.0
2007-02-21,0.0,0.0,0.0,0.0,0.0,0.0,0.0
2007-02-22,0.0,0.0,0.0,0.0,0.0,0.0,0.0
2007-02-23,0.0,0.0,0.0,0.0,0.0,0.0,0.0
2007-02-26,0.0,0.0,0.0,0.0,0.0,0.0,0.0
2007-02-27,0.0,0.0,0.0,0.0,0.0,0.0,0.0
2007-02-28,0.0,0.0,0.0,0.0,0.0,0.0,0.0
2007-03-01,0.0,0.0,0.0,0.0,0.0,0.0,0.0
2007-03-02,0.0,0.0,0.0,0.0,0.0,0.0,0.0
2007-03-05,0.0,0.0,0.0,0.0,0.0,0.0,0.0
2007-03-06,0.0,0.0,0.0,0.0,0.0,0.0,0.0
2007-03-07,0.0,0.0,0.0,0.0,0.0,0.0,0.0
2007-03-08,0.0,0.0,0.0,0.0,0.0,0.0,0.0
2007-03-09,0.0,0.0,0.0,0.0,0.0,0.0,0.0
2007-03-12,0.0,0.0,0.0,0.0,0.0,0.0,0.0
2007-03-13,0.0,0.0,0.0,0.0,0.0,0.0,0.0
2007-03-14,0.0,0.0,0.0,0.0,0.0,0.0,0.0
2007-03-15,0.0,0.0,0.0,0.0,0.0,0.0,0.0
2007-03-16,0.0,0.0,0.0,0.0,0.0,0.0,0.0
2007-03-19,0.0,0.0,0.0,0.0,0.0,0.0,0.0
2007-03-20,0.0,0.0,0.0,0.0,0.0,0.0,0.0
2007-03-21,0.0,0.0,0.0,0.0,0.0,0.0,0.0
2007-03-22,0.0,0.0,0.0,0.0,0.0,0.0,0.0
2007-03-23,0.0,0.0,0.0,0.0,0.0,0.0,0.0
2007-03-26,0.0,0.0,0.0,0.0,0.0,0.0,0.0
2007-03-27,0.0,0.0,0.0,0.0,0.0,0.0,0.0
2007-03-28,0.0,0.0,0.0,0.0,0.0,0.0,0.0
2007-03-29,0.0,0.0,0.0,0.0,0.0,0.0,0.0
2007-03-30,0.0,0.0,0.0,0.0,0.0,0.0,0.0
2007-04-02,0.0,0.0,0.0,0.0,0.0,0.0,0.0
2007-04-03,0.0,0.0,0.0,0.0,0.0,0.0,0.0
2007-04-04,0.0,0.0,0.0,0.0,0.0,0.0,0.0
2007-04-05,0.0,0.0,0.0,0.0,0.0,0.0,0.0
2007-04-09,0.0,0.0,0.0,0.0,0.0,0.0,0.0
2007-04-10,0.0,0.0,0.0,0.0,0.0,0.0,0.0
2007-04-11,0.0,0.0,0.0,0.0,0.0,0.0,0.0
2007-04-12,0.0,0.0,0.0,0.0,0.0,0.0,0.0
2007-04-13,0.0,0.0,0.0,0.0,0.0,0.0,0.0
2007-04-16,0.0,0.0,0.0,0.0,0.0,0.0,0.0
2007-04-17,0.0,0.0,0.0,0.0,0.0,0.0,0.0
2007-04-18,0.0,0.0,0.0,0.0,0.0,0.0,0.0
2007-04-19,0.0,0.0,0.0,0.0,0.0,0.0,0.0
2007-04-20,0.0,0.0,0.0,0.0,0.0,0.0,0.0
2007-04-23,0.0,0.0,0.0,0.0,0.0,0.0,0.0
2007-04-24,0.0,0.0,0.0,0.0,0.0,0.0,0.0
2007-04-25,0.0,0.0,0.0,0.0,0.0,0.0,0.0
2007-04-26,0.0,0.0,0.0,0.0,0.0,0.0,0.0
2007-04-27,0.0,0.0,0.0,0.0,0.0,0.0,0.0
2007-04-30,0.0,0.0,0.0,0.0,0.0,0.0,0.0
2007-05-01,0.0,0.0,0.0,0.0,0.0,0.0,0.0
2007-05-02,0.0,0.0,0.0,0.0,0.0,0.0,0.0
2007-05-03,0.0,0.0,0.0,0.0,0.0,0.0,0.0
2007-05-04,0.0,0.0,0.0,0.0,0.0,0.0,0.0
2007-05-07,0.0,0.0,0.0,0.0,0.0,0.0,0.0
2007-05-08,0.0,0.0,0.0,0.0,0.0,0.0,0.0
2007-05-09,0.0,0.0,0.0,0.0,0.0,0.0,0.0
2007-05-10,0.0,0.0,0.0,0.0,0.0,0.0,0.0
2007-05-11,0.0,0.0,0.0,0.0,0.0,0.0,0.0
2007-05-14,0.0,0.0,0.0,0.0,0.0,0.0,0.0
2007-05-15,0.0,0.0,0.0,0.0,0.0,0.0,0.0
2007-05-16,0.0,0.0,0.0,0.0,0.0,0.0,0.0
2007-05-17,0.0,0.0,0.0,0.0,0.0,0.0,0.0
2007-05-18,0.0,0.0,0.0,0.0,0.0,0.0,0.0
2007-05-21,0.0,0.0,0.0,0.0,0.0,0.0,0.0
2007-05-22,0.0,0.0,0.0,0.0,0.0,0.0,0.0
2007-05-23,0.0,0.0,0.0,0.0,0.0,0.0,0.0
2007-05-24,0.0,0.0,0.0,0.0,0.0,0.0,0.0
2007-05-25,0.0,0.0,0.0,0.0,0.0,0.0,0.0
2007-05-29,0.0,0.0,0.0,0.0,0.0,0.0,0.0
2007-05-30,0.0,0.0,0.0,0.0,0.0,0.0,0.0
2007-05-31,0.0,0.0,0.0,0.0,0.0,0.0,0.0
2007-06-01,0.0,0.0,0.0,0.0,0.0,0.0,0.0
2007-06-04,0.0,0.0,0.0,0.0,0.0,0.0,0.0
2007-06-05,0.0,0.0,0.0,0.0,0.0,0.0,0.0
2007-06-06,0.0,0.0,0.0,0.0,0.0,0.0,0.0
2007-06-07,0.0,0.0,0.0,0.0,0.0,0.0,0.0
2007-06-08,0.0,0.0,0.0,0.0,0.0,0.0,0.0
2007-06-11,0.0,0.0,0.0,0.0,0.0,0.0,0.0
2007-06-12,0.0,0.0,0.0,0.0,0.0,0.0,0.0
2007-06-13,0.0,0.0,0.0,0.0,0.0,0.0,0.0
2007-06-14,0.0,0.0,0.0,0.0,0.0,0.0,0.0
2007-06-15,0.0,0.0,0.0,0.0,0.0,0.0,0.0
2007-06-18,0.0,0.0,0.0,0.0,0.0,0.0,0.0
2007-06-19,0.0,0.0,0.0,0.0,0.0,0.0,0.0
2007-06-20,0.0,0.0,0.0,0.0,0.0,0.0,0.0
2007-06-21,0.0,0.0,0.0,0.0,0.0,0.0,0.0
2007-06-22,0.0,0.0,0.0,0.0,0.0,0.0,0.0
2007-06-25,0.0,0.0,0.0,0.0,0.0,0.0,0.0
2007-06-26,0.0,0.0,0.0,0.0,0.0,0.0,0.0
2007-06-27,0.0,0.0,0.0,0.0,0.0,0.0,0.0
2007-06-28,0.0,0.0,0.0,0.0,0.0,0.0,0.0
2007-06-29,0.0,0.0,0.0,0.0,0.0,0.0,0.0
2007-07-02,0.0,0.0,0.0,0.0,0.0,0.0,0.0
2007-07-03,0.0,0.0,0.0,0.0,0.0,0.0,0.0
2007-07-05,0.0,0.0,0.0,0.0,0.0,0.0,0.0
2007-07-06,0.0,0.0,0.0,0.0,0.0,0.0,0.0
2007-07-09,0.0,0.0,0.0,0.0,0.0,0.0,0.0
2007-07-10,0.0,0.0,0.0,0.0,0.0,0.0,0.0
2007-07-11,0.0,0.0,0.0,0.0,0.0,0.0,0.0
2007-07-12,0.0,0.0,0.0,0.0,0.0,0.0,0.0
2007-07-13,0.0,0.0,0.0,0.0,0.0,0.0,0.0
2007-07-16,0.0,0.0,0.0,0.0,0.0,0.0,0.0
2007-07-17,0.0,0.0,0.0,0.0,0.0,0.0,0.0
2007-07-18,0.0,0.0,0.0,0.0,0.0,0.0,0.0
2007-07-19,0.0,0.0,0.0,0.0,0.0,0.0,0.0
2007-07-20,0.0,0.0,0.0,0.0,0.0,0.0,0.0
2007-07-23,0.0,0.0,0.0,0.0,0.0,0.0,0.0
2007-07-24,0.0,0.0,0.0,0.0,0.0,0.0,0.0
2007-07-25,0.0,0.0,0.0,0.0,0.0,0.0,0.0
2007-07-26,0.0,0.0,0.0,0.0,0.0,0.0,0.0
2007-07-27,0.0,0.0,0.0,0.0,0.0,0.0,0.0
2007-07-30,0.0,0.0,0.0,0.0,0.0,0.0,0.0
2007-07-31,0.0,0.0,0.0,0.0,0.0,0.0,0.0
2007-08-01,0.0,0.0,0.0,0.0,0.0,0.0,0.0
2007-08-02,0.0,0.0,0.0,0.0,0.0,0.0,0.0
2007-08-03,0.0,0.0,0.0,0.0,0.0,0.0,0.0
2007-08-06,0.0,0.0,0.0,0.0,0.0,0.0,0.0
2007-08-07,0.0,0.0,0.0,0.0,0.0,0.0,0.0
2007-08-08,0.0,0.0,0.0,0.0,0.0,0.0,0.0
2007-08-09,0.0,0.0,0.0,0.0,0.0,0.0,0.0
2007-08-10,0.0,0.0,0.0,0.0,0.0,0.0,0.0
2007-08-13,0.0,0.0,0.0,0.0,0.0,0.0,0.0
2007-08-14,0.0,0.0,0.0,0.0,0.0,0.0,0.0
2007-08-15,0.0,0.0,0.0,0.0,0.0,0.0,0.0
2007-08-16,0.0,0.0,0.0,0.0,0.0,0.0,0.0
2007-08-17,0.0,0.0,0.0,0.0,0.0,0.0,0.0
2007-08-20,0.0,0.0,0.0,0.0,0.0,0.0,0.0
2007-08-21,0.0,0.0,0.0,0.0,0.0,0.0,0.0
2007-08-22,0.0,0.0,0.0,0.0,0.0,0.0,0.0
2007-08-23,0.0,0.0,0.0,0.0,0.0,0.0,0.0
2007-08-24,0.0,0.0,0.0,0.0,0.0,0.0,0.0
2007-08-27,0.0,0.0,0.0,0.0,0.0,0.0,0.0
2007-08-28,0.0,0.0,0.0,0.0,0.0,0.0,0.0
2007-08-29,0.0,0.0,0.0,0.0,0.0,0.0,0.0
2007-08-30,0.0,0.0,0.0,0.0,0.0,0.0,0.0
2007-08-31,0.0,0.0,0.0,0.0,0.0,0.0,0.0
2007-09-04,0.0,0.0,0.0,0.0,0.0,0.0,0.0
2007-09-05,0.0,0.0,0.0,0.0,0.0,0.0,0.0
2007-09-06,0.0,0.0,0.0,0.0,0.0,0.0,0.0
2007-09-07,0.0,0.0,0.0,0.0,0.0,0.0,0.0
2007-09-10,0.0,0.0,0.0,0.0,0.0,0.0,0.0
2007-09-11,0.0,0.0,0.0,0.0,0.0,0.0,0.0
2007-09-12,0.0,0.0,0.0,0.0,0.0,0.0,0.0
2007-09-13,0.0,0.0,0.0,0.0,0.0,0.0,0.0
2007-09-14,0.0,0.0,0.0,0.0,0.0,0.0,0.0
2007-09-17,0.0,0.0,0.0,0.0,0.0,0.0,0.0
2007-09-18,0.0,0.0,0.0,0.0,0.0,0.0,0.0
2007-09-19,0.0,0.0,0.0,0.0,0.0,0.0,0.0
2007-09-20,0.0,0.0,0.0,0.0,0.0,0.0,0.0
2007-09-21,0.0,0.0,0.0,0.0,0.0,0.0,0.0
2007-09-24,0.0,0.0,0.0,0.0,0.0,0.0,0.0
2007-09-25,0.0,0.0,0.0,0.0,0.0,0.0,0.0
2007-09-26,0.0,0.0,0.0,0.0,0.0,0.0,0.0
2007-09-27,0.0,0.0,0.0,0.0,0.0,0.0,0.0
2007-09-28,0.0,0.0,0.0,0.0,0.0,0.0,0.0
2007-10-01,0.0,0.0,0.0,0.0,0.0,0.0,0.0
2007-10-02,0.0,0.0,0.0,0.0,0.0,0.0,0.0
2007-10-03,0.0,0.0,0.0,0.0,0.0,0.0,0.0
2007-10-04,0.0,0.0,0.0,0.0,0.0,0.0,0.0
2007-10-05,0.0,0.0,0.0,0.0,0.0,0.0,0.0
2007-10-08,0.0,0.0,0.0,0.0,0.0,0.0,0.0
2007-10-09,0.0,0.0,0.0,0.0,0.0,0.0,0.0
2007-10-10,0.0,0.0,0.0,0.0,0.0,0.0,0.0
2007-10-11,0.0,0.0,0.0,0.0,0.0,0.0,0.0
2007-10-12,0.0,0.0,0.0,0.0,0.0,0.0,0.0
2007-10-15,0.0,0.0,0.0,0.0,0.0,0.0,0.0
2007-10-16,0.0,0.0,0.0,0.0,0.0,0.0,0.0
2007-10-17,0.0,0.0,0.0,0.0,0.0,0.0,0.0
2007-10-18,0.0,0.0,0.0,0.0,0.0,0.0,0.0
2007-10-19,0.0,0.0,0.0,0.0,0.0,0.0,0.0
2007-10-22,0.0,0.0,0.0,0.0,0.0,0.0,0.0
2007-10-23,0.0,0.0,0.0,0.0,0.0,0.0,0.0
2007-10-24,0.0,0.0,0.0,0.0,0.0,0.0,0.0
2007-10-25,0.0,0.0,0.0,0.0,0.0,0.0,0.0
2007-10-26,0.0,0.0,0.0,0.0,0.0,0.0,0.0
2007-10-29,0.0,0.0,0.0,0.0,0.0,0.0,0.0
2007-10-30,0.0,0.0,0.0,0.0,0.0,0.0,0.0
2007-10-31,0.0,0.0,0.0,0.0,0.0,0.0,0.0
2007-11-01,0.0,0.0,0.0,0.0,0.0,0.0,0.0
2007-11-02,0.0,0.0,0.0,0.0,0.0,0.0,0.0
2007-11-05,0.0,0.0,0.0,0.0,0.0,0.0,0.0
2007-11-06,0.0,0.0,0.0,0.0,0.0,0.0,0.0
2007-11-07,0.0,0.0,0.0,0.0,0.0,0.0,0.0
2007-11-08,0.0,0.0,0.0,0.0,0.0,0.0,0.0
2007-11-09,0.0,0.0,0.0,0.0,0.0,0.0,0.0
2007-11-12,0.0,0.0,0.0,0.0,0.0,0.0,0.0
2007-11-13,0.0,0.0,0.0,0.0,0.0,0.0,0.0
2007-11-14,0.0,0.0,0.0,0.0,0.0,0.0,0.0
2007-11-15,0.0,0.0,0.0,0.0,0.0,0.0,0.0
2007-11-16,0.0,0.0,0.0,0.0,0.0,0.0,0.0
2007-11-19,0.0,0.0,0.0,0.0,0.0,0.0,0.0
2007-11-20,0.0,0.0,0.0,0.0,0.0,0.0,0.0
2007-11-21,0.0,0.0,0.0,0.0,0.0,0.0,0.0
2007-11-23,0.0,0.0,0.0,0.0,0.0,0.0,0.0
2007-11-26,0.0,0.0,0.0,0.0,0.0,0.0,0.0
2007-11-27,0.0,0.0,0.0,0.0,0.0,0.0,0.0
2007-11-28,0.0,0.0,0.0,0.0,0.0,0.0,0.0
2007-11-29,0.0,0.0,0.0,0.0,0.0,0.0,0.0
2007-11-30,0.0,0.0,0.0,0.0,0.0,0.0,0.0
2007-12-03,0.0,0.0,0.0,0.0,0.0,0.0,0.0
2007-12-04,0.0,0.0,0.0,0.0,0.0,0.0,0.0
2007-12-05,0.0,0.0,0.0,0.0,0.0,0.0,0.0
2007-12-06,0.0,0.0,0.0,0.0,0.0,0.0,0.0
2007-12-07,0.0,0.0,0.0,0.0,0.0,0.0,0.0
2007-12-10,0.0,0.0,0.0,0.0,0.0,0.0,0.0
2007-12-11,0.0,0.0,0.0,0.0,0.0,0.0,0.0
2007-12-12,0.0,0.0,0.0,0.0,0.0,0.0,0.0
2007-12-13,0.0,0.0,0.0,0.0,0.0,0.0,0.0
2007-12-14,0.0,0.0,0.0,0.0,0.0,0.0,0.0
2007-12-17,0.0,0.0,0.0,0.0,0.0,0.0,0.0
2007-12-18,0.0,0.0,0.0,0.0,0.0,0.0,0.0
2007-12-19,0.0,0.0,0.0,0.0,0.0,0.0,0.0
2007-12-20,0.0,0.0,0.0,0.0,0.0,0.0,0.0
2007-12-21,0.0,0.0,0.0,0.0,0.0,0.0,0.0
2007-12-24,0.0,0.0,0.0,0.0,0.0,0.0,0.0
2007-12-26,0.0,0.0,0.0,0.0,0.0,0.0,0.0
2007-12-27,0.0,0.0,0.0,0.0,0.0,0.0,0.0
2007-12-28,0.0,0.0,0.0,0.0,0.0,0.0,0.0
2007-12-31,0.0,0.0,0.0,0.0,0.0,0.0,0.0
2008-01-02,0.0,0.0,0.0,0.0,0.0,0.0,0.0
2008-01-03,0.0,0.0,0.0,0.0,0.0,0.0,0.0
2008-01-04,0.0,0.0,0.0,0.0,0.0,0.0,0.0
2008-01-07,0.0,0.0,0.0,0.0,0.0,0.0,0.0
2008-01-08,0.0,0.0,0.0,0.0,0.0,0.0,0.0
2008-01-09,-0.0018385560476977263,5.521469911316184e-05,2.739726027436243e-06,-0.0018965104728383244,0.250000000002331,0.04999999999948529,0.250000000002331
2008-01-10,-0.0015708356892039364,0.0,2.793409192588682e-06,-0.001573629098396525,0.25217182724751835,0.04825295618854455,0.0
2008-01-11,0.0004006635330983414,0.0,2.840916335424924e-06,0.0003978226167629165,0.25414258911008347,0.046755696624064,0.0
2008-01-14,0.0004884664625210572,0.0,8.52084020276602e-06,0.00047994562231829115,0.2544780526846722,0.04713760775069906,0.0
2008-01-15,0.0022232660192519193,0.0,2.827037880235971e-06,0.0022204389813716835,0.2539769925099178,0.04760322725269193,0.0
2008-01-16,-0.0022116938444671215,5.311160655405963e-05,8.219178082427569e-06,-0.002273024629103609,0.5002838983219212,-0.09971610169529121,0.2500000000218083
2008-01-17,0.0053330780061988,0.0,8.289168674918989e-06,0.0053247888375238805,0.5029493055155948,-0.10216000775349146,0.0
2008-01-18,0.003712350956505475,0.0,8.089250471575679e-06,0.0037042617060338997,0.4942012068031492,-0.09631407762187529,0.0
2008-01-22,-0.0020292584318673474,0.0,3.186656583977855e-05,-0.002061124997707126,0.4893048549903331,-0.0922599715856254,0.0
2008-01-23,-0.020168630394278273,0.0,8.051350249748996e-06,-0.02017668174452802,0.4932645949349395,-0.09448397329673738,0.0
2008-01-24,0.002894694837812144,5.3197443744598343e-05,6.164383562234571e-06,0.0028353330105053112,0.5010672425798695,0.05106724253674587,0.25000000003182615
2008-01-25,0.0038153577816574078,0.0,6.0725565923460775e-06,0.0038092852250650616,0.49710600113309283,0.053809369891829176,0.0
2008-01-28,-0.005929837615578729,0.0,1.8029931901086673e-05,-0.005947867547479816,0.49613439457555264,0.05740605164911036,0.0
2008-01-29,0.0010275363385629829,0.0,6.211904495901864e-06,0.001021324434067081,0.5052532479142727,0.05178421971343671,0.0
2008-01-30,0.00407369491541597,0.0,6.185686825432985e-06,0.004067509228590537,0.504313011403673,0.052757873147065176,0.0
2008-01-31,-0.004537634392247276,5.511512313060847e-05,8.169544374815283e-06,-0.0046009190597526995,0.7475334348320821,0.15115669547056643,0.2499999999999693
2008-02-01,-0.009759940560541075,0.0,8.383134718553752e-06,-0.009768323695259628,0.759265596010426,0.14729676155600202,0.0
2008-02-04,0.00724069609350372,0.0,2.6123952313269746e-05,0.007214572141190451,0.7745764180516429,0.13889357842874583,0.0
2008-02-05,0.00871882308980116,0.0,8.54820581546438e-06,0.008710274883985696,0.7691065545986737,0.14508753006977404,0.0
2008-02-06,0.003981657720051411,0.0,8.223518832219833e-06,0.003973434201219191,0.7527951006502274,0.1524782258981796,0.0
2008-02-07,-0.0050790032800493426,2.1991690061251297e-06,8.243837579038486e-06,-0.005089446286634507,0.7499999999926343,0.1481998567228247,0.01085592139488585
2008-02-08,0.012468104421365542,0.0,8.421970781126999e-06,0.012459682450584415,0.7586568525078472,0.14385298548557623,0.0
2008-02-11,0.002112833892210949,0.0,2.4556400951552633e-05,0.0020882774912593964,0.7519364378010137,0.1543973479798998,0.0
2008-02-12,-0.00992022864855529,0.0,8.11884864063324e-06,-0.009928347497195924,0.7488599770517508,0.15618402628552444,0.0
2008-02-13,-0.004294952360272371,0.0,8.329527181942846e-06,-0.004303281887454314,0.7557860018329854,0.14773051755115763,0.0
2008-02-14,0.010323111244322104,2.789999056046331e-06,8.306246190514011e-06,0.010312014999075544,0.7500000000176139,0.14364402811009108,0.013743991054165378
2008-02-15,2.3867946152030862e-05,0.0,8.075409993209367e-06,1.5792536158821497e-05,0.741900562802334,0.15239563329805006,0.0
2008-02-19,0.0043335236489961005,0.0,3.234416020159023e-05,0.0043011794887945105,0.7426980178707525,0.15241709419173088,0.0
2008-02-20,0.00023869342053617118,0.0,8.086067260543782e-06,0.0002306073532756274,0.746362202807658,0.15607929278796184,0.0
2008-02-21,0.007019411690698672,0.0,8.110799014238196e-06,0.007011300891684434,0.7483702744818524,0.15628194644246413,0.0
2008-02-22,-0.0020197731478375607,1.9166437632008065e-05,9.246575342280099e-06,-0.0020481861608118487,0.7499999999612936,0.07499999997484637,0.09222284312909948
2008-02-25,-0.0036098196560366102,0.0,2.81157043036424e-05,-0.0036379353603402526,0.7572788154248355,0.07313001070287047,0.0
2008-02-26,0.0028907806185145225,0.0,9.602997789790477e-06,0.002881177620724732,0.7707928630922734,0.06977402443756853,0.0
2008-02-27,-0.0005190196950136412,0.0,9.627881418229625e-06,-0.0005286475764318708,0.7752913898477111,0.07245604631694846,0.0
2008-02-28,0.007369942951036624,0.0,9.61296292403436e-06,0.007360329988112589,0.7737213695259718,0.07197507607146353,0.0
2008-02-29,0.0037306975860281182,4.576261278733062e-05,9.246575342776755e-06,0.003675688397898011,0.7500000000236953,0.07500000000099219,0.22153554538537112
2008-03-03,0.005549923920552206,0.0,2.7109296572751926e-05,0.005522814623979454,0.7381019178224434,0.07844236788547997,0.0
2008-03-04,-0.00335126337366375,0.0,8.971898049292214e-06,-0.003360235271713042,0.738479523365072,0.08353096576674043,0.0
2008-03-05,0.00187706634449646,0.0,8.944650602397004e-06,0.001868121693894063,0.7334095274080102,0.08045003343302884,0.0
2008-03-06,0.009958546194194295,0.0,9.016376586528583e-06,0.009949529817607767,0.7403690803288789,0.08217358951229221,0.0
2008-03-07,-0.006145712070536148,5.783755282213337e-06,9.266903781310417e-06,-0.006160762729599672,0.7500000000544906,0.07351602401883028,0.02874564437417243
2008-03-10,0.009114048826167,0.0,2.799295271441286e-05,0.009086055873452587,0.7489497867302591,0.06778793734621305,0.0
2008-03-11,-0.010394113150847956,0.0,9.093014572767048e-06,-0.010403206165420722,0.7399996058275311,0.07620954201553663,0.0
2008-03-12,0.006685463694643742,0.0,9.625546642227725e-06,0.006675838148001514,0.7691722230901346,0.06650731820751064,0.0
2008-03-13,-0.0009732856750931591,0.0,9.434036042095035e-06,-0.0009827197111352542,0.7613920301467133,0.07270739907377573,0.0
2008-03-14,0.003890431041166396,4.005861922416692e-06,9.118825498339366e-06,0.00387730635374564,0.7500000000311154,0.08432573865234157,0.018778451565640675
2008-03-17,-0.006315864174211183,0.0,2.6700738526071727e-05,-0.006342564912737255,0.7375934204553041,0.0878754496542254,0.0
2008-03-18,-0.015500113186360588,0.0,8.885262850817672e-06,-0.015508998449211405,0.7307043724871679,0.08208018437747783,0.0
2008-03-19,-0.003016123482777745,0.0,9.42112873999995e-06,-0.003025544611517745,0.7553713261526448,0.06762892813264834,0.0
2008-03-20,-0.019814596736600326,0.0,9.262422015625008e-06,-0.01982385915861595,0.7409656939688176,0.06480888682819207,0.0
2008-03-24,-0.003822481491740234,1.7097971407325403e-06,3.865174308338889e-05,-0.0038628430319643556,0.7500000000582455,0.04460568878639813,0.008522237813079286
2008-03-25,0.005586485917844485,0.0,9.969098572887192e-06,0.005576516819271598,0.7686855531523101,0.04094135733154524,0.0
2008-03-26,0.009177985541330862,0.0,9.938634444796838e-06,0.009168046906886065,0.7717901332966484,0.04626981882647921,0.0
2008-03-27,0.0019497053310670771,0.0,9.726505598202092e-06,0.001939978825468875,0.76497898318415,0.05494407451539748,0.0
2008-03-28,-0.0021221777654960683,0.0,9.630704619625108e-06,-0.0021318084701156936,0.7598250580570644,0.05678362082443167,0.0
2008-03-31,-0.007889987919689345,8.579733121193674e-07,2.8398678536362133e-05,-0.007919244571537826,0.7500000000309411,0.05896548897946275,0.004187269275550007
2008-04-01,-0.019066319168710037,0.0,9.57116981821478e-06,-0.019075890338528252,0.750178605914313,0.05148320918463413,0.0
2008-04-02,0.008945506788938722,0.0,1.0171413113804736e-05,0.008935335375824917,0.7755604539300212,0.03304729662227542,0.0
2008-04-03,-0.0018442410449476833,0.0,1.0075256746065918e-05,-0.0018543163016937491,0.7771146491144479,0.04162090665163591,0.0
2008-04-04,0.00410369284098359,0.0,1.018072722913434e-05,0.004093512113754456,0.7830436488786705,0.039850561151863674,0.0
2008-04-07,0.002707945496379265,6.446812883423863e-06,2.7890873590207462e-05,0.0026736078099056336,0.7500000000227881,0.0713220759944065,0.030477224800496708
2008-04-08,-0.0010509143378888176,0.0,9.244819929339405e-06,-0.001060159157818157,0.7487044768577147,0.0738326220159382,0.0
2008-04-09,0.011758583649808545,0.0,9.239646281291781e-06,0.011749344003527253,0.7473531282951672,0.07285894976086732,0.0
2008-04-10,-0.0029940738854371783,0.0,8.993861557370616e-06,-0.003003067746994549,0.7401867721410931,0.08363487845303794,0.0
2008-04-11,0.0044206816228109175,0.0,9.089298366024769e-06,0.004411592324444893,0.7444024845295774,0.08088370380976931,0.0
2008-04-14,0.0027741338553157156,6.920803284606876e-06,2.598570667730188e-05,0.002741227345353807,0.7500000000064544,0.1176811375254418,0.032751427356014676
2008-04-15,0.0011130306256779074,0.0,8.604151395547592e-06,0.0011044264742823598,0.7482290306378597,0.12012597876288535,0.0
2008-04-16,-0.007099568576637315,0.0,8.641988776289755e-06,-0.007108210565413604,0.7519704382051178,0.12110525753596578,0.0
2008-04-17,-0.0018275337328028643,0.0,8.983912375304566e-06,-0.0018365176451781689,0.770647470364479,0.11482186696724557,0.0
2008-04-18,-0.006270472310652062,0.0,8.999200885400392e-06,-0.006279471511537463,0.7701438957636141,0.11320223112938538,0.0
2008-04-21,-0.002449392717325534,5.5020426726758514e-05,2.406700259437908e-05,-0.0025284801466466714,0.7500000000332604,0.16436960357003613,0.25000000002702916
2008-04-22,0.005378257800926771,0.0,8.041410398248129e-06,0.005370216390528523,0.7493536197776097,0.16233066070549634,0.0
2008-04-23,-0.00393297362300686,0.0,7.913738180556476e-06,-0.0039408873611874165,0.7445159832643024,0.16681309608367975,0.0
2008-04-24,-0.008771306310347794,0.0,7.963439748635006e-06,-0.008779269750096429,0.7448556559603524,0.16352455430999696,0.0
2008-04-25,-3.0649321018379547e-05,0.0,8.096265264451723e-06,-3.8745586282831266e-05,0.7471512661533899,0.1561239018484139,0.0
2008-04-28,-1.2490351533403837e-05,5.2625470441840735e-05,2.76441377058346e-05,-9.275995968107918e-05,0.7500000000153217,0.07732598250667988,0.2500000000008585
2008-04-29,-0.0047763306225824505,0.0,9.235208645379596e-06,-0.00478556583122783,0.7514908955295706,0.07732066441686021,0.0
2008-04-30,0.0021748316636493433,0.0,9.254767879622731e-06,0.0021655768957697203,0.7484912240649273,0.07289316885246813,0.0
2008-05-01,-0.011457590745395528,0.0,9.179528285276167e-06,-0.011466770273680805,0.7450113511011587,0.07490578627599867,0.0
2008-05-02,0.0041954677739801565,0.0,9.447167375740981e-06,0.0041860206066044155,0.7538273992159825,0.06418418078689087,0.0
2008-05-05,0.01122608256562402,5.227838641149105e-05,3.447752246705735e-05,0.011139326656745472,0.9999999999898121,0.16104695329141652,0.24999999999893396
2008-05-06,0.002602325672847194,0.0,1.1316583565053148e-05,0.002591009089282141,0.9964857714200458,0.170375171171166,0.0
2008-05-07,0.007125856496424418,0.0,1.1339224737196466e-05,0.007114517271687221,1.0002938746464358,0.17253046883109377,0.0
2008-05-08,0.004869728346726131,0.0,1.1141498166257544e-05,0.004858586848559873,0.991716552744153,0.17838718660735248,0.0
2008-05-09,0.00644756019620512,0.0,1.1093591339594205e-05,0.006436466604865526,0.9922030181294376,0.1823708503390606,0.0
2008-05-12,-0.008024438398272195,4.919183831650118e-05,2.7493748000864887e-05,-0.008101123984589561,0.7500000000632701,0.08098546537555787,0.239185427215711
2008-05-13,0.0003658820556418723,0.0,9.337533690199236e-06,0.00035654452195167305,0.7551968800964415,0.07355692071189728,0.0
2008-05-14,-0.0038139617874400865,0.0,9.366552380720796e-06,-0.0038233283398208073,0.757654779183796,0.07389645539117783,0.0
2008-05-15,0.0002373041040105939,0.0,9.409029469309447e-06,0.00022789507454128445,0.7572106216337572,0.07035147037416739,0.0
2008-05-16,0.004175506329875344,0.0,9.449132984167292e-06,0.004166057196891177,0.7603593991536437,0.07057269130943139,0.0
2008-05-19,0.00016051208860189288,4.9391137127745725e-05,3.698630137085781e-05,7.413465010328935e-05,0.9999999999786424,0.09999999995443573,0.23935615968163382
2008-05-20,0.008153829978000465,0.0,1.2362026642590282e-05,0.008141467951357874,1.0025810321380497,0.10015308722895913,0.0
2008-05-21,0.015586990345299596,0.0,1.217266849519128e-05,0.015574817676804405,0.9960370610468807,0.10743226089791733,0.0
2008-05-22,-0.009059381370110996,0.0,1.1833053098984751e-05,-0.00907121442320998,0.9849455088020191,0.12113263257613222,0.0
2008-05-23,0.0076161603092591125,0.0,1.199552493017492e-05,0.007604164784328938,0.9887725181875243,0.11309919828475534,0.0
2008-05-27,-0.011145778286267845,6.071496247869089e-06,4.9531159066314215e-05,-0.011201380941582028,1.0000000000051867,0.09605634704495242,0.030128809569078444
2008-05-28,0.00015337260721700783,0.0,1.2641841739235459e-05,0.00014073076547777236,1.008726905847212,0.08587245888302364,0.0
2008-05-29,-0.01334934138957313,0.0,1.2697555338414962e-05,-0.013362038944911545,1.0129352664169313,0.0860137267126389,0.0
2008-05-30,0.001957648299028653,0.0,1.2968511286898495e-05,0.0019446797877417546,1.0203498031135585,0.07364847916996836,0.0
2008-06-02,0.006088257919354418,0.0,3.889148706819785e-05,0.00604936643228622,1.0218189017913062,0.07545938313182524,0.0
2008-06-03,-0.006345475374531108,5.250310572032148e-05,1.2937471283009161e-05,-0.006410915951534439,1.0000000000253595,0.055564596365690694,0.2500000000113671
2008-06-04,-0.006164155531497676,0.0,1.3009493733258546e-05,-0.006177165025230935,0.9992297391173853,0.04953669658951165,0.0
2008-06-05,0.006388341231804773,0.0,1.3128331238671053e-05,0.006375212900566102,1.002010306093318,0.04364212567033146,0.0
2008-06-06,0.025729340325902662,0.0,1.3225481796861372e-05,0.0257161148441058,1.015173703718983,0.04971353254810282,0.0
2008-06-09,-0.0035027033067519626,0.0,3.789242637610904e-05,-0.003540595733128072,0.9956004580265108,0.0735514162078576,0.0
2008-06-10,-0.0014141065804894315,5.1903224838811395e-05,1.035686807051271e-05,-0.0014763666733987558,0.7500000000112432,-0.006051369136184578,0.2500000000093784
2008-06-11,0.012188279367986615,0.0,1.0334456750396863e-05,0.012177944911236218,0.7469388289865007,-0.0074765137924704544,0.0
2008-06-12,-0.001115259289397444,0.0,1.0108150256413291e-05,-0.001125367439653857,0.7425500450307937,0.00465507631262338,0.0
2008-06-13,-0.006050845003199431,0.0,1.0140906666321762e-05,-0.006060985909865753,0.7438299917475938,0.003543805106104858,0.0
2008-06-16,-0.002417126640998091,0.0,3.0895526156225226e-05,-0.002448022167154316,0.7492688087784654,-0.002522327689681775,0.0
2008-06-17,0.0010501073662523997,5.375909152554236e-05,8.233732637313864e-06,0.0009881145420895434,0.7499999999960023,0.14893751747209033,0.25000000000159095
2008-06-18,0.0077634800090958,0.0,8.209107221469742e-06,0.00775527090187433,0.7491043933513073,0.1498395661840159,0.0
2008-06-19,-0.011442827387089549,0.0,8.135021075572737e-06,-0.011450962408165122,0.7502467363592555,0.15639019784244584,0.0
2008-06-20,0.007390773476234602,0.0,8.255477982813063e-06,0.007382517998251788,0.749276276408077,0.14662638366272335,0.0
2008-06-23,0.006791987180216575,0.0,2.4355399605817376e-05,0.006767631780610758,0.7455365124403867,0.15288845536549722,0.0
2008-06-24,0.0010180994512021244,2.273289449983359e-05,6.725422119146036e-06,0.000988641134583145,0.7500000000758984,0.25904418537823776,0.10859432871185215
2008-06-25,-0.006610657667232425,0.0,6.660248118053726e-06,-0.006617317915350479,0.7460035431117876,0.25980543049386556,0.0
2008-06-26,0.017026358381722485,0.0,6.726099662506612e-06,0.01701963228205998,0.7458866794713115,0.2548814041083289,0.0
2008-06-27,0.0019936202785160355,0.0,6.501543273124443e-06,0.001987118735242911,0.7419700961587657,0.26735743722068145,0.0
2008-06-30,-0.000314974120541253,0.0,1.943589519490943e-05,-0.0003344100157361624,0.7417570028372898,0.26881688642782703,0.0
2008-07-01,0.003739725990215066,2.5116884171785124e-06,6.668902104500177e-06,0.0037305453996933874,0.7500000000152711,0.2631701463867584,0.012478750205378933
2008-07-02,0.007898451240349262,0.0,6.645817048511385e-06,0.00789180542330075,0.7510624982922975,0.2659178537509665,0.0
2008-07-03,0.00021068429198722763,0.0,6.486760945219257e-06,0.00020419753104200836,0.7452058689047444,0.27167231990373875,0.0
2008-07-07,-0.006535369515880478,0.0,2.6005788135831957e-05,-0.00656137530401631,0.746433131170761,0.2718274976918279,0.0
2008-07-08,-0.01871562885354817,0.0,6.499726290646088e-06,-0.018722128579838817,0.7415243253081757,0.26704430609101115,0.0
2008-07-09,0.0001858875779154742,3.720303606458831e-05,6.635099954195739e-06,0.00014204944189669013,0.7499999999972533,0.2656377033409644,0.18446547121006934
2008-07-10,0.011602699500707313,0.0,6.540475935101895e-06,0.011596159024772212,0.7432405794516235,0.26578583618918517,0.0
2008-07-11,0.000801797670617475,0.0,6.479464960022581e-06,0.0007953182056574524,0.7472097093008799,0.27420876721923154,0.0
2008-07-14,0.002770158209416409,0.0,1.9265291441162666e-05,0.0027508929179752466,0.743580776196952,0.274792017795327,0.0
2008-07-15,-0.011046909946528327,0.0,6.3645078250310596e-06,-0.011053274454353357,0.7414097980728409,0.27680072684557355,0.0
2008-07-16,-0.006472541207892513,5.179089772612189e-05,4.766847136506349e-06,-0.006529098952755142,0.5000000000422513,0.15202015907728778,0.2500000000402096
2008-07-17,-0.010865385987413224,0.0,4.879718183690493e-06,-0.010870265705596915,0.5027235854234651,0.14650415801405908,0.0
2008-07-18,-0.002603254127207596,0.0,4.962441721645444e-06,-0.002608216568929242,0.4993876507762082,0.13712940509609084,0.0
2008-07-21,0.0018235049608793922,0.0,1.4981076734821935e-05,0.0018085238841445703,0.4994174757322707,0.13487794185160368,0.0
2008-07-22,-0.009311408728410225,0.0,4.985515146351173e-06,-0.009316394243556576,0.5003972709748365,0.13645466529120096,0.0
2008-07-23,-0.012035519937762697,5.2308773854858755e-05,7.948104460404547e-06,-0.012095776816077961,0.7495933636780368,0.1693817380685048,0.2500000000002212
2008-07-24,0.0005852402919480129,0.0,8.081065759523845e-06,0.000577159226188489,0.7491905461610451,0.15927274571580438,0.0
2008-07-25,-0.0062780993959142715,0.0,7.957397400498526e-06,-0.00628605679331477,0.7406557859526608,0.15976577571626863,0.0
2008-07-28,0.0067536038513063565,0.0,2.4062070353597623e-05,0.0067295417809527585,0.7399689905313536,0.1544586119271449,0.0
2008-07-29,-0.008562146917408902,0.0,7.869674138784533e-06,-0.008570016591547687,0.7346207955400972,0.16013458340882608,0.0
2008-07-30,0.0068385480180890345,9.535789797177526e-06,7.996302508643861e-06,0.006821015925783213,0.7500000000113265,0.16626991688032464,0.04734477798778898
2008-07-31,-0.002848132690518443,0.0,8.016808312294596e-06,-0.0028561494988307377,0.7571626956242217,0.1719356888267162,0.0
2008-08-01,0.004758878477461195,0.0,7.972876888417492e-06,0.004750905600572778,0.7515918916272474,0.1695718787727703,0.0
2008-08-04,-0.015141092579140846,0.0,2.3646239635902607e-05,-0.015164738818776748,0.7488982756515641,0.1735064445112675,0.0
2008-08-05,-0.009216762402415493,0.0,7.950153255273798e-06,-0.009224712555670768,0.7411650887282334,0.16080390109324616,0.0
2008-08-06,-0.0008596316703547216,5.934396315599375e-06,8.422292139693518e-06,-0.0008739883588100145,0.7500000000144481,0.1351726738168213,0.029002829929689722
2008-08-07,0.003171369717320445,0.0,8.45117446937638e-06,0.0031629185428510686,0.7513662691317369,0.1344305328672612,0.0
2008-08-08,-0.014875995277487692,0.0,8.328721471391599e-06,-0.014884323998959084,0.7451647186235034,0.13716805121191677,0.0
2008-08-11,-0.0009245037181531321,0.0,2.5684440307178034e-05,-0.0009501881584603102,0.7491278403067713,0.12413979283210577,0.0
2008-08-12,-0.0002375377079142472,0.0,8.612374464695824e-06,-0.000246150082378943,0.7520358140970624,0.1233324781742674,0.0
2008-08-13,0.009999732432913029,4.770469003726024e-05,9.246575343500145e-06,0.009942781167532269,0.750000000077907,0.07500000000239629,0.2238460753170592
2008-08-14,-0.00526987666532905,0.0,9.089140566646582e-06,-0.005278965805895697,0.7476701803149712,0.08416291894977088,0.0
2008-08-15,-0.004929089244364415,0.0,9.166748108854577e-06,-0.00493825599247327,0.74848433812131,0.07931172617492586,0.0
2008-08-18,0.0036571389887529566,0.0,2.7692387636064163e-05,0.0036294466011168925,0.7485998795020896,0.0747517803578617,0.0
2008-08-19,0.00816859919275507,0.0,9.130871760218054e-06,0.008159468320994852,0.7446790059930093,0.0781253674970914,0.0
2008-08-20,0.0007671037557322325,2.8776342150220994e-06,9.296091123680845e-06,0.0007549300303935296,0.7500000001788936,0.0713853481501919,0.014210204486041106
2008-08-21,0.012836102868746672,0.0,9.329857115633542e-06,0.012826773011631038,0.7531775923845209,0.07209802294327225,0.0
2008-08-22,-0.015383272744501268,0.0,9.19274840505564e-06,-0.015392465492906323,0.7549291255394784,0.08385849197041678,0.0
2008-08-25,0.004154003068103674,0.0,2.827919794209339e-05,0.00412572387016158,0.7576728489221936,0.06954569899792104,0.0
2008-08-26,-0.0002297834802547837,0.0,9.27761348835731e-06,-0.000239061093743141,0.7506626714283318,0.07339688677824817,0.0
2008-08-27,0.0014872272468330631,4.953117492922937e-05,6.2896504339309495e-06,0.001431406421469903,0.7499999999947509,0.29085551831779166,0.23344182852456202
2008-08-28,-0.007380850329812453,0.0,6.339372981010807e-06,-0.007387189702793464,0.7546991100271404,0.29192488241335135,0.0
2008-08-29,-0.00016116923065835165,0.0,6.465218537430623e-06,-0.00016763444919578227,0.7586226093502335,0.28666165611779804,0.0
2008-09-02,-0.0072375513356747285,0.0,2.5691294772293436e-05,-0.007263242630447022,0.7554146518851971,0.2865485222908418,0.0
2008-09-03,-0.001400466303671395,0.0,6.402324191333377e-06,-0.0014068686278627285,0.7487241830452124,0.28135451707787595,0.0
2008-09-04,0.005139687003641938,3.6708492762444165e-05,6.164383561902714e-06,0.00509681412731759,0.7500000000040647,0.2999999999851665,0.1782130824280769
2008-09-05,-0.002411672225551781,0.0,5.909439910156956e-06,-0.002417581665461938,0.7349814467369803,0.3035923332955225,0.0
2008-09-08,-0.004660249928937743,0.0,1.776686026674842e-05,-0.004678016789204491,0.7342374876486628,0.30191055449111787,0.0
2008-09-09,-0.0008322379117779045,0.0,6.078091585269166e-06,-0.0008383160033631736,0.7423480677540146,0.2986473820293655,0.0
2008-09-10,-0.0007605772919514411,0.0,5.894368399946823e-06,-0.000766471660351388,0.7283539099873246,0.29806501679120645,0.0
2008-09-11,-0.0024958386485769025,5.191747386546305e-05,4.368499666335703e-06,-0.0025521246221087016,0.5000000000261983,0.181099524383692,0.2500000000276457
2008-09-12,-0.0026912556978174827,0.0,4.399249234814831e-06,-0.0026956549470522973,0.5002058650236073,0.17906067088212474,0.0
2008-09-15,0.003055651131349096,0.0,1.3403515720025e-05,0.0030422476156290713,0.5029983471870441,0.17684613133310237,0.0
2008-09-16,-0.0036211729534741683,0.0,4.264202462319573e-06,-0.0036254371559364877,0.4906429164346011,0.1793561366852723,0.0
2008-09-17,0.010120773012308756,0.0,4.294653415847974e-06,0.010116478358892908,0.48988409738466593,0.17637439802776383,0.0
2008-09-18,-0.0045657346113748346,5.356221007012267e-05,7.556827020852315e-06,-0.00462685364846581,0.5000000000480707,-0.05164837247414837,0.2500000000405784
2008-09-19,-0.012251130560880227,0.0,7.659700463764122e-06,-0.01225879026134399,0.5026827233099296,-0.05647541054485126,0.0
2008-09-22,-0.0019177607730825885,0.0,2.4169417787442976e-05,-0.0019419301908700315,0.5185429978718338,-0.06957950162261187,0.0
2008-09-23,0.0009080154510233726,0.0,8.129062666124158e-06,0.0008998863883572484,0.5217851993915347,-0.07163637523552883,0.0
2008-09-24,0.002819128967567439,0.0,8.077306459687299e-06,0.0028110516611077516,0.518978602036895,-0.07066476952027778,0.0
2008-09-25,-0.0023500759078271833,2.485867377876451e-05,6.164383561734578e-06,-0.002381098965167682,0.4999999999737948,0.04999999996717059,0.1214791506677097
2008-09-26,0.0028234248223892155,0.0,6.230586396405807e-06,0.00281719423599281,0.5025964609841902,0.04776365404656629,0.0
2008-09-29,0.016501999938982322,0.0,1.839052555948509e-05,0.016483609413422837,0.4979477542167621,0.05044496560262496,0.0
2008-09-30,-0.0022703987619198895,0.0,5.643961285651008e-06,-0.0022760427232055404,0.47787050690465216,0.0658613330521286,0.0
2008-10-01,-0.0029132699345204042,0.0,5.684699737559703e-06,-0.002918954634257964,0.4787190809914136,0.06373600014955531,0.0
2008-10-02,0.015842284564435743,8.411775768433092e-06,5.508617493055048e-06,0.015828364171174256,0.5000000000188004,0.09787092302578197,0.04100105518304561
2008-10-03,0.0001231147905916379,0.0,5.035110859368887e-06,0.00011807967973226903,0.47950445172816936,0.11194135899424071,0.0
2008-10-06,0.009761160751562014,0.0,1.5122624468057807e-05,0.009746038127093955,0.4800351048660412,0.11205124280996778,0.0
2008-10-07,-0.0003773890584063082,0.0,4.770760946999631e-06,-0.00038215981935330783,0.4689022230687792,0.12063667393780614,0.0
2008-10-08,-0.0029857508268248544,0.0,4.750262946163819e-06,-0.0029905010897710183,0.46707445578606105,0.12030526071610231,0.0
2008-10-09,-0.004469377826202983,2.6229254984644384e-05,4.109589041010566e-06,-0.004499716670228638,0.4999999999897524,0.19999999999598111,0.12790629181749757
2008-10-10,0.013135946290792178,0.0,4.2181110593583245e-06,0.01313172817973282,0.5043365387944557,0.196414431461298,0.0
2008-10-13,-0.008277188718365662,0.0,1.1228067011078749e-05,-0.008288416785376741,0.48005058339798584,0.20683428612840293,0.0
2008-10-14,-0.002213484212263314,0.0,3.932143086497355e-06,-0.0022174163553498115,0.48726302115222986,0.20021657583792293,0.0
2008-10-15,0.008937813497682655,0.0,4.024286472788409e-06,0.008933789211209867,0.49221603516498735,0.1984431226514336,0.0
2008-10-16,0.002231750417714143,1.0984159963004917e-05,4.109589041318801e-06,0.0022166566687098193,0.5000000000108267,0.19999999999455415,0.053744108020229595
2008-10-17,0.0011391095971913982,0.0,4.029936891496322e-06,0.001135079660299902,0.49596985661476173,0.2017844635355302,0.0
2008-10-20,-0.00030725317946418836,0.0,1.197679329493779e-05,-0.00031922997275912616,0.4941288033739041,0.20269349986375124,0.0
2008-10-21,5.7598125329995364e-05,0.0,4.053547781272169e-06,5.3544577548723196e-05,0.49835986310448965,0.2024508750716212,0.0
2008-10-22,0.00925104957936851,0.0,4.1246817692575005e-06,0.009246924897599254,0.5035993997026664,0.20249763054686898,0.0
2008-10-23,0.003772976063998201,2.392215926255113e-06,4.109907716547353e-06,0.003766473940355399,0.49999999998668765,0.1999767366787308,0.011843609129372067
2008-10-24,0.003704641574035491,0.0,3.982728565314029e-06,0.003700658845470177,0.49372435964109807,0.20298517437317395,0.0
2008-10-27,0.0028179883464732056,0.0,1.1575772280972203e-05,0.0028064125741922336,0.4876048731101586,0.20592774760650168,0.0
2008-10-28,-0.00679283556298557,0.0,3.752179606188099e-06,-0.006796587742591759,0.48207066001678855,0.2081615487650573,0.0
2008-10-29,-0.010610359847705114,0.0,3.889552887046011e-06,-0.01061424940059216,0.48668405968523504,0.20274669893087627,0.0
2008-10-30,0.0018570624241109098,2.0114974505710286e-05,5.479452055109421e-06,0.0018314679975500903,0.5000000000144689,0.09999999999148126,0.09837721455084907
2008-10-31,-0.0020717442446857126,0.0,5.383702727059763e-06,-0.002077127947412772,0.49468115457282774,0.10167085549746503,0.0
2008-11-03,-0.00032313124348697016,0.0,1.6358534856412555e-05,-0.0003394897783433827,0.49786410346720494,0.0998064219611661,0.0
2008-11-04,-0.009399780266194776,0.0,5.4863215443464014e-06,-0.009405266587739122,0.5000185484849534,0.09951707574766612,0.0
2008-11-05,0.004133074505991555,0.0,5.8160261150585756e-06,0.004127258479876496,0.5155428264460524,0.09097292004677633,0.0
2008-11-06,0.008606155987349203,1.6220217287147036e-05,5.4794520547773236e-06,0.00858445631800728,0.500000000001052,0.10000000000230741,0.07584535384937217
2008-11-07,-0.0018019038636315236,0.0,5.207703660634459e-06,-0.001807111567292158,0.48784413379462066,0.10768176656830517,0.0
2008-11-10,-0.003027306368345086,0.0,1.571312262754186e-05,-0.003043019490972628,0.4884241964256078,0.10607154582208927,0.0
2008-11-11,0.010347044599833193,0.0,5.356700176814091e-06,0.01034168789965638,0.49439787508905425,0.10335876218162568,0.0
2008-11-12,0.010322128608085904,0.0,5.067921401137041e-06,0.010317060686684768,0.48250019551534984,0.11254193323234599,0.0
2008-11-13,-0.006123075521490122,2.5178344290919262e-05,3.5697590153690757e-06,-0.006151823624796411,0.49999999999153794,0.23940759186959543,0.11868256634947238
2008-11-14,0.008013023014941325,0.0,3.7185859193918575e-06,0.008009304429021933,0.5061852969481895,0.2347285248325839,0.0
2008-11-17,-1.614711910607537e-05,0.0,1.0736745816796297e-05,-2.6883864922871666e-05,0.5020736196589832,0.24081280478360673,0.0
2008-11-18,0.002498248150365791,0.0,3.5810322870145444e-06,0.0024946671180787762,0.5022184883354196,0.2408031313833578,0.0
2008-11-19,0.0043946393470103194,0.0,3.550200667910884e-06,0.004391089146342409,0.5018605827250578,0.24269593396756328,0.0
2008-11-20,0.016844457102468072,3.432896628619263e-05,5.479452054459814e-06,0.01680464868412742,0.49999999996572625,0.09999999999015982,0.15414395436463607
2008-11-21,-0.007799444303772722,0.0,5.09745417317095e-06,-0.0078045417579458935,0.4870275327852942,0.11491337814381478,0.0
2008-11-24,-0.015119072046510567,0.0,1.5869013731318417e-05,-0.015134941060241885,0.4941024855285981,0.10795648473318324,0.0
2008-11-25,0.009757093630268632,0.0,5.6825649921922135e-06,0.00975141106527644,0.5090913386264644,0.09426409419643274,0.0
2008-11-26,-0.007166627080057246,0.0,5.437715226163664e-06,-0.007172064795283409,0.4999698418278593,0.10301663031791182,0.0
2008-11-28,0.008833297620766912,3.4329926679210193e-06,1.0958904109627124e-05,0.008818905723989363,0.5000000000007953,0.09999999999940525,0.01697118457284904
2008-12-01,0.010269019101522153,0.0,1.5731503943294052e-05,0.010253287597578858,0.4906818266250431,0.10788189733822126,0.0
2008-12-02,-0.0006140703825187988,0.0,5.0324726750371015e-06,-0.000619102855193836,0.4843222815205859,0.1169517762428775,0.0
2008-12-03,0.0004587763631453492,0.0,5.0595479369938e-06,0.0004537168152083554,0.4857567748852812,0.11640977548473377,0.0
2008-12-04,0.010400426289697534,0.0,5.058662789306301e-06,0.010395367626908228,0.48609793428762305,0.11681555066826313,0.0
2008-12-05,0.000559036627267711,6.850704492719285e-06,5.47945205537317e-06,0.0005467064707196187,0.5000000000224041,0.09999999998016279,0.03277815553073603
2008-12-08,-0.006630646085942534,0.0,1.6236800744842105e-05,-0.006646882886687376,0.4955995751620489,0.10050409037089092,0.0
2008-12-09,0.004615948994584699,0.0,5.581224216886167e-06,0.004610367770367813,0.5019309530874332,0.09450158525474299,0.0
2008-12-10,-0.0038874519676881237,0.0,5.49868842959545e-06,-0.0038929506561177192,0.5000669184477593,0.09866266308729138,0.0
2008-12-11,-0.0017196907160288396,0.0,5.60584034903538e-06,-0.001725296556377875,0.5043719537573577,0.09514560827777496,0.0
2008-12-12,-0.0022453689549963695,2.0402491547885578e-06,5.479452055544321e-06,-0.002252888656206702,0.5000000000303252,0.09999999997558977,0.009842279168921844
2008-12-15,0.002112533862661875,0.0,1.6666116910979916e-05,0.002095867745750895,0.5035175367617368,0.09797535859455886,0.0
2008-12-16,-0.0034330616791143622,0.0,5.479661446026978e-06,-0.003438541340560389,0.4998938457643657,0.09987856020439631,0.0
2008-12-17,0.005331517925529345,0.0,5.629594996369065e-06,0.005325888330532976,0.5077387093583845,0.09677827462344277,0.0
2008-12-18,0.007258017880861787,0.0,5.49858749228564e-06,0.007252519293369501,0.50296573514242,0.10156884820556844,0.0
2008-12-19,0.002811764231200847,3.344967411810959e-06,5.479452055096667e-06,0.0028029398117339396,0.5000000000120365,0.0999999999899798,0.016455904421656592
2008-12-22,0.003366241227625849,0.0,1.6235720109145754e-05,0.0033500055075167032,0.49759358383666974,0.10252439451412311,0.0
2008-12-23,-0.0033779746182529863,0.0,5.276195143786084e-06,-0.0033832508133967722,0.49069933141904487,0.10553708592266078,0.0
2008-12-24,0.0008011919990579258,0.0,5.382055318796905e-06,0.0007958099437391289,0.49539595279527004,0.10250591452309607,0.0
2008-12-26,-0.00057035815527734,0.0,1.0698156305085504e-05,-0.0005810563115824255,0.49370766420890233,0.1032249590732814,0.0
2008-12-29,-0.007278780276204343,2.6177964202656008e-05,1.6438356164521488e-05,-0.00732139659657152,0.5000000000021152,0.09999999999875897,0.126231771461252
2008-12-30,0.003985088019317332,0.0,5.737507642708716e-06,0.003979350511674623,0.5122431332408641,0.09340507532312788,0.0
2008-12-31,-0.010606420348248593,0.0,5.6212591537151095e-06,-0.010612041607402308,0.5073560680503908,0.0970041498291879,0.0
2009-01-02,-0.015546137152797616,0.0,1.1833110424469415e-05,-0.015557970263222086,0.5192329503509463,0.08732441985781264,0.0
2009-01-05,-0.007266915632538955,0.0,1.9105947424704632e-05,-0.00728602157996366,0.5378240429676477,0.07291265563316841,0.0
2009-01-06,-0.001953977222969632,1.0674771706242452e-05,5.479452055006063e-06,-0.00197013144673088,0.5000000000087539,0.0999999999933114,0.051041293298193305
2009-01-07,0.012781080012099117,0.0,5.5196351272805345e-06,0.012775560376971836,0.5011729319233255,0.0982395676318465,0.0
2009-01-08,0.0015276501289497924,0.0,5.0982113592487575e-06,0.0015225519175905437,0.48178961753481986,0.10962018830966051,0.0
2009-01-09,0.004716609812106281,0.0,5.032836508986118e-06,0.004711576975597294,0.4783759325072991,0.11097886735131254,0.0
2009-01-12,0.008105103384964356,0.0,1.4774817832375158e-05,0.008090328567131981,0.4746734925464029,0.11515292529194066,0.0
2009-01-13,-0.00021009629886085826,7.069331175138317e-06,5.479452054846384e-06,-0.00022264508209084296,0.5000000000024017,0.09999999999861572,0.03401379243746843
2009-01-14,0.0068063435421313705,0.0,5.5139165043288576e-06,0.006800829625627042,0.5023280311948327,0.09981212637882612,0.0
2009-01-15,0.0032741248169179007,0.0,5.347083555705331e-06,0.0032687777333621952,0.49623537336966317,0.10589827380317413,0.0
2009-01-16,-0.0011546796913946423,0.0,5.239019489907816e-06,-0.00115991871088455,0.49126512377408055,0.10881670101080994,0.0
2009-01-20,0.008488315943962828,0.0,2.083637539199127e-05,0.008467479568570836,0.4880508964341575,0.10778704553031684,0.0
2009-01-21,-0.011249024654254347,3.743083865072001e-05,5.479452054868389e-06,-0.011291934944959935,0.500000000003313,0.09999999999792067,0.1730381482434457
2009-01-22,0.0028197719049016354,0.0,5.756013148241434e-06,0.002814015891753394,0.5099535510902572,0.08976459126863261,0.0
2009-01-23,-0.008666426432358858,0.0,5.603946812966486e-06,-0.008672030379171825,0.5014126777399417,0.09232456039338813,0.0
2009-01-26,-0.0010215036202730263,0.0,1.758924660531204e-05,-0.0010390928668783384,0.512394967041849,0.08438996631258933,0.0
2009-01-27,0.012997515498209872,0.0,5.853720674247591e-06,0.012991661777535624,0.510776789595022,0.083455180374948,0.0
2009-01-28,-0.004318655930910614,1.964894253844624e-06,5.4794520549740055e-06,-0.0043261002772194326,0.5000000000090242,0.09999999999592178,0.009672260258428725
2009-01-29,-0.0027946485410871255,0.0,5.572932823035746e-06,-0.0028002214739101614,0.5029211657061634,0.09609706962455392,0.0
2009-01-30,0.0028523566076250214,0.0,5.563305195383193e-06,0.002846793302429638,0.4996857014506437,0.09356442218767073,0.0
2009-02-02,0.0029160288768124184,0.0,1.6434711203421444e-05,0.002899594165608997,0.4960543852709314,0.09614307932100973,0.0
2009-02-03,-0.0020837058510609547,0.0,5.427404520079009e-06,-0.0020891332555810337,0.49497323739739957,0.09877270743163198,0.0
2009-02-04,-0.000934649381499355,1.527998000528271e-06,5.4794520552639355e-06,-0.0009416568315551471,0.5000000000211143,0.0999999999868471,0.007567417190432926
2009-02-05,-0.003819536254044459,0.0,5.490003386020378e-06,-0.0038250262574304797,0.499928971274788,0.09915872409530038,0.0
2009-02-06,-0.0010258124928463784,0.0,5.605217831972118e-06,-0.0010314177106783506,0.504886164719113,0.09570526298514839,0.0
2009-02-09,0.0003780476801769307,0.0,1.68934995342442e-05,0.0003611541806426865,0.5058523607137756,0.09477720538050008,0.0
2009-02-10,0.010929828773448558,0.0,5.6242838596136064e-06,0.010924204489588944,0.505693621501859,0.09512089975006578,0.0
2009-02-11,0.004068738620664399,1.2868802069257417e-06,5.481845422346522e-06,0.004061969895035126,0.4999999999853264,0.09982528415403039,0.0063551504696888195
2009-02-12,3.010905745928306e-05,0.0,5.397519702947223e-06,2.471153775633584e-05,0.49749265397191683,0.10347371565676955,0.0
2009-02-13,0.00017760944417541516,0.0,5.380477709012403e-06,0.00017222896646640275,0.496276139796666,0.10350126703876059,0.0
2009-02-17,0.017169970604273534,0.0,2.113696618832763e-05,0.017148833638085205,0.4894106559890522,0.10366102305207292,0.0
2009-02-18,-0.00027323729567010804,0.0,4.843900239528575e-06,-0.0002780811959096366,0.47239853571586843,0.11879381823028237,0.0
2009-02-19,-0.006694342692174157,6.32447370369877e-06,5.479452055159152e-06,-0.006706146617933015,0.5000000000169633,0.09999999999034521,0.03051526855626934
2009-02-20,0.0021298846047059445,0.0,5.636712364120248e-06,0.0021242478923418242,0.505415605806827,0.09393560322604895,0.0
2009-02-23,0.003662745043974665,0.0,1.6755685348583482e-05,0.003645989358626081,0.5035835303060532,0.09586185349052169,0.0
2009-02-24,-0.007205627700834792,0.0,5.478627927838718e-06,-0.007211106328762631,0.4991028898376235,0.09916305110539715,0.0
2009-02-25,-0.006383886457009589,0.0,5.69845560789336e-06,-0.006389584912617483,0.5086126140621573,0.092625354685942,0.0
2009-02-26,-0.007545721938424899,1.0763267097844883e-05,6.04166406307117e-06,-0.007562526869585815,0.5000000000137749,0.05895852340957932,0.05126269291269174
2009-02-27,-0.001444402915710589,0.0,6.260312122356309e-06,-0.0014506632278329453,0.508807359893277,0.05180457496126646,0.0
2009-03-02,0.014614128742218046,0.0,1.8858843330876406e-05,0.01459526989888717,0.5093318548797238,0.05043333382839782,0.0
2009-03-03,-0.007051757139944182,0.0,5.859734727382914e-06,-0.007057616874671564,0.491872369600828,0.06411173450187516,0.0
2009-03-04,-0.010115087082835773,0.0,6.069822305260869e-06,-0.010121156905141034,0.5005625754614459,0.05746554717740246,0.0
2009-03-05,0.010927410441142215,3.871017657907413e-06,5.989011230096549e-06,0.010917550412254211,0.5000000000343754,0.06280218023732743,0.01886370443784787
2009-03-06,-0.0039668827796782566,0.0,5.709146382288737e-06,-0.003972591926060545,0.48970102319892966,0.07293333729185192,0.0
2009-03-09,-0.0017590879088168897,0.0,1.7457506641008043e-05,-0.0017765454154578977,0.49404085109123214,0.06924152282670319,0.0
2009-03-10,0.0008421572575990599,0.0,5.822778748336102e-06,0.0008363344788507238,0.4926653825180764,0.06760253388954107,0.0
2009-03-11,0.008482849925645635,0.0,5.757811115662893e-06,0.008477092114529973,0.48870770776943157,0.06838749632604042,0.0
2009-03-12,-0.011493174045267637,3.514629599813486e-05,6.108364958801719e-06,-0.011534428706224575,0.5000000000363409,0.054089358043815365,0.16978862779737955
2009-03-13,0.0050690190630938445,0.0,6.547372636822385e-06,0.005062471690457022,0.5210514423899506,0.04309323990191661,0.0
2009-03-16,-0.003170027830715016,0.0,1.9183423679034194e-05,-0.00318921125439405,0.5147163098638683,0.04791966700736951,0.0
2009-03-17,-0.0051361047106942,0.0,6.477998907932725e-06,-0.005142582709602133,0.5177867321164967,0.04489281183740775,0.0
2009-03-18,0.007499850456937455,0.0,6.62674210301983e-06,0.007493223714834435,0.5237143896488605,0.03996221612841293,0.0
2009-03-19,-0.013072387554375264,3.6661685903558926e-05,6.124165004522737e-06,-0.013115173405283344,0.5000000000670002,0.0529359547368403,0.16945641218633717
2009-03-20,-0.0030037971624703986,0.0,6.573628946437705e-06,-0.003010370791416836,0.5202682458357966,0.040393332745844106,0.0
2009-03-23,-0.00804826150805594,0.0,1.9988125131910983e-05,-0.00806824963318785,0.523880143351865,0.03750243180869772,0.0
2009-03-24,0.0003138578402399155,0.0,6.897587375877043e-06,0.0003069602528640384,0.5332176253019004,0.02969374686287616,0.0
2009-03-25,0.0032247806593934565,0.0,6.865923448478545e-06,0.003217914735944978,0.5312108081267091,0.029998396387775357,0.0
2009-03-26,0.003965410233433508,6.275489415761923e-06,6.164383561719426e-06,0.003952970360456026,0.5000000000052395,0.04999999999972138,0.030091557686520165
2009-03-27,0.009028328871835266,0.0,6.0535752635253075e-06,0.00902227529657174,0.49566392074522886,0.05375292650788146,0.0
2009-03-30,0.007313502612609641,0.0,1.726918869641791e-05,0.007296233423913223,0.48243681534577804,0.0622198903996089,0.0
2009-03-31,-0.0006554709669004747,0.0,5.513974043865681e-06,-0.0006609849409443404,0.4715498411477634,0.06902973594556858,0.0
2009-04-01,0.0034678997139315896,0.0,5.548983754797079e-06,0.0034623507301767926,0.47349530333090356,0.06841948923071671,0.0
2009-04-02,-0.013466867874014818,2.7083285949728412e-05,5.450622959383158e-06,-0.013499401782923928,0.5000000000206919,0.10210452398572151,0.12959315483644385
2009-04-03,-0.0037899978223103806,0.0,5.803369616540619e-06,-0.003795801191926921,0.5134965672700627,0.08985058526259736,0.0
2009-04-06,0.0018977824674484257,0.0,1.7599424134358337e-05,0.0018801830433140673,0.5146411549514629,0.08638850101541005,0.0
2009-04-07,0.009155555720292356,0.0,5.755367517754268e-06,0.009149800352774603,0.5082624294198606,0.08812060062379899,0.0
2009-04-08,-0.002828161870864863,0.0,5.509500797199911e-06,-0.002833671371662063,0.498587727138684,0.09639416894309047,0.0
2009-04-09,-0.0026213135425550886,6.43229350794821e-06,5.541103543170391e-06,-0.0026332869396062074,0.49999999994407185,0.09549944129263331,0.030652819850479327
2009-04-13,0.001988882152994317,0.0,2.2457987781695813e-05,0.001966424165212621,0.5029816252627374,0.09312334824678889,0.0
2009-04-14,0.0007315838825496281,0.0,5.574404642023385e-06,0.0007260094779076047,0.5018571053396833,0.09492556647197622,0.0
2009-04-15,0.0011242179919513614,0.0,5.555706491768283e-06,0.0011186622854595931,0.5011543266391493,0.09558775274006466,0.0
2009-04-16,0.0007561861047258934,0.0,5.527832372161197e-06,0.0007506582723537322,0.5001356667562108,0.09660390358844344,0.0
2009-04-17,-0.00337837668774811,8.427878839613658e-07,5.5039124536676145e-06,-0.003384723388085739,0.4999999999894685,0.09821439087173267,0.004162824016312031
2009-04-20,0.01343335158980265,0.0,1.6808959975858882e-05,0.013416542629826791,0.5041761241031647,0.09515809802393194,0.0
2009-04-21,-2.540600496000713e-05,0.0,5.238139915827231e-06,-3.064414487583436e-05,0.4895380297304856,0.10715381587509773,0.0
2009-04-22,-1.7629734723412335e-05,0.0,5.225142382839679e-06,-2.2854877106252014e-05,0.48856708677655014,0.10713169282925358,0.0
2009-04-23,0.001003181841844115,0.0,5.227250868206719e-06,0.0009979545909759083,0.4887058246083209,0.10711651122923035,0.0
2009-04-24,0.0010255122150854164,3.57647025022776e-05,5.343895639101874e-06,0.0009844036169440369,0.500000000025985,0.10989561837154826,0.16096602818540184
2009-04-27,0.003090863580651215,0.0,1.6036203730431275e-05,0.0030748273769207837,0.5010263375807837,0.11081204680695594,0.0
2009-04-28,-0.004381399352532937,0.0,5.237591446337199e-06,-0.004386636943979274,0.4958979277842012,0.1135537522015857,0.0
2009-04-29,0.0008819008431657,0.0,5.281124393143104e-06,0.0008766197187725569,0.49517544303876837,0.10965336233932196,0.0
2009-04-30,-0.0040494347536781765,0.0,5.296080808331641e-06,-0.004054730834486508,0.49705234966713907,0.11043845065892936,0.0
2009-05-01,-0.008834539474987958,3.061398795312217e-05,5.410091531840236e-06,-0.00887056355447292,0.5000000000265378,0.10506331820220054,0.1431188156262453
2009-05-04,-0.0056170299158505976,0.0,1.7003181496765106e-05,-0.005634033097347363,0.5108341050252636,0.09709002193731268,0.0
2009-05-05,0.0042402381554328605,0.0,5.903914943173788e-06,0.0042343342404896865,0.522977064754987,0.09199127390330046,0.0
2009-05-06,-0.009169491810262873,0.0,5.756375693508558e-06,-0.009175248185956381,0.5160411794144714,0.09582575378834658,0.0
2009-05-07,-0.007105299064215429,0.0,6.107415319494301e-06,-0.007111406479534923,0.5333000357394885,0.08745871741640467,0.0
2009-05-08,-0.006671196222528529,3.641845480624827e-05,5.709361573215052e-06,-0.006713324038907993,0.5000000000440888,0.08321660519939006,0.17601359604421668
2009-05-11,0.004441462913457915,0.0,1.782358398067441e-05,0.004423639329477241,0.5107699664271809,0.07706275623077002,0.0
2009-05-12,-0.0046943526208279756,0.0,5.853131561438611e-06,-0.0047002057523894145,0.5084238657578675,0.08114526177284889,0.0
2009-05-13,0.0076216804839708665,0.0,6.021631889890409e-06,0.007615658852080976,0.516391069041334,0.07681194107933421,0.0
2009-05-14,-0.0013141221721755417,0.0,5.799230311696187e-06,-0.001319921402487238,0.507139276650736,0.08379546389691424,0.0
2009-05-15,0.006885571464490043,2.147183310430071e-06,5.756855534275193e-06,0.006877667425645337,0.5000000000431903,0.07974954604110136,0.010574875344742052
2009-05-18,-0.006824055830336174,0.0,1.658508783139973e-05,-0.0068406409181675735,0.48961381059274256,0.08604334002868241,0.0
2009-05-19,0.003935098452950723,0.0,5.710792533020467e-06,0.003929387660417702,0.4966527823352165,0.0797649274247225,0.0
2009-05-20,-0.0033078394494237165,0.0,5.5734650121913225e-06,-0.0033134129144359076,0.49023536919628075,0.08337242330631427,0.0
2009-05-21,0.004579464750111748,0.0,5.721806142570187e-06,0.0045737429439691776,0.49802260121830344,0.08033075281067983,0.0
2009-05-22,-0.0006353413580186206,8.109110804302252e-06,6.1643835616829785e-06,-0.0006496148523846058,0.5000000000073372,0.050000000004479836,0.039211872536892185
2009-05-26,-0.0034584681996847185,0.0,2.4627888779384846e-05,-0.0034830960884641034,0.49885571773107495,0.049396747507301476,0.0
2009-05-27,-0.0031180204324667425,0.0,6.223157476033161e-06,-0.0031242435899427757,0.5003893417682851,0.04609884601786427,0.0
2009-05-28,-0.008135675991520923,0.0,6.269524177113371e-06,-0.008141945515698036,0.5007907939297804,0.04311552900050437,0.0
2009-05-29,0.0011363748774874873,0.0,6.583419126200259e-06,0.001129791458361287,0.5158565911730728,0.03526699496045388,0.0
2009-06-01,-0.011875591100680238,3.158336333471253e-05,1.8493150685018368e-05,-0.011925667614699969,0.5000000000059694,0.050000000003855745,0.15060173258101858
2009-06-02,0.0016240072443936332,0.0,6.5486403961838145e-06,0.0016174586039974493,0.5166353044083926,0.038584555486974086,0.0
2009-06-03,0.012612994681485664,0.0,6.510341521810181e-06,0.012606484339963853,0.5153985631604264,0.040143632068283155,0.0
2009-06-04,-0.008613746599246668,0.0,6.095288946973269e-06,-0.008619841888193642,0.4970559241746267,0.052099831045578,0.0
2009-06-05,-0.0003872931283794666,0.0,6.344030965558001e-06,-0.0003936371593450246,0.506978447286845,0.043864186801111114,0.0
2009-06-08,0.001531279543049309,5.1791995141041544e-05,1.8493150684598843e-05,0.0014609943972236689,0.4999999999863005,0.04999999999439545,0.2500000000124024
2009-06-09,-0.001130216074534401,0.0,6.094590751143854e-06,-0.001136310665285545,0.49636122729354903,0.05145610246004772,0.0
2009-06-10,-0.0004364331599652233,0.0,6.162635686015921e-06,-0.00044259579565123923,0.5002555423609194,0.05038313728175711,0.0
2009-06-11,-0.005019767646376772,0.0,6.182158175060859e-06,-0.005025949804551833,0.5012663668909294,0.049968820111486865,0.0
2009-06-12,0.0028420662574068205,0.0,6.379279421580156e-06,0.0028356869779852406,0.510863503078078,0.04517610530272675,0.0
2009-06-15,-0.004056307404678919,1.5746290530835528e-06,1.849315068522955e-05,-0.0040763751844172325,0.50000000001199,0.050000000004737685,0.0077676195927361275
2009-06-16,0.0004988133658211056,0.0,6.248471442230895e-06,0.0004925648943788747,0.502270158174853,0.04613174289199758,0.0
2009-06-17,-0.003264981345458064,0.0,6.206164327477053e-06,-0.003271187509785541,0.4996575948965694,0.046607598990744604,0.0
2009-06-18,0.002137968166882783,0.0,6.297577692145339e-06,0.0021316705891906377,0.503208036318468,0.04348486479185837,0.0
2009-06-19,0.003944335242201457,0.0,6.211600360984819e-06,0.003938123641840472,0.49897261332948323,0.04552578697759126,0.0
2009-06-22,0.005848241047442845,1.2780032713199618e-05,1.8330002544032373e-05,0.005817131012185613,0.5000000000115723,0.0539699381067846,0.0628497729263636
2009-06-23,-0.0016097308051040953,0.0,5.846529701316445e-06,-0.0016155773348054117,0.4862688896465649,0.0594722214504644,0.0
2009-06-24,0.004024299705942178,0.0,5.929044699625912e-06,0.004018370661242552,0.49077638631717874,0.057956123244487234,0.0
2009-06-25,-0.0019515310008691904,0.0,5.832166042723949e-06,-0.0019573631669119146,0.4874804805672211,0.061732359448372805,0.0
2009-06-26,0.0008568857619430608,0.0,5.978372223762814e-06,0.000850907389719298,0.4963192430595951,0.059898070724909644,0.0
2009-06-29,0.0010461960328992713,5.324499444345327e-05,1.8375476859787164e-05,0.000974575561596031,0.5000000000752924,0.05286339648713814,0.25000000006998657
2009-06-30,0.002041853914291638,0.0,6.1026151353444385e-06,0.0020357512991562936,0.49934800958212067,0.05385710470197655,0.0
2009-07-01,0.0038265939070085057,0.0,6.001398775581851e-06,0.003820592508232924,0.493887504046596,0.05578539342912094,0.0
2009-07-02,0.0013555371876618249,0.0,5.923207567056379e-06,0.0013496139800947685,0.4917792534590197,0.05938510106390403,0.0
2009-07-06,0.0041665380530650975,0.0,2.3065140987843626e-05,0.004143472912077254,0.48159759535256763,0.06065877232442142,0.0
2009-07-07,-0.0014379635620035555,3.3673458539158325e-05,4.10958904105335e-06,-0.0014757466095837671,0.4999999999779303,0.1999999999810358,0.16171338333843457
2009-07-08,-0.0033092635094366897,0.0,4.067177696143296e-06,-0.003313330687132833,0.4957594685626102,0.1988554967441495,0.0
2009-07-09,0.0012091243115273053,0.0,4.122376182168027e-06,0.0012050019353451373,0.49712975774268986,0.196196296444424,0.0
2009-07-10,-0.0011754137388872844,0.0,4.139830940865431e-06,-0.0011795535698281498,0.49937549181861174,0.19716783313543526,0.0
2009-07-13,0.003653644500426898,0.0,1.2398374982689243e-05,0.0036412461254442087,0.49791766721537206,0.19622387596993382,0.0
2009-07-14,4.899576452798102e-05,3.225967487351877e-05,6.1643835619444305e-06,1.057170609251782e-05,0.5000000000783834,0.05000000005643994,0.15738142051654175
2009-07-15,0.011400918079599306,0.0,6.2053456212704076e-06,0.011394712733978036,0.503038697076027,0.05004846672328733,0.0
2009-07-16,-0.006231226930892045,0.0,6.008970768423375e-06,-0.006237235901660468,0.4994119414772545,0.060757075382348154,0.0
2009-07-17,0.002317935824484317,0.0,6.2294062305204145e-06,0.0023117064182537964,0.5096147283977707,0.0548680735697805,0.0
2009-07-20,0.004135742620472311,0.0,1.8523198516840375e-05,0.004117219421955471,0.5077852809355312,0.0570541170257486,0.0
2009-07-21,-0.0030591861780632796,4.911275643124349e-06,6.164383561411224e-06,-0.0030702618372678153,0.49999999996322037,0.04999999998020091,0.02426157082030045
2009-07-22,-0.0007987651303922266,0.0,6.261543558989706e-06,-0.0008050266739512164,0.5041780580482962,0.04708537824204751,0.0
2009-07-23,0.009824725034554014,0.0,6.306975055169352e-06,0.009818418059498844,0.5067330841182579,0.04632390509089507,0.0
2009-07-24,-0.0021387378575357854,0.0,6.0460513159227316e-06,-0.0021447839088517082,0.4969644456381367,0.05560269957577738,0.0
2009-07-27,0.003518514459415827,0.0,1.8428092071215303e-05,0.0035000863673446117,0.5019957838973622,0.053578876831123286,0.0
2009-07-28,0.0007016656237426845,5.257460234742402e-05,7.820408906428914e-06,0.0006412706124888317,0.5000000000464524,-0.0708898501228582,0.2500000000349091
2009-07-29,0.000853228871346878,0.0,7.79573544423361e-06,0.0008454331359026444,0.498945483705152,-0.07014320372390156,0.0
2009-07-30,-0.0021255667951469,0.0,7.74886152033051e-06,-0.0021333156566672304,0.49643544668862627,-0.0692314442955008,0.0
2009-07-31,0.0023491249986605455,0.0,7.890626329573903e-06,0.002341234372330972,0.5045061584966984,-0.07150956356219638,0.0
2009-08-03,-0.002563444660361683,0.0,2.3641584535559146e-05,-0.0025870862448972424,0.5062796610553166,-0.06899889597662251,0.0
2009-08-04,0.0005352453774695346,5.114647840523948e-05,4.51545314731724e-06,0.00047958344591697794,0.5000000000293146,0.1703719202751561,0.25000000002722816
2009-08-05,-0.0017655741980175865,0.0,4.464896564994421e-06,-0.0017700390945825809,0.49676268993963624,0.1708252406950435,0.0
2009-08-06,0.002747150352925898,0.0,4.50193873570487e-06,0.0027426484141901933,0.4980009670321244,0.16935943932566888,0.0
2009-08-07,0.0008053037616493036,0.0,4.377483582809577e-06,0.000800926278066494,0.4911921544239775,0.17163585287887834,0.0
2009-08-10,-0.00023008764393091659,0.0,1.3132651778281416e-05,-0.000243220295709198,0.4918643477877963,0.17230315451628184,0.0
2009-08-11,0.0020234967626365356,4.06099267464954e-05,4.1095890414338375e-06,0.0019787772468486064,0.49999999998580597,0.19999999996113588,0.18842126318337085
2009-08-12,0.0003999914254777765,0.0,4.031445482623882e-06,0.0003959599799951526,0.4959200469294792,0.20162452669793593,0.0
2009-08-13,0.0008961069737521265,0.0,4.004370172043735e-06,0.0008921026035800827,0.4942635787201887,0.2019445561609961,0.0
2009-08-14,0.0005093769662111771,0.0,4.0077184185340164e-06,0.0005053692477926432,0.4952233142902975,0.20265986973731426,0.0
2009-08-17,-0.0004834279261866886,0.0,1.1852365590986432e-05,-0.000495280291777675,0.4914741857909726,0.20306662307696932,0.0
2009-08-18,0.003355132923693106,5.276353952894054e-05,4.526627753440585e-06,0.003297842756410725,0.49999999997137634,0.16955617397021364,0.24999999999571593
2009-08-19,0.0017453008429342038,0.0,4.506270451314962e-06,0.0017407945724828887,0.501300689900666,0.17234294695467375,0.0
2009-08-20,0.005160195285023662,0.0,4.478287207205946e-06,0.0051557169978164565,0.5007006886810431,0.17378572255500913,0.0
2009-08-21,0.003347918028133575,0.0,4.361862662204785e-06,0.0033435561654713702,0.4964440299088027,0.17802805556785345,0.0
2009-08-24,-0.0019790928088167215,0.0,1.2950456754904181e-05,-0.0019920432655716257,0.4958993347888964,0.18077155375289466,0.0
2009-08-25,0.0006165014556825266,5.3569429522857225e-05,8.592647625450416e-06,0.000554339378534219,0.7494339642557999,0.12217068759791957,0.24999999999773376
2009-08-26,-0.0001840860332696691,0.0,8.576281418535011e-06,-0.00019266231468820412,0.7487877045432203,0.12271916099016458,0.0
2009-08-27,1.1928075147704166e-05,0.0,8.607832038710212e-06,3.3202431089939534e-06,0.7509304262231395,0.12255868739729403,0.0
2009-08-28,0.0034450485281703274,0.0,8.577398063110573e-06,0.0034364711301072166,0.7487202671166235,0.12257020850955155,0.0
2009-08-31,0.0024628960416612166,0.0,2.5435584867615506e-05,0.002437460456793601,0.7445162574166817,0.1255836923047045,0.0
2009-09-01,0.0015476562946979047,3.707307804226831e-05,9.651696996064153e-06,0.0015009315196595722,0.7500000000047611,0.04542611929207785,0.18175623748056347
2009-09-02,0.010445164482551497,0.0,9.461509692660004e-06,0.010435702972858837,0.7375935843942935,0.04690337683011307,0.0
2009-09-03,0.009165661687952072,0.0,9.093081436809183e-06,0.009156568606515264,0.7205511948334413,0.05675624994637085,0.0
2009-09-04,0.002834707226120648,0.0,8.843359460011178e-06,0.0028258638666606366,0.7108890106330197,0.06532377005220368,0.0
2009-09-08,-0.0026148719533711953,0.0,3.5442171564671246e-05,-0.0026503141249358667,0.7147860445016697,0.06796641344641956,0.0
2009-09-09,0.002327073561277332,4.690467384820465e-06,9.346882395155665e-06,0.002313036211497356,0.7500000000080618,0.06767758516169825,0.023175056235218483
2009-09-10,-0.00944140952555655,0.0,9.268148852439052e-06,-0.009450677674408988,0.746417975310595,0.06984310908254406,0.0
2009-09-11,0.010092240979818038,0.0,9.742210199941751e-06,0.010082498769618095,0.7721593274135825,0.06097798281783462,0.0
2009-09-14,-0.0036998675356185004,0.0,2.829743595046116e-05,-0.0037281649715689615,0.7589317524684643,0.07036081100724273,0.0
2009-09-15,-0.003432843728419059,0.0,9.560641885573095e-06,-0.003442404370304632,0.7648372541148059,0.06691039646797,0.0
2009-09-16,-0.0015072040894965697,5.512596795148623e-06,9.189572829563395e-06,-0.001521906259121282,0.7500000001079608,0.07916118354983304,0.026785728469643257
2009-09-17,0.006629744616676447,0.0,9.393548886605729e-06,0.0066203510677898415,0.7635014103961346,0.07777234167391658,0.0
2009-09-18,-0.002887826725530603,0.0,9.159062884246792e-06,-0.00289698578841485,0.7524585803322728,0.08384698978225713,0.0
2009-09-21,0.0042017768328470265,0.0,2.774463568023966e-05,0.004174032197166787,0.7563138502467244,0.08119438202755942,0.0
2009-09-22,-0.00015157478641335395,0.0,9.093883712711704e-06,-0.00016066867012606566,0.7488947052057772,0.08504119417782267,0.0
2009-09-23,-0.0025897588933662045,5.109455656495776e-05,1.206531507878951e-05,-0.0026529187650099514,0.9999999999878333,0.11923199923619918,0.24767754814491277
2009-09-24,-0.005593846386408793,0.0,1.2123242207670713e-05,-0.005605969628616464,1.0019491870001533,0.11695250584019148,0.0
2009-09-25,-0.0009219260172211713,0.0,1.2268192229636541e-05,-0.0009341942094508079,1.0075644848665566,0.11198645210308902,0.0
2009-09-28,0.00486706768340795,0.0,3.683274710487045e-05,0.004830234936303079,1.00743189182693,0.1111683789417493,0.0
2009-09-29,-0.0013382681771380383,0.0,1.2236057101106915e-05,-0.0013505042342391452,1.008709830766743,0.11547766238593801,0.0
2009-09-30,-0.0014928457025330855,1.976487300668139e-05,1.0936801186045663e-05,-0.0015235473767258125,1.0000000000523162,0.20161351347098286,0.09467615155078707
2009-10-01,-0.005856820867079678,0.0,1.1007546876987e-05,-0.005867828413956664,1.0039769483351206,0.20042602631506956,0.0
2009-10-02,-0.0042404897334637134,0.0,1.0848333289243555e-05,-0.004251338066752957,0.9876459731094462,0.19571764299466674,0.0
2009-10-05,-0.002418987198947032,0.0,3.286230264960301e-05,-0.002451849501596635,0.9919440273552177,0.19229466288154481,0.0
2009-10-06,0.007980358854970278,0.0,1.1234936640685518e-05,0.007969123918329593,1.010492741289123,0.19034236651908026,0.0
2009-10-07,0.0011507072798859353,1.415697633748353e-06,1.105687479776568e-05,0.0011382347074544213,1.0000000000318237,0.19284813979492912,0.007047275662625185
2009-10-08,0.0018105125961322206,0.0,1.1085490072342348e-05,0.0017994271060598783,1.003019057189787,0.1937782819087955,0.0
2009-10-09,0.003578384817457961,0.0,1.109049475557754e-05,0.0035672943227023834,1.0048435960504487,0.19523747889328846,0.0
2009-10-12,-0.0034402621375570837,0.0,3.2860021218533956e-05,-0.0034731221587756176,0.9977029997154391,0.19810915006444607,0.0
2009-10-13,0.004771123749288985,0.0,1.113759913087363e-05,0.0047599861501581115,1.0083920897015397,0.19534735314776475,0.0
2009-10-14,0.009608896245383927,1.354486828858059e-05,1.1387909662995791e-05,0.00958396346743235,1.0000000000108389,0.1686825946121465,0.06670747953144504
2009-10-15,-0.005398770077328831,0.0,1.115671142460803e-05,-0.005409926788753438,0.9910389067506533,0.17659897275426745,0.0
2009-10-16,-0.007128900026616194,0.0,1.1356783647045527e-05,-0.0071402568102632395,1.0011766272972566,0.1721314210629333,0.0
2009-10-19,0.002837074393996536,0.0,3.469089175885284e-05,0.002802383502237683,1.0103341870756872,0.1661891542769348,0.0
2009-10-20,-0.0033441516254680732,0.0,1.1576602877925901e-05,-0.0033557282283459993,1.013645886157987,0.1685538760693963,0.0
2009-10-21,-0.00029837380274228464,4.315532219115502e-06,1.1514266815057619e-05,-0.0003142036017764578,1.000000000037249,0.15945852253804302,0.021320974222478764
2009-10-22,0.005943989187555764,0.0,1.1493700088654437e-05,0.0059324954874671095,0.9982502796169164,0.1592101731451424,0.0
2009-10-23,-0.0005373328117608886,0.0,1.1364415192886214e-05,-0.0005486972269537748,0.9937824733298523,0.16418016424915843,0.0
2009-10-26,0.004872864941973632,0.0,3.3887553771218215e-05,0.004838977388202414,0.988329812866302,0.16373267109999184,0.0
2009-10-27,-0.004078662407160923,0.0,1.1033842962619537e-05,-0.004089696250123543,0.9732641229414092,0.16779358667018313,0.0
2009-10-28,-0.0024568958677531464,5.390646036692193e-06,1.1558963105339453e-05,-0.002473845476895178,1.0000000000146332,0.15619569332485336,0.02621821916416681
2009-10-29,0.004925104790215421,0.0,1.1356276145285586e-05,0.004913748514070135,0.9831282252928204,0.15412006668697253,0.0
2009-10-30,-0.0038220554188630592,0.0,1.1410836987881915e-05,-0.0038334662558509413,0.9912585849740182,0.15826748485863826,0.0
2009-11-02,0.0053204082190768534,0.0,3.395791609400694e-05,0.005286450302982846,0.981349060784013,0.1550397691631771,0.0
2009-11-03,-0.003463048024975369,0.0,1.1195634398755962e-05,-0.003474243659374125,0.976798210331216,0.1595168992220308,0.0
2009-11-04,0.007038006218516133,5.0883379153332375e-05,1.1321190030935356e-05,0.0069758016493318645,1.000000000033865,0.17355312777558382,0.2500000000326323
2009-11-05,0.0008890429071394886,0.0,1.1111316215803102e-05,0.0008779315909236855,0.9904661768306484,0.179340093077022,0.0
2009-11-06,0.009019632338486403,0.0,1.1183320067167319e-05,0.009008449018419237,0.9964534108275481,0.18007104592433382,0.0
2009-11-09,0.004626261817455896,0.0,3.2628780241489385e-05,0.004593633037214407,0.9813694585183399,0.18740247264209817,0.0
2009-11-10,0.005811584780450546,0.0,1.0847004837114263e-05,0.005800737775613431,0.9829820115890178,0.19115065847967638,0.0
2009-11-11,0.001033774577896929,1.4574457155631653e-05,1.1035962270456748e-05,0.0010081641584708406,1.0000000000084523,0.19437475426510978,0.06999158267356194
2009-11-12,0.0005022067942391031,0.0,1.1058586596606809e-05,0.0004911482076424964,1.0024885449324785,0.19521172338018158,0.0
2009-11-13,0.005013051647035173,0.0,1.0976602881540839e-05,0.005002075044153632,0.996909863169108,0.1956178528166268,0.0
2009-11-16,-0.002473080797751422,0.0,3.251228023465917e-05,-0.002505593077986081,0.9907644809515979,0.19963232857489124,0.0
2009-11-17,0.0009312826851907526,0.0,1.1065722301721664e-05,0.000920216962889031,1.0054522175235399,0.19765448949785855,0.0
2009-11-18,0.003334829814155482,2.406186593413021e-05,9.456063902790087e-06,0.003301311884318562,1.0000000000172777,0.3097073351136015,0.11760934241364596
2009-11-19,-0.002393045845899674,0.0,9.274081048511127e-06,-0.0024023199269481853,0.9890200321637137,0.31201211562240144,0.0
2009-11-20,-0.002971062202328338,0.0,9.284996045520736e-06,-0.002980347198373859,0.9881693763188555,0.3103646649958419,0.0
2009-11-23,0.003623614575696441,0.0,2.8043138889831787e-05,0.003595571436806609,0.9906955273518228,0.3083124810325827,0.0
2009-11-24,0.000690035160115823,0.0,9.309346555100497e-06,0.0006807258135607226,0.9904008239186699,0.3108185253963336,0.0
2009-11-25,-0.005645698475744621,2.2115589826208e-06,9.482581987995177e-06,-0.005657392616715237,1.0000000000230647,0.30777151489941645,0.01093462040057383
2009-11-27,-0.011325104768499898,0.0,1.9521369988092913e-05,-0.011344626138487992,1.0163747902361444,0.3038447856707531,0.0
2009-11-30,0.013970140479893553,0.0,3.0128094180680897e-05,0.013940012385712871,1.0289932451553438,0.2958762867587755,0.0
2009-12-01,0.00510674918526602,0.0,9.582112143313935e-06,0.005097167073122706,1.0050807334506562,0.3055865469887388,0.0
2009-12-02,0.005839759314963718,0.0,9.470177148370956e-06,0.0058302891378153475,1.0004406035868905,0.30911767175581084,0.0
2009-12-03,0.0018511882179694172,2.1137828921432957e-06,9.499097226324299e-06,0.0018395753378509497,1.0000000000359672,0.3065659025142934,0.01039730619266032
2009-12-04,-0.00391457466999677,0.0,9.391143561529928e-06,-0.0039239658135583,0.9934042560286117,0.3078507760369271,0.0
2009-12-07,-0.010855954399083156,0.0,2.861110859565458e-05,-0.010884565507678811,1.001337177420814,0.3051335349265524,0.0
2009-12-08,-0.004513987709415202,0.0,9.920081506633035e-06,-0.004523907790921835,1.0216818619449946,0.2975159119607832,0.0
2009-12-09,0.006001206855905186,0.0,1.0056751268345334e-05,0.005991150104636841,1.028476304281054,0.2943334616918446,0.0
2009-12-10,-0.008254816402291337,4.426886797658292e-05,1.0958904109473944e-05,-0.008310044174377394,1.0000000000180849,0.20000000002648718,0.21479241128279053
2009-12-11,0.0006350073089912357,0.0,1.1310135142061235e-05,0.0006236971738491745,1.0189918122141388,0.19335194684366858,0.0
2009-12-14,-8.201725426955044e-05,0.0,3.376228535601916e-05,-0.0001157795396255696,1.0154149841142581,0.19386604045112504,0.0
2009-12-15,-0.008059442661943767,0.0,1.136766452021975e-05,-0.008070810326463987,1.0236459719958466,0.19380646201980478,0.0
2009-12-16,0.0031609683085776705,0.0,1.162427424763197e-05,0.0031493440343300385,1.035830366027205,0.18725834595007135,0.0
2009-12-17,-0.009818835244089906,6.748822471770708e-06,1.0958904109153413e-05,-0.00983654297067083,1.000000000003957,0.200000000035758,0.032882161681777516
2009-12-18,-9.191580291569673e-05,0.0,1.1322115670626875e-05,-0.0001032379185863236,1.0185849182209366,0.1920704742651747,0.0
2009-12-21,0.0059854313612264605,0.0,3.413168759260734e-05,0.005951299673633853,1.0225361113954916,0.19199837997537972,0.0
2009-12-22,-0.0017899125879114134,0.0,1.1166454205342241e-05,-0.0018010790421167557,1.0119636780343315,0.1968125210443478,0.0
2009-12-23,-0.0005685974455258494,0.0,1.1239211928608159e-05,-0.0005798366574544575,1.01583696415019,0.1953744933617944,0.0
2009-12-24,0.009346983636379915,5.0987536156613035e-05,1.23287671237162e-05,0.009283667333099587,1.0000000000948455,0.100000000063563,0.2500000000873851
2009-12-28,-0.006242885500119578,0.0,4.811415207672236e-05,-0.0062909996521963,0.9864244556244487,0.1083411802242655,0.0
2009-12-29,0.0008383981167619785,0.0,1.2285674969601695e-05,0.0008261124417923768,0.9995989341339061,0.10274466135298257,0.0
2009-12-30,0.0032721539488184677,0.0,1.2211319858654918e-05,0.0032599426289598127,0.9949239085304934,0.10349755884868453,0.0
2009-12-31,0.003121208202565825,0.0,1.2110576590573948e-05,0.003109097625975251,0.9904948717501062,0.10642278063820801,0.0
2010-01-04,-0.0010748269606262937,1.789350527252998e-05,4.931506849321257e-05,-0.001142035534392036,0.9999999999788358,0.09999999997770642,0.0883116626014311
2010-01-05,0.00497971177392623,0.0,1.2539249122631378e-05,0.004967172524803599,1.0144034642021975,0.0990382782501068,0.0
2010-01-06,-0.004391959416193255,0.0,1.2371949200078488e-05,-0.004404331365393334,1.0066561600581747,0.10350386845244511,0.0
2010-01-07,0.0023510581736096016,0.0,1.2568687717675246e-05,0.0023384894858919265,1.017064565207533,0.09955036181723978,0.0
2010-01-08,0.006386903632304789,0.0,1.248333708068723e-05,0.006374420295224102,1.0129472874329706,0.10166368054280303,0.0
2010-01-11,0.008783467470300866,2.962233964653182e-06,3.6986301371340536e-05,0.008743518934964872,1.0000000000468758,0.10000000001092271,0.014691859824480569
2010-01-12,-0.008997995862157406,0.0,1.199029649436278e-05,-0.009009986158651768,0.9831322055783626,0.1078405614898795,0.0
2010-01-13,0.0005917722107002077,0.0,1.2236428237981003e-05,0.0005795357824622267,0.9930004941268983,0.09974123275428509,0.0
2010-01-14,0.0033073211669539734,0.0,1.22800407956947e-05,0.0032950411261582786,0.9967178701626571,0.10027489207694401,0.0
2010-01-15,-0.00683952870628946,0.0,1.218007004796142e-05,-0.006851708776337421,0.9923871400217484,0.10324202652056483,0.0
2010-01-19,0.005132950767699298,1.7331501452167444e-06,4.931506849569564e-05,0.005081902549058386,1.0000000000248115,0.09999999997836603,0.008613137410241861
2010-01-20,-0.005352100714563835,0.0,1.2207432721527256e-05,-0.005364308147285362,0.9957439654144499,0.10460137674296024,0.0
2010-01-21,-0.007916151679929538,0.0,1.229709628313273e-05,-0.00792844877621267,0.9974725797775723,0.0997845511088831,0.0
2010-01-22,-0.009577473437896436,0.0,1.2479228482192139e-05,-0.009589952666378628,1.0035862735548664,0.0926025943548403,0.0
2010-01-25,0.003011337632879035,0.0,3.808703306144878e-05,0.0029732505998175864,1.0106135085797696,0.08382903741784911,0.0
2010-01-26,0.005883780412184323,4.388520683349697e-05,1.5068493149638166e-05,0.005824826712201188,0.9999999999862211,-0.09999999993736491,0.21459602440383221
2010-01-27,0.0057185535469423425,0.0,1.4842280342428704e-05,0.005703711266599913,0.989915281401814,-0.09357118359548132,0.0
2010-01-28,-0.002979012319378624,0.0,1.4624972834497107e-05,-0.002993637292213121,0.9802686310645308,-0.08735438585375802,0.0
2010-01-29,-0.004434602409409188,0.0,1.4633080775777945e-05,-0.004449235490184966,0.9776102610427064,-0.09060463558908347,0.0
2010-02-01,-0.0025441341717115096,0.0,4.423442540381483e-05,-0.0025883685971153244,0.9809070384343744,-0.09546397972511991,0.0
2010-02-02,0.0007512867368861594,2.3195488816972404e-05,1.6438356164713e-05,0.000711652891904474,1.0000000000541451,-0.19999999996990395,0.11404400196028575
2010-02-03,0.003579203104954005,0.0,1.6460485342033193e-05,0.003562742619611972,1.0025084118206686,-0.19910701814775436,0.0
2010-02-04,-0.01093869113646169,0.0,1.633683362720457e-05,-0.010955027970088894,0.9977551819729993,-0.19483367281293423,0.0
2010-02-05,-0.0038870396419938796,0.0,1.6647484547871785e-05,-0.0039036871265417513,1.0072147972244152,-0.2080515747702248,0.0
2010-02-08,0.001046967612966718,0.0,5.047513691230885e-05,0.000996492476054409,1.0154591327383715,-0.2127691987944773,0.0
2010-02-09,0.007661987284336761,2.341687187591073e-06,1.6438356164443147e-05,0.007643207240984727,1.0000000000218927,-0.19999999998245707,0.011640563294686462
2010-02-10,-0.001087294765031234,0.0,1.6146036982031794e-05,-0.001103440802013266,0.9877816153894661,-0.19087908429885472,0.0
2010-02-11,0.0018355367608339625,0.0,1.612199539678289e-05,0.0018194147654371797,0.9847272273730621,-0.19217843659208889,0.0
2010-02-12,-0.003192075615471615,0.0,1.6114223086342878e-05,-0.003208189838557958,0.986341069212123,-0.1899972160909071,0.0
2010-02-16,0.00633734606177664,0.0,6.503996548452707e-05,0.006272306096292113,0.9931682956666669,-0.1938110744259521,0.0
2010-02-17,0.0032194906410826615,3.7806556048723363e-06,1.6438356164259863e-05,0.0031992716293135297,0.9999999999894543,-0.20000000000151538,0.0187913920307297
2010-02-18,0.007877305029122574,0.0,1.634751073028357e-05,0.00786095751839229,0.9972153205590053,-0.1961529627516954,0.0
2010-02-19,0.002975699805223276,0.0,1.6068268217619917e-05,0.0029596315370056564,0.9861764054262419,-0.1868071744600118,0.0
2010-02-22,0.0033576747392274906,0.0,4.7882808712174904e-05,0.0033097919305153157,0.9818593385995056,-0.18328900673008364,0.0
2010-02-23,-0.003754813022911765,0.0,1.5806998730825557e-05,-0.0037706200216425906,0.9745731460346487,-0.17933776131561702,0.0
2010-02-24,0.0005933070340519541,5.239540380549674e-06,1.6376943423766623e-05,0.0005716905502476378,0.9999999999477867,-0.19551686998717677,0.025531927280592462
2010-02-25,0.0018071416404778604,0.0,1.6403859600238655e-05,0.0017907377808776218,1.002669560152773,-0.19481219066464875,0.0
2010-02-26,0.001186903590434604,0.0,1.6324617812001636e-05,0.0011705789726226023,0.9990370548741158,-0.19266004540200388,0.0
2010-03-01,0.004638252847474826,0.0,4.8963082983103894e-05,0.004589289764491722,1.0001857498172926,-0.1912492694382355,0.0
2010-03-02,0.0012336074906555885,0.0,1.6183802114587516e-05,0.001217423688541001,0.9956590374345436,-0.185758516930345,0.0
2010-03-03,-0.0004542866803227519,5.185909611669708e-05,1.3063630480390308e-05,-0.0005192094069198393,1.0000000000494986,0.0463549749810062,0.2500000000425141
2010-03-04,0.0056108180508280285,0.0,1.3084814263923683e-05,0.005597733236564105,1.0011159740165245,0.04592453275009567,0.0
2010-03-05,0.007119639616313025,0.0,1.2892490441018844e-05,0.007106747125872006,0.9924002777006345,0.05124847550625909,0.0
2010-03-08,0.0036581260348564387,0.0,3.821486963266354e-05,0.003619911165223775,0.9878513958788369,0.05795623481735743,0.0
2010-03-09,0.002672240121720836,0.0,1.2618198821258431e-05,0.0026596219228995775,0.9825206407587941,0.061392126806928654,0.0
2010-03-10,0.0018506650285298946,5.297266116827438e-05,1.3014807378359049e-05,0.0017846775599832613,0.9999999999918714,0.049919061371660814,0.2500000000029594
2010-03-11,0.004081549195089933,0.0,1.2989557315495721e-05,0.004068559637774438,0.9999151827590429,0.05167749872785507,0.0
2010-03-12,0.002203379036425093,0.0,1.2854391447464752e-05,0.0021905246449776283,0.9939036838254498,0.05553310816052294,0.0
2010-03-15,-0.0007320873934224788,0.0,3.83840328261651e-05,-0.0007704714262486439,0.991621755872628,0.05761029043594371,0.0
2010-03-16,0.0017600337373589743,0.0,1.280404938422096e-05,0.0017472296879747532,0.9916176649112992,0.05692205986316902,0.0
2010-03-17,0.0034712005271209374,1.3212878354785252e-05,1.2610265025064351e-05,0.0034453773837410874,1.000000000062063,0.0794506532323653,0.06500788096406251
2010-03-18,0.007439085596451713,0.0,1.2524364712010373e-05,0.007426561231739703,0.9969157616111808,0.08263713763442362,0.0
2010-03-19,-0.0020594103296964397,0.0,1.2220965892231287e-05,-0.002071631295588671,0.9815427081999497,0.08941219806706582,0.0
2010-03-22,0.005937166377509281,0.0,3.668074718194626e-05,0.005900485630327334,0.9800989742666061,0.08753412617258051,0.0
2010-03-23,-0.0011563220761260113,0.0,1.2085323438826129e-05,-0.0011684073995648374,0.9751516127480584,0.09292300171375095,0.0
2010-03-24,0.008726888577036618,5.121784626760682e-05,1.5788995217098285e-05,0.008659881735551912,0.999999999994772,-0.152596650853403,0.24999999999905267
2010-03-25,0.005853174213464989,0.0,1.5395772339034847e-05,0.0058377784411259535,0.9812568169272802,-0.14263456382226355,0.0
2010-03-26,4.2432364599128886e-05,0.0,1.5153213395810754e-05,2.727915120331813e-05,0.970197053324581,-0.13598752456960403,0.0
2010-03-29,-0.0019642816690412174,0.0,4.543759305407935e-05,-0.002009719262095297,0.969706713809824,-0.1359413838394404,0.0
2010-03-30,-0.0010487103383664805,0.0,1.5259509144764215e-05,-0.0010639698475112447,0.9757607922682654,-0.1381833752995224,0.0
2010-03-31,-0.0003043992491637612,5.1385402485309665e-05,1.243626406239911e-05,-0.00036822091571146997,1.0000000000152016,0.09215272346006671,0.25000000001423406
2010-04-01,-0.01027754593909391,0.0,1.2399072202878067e-05,-0.010289945011296788,0.9970144279530425,0.09188215714294373,0.0
2010-04-05,-0.0052735658290049454,0.0,5.128512471849159e-05,-0.005324850953723437,1.0184065746518047,0.08245304853933329,0.0
2010-04-06,0.011070054661831625,0.0,1.3075662469829281e-05,0.011056978999361797,1.0321160123149624,0.0775926520174253,0.0
2010-04-07,-0.00015868747459484177,0.0,1.2732446454338372e-05,-0.00017141992104918014,1.0171616772349124,0.08769308606821141,0.0
2010-04-08,0.004148368242458489,5.2653143768611035e-05,1.0958904109212571e-05,0.004084756194580665,1.000000000030024,0.20000000005750637,0.25000000002601874
2010-04-09,-0.003527212555047499,0.0,1.0814485233608668e-05,-0.0035380270402811075,0.9927752864473458,0.20331786439391286,0.0
2010-04-12,0.0017750492963953294,0.0,3.3123830061785366e-05,0.0017419254663335441,1.0065132245237922,0.20050002635368172,0.0
2010-04-13,-0.00011176457406748872,0.0,1.0963350508464965e-05,-0.00012272792457595369,1.0022479273594056,0.2019233402414634,0.0
2010-04-14,0.001046751041460824,0.0,1.1116169066196064e-05,0.001035634872394628,1.0133166884556335,0.20183634662332095,0.0
2010-04-15,0.0029079879870106936,3.2614821842806763e-05,1.0958904109023339e-05,0.0028644142610588634,1.0000000000176124,0.20000000005890867,0.15580129711841145
2010-04-16,-0.007039730011872943,0.0,1.0772205895357934e-05,-0.007050502217768301,0.9886994659507279,0.20232843558959876,0.0
2010-04-19,0.0027075835485930655,0.0,3.263243304923225e-05,0.0026749511155438332,0.9907312365442817,0.1966753656796304,0.0
2010-04-20,0.0033197240168953094,0.0,1.0771062230812174e-05,0.003308952954664497,0.9851385752864673,0.19885103243717855,0.0
2010-04-21,0.0020633866257042835,0.0,1.0784535807348709e-05,0.0020526020898969347,0.9887751031699785,0.201503989233523,0.0
2010-04-22,-0.002852156027345319,2.587718537260496e-06,1.0985097791263098e-05,-0.0028657288436738427,1.000000000025651,0.1980878612634448,0.01268742985385081
2010-04-23,-9.080338582479294e-05,0.0,1.1159945047948271e-05,-0.0001019633308727412,1.0104727942901748,0.19579680578995093,0.0
2010-04-26,0.0006689249202490966,0.0,3.3786119990245324e-05,0.0006351388002588513,1.0178548790375084,0.19572595927487213,0.0
2010-04-27,-0.009597425989368864,0.0,1.1263027149432662e-05,-0.009608689016518297,1.018471207268244,0.19627022535965985,0.0
2010-04-28,0.0005297774932678756,0.0,1.1361864953871554e-05,0.0005184156283140041,1.017900024013337,0.18848388238071323,0.0
2010-04-29,0.0212985315352172,3.9128562633954955e-06,1.0966513391143435e-05,0.02128365216556266,1.000000000042732,0.1994445224892613,0.019090728733873227
2010-04-30,-0.006619698983033671,0.0,1.0456030928484538e-05,-0.006630155013962156,0.9794330047590256,0.2161427469796543,0.0
2010-05-03,0.005054083449155045,0.0,3.157663876776357e-05,0.005022506810387281,0.9792863668544851,0.21092149017223838,0.0
2010-05-04,-0.012132665260675333,0.0,1.0527936817210889e-05,-0.012143193197492543,0.9834356433699406,0.2148962557135455,0.0
2010-05-05,-0.004729095246341005,0.0,1.0735681613580637e-05,-0.004739830927954585,0.9889608121675006,0.20525605437611424,0.0
2010-05-06,-0.01945956200773233,5.0772987152534914e-05,1.098330256890557e-05,-0.01952131829745377,1.0000000000281566,0.19821891249804982,0.2500000000134305
2010-05-07,-0.010263296110412672,0.0,1.1194687520038928e-05,-0.01027449079793271,0.9995306358870643,0.18231844692422272,0.0
2010-05-10,0.02146984725002401,0.0,3.401589927948922e-05,0.02143583135074452,1.0015614972613809,0.17384128146047656,0.0
2010-05-11,0.0029426825300939326,0.0,1.1231526825106537e-05,0.002931451003268826,1.0111137916127622,0.1912123333799848,0.0
2010-05-12,0.007024161253138513,0.0,1.1155618372985296e-05,0.007013005634765528,1.0079476647978163,0.1935875235698896,0.0
2010-05-13,-0.007448943312538551,2.472949552140735e-05,1.2222046603654491e-05,-0.007485894854663612,1.0000000000145424,0.10779059794776469,0.12016959311584553
2010-05-14,-0.009773701478412885,0.0,1.2347413428122354e-05,-0.009786048891841008,1.0024596473830618,0.10109846713012985,0.0
2010-05-17,0.0006481495627742673,0.0,3.741582320054043e-05,0.0006107337395737268,1.0026790044629192,0.09222730658310213,0.0
2010-05-18,-0.008818244817257997,0.0,1.2464847353995174e-05,-0.008830709664611991,1.0027526254338792,0.09281876859223138,0.0
2010-05-19,0.0009355617423454974,0.0,1.2622081363748596e-05,0.0009229396609817487,1.0061608564077495,0.08474891685410232,0.0
2010-05-20,-0.019095328569303238,5.106523172330556e-05,9.131600507470958e-06,-0.019155525401534017,0.9999999999845922,0.33339316293921206,0.2500000000055504
2010-05-21,0.010542868069076243,0.0,9.24264502953538e-06,0.010533625424046709,0.9951490405711997,0.3204359534151169,0.0
2010-05-24,-0.0023992000200192738,0.0,2.7392309991978916e-05,-0.0024265923300112527,0.9940749660550695,0.32752875625024924,0.0
2010-05-25,-0.0005017686528605209,0.0,9.10698972413829e-06,-0.0005108756425846592,0.9907306821134201,0.325920432251325,0.0
2010-05-26,-0.0054119385725871876,0.0,9.133262412628216e-06,-0.005421071834999815,0.9923131531649045,0.3255849970430448,0.0
2010-05-27,0.010228411164926317,5.068994156624201e-05,6.1643835615074725e-06,0.01017155683979857,0.749999999984483,0.29999999999443755,0.2463594540622079
2010-05-28,-0.0028563131561169814,0.0,6.225735723008209e-06,-0.0028625388918399894,0.7615833862461723,0.3071046784665729,0.0
2010-06-01,-0.002741063938268117,0.0,2.4934866807679957e-05,-0.002765998805075797,0.7601831075363608,0.3051217882962015,0.0
2010-06-02,0.002767546427104722,0.0,6.145421599728615e-06,0.0027614010055049933,0.7518352057162352,0.3032194289360465,0.0
2010-06-03,-0.005742598453429031,0.0,6.2763384580225445e-06,-0.0057488747918870535,0.763317056885402,0.30514434944975627,0.0
2010-06-04,-0.014377720339588484,6.284368407042049e-06,6.164383561863652e-06,-0.01439016909155739,0.7500000000267073,0.30000000001066074,0.03079798799416572
2010-06-07,-0.0070772305428556835,0.0,1.8778782371471074e-05,-0.007096009325227155,0.7467428129507655,0.28979244191163617,0.0
2010-06-08,0.0038153586280591854,0.0,6.365391018653643e-06,0.003808993237040532,0.7494092429025673,0.2847356985408514,0.0
2010-06-09,0.003117440245537275,0.0,6.288411891643352e-06,0.0031111518336456316,0.7465102067706947,0.2874561386807299,0.0
2010-06-10,0.00986902662373949,0.0,6.18681925495966e-06,0.009862839804484531,0.7413101698312253,0.2896723642191701,0.0
2010-06-11,0.0010630802027474895,5.1213820175136824e-05,6.164383562071796e-06,0.0010057019990102809,0.7500000000260924,0.2999999999948512,0.2500000000217362
2010-06-14,-0.005197687757784694,0.0,1.878178302870876e-05,-0.005216469540813402,0.7577839916881857,0.3007606046562723,0.0
2010-06-15,0.003076867480346478,0.0,6.472513585517716e-06,0.00307039496676096,0.7696062884957285,0.2971127967529354,0.0
2010-06-16,0.0031145560492106344,0.0,6.596596234182959e-06,0.0031079594529764515,0.7808223098175283,0.2992707847221722,0.0
2010-06-17,1.3398749014166858e-05,0.0,6.449216357255092e-06,6.949532656911766e-06,0.772241245287488,0.30144845120786623,0.0
2010-06-18,0.0025752784989504503,5.096097222744403e-05,6.164383561512609e-06,0.0025181531431614935,0.7499999999510559,0.2999999999606354,0.25000000004344536
2010-06-21,0.00019934753046576924,0.0,1.827382796604511e-05,0.00018107370249972413,0.7464784085841755,0.3018152614104112,0.0
2010-06-22,-0.0010683635122419792,0.0,6.000549121811209e-06,-0.0010743640613637903,0.7400000178302126,0.3019599319379944,0.0
2010-06-23,-0.0003698765285148631,0.0,5.958614896403413e-06,-0.0003758351434112665,0.7361940706307616,0.3012151831933125,0.0
2010-06-24,-0.0034227495262540092,0.0,5.962455165938529e-06,-0.0034287119814199476,0.73621764452828,0.3009584174147675,0.0
2010-06-25,0.0007232427338958204,5.098189344723693e-05,7.2371484181455785e-06,0.0006650236920304379,0.9853167428558433,0.4570049083312159,0.2500000001024685
2010-06-28,0.005276284773476511,0.0,2.2032557760154223e-05,0.005254252215716357,0.9935495254626183,0.4574239532988657,0.0
2010-06-29,0.0032113346257020246,0.0,7.122105742866499e-06,0.0032042125199591583,0.9801955206267499,0.4602818013974954,0.0
2010-06-30,-0.004274063138334323,0.0,6.880428815618145e-06,-0.004280943567149941,0.9642840525286323,0.46201274898850775,0.0
2010-07-01,-0.014879428327089491,0.0,7.000508219095704e-06,-0.014886428835308586,0.9707437641307722,0.45970666413678574,0.0
2010-07-02,0.004586676380076881,5.2146401605710776e-05,6.306595983357994e-06,0.004528223382487812,0.7500000000911466,0.2896184933060129,0.2500000000583901
2010-07-06,-0.0006424658966708869,0.0,2.468955915460759e-05,-0.0006671554558254944,0.7434634029553685,0.29287894838378004,0.0
2010-07-07,-0.0006781451716924389,0.0,6.148629916387009e-06,-0.000684293801608826,0.7412815637072874,0.2924315798110356,0.0
2010-07-08,0.0029013218503741015,0.0,6.191858288158326e-06,0.002895129992085943,0.7439588714512541,0.29195321641569627,0.0
2010-07-09,0.001287936892959006,0.0,6.068489841367359e-06,0.0012818684031176387,0.7370031187396515,0.29400336031983443,0.0
2010-07-12,0.0001765514565605147,3.374345942805191e-05,1.2328767125090992e-05,0.00013047923000737181,0.7500000000405729,0.4499999999966921,0.1615847947710262
2010-07-13,-0.0015848154220299319,0.0,4.095638516990412e-06,-0.0015889110605469222,0.7490994321669309,0.4501178204266308,0.0
2010-07-14,3.445602854588504e-05,0.0,4.127962342490584e-06,3.0328066203394456e-05,0.7505880692448352,0.44924681824302265,0.0
2010-07-15,-0.004262083369859893,0.0,4.1544939630772824e-06,-0.004266237863822971,0.7525457081572129,0.4492676488525712,0.0
2010-07-16,0.0007294086570836609,0.0,4.275852650510155e-06,0.0007251328044331507,0.7590494427161072,0.4469121992288659,0.0
2010-07-19,-0.00027573632821764984,4.9792562970852845e-05,1.6438356165276075e-05,-0.0003419672473537787,1.000000000018037,0.5999999999963189,0.24304017526499555
2010-07-20,0.0013389899822948078,0.0,5.441162160398971e-06,0.0013335488201344089,0.9971342575895494,0.5999294198804246,0.0
2010-07-21,0.0030141029451115154,0.0,5.4407854794010295e-06,0.0030086621596321144,0.9976449969235701,0.6004676569272949,0.0
2010-07-22,-0.003864412484146198,0.0,5.409549281221762e-06,-0.00386982203342742,0.9965686310262347,0.601671533497046,0.0
2010-07-23,-0.001753215523941617,0.0,5.499677454499627e-06,-0.0017587152013961165,1.0016059696131117,0.6001295154346391,0.0
2010-07-26,-0.0005863511690759667,9.349168543280186e-06,1.6533246114975976e-05,-0.0006122335837342229,1.0000000000089653,0.5976910112112164,0.046105097056723804
2010-07-27,-0.0025669994778927878,0.0,5.498796876325883e-06,-0.0025724982747691136,0.998882623489638,0.5974704515178486,0.0
2010-07-28,-0.00021382750414767037,0.0,5.504581400894209e-06,-0.00021933208554856458,0.99827222948386,0.5964377872185826,0.0
2010-07-29,-0.002451522939488697,0.0,5.563573260725683e-06,-0.002457086512749423,1.0024956074805265,0.5963547594475513,0.0
2010-07-30,-0.00019764956415758116,0.0,5.652810575184035e-06,-0.0002033023747327652,1.008021274517169,0.5953661025287343,0.0
2010-08-02,-0.0014329018634262848,1.708713122189361e-05,1.6438356166471368e-05,-0.0014664273508146499,1.0000000000375442,0.5999999999867409,0.08412431297306044
2010-08-03,0.0029898404979895156,0.0,5.4898933378113775e-06,0.0029843506046517043,1.0002083560020156,0.5994461423417851,0.0
2010-08-04,-0.0038904258784008914,0.0,5.446786726472999e-06,-0.0038958726651273645,0.99825888322258,0.6006434521900511,0.0
2010-08-05,0.0035039175611010502,0.0,5.560386686329362e-06,0.003498357174414721,1.0049952210535669,0.5990869929515235,0.0
2010-08-06,0.005617611694555177,0.0,5.490679031040532e-06,0.005612121015524136,1.0013097506443924,0.6004901813784337,0.0
2010-08-09,0.004355401816305395,5.338494629298075e-05,2.6507724814936703e-05,0.0042755091451974776,1.000000000008915,0.35497869617878886,0.25000000000233574
2010-08-10,0.0037836102903756317,0.0,8.679744519932194e-06,0.0037749305458556993,0.9914256523829229,0.35780430242787264,0.0
2010-08-11,0.0025094233421691856,0.0,8.592240221097224e-06,0.0025008311019480882,0.9874616128879554,0.36022807674785806,0.0
2010-08-12,-0.0016318338270914848,0.0,8.51858285968552e-06,-0.0016403524099511703,0.9836891665827125,0.3618326178256695,0.0
2010-08-13,0.0003683307386882159,0.0,8.55000812052608e-06,0.0003597807305676898,0.9849432038259733,0.36079261102756954,0.0
2010-08-16,0.006070427016550793,5.170593404896571e-05,1.829899268896038e-05,0.006000422089812866,0.7500000000120858,0.304724511247383,0.2500000000114226
2010-08-17,-0.002888709933515857,0.0,5.984404343359626e-06,-0.0028946943378592165,0.745802677962884,0.30894116089763124,0.0
2010-08-18,0.0012324043402907594,0.0,6.053234631480545e-06,0.001226351105659279,0.748827079295684,0.3069409511976043,0.0
2010-08-19,0.0024990721920346887,0.0,6.019108361189459e-06,0.0024930530836734994,0.7471908000750643,0.3077958897082339,0.0
2010-08-20,0.0009588035414380877,0.0,5.956918383058295e-06,0.0009528466230550294,0.7443783458363347,0.309523303873079,0.0
2010-08-23,0.0021572408214640304,5.161407399770912e-05,1.548835272135259e-05,0.0020901383947449685,0.7500000000142888,0.3731167504613757,0.25000000000980005
2010-08-24,0.002661617462959048,0.0,5.104060488287575e-06,0.0026565134024707604,0.747087668381991,0.37449125273699796,0.0
2010-08-25,0.0032055160319829088,0.0,5.0455853006505095e-06,0.0032004704466822584,0.7444813400328951,0.37615361308540785,0.0
2010-08-26,0.0022856254851168828,0.0,4.926590033652102e-06,0.0022806988950832305,0.7377899472756895,0.3781488748190861,0.0
2010-08-27,-0.0007251035742195906,0.0,4.881789935308017e-06,-0.0007299853641548986,0.7359394833975935,0.3795688181201084,0.0
2010-08-30,-0.0006269003166229091,3.7797091264345925e-05,2.1639389336361294e-05,-0.0006863367972236163,0.7500000000136802,0.22344152616222196,0.18410127648787078
2010-08-31,0.0021867777508787966,0.0,7.29270249995018e-06,0.0021794850483788466,0.7553349392493827,0.22296765675301938,0.0
2010-09-01,0.0009220919900843295,0.0,7.2440945973082035e-06,0.0009148478954870213,0.7534836865763693,0.22466478097287051,0.0
2010-09-02,-0.002260112629324531,0.0,7.193748906501942e-06,-0.002267306378231033,0.7505243540932304,0.2253806839185885,0.0
2010-09-03,-0.003775199359695184,0.0,7.257842834829808e-06,-0.003782457202530014,0.7534501305237881,0.22362760358121217,0.0
2010-09-07,0.0026174135567362264,5.1262609131936085e-05,3.811616834898288e-05,0.0025280347792553076,1.0000000000348706,0.304379927665933,0.2500000000314624
2010-09-08,0.0012402086014207541,0.0,9.502554373933168e-06,0.001230706047046821,0.9999096676242047,0.30622319832708356,0.0
2010-09-09,-0.00045116546403878397,0.0,9.431216538480594e-06,-0.00046059668057726454,0.9955642822865726,0.3070854749774893,0.0
2010-09-10,-0.004036990525598575,0.0,9.402823125824283e-06,-0.004046393348724399,0.9931816975259677,0.30677560934079506,0.0
2010-09-13,0.0013962587559284696,0.0,2.866488482203851e-05,0.0013675938711064312,1.0014807926537805,0.30396859531751025,0.0
2010-09-14,0.002262867162392564,1.8425630046814776e-05,8.358940224015547e-06,0.0022360825921217335,0.9999999999703877,0.38979736361725265,0.08833676440905536
2010-09-15,-0.003448965264325395,0.0,8.317669131014145e-06,-0.0034572829334564093,0.998375354239674,0.39118550767564136,0.0
2010-09-16,-0.001910786813166893,0.0,8.412020701861502e-06,-0.0019191988338687544,1.0031592191958556,0.389081707959966,0.0
2010-09-17,0.0021389911822350845,0.0,8.455878195888193e-06,0.0021305353040391964,1.0051945162452056,0.3879154079453676,0.0
2010-09-20,0.007532049598410093,0.0,2.5209023135726854e-05,0.007506840575274366,1.0026447041923607,0.38922514122300733,0.0
2010-09-21,0.003541910434951515,5.2551697319261814e-05,8.396763207182434e-06,0.003480961974425071,0.9999999999959436,0.387036285871626,0.24999999999541755
2010-09-22,-0.000818238183431884,0.0,8.369201291669147e-06,-0.0008266073847235532,1.0001750190055376,0.38922332471368987,0.0
2010-09-23,-0.0021784423522517487,0.0,8.388862738086072e-06,-0.0021868312149898347,1.001113390532223,0.38872641065193997,0.0
2010-09-24,0.0011247511012964625,0.0,8.46391115351653e-06,0.001116287190142946,1.0052606502825008,0.387395136075794,0.0
2010-09-27,0.007535941291857738,0.0,2.5189095237099273e-05,0.007510752196620638,1.001021321767006,0.38808667099759064,0.0
2010-09-28,-0.0004498106690531453,1.3110527567878132e-05,8.219178082950515e-06,-0.00047114037470397395,1.0000000000502496,0.39999999999486197,0.0642709346590997
2010-09-29,-0.003798401345455493,0.0,8.282757407475959e-06,-0.003806684102862969,1.004379813028726,0.3997385222829809,0.0
2010-09-30,0.000585291794223609,0.0,8.400916996476845e-06,0.0005768908772271321,1.0107200400751972,0.3974530993323875,0.0
2010-10-01,-0.0013766282093343935,0.0,8.40199194964731e-06,-0.0013850302012840409,1.0111543111262662,0.3978088988020125,0.0
2010-10-04,0.003521310651979198,0.0,2.533685906901251e-05,0.0034959737929101857,1.0135123401403885,0.39698210279441765,0.0
2010-10-05,-0.0006878857404354061,4.525809754135876e-05,8.219178082583316e-06,-0.0007413630160593482,1.0000000000269125,0.3999999999983307,0.2226254788102968
2010-10-06,-0.002617613047946543,0.0,8.324526268371421e-06,-0.0026259375742149144,1.007298786714785,0.39960836912367126,0.0
2010-10-07,0.013243333567625118,0.0,8.48626983392082e-06,0.013234847297791197,1.0175336715711594,0.3980359736949395,0.0
2010-10-08,-0.002961952963939023,0.0,8.001231501188545e-06,-0.0029699541954402117,0.9899970872041365,0.4059071876173728,0.0
2010-10-11,0.005414247006280651,0.0,2.4436081416462857e-05,0.005389810924864188,0.9987568428282206,0.4041455283609578,0.0
2010-10-12,-0.002927119167097182,2.391619551221714e-06,8.21917808280483e-06,-0.0029377299647312086,1.0000000000568208,0.4000000000120684,0.011741472689444686
2010-10-13,-0.0014006659690037168,0.0,8.292193181804664e-06,-0.0014089581621855214,1.0035729129548943,0.398242810683154,0.0
2010-10-14,-0.0011271445511868666,0.0,8.398914483133233e-06,-0.0011355434656699999,1.010522824869692,0.3974020676009661,0.0
2010-10-15,0.004460423805078791,0.0,8.37551809163194e-06,0.004452048286987159,1.00813824269954,0.39672542201040817,0.0
2010-10-18,0.0014782222229487144,0.0,2.4488026448709843e-05,0.0014537341965000046,0.9952829738628381,0.39940766361089863,0.0
2010-10-19,0.003111370371087192,1.8696130670549715e-06,8.219178082154321e-06,0.0031012815799379826,0.9999999999948926,0.399999999997627,0.009205497678360708
2010-10-20,-0.002403271658205244,0.0,8.0357340783379e-06,-0.002411307392283582,0.988473661336948,0.40186507361828144,0.0
2010-10-21,0.005298012580820802,0.0,8.16495874481767e-06,0.005289847622075985,0.99646934377392,0.4004273554022301,0.0
2010-10-22,0.000848803184964375,0.0,7.899318703170876e-06,0.0008409038662612041,0.9802407014059636,0.40359043607448974,0.0
2010-10-25,0.0013637335557722206,0.0,2.3696200494780325e-05,0.0013400373552774401,0.9807069758589925,0.4040994304860045,0.0
2010-10-26,-0.004739773554969346,5.149899487197731e-05,1.0208136625913583e-05,-0.004801480686467237,1.0000000000155143,0.2548060263238226,0.250000000014983
2010-10-27,-0.003357014989476726,0.0,1.0337689234000901e-05,-0.003367352678710727,1.005924048030006,0.25127273394794014,0.0
2010-10-28,-0.0005342624327166628,0.0,1.0385021203607519e-05,-0.0005446474539202704,1.0068599071124178,0.24875335924906908,0.0
2010-10-29,-0.0017217608270521895,0.0,1.0505398574049064e-05,-0.0017322662256262385,1.0152484582930783,0.24835436238749672,0.0
2010-11-01,0.004552171471679002,0.0,3.192632645439303e-05,0.004520245145224609,1.023934519975934,0.24706057625237027,0.0
2010-11-02,-0.0012187827228437023,3.401881701578229e-05,1.2328767122856135e-05,-0.0012651303069823408,0.9999999999568618,0.09999999998836404,0.16627294852330982
2010-11-03,3.3672337238933284e-05,0.0,1.2420043592588204e-05,2.125229364634508e-05,1.0055695289411999,0.098906346682261,0.0
2010-11-04,0.0034968775659614086,0.0,1.240140763592669e-05,0.003484476158325482,1.004240673784497,0.09893791636184873,0.0
2010-11-05,-0.0045833757285899945,0.0,1.2465117339208213e-05,-0.004595840845929203,1.0120326674937625,0.10207910173156318,0.0
2010-11-08,-0.0051256776345512435,0.0,3.789574222423055e-05,-0.005163573376775474,1.0200755970875917,0.09794586963131491,0.0
2010-11-09,-0.006162494236219821,5.1151242577794025e-05,1.232876712334733e-05,-0.006225974245920962,1.0000000000272042,0.10000000002284906,0.2500000000207176
2010-11-10,0.0007960477990869011,0.0,1.2493649236035129e-05,0.000783554149850866,1.006461790100038,0.0944253958694734,0.0
2010-11-11,0.0031738527433691067,0.0,1.24558699623973e-05,0.0031613968734067093,1.0044253981823317,0.09514689092732875,0.0
2010-11-12,0.006458261363294531,0.0,1.2298326107990941e-05,0.006445963037186539,0.9957886982254264,0.09801089234208779,0.0
2010-11-15,-0.005679852677729758,0.0,3.586043816314881e-05,-0.005715713115892906,0.9764040576435673,0.10380006234027925,0.0
2010-11-16,0.0035376502608395377,3.3708410041330124e-05,1.2222431264306587e-05,0.003491719419533901,1.0000000000213085,0.10776251772692766,0.16390143598192958
2010-11-17,-0.002459903809329587,0.0,1.2058986287603357e-05,-0.0024719627956171905,0.9912188902864134,0.11091289129136853,0.0
2010-11-18,0.002822339788830986,0.0,1.2169115873565427e-05,0.0028101706729574205,0.9970672023575375,0.10872174358726111,0.0
2010-11-19,-0.0014150732237044423,0.0,1.2219908547927656e-05,-0.00142729313225237,1.003284827864738,0.1112315038660189,0.0
2010-11-22,-0.0023643808218375573,0.0,3.693701344521759e-05,-0.002401317835282775,1.0087740554139,0.10997339491360511,0.0
2010-11-23,-0.004721989931725225,5.103855014761723e-05,1.2063458091497821e-05,-0.00478509193996434,1.0000000000278382,0.11936755934849722,0.2500000000270783
2010-11-24,-0.00246486849316893,0.0,1.2130958818540212e-05,-0.00247699945198747,1.0007567904335108,0.11519679668007543,0.0
2010-11-26,-0.004473883572206406,0.0,2.4610005902772225e-05,-0.004498493578109179,1.0112770739496615,0.11301185849847539,0.0
2010-11-29,0.003960815708660843,0.0,3.714251919053562e-05,0.003923673189470307,1.0128297389604342,0.10902843865740056,0.0
2010-11-30,0.004682479557660225,0.0,1.227036722019447e-05,0.004670209190440031,1.00828446122712,0.11254765415292364,0.0
2010-12-01,-4.1695512237470336e-06,2.815374649260088e-05,1.2882851170800566e-05,-4.520614888714848e-05,1.0000000000002536,0.05955186453181252,0.13942703293356093
2010-12-02,-0.00089903096291842,0.0,1.303168541072699e-05,-0.000912062648329147,1.0108634220073214,0.059550387024250834,0.0
2010-12-03,0.002617286534600696,0.0,1.3122773922819528e-05,0.0026041637606778766,1.016667394972451,0.05870489860662548,0.0
2010-12-06,-0.004317575491166528,0.0,3.9281379632813296e-05,-0.004356856870799342,1.0170098113139958,0.06116290691553902,0.0
2010-12-07,0.0011432069868902496,0.0,1.3341120048460816e-05,0.0011298658668417887,1.0309958457061903,0.05709408216855061,0.0
2010-12-08,-0.00608914483374801,5.1830005384456305e-05,1.282830601191923e-05,-0.0061538031451443855,1.000000000047561,0.06353366117745707,0.2500000000413851
2010-12-09,0.00496700510263072,0.0,1.3040694184130377e-05,0.00495396440844659,1.0097708828835736,0.05780020744205602,0.0
2010-12-10,0.0021818188878516024,0.0,1.2861983631271446e-05,0.002168956904220331,1.0013826039150575,0.062457798832241895,0.0
2010-12-13,0.0033106822970683687,0.0,3.839493997513527e-05,0.0032722873570932335,0.998776593334057,0.06449972060576536,0.0
2010-12-14,0.007140683502179572,0.0,1.2704371066042965e-05,0.007127979131113529,0.9950083193362078,0.06758923151507137,0.0
2010-12-15,-0.003921696874286767,2.8803792924391746e-05,1.1832988470906238e-05,-0.003962333655682065,0.9999999999952622,0.13619184161910686,0.14070889276316256
2010-12-16,0.009477001412350862,0.0,1.1847866858105107e-05,0.009465153545492757,0.9976906087466944,0.13279632810502162,0.0
2010-12-17,-0.002409147808387967,0.0,1.1555352978256005e-05,-0.002420703161366223,0.9844800846517956,0.14093931723910735,0.0
2010-12-20,-0.004354092847276664,0.0,3.5083634260624364e-05,-0.004389176481537288,0.992568090587741,0.13886632357921494,0.0
2010-12-21,0.004705922640240898,0.0,1.1905651664873687e-05,0.0046940169885760245,1.0042178029720703,0.13510523143629113,0.0
2010-12-22,0.00012343004744452683,4.9576359191085994e-05,1.2328767123294098e-05,6.152492113014674e-05,1.0000000000024136,0.1000000000019445,0.24588190526001974
2010-12-23,0.0014084750857188987,0.0,1.2324476675287779e-05,0.001396150609043611,0.9998040676382354,0.10011727034222753,0.0
2010-12-27,-0.001408257691337096,0.0,4.905865259253044e-05,-0.0014573163439296265,0.9967046076320952,0.10138419781841476,0.0
2010-12-28,0.0019817765255753434,0.0,1.2332121083295473e-05,0.001969444404492048,1.0003666884150666,0.10012184933449736,0.0
2010-12-29,0.0013688000062356065,0.0,1.2375826986022706e-05,0.0013564241792495839,1.0053383036771582,0.10190293369750084,0.0
2010-12-30,-0.0016891262277716225,1.5807805076734783e-05,1.2236931586396e-05,-0.0017171709644347533,1.0000000000218963,0.10670399421498836,0.07818920601803071
2010-12-31,-0.0019800712639968365,0.0,1.2276056610569818e-05,-0.0019923473206074063,1.0013476392284333,0.10519550665683686,0.0
2011-01-03,-0.004080793460409246,0.0,3.7138285581037784e-05,-0.004117931745990284,1.0071197693871081,0.10342148691518865,0.0
2011-01-04,-0.005666435914154194,0.0,1.2645715485039097e-05,-0.005679081629639233,1.0228886935795374,0.0997514631716831,0.0
2011-01-05,0.0068130290408335925,0.0,1.2704991023076054e-05,0.006800324049810517,1.0220867402504918,0.09462239556593982,0.0
2011-01-06,-0.0002466571278727916,1.548348431709397e-05,1.2328767123361044e-05,-0.00027446937931324667,1.0000000000033533,0.09999999999799708,0.07665335604031354
2011-01-07,-0.005024255482853732,0.0,1.2308142804921915e-05,-0.005036563625658654,0.9982751543843515,0.09978072962505186,0.0
2011-01-10,0.003521194650889513,0.0,3.7276141924050434e-05,0.0034839185089654626,1.00228892382425,0.09523613700568925,0.0
2011-01-11,0.0018315448357569806,0.0,1.2350065175171145e-05,0.0018191947705818094,0.9999692214724905,0.09841446368499676,0.0
2011-01-12,0.005155387137208866,0.0,1.2396659365663402e-05,0.005142990477843203,1.0050201063583863,0.10006397266495792,0.0
2011-01-13,-0.0014945868078665985,3.747415674984806e-05,1.3742725251965042e-05,-0.0015458036898684116,1.0000000000016875,-0.003218943391760598,0.1842420875973204
2011-01-14,-0.00038095449973433543,0.0,1.3660826027232793e-05,-0.00039461532576156824,0.9925194723155314,-0.004720827672462513,0.0
2011-01-18,0.00615840698984021,0.0,5.4843287680921263e-05,0.006103563702159288,0.995786203968413,-0.0051037962084002075,0.0
2011-01-19,-0.011839954633997719,0.0,1.3534711859247341e-05,-0.011853489345856966,0.9890821786720009,0.0010482129469449042,0.0
2011-01-20,-0.010978873719400609,0.0,1.3847343465552784e-05,-0.01099272106286616,0.9999348770182607,-0.01092119596709279,0.0
2011-01-21,-0.0041204098546574605,5.121990850330837e-05,1.2873897500564356e-05,-0.004184503660661333,1.000000000028625,0.060205482487426965,0.2500000000121772
2011-01-24,0.004969292677657258,0.0,3.8954206544740336e-05,0.004930338471112517,1.0042064395934636,0.05632074700478216,0.0
2011-01-25,0.001232525487385516,0.0,1.2818029538086429e-05,0.0012197074578474297,0.996705497865603,0.06098934158529362,0.0
2011-01-26,0.01020397505007103,0.0,1.2763457397603255e-05,0.010191211592673426,0.9938784570762585,0.06214606705122088,0.0
2011-01-27,0.0022289845399322086,0.0,1.254797289236171e-05,0.002216436567039847,0.987622167181118,0.07162014603871322,0.0
2011-01-28,-0.004844560926737223,5.933502492058522e-06,1.2640337622090147e-05,-0.004863134766851372,1.0000000000199512,0.07725535360737021,0.029132835431059177
2011-01-31,0.001992689054473755,0.0,3.8237522383995205e-05,0.00195445153208976,1.0032110350245058,0.07276465701395567,0.0
2011-02-01,0.014260110538924332,0.0,1.274609402232267e-05,0.01424736444490201,1.0050763850955435,0.0746115214659887,0.0
2011-02-02,-0.0039845878815440074,0.0,1.2460896975610831e-05,-0.003997048778519618,0.9972687111059781,0.08762323188638751,0.0
2011-02-03,0.008606743867667523,0.0,1.2566091832723854e-05,0.008594177775834799,1.0012989971403525,0.08397429335151119,0.0
2011-02-04,0.004932909097907979,8.282213222351951e-06,1.2120166079399212e-05,0.004912506718606227,1.0000000000450182,0.11522787624887579,0.041204953923134974
2011-02-07,0.010185479302833235,0.0,3.594178162562832e-05,0.010149537521207607,0.9941567332029206,0.11957338031263161,0.0
2011-02-08,0.012025397255564485,0.0,1.1698605303345855e-05,0.012013698650261138,0.982453286904901,0.1284550997606536,0.0
2011-02-09,-0.004324180001973214,0.0,1.1440905829495648e-05,-0.004335620907802709,0.9739989669243804,0.13881284137119798,0.0
2011-02-10,0.0057883374674143895,0.0,1.1560931685770728e-05,0.0057767765357286185,0.9790223053562687,0.13507429229500562,0.0
2011-02-11,0.0019073780429866803,1.5659463087665017e-05,1.1353254886900941e-05,0.0018803653250121144,1.0000000000380234,0.17121239329425467,0.07703102838035662
2011-02-14,0.004028596378352009,0.0,3.402381249303952e-05,0.00399457256585897,1.0007076245496158,0.17279485388565416,0.0
2011-02-15,-0.0038652713342995377,0.0,1.1330152649508692e-05,-0.0038766014869490465,1.003221069851692,0.17611992643755758,0.0
2011-02-16,0.00654063706694695,0.0,1.1444957346466097e-05,0.006529192109600484,1.0084069027712976,0.17292501647927228,0.0
2011-02-17,0.008619430986831926,0.0,1.1270349735070562e-05,0.008608160637096856,1.0010370195320972,0.17830148887194638,0.0
2011-02-18,0.0022683799589853114,5.200767408265081e-05,1.4584580722198156e-05,0.0022017877041804624,0.9999999999958104,-0.06467439272465514,0.2500000000057199
2011-02-22,-0.013704963510702264,0.0,5.806242624050749e-05,-0.013763025936942772,0.9973703690436428,-0.06226890984561903,0.0
2011-02-23,-0.005497678596326647,0.0,1.4810633668181026e-05,-0.005512489229994828,1.0041421621649531,-0.0770340956122618,0.0
2011-02-24,0.0014397964603638973,0.0,1.4931108464006336e-05,0.001424865351899891,1.0069816663084221,-0.08298925156404059,0.0
2011-02-25,0.0018477594958013846,0.0,1.4870308229933832e-05,0.0018328891875714506,1.0040990773450396,-0.08143342344013019,0.0
2011-02-28,0.0013928332559561244,5.08914207826308e-05,4.5061744993236156e-05,0.0012968800901802574,1.000000000037243,-0.09650246146483664,0.2500000000280662
2011-03-01,-0.0007873833884291411,0.0,1.5011873492514162e-05,-0.0008023952619216553,1.0008803227703578,-0.09498644218317608,0.0
2011-03-02,0.007174322944006449,0.0,1.4884538310658133e-05,0.007159438405695791,0.9907205609302226,-0.09585073574782091,0.0
2011-03-03,0.010535835181366311,0.0,1.4620936171906576e-05,0.010521214245194404,0.979282288035204,-0.08804605251397596,0.0
2011-03-04,-0.004646965031796123,0.0,1.436587522527356e-05,-0.004661330907021397,0.9720056849808624,-0.0767032064641074,0.0
2011-03-07,-0.006804998118452004,5.207406957799485e-05,4.053445668929949e-05,-0.006897606644719298,0.9999999999991591,0.013661553892871492,0.25000000000112677
2011-03-08,0.0041480780247996115,0.0,1.3708389017542512e-05,0.004134369635782069,1.007616576359617,0.006904178079013695,0.0
2011-03-09,-0.005677887248580701,0.0,1.3583068946935358e-05,-0.005691470317527636,1.0025707832565671,0.011006750130286014,0.0
2011-03-10,-0.008824485922559324,0.0,1.3757412769012955e-05,-0.008838243335328337,1.0096504976896092,0.005359365551663331,0.0
2011-03-11,0.0008086054222664991,0.0,1.3897738490434527e-05,0.0007947076837760646,1.0110388907638628,-0.003496019037857484,0.0
2011-03-14,-0.002704638217904629,3.339614708812813e-05,3.6028119837715084e-05,-0.0027740624848304725,1.000000000117906,0.12331575073350545,0.16297362253741432
2011-03-15,-0.015178613060455527,0.0,1.2028126560648157e-05,-0.015190641187016175,0.9989998649408071,0.12094662601349165,0.0
2011-03-16,-0.007732478138337414,0.0,1.2331765863483042e-05,-0.0077448099042008965,1.0076183879503762,0.10739947991611395,0.0
2011-03-17,0.004282083645525396,0.0,1.2468171026919279e-05,0.004269615474498477,1.0106214136211662,0.1004449286560587,0.0
2011-03-18,0.0020637424654886775,0.0,1.257327020679206e-05,0.0020511691952818855,1.0221304943417242,0.10428176924590374,0.0
2011-03-21,0.007799583261938218,4.4728943268219395e-06,3.619197937525094e-05,0.0077589183882361456,1.000000000048732,0.11932850191762592,0.02207626813123631
2011-03-22,-0.004274694699846096,0.0,1.1935515100368683e-05,-0.004286630214946465,0.9974419053595152,0.1261493030326013,0.0
2011-03-23,-0.004107248843070594,0.0,1.2093655877917848e-05,-0.004119342498948512,1.0052361679105128,0.1223992888225097,0.0
2011-03-24,0.009830500643526186,0.0,1.2239192628038794e-05,0.009818261450898147,1.0122424028523573,0.11878134100552531,0.0
2011-03-25,-0.005216339288524262,0.0,1.1994304036674769e-05,-0.005228333592560937,1.0029455690539337,0.12736137437667552,0.0
2011-03-28,0.00018668957043792072,5.125378242706549e-05,3.5989253192978435e-05,9.94465348178768e-05,0.9999999999913434,0.12426150562886792,0.25000000001287304
2011-03-29,0.006759349790457142,0.0,1.1920186042744528e-05,0.006747429604414397,0.9946094016085016,0.12443582048815113,0.0
2011-03-30,-0.002349784015427923,0.0,1.1678086585953677e-05,-0.0023614621020138764,0.9828161938731566,0.1303158730985381,0.0
2011-03-31,0.00317664420026658,0.0,1.182538337787631e-05,0.0031648188168887036,0.9915219780302422,0.1282689914452717,0.0
2011-04-01,0.002743545316072786,0.0,1.1783262838767782e-05,0.0027317620532340183,0.9912091336706961,0.1310309464406482,0.0
2011-04-04,0.0054257417407398536,2.4404243766543345e-06,3.592388718006504e-05,0.005387377429183134,1.0000000000140774,0.12585207863249462,0.011977735038856935
2011-04-05,0.0045986245466013344,0.0,1.1874827599931846e-05,0.004586749719001403,0.9974367817707841,0.13057436697575941,0.0
2011-04-06,0.006524497235058984,0.0,1.1757276953512625e-05,0.006512739958105472,0.9928370352699243,0.1345558176635026,0.0
2011-04-07,0.0031552928847694,0.0,1.1521552309549944e-05,0.00314377133245985,0.9812407594031449,0.14016744080599902,0.0
2011-04-08,0.005930593511814479,0.0,1.1398299883149598e-05,0.00591919521193133,0.9749494633213365,0.14287357185141586,0.0
2011-04-11,-0.008126924723270108,5.1470304606272335e-05,3.5365227326573565e-05,-0.008213760255202953,1.0000000000369098,0.1394461350902866,0.2500000000226599
2011-04-12,-0.005441790512700672,0.0,1.1973351041367995e-05,-0.00545376386374204,1.0064613938338705,0.13240676781400693,0.0
2011-04-13,0.0012179272791625654,0.0,1.204474558537387e-05,0.0012058825335771915,1.0069276391351494,0.1276612114028568,0.0
2011-04-14,0.003314448633274296,0.0,1.2108158024483979e-05,0.003302340475249812,1.012619448551294,0.1287239127639635,0.0
2011-04-15,0.0017191122955512823,0.0,1.2132394850492832e-05,0.0017069799007007895,1.0172685850566658,0.13160376097068918,0.0
2011-04-18,0.002454964712469556,3.0826425061830405e-05,3.287671232930387e-05,0.002391261575078422,1.0000000000249412,0.20000000001188037,0.14968204380969083
2011-04-19,-0.0003116469771091057,0.0,1.0895315913513148e-05,-0.00032254229302261885,0.9973300585355025,0.20197199684904288,0.0
2011-04-20,0.008134937871828755,0.0,1.1019762938638849e-05,0.008123918108890116,1.0061681093704364,0.20172541484980036,0.0
2011-04-21,0.0033469035496691835,0.0,1.0899433133404843e-05,0.0033360041165357785,1.0038278219008987,0.2081692031623453,0.0
2011-04-25,0.0009159029777865754,0.0,4.3839208860569646e-05,0.0008720637689260057,1.0108783959346033,0.2108128342292073,0.0
2011-04-26,-0.007123800640600411,4.516832460044671e-06,1.0928006038535035e-05,-0.007139245479098991,1.0000000000160296,0.20225555920297225,0.022357468100693
2011-04-27,0.013823231589710274,0.0,1.1034098674013594e-05,0.01381219749103626,1.0020240724420646,0.19653486923907218,0.0
2011-04-28,-0.00751078388985892,0.0,1.0796906460667935e-05,-0.007521580796319588,0.995666349518681,0.2074921778899216,0.0
2011-04-29,-0.0015009460377356293,0.0,1.1035236331024068e-05,-0.0015119812740666534,1.0070692219029187,0.2014969697381618,0.0
2011-05-02,-0.016569297190692677,0.0,3.346714450134123e-05,-0.016602764335194017,1.0146660547098407,0.20029887184387082,0.0
2011-05-03,-0.010031852199226362,6.329715175800358e-06,1.1013064992831534e-05,-0.010049194979394993,1.000000000045926,0.19604625556922392,0.03108727710733311
2011-05-04,-0.010010983297648768,0.0,1.1120267676565741e-05,-0.010022103565325334,0.9996822143672508,0.1879026739779517,0.0
2011-05-05,-0.023725184270081173,0.0,1.115013679962757e-05,-0.0237363344068808,0.9936525747840949,0.1796925884112822,0.0
2011-05-06,0.0024888656116268818,0.0,1.12325941877876e-05,0.0024776330174390944,0.9797388849866,0.15975950927810528,0.0
2011-05-09,0.020203956298781096,0.0,3.368399096085778e-05,0.020170272307820238,0.9814911565335038,0.16184737648596462,0.0
2011-05-10,0.002055019495602833,3.87860093664369e-05,1.324013515473011e-05,0.002002993351081666,1.0000000000092197,0.033470133713921824,0.18738940568604986
2011-05-11,-0.018200541165430014,0.0,1.3270306915952036e-05,-0.018213811472345968,1.0041865436697281,0.03545413880522946,0.0
2011-05-12,-0.0029658604681346403,0.0,1.3498519643125855e-05,-0.002979358987777766,1.0029656153071338,0.017573681358946297,0.0
2011-05-13,-0.0013545335221201828,0.0,1.3511492150994181e-05,-0.001368045014271177,1.0009903999108205,0.014651472888245448,0.0
2011-05-16,-0.010497789541299648,0.0,4.096986727649685e-05,-0.010538759408576145,1.0102485921590942,0.013315155097670894,0.0
2011-05-17,0.005514482406277865,7.1174527552377925e-06,1.342626690839303e-05,0.005493938686614234,1.0000000000353475,0.01988251572265623,0.03506976442036845
2011-05-18,0.011139402925120454,0.0,1.3272257062352839e-05,0.011126130668058102,0.9941329965084825,0.025258230956725497,0.0
2011-05-19,0.002123339362238872,0.0,1.3079562739322893e-05,0.0021102597994995488,0.9908052051341723,0.03599712516360126,0.0
2011-05-20,-0.005903392309446126,0.0,1.2941933882168722e-05,-0.005916334243328295,0.9828013632407672,0.03804018984245028,0.0
2011-05-23,-0.007283600211885707,0.0,3.95886014987509e-05,-0.007323188813384458,0.9956506976178009,0.03232806114819567,0.0
2011-05-24,0.007878788504602751,2.8245701501276943e-05,1.5187483732937072e-05,0.007835355319368537,1.0000000000258948,-0.1086863124785111,0.13716632548131782
2011-05-25,0.007369590411882298,0.0,1.5080135872064532e-05,0.007354510276010234,1.0008261167154378,-0.10002380194527294,0.0
2011-05-26,-0.0009906675253310029,0.0,1.4976691404396706e-05,-0.0010056442167353996,1.0013207123697652,-0.09197776015119435,0.0
2011-05-27,-0.00020889671491350435,0.0,1.4981628191710433e-05,-0.00022387834310521479,1.0005968430412004,-0.09306201495366119,0.0
2011-05-31,-0.0002455490563849171,0.0,6.0351553214486684e-05,-0.0003059006095994038,1.008124048482717,-0.09329179768166496,0.0
2011-06-01,-0.014688985523525723,5.303431702689767e-05,1.5171837286632218e-05,-0.014757191677839253,1.0000000000054032,-0.10754412191874858,0.2500000000043194
2011-06-02,-0.0031677580512161413,0.0,1.5478402410588968e-05,-0.0031832364536267302,1.0058594331461157,-0.12406394282687906,0.0
2011-06-03,0.003146841401245157,0.0,1.5547680168081012e-05,0.003131293721077076,1.007342649448369,-0.12763800282154483,0.0
2011-06-06,-0.0039358106065773505,0.0,4.625444088639215e-05,-0.003982065047463743,1.0014221683816824,-0.12410255985385975,0.0
2011-06-07,0.002964986207440761,0.0,1.5564596706905253e-05,0.0029494216107338557,1.0076652936226393,-0.12855026598144398,0.0
2011-06-08,-0.004348744333421657,5.12961464459649e-05,1.2963575956791135e-05,-0.0044130040558244136,1.000000000037427,0.053658955191674323,0.25000000004719763
2011-06-09,0.006849028683221088,0.0,1.3104655457180416e-05,0.006835924027763908,1.006168629946381,0.04952878157221083,0.0
2011-06-10,-0.014633454664307507,0.0,1.2862632656588792e-05,-0.014646317296964096,0.9949672163985332,0.05599503246755158,0.0
2011-06-13,-0.0003410926621300255,0.0,3.95866525212578e-05,-0.0003806793146512833,1.0052515884924471,0.04197637714184052,0.0
2011-06-14,0.00988849129456779,0.0,1.305407206637603e-05,0.009875437222501414,0.9945984010526692,0.04165114020721894,0.0
2011-06-15,-0.00620697596843849,5.1234476394850365e-05,1.2935388161649986e-05,-0.00627114583299499,0.9999999999715938,0.055716664171144986,0.24999999999691738
2011-06-16,0.0019981115756469553,0.0,1.3164731262241061e-05,0.001984946844384714,1.0108475121895324,0.049822130045935,0.0
2011-06-17,0.007312428098468628,0.0,1.3019170332907628e-05,0.0072994089281357205,1.0021170192667643,0.0517175849645074,0.0
2011-06-20,0.0033159369264516587,0.0,3.8411344394914193e-05,0.0032775255820567447,0.9932782982097819,0.05860225126686977,0.0
2011-06-21,0.000811744765915756,0.0,1.273100665165227e-05,0.0007990137592641037,0.9910793982812081,0.061715912710592485,0.0
2011-06-22,0.000629653110347015,5.087116936748029e-05,1.0909315082480308e-05,0.0005678726258970544,0.9999999999892157,0.20361999896815322,0.24999999999428268
2011-06-23,0.0018405740772314588,0.0,1.084035906323182e-05,0.001829733718168227,0.9954799417370647,0.20413373012114214,0.0
2011-06-24,-0.0007924557402479415,0.0,1.0748901267811702e-05,-0.0008032046415157531,0.9902679069463255,0.2055981143960713,0.0
2011-06-27,0.0011766100717767775,0.0,3.233342169621634e-05,0.001144276650080561,0.9917502196867903,0.20497029174552625,0.0
2011-06-28,-0.002296794073610337,0.0,1.0729309590123742e-05,-0.0023075233832004606,0.9891508824239608,0.20591128234492737,0.0
2011-06-29,0.004660276580610538,5.043306031669971e-05,8.798817011006718e-06,0.004601044703282832,1.0000000000064462,0.35768635820295547,0.2500000000034337
2011-06-30,-0.0003640639553397951,0.0,8.694541349988576e-06,-0.00037275849668978365,0.995388615874043,0.360687097324877,0.0
2011-07-01,0.005496119511663942,0.0,8.734617727837103e-06,0.0054873848939361045,0.9980844910590447,0.36045739692693646,0.0
2011-07-05,-9.327292510776284e-05,0.0,3.45051454251018e-05,-0.00012777807053286465,0.9936752518813365,0.3639563478732286,0.0
2011-07-06,0.005161709345160289,0.0,8.688612401057347e-06,0.005153020732759231,0.9981782798885994,0.36390957461141316,0.0
2011-07-07,0.0038954985283858254,5.066726576562631e-05,8.624699882231347e-06,0.0038362065627379678,1.0000000000045348,0.3703969086016464,0.25000000000315514
2011-07-08,0.0008890489180660233,0.0,8.533051498216893e-06,0.0008805158665678065,0.9957747907281729,0.3728620313583396,0.0
2011-07-11,-0.004124096663090921,0.0,2.5699147836456072e-05,-0.004149795810927378,0.9987682067245226,0.3734222760374246,0.0
2011-07-12,0.0007121408521820263,0.0,8.712212689036309e-06,0.00070342863949299,1.0068286038248346,0.3708370775251843,0.0
2011-07-13,-0.0006882073532168715,0.0,8.739911785880801e-06,-0.0006969472650027522,1.0093016041032012,0.37128804373390256,0.0
2011-07-14,-0.002348338983678017,5.19521640743711e-05,8.761736792522679e-06,-0.0024090528845449105,0.999999999992619,0.3603932141384636,0.25000000000846234
2011-07-15,-0.0034179228477830502,0.0,8.781380220852073e-06,-0.0034267042280039023,0.9999502632604491,0.35890950713824776,0.0
2011-07-18,0.0006567167278555887,0.0,2.6871676118698776e-05,0.0006298450517368899,1.0105913896697762,0.3567139374481061,0.0
2011-07-19,0.0015191843572559677,0.0,8.94161337521423e-06,0.0015102427438807534,1.0098834841098443,0.3571457077192056,0.0
2011-07-20,0.0009409470623700922,0.0,8.910458716288291e-06,0.0009320366036538039,1.0085875241359394,0.35812403784689406,0.0
2011-07-21,0.0025832469310757417,4.408924398203753e-06,8.822747124206704e-06,0.0025700152595533312,1.000000000049335,0.3559394599822455,0.02181449664859749
2011-07-22,0.001815461784594682,0.0,8.672146361566925e-06,0.001806789638233115,0.9906703444445057,0.3576036600501204,0.0
2011-07-25,0.0009282240549833377,0.0,2.6022943588527998e-05,0.0009022011113948098,0.9919958589473605,0.3587708982931793,0.0
2011-07-26,0.003045373803249726,0.0,8.636990523054032e-06,0.003036736812726672,0.9898752021024055,0.35937489391946104,0.0
2011-07-27,-0.0009553433685828781,0.0,8.571242548862024e-06,-0.0009639146111317401,0.9870237308589669,0.3613230247920392,0.0
2011-07-28,0.0043678165564730205,1.3220801078617834e-05,8.016147293068165e-06,0.004346579608101335,0.9999999999800654,0.41482124758608935,0.06528461056074601
2011-07-29,0.009292486342699137,0.0,7.900676978604267e-06,0.009284585665720532,0.9941243303041704,0.4173749108660589,0.0
2011-08-01,-0.0006277440895125454,0.0,2.3192307036488987e-05,-0.0006509363965490345,0.9870885469848629,0.42274240909696414,0.0
2011-08-02,0.007919216631852449,0.0,7.77917250516108e-06,0.007911437459347288,0.9902692066573445,0.42238961378058576,0.0
2011-08-03,0.001977325214891501,0.0,7.67736029423784e-06,0.0019696478545972633,0.9873784924747956,0.4269311909954333,0.0
2011-08-04,0.009191487709217428,5.102994324804832e-05,1.0049600240726668e-05,0.009130408165728653,1.0000000000063312,0.2663791824332844,0.2500000000019713
2011-08-05,-0.001951351556690785,0.0,9.7689915090018e-06,-0.001961120548199787,0.9862137425204356,0.27307736236330427,0.0
2011-08-08,0.009969669672855,0.0,2.928159824087322e-05,0.009940388074614127,0.9841776569234052,0.27165876639549025,0.0
2011-08-09,0.0031702430129079543,0.0,9.555586295889089e-06,0.0031606874266120653,0.9764142938978012,0.27885649429789783,0.0
2011-08-10,0.008938284062643655,0.0,9.5550020913128e-06,0.008928729060552342,0.9786533001686868,0.2811381475028525,0.0
2011-08-11,-0.012752427770082482,4.693156633021836e-05,7.25637886624648e-06,-0.012806615715278948,0.7500000000196443,0.22028434278365133,0.23107476077396572
2011-08-12,0.0033287877146544495,0.0,7.4917505578315e-06,0.003321295964096618,0.7571219659616276,0.2102241752399281,0.0
2011-08-15,0.0017097503996815657,0.0,2.2264163888071516e-05,0.0016874862357934943,0.7546073595431202,0.2128460382667134,0.0
2011-08-16,0.0051064680147803595,0.0,7.380251827783117e-06,0.0050990877629525765,0.7529527220962751,0.21419433866810758,0.0
2011-08-17,0.0015153456297163444,0.0,7.26350074411631e-06,0.001508082128972228,0.7484237999898656,0.21818824566937517,0.0
2011-08-18,0.005088428891633449,4.7309152179528274e-05,7.255131818717316e-06,0.005033864607635203,0.7500000000262372,0.22037537725987305,0.22914230244627493
2011-08-19,0.007041021106526944,0.0,7.14506619617045e-06,0.007033876040330774,0.7459243687885524,0.22433453646810947,0.0
2011-08-22,0.0065851226430740165,0.0,2.1330446984995272e-05,0.0065637921960890215,0.7488003346626604,0.22975945802777553,0.0
2011-08-23,-0.01408076583016121,0.0,7.035235093938805e-06,-0.014087801065255147,0.7483755419346169,0.23480338007708418,0.0
2011-08-24,-0.008359831103477183,0.0,7.224955141942088e-06,-0.008367056058619125,0.7512982678017672,0.22387654243999472,0.0
2011-08-25,0.004010852256083787,3.3317974280940585e-05,6.164383562067557e-06,0.003971369898240778,0.7500000000349643,0.30000000000403265,0.15930677444861974
2011-08-26,0.006009294657003154,0.0,6.17073590825641e-06,0.006003123921094898,0.7532720098407963,0.3028082885380784,0.0
2011-08-29,-0.0021899709576437376,0.0,1.8377557621840362e-05,-0.0022083485152655778,0.7541620110414268,0.3069747755766447,0.0
2011-08-30,0.004569796618680775,0.0,6.069373789377492e-06,0.004563727244891398,0.7485236519795133,0.3054593653549566,0.0
2011-08-31,-0.005653171199194123,0.0,6.1094223595062e-06,-0.00565928062155363,0.7546085335148623,0.3086207012709098,0.0
2011-09-01,0.0019024120471724053,3.440058003186414e-05,6.164383562064143e-06,0.001861847083578477,0.7500000000145339,0.2999999999838515,0.16469595644387422
2011-09-02,0.01472221507869958,0.0,6.154027467110821e-06,0.014716061051232469,0.7505853655969094,0.30134136049781957,0.0
2011-09-06,-0.0076479881628370786,0.0,2.373592885541711e-05,-0.007671724091692496,0.7446605211473628,0.3114798195360004,0.0
2011-09-07,-0.00551174986344499,0.0,6.084510573305332e-06,-0.005517834374018295,0.7503500375813164,0.3061807657300272,0.0
2011-09-08,0.003497369253188095,0.0,6.10979165809851e-06,0.003491259461529996,0.7483520538490412,0.30233726280785,0.0
2011-09-09,0.0020278592705659233,4.8786349218416456e-05,8.219178083345027e-06,0.0019708537432641614,0.7500000000586038,0.14999999997441676,0.23422172873301497
2011-09-12,-0.004303576070917383,0.0,2.4445713288920236e-05,-0.004328021784206304,0.7465745139547826,0.1517288239243903,0.0
2011-09-13,-0.002334477950336326,0.0,8.211665194941974e-06,-0.0023426896155312677,0.7475176403086441,0.14806608107788005,0.0
2011-09-14,-0.0008588671467549927,0.0,8.304780629790547e-06,-0.0008671719273847832,0.7523227946970485,0.1460738087223387,0.0
2011-09-15,0.001136673221669563,0.0,8.310914702258832e-06,0.0011283623069673042,0.7520377504557969,0.14534097719090222,0.0
2011-09-16,0.0035333036742691043,2.4615040608214394e-06,8.246594491861728e-06,0.003522595575716421,0.7499999999754878,0.14799860206958182,0.012178928841947323
2011-09-19,0.0007394792037883439,0.0,2.4472719327822942e-05,0.0007150064844605209,0.7465028308106643,0.15099999383363932,0.0
2011-09-20,0.003688964969435496,0.0,8.11781249443859e-06,0.0036808471569410575,0.7442313679432667,0.15163105584924985,0.0
2011-09-21,0.001210418695155148,0.0,8.046526083069322e-06,0.0012023721690720788,0.742146812282619,0.15475040821855857,0.0
2011-09-22,0.0014080564570907736,0.0,7.98060628412253e-06,0.001400075850806651,0.7383577878985212,0.15577352915757653,0.0
2011-09-23,-0.007764496473892796,4.968358863697528e-06,8.018192861863366e-06,-0.007777483025618356,0.750000000002186,0.1646719210861603,0.024537806688355757
2011-09-26,-0.005876664694143899,0.0,2.4160597304608297e-05,-0.005900825291448507,0.7460452027968145,0.15813733505134592,0.0
2011-09-27,-0.0004057882520920727,0.0,8.192183194222001e-06,-0.00041398043528629474,0.7511938402967325,0.15316446711852622,0.0
2011-09-28,0.0013521503274787857,0.0,8.255258698143651e-06,0.001343895068780642,0.7554558291258859,0.15282194416139933,0.0
2011-09-29,6.444644534324686e-05,0.0,8.110468868268343e-06,5.6335976474978514e-05,0.7460314061401822,0.15396717875659316,0.0
2011-09-30,0.005539831377964692,2.3169946626755515e-06,8.092627120852972e-06,0.005529421756181163,0.7499999999949758,0.15923822017270894,0.011543239815850329
2011-10-03,0.006636625923959365,0.0,2.3744945267896928e-05,0.006612880978691468,0.7416656026962543,0.16387193451076232,0.0
2011-10-04,-0.003964113478881415,0.0,7.799738443363726e-06,-0.0039719132173247785,0.7387693213726626,0.16938841500711044,0.0
2011-10-05,0.0016847815110710975,0.0,7.858328869665212e-06,0.0016769231822014324,0.7397419801399615,0.16608397265440097,0.0
2011-10-06,-0.002476656115204154,0.0,7.821675570689048e-06,-0.0024844777907748433,0.7384702065005614,0.16748788984026097,0.0
2011-10-07,0.0002282064762293417,4.532160496425033e-05,5.136986301804326e-06,0.00017774788496328705,0.7500000000195676,0.37499999998785183,0.22156565392275251
2011-10-10,-0.005376035371440679,0.0,1.5163197025909536e-05,-0.005391198568466589,0.7441326499274385,0.3751615222969732,0.0
2011-10-11,-0.0012066740209104383,0.0,5.209162777045666e-06,-0.001211883183687484,0.7520587627186619,0.3717898799943283,0.0
2011-10-12,0.002033684808985554,0.0,5.234677824753346e-06,0.0020284501311608008,0.7531643356573161,0.3710328544503218,0.0
2011-10-13,0.00020809906644656735,0.0,5.123630020064136e-06,0.0002029754364265032,0.7463363157693709,0.3723113243046889,0.0
2011-10-14,-0.008960202434533665,5.689625002366659e-06,5.136986301884977e-06,-0.008971029045837917,0.7500000000245823,0.374999999986979,0.028120000226280306
2011-10-17,0.004315031157663716,0.0,1.6165511386455943e-05,0.00429886564627726,0.7627140535947484,0.36935327652432043,0.0
2011-10-18,0.0008916092955663342,0.0,5.317819174457718e-06,0.0008862914763918766,0.7602696334899199,0.3720688337545065,0.0
2011-10-19,-0.00010826635832071637,0.0,5.266200819358336e-06,-0.0001135325591400747,0.7570628439072226,0.37263018409406395,0.0
2011-10-20,-0.002700291957573066,0.0,5.232159498114574e-06,-0.002705524117071181,0.7545118592669827,0.3725642159046189,0.0
2011-10-21,-0.0019559123501538067,1.2782550659082898e-06,5.189425763448769e-06,-0.001962380030983164,0.7500000000436482,0.371171919311888,0.006348063414959665
2011-10-24,-0.0005878540348206392,0.0,1.5732835034411874e-05,-0.0006035868698550511,0.7527742928742415,0.3699419737035526,0.0
2011-10-25,0.005568934386817173,0.0,5.305245277942513e-06,0.0055636291415392305,0.7568600968987884,0.369577191608985,0.0
2011-10-26,0.0018893057026621227,0.0,5.344791334133148e-06,0.0018839609113279895,0.7632402674813744,0.37307050008965476,0.0
2011-10-27,-0.006975615728315541,0.0,5.236062096366393e-06,-0.0069808517904119075,0.7564872575551872,0.3742547245204405,0.0
2011-10-28,-0.0010752697325880618,5.099040455043812e-05,5.479452054419331e-06,-0.0011317395891929194,0.9999999999676736,0.5999999999950625,0.24999999999967282
2011-10-31,0.010827766894216415,0.0,1.6796288325827077e-05,0.010810970605890589,1.0083130076784084,0.5996033250832828,0.0
2011-11-01,0.015305751850632859,0.0,5.517708408706667e-06,0.015300234142224152,1.0066950355640503,0.6039023217284637,0.0
2011-11-02,-0.0017846636046791467,0.0,5.28576873481813e-06,-0.0017899493734139648,0.9957379331456953,0.6098768155039718,0.0
2011-11-03,-0.004817270678301073,0.0,5.304434117082332e-06,-0.004822575112418155,0.9964062483839979,0.6091825578369877,0.0
2011-11-04,0.0013112084565326933,4.1713087223111734e-05,6.370011210968935e-06,0.0012631253580986125,1.000000000011628,0.5349891816108957,0.20411052179126138
2011-11-07,0.004519914098841839,0.0,1.9123172969630443e-05,0.004500790925872209,1.000954372286329,0.5356238300253215,0.0
2011-11-08,-0.0074527510264157226,0.0,6.280630572722311e-06,-0.007459031656988445,0.9962095946008495,0.5377235627921209,0.0
2011-11-09,0.011876066028842136,0.0,6.4107801580932786e-06,0.011869655248684044,1.0022427945524697,0.5342558430116602,0.0
2011-11-10,-0.00406027510641785,0.0,6.201645500940681e-06,-0.0040664767519187905,0.9924456743685321,0.5397255527998625,0.0
2011-11-11,-0.001271492371852404,5.104701057453973e-05,5.40821676678178e-06,-0.0013279475991937256,0.7500000000179654,0.35520017604289555,0.2500000000168137
2011-11-14,0.007775706422867915,0.0,1.6173956722892782e-05,0.007759532466145021,0.7479655876374927,0.3543993073804349,0.0
2011-11-15,-0.00028832147475405667,0.0,5.225349072691636e-06,-0.0002935468238267483,0.7408368261071816,0.3593863438006922,0.0
2011-11-16,0.001572698160196638,0.0,5.228026237411527e-06,0.0015674701339592266,0.7408493806933443,0.35920346536230274,0.0
2011-11-17,0.00044685019614946727,0.0,5.208601674167762e-06,0.0004416415944752995,0.7404394649016761,0.36021154268742955,0.0
2011-11-18,0.003792723647507484,5.115565933856651e-05,6.443446804893551e-06,0.0037351245413640237,0.9912380845056419,0.5208664677484127,0.24999999999253156
2011-11-21,-0.0018854428933071116,0.0,1.8891309419750583e-05,-0.0019043342027268621,0.9823953455522078,0.5227068163382769,0.0
2011-11-22,0.0028725282977876895,0.0,6.376070895132302e-06,0.002866152226892557,0.9872682591011239,0.5218150837564661,0.0
2011-11-23,0.0013378353915142202,0.0,6.350828589263449e-06,0.0013314845629249568,0.9867985624031317,0.5231880753868998,0.0
2011-11-25,-0.004091605755506593,0.0,1.2788780342113831e-05,-0.0041043945358487065,0.9906189237823634,0.5238284412952086,0.0
2011-11-28,0.0017554299415223785,5.11292254939287e-05,1.6030860094885088e-05,0.0016882698559335647,0.7499999999956809,0.35991573768681034,0.25000000000340217
2011-11-29,-0.005364437092803059,0.0,5.302235987839051e-06,-0.005369739328790898,0.7481248253281805,0.3610615982159297,0.0
2011-11-30,-0.0012371514177774723,0.0,5.441087253236145e-06,-0.0012425925050307085,0.7548168432227511,0.3576174737365124,0.0
2011-12-01,-0.0022782348855463715,0.0,5.416634360726624e-06,-0.002283651519907098,0.7522380171179318,0.3568237087848883,0.0
2011-12-02,0.003815493643797963,0.0,5.476781846659518e-06,0.0038100168619513036,0.7551620602253489,0.3553569854192041,0.0
2011-12-05,0.006075153960934678,5.15335270259438e-05,2.330826013072944e-05,0.006000312173778005,0.9999999998971756,0.43283233671609256,0.24999999994157676
2011-12-06,-0.0034385339522712576,0.0,7.573081849386996e-06,-0.0034461070341206446,0.9891245917834308,0.43628961677818007,0.0
2011-12-07,0.005171580526265947,0.0,7.626415820218625e-06,0.005163954110445728,0.99107624702827,0.4343478921523106,0.0
2011-12-08,0.003071856990445176,0.0,7.49324687682542e-06,0.0030643637435683506,0.9842684964982997,0.437261474490044,0.0
2011-12-09,-0.0012215626402401081,0.0,7.422107497750202e-06,-0.0012289847477378584,0.9808019595612926,0.4389881122255277,0.0
2011-12-12,0.006716239725591308,5.2483975293949326e-05,2.3010205723222937e-05,0.006640745544574136,1.0000000000163634,0.440084994084605,0.25000000001129147
2011-12-13,0.000420656199837421,0.0,7.494539949487514e-06,0.0004131616598879335,0.9909551305475364,0.44385371423494807,0.0
2011-12-14,0.01076922698026356,0.0,7.544877402607467e-06,0.010761682102860952,0.9948669394962465,0.4440908891059014,0.0
2011-12-15,-0.00018852415179086444,0.0,7.249261876113376e-06,-0.0001957734136669778,0.9792132912716317,0.4500171743153553,0.0
2011-12-16,0.0036188836502401046,0.0,7.235987501961355e-06,0.0036116476627381434,0.9781438195412128,0.449916731898034,0.0
2011-12-19,0.0022276772129479743,1.008658104445074e-05,2.2376563882102372e-05,0.0021952140680214214,1.000000000003548,0.45550361220572366,0.049713823480568506
2011-12-20,-0.006595502754332876,0.0,7.470657949764755e-06,-0.006602973412282641,1.0020867025449898,0.4567286722121627,0.0
2011-12-21,-0.0053016341752196265,0.0,7.573622064484273e-06,-0.005309207797284111,1.0059995534350494,0.4531251427276976,0.0
2011-12-22,0.0011314476712467336,0.0,7.662434533525787e-06,0.0011237852367132078,1.0095715080487841,0.45021378710140153,0.0
2011-12-23,-5.3682397956238694e-05,0.0,7.661378283019365e-06,-6.134377623925806e-05,1.0101192036825781,0.4508385890221646,0.0
2011-12-27,-0.0024805209810354217,5.102854997033853e-05,3.2876712330288005e-05,-0.0025644262433360482,1.000000000019842,0.39999999999208585,0.25000000001790573
2011-12-28,0.003715388078997882,0.0,8.301705042292437e-06,0.0037070863739555896,1.0045659774039488,0.3985415093166008,0.0
2011-12-29,0.0048376541909824315,0.0,8.233683826120997e-06,0.004829420507156311,1.0018301232332818,0.4007712039264491,0.0
2011-12-30,0.004009961396024438,0.0,8.062530493373757e-06,0.004001898865531065,0.9922241430671038,0.40365941705081965,0.0
2012-01-03,-0.0030023657043813765,0.0,3.189695534050535e-05,-0.003034262659721882,0.9881638646684779,0.40604442970425525,0.0
2012-01-04,-0.0068704384842361785,1.2981666483412398e-05,8.219178081780688e-06,-0.006891639328801371,0.9999999999465056,0.39999999997651536,0.06414923568754041
2012-01-05,0.010976143986119293,0.0,8.42190033855882e-06,0.010967722085780734,1.0106563944927225,0.39585766977792847,0.0
2012-01-06,-0.002964734410961085,0.0,8.053589941143512e-06,-0.0029727880009022285,0.9903322467599867,0.4024201810565104,0.0
2012-01-09,-0.0002618044381273711,0.0,2.4630452479431235e-05,-0.00028643489060680235,0.9999874940377377,0.400646483704911,0.0
2012-01-10,0.0027956142666825403,0.0,8.206144888243936e-06,0.0027874081217942963,0.9995479731093487,0.4004993962675416,0.0
2012-01-11,0.011392221814465715,1.678332786818177e-06,8.219178082190708e-06,0.011382324303596706,0.9999999999988611,0.39999999999893926,0.00830032075191553
2012-01-12,0.004482569208484144,0.0,7.924044862639125e-06,0.0044746451636215046,0.9852175961321404,0.406762321159484,0.0
2012-01-13,0.008227712020546684,0.0,7.757555887009245e-06,0.008219954464659675,0.975714492609201,0.4094129128575261,0.0
2012-01-17,0.008403313101755305,0.0,3.0089774669785862e-05,0.00837322332708552,0.9633740146110102,0.4142356268874184,0.0
2012-01-18,-0.0012411578486629608,0.0,7.279571457573798e-06,-0.0012484374201205345,0.9505381916924969,0.4191294752896098,0.0
2012-01-19,0.004548588495978574,5.068865718104979e-05,8.219178081987601e-06,0.004489680660715536,0.9999999999793572,0.3999999999942623,0.24797467770406945
2012-01-20,-0.004076104482179634,0.0,7.961994569537096e-06,-0.004084066476749171,0.9839660162244934,0.4027404126482853,0.0
2012-01-23,-0.015342266850119968,0.0,2.4091758906968057e-05,-0.015366358609026937,0.9865319566015249,0.4002991565319689,0.0
2012-01-24,-0.0005485872264940868,0.0,8.535826097723253e-06,-0.0005571230525918101,1.014079896936722,0.3909645918029244,0.0
2012-01-25,-0.009650169528407486,0.0,8.577995553411596e-06,-0.009658747523960898,1.016827310978976,0.39063363557992953,0.0
2012-01-26,0.012319529143984287,8.362235323864484e-06,8.219178081780434e-06,0.012302947730578643,0.9999999999447353,0.39999999997476343,0.040463872626812725
2012-01-27,-0.004573105839750627,0.0,7.901528130992004e-06,-0.004581007367881619,0.9841199882983837,0.40730843473596723,0.0
2012-01-30,0.010542884324219034,0.0,2.4308415202082786e-05,0.01051857590901695,0.996093522871811,0.4045887529544631,0.0
2012-01-31,0.01209179318538053,0.0,7.802850810156845e-06,0.012083990334570374,0.980418605034856,0.4108104958934063,0.0
2012-02-01,0.0025341142407541433,0.0,7.471892253917283e-06,0.002526642348500226,0.9633010925093266,0.4178529579733652,0.0
2012-02-02,-0.010179885694640517,9.495043159980386e-06,8.239938711378421e-06,-0.010197620676511875,1.0000000000088438,0.398484474078219,0.04560041487951724
2012-02-03,-0.004187281732967752,0.0,8.616905722848682e-06,-0.0041958986386906,1.0213392854408962,0.39230516767294255,0.0
2012-02-06,-0.0014335300053985927,0.0,2.5820415924689228e-05,-0.001459350421323282,1.0180500385763593,0.3897532510755881,0.0
2012-02-07,0.0022560140709352292,0.0,8.735481622117264e-06,0.002247278589313112,1.0265774022478853,0.388887243833325,0.0
2012-02-08,0.0030720934708095963,0.0,8.554876665151822e-06,0.0030635385941444443,1.014772217537799,0.390266220981716,0.0
2012-02-09,-0.0026734548331548715,2.13615476539552e-06,8.240333063600773e-06,-0.0026838313209838678,1.0000000000781701,0.3984556864353137,0.010474839109811063
2012-02-10,0.004095420018796383,0.0,8.269591826528904e-06,0.004087150426969854,1.0005275061597334,0.3968473028231236,0.0
2012-02-13,0.0022666348201219673,0.0,2.4651460387772476e-05,0.002241983359734195,0.9991628827946899,0.39931068002555975,0.0
2012-02-14,-0.004231293604480721,0.0,8.154616430887605e-06,-0.004239448220911609,0.9959659986516824,0.4006789991968873,0.0
2012-02-15,0.005346856543849135,0.0,8.339197361258027e-06,0.005338517346487877,1.006896988143828,0.3981355807719919,0.0
2012-02-16,-0.008809202724485012,8.889727180121007e-07,8.234460920235677e-06,-0.008818326158123259,0.9999999999976457,0.3988843528204412,0.004399810202085735
2012-02-17,-0.007761486423943744,0.0,8.48262259887934e-06,-0.007769969046542624,1.0127770129487979,0.3935455632306061,0.0
2012-02-21,-0.0008914966650951792,0.0,3.497121442304769e-05,-0.000926467879518227,1.0270297434659272,0.3888050802453067,0.0
2012-02-22,0.0029654234207725258,0.0,8.706530949444063e-06,0.002956716889823082,1.0238500656364145,0.38827330632699797,0.0
2012-02-23,0.004126404745213826,0.0,8.710008193495571e-06,0.00411769473702033,1.0259159559071205,0.39008535778194386,0.0
2012-02-24,0.0038390380842956715,5.1095971705626625e-05,8.235550689826584e-06,0.003779706561900218,0.999999999953736,0.39880479959639525,0.2500000000646627
2012-02-27,0.005417496400518499,0.0,2.435231631920387e-05,0.005393144084199296,0.9937007231423619,0.40112769270840115,0.0
2012-02-28,0.003895093752886872,0.0,7.97052429547219e-06,0.0038871232285914,0.9862126672408001,0.4043643936713302,0.0
2012-02-29,-0.004039211885015383,0.0,7.850437984296986e-06,-0.00404706232299968,0.9797606501448257,0.40667867729114593,0.0
2012-03-01,0.0042802393482093085,0.0,7.959495978336141e-06,0.004272279852230973,0.985318800348973,0.4042755939304346,0.0
2012-03-02,0.000576943388208305,1.8787130912908648e-05,8.219178082109155e-06,0.0005499370792132872,0.9999999999915647,0.3999999999975965,0.09187436849636087
2012-03-05,0.005933491879380989,0.0,2.4616997838532304e-05,0.005908874881542457,0.9993703864227272,0.40035677235177447,0.0
2012-03-06,0.0024402143413625806,0.0,7.945975769928215e-06,0.0024322683655926525,0.9839598793150329,0.40390364811027335,0.0
2012-03-07,0.0043818219792721505,0.0,7.843750983132118e-06,0.0043739782282890185,0.9779517449669428,0.40535792319829833,0.0
2012-03-08,0.0001372564786608341,0.0,7.696382338113867e-06,0.00012956009632272023,0.9697912680088228,0.4079553573265104,0.0
2012-03-09,-0.0005067791107246497,6.1234689672809215e-06,8.219178082197442e-06,-0.0005211217577741281,1.000000000000582,0.4000000000001687,0.029899404930325668
2012-03-12,0.003151344992598535,0.0,2.472798947641973e-05,0.0031266170031221154,1.0014159246379084,0.39970151404502835,0.0
2012-03-13,-0.006304392790647005,0.0,8.127184310281354e-06,-0.006312519974957287,0.9948816729968776,0.4015972183463387,0.0
2012-03-14,-0.001366404471356536,0.0,8.32301496429126e-06,-0.0013747274863208272,1.0053840634624451,0.3978039710691832,0.0
2012-03-15,-0.00019813489273785368,0.0,8.226662205495714e-06,-0.0002063615549433494,0.9975296514675223,0.3969833104663354,0.0
2012-03-16,-0.003921319112208627,5.040458491024198e-05,8.219178082323848e-06,-0.003979942875201193,1.0000000000175588,0.400000000007918,0.2500000000173573
2012-03-19,-0.00100110414626623,0.0,2.506173005179648e-05,-0.0010261658763180265,1.0074967816141738,0.3976613503537929,0.0
2012-03-20,0.002672163499387956,0.0,8.384391609730839e-06,0.002663779107778225,1.0091282910458337,0.3970677035354826,0.0
2012-03-21,0.0005261119322008517,0.0,8.288281973054178e-06,0.0005178236502277975,1.0037224612677147,0.39867787723475945,0.0
2012-03-22,0.00534453401065301,0.0,8.306684492538223e-06,0.005336227326160472,1.0053853468430831,0.398997378887793,0.0
2012-03-23,0.0006348308442067339,5.064934608170537e-05,8.219178082601598e-06,0.000575962320042427,1.000000000045492,0.4000000000155754,0.25000000005205625
2012-03-26,0.00810275845683918,0.0,2.4652036710065255e-05,0.008078106420129114,1.0002704397318265,0.4004042131202386,0.0
2012-03-27,0.0034511065168554675,0.0,8.054162110434252e-06,0.003443052354745033,0.9931872866835029,0.40523345262180255,0.0
2012-03-28,0.000711087226099153,0.0,7.987813149253525e-06,0.0007030994129498994,0.9903926248726895,0.4072822649771823,0.0
2012-03-29,0.00980384713947947,0.0,7.908158544914567e-06,0.009795938980934556,0.9850022676449319,0.4077066938661685,0.0
2012-03-30,-0.0006702498494247475,5.128150619441771e-05,1.1357369089692623e-05,-0.0007328887247088578,0.9999999999871256,0.17091205643956428,0.24999999999569122
2012-04-02,-2.659188291563282e-05,0.0,3.409155168146514e-05,-6.068343459709796e-05,0.9999277573146611,0.17036666639900946,0.0
2012-04-03,-0.0037989693232782507,0.0,1.1453767356897436e-05,-0.003810423090635148,1.0064754290176898,0.17035041196417686,0.0
2012-04-04,0.0002967050986660565,0.0,1.1531837683916877e-05,0.00028517326098213966,1.0090126524936933,0.167188501567761,0.0
2012-04-05,0.0032274828708460713,0.0,1.1434607923516934e-05,0.0032160482629225544,1.0021638363972605,0.16743745798052428,0.0
2012-04-09,-0.002586866171112103,1.5933306320307507e-06,4.55924076348436e-05,-0.002634051909378977,1.000000000034543,0.16793856069864704,0.00784553522050735
2012-04-10,0.004272772558082479,0.0,1.1460224082624955e-05,0.0042613123339998536,1.0023847477837362,0.16578838975211432,0.0
2012-04-11,0.004368012290402403,0.0,1.1181592886836772e-05,0.004356830697515566,0.9855958343209686,0.16933955358188443,0.0
2012-04-12,0.0028752843111760663,0.0,1.1070885462538922e-05,0.0028642134257135274,0.9811286731911826,0.17295403442584117,0.0
2012-04-13,-0.001241298004247845,0.0,1.106396351606989e-05,-0.0012523619677639148,0.9829964810493049,0.17532714437620292,0.0
2012-04-16,-0.0014625633814750534,5.156766838624932e-05,2.467805007220117e-05,-0.0015388090999335039,1.0000000000224438,0.3995007815988818,0.2500000000205662
2012-04-17,0.010468970027014652,0.0,8.256376144085143e-06,0.010460713650870567,1.0013671255485521,0.3986516670303367,0.0
2012-04-18,0.0012521472930616768,0.0,8.066438574278714e-06,0.0012440808544873982,0.9937352643345954,0.40488524841224943,0.0
2012-04-19,-0.0005733116280256335,0.0,7.982113279239952e-06,-0.0005812937413048735,0.9883270251444337,0.4056327557599172,0.0
2012-04-20,-0.00056929074505169,0.0,7.921517513645094e-06,-0.0005772122625653352,0.9835658180978858,0.4052950396017939,0.0
2012-04-23,-0.01031697147238103,2.8369206054691834e-06,2.4657534246723857e-05,-0.010344465927233223,0.9999999999931883,0.39999999998957436,0.01394286059951988
2012-04-24,0.003488631557738274,0.0,8.496449759687531e-06,0.0034801351079785862,1.0139970588418552,0.3937562263846653,0.0
2012-04-25,-7.185581999102742e-06,0.0,8.391398592011124e-06,-1.5576980591113864e-05,1.008439283864865,0.39586718664805304,0.0
2012-04-26,0.007016646319668473,0.0,8.604893429074477e-06,0.007008041426239398,1.024023387788098,0.3958661674656613,0.0
2012-04-27,-0.00391064025436261,0.0,8.428545435018868e-06,-0.003919068799797629,1.0153628600326567,0.40007904327627936,0.0
2012-04-30,-0.008965694283471102,5.476694308565704e-06,2.46575342467964e-05,-0.008995828512026465,0.9999999999976074,0.399999999992228,0.02669777592768563
2012-05-01,-0.0036613713985175203,0.0,8.49351455213777e-06,-0.003669864913069658,1.014610477247229,0.3945839149411719,0.0
2012-05-02,0.010544673732716642,0.0,8.671527475116239e-06,0.010536002205241526,1.0253839664541275,0.3923624607706422,0.0
2012-05-03,-0.008902553967128116,0.0,8.319572973035455e-06,-0.008910873540101151,1.0060351904111364,0.39870636337954823,0.0
2012-05-04,-0.0026101054166506148,0.0,8.55676016201243e-06,-0.0026186621768126274,1.0179520238302517,0.3933085320033447,0.0
2012-05-07,-0.0021661235384313102,4.175026983758726e-06,2.465753424704012e-05,-0.0021949560996621094,1.0000000000077696,0.39999999999646013,0.020543738113487253
2012-05-08,-0.007185313831025041,0.0,8.327364132563722e-06,-0.007193641195157604,1.0066066069421762,0.39870902526502466,0.0
2012-05-09,-0.0022621096196221396,0.0,8.564395780459575e-06,-0.002270674015402599,1.0195614920661216,0.3943606000925727,0.0
2012-05-10,-0.0016012513193494162,0.0,8.582521528249824e-06,-0.001609833840877666,1.0195149161342485,0.3929908445720113,0.0
2012-05-11,0.00018780314438088459,0.0,8.629372239233442e-06,0.00017917377214165116,1.021964854875964,0.39202068141192276,0.0
2012-05-14,0.0012685452300286535,5.009220551801426e-06,2.46575342471143e-05,0.0012388784752297376,1.0000000000308151,0.4000000000177005,0.02427299121805987
2012-05-15,-0.008764869568913439,0.0,8.058311610419407e-06,-0.008772927880523858,0.9890287849577406,0.40077203739712386,0.0
2012-05-16,-0.012831017144505687,0.0,8.308434384930336e-06,-0.012839325578890618,1.00199236610973,0.39547665600981546,0.0
2012-05-17,-0.010952722852897636,0.0,8.677961932364555e-06,-0.01096140081483,1.0211136707612907,0.3876224496986782,0.0
2012-05-18,-0.00979690279791298,0.0,8.813123566471512e-06,-0.009805715921479451,1.024202334372221,0.3808443140198007,0.0
2012-05-21,0.013748207470881395,3.486585532131513e-05,2.4657534247706148e-05,0.013688684081312373,1.0000000000586715,0.40000000003115516,0.17203475314291142
2012-05-22,-0.0014019588002575538,0.0,7.961518701802925e-06,-0.0014099203189593568,0.9893518854732561,0.4081610202416427,0.0
2012-05-23,0.0011754578067180823,0.0,7.993821056048416e-06,0.0011674639856620339,0.9908823061265121,0.4073333690349777,0.0
2012-05-24,0.0037354219989131072,0.0,7.970670299280905e-06,0.0037274513286138264,0.9898913954829266,0.4080324636354205,0.0
2012-05-25,0.00365850121466724,0.0,7.819290219474093e-06,0.003650681924447766,0.9810469267168888,0.4102387406952801,0.0
2012-05-29,0.012079820245965338,5.5963866887798746e-06,3.287671232903856e-05,0.01204134714694752,0.9999999999977853,0.39999999999283153,0.02721357267481251
2012-05-30,0.001157762615456175,0.0,7.924466137571409e-06,0.0011498381493186037,0.9856628903324738,0.40717686228976113,0.0
2012-05-31,0.0013544885977207761,0.0,7.788174508713351e-06,0.0013467004232120628,0.9764023845623842,0.40786564542630965,0.0
2012-06-01,-0.0003426010580765767,0.0,7.746368579131234e-06,-0.00035034742665570793,0.9741546845372727,0.40866977826069256,0.0
2012-06-04,-0.0071109784893079704,0.0,2.2710477350176444e-05,-0.007133688966658147,0.9610918992363412,0.408470283715381,0.0
2012-06-05,0.0029980622110775805,5.366731710677788e-06,8.219178082692026e-06,0.0029844763012842105,1.0000000000452727,0.40000000000875463,0.026230737823698495
2012-06-06,0.0050850109737439015,0.0,8.19020882365905e-06,0.005076820764920243,0.9996841470433073,0.40179890291619674,0.0
2012-06-07,0.0067326276223416085,0.0,8.190833344231345e-06,0.006724436788997377,1.0027595054142124,0.4048286712853244,0.0
2012-06-08,0.002484911685628465,0.0,7.943689070381292e-06,0.0024769679965580835,0.9887015687997652,0.408812266661931,0.0
2012-06-11,0.0012045634367651137,0.0,2.3903912749057195e-05,0.0011806595240160566,0.9919428025189125,0.41028092562518753,0.0
2012-06-12,0.0028373714435420646,3.8228914671795214e-05,8.219178082136452e-06,0.0027909233507881328,0.9999999999637792,0.3999999999678182,0.18671722899217805
2012-06-13,0.0010616813845838258,0.0,8.204317395471365e-06,0.0010534770671883544,1.0006313821235995,0.4017162122541899,0.0
2012-06-14,-0.018776262038901103,0.0,8.134139214222258e-06,-0.018784396178115326,0.9961461855409793,0.40235402290275474,0.0
2012-06-15,0.008891142296012646,0.0,8.902062774883001e-06,0.008882240233237764,1.0407715579054149,0.39092097533895576,0.0
2012-06-18,-0.010352360941014917,0.0,2.6115320625520562e-05,-0.010378476261640438,1.0317649573948728,0.3962921555072058,0.0
2012-06-19,0.0032321024930284424,5.124667621075583e-05,8.219178082657396e-06,0.0031726366387350292,1.0000000000250007,0.3999999999910109,0.2500000000282915
2012-06-20,0.0018685358474640648,0.0,8.147241889555625e-06,0.001860388605574509,0.9967054974254503,0.4019568394878899,0.0
2012-06-21,-0.008090186913556854,0.0,8.074100476039082e-06,-0.008098261014032894,0.9924848330220369,0.40307549827118405,0.0
2012-06-22,-0.0022799483961624457,0.0,8.187773061281056e-06,-0.0022881361692237267,0.9959175543282557,0.39821012085473834,0.0
2012-06-25,-0.006980362223663963,0.0,2.4835800916926163e-05,-0.007005198024580889,1.0011760145915305,0.3968381922796605,0.0
2012-06-26,-0.0077369684615886435,5.059834833531706e-05,8.21917808356998e-06,-0.00779578598800753,1.0000000000604863,0.3999999999598775,0.2500000000662475
2012-06-27,0.0009205105225131143,0.0,8.500557701485838e-06,0.0009120099648116285,1.0158857691621828,0.39534505695371674,0.0
2012-06-28,0.003165029442154055,0.0,8.508250161449106e-06,0.0031565211919926056,1.0170067604141517,0.39590449862836696,0.0
2012-06-29,-0.0030463727755892385,0.0,8.457849491337329e-06,-0.003054830625080576,1.0152368331838504,0.3978138203162253,0.0
2012-07-02,0.0028408199578684313,0.0,2.593833096411457e-05,0.0028148816269043166,1.0271431439435967,0.3959770904834753,0.0
2012-07-03,-0.00514979314795261,5.106743312652206e-05,8.219178084374164e-06,-0.005209079759163506,1.0000000000440168,0.3999999998847025,0.25000000004324474
2012-07-05,-0.004437944335986453,0.0,1.6769089273127646e-05,-0.004454713425259581,1.0089895415960473,0.3969177831268882,0.0
2012-07-06,0.012731537081549492,0.0,8.583565773981654e-06,0.012722953515775511,1.0208363489046544,0.39423604740399376,0.0
2012-07-09,-0.006423197675959092,0.0,2.4616165016935337e-05,-0.006447813840976028,1.0008481532333784,0.40185480448795186,0.0
2012-07-10,0.008510889436821281,0.0,8.496649684309356e-06,0.008502392787136971,1.0182532496363415,0.39799782268175865,0.0
2012-07-11,-0.005140716655961664,3.3443930901910256e-05,1.0240413337743925e-05,-0.005184401000201319,1.0000000000255256,0.25244982637021907,0.15911055639695698
2012-07-12,0.001052628668910133,0.0,1.0439657192430846e-05,0.0010421890117177021,1.0106929161763458,0.2485979411288942,0.0
2012-07-13,-0.002648107668913628,0.0,1.046793462357692e-05,-0.002658575603537205,1.013549885115949,0.24939065759483386,0.0
2012-07-16,0.0029345813755843496,0.0,3.167351267919652e-05,0.002902907862905153,1.0181224241411484,0.24740028228069996,0.0
2012-07-17,-0.0008724963775101187,0.0,1.0491989030354371e-05,-0.0008829883665404731,1.0155254672623792,0.24961026804651013,0.0
2012-07-18,-0.003646123462463784,5.463107776744324e-05,1.0236355533645894e-05,-0.0037109908957648732,0.9999999999872125,0.2527460460310621,0.250000000014813
2012-07-19,-0.004765442799338585,0.0,1.0405084424948872e-05,-0.0047758478837635334,1.0095989363804905,0.25002777335922277,0.0
2012-07-20,0.0019393886223887796,0.0,1.0580705233379743e-05,0.0019288079171553999,1.018830769144415,0.24643928710769375,0.0
2012-07-23,0.007263221603724489,0.0,3.177076906295506e-05,0.007231450834661534,1.0209892371034335,0.24790052323819375,0.0
2012-07-24,0.004525969945492708,0.0,1.0330040037301637e-05,0.004515639905455406,1.0074247111917691,0.25333178846874965,0.0
2012-07-25,-0.00285551357805639,5.279540508059488e-05,1.0958904109473749e-05,-0.0029192678872464587,0.9999999999890653,0.1999999999974815,0.2500000000083184
2012-07-26,-0.0027752414474438688,0.0,1.1085790060218572e-05,-0.0027863272375040875,1.0069843633926814,0.19772168899672546,0.0
2012-07-27,-0.00931165111966027,0.0,1.1143009988254849e-05,-0.009322794129648525,1.008930879007445,0.1954911498648409,0.0
2012-07-30,-0.0011098289543215573,0.0,3.409630404854919e-05,-0.0011439252583701064,1.0176082777057087,0.18793154585767846,0.0
2012-07-31,0.006619517093985014,0.0,1.1475061194057941e-05,0.006608042032790956,1.0247151388986975,0.18703567173246793,0.0
2012-08-01,8.567103908912298e-05,3.3526482591461276e-05,1.0958904109528193e-05,4.118565238813351e-05,0.999999999991921,0.19999999999636295,0.15851474492532006
2012-08-02,0.005560188062714825,0.0,1.091767636156325e-05,0.005549270386353262,0.997067805110057,0.20007743071593992,0.0
2012-08-03,-0.014382322034947713,0.0,1.074075297731017e-05,-0.014393062787925022,0.9885777449147944,0.20450277757115204,0.0
2012-08-06,-0.002350897342463416,0.0,3.35739566320832e-05,-0.0023844712990954992,1.0098631097944903,0.19289683174713265,0.0
2012-08-07,-0.00741071784367293,0.0,1.1295136326327786e-05,-0.0074220129799992575,1.015546323515489,0.1910013716935604,0.0
2012-08-08,-0.001827943232013993,5.244946184439216e-06,1.0958904110862768e-05,-0.0018441470823092948,1.0000000000705236,0.19999999997754134,0.025703147843348255
2012-08-09,-0.0023989024914665225,0.0,1.0977782267380122e-05,-0.002409880273733903,0.9999162958887742,0.19853819037002526,0.0
2012-08-10,0.002891517811539961,0.0,1.1053584462730931e-05,0.00288046422707723,1.003524767693778,0.1966131019144199,0.0
2012-08-13,0.0027215270830226604,0.0,3.2968911994577615e-05,0.002688558171028083,1.0011751295573659,0.19893160435597748,0.0
2012-08-14,-0.005269913735137093,0.0,1.0862324722276643e-05,-0.005280776059859369,0.9940621337009794,0.20111242897478462,0.0
2012-08-15,-0.006793899379336392,1.0719934934643952e-06,1.0958904109419788e-05,-0.006805930276939276,1.000000000008855,0.2000000000212104,0.0053417582509089345
2012-08-16,-0.00640933566903928,0.0,1.1092281919583135e-05,-0.006420427950958863,1.0042666387874373,0.19453005865786835,0.0
2012-08-17,0.0006627389913839356,0.0,1.1273325967054876e-05,0.0006514656654168807,1.0122891389347461,0.18933634333974003,0.0
2012-08-20,-0.003605121797303788,0.0,3.385155617164766e-05,-0.0036389733534754353,1.0135965852138242,0.1898753850370645,0.0
2012-08-21,-0.0030364213083716577,0.0,1.1444435248810378e-05,-0.003047865743620468,1.022394344550614,0.1869505713874566,0.0
2012-08-22,0.0007343278903296352,5.250311637971109e-05,1.095890410934328e-05,0.0006708658698405808,1.000000000008922,0.2000000000268625,0.25000000000475686
2012-08-23,-0.0012085612449365126,0.0,1.1088113414891076e-05,-0.0012196493583514036,1.0100320316768638,0.2005997523898153,0.0
2012-08-24,-0.0005026676239703619,0.0,1.1182063316868056e-05,-0.0005138496872872299,1.0159252975800626,0.19963467544869448,0.0
2012-08-27,0.0027321568348299212,0.0,3.359831079148024e-05,0.002698558524038441,1.016793280276839,0.19923438435081967,0.0
2012-08-28,-0.0007595854215866404,0.0,1.1148496322043249e-05,-0.0007707339179086836,1.0152632209696608,0.20142298946050358,0.0
2012-08-29,0.0013952958340859706,1.3821758505451894e-05,1.0288481612497659e-05,0.001371185593968021,1.0000000000191436,0.2489408423068146,0.06780406173980949
2012-08-30,0.0029602758512554746,0.0,1.0194142989000324e-05,0.0029500817082664743,0.9941657890566378,0.24999335085961408,0.0
2012-08-31,-0.006411054877187308,0.0,1.0110021744276342e-05,-0.006421164898931585,0.9902411751513674,0.2522095878191948,0.0
2012-09-04,-0.00288455372467885,0.0,4.194515218833572e-05,-0.0029264988768671857,1.0128860733950897,0.24738704595796304,0.0
2012-09-05,-8.262655447082164e-05,0.0,1.0567296175235655e-05,-9.31938506460573e-05,1.0166327494566088,0.24522012866440582,0.0
2012-09-06,-0.003404779318630303,5.080146720949008e-05,1.0351742535960639e-05,-0.0034659325283757534,0.9999999999845229,0.24432279485939604,0.2500000000150765
2012-09-07,-0.008128104415179813,0.0,1.0421584278233557e-05,-0.008138525999458046,1.0025315775771229,0.241755925266073,0.0
2012-09-10,0.002886172982784115,0.0,3.228595718552455e-05,0.002853887025598591,1.0211697665791755,0.2355448083980783,0.0
2012-09-11,-0.0013583657416645844,0.0,1.0660277428873043e-05,-0.0013690260190934575,1.015952715019956,0.23775246271222392,0.0
2012-09-12,-0.0005353012328252549,0.0,1.0725584369687082e-05,-0.0005460268171949419,1.0196858292920559,0.236718170304899,0.0
2012-09-13,-0.0069156138513115075,5.10969960349489e-05,1.1418032627047844e-05,-0.006978128879973504,1.0000000000004634,0.1664836182259707,0.25000000000006556
2012-09-14,-0.0019404460740171396,0.0,1.1803704277622764e-05,-0.0019522497782947623,1.0223597273916998,0.16068931512523787,0.0
2012-09-17,0.007815401894073058,0.0,3.560147855885753e-05,0.007779800415514201,1.025362037647585,0.15905939271538505,0.0
2012-09-18,-0.004254825021223514,0.0,1.1566458151439705e-05,-0.004266391479374953,1.0099380092436785,0.16558656418858014,0.0
2012-09-19,0.00528284574541468,0.0,1.1724802639181982e-05,0.005271120942775498,1.017933585343086,0.16202299268280132,0.0
2012-09-20,-0.00360975910035286,5.3239943159776464e-05,1.4574524263366287e-05,-0.003677573567776003,1.0000000000139075,-0.06394027121183164,0.2500000000165473
2012-09-21,-0.0032687241663560953,0.0,1.4670058189044696e-05,-0.00328339422454514,1.0031148803263443,-0.06779936747391851,0.0
2012-09-24,0.0053142991580851515,0.0,4.444299908061808e-05,0.005269856159004533,1.0101441060737053,-0.0713022048880012,0.0
2012-09-25,-0.002209159817189438,0.0,1.4587406220635437e-05,-0.0022237472234100737,0.9992386721792188,-0.06564198192716798,0.0
2012-09-26,-0.0019532430225224755,0.0,1.4627380046981316e-05,-0.001967870402569457,0.9997963816220238,-0.06800236180761239,0.0
2012-09-27,-0.008308633027043476,5.1651338404019715e-05,1.4110082408367692e-05,-0.008374394447855864,1.0000000000026474,-0.03003601580819399,0.25000000000173095
2012-09-28,-0.0016638268114753587,0.0,1.45196835619899e-05,-0.0016783464950373486,1.0212684261369884,-0.03866847388827442,0.0
2012-10-01,-0.00942660275818416,0.0,4.371607333531859e-05,-0.009470318831519478,1.0233576784165708,-0.04040010607618191,0.0
2012-10-02,0.0008836951910179622,0.0,1.4947040895550788e-05,0.0008687481501224114,1.0408308901912369,-0.05030309518397048,0.0
2012-10-03,0.0065597283900747285,0.0,1.4957487937869485e-05,0.006544770902136859,1.0425201152182435,-0.04937650424622908,0.0
2012-10-04,-0.0011832842695916385,5.204148669544403e-05,1.4092174812855377e-05,-0.0012494179310999379,1.0000000000129246,-0.028728761325517993,0.25000000001599487
2012-10-05,0.002833845461914386,0.0,1.4156477759566424e-05,0.0028196889841548196,1.0034734114546493,-0.029949464993699562,0.0
2012-10-08,0.0001861446768694186,0.0,4.210104025081758e-05,0.00014404363661860102,0.9974192692046218,-0.02703937689860582,0.0
2012-10-09,-0.005044077790193937,0.0,1.4025028704769033e-05,-0.005058102818898707,0.9969777307065413,-0.026849364741598145,0.0
2012-10-10,0.0014677283112043897,0.0,1.4210310002222836e-05,0.0014535180012021668,1.005297047195911,-0.03205558296635569,0.0
2012-10-11,-0.005971298114068249,5.04357488750073e-05,1.1002170737178153e-05,-0.006032736033680435,1.0000000000299005,0.1968415362158953,0.250000000046363
2012-10-12,0.0020222958164863108,0.0,1.1267248999510071e-05,0.002011028567486801,1.0145378735031734,0.1920286965389382,0.0
2012-10-15,0.009210044553422257,0.0,3.352708377696092e-05,0.009176517469645295,1.009487238718557,0.19366153347917453,0.0
2012-10-16,0.0037759873465173497,0.0,1.0907927859192117e-05,0.003765079418658158,0.9973055853378912,0.2010268516168669,0.0
2012-10-17,-0.0005275766094305057,0.0,1.0828504449311335e-05,-0.0005384051138798171,0.9945154571680881,0.2040346323683607,0.0
2012-10-18,-0.0037404280025245054,2.5858815462957412e-05,9.999259556917021e-06,-0.0037762860775443796,0.9999999999413883,0.27005405228644574,0.12748448384814318
2012-10-19,-0.004172463630429199,0.0,1.0161546087543113e-05,-0.004182625176516742,1.0091159772237661,0.26732311283311894,0.0
2012-10-22,0.0056681432977216395,0.0,3.061560710419774e-05,0.0056375276906174415,1.0092357055887398,0.26425593271992787,0.0
2012-10-23,-0.0057373516571660906,0.0,9.962924229757178e-06,-0.005747314581395848,0.9957043708967334,0.2684109021244593,0.0
2012-10-24,0.002710145759902788,0.0,1.007406060665764e-05,0.00270007169929613,0.9995983689692665,0.2641919446832587,0.0
2012-10-25,-0.0006530887174455171,5.2022263653476734e-05,1.2328767123064098e-05,-0.0007174397482220579,0.9999999999755496,0.09999999999187029,0.24999999997792816
2012-10-26,0.0021474002902026213,0.0,1.2357169218967291e-05,0.002135043120983654,1.0014915908545832,0.09941823786997098,0.0
2012-10-31,0.002265915102417395,0.0,6.140178494910345e-05,0.0022045133174682916,0.9978153133913625,0.10134925313445195,0.0
2012-11-01,0.0005592516216641636,0.0,1.2216894342807781e-05,0.0005470347273213558,0.9952205366930876,0.10338724966811957,0.0
2012-11-02,0.005620392317680998,0.0,1.223360316652085e-05,0.005608158714514477,0.9969427011884882,0.10388967003246602,0.0
2012-11-05,-0.0008826864613531691,5.1259485003435754e-05,3.201838325424241e-05,-0.0009659643296108473,1.0000000000209635,0.22088600750106488,0.2500000000173421
2012-11-06,-0.0037150574030562133,0.0,1.0740684242079846e-05,-0.003725798087298293,1.0042859915528055,0.22021604188097685,0.0
2012-11-07,-0.0008890757659292021,0.0,1.0929917415711433e-05,-0.0009000056833449136,1.0151946113918842,0.21731064004494974,0.0
2012-11-08,-0.005955275989946488,0.0,1.0744439357125211e-05,-0.005966020429303613,1.000960593448608,0.21661652037846757,0.0
2012-11-09,-8.222451217331384e-05,0.0,1.0842290093277037e-05,-9.306680226659088e-05,1.0034127736379173,0.21192559682869339,0.0
2012-11-12,-0.0006557480638308766,5.0601840563708887e-05,3.2026255308015256e-05,-0.0007383761597026008,1.0000000000496732,0.220694454221302,0.2500000000408379
2012-11-13,-0.004843087209678972,0.0,1.0712292599074202e-05,-0.004853799502278046,1.0021986572783312,0.22020129754591464,0.0
2012-11-14,-0.0052515584593480266,0.0,1.0865750667266672e-05,-0.005262424210015293,1.0096084130713763,0.21640861436090936,0.0
2012-11-15,0.0019642034792215525,0.0,1.0974515635975167e-05,0.001953228963585577,1.0134137738614357,0.21227413243524856,0.0
2012-11-16,-0.003212459108571437,0.0,1.0874486071099633e-05,-0.0032233335946425367,1.0076581783299823,0.21382069513970917,0.0
2012-11-19,0.003432235244958009,1.6166951091990172e-05,3.52409032978788e-05,0.0033808273905681398,1.000000000013695,0.14247135309864437,0.07889269148419563
2012-11-20,0.00018246855487352896,0.0,1.1753741131900765e-05,0.0001707148137416282,1.0034350781824897,0.14541197555373364,0.0
2012-11-21,-0.0028050445570450113,0.0,1.1726585385092062e-05,-0.0028167711424301033,1.0016103263343343,0.14556959322261384,0.0
2012-11-23,0.0028438974969797527,0.0,2.367644612575171e-05,0.002820221050854001,1.0073581032384167,0.14316781964847933,0.0
2012-11-26,0.004407599507370676,0.0,3.539011196593179e-05,0.004372209395404744,1.00676048105774,0.1456010898867332,0.0
2012-11-27,-5.23622719094364e-05,1.5306504244468806e-06,1.1735284627989196e-05,-6.562820696187247e-05,1.0000000000225777,0.14332422217936644,0.007623046835079111
2012-11-28,0.004362357888640465,0.0,1.172286988099763e-05,0.004350635018759467,0.999050764512679,0.14328126319985215,0.0
2012-11-29,0.004007026866027098,0.0,1.1593965150082453e-05,0.0039954329008770155,0.9933635160328417,0.14700406007682262,0.0
2012-11-30,0.0008293017499846464,0.0,1.1484598265716561e-05,0.0008178171517189298,0.9887858067447569,0.15041013334744793,0.0
2012-12-03,0.00032818565590485033,0.0,3.4393052422730525e-05,0.0002937926034821198,0.9880134589165452,0.15111584996343602,0.0
2012-12-04,0.0006400941123529437,5.260503986624974e-05,1.176436740514759e-05,0.0005757247050815463,1.0000000000294804,0.1412011794537064,0.2500000000151009
2012-12-05,0.0015686241798194274,0.0,1.1739088680078723e-05,0.0015568850911393487,0.9987131326739197,0.14175965902817284,0.0
2012-12-06,0.002472006383148524,0.0,1.170611431521394e-05,0.00246030026883331,0.9976518294234674,0.14310548441284968,0.0
2012-12-07,0.0012307757293124767,0.0,1.1637169449885144e-05,0.0012191385598625914,0.994733575327018,0.14522020548540246,0.0
2012-12-10,0.0007739902357162532,0.0,3.474524220075477e-05,0.0007392449935154984,0.9917402147996275,0.1462726545812615,0.0
2012-12-11,-0.0008297321181616323,5.0676131391268316e-05,1.0983090911830245e-05,-0.0008913913404647309,0.999999999982486,0.19823436341887835,0.24999999998484063
2012-12-12,-0.0013237152478868287,0.0,1.1020272125106819e-05,-0.0013347355200119355,1.0020606182058465,0.19758075307304857,0.0
2012-12-13,-0.0005331535942285574,0.0,1.1060512676542587e-05,-0.0005442141069051,1.0039367645551267,0.19651933916751785,0.0
2012-12-14,7.802033807625171e-05,0.0,1.1023493142135203e-05,6.699684493411651e-05,1.0008079014727442,0.1960929020968745,0.0
2012-12-17,-0.000802486680661206,0.0,3.3028985370558406e-05,-0.0008355156660317645,0.9998630911661371,0.19615778048254917,0.0
2012-12-18,-0.0025488333055740933,5.061058414374695e-05,1.080421272073776e-05,-0.002610248102438578,1.0000000000256837,0.21129247141182736,0.2500000000319196
2012-12-19,-0.001357998936353428,0.0,1.0880380799301132e-05,-0.0013688793171527291,1.0035577351155405,0.20928993676655766,0.0
2012-12-20,0.0009070079599694479,0.0,1.0944994458433214e-05,0.0008960629655110148,1.0072015571882114,0.20821696172258664,0.0
2012-12-21,0.0022319798304741693,0.0,1.0938735250183958e-05,0.0022210410952239854,1.0074644224628932,0.20893674919946426,0.0
2012-12-24,-0.0003005384460442263,0.0,3.2581154432890906e-05,-0.0003331196004771172,1.0035088451968628,0.21070075399651753,0.0
2012-12-26,-0.0019392803859717767,2.354499068226599e-05,2.4749815308490534e-05,-0.001987575191962533,1.00000000000513,0.09663174124522528,0.11705545526934696
2012-12-27,0.0012139795381047587,0.0,1.2479561507890372e-05,0.0012014999765968682,1.0058890341446292,0.09488104406863193,0.0
2012-12-28,0.002103438610845297,0.0,1.2463317541994532e-05,0.0020909752933033028,1.0058018845602341,0.09597970399463338,0.0
2012-12-31,-0.0064198833397626255,0.0,3.714850115028383e-05,-0.006457031840912909,1.0018253424432846,0.0978784811197112,0.0
2013-01-02,-0.005728362099378773,0.0,2.5193622537303765e-05,-0.005753555721916077,1.0116202094586584,0.0920529868470712,0.0
2013-01-03,-0.001584039147624834,5.2586799134733485e-05,1.2354613194856092e-05,-0.0016489805599544235,1.0000000000182994,0.09811323679380488,0.25000000001737427
2013-01-04,-0.0034368914407890416,0.0,1.2341285925371212e-05,-0.003449232726714413,0.9976025078783,0.09668863532620153,0.0
2013-01-07,0.0013483136858591603,0.0,3.743594000949368e-05,0.0013108777458496668,1.0045157110251144,0.09357450412743484,0.0
2013-01-08,0.0015950362889682805,0.0,1.2451192452821144e-05,0.0015825850965154593,1.0037355975616626,0.094798548505719,0.0
2013-01-09,0.003995609953002234,0.0,1.2400942214002505e-05,0.003983209010788232,1.0015100564097217,0.09624127478753888,0.0
2013-01-10,-0.0018520730389715223,5.115928675147722e-05,1.2767886731610334e-05,-0.0019160002124546098,0.9999999999813861,0.06794426857383179,0.24999999999913605
2013-01-11,-0.004854753736989971,0.0,1.2877966453412533e-05,-0.004867631703443383,1.0063106223886344,0.0662190712895196,0.0
2013-01-14,-0.003306082529964186,0.0,3.929469022283773e-05,-0.0033453772201870236,1.0178352729406586,0.06166447751827378,0.0
2013-01-15,-0.002361224466916789,0.0,1.3223311739890675e-05,-0.0023744477786566795,1.023856038158621,0.058554281146601966,0.0
2013-01-16,-0.0019512664179540604,0.0,1.3316152039478644e-05,-0.0019645825699935392,1.0284059006108701,0.05632680172892918,0.0
2013-01-17,-0.0024256683738340095,3.2220991100220705e-05,1.2375477327052746e-05,-0.002470264842261283,1.0000000000216076,0.0965901551467574,0.15892422190375588
2013-01-18,-0.004504032190274496,0.0,1.2509302011031751e-05,-0.004516541492285527,1.0075767208335846,0.09439767402826674,0.0
2013-01-22,0.00026941627834255785,0.0,5.0800034186790803e-05,0.00021861624415576704,1.017402116183598,0.090301492274666,0.0
2013-01-23,0.0013946930403954825,0.0,1.2694190547094487e-05,0.001381998849848388,1.0172270225467632,0.09055111260886595,0.0
2013-01-24,0.0038124970178270382,0.0,1.2634975898387528e-05,0.003799862041928651,1.0141721526007472,0.09181891201845763,0.0
2013-01-25,0.0014114213766311498,5.2602196844664655e-05,1.5068493150784408e-05,0.0013437506866357009,1.0000000000241986,-0.09999999998306307,0.2500000000029196
2013-01-28,0.004908012473864393,0.0,4.510174887758504e-05,0.004862910724986807,0.9990196114391897,-0.09845627791537949,0.0
2013-01-29,0.0011980494912938908,0.0,1.4801531096911994e-05,0.001183247960196979,0.987416219982054,-0.09309555009252164,0.0
2013-01-30,-0.005264345539875226,0.0,1.476318785223639e-05,-0.005279108727727463,0.9859238216307623,-0.09178889158249394,0.0
2013-01-31,-1.659998202554951e-05,0.0,1.4947755935439614e-05,-3.1547737960989125e-05,0.9936178724433979,-0.09756831084369372,0.0
2013-02-01,0.0046321856919489075,5.184885598413954e-05,1.236468744058657e-05,0.004567972148524182,0.999999999954208,0.09737781679138846,0.25000000002309875
2013-02-04,-0.005553090053346883,0.0,3.6707348273533845e-05,-0.005589797401620416,0.9947582838551159,0.10154614253245903,0.0
2013-02-05,-0.00296203184416726,0.0,1.234257480152135e-05,-0.0029743744189687812,0.9975406109487588,0.09653265043770029,0.0
2013-02-06,-1.3529831981505254e-05,0.0,1.2483888564253552e-05,-2.6013720545758804e-05,1.0051736281181205,0.0938497629276113,0.0
2013-02-07,0.004085895801898267,0.0,1.2485175364021867e-05,0.004073410626534246,1.0052564757622728,0.09383867418867645,0.0
2013-02-08,0.004492108219066644,5.2850939926303795e-06,1.2328767123269617e-05,0.004474494357950744,0.9999999999977527,0.0999999999990707,0.026010130061916076
2013-02-11,-0.0002751543268105632,0.0,3.662221916595126e-05,-0.0003117765459765145,0.9951673079687147,0.10402664159723385,0.0
2013-02-12,0.0037891695079698947,0.0,1.2210736053866957e-05,0.0037769587719160276,0.9951675765713209,0.10378384463903312,0.0
2013-02-13,-0.0011667130885311167,0.0,1.2099398973682283e-05,-0.001178812487504799,0.9904243691861575,0.10716824410735085,0.0
2013-02-14,0.0054186343816864276,0.0,1.2166082874905437e-05,0.005406468298811522,0.9942506842888285,0.10612663442073167,0.0
2013-02-15,-6.754836124091263e-05,5.087840993638414e-05,1.197928145247415e-05,-0.00013040605262977091,1.0000000000508413,0.1255124540202285,0.25000000004710277
2013-02-19,-0.0005685848349031286,0.0,4.785592604063455e-05,-0.0006164407609437632,0.9988319168090991,0.1254612665675187,0.0
2013-02-20,-0.005263758863188988,0.0,1.2073745209572945e-05,-0.005275832608398561,1.0063531184595984,0.12496971816077335,0.0
2013-02-21,-0.00252397731578424,0.0,1.2190365927186588e-05,-0.0025361676817114267,1.0102375702024202,0.12034085751779947,0.0
2013-02-22,0.0022731341571758587,0.0,1.2169189226484626e-05,0.002260964967949374,1.00646725684159,0.11811644330821214,0.0
2013-02-25,-0.013521697982973478,1.1628034474571746e-05,3.679578907479457e-05,-0.013570121806522844,0.9999999999879436,0.10463579916794233,0.057742139840668005
2013-02-26,0.003802973203729054,0.0,1.2580104253170715e-05,0.0037903930994758832,1.0107151504345633,0.09236753995310129,0.0
2013-02-27,0.006136771576409203,0.0,1.2525099108657202e-05,0.006124246477300546,1.0101396005114347,0.09580736557945893,0.0
2013-02-28,-0.005394831152035671,0.0,1.2399895506685864e-05,-0.0054072310475423565,1.0065159784042745,0.10132360641620636,0.0
2013-03-01,0.001899751052360191,0.0,1.2593367235157903e-05,0.001887157685125033,1.0157661125108932,0.09645030434436647,0.0
2013-03-04,0.0006896194076155337,5.28187496651585e-05,2.716077943312544e-05,0.0006096398785172498,1.0000000000157112,0.3390877004763253,0.25000000001207806
2013-03-05,0.006547541071168375,0.0,9.061301354680164e-06,0.006538479769813694,1.0010453031765407,0.33957030428488866,0.0
2013-03-06,0.0015720228078614856,0.0,8.976171733642333e-06,0.0015630466361278433,0.9991299983922735,0.3438694618363831,0.0
2013-03-07,-0.0011306393523214824,0.0,8.936392963564905e-06,-0.0011395757452850473,0.9972590724700501,0.344902386129812,0.0
2013-03-08,0.00115654445836386,0.0,8.999558477795395e-06,0.0011475448998860644,1.0011317165437146,0.3441639476646505,0.0
2013-03-11,-0.0005064965580565295,1.886332496712843e-05,2.589041096018811e-05,-0.000551250293983846,1.0000000000253242,0.36999999999408006,0.09235899563917496
2013-03-12,-0.0028078893586063955,0.0,8.648160401961298e-06,-0.0028165375190083567,1.001013008524057,0.36969729918088223,0.0
2013-03-13,-0.0001123877950829735,0.0,8.676989870023116e-06,-0.00012106478495299662,1.0013459468336963,0.36792568632200867,0.0
2013-03-14,0.004979802552563008,0.0,8.673560499060229e-06,0.0049711289920639475,1.0010277495877868,0.3678578331563901,0.0
2013-03-15,0.0013015377884149034,0.0,8.627122151778688e-06,0.0012929106662631247,1.0007732968427938,0.37099337976294966,0.0
2013-03-18,-0.0037869730285883616,5.202991116194457e-05,2.5890410958747946e-05,-0.003864893350709054,0.9999999999985957,0.37000000000239575,0.2500000000004391
2013-03-19,-0.0026428885104912694,0.0,8.651891984315695e-06,-0.002651540402475585,0.999222007616482,0.3676338927614363,0.0
2013-03-20,0.0033636909324285913,0.0,8.674546843786547e-06,0.0033550163855848047,0.99920328519399,0.3659613655975722,0.0
2013-03-21,-0.006094115850180803,0.0,8.655969062506105e-06,-0.006102771819243309,0.9999758497486118,0.36809010818566623,0.0
2013-03-22,0.0050645830365241675,0.0,8.760005434668138e-06,0.005055823031089499,1.0036991329054268,0.36421873617465245,0.0
2013-03-25,-0.002220028599968649,5.052570413035167e-05,3.2733224061586335e-05,-0.002303287528160587,1.000000000016251,0.20349154785098358,0.25000000001322864
2013-03-26,0.003416004385406246,0.0,1.094266881254882e-05,0.003405061716593697,1.0005509989844747,0.20173617566841073,0.0
2013-03-27,-0.001533819977847454,0.0,1.089423695393098e-05,-0.0015447142148013848,0.9997352924102482,0.20445599477328635,0.0
2013-03-28,0.0061283157597495416,0.0,1.093653007226646e-05,0.0061173792296772755,1.00160281178903,0.2032361165135786,0.0
2013-04-01,-0.0014175908221016787,0.0,4.299700141290486e-05,-0.0014605878235145835,0.992786733696345,0.20809145791083108,0.0
2013-04-02,0.007145985574744866,2.2520917945884667e-05,1.2328767123293946e-05,0.0071111358896756875,0.999999999995936,0.09999999999547804,0.11175113220487216
2013-04-03,-0.0010364425214221468,0.0,1.2060105968382655e-05,-0.0010485026273905295,0.9867771715267094,0.10638943583477595,0.0
2013-04-04,0.00593477619576493,0.0,1.2009196775920426e-05,0.00592276699898901,0.9821349367880341,0.10546357214584276,0.0
2013-04-05,-0.003815648513712201,0.0,1.189938290321927e-05,-0.00382754789661542,0.9793973985683073,0.11074244663330068,0.0
2013-04-08,0.0038290596005171327,0.0,3.616783992707521e-05,0.0037928917605900576,0.9874217429625758,0.1073376380704125,0.0
2013-04-09,-0.005291408882209505,3.8838184624778505e-06,1.216475201238829e-05,-0.0053074574526843716,0.9999999999441154,0.11197310303977007,0.019374541778937732
2013-04-10,0.010938178247623831,0.0,1.2387941476375623e-05,0.010925790306147456,1.0115706516481968,0.10725092387277635,0.0
2013-04-11,0.001376837578694129,0.0,1.2111697044470542e-05,0.0013647258816496585,1.0010656331142935,0.11691174886794416,0.0
2013-04-12,0.01322554052911126,0.0,1.2109382463473768e-05,0.013213431146647785,1.002112294794283,0.1181273749606981,0.0
2013-04-15,0.02039661619200445,0.0,3.474429904627738e-05,0.020361871892958173,0.9750845373634844,0.12963992723740156,0.0
2013-04-16,0.002075943362943222,1.7531897039288006e-05,1.0697343305439457e-05,0.0020477141225984947,1.0000000000764133,0.21909393877933286,0.08733693743715236
2013-04-17,-0.0066549566205391245,0.0,1.0848958870027777e-05,-0.006665805579409152,1.0126919124627487,0.220717914950721,0.0
2013-04-18,-0.003686509618113369,0.0,1.0900040378179826e-05,-0.0036974096584915486,1.0112023832779633,0.215499435670836,0.0
2013-04-19,0.003957819367429581,0.0,1.0986744366983565e-05,0.003946832623062598,1.014631330407516,0.21259899161771553,0.0
2013-04-22,-0.001137347987078055,0.0,3.294157682623514e-05,-0.0011702895639042902,1.017283827086316,0.21570545764792767,0.0
2013-04-23,0.010450935853519576,3.203362977428446e-05,8.781963617189155e-06,0.010410120260128103,1.0000000000265177,0.3589166559717093,0.15888690517306014
2013-04-24,7.508709601086848e-05,0.0,8.585081112723553e-06,6.650201489814493e-05,0.9922729681827196,0.36556204695390015,0.0
2013-04-25,-0.005930998520539868,0.0,8.644878333260838e-06,-0.005939643398873129,0.9966889383887455,0.36561282006070445,0.0
2013-04-26,0.0014429774788613436,0.0,8.91380199917347e-06,0.0014340636768621702,1.0125385144031698,0.36183096846350665,0.0
2013-04-29,-4.304721915876104e-05,0.0,2.6451153605631068e-05,-6.949837276439211e-05,1.0063984717258314,0.3627537339888084,0.0
2013-04-30,0.002716811075060328,3.838032095178008e-05,8.931566183305422e-06,0.0026694991879252427,0.9999999999783706,0.34799566859707487,0.19055739818999665
2013-05-01,-0.0017052565287490797,0.0,8.926185227658912e-06,-0.0017141827139767387,1.0013902672139168,0.34977874559481636,0.0
2013-05-02,0.003019801053266196,0.0,8.814882548569211e-06,0.003010986170717627,0.9921576012129535,0.3486711751674011,0.0
2013-05-03,0.0035965167193024315,0.0,8.857186672651409e-06,0.00358765953262978,0.9972098455305699,0.350635218427017,0.0
2013-05-06,0.0038313111136478845,0.0,2.6555146511134726e-05,0.00380475596713675,0.9991406471799836,0.35296541540903853,0.0
2013-05-07,0.003028113374030341,5.135149653016099e-05,1.2247887095999456e-05,0.0029645139904041803,1.0000000000095337,0.10590424200157346,0.2500000000070341
2013-05-08,0.0005338842691905327,0.0,1.2174254207018856e-05,0.0005217100149835139,0.9973309355017421,0.10861037838936545,0.0
2013-05-09,-0.000379358750058702,0.0,1.2189733598886981e-05,-0.000391548483657589,0.9989379034139398,0.10908735069519025,0.0
2013-05-10,0.002276278562663609,0.0,1.215223268220484e-05,0.002264126329981404,0.9958635588680664,0.10875057306711294,0.0
2013-05-13,0.0010717580750701917,0.0,3.622342905144181e-05,0.0010355346460187498,0.9922128142644276,0.11077604067934335,0.0
2013-05-14,0.0051284575879831365,4.852082846325131e-05,1.5398558558817848e-05,0.005064538200961068,0.9999999999961362,-0.12409477479756645,0.24053086361842713
2013-05-15,0.012662437915876902,0.0,1.5239302210049269e-05,0.012647198613666854,0.9941022175262031,-0.11836684380739348,0.0
2013-05-16,-0.0006212349413637992,0.0,1.4767159341190136e-05,-0.0006360021007049894,0.973618394201756,-0.10438423770512367,0.0
2013-05-17,0.009062380299700416,0.0,1.4764501256448197e-05,0.009047615798443967,0.9727362928714367,-0.10507229884928147,0.0
2013-05-20,-0.010240142574380743,0.0,4.333381067720473e-05,-0.010283476385057949,0.959307013279019,-0.0951490465329625,0.0
2013-05-21,0.00915419670715253,3.947659987737123e-06,1.538013270454073e-05,0.009134868914460253,1.000000000025232,-0.12274968740624126,0.019558640148404527
2013-05-22,-0.0029948844837340447,0.0,1.5028516291038222e-05,-0.003009913000025083,0.9845144851997295,-0.11256720404606071,0.0
2013-05-23,-0.00983607160724406,0.0,1.5003059474437799e-05,-0.009851074666718498,0.9793123711673116,-0.11591097046664774,0.0
2013-05-24,0.0027345422366746,0.0,1.5326383154338246e-05,0.002719215853520262,0.9918278603292747,-0.12699810993741753,0.0
2013-05-28,-0.0017598702347948578,0.0,6.075644436423177e-05,-0.0018206266791590895,0.9848785250799151,-0.12392658456731481,0.0
2013-05-29,-0.0072774821279769026,2.7270174270204767e-06,1.5539440456637154e-05,-0.007295748585860561,1.0000000000201386,-0.1343791533143734,0.01349269587674451
2013-05-30,-0.004353083086417964,0.0,1.5728487095198773e-05,-0.0043688115735131625,1.0054818358026012,-0.14269772214690918,0.0
2013-05-31,0.0025117557876330053,0.0,1.5902985110153422e-05,0.002495852802522852,1.0132218515450462,-0.14769606149615377,0.0
2013-06-03,-0.008068408838587544,0.0,4.689966074542462e-05,-0.008115308499332969,0.9964022289441764,-0.14482284919448946,0.0
2013-06-04,-0.0001947769946585907,0.0,1.6023028323057257e-05,-0.00021080002298164797,1.015538898293561,-0.15414216928961866,0.0
2013-06-05,-0.0060882569726411285,5.15082844632227e-05,1.2394021695127281e-05,-0.006152159278799478,1.0000000000250087,0.09523641628071731,0.25000000000573325
2013-06-06,0.001765862849231029,0.0,1.245066471334273e-05,0.0017534121845176863,0.998598532118897,0.08970000804487781,0.0
2013-06-07,0.014167029449560657,0.0,1.2530119645067552e-05,0.014154499329915589,1.0060045083269762,0.09130577423704467,0.0
2013-06-10,-0.003801984272255601,0.0,3.618678949168883e-05,-0.0038381710617472896,0.9845459364518117,0.10400072548738351,0.0
2013-06-11,-0.0036046030312540654,0.0,1.2172028841343772e-05,-0.003616775060095409,0.9891429083129457,0.10058480289485047,0.0
2013-06-12,-0.004036185693543275,4.063642931657906e-06,1.232876712344332e-05,-0.004052578103598377,1.0000000000163685,0.1000000000050061,0.020175139289653757
2013-06-13,0.010406016666924561,0.0,1.2399595450463238e-05,0.010393617071474098,1.001524765512035,0.09635429762821847,0.0
2013-06-14,-0.003331078011254423,0.0,1.2244479652558408e-05,-0.0033433224909069814,0.999509117495823,0.10566210285905932,0.0
2013-06-17,0.005337976545000061,0.0,3.702404538115324e-05,0.005300952499618908,1.0035927357460699,0.1026742981380078,0.0
2013-06-18,0.006215499949776816,0.0,1.2212831909782292e-05,0.006203287117867034,0.9989794553107076,0.10744272589660038,0.0
2013-06-19,-0.008683597845116913,2.1998097777085667e-06,1.2208726437691456e-05,-0.008698006381332312,1.000000000038954,0.10876297008747754,0.01095640286134314
2013-06-20,0.007414079919300753,0.0,1.2256321511687762e-05,0.007401823597789066,0.9956689715855296,0.10095750123232282,0.0
2013-06-21,-0.0034311282321803967,0.0,1.1556506897348915e-05,-0.0034426847390777457,0.9512003310600681,0.10757532755359739,0.0
2013-06-24,-0.0010528841415518402,0.0,3.521231991605598e-05,-0.0010880964614678962,0.9613370915137148,0.10450397355635253,0.0
2013-06-25,0.007718586616729,0.0,1.1619386172438558e-05,0.007706967230556561,0.9517789673818808,0.10356377679386625,0.0
2013-06-26,0.019537983882013582,9.941191328386928e-06,1.2328767123404035e-05,0.01951571392356179,1.0000000000169722,0.10000000000847799,0.049171237978866855
2013-06-27,0.00856932585003394,0.0,1.1712283159076235e-05,0.008557613566874863,0.9722464415164926,0.11724977090392737,0.0
2013-06-28,-0.01268492466645338,0.0,1.1527669321689571e-05,-0.01269645233577507,0.9662713819249233,0.12475152144158458,0.0
2013-07-01,0.0008777897084648119,0.0,3.586492456145324e-05,0.0008419247839033586,0.9862209067451588,0.11350774241646325,0.0
2013-07-02,0.004450684587304533,0.0,1.198492850336081e-05,0.004438699658801172,0.9891890898683815,0.11428930912304212,0.0
2013-07-03,-0.004625124268579024,5.050785143545951e-05,1.1841912773480821e-05,-0.004687474032787965,1.0000000000400497,0.13554036757594992,0.25000000003599643
2013-07-05,0.014181941569994978,0.0,2.4024495615858994e-05,0.01415791707437912,1.0084258851606247,0.13153179518177152,0.0
2013-07-08,-0.0010646188848116513,0.0,3.4636279372014724e-05,-0.001099255164183666,0.9864956652122562,0.14367953382656454,0.0
2013-07-09,0.0009909582590372473,0.0,1.1656316240902908e-05,0.0009793019427963444,0.99368294322948,0.1427718576435677,0.0
2013-07-10,0.001107062321628216,0.0,1.1755059319163426e-05,0.0010953072623090525,1.0017414967349154,0.14362216643598547,0.0
2013-07-11,-0.0030806867491901006,5.1076115377441545e-05,1.2159754207068824e-05,-0.003143922618774611,1.0000000000394385,0.1123379429234141,0.25000000004150086
2013-07-12,0.00411437925963054,0.0,1.2543255851665007e-05,0.004101836003778875,1.0252595130366047,0.10960183586505919,0.0
2013-07-15,0.001815483718844945,0.0,3.714718082339585e-05,0.0017783365380215491,1.0171664086946508,0.11325167532535191,0.0
2013-07-16,-0.003984278216554791,0.0,1.2389790449499498e-05,-0.003996668007004291,1.0193175969761081,0.11486289416264457,0.0
2013-07-17,0.00920426858978563,0.0,1.250629964202273e-05,0.009191762290143608,1.0242834130411902,0.11132353917353113,0.0
2013-07-18,0.0011698453651646052,5.07358416097316e-05,1.2838217503403603e-05,0.00110627130605147,1.0000000000371334,0.06281012228867029,0.25000000001841516
2013-07-19,-0.0032633564726112087,0.0,1.2850416509682178e-05,-0.003276206889120891,1.0019896718727306,0.06390926666593152,0.0
2013-07-22,-0.007580884025209242,0.0,3.8867908351346064e-05,-0.007619751933560588,1.006631021709279,0.06084525182652475,0.0
2013-07-23,-0.000635951739340376,0.0,1.3307725505571394e-05,-0.0006492594648459473,1.025137307285256,0.053673345378544346,0.0
2013-07-24,0.004035412517177995,0.0,1.3300989328687984e-05,0.004022111527849307,1.024044072035032,0.05307185104080914,0.0
2013-07-25,0.0025359232962545906,2.2458765410240025e-05,1.2937595131123764e-05,0.002500526935713227,1.0000000001172296,0.05555555554519468,0.11128022827121932
2013-07-26,0.0016460107734405885,0.0,1.2913623864170364e-05,0.0016330971495764181,1.000641123937131,0.05794658185269415,0.0
2013-07-29,-0.0006303019895623778,0.0,3.853227967620842e-05,-0.0006688342692385862,0.9971142362620746,0.05949543080766988,0.0
2013-07-30,0.002139677694159539,0.0,1.2800607331198287e-05,0.0021268770868283406,0.9933488613613075,0.058904526183832476,0.0
2013-07-31,-0.001209493249604256,0.0,1.2740085641685243e-05,-0.0012222333352459411,0.9909408977563693,0.060914645913346714,0.0
2013-08-01,0.010305725803210453,3.078527738828291e-06,1.305231077061219e-05,0.010289594964701013,0.99999999999222,0.04718131373753016,0.015147772482248412
2013-08-02,0.00024348742733515958,0.0,1.2810703201986227e-05,0.00023067672413317334,0.9920828794277937,0.056901545682799114,0.0
2013-08-05,0.0006668616504817,0.0,3.855363395010414e-05,0.0006283080165315959,0.9952702802403827,0.057131854121181935,0.0
2013-08-06,-0.002031397377999151,0.0,1.2831361294776138e-05,-0.0020442287392939272,0.9944517976967846,0.057762423178126535,0.0
2013-08-07,-0.0034496597914564194,0.0,1.2820648627617724e-05,-0.003462480440084037,0.9917525359506688,0.05584518613457501,0.0
2013-08-08,-0.0060720830397030376,3.184363161245003e-05,1.2901016095955237e-05,-0.006116827687411443,0.9999999999982425,0.058225824993510394,0.15491306893196638
2013-08-09,-0.0024467865412595683,0.0,1.3193708403324154e-05,-0.0024599802496628924,1.0156154342214194,0.052474720778756034,0.0
2013-08-12,-0.007610863239455087,0.0,3.9786654371449186e-05,-0.007650649893826536,1.0182932284970156,0.05015130545841898,0.0
2013-08-13,0.003577731143719481,0.0,1.3607651580599662e-05,0.0035641234921388815,1.0362269788254856,0.04286841344171026,0.0
2013-08-14,-0.006125111398456445,0.0,1.3502746105793093e-05,-0.006138614144562238,1.031981658422182,0.04628119269928595,0.0
2013-08-15,-0.015146459168436849,3.717064750422489e-05,1.3168969087206522e-05,-0.015196798785028281,1.0000000000410671,0.03866525667499107,0.1791696205097742
2013-08-16,-0.0007994853929565347,0.0,1.3594750142676992e-05,-0.0008130801430992116,1.0162984836648359,0.023881723249415315,0.0
2013-08-19,-0.0033856454367545918,0.0,4.081001345016674e-05,-0.0034264554502047586,1.0161446814585113,0.023101020837787298,0.0
2013-08-20,0.0038276576224586054,0.0,1.3656583793912151e-05,0.0038140010386646934,1.0167137784782414,0.0197831615226543,0.0
2013-08-21,-0.0006887993510639198,0.0,1.3563456949614415e-05,-0.0007023628080135342,1.0136534669304873,0.02352110960863506,0.0
2013-08-22,0.007138276207107202,3.625652671360717e-05,1.0966325655675652e-05,0.0070910533547379195,1.000000000049365,0.1994582271850424,0.17660986910060705
2013-08-23,-0.004334085404570506,0.0,1.087020708341371e-05,-0.0043449556116539195,0.9986669488073484,0.20514183171814768,0.0
2013-08-26,-0.005813703413732737,0.0,3.3402667667112925e-05,-0.00584710608139985,1.0144823011447126,0.2016840545782982,0.0
2013-08-27,-0.0056541732070604644,0.0,1.1348091598224886e-05,-0.0056655212986586895,1.0254330484849197,0.19702236181450286,0.0
2013-08-28,0.0033148015990615842,0.0,1.1417753014863593e-05,0.0033033838460467205,1.025954536801325,0.1924585667162828,0.0
2013-08-29,0.004533196794847532,4.840563952011759e-06,1.095890411010369e-05,0.004517397326785417,1.00000000003851,0.20000000000094056,0.023792398304827735
2013-08-30,-0.0010284155675104483,0.0,1.0809806190146045e-05,-0.0010392253737005943,0.9927292460738235,0.20361339419316227,0.0
2013-09-03,-0.0011546427122647918,0.0,4.293873378222663e-05,-0.0011975814460470184,0.9864276206186393,0.20279572909300345,0.0
2013-09-04,0.007770849981314394,0.0,1.0878104766568283e-05,0.007759971876547826,0.9959845055046944,0.20188285754520968,0.0
2013-09-05,0.004151041705838014,0.0,1.0652671394363471e-05,0.004140389034443651,0.9856843399790827,0.2080393281905495,0.0
2013-09-06,-0.001082368911960532,3.421125975956448e-05,8.828006088386864e-06,-0.0011254081778084835,1.0000000000059324,0.3555555555536914,0.16828841481791787
2013-09-09,0.005873453462705896,0.0,2.690565885212953e-05,0.005846547803853766,1.0095769285281715,0.354872563126353,0.0
2013-09-10,0.005982319234375854,0.0,8.89052874516959e-06,0.005973428705630684,1.0076577555443675,0.35864915714698725,0.0
2013-09-11,-0.0004088169699611242,0.0,8.727130178970872e-06,-0.0004175441001400951,0.9995468127869191,0.3624663097220453,0.0
2013-09-12,0.006451043972646538,0.0,8.771375050726952e-06,0.006442272597595811,1.002519109573746,0.36220873087067845,0.0
2013-09-13,-4.4285820824283096e-05,2.9464709169481586e-06,8.826590442455467e-06,-5.605888218368672e-05,1.000000000018942,0.35565889771969295,0.014660560986676334
2013-09-16,0.0026109054548138486,0.0,2.661238553816556e-05,0.002584293069275683,1.0032025964694784,0.3556345483741166,0.0
2013-09-17,0.002761243389556198,0.0,8.737061290628495e-06,0.0027525063282655697,0.9951275032018027,0.3573220289859226,0.0
2013-09-18,7.262255064057872e-05,0.0,8.686467599598738e-06,6.393608304097998e-05,0.9932069962674693,0.3590948614967614,0.0
2013-09-19,-0.0019363823545919322,0.0,8.97696103754482e-06,-0.001945359315629477,1.0144626774942072,0.3591445217534354,0.0
2013-09-20,-0.001943751655110754,5.2884625503183073e-05,8.75212713713047e-06,-0.0020053884077510676,1.0000000000185032,0.36109471900797885,0.2500000000145966
2013-09-23,-0.004163970332984444,0.0,2.614670107861876e-05,-0.004190117034063063,0.996109044710105,0.3598726517970485,0.0
2013-09-24,-0.00239634389944181,0.0,8.784855814702272e-06,-0.0024051287552565126,0.9984998884269969,0.3572054139537311,0.0
2013-09-25,-0.0033218455549970734,0.0,8.867036137969375e-06,-0.003330712591135043,1.0029581270156362,0.3556644889438719,0.0
2013-09-26,0.004173284327159329,0.0,8.919447337454335e-06,0.004164364879821875,1.0046397729289347,0.353520117294768,0.0
2013-09-27,-0.0023228480057996184,9.223881911805002e-06,8.752835446374961e-06,-0.0023408247231577984,1.0000000000200915,0.36104301243471915,0.044940074384610895
2013-09-30,-0.001110535666763052,0.0,2.6320052925516107e-05,-0.0011368557196885683,1.000016456850903,0.3595618356633443,0.0
2013-10-01,0.004865420708386678,0.0,8.755137746911205e-06,0.004856665570639767,0.9979843267361396,0.3588592712116215,0.0
2013-10-02,0.001475146597267953,0.0,8.694113477136611e-06,0.0014664524837908165,0.9966370243446113,0.3619667405136388,0.0
2013-10-03,-0.006253625620540588,0.0,8.699875195204522e-06,-0.006262325495735793,0.998000586533863,0.36290969728393296,0.0
2013-10-04,0.004524320509783537,5.134184159442602e-05,8.820316725347296e-06,0.004464158351463764,1.0000000000189762,0.35611687906862355,0.24173172643456406
2013-10-07,-0.006766507642959439,0.0,2.6324496696495603e-05,-0.006792832139655935,0.9996011482754698,0.3590383953274101,0.0
2013-10-08,-0.006600307322460731,0.0,8.861524998636036e-06,-0.006609168847459368,1.0015725022859567,0.3546811773855261,0.0
2013-10-09,-0.0024727697770531853,0.0,8.910168999884907e-06,-0.00248167994605307,1.0008390380153216,0.3503967010237239,0.0
2013-10-10,0.013462714962048905,0.0,8.898491716436662e-06,0.013453816470332468,0.9983794104917925,0.3487895151919161,0.0
2013-10-11,0.003351548484265556,1.4044683611131271e-05,8.816580775232061e-06,0.0033286872198791924,1.000000000118161,0.35638960352622057,0.06809211653754421
2013-10-14,0.005104458549974174,0.0,2.6358961842911135e-05,0.005078099588131262,0.9999490638444253,0.35854765900025437,0.0
2013-10-15,-0.005331903013664819,0.0,8.68929595109142e-06,-0.005340592309615911,0.9961333904639617,0.36181478603428807,0.0
2013-10-16,0.0057976222340472205,0.0,8.741388847231549e-06,0.005788880845199989,0.9965183207830307,0.3583969349351278,0.0
2013-10-17,4.076908718216966e-05,0.0,8.752876667405658e-06,3.2016210514764e-05,1.0010584093249852,0.36209841260437226,0.0
2013-10-18,0.005347082426386392,2.9295089368505683e-06,8.923321075153619e-06,0.005335229596374388,1.0000000000032074,0.34859756151699334,0.014611452578810066
2013-10-21,-0.0012498323966945609,0.0,2.6671936516122182e-05,-0.0012765043332106831,1.001083411348295,0.35206628945598845,0.0
2013-10-22,-0.002416059346863359,0.0,8.885226773898078e-06,-0.002424944573637257,0.9998864026546342,0.3512648481600747,0.0
2013-10-23,-0.005363630336425789,0.0,8.978202635070569e-06,-0.005372608539060859,1.0051055764924632,0.34969678413231153,0.0
2013-10-24,0.003295766464647256,0.0,9.042331270770414e-06,0.0032867241333764856,1.0062832966418982,0.34619311387565815,0.0
2013-10-25,0.0019391937499837475,3.2159459539077137e-06,9.076525884431732e-06,0.0019269012781454081,0.9999999999920807,0.33741361042856427,0.015939752388660966
2013-10-28,0.001806894271292748,0.0,2.726137977686591e-05,0.001779632891515882,1.0020604036397767,0.33870016240270623,0.0
2013-10-29,0.0009840165150930076,0.0,9.048559830463791e-06,0.0009749679552625438,1.000447023241821,0.33990215561796416,0.0
2013-10-30,-0.0042603032801729205,0.0,9.04236742357039e-06,-0.004269345647596491,1.0006469646774758,0.3405541427568374,0.0
2013-10-31,-0.002655225735077994,0.0,9.048686195824262e-06,-0.0026642744212738182,0.9982898424266973,0.3377357501315262,0.0
2013-11-01,-4.3860099358082786e-05,1.4343385259917257e-06,9.106039857813136e-06,-5.440047774188764e-05,1.0000000000192535,0.3352590903988948,0.007157917324525476
2013-11-04,0.002326458443843611,0.0,2.7083975446419108e-05,0.002299374468397192,0.9942768696898368,0.3352334671603053,0.0
2013-11-05,-0.0005983018550706675,0.0,9.011683617293418e-06,-0.0006073135386879608,0.9946384336185813,0.3367855295561618,0.0
2013-11-06,0.0018425162873300749,0.0,8.950888098142548e-06,0.0018335653992319323,0.9898063539916097,0.33639152282720386,0.0
2013-11-07,-0.010905137403108955,0.0,8.962388545409613e-06,-0.010914099791654364,0.991869363747298,0.3376149999323963,0.0
2013-11-08,0.012647104465921053,3.3685549945505873e-06,9.158285711912248e-06,0.01263457762521459,1.000000000009581,0.3314451430399869,0.016683755424203577
2013-11-11,0.002029782773845212,0.0,2.6703618911135204e-05,0.0020030791549340765,0.9895870904518085,0.33979903028085173,0.0
2013-11-12,-0.00333410838631063,0.0,8.859890144208502e-06,-0.003342968276454838,0.9879174521988122,0.3411454716715915,0.0
2013-11-13,0.004844092718707537,0.0,8.907465274961513e-06,0.004835185253432576,0.9891894088806035,0.338944443808413,0.0
2013-11-14,-0.0003470944809017018,0.0,8.889330641509537e-06,-0.00035598381154321136,0.9910553908575495,0.34213425402735337,0.0
2013-11-15,0.001731879124139027,5.166031995340132e-05,1.2439604472075239e-05,0.0016677791997135505,1.0000000000270144,0.09190887356552205,0.2500000000211125
2013-11-18,-0.00300403549145866,0.0,3.728867918350592e-05,-0.003041324170642166,1.0008427007489686,0.09348484061699154,0.0
2013-11-19,-9.577780817969271e-05,0.0,1.2462688050723659e-05,-0.00010824049623041637,1.0005330537570896,0.09075682605426245,0.0
2013-11-20,0.005102911969403241,0.0,1.2416447845825699e-05,0.005090495521557415,0.9970715552505097,0.09067086250523397,0.0
2013-11-21,0.0058180037880797755,0.0,1.21739465910638e-05,0.005805829841488711,0.9839868088823164,0.09528870773465901,0.0
2013-11-22,0.0020449576013565306,5.19490741128933e-05,1.293151928712614e-05,0.001980077007956511,1.0000000000091076,0.055999092048899496,0.2500000000065285
2013-11-25,-0.0008876613496195597,0.0,3.875685970939472e-05,-0.0009264182093289545,1.0010129313479033,0.05792934508596534,0.0
2013-11-26,0.002807576254175925,0.0,1.295957528031363e-05,0.0027946166788956114,1.0031435726552056,0.057094577192310675,0.0
2013-11-27,0.003063149176151906,0.0,1.2899969299068484e-05,0.0030502492068528375,1.0014329752463766,0.059735216414377484,0.0
2013-11-29,-5.4721455221693274e-05,0.0,2.5688256168487693e-05,-8.040971139018097e-05,1.0002287475759877,0.06260739742618701,0.0
2013-12-02,0.0007514138337472987,5.2645177892065683e-05,3.879352176603321e-05,0.0006599751340891997,0.9999999999683129,0.056024303661504626,0.250000000027085
2013-12-03,-0.0023338313908299775,0.0,1.2822109170371982e-05,-0.0023466535000003495,0.9927522410839685,0.05673827164681389,0.0
2013-12-04,-0.0016503525610929595,0.0,1.2860655067823287e-05,-0.0016632132161607828,0.9933602288753495,0.054532408924249404,0.0
2013-12-05,0.0023132454975630314,0.0,1.2908235433642934e-05,0.0023003372621293885,0.9952713436843221,0.0529701570283882,0.0
2013-12-06,0.003883765617524599,0.0,1.2783020362388034e-05,0.003870982597162211,0.988317010373058,0.05515652391873138,0.0
2013-12-09,0.00012035780042767079,5.10295878858573e-05,3.456389076618596e-05,3.476432177562752e-05,1.000000000024193,0.15894532471366818,0.2500000000144358
2013-12-10,-0.0038183513266834097,0.0,1.1549545759296216e-05,-0.003829900872442706,1.0021769933243825,0.1590601528957589,0.0
2013-12-11,-0.005489996792391767,0.0,1.1647470372566352e-05,-0.005501644262764334,1.0061039853409044,0.1558386481435608,0.0
2013-12-12,0.000999448114505305,0.0,1.1681896012191914e-05,0.000987766218493113,1.0039588009779519,0.15118039208794212,0.0
2013-12-13,-0.000781760199236542,0.0,1.1606541858340283e-05,-0.0007933667410948823,0.9993072260886291,0.1520296704297882,0.0
2013-12-16,0.003406840839291556,5.1942651384714205e-05,2.9180974312316592e-05,0.003325717213594525,0.9999999999885334,0.28992962505549635,0.25000000000596984
2013-12-17,0.000957376435339878,0.0,9.70726602992521e-06,0.0009476691693099528,1.0009945656082548,0.2923641454237143,0.0
2013-12-18,0.00820614465833629,0.0,9.637260030729146e-06,0.00819650739830556,0.9965637955151869,0.2930438132719594,0.0
2013-12-19,0.0023737152103264175,0.0,9.536687858750024e-06,0.0023641785224676674,0.9949790483669874,0.2988008346782357,0.0
2013-12-20,0.0024834236719577887,0.0,9.404039894172735e-06,0.002474019632063616,0.9869591111574024,0.30046419888279297,0.0
2013-12-23,0.0048494273807864795,3.0277763999220098e-05,2.4832585296214556e-05,0.004794317031491044,0.9999999999876822,0.39574042444646146,0.15039602572871813
2013-12-24,0.00044874014004240035,0.0,8.225224916035127e-06,0.00044051491512636523,0.9991198797626685,0.3986784608921041,0.0
2013-12-26,0.0014589980983663088,0.0,1.646335466552114e-05,0.0014425347437007877,0.9998639022564637,0.39895145696494205,0.0
2013-12-27,-0.0009679444671016229,0.0,8.229831463051652e-06,-0.0009761742985646745,1.00061137788941,0.3998336810866392,0.0
2013-12-30,0.0037092323115660883,0.0,2.4791616131602274e-05,0.003684440695434486,1.0025181387595645,0.3992554795572424,0.0
2013-12-31,0.0021708087351048305,2.8438930467299124e-06,8.306597546842653e-06,0.0021596582445112577,1.0000000000743399,0.39361837915482584,0.01414792341777156
2014-01-02,-0.006823744384241352,0.0,1.658325108210376e-05,-0.0068403276353234555,1.0002249250355888,0.39493626053880165,0.0
2014-01-03,-0.0039936125608683905,0.0,8.406671609944476e-06,-0.004002019232478335,1.004472645341538,0.3907856178155913,0.0
2014-01-06,-0.002489200049190407,0.0,2.5600315284028352e-05,-0.002514800364474435,1.01128717935707,0.38834617411237987,0.0
2014-01-07,0.005481078246541324,0.0,8.58098327764816e-06,0.005472497263263676,1.0132415529874437,0.386829773719128,0.0
2014-01-08,0.0018186924585913296,1.869544772387421e-06,8.452717229206708e-06,0.0018083701965897355,1.0000000001044649,0.3829516423723753,0.009333484335623768
2014-01-09,0.0006056193705406085,0.0,8.396017586059598e-06,0.0005972233529545489,0.9969850674129678,0.3840757836306171,0.0
2014-01-10,-0.0006238643267936552,0.0,8.369214749613551e-06,-0.0006322335415432687,0.995404476130255,0.38445179940846574,0.0
2014-01-13,-0.007579820562378408,0.0,2.5390911302824705e-05,-0.007605211473681233,1.001916265865622,0.3840707574968876,0.0
2014-01-14,0.007603160842883718,0.0,8.562173279760277e-06,0.0075945986696039575,1.0044148223804303,0.3793761729579301,0.0
2014-01-15,0.0042146394615131914,7.48478247191702e-07,8.473436656359564e-06,0.00420541754660964,1.0000000000012672,0.38143912408701913,0.00373454321070546
2014-01-16,-0.0009537560293760024,0.0,8.414701624869406e-06,-0.0009621707310008719,0.998311938990755,0.38403872037528847,0.0
2014-01-17,-0.002354809896577978,0.0,8.445115407141817e-06,-0.00236325501198512,0.9999473371985385,0.3834539124771857,0.0
2014-01-21,0.004657410288241784,0.0,3.389676775388239e-05,0.004623513520487901,1.0006178819238085,0.38200187041545486,0.0
2014-01-22,0.00106607555367666,0.0,8.382113458221688e-06,0.0010576934402184383,0.9967740662696282,0.3848797838194448,0.0
2014-01-23,-0.006966969371673563,1.3604910431541206e-06,8.477047230601492e-06,-0.006976806909947318,1.0000000000035356,0.38117555216962673,0.006772295416978491
2014-01-24,-0.01213202333588371,0.0,8.645423453827795e-06,-0.012140668759337538,1.0079536188435136,0.3768377067140847,0.0
2014-01-27,-0.0023458127834845785,0.0,2.629320630742344e-05,-0.002372105989792002,1.0089892245109824,0.3691878710303453,0.0
2014-01-28,0.0028892138840978603,0.0,8.73985498422061e-06,0.0028804740291136395,1.0057237294254786,0.3677143155773743,0.0
2014-01-29,-0.007352333437283101,0.0,8.720775496051575e-06,-0.0073610542127791525,1.0061556929455604,0.3695390817337953,0.0
2014-01-30,0.009420701430998041,3.266344841396462e-05,1.0350233445220519e-05,0.009377687749138856,0.9999999999957965,0.2444329584946988,0.16184476365262687
2014-01-31,-0.0054535613589227795,0.0,1.0174308941500183e-05,-0.0054637356678642795,0.9942197690461902,0.2514952163166769,0.0
2014-02-03,-0.015793694828648622,0.0,3.086861733578547e-05,-0.01582456344598441,0.9985297019814958,0.24739334681071615,0.0
2014-02-04,0.003346009790932168,0.0,1.0563270804304603e-05,0.0033354465201278632,1.006442313054043,0.2353235443398067,0.0
2014-02-05,-0.002781377420853057,0.0,1.0543170595932553e-05,-0.0027919205914489894,1.0075275845203921,0.2378761310173157,0.0
2014-02-06,0.008077682492261984,2.9466211228723754e-06,1.0352945410824727e-05,0.008064382925728288,0.999999999993039,0.24423498500283397,0.014475300927652424
2014-02-07,0.005307439946880953,0.0,1.0226997810237249e-05,0.005297212949070715,0.9968650393757486,0.2502941992284294,0.0
2014-02-10,0.00016472543746316794,0.0,3.068999756178781e-05,0.00013403543990138012,1.0010447380404868,0.25425479737031687,0.0
2014-02-11,0.003929640335494123,0.0,1.0258821704733106e-05,0.00391938151378939,1.003279410590799,0.2543854261452822,0.0
2014-02-12,-0.0005224359796559173,0.0,1.0267725890277454e-05,-0.0005327037055461947,1.0068505738030582,0.257306583812804,0.0
2014-02-13,0.0020076446881075517,3.145187227002199e-05,1.0363885417769492e-05,0.00196582893041976,1.0000000000433265,0.24343636454615367,0.1534425235790226
2014-02-14,-0.0012129030776724167,0.0,1.0393409278269326e-05,-0.001223296486950686,1.0036813322671079,0.244962454953447,0.0
2014-02-18,-0.0021708188519621277,0.0,4.1953086669843065e-05,-0.002212771938631971,1.009691926777736,0.24404809505310013,0.0
2014-02-19,-0.005288515060239016,0.0,1.0648318819427729e-05,-0.0052991633790584435,1.0197409562133064,0.2424136823950822,0.0
2014-02-20,0.0013298084548034738,0.0,1.0740879424842863e-05,0.001319067575378631,1.0224726245683629,0.23838842655483394,0.0
2014-02-21,0.0004083369883437261,1.4563322171422435e-05,1.052211444650988e-05,0.0003832515517257938,0.9999999999898059,0.231885645394585,0.0723636054755122
2014-02-24,-0.0006920958401860277,0.0,3.153962622927689e-05,-0.0007236354664153046,0.9996692277061371,0.23220498946039964,0.0
2014-02-25,-0.00046693200385777096,0.0,1.06285378451947e-05,-0.00047756054170296566,1.007563808579304,0.23168054588009088,0.0
2014-02-26,0.0024275896964063297,0.0,1.0646276256446822e-05,0.0024169434201498827,1.0085022518522555,0.23132408513163755,0.0
2014-02-27,0.0027616948432839824,0.0,1.0576174664063877e-05,0.0027511186686199184,1.0052488229273395,0.23318807245067674,0.0
2014-02-28,-0.00021361211278049335,5.2492364745540864e-05,1.1488196538712557e-05,-0.00027759267406474674,1.000000000011551,0.16136165268553423,0.25000000000538414
2014-03-03,-0.01056554953365282,0.0,3.4479493208049644e-05,-0.01060002902686087,1.0001937879052756,0.16119278650940083,0.0
2014-03-04,0.01127782368311282,0.0,1.1825637237439056e-05,0.011265998045875383,1.0155125142849677,0.15224099595191656,0.0
2014-03-05,0.0003052712768923813,0.0,1.1601616979672223e-05,0.00029366965991270904,1.0086151794881528,0.16169713997208038,0.0
2014-03-06,-0.0036204526749574186,0.0,1.1595437429226869e-05,-0.0036320481123866457,1.0084217823568067,0.1619548500232451,0.0
2014-03-07,0.0047784399962592745,5.241938854018175e-05,1.2328767123769158e-05,0.004713691840595324,1.0000000000489646,0.10000000001381598,0.25000000003609985
2014-03-10,0.0014797436757265424,0.0,3.631072407597797e-05,0.0014434329516505645,0.9878478163862302,0.10428686387076636,0.0
2014-03-11,-0.003428458072981259,0.0,1.2039521466734505e-05,-0.0034404975944479937,0.9844992276585596,0.10561416058694083,0.0
2014-03-12,-0.003736547623820907,0.0,1.2111574163056563e-05,-0.0037486591979839635,0.9866833998312626,0.10253848592813365,0.0
2014-03-13,-0.00402531613109948,0.0,1.2291915117828252e-05,-0.0040376080462173084,0.9964835103337154,0.09917370673225274,0.0
2014-03-14,-0.0053935483047958975,3.2916291881886155e-05,1.226846160456865e-05,-0.005438733058282352,0.9999999999953384,0.10440230286182689,0.16321116284960985
2014-03-17,0.008215649567162071,0.0,3.7314452094222e-05,0.00817833511506785,1.0075351823790784,0.09955018141967616,0.0
2014-03-18,0.0064037814140069154,0.0,1.2188378731962935e-05,0.006391593035274952,0.9966432828050644,0.10689163537177038,0.0
2014-03-19,0.0013955409461736635,0.0,1.203569217547753e-05,0.001383505253998186,0.9911814064004888,0.11257587759062905,0.0
2014-03-20,0.004831653022161869,0.0,1.1895746027889205e-05,0.004819757276133979,0.9822034163661535,0.11381395633024151,0.0
2014-03-21,-0.003661285432746368,5.137312830271556e-05,1.233192846097242e-05,-0.0037249904895100563,0.9999999999986615,0.09976922234767492,0.2499999999995231
2014-03-24,0.0018432549071625106,0.0,3.726092442504447e-05,0.0018059939827374662,1.0031497709455721,0.09646727660282313,0.0
2014-03-25,-0.0005782919619980476,0.0,1.2301719807865617e-05,-0.0005905936818059132,0.9961588493288113,0.09813330335462112,0.0
2014-03-26,-0.00025262641288294695,0.0,1.2366548715012536e-05,-0.0002649929615979595,1.0003707170092786,0.09761266081336359,0.0
2014-03-27,-0.0023489384774473487,0.0,1.2307150262063606e-05,-0.0023612456277094123,0.9958078100935385,0.09738584096289517,0.0
2014-03-28,-0.000365531898904645,5.161390391247355e-05,1.2320222856198778e-05,-0.00042946602567331735,1.0000000000453022,0.1006237315427915,0.2500000000435514
2014-03-31,0.0019685508514269735,0.0,3.7104795503577e-05,0.0019314460559233966,1.0031846328878105,0.10030127563410339,0.0
2014-04-01,0.0022732811780656094,0.0,1.2358863685403867e-05,0.0022609223143802057,1.0042697276474877,0.10207267861300567,0.0
2014-04-02,-0.000904234258638424,0.0,1.2369027338744868e-05,-0.0009166032859771689,1.0070495695998176,0.10411057387144229,0.0
2014-04-03,-0.00020381266134340286,0.0,1.2421485780140699e-05,-0.00021623414712354356,1.0100694876226513,0.10330102567238002,0.0
2014-04-04,-0.004377784938391385,5.2182123453014e-05,1.1069075690007237e-05,-0.0044410361375344055,0.9999999999889043,0.19195747461837603,0.2500000000105405
2014-04-07,-0.002510164620284463,0.0,3.3374573375227854e-05,-0.002543539193659691,1.0005310727581425,0.18841645396093137,0.0
2014-04-08,0.0013672426530500221,0.0,1.1156665268042397e-05,0.0013560859877819796,1.000816919645813,0.18638035507871786,0.0
2014-04-09,0.005104031375629084,0.0,1.1185754733278977e-05,0.005092845620895805,1.0040534361690894,0.18749334063972395,0.0
2014-04-10,-0.007493391240372001,0.0,1.1123231123129876e-05,-0.0075045144714951315,1.0036173454219885,0.19162147343350755,0.0
2014-04-11,-0.004398764851439101,2.2609189852504635e-05,1.1185092883437709e-05,-0.0044325591341750434,0.9999999999901893,0.18348821949923655,0.11035491887702287
2014-04-14,0.004157914417957793,0.0,3.367216415083419e-05,0.004124242253806959,0.9992428079234428,0.17988681358647785,0.0
2014-04-15,0.004479715669637223,0.0,1.1184104721008722e-05,0.004468531564916214,0.9997284452220359,0.18328880058839936,0.0
2014-04-16,0.0009091207804144193,0.0,1.1025777123516793e-05,0.0008980950032909025,0.9918149293729086,0.18693319935618252,0.0
2014-04-17,0.0006105801595312557,0.0,1.1069342199765784e-05,0.00059951081733149,0.9957357518432814,0.18767377126037937,0.0
2014-04-21,0.0015230780861701068,3.325075793944679e-06,4.400431106249176e-05,0.0014757486993136704,1.0000000000176439,0.19692132312716956,0.016480347429750963
2014-04-22,0.004996588287753677,0.0,1.0932413499928127e-05,0.0049856558742537496,0.9962181641832768,0.1981519786885236,0.0
2014-04-23,0.0006227583655421609,0.0,1.0869523136413273e-05,0.0006118888424057477,0.9956159516534883,0.2021407626953192,0.0
2014-04-24,0.0006054242882628532,0.0,1.0830810697704461e-05,0.0005945934775651487,0.9932887091269544,0.20263952819452885,0.0
2014-04-25,-0.002320222052751261,0.0,1.0856161701256806e-05,-0.0023310782144525177,0.9956239803642506,0.2031241761725037,0.0
2014-04-28,0.0013233469023798835,5.1001757941573526e-05,3.2943551412346996e-05,0.001239401593025963,1.0000000000442648,0.19837358234382133,0.25000000003695566
2014-04-29,0.004455967994497125,0.0,1.0941258740303918e-05,0.004445026735756821,0.9981616189741416,0.19944973093195556,0.0
2014-04-30,0.002784178752498538,0.0,1.0882329374224257e-05,0.0027732964231243135,0.997413387954911,0.2030033436365403,0.0
2014-05-01,0.00022430840266975693,0.0,1.0782967920640388e-05,0.00021352543474911653,0.99237504916618,0.20521839095943156,0.0
2014-05-02,-0.004118606407308553,0.0,1.0763377896584698e-05,-0.004129369785205138,0.9911254279358592,0.20539884148517626,0.0
2014-05-05,0.0014967912548673897,2.9636470353714333e-05,3.300397227595028e-05,0.0014341508122377251,0.9999999999856761,0.1969033412708861,0.14473284965671374
2014-05-06,-0.002204050163929724,0.0,1.099756869166359e-05,-0.0022150477326213875,1.0009385187887152,0.19811600429727325,0.0
2014-05-07,0.0012620777624941697,0.0,1.0995327483272322e-05,0.0012510824350108975,0.9990057781054699,0.1963468718265902,0.0
2014-05-08,-0.0009436391641905754,0.0,1.0951412716740162e-05,-0.0009545905769073156,0.9968151617377716,0.19736203341573993,0.0
2014-05-09,-0.0018448976383705973,0.0,1.0957652336025455e-05,-0.0018558552907066228,0.9965146930856321,0.19660607255577384,0.0
2014-05-12,0.000761122184191257,2.102432172030411e-05,3.6986301370704516e-05,0.0007031115611002485,1.0000000000181535,0.09999999999767692,0.10264115918843064
2014-05-13,0.00021324702284334393,0.0,1.2393039199937577e-05,0.00020085398364340636,1.0053821872452562,0.10069032564981287,0.0
2014-05-14,-0.0038765804948007517,0.0,1.2408385705131444e-05,-0.003888988880505883,1.0066954663325836,0.10088330985798818,0.0
2014-05-15,-0.0005465743502609788,0.0,1.2529890727793222e-05,-0.0005591042409887721,1.0120674834644603,0.09738546033555526,0.0
2014-05-16,0.0013298844972134654,0.0,1.2494009491627627e-05,0.0013173904877218378,1.0089557521944914,0.0968930593056744,0.0
2014-05-19,0.0008263787284249658,5.050748209962637e-05,3.5228163401343605e-05,0.0007406430829239958,1.0000000000118703,0.1427813572458426,0.2500000000071275
2014-05-20,-0.0019328958159442993,0.0,1.1728029564995985e-05,-0.0019446238455092953,0.999647610860705,0.14350145261599812,0.0
2014-05-21,0.0011807102281212807,0.0,1.1763978959259278e-05,0.0011689462491620214,1.000614854810653,0.1418443907847255,0.0
2014-05-22,-0.0011407418571293185,0.0,1.1745888938670848e-05,-0.0011524877460679893,1.0003080000868194,0.14285810756384756,0.0
2014-05-23,0.0002920786421656197,0.0,1.1792559213021987e-05,0.00028028608295259773,1.0027377042348657,0.14188088168426083,0.0
2014-05-27,0.004155013693103442,5.0861606929988004e-05,4.3835616437436486e-05,0.004060316469736017,1.000000000001994,0.20000000001877796,0.25000000000233463
2014-05-28,0.0012772902314193448,0.0,1.0792312020042713e-05,0.001266497919399302,0.991168209333992,0.20332943187087404,0.0
2014-05-29,0.0018590651218032266,0.0,1.0760138035425257e-05,0.0018483049837678014,0.9898379924780262,0.20434791589198265,0.0
2014-05-30,0.001440243542338089,0.0,1.0737360214912449e-05,0.0014295061821231767,0.989653846462807,0.2058265507741981,0.0
2014-06-02,-0.0016432023782903774,0.0,3.1961044041994784e-05,-0.0016751634223323721,0.9846896664505104,0.20697092809530418,0.0
2014-06-03,-0.0017815095245801256,6.168065533475544e-06,1.0672275478555254e-05,-0.0017983498655921564,1.0000000000166525,0.2209238900821189,0.030558021616222526
2014-06-04,0.00019339014821039612,0.0,1.0712323605645505e-05,0.00018267782460475062,1.0015368084372027,0.2195371852250809,0.0
2014-06-05,-0.00012991055502203236,0.0,1.0699918339483566e-05,-0.00014061047336151592,1.0007844815834142,0.21969044280111388,0.0
2014-06-06,0.0029202920614304654,0.0,1.0748398591447377e-05,0.002909543662839018,1.0042245062737298,0.2195914090980713,0.0
2014-06-09,-0.001728124576752288,0.0,3.216796104490975e-05,-0.0017602925377971977,1.0046198906046817,0.22186617184521107,0.0
2014-06-10,-0.003588911806766912,5.071049942878921e-05,1.0693264341585777e-05,-0.0036503155705372874,1.000000000003587,0.21939170306782504,0.2500000000026281
2014-06-11,-0.00044319614312769907,0.0,1.078684799452796e-05,-0.000453982991122227,1.0040333292155978,0.21659342561505682,0.0
2014-06-12,-0.0030201714371253328,0.0,1.0792159167923575e-05,-0.0030309635962932563,1.0040760218269735,0.21624840256855266,0.0
2014-06-13,0.0003814123005191933,0.0,1.0908548918741386e-05,0.00037050375160045196,1.0102005540335197,0.21387648296539866,0.0
2014-06-16,-4.968534589681672e-05,0.0,3.2841752985463606e-05,-8.252709888228033e-05,1.01332786395913,0.21417854131284905,0.0
2014-06-17,-0.0018500907534154145,5.1632623632013e-05,1.3501136508497838e-05,-0.0019152245135559253,1.0000000000187488,0.014417034898406816,0.25000000001399836
2014-06-18,0.0014623403897916594,0.0,1.356178809159242e-05,0.001448778601700067,1.0026015895357983,0.012591058849551667,0.0
2014-06-19,-0.010582127436393439,0.0,1.3573838085069656e-05,-0.010595701274478508,1.0049232486401705,0.014033068430085643,0.0
2014-06-20,0.000540755727961738,0.0,1.4049225233281091e-05,0.0005267065027284569,1.0290813397454859,0.003487897715966526,0.0
2014-06-23,-0.0009107861729028343,0.0,4.2171151892599694e-05,-0.000952957324795434,1.030191228696261,0.0040265326430017345,0.0
2014-06-24,0.001166753284689682,2.9369648948560256e-05,1.5068493150105523e-05,0.001122315142591016,0.9999999999622843,-0.09999999999541898,0.1427443361305027
2014-06-25,-0.0014613973302287323,0.0,1.5036568732775784e-05,-0.0014764338989615082,0.998947068481342,-0.09872244901129021,0.0
2014-06-26,1.3039487829956858e-05,0.0,1.5100828079619543e-05,-2.0613402496626845e-06,1.0020284699344664,-0.10033197987776038,0.0
2014-06-27,0.0015489135956455713,0.0,1.509996256542014e-05,0.0015338136330801512,1.0019781200938436,-0.10031914718182637,0.0
2014-06-30,-0.002691544545157074,0.0,4.5195396959336573e-05,-0.0027367399421164107,1.0011356888790548,-0.09861897046480156,0.0
2014-07-01,-0.00013334825229964256,1.369309205971877e-06,1.5068493151086289e-05,-0.00014978605465670072,1.0000000000405003,-0.09999999998879867,0.006821851150862757
2014-07-02,-0.0013550234677194592,0.0,1.5081557109219832e-05,-0.001370105024828679,1.0008053199058622,-0.10014834906718545,0.0
2014-07-03,-0.0017034532188115778,0.0,1.5117596609186788e-05,-0.0017185708154207645,1.001941918852674,-0.1016426336179617,0.0
2014-07-07,0.0033202247109478805,0.0,6.0625733723934586e-05,0.003259598977223946,1.0028956402996587,-0.10352400016214751,0.0
2014-07-08,0.001951367545659682,0.0,1.5032824396667721e-05,0.0019363347212630142,0.9975179684249593,-0.09987821253178408,0.0
2014-07-09,-0.0003094759108743183,4.081976649618567e-05,1.2328767123428687e-05,-0.00036262444449393263,0.999999999999814,0.09999999998951975,0.20210134483614256
2014-07-10,-0.0038986466701402857,0.0,1.2360747279780871e-05,-0.003911007417420067,1.0020612388372734,0.0997266874132699,0.0
2014-07-11,7.437846135100219e-05,0.0,1.248885875622251e-05,6.188960259477967e-05,1.0078909856644163,0.09620429646017292,0.0
2014-07-14,0.00832384049206397,0.0,3.752405937267515e-05,0.008286316432691294,1.0093581613764457,0.09627271664135031,0.0
2014-07-15,0.0019853661716514436,0.0,1.2209560423584465e-05,0.0019731566112278593,0.9950348707799295,0.10373695985826337,0.0
2014-07-16,0.00030954356019366914,5.037951258036427e-05,1.213121102486796e-05,0.00024703283658843693,1.00000000002072,0.11442159520535891,0.25000000002017675
2014-07-17,-0.009669093487158636,0.0,1.2158000253038163e-05,-0.009681251487411675,1.0022368218784485,0.1147028034066625,0.0
2014-07-18,0.0073279940213797955,0.0,1.2421262647677728e-05,0.007315572758732118,1.0128126816544287,0.10606050837395484,0.0
2014-07-21,-0.002187322372713239,0.0,3.6736291087918975e-05,-0.002224058663801158,1.0064814412392615,0.11256502476656627,0.0
2014-07-22,0.0019256362238756815,0.0,1.2293822932919933e-05,0.0019133424009427616,1.008072810175642,0.11062373607248704,0.0
2014-07-23,0.0018706282999952767,5.185304484374631e-05,8.775834789765627e-06,0.0018099994203617648,1.000000000003701,0.35936406035081014,0.25000000000053535
2014-07-24,0.0019284847020411538,0.0,8.757413311463692e-06,0.00191972728872969,0.999873207112632,0.3605820353757824,0.0
2014-07-25,-0.00496759138385517,0.0,8.690344486197993e-06,-0.004976281728341368,0.9962110796518135,0.36181593215936014,0.0
2014-07-28,0.0009782380655080252,0.0,2.639035187550786e-05,0.0009518477136325174,1.0007982285893788,0.3586329996186879,0.0
2014-07-29,-0.0017302445436682115,0.0,8.779815668949382e-06,-0.001739024359337161,1.000195811886126,0.3592692680528214,0.0
2014-07-30,0.0004954308062253309,5.1361310830258496e-05,1.0155002013309553e-05,0.00043391449338176283,0.9999999999765767,0.25868485300497956,0.24743943495482398
2014-07-31,-0.009108574610122776,0.0,1.0124356265457453e-05,-0.009118698966388233,0.9981458778858161,0.259067870507422,0.0
2014-08-01,-0.0015565610399737712,0.0,1.0206114926395984e-05,-0.001566767154900167,0.9973059646502328,0.252259575023326,0.0
2014-08-04,0.003626532703652473,0.0,3.069412801746313e-05,0.0035958385756350098,0.9979868720375173,0.25109642361258133,0.0
2014-08-05,-0.005377333487596071,0.0,1.0205994508830598e-05,-0.005387539482104901,0.9988478946095413,0.25381029546490774,0.0
2014-08-06,-0.0030718705428893138,3.2785383002473004e-05,1.1011968948426162e-05,-0.003115667894840213,0.9999999999893878,0.19612626675427794,0.15690082624505827
2014-08-07,0.00043435910467054333,0.0,1.1137221770047366e-05,0.000423221882900496,1.0066749587198838,0.19365776950642621,0.0
2014-08-08,0.0013391472628642783,0.0,1.1090087330926194e-05,0.001328057175533352,1.0035863944830283,0.19401001932541614,0.0
2014-08-11,0.0026078810613394195,0.0,3.3457795065707446e-05,0.002574423266273712,1.009229755745436,0.19509007581322138,0.0
2014-08-12,-0.0004274056505139491,0.0,1.1134081337617186e-05,-0.00043853973185156627,1.009978243210088,0.19719030556403316,0.0
2014-08-13,0.005948923088014931,5.51651619643059e-05,1.0971517208095204e-05,0.00588278640884253,1.000000000010321,0.19907924381937123,0.25000000000799316
2014-08-14,0.0011001734348367236,0.0,1.0887011939340678e-05,0.001089286422897383,0.9985809555145111,0.20382908394264163,0.0
2014-08-15,0.001516976686947934,0.0,1.0891005719820169e-05,0.001506085681228114,0.9997496911598224,0.20470627361294993,0.0
2014-08-18,0.0047487936198465945,0.0,3.256897894681808e-05,0.004716224640899777,0.9984249485262526,0.2059131274870128,0.0
2014-08-19,0.002450140645916389,0.0,1.0794134694836761e-05,0.0024393465112215523,0.9976448885972962,0.20967305587421256,0.0
2014-08-20,0.002750883123821459,5.244163350910454e-05,1.4224561456131853e-05,0.002684216928856223,0.9999999999850141,-0.038392986312611066,0.2500000000226492
2014-08-21,-0.0005702019601580806,0.0,1.4141485223701051e-05,-0.0005843434453817817,0.9967817331635287,-0.035546688166647966,0.0
2014-08-22,-0.0009019466502905847,0.0,1.4179306015166462e-05,-0.0009161259563057511,0.9989513319727473,-0.036138007134404196,0.0
2014-08-25,-0.002196595166143075,0.0,4.2545449298538004e-05,-0.002239140615441613,0.9981986814343318,-0.037073918163426284,0.0
2014-08-26,-0.0009995111776735337,0.0,1.4302218926813601e-05,-0.0010138133966003473,1.004703338792015,-0.03935864286537778,0.0
2014-08-27,-0.0009211398408971911,5.092237690389339e-05,1.1764791233856008e-05,-0.0009838270090349406,0.9999999999707482,0.14117023989925964,0.25000000005125694
2014-08-28,-0.00450592162819975,0.0,1.1820333326341762e-05,-0.004517741961526091,1.0032715496169162,0.14038721679396768,0.0
2014-08-29,0.000193090783587915,0.0,1.195751564238094e-05,0.00018113326794553405,1.0093965996108174,0.13649795771700862,0.0
2014-09-02,0.0075584624829390145,0.0,4.797615611618319e-05,0.007510486326822831,1.0122311428085462,0.13666629368820277,0.0
2014-09-03,0.0036761995266126595,0.0,1.1704422202321437e-05,0.0036644951044103383,0.9975724535806884,0.1431496328112234,0.0
2014-09-04,-0.0007416254046457572,5.0761265800411504e-05,8.453936330944867e-06,-0.0008008406067771136,1.000000000026619,0.38286264786764357,0.2500000000208191
2014-09-05,0.004592537119778933,0.0,8.423287468801747e-06,0.004584113832310131,0.9973272709851035,0.38242728576257595,0.0
2014-09-08,-0.0030078353746449175,0.0,2.511098446100619e-05,-0.0030329463591059237,0.9962877309379439,0.3852537757201266,0.0
2014-09-09,-0.008445108559576716,0.0,8.426623728086946e-06,-0.008453535183304803,0.9985523308157902,0.38340879866544325,0.0
2014-09-10,0.0013389074930418281,0.0,8.595796154941971e-06,0.0013303116968868861,1.0056536023650653,0.3781604830543015,0.0
2014-09-11,0.003750995702090766,5.053373366089578e-05,7.388483656028063e-06,0.0036930734847738424,1.0000000000235687,0.4606406931335202,0.2500000000175619
2014-09-12,-0.007325033792267572,0.0,7.2370594774894495e-06,-0.007332270851745061,0.9909883084963875,0.4626829666396577,0.0
2014-09-15,-0.005280397748936207,0.0,2.1811920340979962e-05,-0.005302209669277187,0.9894781307125713,0.4587214024153921,0.0
2014-09-16,0.001912208728643766,0.0,7.382212873143584e-06,0.0019048265157706225,0.9947595994177817,0.4558580596783,0.0
2014-09-17,-0.002887472376311895,0.0,7.4442557720590925e-06,-0.002894916632083954,1.0003306246212318,0.4568999532609182,0.0
2014-09-18,0.005854465755128524,5.138972593799568e-05,1.0781048176532036e-05,0.0057922949810139965,1.0000000001229234,0.21298348323608485,0.25000000008416606
2014-09-19,0.0041040748163980395,0.0,1.0558168829493755e-05,0.004093516647568546,0.9883239994698562,0.21757767491681193,0.0
2014-09-22,-0.002479364775235613,0.0,3.124909443149302e-05,-0.002510613869667106,0.9811726225165313,0.22077799135020124,0.0
2014-09-23,7.240706218277667e-05,0.0,1.0417646307480504e-05,6.198941587529616e-05,0.9793362500198642,0.21884806957378744,0.0
2014-09-24,-0.0029334523435498717,0.0,1.038278142104583e-05,-0.0029438351249709174,0.9768499504610368,0.21890690672469124,0.0
2014-09-25,-0.003810088188222386,5.1429343503892714e-05,1.4156012029883647e-05,-0.0038756735437561625,1.000000000002923,-0.03338887817858321,0.250000000001712
2014-09-26,0.00121882875864213,0.0,1.4199078128678978e-05,0.001204629680513451,0.9991890050430364,-0.03734369835052879,0.0
2014-09-29,-0.008590978820997694,0.0,4.271905736856842e-05,-0.008633697878366263,1.003415657774488,-0.0360814048606768,0.0
2014-09-30,0.005347360724739102,0.0,1.4565560279722011e-05,0.00533279516445938,1.0182244699614893,-0.04506143045821776,0.0
2014-10-01,0.002181029271266812,0.0,1.4334693348338103e-05,0.002166694577918474,1.0069292082685533,-0.03950340616012831,0.0
2014-10-02,0.0018142757427593852,5.314334945475841e-05,1.535724912149435e-05,0.0017457751441831324,1.0000000000488847,-0.12107918582020293,0.2500000000437608
2014-10-03,0.005445997414313375,0.0,1.527400091278576e-05,0.005430723413400589,0.9959450034176185,-0.119057063215742,0.0
2014-10-06,-0.0031851687786526375,0.0,4.535548793259184e-05,-0.0032305242665852294,0.9906527982282992,-0.1129974081314356,0.0
2014-10-07,-0.0010417274940283854,0.0,1.5258770751748942e-05,-0.0010569862647801342,0.9973311408890473,-0.11655912398862538,0.0
2014-10-08,0.009781330551018765,0.0,1.523014039035595e-05,0.00976610041062841,0.9940749630035478,-0.11772528549243658,0.0
2014-10-09,0.0011319098072632978,5.2739303976325025e-05,1.2548451895596295e-05,0.0010666220513913765,0.9999999999894329,0.08396301161090333,0.2500000000020176
2014-10-10,-0.0026162227919158134,0.0,1.2428997323343604e-05,-0.002628651789239157,0.9923210586104645,0.08500425400638129,0.0
2014-10-13,-0.003002686988569211,0.0,3.735807601918805e-05,-0.003040045064588399,0.9916516879130971,0.0826051714461879,0.0
2014-10-14,0.007999036265991057,0.0,1.2510080883336899e-05,0.00798652618510772,0.9930811220006562,0.07984521751706243,0.0
2014-10-15,0.0006551352962647008,0.0,1.2278714119444537e-05,0.0006428565821452562,0.9834943727852601,0.08714824206580889,0.0
2014-10-16,-0.003583223406359027,5.0856861051591026e-05,1.1820492713781716e-05,-0.0036459007601243997,0.9999999999461165,0.13710403184005132,0.24999999998227646
2014-10-17,0.0038699771874571623,0.0,1.1927892270722802e-05,0.0038580492951864396,1.0047455291456555,0.1340093933828908,0.0
2014-10-20,0.004133322021757005,0.0,3.559353898270321e-05,0.004097728482774302,1.0034589181252827,0.13734946954617117,0.0
2014-10-21,0.003988697476202177,0.0,1.1797560886431075e-05,0.003976899915315746,1.002127344208493,0.14090539949902442,0.0
2014-10-22,0.005922797910489199,0.0,1.1820432322789823e-05,0.00591097747816641,1.0072117097458457,0.1443201501821887,0.0
2014-10-23,0.0012360948433959198,4.964093471222657e-05,1.3211812202434248e-05,0.001173242096481259,1.0000000000135807,0.035537709235880746,0.24358788391051234
2014-10-24,0.0032299288685877377,0.0,1.3241548714458623e-05,0.003216687319873279,1.0033637662194754,0.036730710063995975,0.0
2014-10-27,0.001193450625117862,0.0,3.946131114212068e-05,0.0011539893139757413,1.0000577479937012,0.03983251020209784,0.0
2014-10-28,0.000391306804630713,0.0,1.3100688223352038e-05,0.00037820611640736093,0.9973289121824667,0.04097867187776777,0.0
2014-10-29,0.0006616376891006746,0.0,1.3148939377684812e-05,0.0006484887497229898,1.0012269127897355,0.041354338218744235,0.0
2014-10-30,0.009418543386491588,1.6821213388552366e-05,1.3221090183400977e-05,0.009388501082919635,1.00000000003137,0.03486041664309894,0.08138033985103726
2014-10-31,0.010395427651847278,0.0,1.2876473117350706e-05,0.010382551178729927,0.9838496511527839,0.043867113586182116,0.0
2014-11-03,0.0030788493819521616,0.0,3.7711403671572675e-05,0.003041137978280589,0.9713491028867808,0.05370494687851228,0.0
2014-11-04,0.0023113033583568865,0.0,1.2472855718653741e-05,0.0022988305026382327,0.9671300999366556,0.056611632474932366,0.0
2014-11-05,0.009972488013696304,0.0,1.2356020040280696e-05,0.009960131993656024,0.9607772556028251,0.05878779266233436,0.0
2014-11-06,-0.0015696734573083222,5.0829020221042096e-05,1.1962063142612683e-05,-0.001632464540671977,1.000000000006587,0.12676939059586123,0.2500000000013389
2014-11-07,-0.006191574537267143,0.0,1.2033387433073812e-05,-0.006203607924700217,1.0038417180470278,0.12540443543263977,0.0
2014-11-10,0.005623493328091847,0.0,3.693820797849599e-05,0.0055865551201133515,1.0187867547370437,0.11995702726030819,0.0
2014-11-11,-0.0047256427642186575,0.0,1.2068423916486748e-05,-0.004737711188135144,1.0058778015353882,0.12488285563185547,0.0
2014-11-12,0.002655862107431712,0.0,1.2254580101266914e-05,0.002643607527330445,1.0153135403081324,0.12072919291564785,0.0
2014-11-13,0.003451429272555032,5.042404896437549e-05,1.2037100571716172e-05,0.0033889681230189405,0.9999999999977268,0.12129165826244628,0.2500000000050634
2014-11-14,-0.010833251139079863,0.0,1.1910780219741526e-05,-0.010845161919299604,0.9938087210774272,0.12432176503629584,0.0
2014-11-17,0.0023177536050119135,0.0,3.709037973327138e-05,0.002280663225278642,1.017265383306523,0.11473280979691972,0.0
2014-11-18,-0.0008577729026443956,0.0,1.226808990047546e-05,-0.000870040992544871,1.0123547806655124,0.11678421793080399,0.0
2014-11-19,0.0013253577093993662,0.0,1.2306125409625785e-05,0.0013130515839897404,1.014374548519547,0.11602739361686455,0.0
2014-11-20,-0.0010685537658496414,5.060399684553233e-05,8.778383240341286e-06,-0.001127936145935515,1.0000000000449067,0.35917802349999295,0.2500000000457202
2014-11-21,-0.0004048391963104687,0.0,8.860720360184302e-06,-0.00041369991667065297,1.0053464367583553,0.3585138504649011,0.0
2014-11-24,0.0018650050917221998,0.0,2.6885695454725835e-05,0.001838119396267474,1.0124758116499115,0.35825722225158274,0.0
2014-11-25,0.000728775256533532,0.0,8.904828699665415e-06,0.0007198704278338666,1.0095139892741825,0.3594614941986072,0.0
2014-11-26,0.0023906888860548156,0.0,8.933544339714158e-06,0.0023817553417151017,1.012079902452065,0.3599311656529314,0.0
2014-11-28,0.02028666340825828,1.0177265864483631e-05,1.6438356165145578e-05,0.02026004778622865,1.0000000000194895,0.399999999991676,0.05049594030845929
2014-12-01,-0.014482965323502177,0.0,2.2822624980572556e-05,-0.01450578794848275,0.9672912658276928,0.4119407246337605,0.0
2014-12-02,0.0016567182120692582,0.0,8.044405951457828e-06,0.0016486738061178004,0.9905496949704093,0.40330806051398815,0.0
2014-12-03,0.0022584563874450147,0.0,7.939553051375732e-06,0.002250516834393639,0.9838855955866358,0.40429822283620737,0.0
2014-12-04,0.0015350744424652448,0.0,7.893764012698906e-06,0.0015271806784525458,0.981888544015072,0.4056437710880517,0.0
2014-12-05,0.0014668625605068243,2.4529039421268894e-05,9.731556535860384e-06,0.001432601964549695,1.0000000000212401,0.28959637290343204,0.12019864338280438
2014-12-08,0.00666644560203263,0.0,2.892859329066098e-05,0.00663751700874197,0.994575957615692,0.290646854209608,0.0
2014-12-09,-0.00642198020601398,0.0,9.469083621955142e-06,-0.006431449289635936,0.9865959943835372,0.2953528899808119,0.0
2014-12-10,0.004366821262334695,0.0,9.732871935130385e-06,0.0043570883903995645,1.001300834100089,0.29080118283557105,0.0
2014-12-11,0.00402130901185162,0.0,9.58363799440695e-06,0.004011725373857213,0.9934930838306673,0.2938875102389601,0.0
2014-12-12,0.004342975137275709,5.08384199371978e-05,9.479282768086246e-06,0.004282657434570424,1.000000000009357,0.308012357939061,0.2500000000010659
2014-12-15,0.00917476903527872,0.0,2.805810920539335e-05,0.009146710926073326,0.9937706507117654,0.3110233267138607,0.0
2014-12-16,0.004709269827350161,0.0,8.94642604123906e-06,0.004700323401308922,0.9703849830485548,0.31729588203810344,0.0
2014-12-17,0.0021394031404352713,0.0,8.800741587739553e-06,0.002130602398847532,0.9629528402105046,0.32049870430551725,0.0
2014-12-18,-0.0009346092375162344,0.0,8.811353904904383e-06,-0.0009434205914211388,0.965180990469339,0.32195215541131905,0.0
2014-12-19,-0.009344406537729886,4.11936969471725e-05,1.1983795372714873e-05,-0.009397584030049774,1.0000000000000777,0.12518293779189174,0.19994549628916075
2014-12-22,0.0168875964941442,0.0,3.7313202809477064e-05,0.01685028329133472,1.0248920625662135,0.11693746086893841,0.0
2014-12-23,-0.010137980664151223,0.0,1.1853625212584183e-05,-0.010149834289363807,0.9969220753220449,0.13160743480339945,0.0
2014-12-24,0.005297745913204211,0.0,1.2156084413827289e-05,0.005285589828790383,1.0101091531717286,0.12271499096233672,0.0
2014-12-26,0.001067463925281193,0.0,2.389909260023302e-05,0.00104356483268096,0.9996565515110222,0.1273396716025171,0.0
2014-12-29,0.009750391931204059,7.955778639413387e-07,3.5987075938096766e-05,0.00971360927740202,0.9999999999966697,0.12431448550298173,0.003958788551970294
2014-12-30,-0.0038955585903698514,0.0,1.1688807787617347e-05,-0.003907247398157469,0.986058119986922,0.1327751514908557,0.0
2014-12-31,0.0036295067349692537,0.0,1.1843312682429623e-05,0.003617663422286824,0.993946958440651,0.1293851326232885,0.0
2015-01-02,0.010507674813670983,0.0,2.3314520301914553e-05,0.010484360293369068,0.9835151627352577,0.13253517171537652,0.0
2015-01-05,0.01052150597870588,0.0,3.42302026819428e-05,0.010487275776023939,0.9744936261039153,0.1415586941766408,0.0
2015-01-06,0.009706287293435544,7.707353978698596e-06,1.1919058290990762e-05,0.009686660881165855,0.9999999999959861,0.1299087447536605,0.037847324707338925
2015-01-07,0.0007412328014149936,0.0,1.1683927467996327e-05,0.0007295488739469972,0.9912023083347713,0.13827560317103949,0.0
2015-01-08,-0.0014534051763772594,0.0,1.172450421055689e-05,-0.0014651296805878163,0.994804297703561,0.13891549033290831,0.0
2015-01-09,0.0028462913530014067,0.0,1.1746908915666207e-05,0.0028345444440857404,0.9951881312908393,0.13766378044720623,0.0
2015-01-12,0.011645439438511583,0.0,3.503769396838402e-05,0.011610401744543199,0.9926968020780038,0.14011291551399271,0.0
2015-01-13,-0.0015846172438340007,5.2056869720328814e-05,8.900188853006073e-06,-0.0016455743024073354,1.0000000000013998,0.3502862137319565,0.2500000000011784
2015-01-14,-0.0049535846143464275,0.0,8.965946834667753e-06,-0.004962550561181095,1.0037904756158678,0.3492763566851219,0.0
2015-01-15,0.011975564905594701,0.0,9.20353006603844e-06,0.011966361375528662,1.0178977079529417,0.3460400131321356,0.0
2015-01-16,-0.011190415443746833,0.0,8.84643127890612e-06,-0.01119926187502574,0.999571577016988,0.35378209365684127,0.0
2015-01-20,0.011664674178409367,0.0,3.707524741374505e-05,0.011627598930995622,1.0230951731421967,0.34647190784134946,0.0
2015-01-21,-0.005969540812148405,1.5151983658301493e-06,8.90433780563082e-06,-0.005979960348319866,1.000000000092294,0.34998334028124417,0.007538609751461124
2015-01-22,0.00910102068123006,0.0,9.060390744470688e-06,0.009091960290485588,1.0074918886109716,0.3460833642646114,0.0
2015-01-23,0.008548562785941275,0.0,8.899185848357375e-06,0.008539663600092917,1.0016247258798785,0.35198415894978996,0.0
2015-01-26,0.002350206920250913,0.0,2.6096373850693603e-05,0.0023241105464002192,0.9924917268072349,0.3574799631070237,0.0
2015-01-27,-0.007805529381946327,0.0,8.619485264609564e-06,-0.007814148867210937,0.9882182483629924,0.3589958240464945,0.0
2015-01-28,0.008562877833940222,4.828715296663956e-05,8.906162905579896e-06,0.008505684518068003,0.9999999999968525,0.34985010788952,0.2391525563707086
2015-01-29,0.00283603962465374,0.0,8.614395072414134e-06,0.002827425229581326,0.9842409895194847,0.35539014923325307,0.0
2015-01-30,-0.016098295645875196,0.0,8.560866808625253e-06,-0.016106856512683822,0.9821594638285804,0.35721618679893674,0.0
2015-02-02,-0.008025985967166001,0.0,2.7252899357264492e-05,-0.008053238866523265,1.0098560576713234,0.346702173311221,0.0
2015-02-03,-0.014411474570510813,0.0,9.40647149078392e-06,-0.014420881042001597,1.0280981894573522,0.34142577063012625,0.0
2015-02-04,0.01356456785099218,1.1291437117545708e-05,8.789020188867652e-06,0.013544487393685767,1.0000000000408227,0.358401526253484,0.05540005721456086
2015-02-05,-0.006423780936863012,0.0,8.307903282913702e-06,-0.006432088840145926,0.9734722701299854,0.36699533047728494,0.0
2015-02-06,-0.009367181092463537,0.0,8.569997816318146e-06,-0.009375751090279855,0.988515632425327,0.36290579183410254,0.0
2015-02-09,-0.006387898807286112,0.0,2.6207613106096184e-05,-0.006414106420392208,0.9946032581815452,0.35688467259987144,0.0
2015-02-10,0.011171622403906636,0.0,8.906900381410048e-06,0.011162715503525227,1.0029631380332749,0.35275941019034096,0.0
2015-02-11,0.004538538783044639,1.248432792097788e-05,8.773069194991027e-06,0.00451728138592867,1.0000000000456586,0.35956594881131365,0.06066963150458683
2015-02-12,-0.004401515623677811,0.0,8.636191571769646e-06,-0.004410151815249581,0.9929091063520696,0.36246712161288536,0.0
2015-02-13,-0.006620480052419642,0.0,8.860561090627639e-06,-0.0066293406135102696,1.0064726843115497,0.3596517246957321,0.0
2015-02-17,-0.003923072475380803,0.0,3.630259252067515e-05,-0.003959375067901478,1.0179095411272505,0.35538722762492925,0.0
2015-02-18,0.00841827329731078,0.0,9.150089546411707e-06,0.00840912320776437,1.0208178021336447,0.35286126524559003,0.0
2015-02-19,-0.002263307932700592,5.062111315705895e-05,8.800158758717312e-06,-0.0023227292046163685,1.000000000010607,0.35758841062424335,0.2500000000095245
2015-02-20,0.005604165487711688,0.0,8.776414997063883e-06,0.005595389072714624,0.9968306429375512,0.3561523481518879,0.0
2015-02-23,0.009699647977058605,0.0,2.5918237460458796e-05,0.009673729739598146,0.9904207197232107,0.3597436081853801,0.0
2015-02-24,0.00017237182027592427,0.0,8.398405301232217e-06,0.00016397341497469204,0.9789871905805104,0.36590360359055857,0.0
2015-02-25,-0.006356642788427651,0.0,8.386125503440914e-06,-0.006365028913931092,0.9782031202753667,0.36601595852417995,0.0
2015-02-26,0.006298060084339847,4.986137289335007e-05,1.185791485479999e-05,0.006236340796591697,1.0000000000071934,0.13437221560679394,0.23808933348348554
2015-02-27,-9.161714845581687e-05,0.0,1.1536353366027763e-05,-0.00010315350182184464,0.981952240665646,0.13979844494561938,0.0
2015-03-02,-0.0011875588392953166,0.0,3.485565088146498e-05,-0.0012224144901767816,0.9878754119813845,0.13972124053240326,0.0
2015-03-03,-0.002973851096845992,0.0,1.159753030471945e-05,-0.0029854486271507115,0.9853229467813601,0.13870323453684028,0.0
2015-03-04,-0.004815578721389597,0.0,1.1683125070898367e-05,-0.004827261846460496,0.9890039400823674,0.1361358099067866,0.0
2015-03-05,0.004959154941407586,3.200663294689288e-05,1.2328767123111292e-05,0.0049148195413375815,0.9999999999825742,0.09999999999544992,0.14745313801100063
2015-03-06,-0.0017999775262807132,0.0,1.2160940499553796e-05,-0.001812138466780267,0.9921944790345205,0.10444582256709366,0.0
2015-03-09,0.002561613711610855,0.0,3.608837852472731e-05,0.0025255253330861275,0.9809827353118258,0.10283219121012811,0.0
2015-03-10,0.010032574539802719,0.0,1.2009564625415773e-05,0.010020564975177303,0.98182651839036,0.10512830073500835,0.0
2015-03-11,0.003647068115497296,0.0,1.1721542540313609e-05,0.0036353465729569824,0.9696909524630271,0.11401834702013358,0.0
2015-03-12,0.005602964632602941,7.73438546188044e-06,1.2601724820342972e-05,0.005582628522320717,0.9999999999707738,0.0800740880857368,0.03716512189977472
2015-03-13,0.011180119789998917,0.0,1.2425034310799536e-05,0.011167694755688119,0.9922289096134296,0.08520140492506331,0.0
2015-03-16,0.004290027939010868,0.0,3.6023478173025255e-05,0.004254004460837843,0.9718883551728459,0.09531705296256454,0.0
2015-03-17,0.005759090987026898,0.0,1.189635388889143e-05,0.005747194633138007,0.9676189807335245,0.09918514684445025,0.0
2015-03-18,-0.008051812933478675,0.0,1.1709354902860954e-05,-0.008063522288381536,0.959127457306034,0.10434454939718446,0.0
2015-03-19,0.012504322392238637,4.627790772892143e-05,1.4374643382704956e-05,0.012443669841127011,0.9999999999853599,-0.04934896695210195,0.22169279999820857
2015-03-20,-0.0028261243225746174,0.0,1.390003732388065e-05,-0.002840024359898498,0.9783109275908699,-0.03639179705241774,0.0
2015-03-23,-0.006341951740816034,0.0,4.2270053347691357e-05,-0.006384221794163725,0.989241679677702,-0.039329618449454345,0.0
2015-03-24,0.0011519129207249472,0.0,1.4299212977314073e-05,0.001137613707747633,0.9978775262643111,-0.045965021079616086,0.0
2015-03-25,-0.007414461713574444,0.0,1.4264261815556676e-05,-0.007428725975390001,0.9965289264532224,-0.044762186082415,0.0
2015-03-26,-0.00795458969267037,4.880877420885341e-06,1.4091798350815164e-05,-0.00797356236844207,1.0000000000204108,-0.02870127958909638,0.02395329029088851
2015-03-27,0.014989411702766716,0.0,1.4350744281706351e-05,0.01497506095848501,1.010653836195453,-0.036950496369110714,0.0
2015-03-30,0.001773842427875853,0.0,4.138829176491928e-05,0.0017324541361109337,0.9854780313627035,-0.021637068250332375,0.0
2015-03-31,0.004968384494975146,0.0,1.3805984861382333e-05,0.004954578510113764,0.9880080216718593,-0.01982887320905105,0.0
2015-04-01,-0.007623711562033779,0.0,1.3569978259563249e-05,-0.007637281540293342,0.9758211886975373,-0.014787224250579795,0.0
2015-04-02,-0.005786686990090695,2.9515716841337186e-06,1.3901098924942192e-05,-0.005803539660699771,0.999999999987198,-0.014780221533581966,0.014663138475392079
2015-04-06,-0.006538741305365899,0.0,5.639572141505416e-05,-0.006595137026780953,1.008534949672542,-0.02068696615219645,0.0
2015-04-07,-0.005139097865467398,0.0,1.437195838744125e-05,-0.005153469823854839,1.0217465054876638,-0.027406456795547568,0.0
2015-04-08,0.01329388112488958,0.0,1.4591800061175572e-05,0.013279289324828405,1.0324872584404468,-0.03271414602536987,0.0
2015-04-09,0.00016831466181245393,0.0,1.4065263428784164e-05,0.00015424939838366977,1.0075984730366103,-0.019165757264633848,0.0
2015-04-10,-0.0017648276981628084,4.179566270940192e-05,1.3869148106424716e-05,-0.0018204925089786352,1.00000000000853,-0.012447811760474353,0.20668643285632765
2015-04-13,0.0009595131257183478,0.0,4.1904552132083574e-05,0.0009176085735862642,1.0054388745623917,-0.014238560651642085,0.0
2015-04-14,-0.005340110907541854,0.0,1.3916122585613352e-05,-0.005354027030127467,1.0026100750209295,-0.013266873728845358,0.0
2015-04-15,-0.012084317591931187,0.0,1.4117909208168102e-05,-0.012098435501139355,1.0119002290096062,-0.01870714318666508,0.0
2015-04-16,-0.008308064682002972,0.0,1.460094491711455e-05,-0.008322665626920087,1.0347004274609193,-0.031168551488443108,0.0
2015-04-17,-0.0012783938539227455,5.07745478007106e-05,1.4011027299073762e-05,-0.0013431794290225299,0.9999999999769559,-0.022804992855428724,0.2500000000334539
2015-04-20,0.008384187881134,0.0,4.182679314757026e-05,0.00834236108798643,0.9936695213972262,-0.024115778526983794,0.0
2015-04-21,0.0035672802827295402,0.0,1.3708591171608089e-05,0.003553571691557932,0.9851257177093109,-0.015601437818079544,0.0
2015-04-22,0.0006977035125262736,0.0,1.3583391730786213e-05,0.0006841201207954874,0.9795960516259037,-0.011991544721489666,0.0
2015-04-23,-0.004122140193799805,0.0,1.3578911630467952e-05,-0.004135719105430273,0.9799744288770755,-0.011286120147084994,0.0
2015-04-24,0.0016149988458920143,2.1510090874770856e-05,1.3943796526898758e-05,0.0015795449584903448,1.000000000020152,-0.017897146443457274,0.1063244974485312
2015-04-27,0.001269246325748043,0.0,4.1723188266233746e-05,0.0012275231374818093,0.9990077780389951,-0.01625646977269285,0.0
2015-04-28,-0.002260338195587959,0.0,1.3786587409914985e-05,-0.002274124782997874,0.9914520320851399,-0.014968848838653875,0.0
2015-04-29,-0.011653329770241907,0.0,1.386135953867089e-05,-0.011667191129780577,0.9946107886612003,-0.017268457661774733,0.0
2015-04-30,-0.014166183049595773,0.0,1.4221799970887606e-05,-0.01418040484956666,1.0089281910152783,-0.029263206859516888,0.0
2015-05-01,0.004789598152549076,7.739998455807e-06,1.383396473666502e-05,0.004768024189356603,0.99999999999196,-0.009879425784586449,0.037884686975511304
2015-05-04,0.001056233560549908,0.0,4.121638933048929e-05,0.0010150171712194189,0.9978664660011531,-0.0050656743740863375,0.0
2015-05-05,-0.009734871349119191,0.0,1.3726191160813933e-05,-0.009748597540280004,0.998006579450576,-0.00400537528884104,0.0
2015-05-06,-0.0026831429416597145,0.0,1.3980526948795993e-05,-0.0026971234686085106,1.0067029538280134,-0.013875513434094017,0.0
2015-05-07,0.010245715574484289,0.0,1.4022467431185935e-05,0.010231693107053103,1.007036684578806,-0.016603437897767387,0.0
2015-05-08,-0.0037753035842474063,1.6065334853910006e-06,1.3781056578523219e-05,-0.0037906911743113207,1.0000000000028495,-0.0060171302293453854,0.007959317684653168
2015-05-11,0.0013805794667003494,0.0,4.2111694214308886e-05,0.0013384677724860405,1.0148881973959303,-0.009829695152252682,0.0
2015-05-12,-0.008288313246918587,0.0,1.3958303811675425e-05,-0.008302271550730262,1.0105183563194808,-0.008437821932825246,0.0
2015-05-13,-0.0015820323153672778,0.0,1.4257162902782183e-05,-0.00159628947827006,1.0239067292610826,-0.016866162642016652,0.0
2015-05-14,-0.0010130954465581172,0.0,1.428505665521009e-05,-0.0010273805032133272,1.0243314451297043,-0.018477690700632043,0.0
2015-05-15,-7.25597233776298e-05,2.385789059167983e-05,1.3909380146193987e-05,-0.00011032699411550362,1.0000000000287959,-0.015384750643365142,0.11607263884629963
2015-05-18,0.003840567824445097,0.0,4.173111488973826e-05,0.003798836709555359,0.9999981130701303,-0.01545901591350049,0.0
2015-05-19,0.011552607084831723,0.0,1.384978058620303e-05,0.01153875730424552,0.999459504257719,-0.011574478535102295,0.0
2015-05-20,0.0019271771643522818,0.0,1.341247533104668e-05,0.0019137646890212351,0.9790890772066828,-2.1621959724826834e-05,0.0
2015-05-21,-0.004902282207413477,0.0,1.3353408854054078e-05,-0.004915635616267531,0.9767007617320675,0.001901915386120001,0.0
2015-05-22,0.008355055492968198,1.600985277009677e-05,1.3791576735922189e-05,0.008325254063462179,1.000000000038214,-0.006785101684105427,0.0759388373598559
2015-05-26,0.00817705389435967,0.0,5.3861967054877906e-05,0.008123191927304792,0.9845378902109103,0.0015569914593887013,0.0
2015-05-27,0.00793621301520772,0.0,1.3102116377339461e-05,0.00792311089883038,0.9661101065184228,0.009655610972642226,0.0
2015-05-28,0.003184200155551872,0.0,1.2899066901300504e-05,0.0031713010886505713,0.9590854214682244,0.017453537673287584,0.0
2015-05-29,-0.0021532872172553424,0.0,1.2746949715023442e-05,-0.0021660341669703658,0.9510998254457997,0.02057249624908858,0.0
2015-06-01,0.000507708417779201,1.987015836594037e-05,4.1215800146293526e-05,0.00044662245926696716,1.000000000005514,-0.002917803554295023,0.09599390021044872
2015-06-02,-0.009449070595499444,0.0,1.3766912859949835e-05,-0.009462837508359393,1.0025756195619082,-0.0024090192144297917,0.0
2015-06-03,0.007949874900485489,0.0,1.409013320023386e-05,0.007935784767285256,1.0166083506500032,-0.011971372967068628,0.0
2015-06-04,-6.418989024564728e-05,0.0,1.378573084758224e-05,-7.797562109322951e-05,1.0023685162834202,-0.00398983559008334,0.0
2015-06-05,0.003811701746392177,0.0,1.3722704638877497e-05,0.0037979790417532995,0.9977030970179223,-0.00405434162013496,0.0
2015-06-08,-0.01050608314701336,4.2839697002322484e-05,4.111984044978107e-05,-0.010590042684465464,0.99999999997504,-0.0005827843029660787,0.20956398192018827
2015-06-09,-0.012166450622308313,0.0,1.4071818496235683e-05,-0.012180522440804548,1.0160351942793704,-0.011207555945834405,0.0
2015-06-10,-0.0006983247387480966,0.0,1.4559434617094442e-05,-0.000712884173365191,1.0391765022192265,-0.02366222482866761,0.0
2015-06-11,0.008863748015384235,0.0,1.4686450374608163e-05,0.008849061565009626,1.0477329491397822,-0.02437792820661367,0.0
2015-06-12,0.004481983870934106,0.0,1.4339807667339424e-05,0.004467644063266767,1.0314278612644965,-0.015378098451281269,0.0
2015-06-15,-0.007318307642797294,5.122303922179645e-05,3.69863013701529e-05,-0.0074065169833892434,1.0000000000159495,0.1000000000088953,0.2500000000055347
2015-06-16,0.00018139783384845312,0.0,1.2557858197183833e-05,0.00016883997565126928,1.0100969114189031,0.09337326302448334,0.0
2015-06-17,0.0021050472463710755,0.0,1.2602615213568171e-05,0.0020924446311575075,1.0135297783486537,0.0935388677581771,0.0
2015-06-18,0.009146697548988402,0.0,1.2545624670194152e-05,0.009134151924318207,1.0112748042179642,0.09544420329379098,0.0
2015-06-19,-0.0006488308848535666,0.0,1.2323126238010109e-05,-0.0006611540110915767,1.0032324143579308,0.1036441989831927,0.0
2015-06-22,0.004811216585338978,1.4941119605062244e-06,3.698630137028354e-05,0.004772736172008188,1.000000000018682,0.10000000000844927,0.007379933024485613
2015-06-23,-0.00015599173361801106,0.0,1.2235540622973215e-05,-0.00016822727424098427,0.9975078219412128,0.1043133564641681,0.0
2015-06-24,-0.004067319397011572,0.0,1.2281880888316525e-05,-0.004079601277899888,1.00075219463541,0.1041748897883036,0.0
2015-06-25,-0.005614988071081543,0.0,1.2370320327393983e-05,-0.005627358391408937,1.0035510261930036,0.10051764229324296,0.0
2015-06-26,-0.000839893920576057,0.0,1.2572895898206425e-05,-0.0008524668164742634,1.0132611283441997,0.09543972777513056,0.0
2015-06-29,-0.008888092671296397,5.1422596630621654e-05,3.680502990372692e-05,-0.008976320297830746,1.0000000000010145,0.10441093901032618,0.2499999999998637
2015-06-30,-0.005955388136251023,0.0,1.2423752953996368e-05,-0.0059678118892050195,1.0033220220479522,0.09638805640621731,0.0
2015-07-01,0.007347236267907951,0.0,1.271611983337254e-05,0.007334520148074578,1.0192523413346695,0.09097559349847398,0.0
2015-07-02,-0.003159895229511037,0.0,1.2490075037680722e-05,-0.003172385304548718,1.00938240752406,0.09760692977336746,0.0
2015-07-06,0.009129185345320024,0.0,5.0361571051810264e-05,0.009078823774268214,1.0138462821664929,0.0947476104709556,0.0
2015-07-07,0.004676857585374602,1.3188373691378961e-05,1.2245322951493351e-05,0.00465142388873173,1.0000000000624665,0.1060914246034518,0.06503056529031989
2015-07-08,-0.0014573016538020447,0.0,1.2087596935096921e-05,-0.0014693892507371415,0.9926500136754546,0.11025543741337929,0.0
2015-07-09,-0.003185821140357081,0.0,1.2018795006112517e-05,-0.0031978399353631936,0.9863302732692274,0.10895823782301364,0.0
2015-07-10,-0.0015017780148710962,0.0,1.216259371509173e-05,-0.0015139406085861878,0.9939810862603123,0.10611174505861606,0.0
2015-07-13,-0.00014300255321500802,0.0,3.6868807199301046e-05,-0.00017987136041430906,1.0019095556351876,0.10476858045219548,0.0
2015-07-14,0.002366297971706586,5.418362874106754e-05,8.948506953182944e-06,0.0023031658360123356,1.000000000040789,0.3467589924584341,0.25000000003713385
2015-07-15,0.001975279390820239,0.0,8.917243341630355e-06,0.0019663621474786085,0.9992818086327224,0.34832304469370634,0.0
2015-07-16,0.006407226497042496,0.0,8.846912393725823e-06,0.00639837958464877,0.9954354672601087,0.34961086251812357,0.0
2015-07-17,0.003722712950276783,0.0,8.735002707869672e-06,0.0037139779475689133,0.991409830270475,0.35375463259598905,0.0
2015-07-20,0.004794435417844056,0.0,2.596401118924583e-05,0.00476847140665481,0.9879455341719576,0.3561545952336427,0.0
2015-07-21,-0.0019277768482067119,3.510518764710685e-05,8.219178082323314e-06,-0.001971101213936142,0.9999999999860476,0.3999999999764456,0.17182797743075956
2015-07-22,0.0018545487281077255,0.0,8.230746652575746e-06,0.0018463179814551497,0.9997029190691713,0.39885841343114176,0.0
2015-07-23,-0.0013619419475311755,0.0,8.132239587320463e-06,-0.0013700741871184958,0.9936279719552542,0.39997448208086045,0.0
2015-07-24,-0.0017276871511699306,0.0,8.086605604936584e-06,-0.0017357737567748673,0.9894816273090505,0.3991594181486799,0.0
2015-07-27,0.0013108030417330818,0.0,2.4017363307696977e-05,0.0012867856784253848,0.982545289228569,0.3981227820746094,0.0
2015-07-28,0.0023326469856944725,4.6236624481385835e-05,6.849315069188955e-06,0.002279561046143898,1.0000000000460856,0.4999999999952919,0.21518827044405525
2015-07-29,0.0019148216908825139,0.0,6.892996452019362e-06,0.0019079286944304946,1.0043788944279284,0.5011901534305151,0.0
2015-07-30,0.00238056318927697,0.0,6.904875136997183e-06,0.002373658314139973,1.0062027996149798,0.5021469146141855,0.0
2015-07-31,0.002451940695674675,0.0,6.870182012121431e-06,0.0024450705136625536,1.0048560247503135,0.5033327378654492,0.0
2015-08-03,0.0019711296568245434,0.0,2.0368055100465357e-05,0.001950761601724078,1.000173689861199,0.5045510157498754,0.0
2015-08-04,-0.0016038032291759425,2.2906717622633057e-05,6.849315069820265e-06,-0.0016335592618683958,1.0000000000589226,0.49999999996204325,0.10730694151377948
2015-08-05,0.002252295043240982,0.0,6.893676548734033e-06,0.002245401366692248,1.0024500766680142,0.49921168861042975,0.0
2015-08-06,-0.006158368544361012,0.0,6.870093384189836e-06,-0.006165238637745202,1.0018573354157694,0.5003405183699114,0.0
2015-08-07,-0.002210668913699866,0.0,6.919084797482698e-06,-0.0022175879984973486,1.0023409913981682,0.4972478011819313,0.0
2015-08-10,-0.0018712001956830426,0.0,2.0838587810484484e-05,-0.0018920387834935272,1.0032096639129926,0.4961373605245367,0.0
2015-08-11,0.0010133504286444553,5.1615915650152074e-05,1.0339683508868494e-05,0.0009513948294854348,1.0000000000127436,0.24520310386534344,0.2500000000004393
2015-08-12,-0.001952490241597302,0.0,1.0214031562557547e-05,-0.0019627042731598593,0.991606731950656,0.24598242788395483,0.0
2015-08-13,0.003624310789498679,0.0,1.025093393759623e-05,0.0036140598555610827,0.9928280155910421,0.24450983814651733,0.0
2015-08-14,0.004580013679174277,0.0,1.0097254037822244e-05,0.004569916425136454,0.9843401513461159,0.24724060658509217,0.0
2015-08-17,0.003910438870537669,0.0,2.991021394277171e-05,0.0038805286565948977,0.9784902621483098,0.25067505620753155,0.0
2015-08-18,0.002038330204731247,1.049736424444825e-05,1.0810718230693744e-05,0.002017022122256105,0.9999999999626447,0.21081756912200153,0.051137414270836415
2015-08-19,-0.0006359915551761326,0.0,1.0688404576171858e-05,-0.0006466799597523045,0.9926809625646117,0.21242742850406604,0.0
2015-08-20,-0.010882747650540823,0.0,1.062012886761274e-05,-0.010893367779408435,0.9871978941899692,0.2119284868542392,0.0
2015-08-21,-0.0044418144393233725,0.0,1.0793668605278032e-05,-0.004452608107928651,0.9911977324993625,0.20325992431406623,0.0
2015-08-24,0.0005054969837247703,0.0,3.210333165161133e-05,0.00047339365207315894,0.9808883985333497,0.1997073283441407,0.0
2015-08-25,-0.002432577272844339,2.7021334434641775e-05,1.2242561994298626e-05,-0.0024718411692732797,1.0000000000207143,0.10629297443691477,0.13172707364086816
2015-08-26,0.016851215521598788,0.0,1.2329217367475214e-05,0.01683888630423131,1.0041506275547116,0.10411775972902104,0.0
2015-08-27,-0.014999064013162684,0.0,1.1992059824080671e-05,-0.015011056072986764,0.9943860920922389,0.1189657249343499,0.0
2015-08-28,-0.01503547609108157,0.0,1.2779946085141572e-05,-0.015048256037166712,1.0384871585318725,0.1055510943165379,0.0
2015-08-31,-0.019701244497034354,0.0,4.0300997690927375e-05,-0.01974154549472528,1.0725561413263156,0.09189853084708267,0.0
2015-09-01,0.009082453807991265,5.0975378436856585e-05,1.4264598169802801e-05,0.009017213831384605,1.000000000007548,-0.04131566638805634,0.2500000000001415
2015-09-02,0.0010474175347805954,0.0,1.3717459034138926e-05,0.0010337000757464564,0.9694293532170857,-0.03194515627505587,0.0
2015-09-03,-0.0028419567799054394,0.0,1.382175076676814e-05,-0.0028557785306722074,0.9781219732474264,-0.030865832726647807,0.0
2015-09-04,0.0033960917312762314,0.0,1.3937760885493531e-05,0.003382153970390738,0.9836522174626748,-0.03380432717835305,0.0
2015-09-08,0.0015414102559876044,0.0,5.49590727532694e-05,0.001486451183234335,0.9726973409680627,-0.030305736779103698,0.0
2015-09-09,0.006341165639659441,5.129282629163867e-05,1.1000378774283717e-05,0.006278872434593519,0.7500000000037186,-0.05302765051899275,0.24999999999924052
2015-09-10,-0.003917095604134273,0.0,1.0724076258958291e-05,-0.003927819680393231,0.7364623914131094,-0.04639517549084571,0.0
2015-09-11,0.002878780071228176,0.0,1.0895318342749373e-05,0.002867884752885427,0.7448475711303146,-0.05051066789038969,0.0
2015-09-14,0.004186914195333445,0.0,3.237254463262538e-05,0.004154541650700819,0.7402362436988763,-0.04749567569500775,0.0
2015-09-15,0.00017195931226900776,0.0,1.0623445511428943e-05,0.00016133586675757882,0.7323819444622847,-0.04312957787202784,0.0
2015-09-16,-0.00861724221390621,4.672620838086508e-05,8.008186437119227e-06,-0.008671976608724194,0.750000000007612,0.16540239009790855,0.22357913485896433
2015-09-17,0.0012459227357726164,0.0,8.323096190312232e-06,0.0012375996395823043,0.7657427007967641,0.15815667890397112,0.0
2015-09-18,0.006192790803330043,0.0,8.283818437113893e-06,0.00618450698489293,0.7639243147943863,0.15920556888507204,0.0
2015-09-21,-0.0040120671750287495,0.0,2.4211794964244358e-05,-0.004036278969992994,0.7535354171344958,0.1643817396712166,0.0
2015-09-22,0.0017292600113417583,0.0,8.217764388526923e-06,0.0017210422469532314,0.7609163928535819,0.16101959249111658,0.0
2015-09-23,0.004677210067125254,5.063356526562609e-05,6.6691526461252186e-06,0.004619907349213503,0.7500000000008862,0.26315185683374515,0.25000000000074574
2015-09-24,-0.0012820553216215038,0.0,6.507346898561566e-06,-0.0012885626685200653,0.7416337351549179,0.26659741155992345,0.0
2015-09-25,-0.0032299287941640322,0.0,6.562824192743717e-06,-0.003236491618356776,0.7447438388683667,0.2656576727980755,0.0
2015-09-28,0.005419181641640658,0.0,1.988490655164862e-05,0.005399296735089009,0.7471459064455304,0.2632798470220807,0.0
2015-09-29,-0.0022485804397566448,0.0,6.469739051227237e-06,-0.002255050178807872,0.7395469847713292,0.2672560340317409,0.0
2015-09-30,-0.0008033099130193562,2.431826321464298e-05,7.703785518365374e-06,-0.0008353319617523645,0.7500000000262429,0.18762365718557067,0.11380277601745016
2015-10-01,0.0023690291754589303,0.0,7.746441162340972e-06,0.0023612827342965894,0.7524667395990151,0.1869765347481241,0.0
2015-10-02,-0.0010927141173692357,0.0,7.680231146729648e-06,-0.0011003943485159654,0.7495563924627026,0.1888995187514383,0.0
2015-10-05,-0.005375715953683056,0.0,2.3277271585558287e-05,-0.005398993225268614,0.7544273024221326,0.18801369384021438,0.0
2015-10-06,-0.008769275497572008,0.0,7.896984177796732e-06,-0.008777172481749805,0.7601092367075949,0.18362939172843334,0.0
2015-10-07,0.0011761642986709547,4.7061729982216624e-05,1.0603546656448337e-05,0.0011184990220322899,1.0000000000473999,0.22594109412667107,0.22463498036415047
2015-10-08,-0.006073622835667268,0.0,1.054386283801309e-05,-0.006084166698505281,0.996565498984204,0.22686351180924866,0.0
2015-10-09,-0.000633663494716022,0.0,1.0723983854232146e-05,-0.0006443874785702541,1.0049922558506204,0.22214143449167378,0.0
2015-10-12,0.008596150596134045,0.0,3.223029403962871e-05,0.008563920302094416,1.0059210881657623,0.22165059986813035,0.0
2015-10-13,0.002138799989347622,0.0,1.0458708409922924e-05,0.002128341280937699,0.9917773926464307,0.22829167872205736,0.0
2015-10-14,0.001181886392532856,2.5581332115547325e-06,1.0674318694757965e-05,0.0011686539406265434,1.0000000000346265,0.2207747353172952,0.012361212581800576
2015-10-15,0.0005534238225197335,0.0,1.0656078008995103e-05,0.0005427677445107383,0.999591228669719,0.22169753401307643,0.0
2015-10-16,-7.380201523210573e-05,0.0,1.0635506500845208e-05,-8.443752173295094e-05,0.9985223671851048,0.22213039262340473,0.0
2015-10-19,0.00598853637156197,0.0,3.193013837053268e-05,0.005956606233191437,0.9990420424493263,0.22207534209969748,0.0
2015-10-20,-0.0025013303439175654,0.0,1.042108462897261e-05,-0.002511751428546538,0.9874526137213873,0.22671343580638686,0.0
2015-10-21,0.008093254367417516,5.356725779513339e-05,1.399224066433982e-05,0.008025694868958043,1.0000000000022515,-0.021433568494555244,0.2500000000008258
2015-10-22,0.003201464826410005,0.0,1.3682982073056798e-05,0.0031877818443369482,0.9856235900646542,-0.013234101268491893,0.0
2015-10-23,0.007319561357391545,0.0,1.3628778145907087e-05,0.007305932579245638,0.9849000484382211,-0.010000756212996453,0.0
2015-10-26,0.006128695524079892,0.0,4.0051096856441765e-05,0.006088644427223451,0.9719149418714484,-0.0026617483019678034,0.0
2015-10-27,0.0034566189821764706,0.0,1.3104293747752566e-05,0.003443514688428718,0.9600594095466066,0.0034459659606692616,0.0
2015-10-28,-0.00972774893676606,5.248701925488997e-05,1.0958904111003827e-05,-0.009791194860131953,1.0000000000688927,0.19999999996561318,0.2500000000577616
2015-10-29,-0.002298714101141378,0.0,1.13273681962377e-05,-0.0023100414693376157,1.0190515433313616,0.19215366500600947,0.0
2015-10-30,-0.0031886757880838987,0.0,1.130432949412532e-05,-0.003199980117578024,1.0155105922529146,0.19029453918176648,0.0
2015-11-02,0.0007974095434411685,0.0,3.4357109165726375e-05,0.0007630524342754421,1.0237295102266515,0.18770652052730977,0.0
2015-11-03,-0.008228332558986315,0.0,1.1385308404354818e-05,-0.00823971786739067,1.0194877148784838,0.18836020136058207,0.0
2015-11-04,0.004752720614665136,5.464344626297561e-05,1.1272385660123984e-05,0.004686804782742036,0.9999999999922982,0.17711584680324746,0.2500000000126483
2015-11-05,-0.0033715669166084618,0.0,1.1117782859890121e-05,-0.0033826846994683517,0.9926183100323236,0.1810201612603449,0.0
2015-11-06,0.0014359362443442476,0.0,1.1237676436994386e-05,0.0014246985679072532,0.9986019430797493,0.17825156317915894,0.0
2015-11-09,0.004696456244435371,0.0,3.3407867011089585e-05,0.004663048377424281,0.9923566270416134,0.17943186310510043,0.0
2015-11-10,0.0009466058177808655,0.0,1.0918314958984907e-05,0.0009356875028218805,0.9803106972017956,0.18327370519589747,0.0
2015-11-11,0.003105594891765203,5.2060549468321984e-05,1.206935485420799e-05,0.003041464987442673,1.0000000000401261,0.11893709568294303,0.25000000003434386
2015-11-12,0.0011492889910819889,0.0,1.1934555100139872e-05,0.001137354435981849,0.9928951498483315,0.12167262753812087,0.0
2015-11-13,-0.00038322579110460647,0.0,1.1908617360650344e-05,-0.0003951344084652568,0.9920114505039553,0.12268238317648024,0.0
2015-11-16,0.0007681832551458558,0.0,3.5925255908554004e-05,0.0007322579992373018,0.9965287282009948,0.12234750109284721,0.0
2015-11-17,0.002367869666066135,0.0,1.1951217442487946e-05,0.0023559184486236467,0.995464471171462,0.12302559786984194,0.0
2015-11-18,0.0023465454871519657,1.2201782976255092e-05,1.205619963080121e-05,0.0023222875045449095,0.9999999999809275,0.11989742693243921,0.059988464426607574
2015-11-19,0.005267929493754534,0.0,1.1969873963902188e-05,0.005255959619790632,0.995761543871438,0.12196074450657858,0.0
2015-11-20,0.004809394812080504,0.0,1.1807258129482003e-05,0.004797587553951022,0.9884933050092344,0.12656346155704834,0.0
2015-11-23,-0.0029965655274530618,0.0,3.480494535452589e-05,-0.0030313704728075876,0.9776659298998376,0.13074559293970744,0.0
2015-11-24,-0.0005304099873552858,0.0,1.1737481535118576e-05,-0.0005421474688904044,0.9849736115871703,0.1281374595235145,0.0
2015-11-25,0.0012278161611962307,3.948242408979253e-06,1.2097532660809803e-05,0.0012117703861264416,1.0000000000485174,0.116880115809402,0.01899885077824284
2015-11-27,0.007806017430218324,0.0,2.412857172222234e-05,0.007781888858496101,0.9986578533556916,0.11796498549457608,0.0
2015-11-30,0.0018640166856801908,0.0,3.528361521667357e-05,0.0018287330704635173,0.9833677948328949,0.12479982456050463,0.0
2015-12-01,8.964539977786787e-05,0.0,1.1705883228172115e-05,7.793951654969576e-05,0.9809621053716034,0.12643262971503924,0.0
2015-12-02,0.00762194364792716,0.0,1.1803347572513113e-05,0.007610140300354647,0.9881567875918273,0.12651241479837014,0.0
2015-12-03,-0.011989111690962178,5.124546993950252e-05,1.2021112567312085e-05,-0.012052378273468993,1.0000000000256146,0.12245878261183245,0.2500000000211868
2015-12-04,0.0039788210679137835,0.0,1.2294630097189703e-05,0.0039665264378165935,1.0093253328436953,0.11181733574884685,0.0
2015-12-07,0.016044321261482065,0.0,3.675003997756746e-05,0.016007571221504497,1.009589635748299,0.11533866296082411,0.0
2015-12-08,0.0013084162145880502,0.0,1.1665433600916253e-05,0.0012967507809871338,0.9808896500764935,0.12931299720960718,0.0
2015-12-09,-0.0005595539426376938,0.0,1.1615302942092344e-05,-0.0005711692455797862,0.9783693641406866,0.13045224936794578,0.0
2015-12-10,0.004187216744908955,5.1840260605770963e-05,1.1858715643837299e-05,0.004123517768659346,0.9999999999779969,0.1343137579778742,0.250000000009802
2015-12-11,0.005544564836954255,0.0,1.1681988387494857e-05,0.0055328828485667605,0.9907173610960139,0.13793220880888926,0.0
2015-12-14,0.0062638900970414585,0.0,3.448829929854554e-05,0.006229401797742913,0.9819025844538161,0.14268730152254114,0.0
2015-12-15,0.008733545674093091,0.0,1.1231336859325e-05,0.008722314337233765,0.9679166498632293,0.14802905913250444,0.0
2015-12-16,0.0013979111352692586,0.0,1.0935070519568386e-05,0.0013869760647496903,0.9536672431998962,0.15540709527140384,0.0
2015-12-17,0.006836505191346924,5.073825484796882e-05,1.1822266738333654e-05,0.006773944669760622,1.000000000010401,0.13697452811204436,0.25000000000866923
2015-12-18,-0.006303855293673832,0.0,1.1559284441862117e-05,-0.006315414578115694,0.9866711841366146,0.14284341988068014,0.0
2015-12-21,-0.007777030628014027,0.0,3.5144168975180915e-05,-0.007812174796989208,0.9925821273578487,0.1374073489617798,0.0
2015-12-22,0.0037534346494618137,0.0,1.2048022704277693e-05,0.003741386626757536,1.0101566440913736,0.13065098667910208,0.0
2015-12-23,-0.008002414785065292,0.0,1.1911593648510697e-05,-0.008014326378713802,1.0034497731421212,0.13390343680084033,0.0
2015-12-24,-0.0023815443192928957,5.087827956337278e-05,1.3388690311588061e-05,-0.0024458112891678563,1.0000000000485263,0.022625607302597717,0.2500000000370398
2015-12-28,-0.00944409811331375,0.0,5.392455940279943e-05,-0.00949802267271655,1.0044169066389317,0.020293697537841826,0.0
2015-12-29,-0.005643062500431403,0.0,1.3883371645738114e-05,-0.0056569458720771406,1.024439767459026,0.010953637320143511,0.0
2015-12-30,0.005756591293967085,0.0,1.4217152569047038e-05,0.005742374141398038,1.0431929249051823,0.005340787364748745,0.0
2015-12-31,-0.009025163869002904,0.0,1.3930406484188191e-05,-0.009039094275487092,1.027953690549388,0.011034017203649882,0.0
2016-01-04,0.00040162365477902043,4.388849730040043e-05,6.1018179859181725e-05,0.0002967169776194383,1.0000000000493658,-0.11358178238070063,0.21268201777373358
2016-01-05,0.006881860547950503,0.0,1.5110418927030396e-05,0.006866750129023472,0.9899139954603863,-0.1131465862128325,0.0
2016-01-06,0.009709823121375282,0.0,1.4901507919940406e-05,0.009694921613455343,0.9822700693597838,-0.10554000879586589,0.0
2016-01-07,-0.012178839804056337,0.0,1.4429938482115224e-05,-0.012193269742538452,0.9584754689207042,-0.09491004027370711,0.0
2016-01-08,-0.007250176507919107,0.0,1.4701806804527194e-05,-0.007264878314723634,0.9648211349918486,-0.1084107617386367,0.0
2016-01-11,0.02057861750832631,9.339466541513972e-06,4.535739880608012e-05,0.020523920642978713,1.000000000002298,-0.10369670427898478,0.04578031861371129
2016-01-12,0.009632302683722196,0.0,1.4312869574199688e-05,0.009617989814147996,0.9633929933522895,-0.08144648556428755,0.0
2016-01-13,-0.007235830244716048,0.0,1.3952661183979562e-05,-0.0072497829059000275,0.9474142116918984,-0.07113005473860959,0.0
2016-01-14,0.009533623463963175,0.0,1.4042124846202277e-05,0.009519581339116973,0.9461369441970271,-0.0789381695757389,0.0
2016-01-15,0.004309542639712999,0.0,1.3749896894306914e-05,0.0042957927428186925,0.9349923990959363,-0.06875007418846826,0.0
2016-01-19,0.006870637038448679,4.405751592749304e-05,5.1223981776890085e-05,0.006775355540744296,1.00000000000925,0.06516233258100583,0.21123090856765697
2016-01-20,-0.002750080496100148,0.0,1.2570223782916466e-05,-0.002762650719883065,0.9891745412445585,0.07154820509165645,0.0
2016-01-21,-0.006086267861664425,0.0,1.2544778126947776e-05,-0.006098812639791373,0.9847575195895557,0.06898871632236815,0.0
2016-01-22,-0.0014116931758123019,0.0,1.2823817184120977e-05,-0.001424516992996423,0.9994270871951698,0.06328843275433846,0.0
2016-01-25,0.006668657760485242,0.0,3.952427079118344e-05,0.0066291334896940585,1.0237222657067373,0.06196500978794023,0.0
2016-01-26,-0.0026954227522827585,2.6935272930164375e-05,1.1071965820153928e-05,-0.0027334299910330767,0.9999999999855756,0.191746495114339,0.1269078923979109
2016-01-27,-0.011032731600421388,0.0,1.1320467520066096e-05,-0.011044052067941455,1.0159633755909865,0.1895692466261617,0.0
2016-01-28,-0.01111746019983002,0.0,1.1543618216779636e-05,-0.011129003818046799,1.0232144308955187,0.18053030107060533,0.0
2016-01-29,0.003523781397136331,0.0,1.2017503991401839e-05,0.003511763893144929,1.0485972471202336,0.17131945574789936,0.0
2016-02-01,0.02071227168667907,0.0,3.6519489883450016e-05,0.02067575219679562,1.0628722981811163,0.17423137768383262,0.0
2016-02-02,0.005514568963170323,2.535283719462979e-05,9.599934714828456e-06,0.0054796161912608644,1.0000000000171938,0.2992047658347168,0.12040824664854623
2016-02-03,-0.013578317345580244,0.0,9.204521254232291e-06,-0.013587521866834477,0.9749887410549796,0.3030586894960224,0.0
2016-02-04,0.005712910459587947,0.0,9.66831201611738e-06,0.00570324214757183,0.9992546504726345,0.29346787329606594,0.0
2016-02-05,-0.010781823557522937,0.0,9.4419744226499e-06,-0.010791265531945586,0.9867482924120667,0.2974841595586241,0.0
2016-02-08,-0.009077047966904294,0.0,2.8695104775529482e-05,-0.009105743071679823,0.9880775176843692,0.2898299681464851,0.0
2016-02-09,0.006263666374066182,5.103295751353692e-05,8.51930321618791e-06,0.0062041141133364576,0.7500000000364269,0.1280908652547094,0.2500000000335375
2016-02-10,0.005667630112787155,0.0,8.208723655774923e-06,0.00565942138913138,0.7327629472126379,0.1335261203410685,0.0
2016-02-11,-0.0011346276838388018,0.0,8.038044177878053e-06,-0.0011426657280166799,0.7251876525049686,0.13841042751987087,0.0
2016-02-12,7.534603629154172e-05,0.0,8.014019762810669e-06,6.733201652873105e-05,0.7224562823169621,0.13743283963178332,0.0
2016-02-16,0.010271191479933326,0.0,3.247192032001706e-05,0.010238719559613309,0.7301114734283214,0.1374989275880098,0.0
2016-02-17,-0.007215685738778754,5.029806276910711e-05,8.01363747219911e-06,-0.007273997439020061,0.7500000000679838,0.16500446459744886,0.2500000000672985
2016-02-18,0.007863207874770175,0.0,8.31846693339355e-06,0.007854889407836782,0.766193030111812,0.15894494397408276,0.0
2016-02-19,0.005433954288263002,0.0,8.073012906885318e-06,0.005425881275356117,0.7548380461984927,0.16550810399586466,0.0
2016-02-22,-0.002500598351695314,0.0,2.3677249169505924e-05,-0.00252427560086482,0.7461659488364106,0.1700195523784331,0.0
2016-02-23,0.0065901691015729895,0.0,8.051523473464303e-06,0.006582117578099525,0.7557041017245573,0.16794288816166303,0.0
2016-02-24,-0.0030579861897700304,5.096794573081113e-05,8.83068808509262e-06,-0.003117784823585934,0.9926026839459399,0.34796245373417867,0.24999999999706818
2016-02-25,0.004248804736930505,0.0,8.951904008932582e-06,0.004239852832921572,0.9994721612688164,0.34598316861673806,0.0
2016-02-26,-0.0012795139710352313,0.0,8.889904138430605e-06,-0.0012884038751736619,0.9977163127469885,0.34875331064155424,0.0
2016-02-29,0.0007108657462204604,0.0,2.6714333143455536e-05,0.0006841514130770048,0.9979708339593327,0.3479220608019147,0.0
2016-03-01,-0.0014430131882982894,0.0,8.879679292286249e-06,-0.0014518928675905758,0.9966111602463511,0.3483945719094549,0.0
2016-03-02,0.0015346044834764754,5.094182538492851e-05,9.743155041891099e-06,0.001473919503049656,1.0000000000065064,0.28874968194845596,0.25000000000485706
2016-03-03,0.0015774278218423801,0.0,9.701723526580368e-06,0.0015677260983157997,0.998082877897794,0.28985706045742754,0.0
2016-03-04,-0.01206206914684647,0.0,9.645439593789345e-06,-0.01207171458644026,0.9950954043290181,0.2909783139823958,0.0
2016-03-07,-0.011932816698561683,0.0,3.0128511124303902e-05,-0.011962945209685986,1.0154514882474062,0.28232438422267797,0.0
2016-03-08,0.010846590581926547,0.0,1.04776859364505e-05,0.010836112895990097,1.0385364852127732,0.27366541185188653,0.0
2016-03-09,-0.013358900524254194,5.172506581562967e-05,9.943721180900683e-06,-0.013420569311250723,0.9999999999827098,0.2741083537769601,0.2500000000173588
2016-03-10,-0.000651186886170003,0.0,1.0387720255474405e-05,-0.0006615746064254775,1.0226000408925873,0.2642964622429558,0.0
2016-03-11,-0.005827163110179023,0.0,1.0418564940251775e-05,-0.005837581675119274,1.0243750524833537,0.2638198118449744,0.0
2016-03-14,0.004623596129824606,0.0,3.166442652263673e-05,0.004591931703301969,1.0300085906095187,0.2595075452253581,0.0
2016-03-15,0.002257221025232608,0.0,1.0358904134055708e-05,0.0022468621210985523,1.019123814948038,0.2629238131619712,0.0
2016-03-16,-0.0029335795201544234,3.9749306254451176e-05,9.544000695870013e-06,-0.002982872827104744,1.0000000000406983,0.3032879492421875,0.19256146448795575
2016-03-17,-0.007833188195092178,0.0,9.819461169265922e-06,-0.007843007656261444,1.0180736343738117,0.3012529690173997,0.0
2016-03-18,0.0025474636256391657,0.0,1.0147039027335897e-05,0.00253731658661183,1.0364731151465072,0.2957392661509867,0.0
2016-03-21,-0.0012390291281792656,0.0,3.0133129239331304e-05,-0.001269162257418597,1.03077127556907,0.29753179741200814,0.0
2016-03-22,-0.0021401710894854904,0.0,1.0020064085648306e-05,-0.0021501911535711385,1.0281339680016404,0.29666928974931384,0.0
2016-03-23,0.010037875868805387,1.9691314998142674e-05,1.0333203218952209e-05,0.010007851350588293,1.0000000000143205,0.24567616503080936,0.09442584732994687
2016-03-24,-0.00045761510167145416,0.0,9.90863473408694e-06,-0.0004675237364055411,0.9765105861751835,0.25318025058683696,0.0
2016-03-28,-0.001374235244765841,0.0,3.96341369819836e-05,-0.0014138693817478246,0.9761638445027412,0.2528408445815404,0.0
2016-03-29,0.006107988602118986,0.0,9.983090902412031e-06,0.0060980055112165735,0.9805882895525164,0.25182265367643814,0.0
2016-03-30,-0.0030571756817461054,0.0,9.913564958209746e-06,-0.0030670892467043152,0.9800575549403533,0.2563673129910418,0.0
2016-03-31,0.005116820675111292,2.9897349517211514e-05,1.042102200374437e-05,0.005076502303590336,1.0000000000312628,0.23926539375792383,0.13989117283525818
2016-04-01,0.005648392451499904,0.0,1.029413169065865e-05,0.005638098319809245,0.9946194871102053,0.24314787369212396,0.0
2016-04-04,-0.0013419804268154402,0.0,3.0196353373404615e-05,-0.0013721767801888449,0.9821793248529264,0.24740139276674716,0.0
2016-04-05,0.00890703029888274,0.0,1.0099847085237444e-05,0.008896930451797501,0.983686350508693,0.2463975132863596,0.0
2016-04-06,-0.0037043832729973833,0.0,9.883683643165908e-06,-0.0037142669566405493,0.9745620532839252,0.25305314733281387,0.0
2016-04-07,-0.003194320361687835,4.732797968440041e-06,1.0427951199326194e-05,-0.0032094811108556013,0.9999999999980208,0.23875956244720856,0.02295007052328415
2016-04-08,-0.0062641117270649145,0.0,1.068465109022942e-05,-0.0062747963781551435,1.0163032481831507,0.23632371859640297,0.0
2016-04-11,0.00416043615857895,0.0,3.265325753867704e-05,0.004127782901040274,1.0260748995149642,0.23151229940715642,0.0
2016-04-12,-0.015374064526830369,0.0,1.0774752426383412e-05,-0.015384839279256752,1.0212608558280214,0.2347039287020322,0.0
2016-04-13,-0.002445640049494716,0.0,1.132255118262982e-05,-0.0024569626006773456,1.0493031802882848,0.222756943956308,0.0
2016-04-14,0.0030747475929402066,5.078312258214848e-05,9.76505951415618e-06,0.003014199410843902,0.9999999999959368,0.2871506554625356,0.24999999999875397
2016-04-15,0.009166713164612586,0.0,9.562088304235305e-06,0.00915715107630835,0.9873856809150768,0.28935323470589963,0.0
2016-04-18,-0.0032889266256514475,0.0,2.7946398401597594e-05,-0.0033168730240530453,0.9758401881570186,0.2958111603848103,0.0
2016-04-19,-0.01312145148841702,0.0,9.411569788484705e-06,-0.013130863058205504,0.9805403163608606,0.29349572180147726,0.0
2016-04-20,-0.008508964409881279,0.0,9.950668113442835e-06,-0.008518915077994722,1.0105035839708598,0.2841048116895327,0.0
2016-04-21,-0.00021266097993951258,5.1496340266604175e-05,1.296625515846997e-05,-0.00027712357536458675,1.0000000000010154,0.053463373432707656,0.2500000000013068
2016-04-22,-0.00582540073605327,0.0,1.2969717927010776e-05,-0.005838370453980281,1.0000548822430344,0.05326547357124771,0.0
2016-04-25,0.005359896315723405,0.0,3.9437691705988266e-05,0.005320458624017417,1.0073691702996541,0.047718672120606584,0.0
2016-04-26,-0.0010025006869276822,0.0,1.2921460353510971e-05,-0.001015422147281193,0.9960642664736055,0.0527976606673046,0.0
2016-04-27,0.0008281595632619489,0.0,1.295852285986446e-05,0.0008152010404020844,0.9978199761623965,0.051847807392291015,0.0
2016-04-28,0.007982998990658996,3.853060061815052e-05,1.418773939915454e-05,0.00793028065064169,1.0000000000114175,-0.03570497612686409,0.19023683966711913
2016-04-29,-0.004092376048224211,0.0,1.3931870781741102e-05,-0.004106307919005952,0.9895227032896278,-0.02750386377747273,0.0
2016-05-02,0.009268279561044786,0.0,4.246700470167923e-05,0.009225812556343107,1.001637262393597,-0.031726518680597615,0.0
2016-05-03,0.0026370895761696385,0.0,1.3726614856282139e-05,0.0026233629613133564,0.979789946820977,-0.02225293768761885,0.0
2016-05-04,-0.004829402721066904,0.0,1.3670975797471703e-05,-0.004843073696864376,0.9784167099496762,-0.019564523265758138,0.0
2016-05-05,0.005675871625020685,3.718108479675659e-05,1.4109700903859002e-05,0.00562458083932007,1.0000000000243763,-0.030008165957330912,0.18332219661487423
2016-05-06,-0.003747086241950044,0.0,1.3919057045414835e-05,-0.0037610052989954586,0.9918949634706281,-0.02419620084465507,0.0
2016-05-09,0.0049034885084555035,0.0,4.211011413471881e-05,0.004861378394320785,0.9966306652529286,-0.028048778691895662,0.0
2016-05-10,-0.00960905716658633,0.0,1.384725768136504e-05,-0.009622904424267695,0.9878164942234691,-0.023033316516178848,0.0
2016-05-11,-0.004451979041162847,0.0,1.426288346312866e-05,-0.004466241924625975,1.0082309526205313,-0.03295954018786067,0.0
2016-05-12,-7.333092364543702e-05,5.113897132114465e-05,1.4322797699846009e-05,-0.00013879269266642768,1.0000000000873808,-0.04556423200137792,0.25000000004435663
2016-05-13,0.003440355379570843,0.0,1.4324254403344528e-05,0.0034260311251674987,1.0000266734796248,-0.045643897964525684,0.0
2016-05-16,0.0003189280989418455,0.0,4.254066740591426e-05,0.00027638743153593124,0.9930967945954104,-0.04205944561517001,0.0
2016-05-17,-0.00603174364494632,0.0,1.4167038947921133e-05,-0.006045910683894241,0.9924648590487642,-0.04172898414947848,0.0
2016-05-18,0.0005934293336707975,0.0,1.4354471203360254e-05,0.0005790748624674373,0.9998251565376776,-0.048051241307620896,0.0
2016-05-19,-0.004740242926718578,4.723671540246214e-06,1.4351735915581852e-05,-0.004759318334174406,1.000000000016148,-0.047676721821327345,0.022758003839996307
2016-05-20,-0.00018626804892372148,0.0,1.4528174458289244e-05,-0.00020079622338201072,1.0078891087054618,-0.05266762674965299,0.0
2016-05-23,0.0016045217808781285,0.0,4.369803395600663e-05,0.0015608237469221218,1.0104543164703341,-0.05286450979249402,0.0
2016-05-24,0.0028399151172717563,0.0,1.4503304577349818e-05,0.0028254118126944065,1.0075611292580007,-0.0511801048885359,0.0
2016-05-25,-0.003577395578004,0.0,1.4409129636655533e-05,-0.0035918047076406554,1.0036624698376342,-0.048203993638219644,0.0
2016-05-26,0.0040965450048053,5.472295586945128e-05,1.2057359365409668e-05,0.004029764689570439,1.0000000000293598,0.11981276635445423,0.2500000000302651
2016-05-27,-0.0029449046079778256,0.0,1.1936869861130894e-05,-0.0029568414778389563,0.9948034899419232,0.12341199007936818,0.0
2016-05-31,-0.008040505362248429,0.0,4.8149700635630665e-05,-0.00808865506288406,0.9995563805032349,0.12082434390297533,0.0
2016-06-01,-0.007159123278233535,0.0,1.23379986226092e-05,-0.007171461276856144,1.014377446764851,0.11370354731437926,0.0
2016-06-02,0.0011767817244061952,0.0,1.2623462201877604e-05,0.0011641582622043175,1.0288267631292602,0.10731402239219504,0.0
2016-06-03,0.008563030017909604,1.3946181611886438e-05,1.143174162380818e-05,0.008537652094673909,0.9999999999950403,0.16548286145704336,0.06686427419522942
2016-06-06,-0.007505288946541491,0.0,3.3763029199153134e-05,-0.007539051975740644,0.9941395711220319,0.17257252727597203,0.0
2016-06-07,-0.0016435199687299948,0.0,1.1512633685435374e-05,-0.0016550326024154301,1.0067434011008987,0.16632114206411647,0.0
2016-06-08,0.004236648425375255,0.0,1.1602221531837652e-05,0.0042250462038434175,1.0119127925746658,0.16495062075051725,0.0
2016-06-09,-0.005431415695574733,0.0,1.1570258210045445e-05,-0.005442985953784779,1.013104301937743,0.16847545260442548,0.0
2016-06-10,0.004720879267389191,3.7586686420157736e-05,1.1543906907771948e-05,0.0046717486740612615,0.9999999999865398,0.15729479571918764,0.1809331568756143
2016-06-13,0.00016483820006671428,0.0,3.4087258902070105e-05,0.00013075094116464416,0.9907189313431476,0.16126229805944162,0.0
2016-06-14,-0.002104408848069356,0.0,1.135756469208146e-05,-0.0021157664127614373,0.990508254790826,0.16140603226887942,0.0
2016-06-15,0.006492045997924671,0.0,1.1414426940575461e-05,0.006480631570984096,0.9928925497276629,0.1596393830656544,0.0
2016-06-16,0.0052366537248978405,0.0,1.1240244670414804e-05,0.0052254134802274255,0.9855995857787108,0.16506172483842999,0.0
2016-06-17,-0.009333347876178308,5.112499350216685e-05,1.116768123573747e-05,-0.009395640550916212,0.9999999999975179,0.18475926978868243,0.24999999999338193
2016-06-20,-0.007795623485875439,0.0,3.44586380498492e-05,-0.007830082123925287,1.0155833198414688,0.17708979396180494,0.0
2016-06-21,-0.0031590831438099726,0.0,1.174481726046611e-05,-0.0031708279610704387,1.028001879118366,0.17063021910433981,0.0
2016-06-22,0.008320559098657032,0.0,1.1840232892870635e-05,0.008308718865764161,1.032340848436536,0.1680038472569798,0.0
2016-06-23,-0.0045938888964104614,0.0,1.1544485312537346e-05,-0.004605433381722999,1.0176188764663716,0.17487144865114543,0.0
2016-06-24,0.010025837263636959,5.275785545475716e-05,1.128419662789079e-05,0.00996179521155431,1.0000000000184113,0.17625364618238368,0.2500000000141783
2016-06-27,-0.0002971682848317849,0.0,3.308265679463587e-05,-0.00033025094162642075,0.989453424264627,0.18444210892848775,0.0
2016-06-28,-0.006933559138723285,0.0,1.1135115396059632e-05,-0.006944694254119345,0.9970691986865812,0.18420577477422817,0.0
2016-06-29,-0.0010530989475077612,0.0,1.146433946963549e-05,-0.0010645632869773966,1.015408707668353,0.17851192638496233,0.0
2016-06-30,-0.003378641677865484,0.0,1.148680264519277e-05,-0.003390128480510677,1.016184538016693,0.17764794491762076,0.0
2016-07-01,-0.0010400928932424117,5.054666014604763e-05,1.2328767123369164e-05,-0.0011029683205118286,1.0000000000020526,0.0999999999961036,0.25000000000108424
2016-07-05,0.017777939950525297,0.0,4.9874560997285725e-05,0.01772806538952801,1.0092799154673902,0.0990691772669258,0.0
2016-07-06,-0.0007013438480376255,0.0,1.1864535540773168e-05,-0.0007132083835783987,0.9809228218829453,0.11481172740650389,0.0
2016-07-07,0.0008107229913262744,0.0,1.1907193138719817e-05,0.0007988157981875546,0.983416925252742,0.11419182612619555,0.0
2016-07-08,-0.0027847005101913906,0.0,1.1854759285004083e-05,-0.002796555269476395,0.9803081843950743,0.11491075658977623,0.0
2016-07-11,0.0023583323665309166,5.352374407836409e-05,3.0058529999623666e-05,0.002274750092452929,1.000000000037232,0.26857577004638955,0.25000000002964984
2016-07-12,-0.0064824649427220144,0.0,9.872690380904933e-06,-0.006492337633102919,0.9910255916078881,0.270319193801828,0.0
2016-07-13,0.003636019992060276,0.0,1.0009178043732245e-05,0.0036260108140165437,0.9962308366836673,0.2655608394912131,0.0
2016-07-14,-0.0026328308297075952,0.0,9.96492836682778e-06,-0.002642795758074423,0.9956640461386633,0.2682242753602355,0.0
2016-07-15,-0.005896816216217859,0.0,9.998200250310118e-06,-0.005906814416468169,0.9961638266502626,0.2662952083776239,0.0
2016-07-18,0.0003808949136655895,5.357501206763026e-05,4.045897873428305e-05,0.00028686092286367616,1.000000000164923,0.015498184297368628,0.2500000001021069
2016-07-19,0.0023022654859486957,0.0,1.3466198813064811e-05,0.002288799287135631,0.9989070387837506,0.01587452543001941,0.0
2016-07-20,0.0012544014533763784,0.0,1.3408615932211761e-05,0.0012409928374441665,0.996964245944868,0.018135282893409682,0.0
2016-07-21,-8.568992720573072e-05,0.0,1.3326145269987362e-05,-9.901607247571808e-05,0.9921742564207968,0.01936565171171936,0.0
2016-07-22,-0.006136123618520156,0.0,1.335096052967452e-05,-0.006149474579049831,0.9939019896658899,0.019281870999650064,0.0
2016-07-25,0.0015508388427680035,5.10364430934807e-05,3.5015307760886e-05,0.0014647870919136368,1.0000000000516853,0.1479608445367925,0.25000000000059674
2016-07-26,0.0014566871103003885,0.0,1.1593788832298016e-05,0.0014450933214680906,0.9956395856766564,0.14929300091890163,0.0
2016-07-27,0.0018547173190580067,0.0,1.1526555491228543e-05,0.0018431907635667781,0.9919707058770038,0.15053215501732026,0.0
2016-07-28,-0.009337145269557038,0.0,1.1493531347230415e-05,-0.009348638800904268,0.9911342993680079,0.1521065110201875,0.0
2016-07-29,0.00353212469762671,0.0,1.1889452389017519e-05,0.0035202352452376926,1.0120466847517466,0.14411666035346762,0.0
2016-08-01,0.0033518770104566313,2.241517631680392e-05,3.6735849369288187e-05,0.0032927259847705392,0.9999999999727804,0.10609433198676801,0.11056029473503311
2016-08-02,-0.0005530496443010627,0.0,1.2060311915480557e-05,-0.0005651099562165433,0.9894897851772706,0.10908701534718995,0.0
2016-08-03,-0.006520374001008401,0.0,1.1961463516541546e-05,-0.006532335464524942,0.981782170714868,0.10859533400733506,0.0
2016-08-04,0.0007992317577368746,0.0,1.2208057865174884e-05,0.0007870236998716997,0.9939343563673686,0.1027461322096021,0.0
2016-08-05,-0.0001009003605861406,0.0,1.2204336956271144e-05,-0.00011310469754241175,0.9943805332058923,0.10346393539809881,0.0
2016-08-08,0.00048552912517122165,1.98798492955033e-06,3.716641153731461e-05,0.0004463747287043567,1.0000000002049776,0.09561731946365545,0.009745870523775485
2016-08-09,0.008538277231121093,0.0,1.2381471521744298e-05,0.008525895759599349,0.999907390933181,0.09605996984584741,0.0
2016-08-10,0.004028761362197626,0.0,1.2123605439775987e-05,0.00401663775675785,0.9887371894926946,0.1037139923890476,0.0
2016-08-11,-0.003978250286060291,0.0,1.1989751618712334e-05,-0.003990240037679003,0.9825635896051703,0.1073117214391699,0.0
2016-08-12,0.0005365404621895243,0.0,1.205083012850794e-05,0.0005244896320610164,0.9834580477565036,0.10374744837542432,0.0
2016-08-15,-0.005085783105739389,5.2496209506599074e-05,4.660889427115827e-05,-0.005184888209517145,1.0000000000125842,-0.13414976058560005,0.25000000001260714
2016-08-16,-0.004635645079486639,0.0,1.5719523209029392e-05,-0.004651364602695668,1.0075639672521077,-0.13996122700703778,0.0
2016-08-17,0.0007500039060285092,0.0,1.585609744222723e-05,0.000734147808586282,1.012222525423152,-0.1452725878594358,0.0
2016-08-18,-0.006521371097039937,0.0,1.586654067887168e-05,-0.006537237637718808,1.0138409087058982,-0.1444165608517344,0.0
2016-08-19,0.0034748829862125004,0.0,1.6151810082193124e-05,0.0034587311761303074,1.0271509940719696,-0.15193114192812854,0.0
2016-08-22,0.0008783508293057334,5.3006785520495025e-05,5.721749904354508e-05,0.0007681265447416933,1.0000000000571008,-0.39229247666916295,0.25000000004515094
2016-08-23,-0.006538039874781111,0.0,1.9070271056324713e-05,-0.0065571101458374356,1.0010160860876154,-0.39111370102408843,0.0
2016-08-24,0.002186205457675447,0.0,1.9383621298055867e-05,0.002166821836377391,1.0147279574331702,-0.40027639732490805,0.0
2016-08-25,-0.0029735645515019914,0.0,1.9260937272620988e-05,-0.0029928254887746125,1.0088189545159163,-0.3972294663854161,0.0
2016-08-26,-0.0021737050848465366,0.0,1.9415081142476425e-05,-0.002193120165989013,1.0158965592515297,-0.4014043641492494,0.0
2016-08-29,0.004979569424326264,5.6661149826982504e-05,5.093245100256668e-05,0.004871975823496714,1.0000000000422662,-0.2393563076868564,0.25000000004262635
2016-08-30,0.0003087203035107457,0.0,1.68445076064597e-05,0.000291875795904286,0.9964086585827583,-0.23324039668879956,0.0
2016-08-31,0.0062284415309001705,0.0,1.6790816892911093e-05,0.0062116507140072596,0.9928659240776532,-0.23286370910485663,0.0
2016-09-01,0.004656751684979038,0.0,1.6525935286349184e-05,0.0046402257496926886,0.9811570968022686,-0.22523617910122207,0.0
2016-09-02,-0.001768212307480433,0.0,1.6338202225237422e-05,-0.0017845505097056704,0.9731281458528063,-0.2195606165895258,0.0
2016-09-06,0.005631762846350143,3.33257865936149e-05,6.027397260338191e-05,0.005538163087153146,1.0000000000129527,-0.09999999999876702,0.16060470062850438
2016-09-07,-0.005288795140270802,0.0,1.5012999049069192e-05,-0.005303808139319871,1.0021004416667303,-0.09384848891532097,0.0
2016-09-08,-0.010401163734069619,0.0,1.5197684940164131e-05,-0.010416361419009782,1.0097651078027896,-0.09966589282919189,0.0
2016-09-09,-0.0032155430133387203,0.0,1.552882347028452e-05,-0.0032310718368090048,1.022378490480849,-0.11122562284992071,0.0
2016-09-12,0.0007517308625661513,0.0,4.60682634690368e-05,0.0007056625990971145,1.0061822789700519,-0.11481213210984353,0.0
2016-09-13,-0.0010641804538970008,5.533644874490704e-05,1.5135645940416987e-05,-0.0011346525485823248,0.9999999999899265,-0.10490215366051323,0.2500000000273457
2016-09-14,0.0061552781870204245,0.0,1.5012474019496121e-05,0.006140265713000928,0.9898238977578526,-0.10608670566536427,0.0
2016-09-15,-0.001198777866149504,0.0,1.4788728039812754e-05,-0.0012135665941893168,0.98025558023836,-0.09932156666797096,0.0
2016-09-16,-0.0032900190401756613,0.0,1.4861689953220252e-05,-0.0033048807301288815,0.9842608856981971,-0.1006424808868811,0.0
2016-09-19,0.004566016544999447,0.0,4.4902160221421984e-05,0.004521114384778024,0.9883421086718842,-0.10427712338271761,0.0
2016-09-20,-0.008039949912154202,2.134538363702521e-05,1.6438356164399555e-05,-0.008077733651955627,1.0000000000041904,-0.19999999999697712,0.10256866153971149
2016-09-21,0.0016892676925224213,0.0,1.6811367677050094e-05,0.0016724563248453712,1.0174957141053926,-0.2097341263192639,0.0
2016-09-22,0.005877239982370102,0.0,1.6924937306152594e-05,0.00586031504506395,1.0278229297092902,-0.20769749363984902,0.0
2016-09-23,0.005160121152416098,0.0,1.6744330298721023e-05,0.0051433768221173775,1.0216916976282735,-0.20064441417836149,0.0
2016-09-26,-0.00613488310092438,0.0,4.942331733294247e-05,-0.0061843064182573225,1.0081500665148253,-0.19448398858677515,0.0
2016-09-27,0.004409650773688209,5.1787509978372056e-05,1.6421956473838446e-05,0.0043414413072359985,1.0000000000400056,-0.19880282255020096,0.2500000000450143
2016-09-28,-0.0033822038267758954,0.0,1.6209101267675103e-05,-0.0033984129280435703,0.9897115192032095,-0.1935528733370729,0.0
2016-09-29,-0.0022348342588184855,0.0,1.6406392119854743e-05,-0.0022512406509383404,1.000059998672822,-0.19760662607657448,0.0
2016-09-30,0.0026960577041100255,0.0,1.644836230996066e-05,0.0026796093418000647,1.000438081973853,-0.20029236665327552,0.0
2016-10-03,-0.005483738675818705,0.0,4.8966167385705365e-05,-0.00553270484320441,0.9944418300080315,-0.1970682430441323,0.0
2016-10-04,-0.005566085493799557,5.082482890923669e-05,1.624883067993167e-05,-0.005633159153388726,1.0000000000237521,-0.1861646396112599,0.2500000000259199
2016-10-05,-0.006882985288794965,0.0,1.645803608971769e-05,-0.006899443324884682,1.0086197411966138,-0.19281689335277757,0.0
2016-10-06,-0.002462781200696253,0.0,1.6768902813111114e-05,-0.002479550103509364,1.0230426365007081,-0.20108726885640316,0.0
2016-10-07,-0.004193360950613759,0.0,1.6879849875769168e-05,-0.004210240800489528,1.0281730237555404,-0.2040560171756088,0.0
2016-10-10,-0.007818206801789514,0.0,5.1239556264750274e-05,-0.007869446358054265,1.037699337224895,-0.2091298652173616,0.0
2016-10-11,-0.0009411658213392834,1.4000225677787818e-05,1.6438356164504496e-05,-0.0009716044031815756,0.9999999999971568,-0.20000000001167154,0.06830545059948778
2016-10-12,0.0026534987531480645,0.0,1.6405182744370183e-05,0.0026370935704036944,0.9964417493085262,-0.20113659103049691,0.0
2016-10-13,-0.007240782928031035,0.0,1.6291199209689018e-05,-0.0072570741272407245,0.9912964918433185,-0.19796105046398,0.0
2016-10-14,0.0009638669903652326,0.0,1.660016221803855e-05,0.000947266828147194,1.0051099576282811,-0.20670188428853328,0.0
2016-10-17,0.0018163259516782815,0.0,4.965443807404044e-05,0.001766671513604241,1.0027146801989077,-0.20554331293607614,0.0
2016-10-18,0.0014782375317750314,5.4795923403784365e-05,1.3162745109191908e-05,0.0014102788632620552,1.0000000000072855,0.039119607036276316,0.25000000000946904
2016-10-19,-0.0013544837077314551,0.0,1.3177866414064499e-05,-0.0013676615741455196,1.0025249191434633,0.04054067091675512,0.0
2016-10-20,0.002575071114822883,0.0,1.3258032979082858e-05,0.0025618130818438,1.007076261522631,0.03923985404958236,0.0
2016-10-21,-0.00031045202899237134,0.0,1.3142314895076918e-05,-0.00032359434388744827,1.0010970642080825,0.041708076867467525,0.0
2016-10-24,0.00140630596522232,0.0,3.9518610852544366e-05,0.0013667873543697757,1.0030305559572545,0.04141102521200832,0.0
2016-10-25,0.0010817389334952267,4.191669022428636e-05,1.2328767123366855e-05,0.0010274934761475736,1.0000000000144784,0.10000000000869816,0.20483991074490224
2016-10-26,-0.0006107170599849579,0.0,1.2272358267662511e-05,-0.0006229894182526204,0.9968601382610207,0.10097798472165734,0.0
2016-10-27,-0.004786413475525536,0.0,1.2232524498149796e-05,-0.004798646000023686,0.9934041227507067,0.10042983438577163,0.0
2016-10-28,0.002321695056898831,0.0,1.2359075238568261e-05,0.0023093359816602627,0.9983170852456978,0.09610459283021475,0.0
2016-10-31,0.006802701940726599,0.0,3.6660741388716117e-05,0.0067660411993378826,0.9902775526789208,0.09819951222016207,0.0
2016-11-01,-0.0004716896633735477,1.790574219227045e-05,1.1066204489047264e-05,-0.0005006616100548654,1.000000000000195,0.19216707229974458,0.08823819451275342
2016-11-02,0.0017855707632478393,0.0,1.1033689743837138e-05,0.0017745370735040022,0.9972507565302192,0.19179140523010813,0.0
2016-11-03,0.001122351164065532,0.0,1.0923220338073055e-05,0.001111427943727459,0.990629159642802,0.1932340749634691,0.0
2016-11-04,0.002028432047688629,0.0,1.0822938602570472e-05,0.0020176091090860584,0.9842151707686648,0.19414065278102016,0.0
2016-11-07,0.002175873488336088,0.0,3.2270323462646724e-05,0.0021436031648734413,0.9810186268339997,0.1957740892429293,0.0
2016-11-08,-0.0011880783403816334,5.208356888226806e-05,1.114189179799019e-05,-0.0012513038010618916,0.9999999999934248,0.18664189874014098,0.2500000000007999
2016-11-09,-0.002027485040126741,0.0,1.1188975806745601e-05,-0.002038674015933486,1.0024814041027772,0.18568617021034817,0.0
2016-11-10,-0.001520373739256473,0.0,1.1166339547858798e-05,-0.0015315400788043318,0.9991766572332227,0.18403387023953038,0.0
2016-11-11,-0.0027342309751109926,0.0,1.1096120417269208e-05,-0.002745327095528262,0.992810242458804,0.182793451998152,0.0
2016-11-14,-0.005669703631395893,0.0,3.341004243033475e-05,-0.0057031136738262276,0.9935326024294225,0.1805549032912771,0.0
2016-11-15,0.00318361842893601,5.6023757420872084e-05,7.87694721206019e-06,0.0031197177243030777,1.0000000000456197,0.42498285356522597,0.25000000004042566
2016-11-16,0.003293816732533138,0.0,7.839017764119034e-06,0.003285977714769019,0.9990831644727621,0.4268348676920725,0.0
2016-11-17,-0.0020804520769017896,0.0,7.803767802387248e-06,-0.002088255844704177,0.9983949698948237,0.4287199203205547,0.0
2016-11-18,0.0022155062128852744,0.0,7.79452572442321e-06,0.002207711687160851,0.9965326428777224,0.427532264994828,0.0
2016-11-21,0.00613693252626082,0.0,2.3399939875153627e-05,0.006113532586385666,0.9981996389654246,0.4288011020033531,0.0
2016-11-22,0.00017377765706980128,5.155249027932085e-05,1.0958144995697468e-05,0.00011126702179478297,1.0000000000042295,0.20005541531831442,0.2500000000024669
2016-11-23,0.0021703177474900067,0.0,1.09624837681894e-05,0.0021593552637218173,1.0004682316258635,0.20020691654803724,0.0
2016-11-25,0.00572203248157433,0.0,2.186354588238818e-05,0.005700168935691942,0.9999605962709175,0.20194117156374897,0.0
2016-11-28,0.005031062580552352,0.0,3.234499198322583e-05,0.004998717588569126,0.9935476694266048,0.2064861978347764,0.0
2016-11-29,0.004593345046290272,0.0,1.076918620163537e-05,0.004582575860088637,0.9966157970162102,0.21046520429682838,0.0
2016-11-30,-0.008744057400876947,5.43919750741151e-05,1.1341359073924017e-05,-0.008809790735024985,0.9999999999907946,0.1720807875943413,0.25000000000082545
2016-12-01,-0.0024777241550643274,0.0,1.1667251464362327e-05,-0.0024893914065286897,1.016497839135969,0.16478848223751932,0.0
2016-12-02,-0.0014920810077276398,0.0,1.1723020329567996e-05,-0.001503804028057208,1.0184963055085428,0.162715821450079,0.0
2016-12-05,0.0015961410105616095,0.0,3.546697057067097e-05,0.0015606740399909385,1.0244961717170615,0.16146655449740116,0.0
2016-12-06,2.5964700597532192e-05,0.0,1.1809508246171784e-05,1.4155192351360408e-05,1.0249027063162135,0.16280860434567332,0.0
2016-12-07,0.0004384760800951314,2.739643762148091e-05,1.1920398014363015e-05,0.0003991592444592875,1.0000000000181695,0.12981094496966936,0.13526052606113953
2016-12-08,-0.003284062297394238,0.0,1.1942466418495669e-05,-0.003296004763812734,1.0019975000835637,0.13019745153337997,0.0
2016-12-09,-0.0023248384347364986,0.0,1.205427258569491e-05,-0.0023368927073221936,1.007294978428908,0.12733307967317942,0.0
2016-12-12,-0.005859129340384797,0.0,3.634985247842935e-05,-0.005895479192863227,1.0098141333383925,0.12530105636327812,0.0
2016-12-13,-0.0008509085791662895,0.0,1.2338941755221401e-05,-0.0008632475209215109,1.020893018573465,0.1201502704423028,0.0
2016-12-14,0.004618764854026969,5.041032942304834e-05,1.2111139568835813e-05,0.004556243385035084,1.0000000001141114,0.11588681158909718,0.2500000001086662
2016-12-15,0.0007238751027127856,0.0,1.1821201450371435e-05,0.0007120539012624141,0.9829067198563205,0.11995901397920603,0.0
2016-12-16,-0.005506270899866788,0.0,1.1790362848609949e-05,-0.0055180612627153975,0.9812935054536499,0.12059701750512375,0.0
2016-12-19,0.00021188843921218702,0.0,3.6015914652332856e-05,0.00017587252455985417,0.9921166047788319,0.11572934823873238,0.0
2016-12-20,0.0011022913865455757,0.0,1.2046636440695035e-05,0.0010902447501048807,0.9953253095562515,0.11592084938551399,0.0
2016-12-21,0.0037454738432408157,5.110610543996024e-05,1.2039761020482223e-05,0.0036823279767803736,1.0000000000831184,0.12109744558791616,0.25000000008469114
2016-12-22,0.0015236716708757567,0.0,1.1880191076289526e-05,0.0015117914797994673,0.9916388420272227,0.12438489345808751,0.0
2016-12-23,-4.509670433376047e-05,0.0,1.181949929239684e-05,-5.6916203626157306e-05,0.9885419533092743,0.12571850496430498,0.0
2016-12-27,-0.0035959988827125528,0.0,4.738946995039698e-05,-0.0036433883526629496,0.9905383881151475,0.12568056152040255,0.0
2016-12-28,8.491387168755053e-05,0.0,1.1996206887829871e-05,7.291766479972065e-05,0.9982540934333424,0.12253099062176159,0.0
2016-12-29,-0.0019939029983360775,5.033517873713411e-05,1.1975418054183039e-05,-0.0020562135951273943,1.000000000027079,0.12579448207171712,0.2500000000392044
2016-12-30,-0.0030912385485352173,0.0,1.2042280510067916e-05,-0.003103280829045285,1.0031421412512418,0.1240556640162839,0.0
2017-01-03,0.006257580074378051,0.0,4.854247369653659e-05,0.006209037600681515,1.0072411255684355,0.12134098060664286,0.0
2017-01-04,-0.003878410252568014,0.0,1.1979609840388644e-05,-0.0038903898624084027,1.0013227036119035,0.1268111852635326,0.0
2017-01-05,-0.006153359337510064,0.0,1.2207082707367919e-05,-0.006165566420217432,1.0145299369411627,0.12341289930330462,0.0
2017-01-06,0.0016587776265344079,5.1775165161027654e-05,1.1946595008744392e-05,0.0015950558663646358,1.0000000000133267,0.1278985643749862,0.2500000000157837
2017-01-09,-0.00026525788527277736,0.0,3.569008875524036e-05,-0.0003009479740280177,0.997809846275927,0.12935101989841138,0.0
2017-01-10,0.0018121543998113835,0.0,1.1864990393702965e-05,0.0018002894094176806,0.9952689205467846,0.1291246218064684,0.0
2017-01-11,0.0013921747657747187,0.0,1.1835984185407961e-05,0.0013803387815893107,0.9947283212585201,0.1307014757237391,0.0
2017-01-12,-0.004163470831942043,0.0,1.1791178748840083e-05,-0.004175262010690883,0.9926676165020147,0.1319115678366886,0.0
2017-01-13,0.0012454057520944303,5.0478497537530306e-05,1.1000360324373693e-05,0.0011839268942325262,1.0000000000309401,0.19697369635166057,0.25000000003685097
2017-01-17,-0.0069964248473967025,0.0,4.3956733676251734e-05,-0.007040381581072955,1.0001950922811882,0.1979847026895941,0.0
2017-01-18,0.0036800339005209678,0.0,1.1147251562500877e-05,0.003668886648958467,1.006091806090876,0.1923424420283121,0.0
2017-01-19,8.133649415643574e-05,0.0,1.106967495825166e-05,7.026681919818408e-05,1.0033921925964906,0.1953059206441194,0.0
2017-01-20,-0.00014326803721206828,0.0,1.0998470516939626e-05,-0.00015426650772900792,0.9982618765984397,0.1953735288618471,0.0
2017-01-23,-0.004130979446571287,5.104825918239201e-05,3.3047662541471464e-05,-0.004215075368295151,1.000000000007192,0.19584021149805314,0.250000000006952
2017-01-24,0.005428433319081206,0.0,1.1126352817823575e-05,0.005417306966263382,1.0047444771032714,0.19252072140215037,0.0
2017-01-25,0.004713852727751769,0.0,1.1011702193833717e-05,0.004702841025557935,1.0007368414916544,0.19688258134179284,0.0
2017-01-26,0.0008963608202540438,0.0,1.0906602832112206e-05,0.0008854542174219316,0.9968348026134292,0.20065279586923793,0.0
2017-01-27,-0.0009779045957378763,0.0,1.087581815027205e-05,-0.0009887804138881482,0.9953055769891652,0.20137085201930555,0.0
2017-01-30,-0.003256293809330327,4.3806607175284755e-05,3.314939211103261e-05,-0.0033332498086166445,1.0000000000952993,0.1933647920601727,0.2086008065870783
2017-01-31,-0.003109468432624653,0.0,1.1076940393015847e-05,-0.0031205453730176686,0.9993609453312727,0.19074429664111614,0.0
2017-02-01,0.0019386980185174488,0.0,1.1188297141742755e-05,0.0019275097213757061,1.004967875421324,0.18822218407410313,0.0
2017-02-02,-0.0003959159546415032,0.0,1.1131289608142293e-05,-0.00040704724424964553,1.0023791916825087,0.18979505028812121,0.0
2017-02-03,0.003238921363521632,0.0,1.1147655819596287e-05,0.003227773707702036,1.0032551349535423,0.1894762601230136,0.0
2017-02-06,-0.005071968127781643,2.6847662447132572e-05,3.696906972239213e-05,-0.0051357848599511684,0.9999999999997751,0.10041930342156659,0.1318445792359999
2017-02-07,-0.001445781440022794,0.0,1.2487148871878168e-05,-0.0014582685888946722,1.0074014142332328,0.09583954658612656,0.0
2017-02-08,-0.0037275687695263117,0.0,1.2534886455029317e-05,-0.003740103655981341,1.0095783288518982,0.09453161763475791,0.0
2017-02-09,0.007482145403033752,0.0,1.2682225510273632e-05,0.0074694631775234785,1.0169474026399836,0.09114494039000842,0.0
2017-02-10,0.0017474292496625307,0.0,1.2482716006977561e-05,0.0017349465336555531,1.0091341248085453,0.0978958562991834,0.0
2017-02-13,0.0037165073975693836,4.266323853463515e-05,3.698630137122435e-05,0.003636857857663524,1.0000000000235059,0.09999999999037969,0.20955552206287156
2017-02-14,0.0029887012572485734,0.0,1.2237124457760224e-05,0.0029764641327908133,0.9966507574692739,0.10334067205277779,0.0
2017-02-15,0.00262862705659953,0.0,1.2161167984710537e-05,0.0026164658886148194,0.9937790898403797,0.10601382695651038,0.0
2017-02-16,-0.0028878362099801487,0.0,1.2121153169774266e-05,-0.0028999573631499228,0.9932031179454167,0.10835893655189534,0.0
2017-02-17,-3.487565146531854e-05,0.0,1.2216563626821342e-05,-4.709221509213988e-05,0.9975869963594833,0.10577785160152522,0.0
2017-02-21,0.0033070419200065026,8.528622007378364e-07,4.9175746596018104e-05,0.003257013311209747,1.0000000000035005,0.10254262462616992,0.004261157601431382
2017-02-22,-0.0013842658121392126,0.0,1.224737206320538e-05,-0.001396513184202418,0.9995641926095468,0.10550603199555406,0.0
2017-02-23,-0.0031850999247099044,0.0,1.2283472766217092e-05,-0.0031973833974761213,1.0009608888838555,0.10426737695000778,0.0
2017-02-24,-0.0029334408712173724,0.0,1.2381923477670912e-05,-0.002945822794695043,1.0052869263948174,0.10140651252484072,0.0
2017-02-27,0.004194683244736436,0.0,3.753021176897728e-05,0.004157153032967459,1.0119991659793344,0.09876401293422044,0.0
2017-02-28,-0.003150790534091938,2.0929246639210526e-05,1.2328767123194341e-05,-0.0031840485478543427,0.9999999999891814,0.09999999999599447,0.10411728946008861
2017-03-01,0.00989241870871958,0.0,1.2385302346940941e-05,0.009880033406372639,1.001285638382938,0.09715856705624962,0.0
2017-03-02,-0.0005154870301709635,0.0,1.2161218308487049e-05,-0.0005276482484794506,0.9937726025232096,0.10600366600365499,0.0
2017-03-03,-6.985985091138162e-05,0.0,1.209077337808186e-05,-8.195062428946348e-05,0.9881703256110813,0.10554386901110559,0.0
2017-03-06,-0.0002079417403012087,0.0,3.631107541719097e-05,-0.00024425281571839965,0.9890521553478163,0.10548265352950259,0.0
2017-03-07,-0.0004949349698687992,2.897033407392177e-06,1.2222726787759777e-05,-0.0005100547300639512,0.9999999999654253,0.10774094445896161,0.014353096124091348
2017-03-08,0.0004306381438848767,0.0,1.2178343528037808e-05,0.0004184598003568389,0.9963198162851856,0.10730073873842572,0.0
2017-03-09,0.0018184218675953222,0.0,1.2112648672899456e-05,0.0018063092189224228,0.9919096676103087,0.10768631448864839,0.0
2017-03-10,0.00032820765399055036,0.0,1.2026760600165464e-05,0.0003161808933903849,0.9872608173962261,0.10930729358414724,0.0
2017-03-13,0.0019458733475750064,0.0,3.616290176093916e-05,0.0019097104458140673,0.9895647903937644,0.10960084754424491,0.0
2017-03-14,-0.0018761936736213076,2.7846619822355515e-06,1.2268980684250619e-05,-0.0018912473162877937,0.9999999999965717,0.10436441004627649,0.013766914019292614
2017-03-15,-4.004776396580111e-05,0.0,1.2292305991824459e-05,-5.2340069957625566e-05,1.0000207516161512,0.10268241421296531,0.0
2017-03-16,-1.6285807743219476e-05,0.0,1.2453779154246143e-05,-2.873958689746562e-05,1.0117736172988103,0.10264773903884178,0.0
2017-03-17,-0.0015997662646983148,0.0,1.2434995454866329e-05,-0.001612201260153181,1.0103890711066816,0.10263440290143958,0.0
2017-03-20,-0.0026289166346985895,0.0,3.750877936035641e-05,-0.002666425414058946,1.0139114189398242,0.10119778783781805,0.0
2017-03-21,-0.0105264168311913,5.395478109480083e-05,1.2219630604119811e-05,-0.01059259124289022,1.000000000019598,0.10796696591885173,0.250000000017936
2017-03-22,0.0035841310300899856,0.0,1.2418413844445087e-05,0.0035717126162455406,1.0050279578099437,0.09848374716545215,0.0
2017-03-23,-0.0018259082251772698,0.0,1.2324097657993635e-05,-0.0018382323228352635,1.0013637475599562,0.10170461852642095,0.0
2017-03-24,-0.0006815256473657341,0.0,1.2398607156913988e-05,-0.0006939242545226481,1.0051609711511071,0.10006264869638588,0.0
2017-03-27,-0.00029306132504327957,0.0,3.734460786606764e-05,-0.0003304059329093472,1.008168925316701,0.09945013390905516,0.0
2017-03-28,0.0039035436434152115,1.4760069237436635e-05,1.2328767123590292e-05,0.003876454807054185,1.00000000002583,0.10000000000373897,0.07134686834583838
2017-03-29,-0.002858142325860053,0.0,1.2272973275101047e-05,-0.002870415299135154,0.9994293706575191,0.10350232157514296,0.0
2017-03-30,0.005214535039926372,0.0,1.2427177143190478e-05,0.005202107862783182,1.008117832917152,0.10093390146424719,0.0
2017-03-31,-0.001093137029540098,0.0,1.2279835396292418e-05,-0.0011054168649363902,1.0020270825323747,0.10559909860302799,0.0
2017-04-03,-0.0010775848978210342,0.0,3.693999001540464e-05,-0.001114524887836439,1.0034947024427507,0.1046216120679045,0.0
2017-04-04,-0.005758951134278039,7.406861287033928e-07,1.2328767123588642e-05,-0.005772020587530331,1.0000000000202725,0.09999999999830185,0.003697650366068783
2017-04-05,-0.0026428843563936753,0.0,1.256651949559478e-05,-0.00265545087588927,1.0121440913002966,0.09478816812187756,0.0
2017-04-06,0.0009030316157271762,0.0,1.2609263993164166e-05,0.000890422351734012,1.0128668940259757,0.09239062252499172,0.0
2017-04-07,0.0025426279447204334,0.0,1.2617012316009144e-05,0.002530010932404424,1.014252556356717,0.09321065728804978,0.0
2017-04-10,0.000609921661210499,0.0,3.751830096693193e-05,0.0005724033602435672,1.0084569632687332,0.09551163974005598,0.0
2017-04-11,-0.0005058750759847288,3.27979763626353e-05,1.0344739204969813e-05,-0.0005490177915523339,1.0000000000437297,0.24483403808093357,0.15268186196230987
2017-04-12,-0.004045596288223301,0.0,1.0364151566541194e-05,-0.0040559604397898425,1.0010454415569034,0.2444623771993964,0.0
2017-04-13,-0.0054587703355991,0.0,1.0447604274639836e-05,-0.00546921793987374,1.004070985071189,0.24139587302248097,0.0
2017-04-17,0.006677760830578276,0.0,4.225669609298004e-05,0.006635504134485296,1.0084192940613472,0.2372345903644617,0.0
2017-04-18,-0.003507019205473487,0.0,1.0438882968095765e-05,-0.003517458088441583,1.0043429950994838,0.24230453842849317,0.0
2017-04-19,0.0003425114831338838,2.393879156581054e-06,1.0342546886861006e-05,0.0003297750570904418,1.0000000000138929,0.24499407727303935,0.01192244212245172
2017-04-20,0.006150114648508613,0.0,1.0325858828434791e-05,0.006139788789680178,0.9990434040162975,0.2452557095405578,0.0
2017-04-21,0.000357664835690852,0.0,1.0226736857638601e-05,0.0003474380988332134,0.9964234555494159,0.24987166494179805,0.0
2017-04-24,0.009106552810239747,0.0,3.05738879285682e-05,0.009075978922311179,0.9941070270322052,0.2501424207703788,0.0
2017-04-25,0.006139032127565042,0.0,1.0049231737673369e-05,0.006128982895827369,0.9905111153523888,0.25691719850223305,0.0
2017-04-26,-0.002531952251530319,5.199654965264599e-05,1.3043571066577995e-05,-0.002596992372249543,0.9999999999503639,0.047819312090170325,0.25000000004151
2017-04-27,0.0019204123375475557,0.0,1.3129080957796245e-05,0.0019072832565897595,1.003828186915786,0.045405276996660214,0.0
2017-04-28,-0.0015496349852616854,0.0,1.3084245064301035e-05,-0.0015627192303259865,1.0023854873636329,0.047235597669657466,0.0
2017-05-01,0.005751918686744161,0.0,3.9426258174921076e-05,0.0057124924285692396,1.0051297510171722,0.04575746876075926,0.0
2017-05-02,0.003789907607417067,0.0,1.2968323522396808e-05,0.0037769392838946703,0.9979044289328592,0.05121681179789234,0.0
2017-05-03,-0.0014820517654083186,3.621423472493929e-05,1.3137058363776399e-05,-0.0015314030584970342,1.00000000001339,0.04099473945771308,0.16362426391693244
2017-05-04,0.00809421650765916,0.0,1.3179294760094219e-05,0.008081037212899067,1.00166180783706,0.039573290350181776,0.0
2017-05-05,-0.0003810455883093205,0.0,1.2857509053973004e-05,-0.0003939030973632935,0.9858835527867305,0.047285391846701205,0.0
2017-05-08,0.0003974361176266063,0.0,3.879959963856417e-05,0.0003586365179880421,0.991046420511254,0.046922829306192695,0.0
2017-05-09,0.0020572547609872182,0.0,1.2915219125687131e-05,0.002044339541861531,0.9901142969079156,0.04730330073275517,0.0
2017-05-10,0.0005616923709399771,5.2648511424645974e-05,1.2375676859854419e-05,0.0004966681826554767,0.9999999999997045,0.09657558923033178,0.2499999999998905
2017-05-11,1.2102635212400405e-05,0.0,1.2389311124849521e-05,-2.866759124491155e-07,1.0015087726680256,0.0970890605540107,0.0
2017-05-12,-0.0027055787318253487,0.0,1.2374308968342068e-05,-0.002717953040793691,1.0004257457147665,0.09710119102579567,0.0
2017-05-15,0.0039564921272309626,0.0,3.749201090534863e-05,0.003919000116325614,1.0069584730584782,0.0946528743616615,0.0
2017-05-16,0.0006152734445570576,0.0,1.2402812186454258e-05,0.0006028706323706033,1.0036297145672244,0.0982244249560636,0.0
2017-05-17,-0.013673265664058689,3.4370157022691356e-05,1.0069590482433033e-05,-0.013717705411563813,1.0000000000048517,0.2649198947872405,0.17028878896556057
2017-05-18,0.0013077008409505782,0.0,1.0316592693189628e-05,0.0012973842482573886,1.0078523589875783,0.2547410923847355,0.0
2017-05-19,0.0028738115850390697,0.0,1.0278722683718365e-05,0.0028635328623553514,1.0060637858904207,0.2557170299789802,0.0
2017-05-22,0.0027896853479748604,0.0,3.092270071857509e-05,0.002758762647256285,1.0103048566872688,0.2578524725352749,0.0
2017-05-23,0.0038107244099369886,0.0,1.0276224008746673e-05,0.003800448185928242,1.0100894389026862,0.25992508626417926,0.0
2017-05-24,0.0030493939398424357,5.175408461914832e-05,1.0067056766498884e-05,0.0029875727984567885,0.9999999999980053,0.26510485604358663,0.2500000000005623
2017-05-25,0.008528567192842434,0.0,1.0001721252506786e-05,0.008518565471589927,0.9974811573793415,0.2673555059463461,0.0
2017-05-26,-0.002000975134017075,0.0,9.750609942279699e-06,-0.0020107257439593547,0.985348313078557,0.27355378729213903,0.0
2017-05-30,-0.00078631690042174,0.0,3.935455762728527e-05,-0.0008256714580490253,0.9903206071912506,0.27209993049329434,0.0
2017-05-31,0.00135991741388505,0.0,9.854744660359926e-06,0.00135006266922469,0.9909341748224566,0.2715378146161822,0.0
2017-06-01,0.004945082314389754,5.1275821068579506e-05,1.000548868981268e-05,0.004883801004631361,1.0000000000756006,0.2695993257192752,0.25000000005097145
2017-06-02,0.0054119861438015875,0.0,9.92005360207965e-06,0.005402066090199508,0.9973740172038579,0.2732101042520434,0.0
2017-06-05,5.9684447473767316e-05,0.0,2.9476902434205614e-05,3.0207545039561702e-05,0.994396335166138,0.2771250426004679,0.0
2017-06-06,-0.003862438737220349,0.0,9.797248055466477e-06,-0.0038722359852758157,0.9923754622797901,0.27717635423073733,0.0
2017-06-07,0.007601761552702308,0.0,9.900843799295747e-06,0.0075918607089030124,0.9971379628782194,0.27437636552963013,0.0
2017-06-08,0.0008790190978360534,5.294283337059265e-05,9.942534960299965e-06,0.0008161337295051607,1.0000000000287146,0.2741949479268172,0.2500000000009883
2017-06-09,-0.0069385098668348555,0.0,9.924844299782843e-06,-0.006948434711134638,0.9993632868364838,0.27484965295233615,0.0
2017-06-12,0.00016454719170936656,0.0,3.0149414909584102e-05,0.00013439777679978245,1.003421494427592,0.2697857316277121,0.0
2017-06-13,0.0018246623122867497,0.0,1.000304805484289e-05,0.001814659264231907,1.000136510981025,0.26991400297749407,0.0
2017-06-14,0.008070002351821504,0.0,1.0031169505258509e-05,0.008059971182316246,1.0035218192985902,0.27124644541471915,0.0
2017-06-15,-0.004310943306096799,3.680685204325073e-05,9.863013698960716e-06,-0.004357613171839011,1.0000000000182945,0.27999999999416225,0.1832101556204402
2017-06-16,-0.0011187949875673643,0.0,9.903044647155183e-06,-0.0011286980322145195,0.9998179201094133,0.276895660867085,0.0
2017-06-19,0.008879476972260566,0.0,2.9886191651667655e-05,0.008849590780608898,1.0033191499347596,0.2760884864108467,0.0
2017-06-20,-0.00047642623584489256,0.0,9.779997607794915e-06,-0.00048620623345268745,0.9964080604630332,0.2824682350940044,0.0
2017-06-21,0.007039061389524404,0.0,9.66531634921388e-06,0.00702939607317519,0.9876970752203266,0.2821289817277132,0.0
2017-06-22,0.0008160445424269259,5.32774160604855e-05,1.001514491553555e-05,0.0007527519814509049,1.0000000000896347,0.2688944212555394,0.2500000000674285
2017-06-23,0.0011123493866874248,0.0,1.0014872720713341e-05,0.0011023345139667114,1.0005933020350748,0.269507593423001,0.0
2017-06-26,-0.00034911883703153364,0.0,3.0116430455990488e-05,-0.0003792352674875241,1.003155098681727,0.2703219575859584,0.0
2017-06-27,-0.006777991792793603,0.0,1.0085377681470819e-05,-0.006788077170475074,1.0063078315600729,0.2700752608127029,0.0
2017-06-28,0.004006978037379304,0.0,1.0195353037026469e-05,0.003996782684342277,1.009357538030315,0.2650967663273829,0.0
2017-06-29,-0.005099216143824637,5.5765629491880116e-05,9.871401406023655e-06,-0.005164853174722541,1.000000000033935,0.2793876973942082,0.2500000000083291
2017-06-30,-0.001401699992196879,0.0,9.878238240495963e-06,-0.001411578230437375,0.9968238873658822,0.2757124958096768,0.0
2017-07-03,-0.0009951853783196462,0.0,2.9896001840846346e-05,-0.0010250813801604927,1.002167932443947,0.274698554316686,0.0
2017-07-05,0.009563122592192518,0.0,1.995714235268677e-05,0.009543165449839831,1.0024199209390063,0.27398422506593917,0.0
2017-07-06,-0.0056540460217285446,0.0,9.655346482919758e-06,-0.005663701368211464,0.9857072807799079,0.28086698752676564,0.0
2017-07-07,0.004960395457268481,2.431705307945067e-06,9.932021062255456e-06,0.0049480317308982814,1.0000000000537197,0.2749624625090714,0.012072834151793554
2017-07-10,0.00029978122666748995,0.0,2.9411174882428654e-05,0.0002703700517850613,0.9942165325347287,0.2785446103956316,0.0
2017-07-11,-0.003577719248153476,0.0,9.874115064489492e-06,-0.0035875933632179657,0.9995794205354347,0.27876902082770183,0.0
2017-07-12,0.008225280877821928,0.0,1.00592078610193e-05,0.008215221669960908,1.0105043046133073,0.2761821307588984,0.0
2017-07-13,0.0016865256156651132,0.0,9.94945776656598e-06,0.0016765761578985473,1.008400396880113,0.28208997992079615,0.0
2017-07-14,0.0036652135267874,2.1394861452729822e-06,9.86301369908851e-06,0.0036532110269430385,1.0000000000237435,0.27999999999028213,0.010671392606335602
2017-07-17,-0.0012760856246761953,0.0,2.9568435173210085e-05,-0.0013056540598494054,1.0021312858479334,0.2826326966331547,0.0
2017-07-18,-0.00035714013529702037,0.0,9.88011577899312e-06,-0.0003670202510760135,1.0029728975412302,0.28172444567473254,0.0
2017-07-19,0.0013987283973727152,0.0,9.93977176687681e-06,0.0013887886256058384,1.0070739499357453,0.2814706109537384,0.0
2017-07-20,0.003626166053415765,0.0,9.977443378492296e-06,0.0036161886100372726,1.01083040508305,0.28247703845311256,0.0
2017-07-21,0.007378969573571608,5.236190380970967e-05,9.865718019795736e-06,0.0073167419517421025,0.9999999999811546,0.27980258453606577,0.2500000000192024
2017-07-24,0.0006811643874105477,0.0,2.8706406276295476e-05,0.0006524579811342522,0.9836181360182759,0.2850955832950858,0.0
2017-07-25,-0.007977286644072523,0.0,9.56666897942373e-06,-0.007986853313051946,0.9839572474368239,0.28559041193889156,0.0
2017-07-26,0.00026684278512400096,0.0,9.853166246596574e-06,0.0002569896188774044,0.9991293680758632,0.2798482320743133,0.0
2017-07-27,-0.005902566624605407,0.0,9.921851507345132e-06,-0.005912488476112752,1.0043382667243748,0.2800431066881804,0.0
2017-07-28,-0.001608813175056613,2.3622502089150243e-06,9.863935774959632e-06,-0.0016210393610404878,0.9999999999959513,0.27993268842389807,0.011697101982130698
2017-07-31,0.0026159567229128524,0.0,2.976683959967964e-05,0.0025861898833131726,1.003102212022857,0.2787757817639858,0.0
2017-08-01,0.00550325397911948,0.0,9.820533276164939e-06,0.005493433445843315,0.9975648123791668,0.28066588321912617,0.0
2017-08-02,0.00025949713523543307,0.0,9.667536895520437e-06,0.00024982959833991263,0.990335868238057,0.28460567486506505,0.0
2017-08-03,0.001316892729646636,0.0,9.67606286777705e-06,0.0013072166667788588,0.991146611371893,0.28479402202416854,0.0
2017-08-04,0.0011904989147414173,5.2784241324943733e-05,9.771838379480531e-06,0.001127942835036993,0.9999999999748443,0.28665579827276555,0.2500000000031202
2017-08-07,0.0013115256629091618,0.0,2.9277641177241832e-05,0.00128224802173192,0.9999445907998527,0.2875219888203015,0.0
2017-08-08,-0.0021786720807598615,0.0,9.762880343970318e-06,-0.002188434961103832,1.001153897670851,0.28846363256101776,0.0
2017-08-09,-0.00854558022852953,0.0,9.794608736584031e-06,-0.008555374837266113,1.0019192883639205,0.2869128505932862,0.0
2017-08-10,-0.012869098477344689,0.0,1.0050653943786395e-05,-0.012879149131288474,1.0144670953570576,0.2807693574606509,0.0
2017-08-11,-0.00010946046911323312,3.28805528822813e-05,9.59224083607463e-06,-0.00015193326283158905,0.9999999999881081,0.2997664189546602,0.1631096196928163
2017-08-14,0.010329760267215691,0.0,2.8867588878032034e-05,0.01030089267833766,1.0021471559620068,0.2997024932632272,0.0
2017-08-15,0.0024441143164693133,0.0,9.395163216477999e-06,0.0024347191532528355,0.9927181209725116,0.30687120616961755,0.0
2017-08-16,0.0059968228375543746,0.0,9.309052530888393e-06,0.005987513785023486,0.9881248884294529,0.3085640536746,0.0
2017-08-17,-0.00972025433993394,0.0,9.165582066446892e-06,-0.009729419922000387,0.9817761397669706,0.31268864891634746,0.0
2017-08-18,-0.0025347568812600944,5.505994873179163e-05,9.60824257303718e-06,-0.002599425072564923,0.9999999999943361,0.2985982921626221,0.24999999999754777
2017-08-21,0.004277109705622836,0.0,2.9243695208595635e-05,0.00424786601041424,1.0084317193853973,0.2968351359762369,0.0
2017-08-22,0.0041750508680657,0.0,9.609481201070327e-06,0.0041654413868646295,1.001330699283062,0.2998385716049281,0.0
2017-08-23,-0.0010790300342545121,0.0,9.602080041700541e-06,-0.0010886321142962127,1.0037043676212818,0.30275252457714247,0.0
2017-08-24,0.0020922218852369914,0.0,9.643184639275368e-06,0.002082578700597716,1.005954742573068,0.3020022639059661,0.0
2017-08-25,0.0033292644905005262,5.964328981053903e-06,9.590193116572297e-06,0.0033137099684028997,1.0000000000242524,0.29991590251447453,0.029407598737735158
2017-08-28,0.0012839722915537217,0.0,2.859066864267705e-05,0.0012553816229110447,0.9979498896159205,0.30224361931077887,0.0
2017-08-29,0.00012031448135656618,0.0,9.473371328910272e-06,0.00011084111002765591,0.9947031334068042,0.30314702639635444,0.0
2017-08-30,0.0020258796961043807,0.0,9.450037214131556e-06,0.002016429658890249,0.9930864467460707,0.3032337301144672,0.0
2017-08-31,-0.0008453769328040922,0.0,9.423163991451792e-06,-0.000854800096795544,0.9925362853400335,0.3046453139640527,0.0
2017-09-01,-0.0007263300707760862,5.450569750969893e-05,9.589041095624309e-06,-0.0007904248093814095,0.9999999999788557,0.2999999999982812,0.24552276923654634
2017-09-05,-0.00017450907397955045,0.0,3.864194946200828e-05,-0.00021315102344155872,1.0047259880681938,0.2995104103865427,0.0
2017-09-06,0.0009280625904827776,0.0,9.534323114176905e-06,0.0009185282673686007,0.9954053060039295,0.29939971866901544,0.0
2017-09-07,0.0039061922254387824,0.0,9.567221107672761e-06,0.0038966250043311096,0.99845931571532,0.3000521748552083,0.0
2017-09-08,0.002528986019184831,0.0,9.490416573688336e-06,0.0025194956026111425,0.9955789624810523,0.30277855260180375,0.0
2017-09-11,0.003250749077582619,2.9533251454371103e-06,2.8968486722758883e-05,0.003218827265714423,1.0000000000133964,0.2951001564262635,0.01437602062018803
2017-09-12,-0.001979405141972675,0.0,9.695404819731642e-06,-0.0019891005467924066,1.0051581985655271,0.29739364672511726,0.0
2017-09-13,-0.00447414156477382,0.0,9.799598054109493e-06,-0.004483941162827929,1.0113736793047665,0.2960030213547735,0.0
2017-09-14,-0.0002250635057596256,0.0,9.927505385208577e-06,-0.00023499101114483417,1.0175498590554863,0.29284196593526024,0.0
2017-09-15,0.004627082497992306,0.0,9.950524500293178e-06,0.004617131973492013,1.0190739694550128,0.2926856809336109,0.0
2017-09-18,-0.004298286997943315,2.4198895762142447e-05,2.884849632197484e-05,-0.004351334390027432,1.0000000000542955,0.29801992288624113,0.11485335542565435
2017-09-19,0.0031780025548420396,0.0,9.80154184699909e-06,0.0031682010129950406,1.0105178574377047,0.29500530260677127,0.0
2017-09-20,-0.0016402786442553485,0.0,9.722800151072591e-06,-0.001650001444406421,1.0070059951021455,0.29724158407384627,0.0
2017-09-21,0.005432515118593998,0.0,9.752613506780684e-06,0.005422762505087217,1.0080306401115473,0.2960898541165573,0.0
2017-09-22,0.0003123128599642861,0.0,9.519139305175415e-06,0.0003027937206591107,0.9947932731653734,0.29989610388756816,0.0
2017-09-25,-0.003403041558981035,1.4706679675923957e-06,2.895517122945629e-05,-0.0034334673981780833,1.0000000000571823,0.2954241668070793,0.007200633788047535
2017-09-26,-0.0010962801954925785,0.0,9.66469998171499e-06,-0.0011059448954742934,0.998550323335978,0.2930272246707839,0.0
2017-09-27,-0.0034315939758700433,0.0,9.696540620805714e-06,-0.003441290516490849,1.0001016267921707,0.2922541614733539,0.0
2017-09-28,0.003115168017001027,0.0,9.842868103907352e-06,0.00310532514889712,1.00834929363195,0.28981992204671325,0.0
2017-09-29,0.003614875505696237,0.0,9.739942346287892e-06,0.0036051355633499494,1.0030440386818817,0.292028247402866,0.0
2017-10-02,0.004482455894624321,4.0925270249486715e-05,3.667434019776252e-05,0.004404856284177071,1.0000000000168534,0.10759105520463202,0.19390127345088692
2017-10-03,0.0049258290099926435,0.0,1.206443547338495e-05,0.004913764574519259,0.9922857979455069,0.1115820083884056,0.0
2017-10-04,-0.0017245572809283574,0.0,1.1963622147646932e-05,-0.0017365209030760045,0.9892825614286056,0.1159381446503796,0.0
2017-10-05,0.002208649479016593,0.0,1.2027780022024446e-05,0.0021966216989945686,0.9924402082698628,0.11441226666207827,0.0
2017-10-06,0.00042160441344707677,0.0,1.2008909244152694e-05,0.00040959550420292405,0.9930156804089816,0.11636530558583494,0.0
2017-10-09,0.002839690794527411,4.128181809641773e-06,3.6986301369623824e-05,0.0027985763113481453,0.9999999999941079,0.09999999999992831,0.01998931028532122
2017-10-10,0.0008245859606411769,0.0,1.2207269585114117e-05,0.0008123786910560628,0.9936833689809369,0.10255268926760638,0.0
2017-10-11,0.0006985533980378662,0.0,1.2266774693621462e-05,0.0006862866233442447,0.9987679145364773,0.10329336190211072,0.0
2017-10-12,-0.005177749104199585,0.0,1.2277084764078773e-05,-0.005190026188963664,1.0001477837629842,0.1039205959852341,0.0
2017-10-13,0.0017767956249688508,0.0,1.2468155228422191e-05,0.0017643274697404286,1.0094333301674954,0.09925799849267553,0.0
2017-10-16,0.002139688138634958,2.7671282591158977e-06,3.698630137032871e-05,0.0020999347090055135,1.0000000000248284,0.10000000001349654,0.013600342444862829
2017-10-17,0.0008832673216278182,0.0,1.2249726879893098e-05,0.0008710175947479251,0.9961557131721809,0.10192565093998471,0.0
2017-10-18,0.002019147438566864,0.0,1.218993331900825e-05,0.002006957505247856,0.9925845801028448,0.1027194478152427,0.0
2017-10-19,-0.0031000242729581876,0.0,1.213544772654559e-05,-0.003112159720684733,0.9904164944111441,0.10452881037331616,0.0
2017-10-20,0.0012129652941643581,0.0,1.2212189842271031e-05,0.0012007531043220871,0.9932352926280443,0.10174543414225895,0.0
2017-10-23,-0.00477754805033001,1.5635675648628951e-06,3.6714070110484083e-05,-0.004815825688005357,1.0000000000634075,0.10662429404162818,0.007772009369868743
2017-10-24,-0.0013041674364012426,0.0,1.2360107942408586e-05,-0.0013165275443436512,1.0046274754407316,0.10233959564490505,0.0
2017-10-25,0.0012616380392812179,0.0,1.2428295227127889e-05,0.0012492097440540899,1.0084341710630118,0.10116861948267589,0.0
2017-10-26,-0.0010385162151019599,0.0,1.232353698127887e-05,-0.0010508397520832388,1.0019206599250774,0.10230246029172005,0.0
2017-10-27,0.008070089818162547,0.0,1.233580873104601e-05,0.008057754009431501,1.0018845055606427,0.10137046819428386,0.0
2017-10-30,-0.00233022169680852,5.0321321187042953e-05,3.632618266194638e-05,-0.0024168692006575096,0.9999999999636876,0.11606288852299221,0.25000000004289047
2017-10-31,0.005090341068296761,0.0,1.2145759652744525e-05,0.005078195308644016,1.0006486644073176,0.11400820975696735,0.0
2017-11-01,-0.00019512865419581607,0.0,1.201374907548973e-05,-0.0002071424032713058,0.995500483437459,0.1184968009267088,0.0
2017-11-02,-0.0002035253324525625,0.0,1.2018192523809961e-05,-0.00021554352497637247,0.9956542368804826,0.1183261826423555,0.0
2017-11-03,-0.002754060836036567,0.0,1.205251064213306e-05,-0.0027661133466787,0.9979814002485975,0.11814812337288408,0.0
2017-11-06,-0.004379408476709588,1.0475696545246266e-05,3.4370067889827763e-05,-0.004424254241144662,1.0000000000231544,0.16366168137067896,0.05182796845389806
2017-11-07,-0.005516575682433409,0.0,1.1669773214027978e-05,-0.0055282454556474375,1.0118835544399056,0.1599901098158634,0.0
2017-11-08,0.0017790091633276895,0.0,1.180032548697079e-05,0.0017672088378407186,1.0167560094815753,0.15533224893270786,0.0
2017-11-09,-0.004692929401335262,0.0,1.1761031218136137e-05,-0.004704690432553399,1.0153893784132813,0.1568340994893433,0.0
2017-11-10,-0.0014058483325577623,0.0,1.187132489388239e-05,-0.0014177196574516446,1.0194670478764214,0.15286033062300686,0.0
2017-11-13,0.0031521676008943755,4.254228211187499e-06,3.4349913771499784e-05,0.0031135634589116883,1.0000000000102793,0.16415209823711754,0.020713241910332664
2017-11-14,0.0033579675097348766,0.0,1.1310364871512868e-05,0.0033466571448633638,0.9924416058695877,0.16678497024914868,0.0
2017-11-15,-0.0021118374509055066,0.0,1.113668025092656e-05,-0.002122974131156433,0.9825530852623446,0.16957542694470584,0.0
2017-11-16,0.007279910637463058,0.0,1.1151015935913681e-05,0.007268759621527144,0.98184403005126,0.1678198667295613,0.0
2017-11-17,-0.0017372116595833745,0.0,1.1056540769523127e-05,-0.0017482682003528976,0.9809636799633573,0.17383620378816927,0.0
2017-11-20,0.005771511335652193,3.3336220878340982e-06,3.436838991061362e-05,0.005733809323653746,1.0000000000108,0.1637025121858682,0.01641073699770687
2017-11-21,0.005858047309477923,0.0,1.1290481294147063e-05,0.005846756828183777,0.9927129662174892,0.1685078317447536,0.0
2017-11-22,0.0025481771654638696,0.0,1.1197057689144802e-05,0.002536980107774725,0.9907375414419078,0.17335233013433712,0.0
2017-11-24,0.008297911046546817,0.0,2.221809418017044e-05,0.008275692952366647,0.9864158180659177,0.17545538048969656,0.0
2017-11-27,-0.00718985239345616,0.0,3.249898971763737e-05,-0.0072223513831737975,0.9730538369487312,0.18224508715288873,0.0
2017-11-28,5.867201953717251e-05,3.728517923661196e-06,1.1470673224297445e-05,4.347282838921387e-05,1.000000000056908,0.16264085468319467,0.018161534050202738
2017-11-29,-0.004498631304173743,0.0,1.1619028409290874e-05,-0.0045102503325830335,1.0108815278798324,0.16269245400159887,0.0
2017-11-30,0.009099592190985316,0.0,1.1753854463274003e-05,0.009087838336522042,1.0169419248731497,0.15891054905414748,0.0
2017-12-01,-0.003001140461854565,0.0,1.1425721594190013e-05,-0.003012566183448755,1.000574719410397,0.16649704303452614,0.0
2017-12-04,0.0034648662253876916,0.0,3.446402604506493e-05,0.0034304021993426265,1.0026145668628,0.1639899330995533,0.0
2017-12-05,0.0013387238907773677,2.413214178695878e-06,1.1479416141904974e-05,0.0013248312604567667,0.9999999999785805,0.16200262161951734,0.011959372373652973
2017-12-06,-0.0004345240502792602,0.0,1.1360915205676645e-05,-0.0004458849654849368,0.9924720421178297,0.16312523210343474,0.0
2017-12-07,0.010208195144019681,0.0,1.1321819230704046e-05,0.010196873324788977,0.9892560855948178,0.16276328175342228,0.0
2017-12-08,0.002054418602775158,0.0,1.0988701028914784e-05,0.0020434299017462435,0.9734006871519654,0.17122551204118583,0.0
2017-12-11,0.0013569695028325614,0.0,3.2949686039738784e-05,0.0013240198167928227,0.9747022609591256,0.17292656732548173,0.0
2017-12-12,0.005493785524769563,5.053466005504658e-05,1.2388005823258217e-05,0.005430862858891258,0.999999999999696,0.09567557490184617,0.24999999999994788
2017-12-13,0.001738787059525434,0.0,1.2159500434308505e-05,0.0017266275590911255,0.988266423008002,0.10062289130348137,0.0
2017-12-14,-0.0021253806654325295,0.0,1.2149337017790392e-05,-0.00213753000245032,0.9890868448058603,0.10218524250716154,0.0
2017-12-15,0.0052465248401619945,0.0,1.2151270570478595e-05,0.005234373569591516,0.987316952599679,0.10027420095474154,0.0
2017-12-18,-4.4890414008520025e-05,0.0,3.61243201724317e-05,-8.101473418095173e-05,0.9839963911653498,0.1049712669695117,0.0
2017-12-19,-0.0005234072178685638,5.0728707820749454e-05,1.2690155940058664e-05,-0.000586826081629372,1.0000000000518556,0.073618616427573,0.25000000002365164
2017-12-20,0.002745765038571066,0.0,1.2644138594687586e-05,0.0027331208999763785,0.9961602459833055,0.07313812857111163,0.0
2017-12-21,0.0038213933283304667,0.0,1.2524191755276765e-05,0.00380886913657519,0.9899430571931266,0.07567705905792271,0.0
2017-12-22,-0.0017916212199043562,0.0,1.2411263460883813e-05,-0.00180403248336524,0.9852190347754195,0.07919680213090133,0.0
2017-12-26,-0.0015535019391116616,0.0,5.003101618293177e-05,-0.0016035329552945934,0.9906111200832662,0.07754507474476141,0.0
2017-12-27,-0.004754920839370327,7.658687027550195e-06,1.232876712325781e-05,-0.004774908293521135,1.0000000000146678,0.10000000001684764,0.037920144880783824
2017-12-28,-0.00938261290123391,0.0,1.253612091807452e-05,-0.009395149022151985,1.010838874698085,0.0957020476786451,0.0
2017-12-29,-0.002669775996741046,0.0,1.2949673134228146e-05,-0.002682725669875274,1.0324642491079303,0.08713811030927548,0.0
2018-01-02,0.0004748063251260509,0.0,5.212929626818996e-05,0.0004226770288578609,1.0360552061310624,0.08469554923659559,0.0
2018-01-03,0.006654509113644554,0.0,1.3200901296858475e-05,0.006641308212347695,1.0488001658893102,0.08513437121864145,0.0
2018-01-04,0.00986197744958399,9.008016157736469e-06,1.2328767124088747e-05,0.009840640666302166,1.0000000000573388,0.09999999999886039,0.04364840426952453
2018-01-05,0.00861105829256325,0.0,1.2023373668703372e-05,0.008599034918894546,0.9864976781851673,0.1087914003698211,0.0
2018-01-08,-0.00022453377196951833,0.0,3.540161219221118e-05,-0.0002599353841617295,0.9778407479554354,0.11640151794496328,0.0
2018-01-09,-0.006498386706397763,0.0,1.183197528211598e-05,-0.006510218681679879,0.979941386128174,0.11620719053370765,0.0
2018-01-10,0.0013559266834431646,0.0,1.209837666133252e-05,0.0013438283067818322,0.9936092086607177,0.11042771238344362,0.0
2018-01-11,-0.004249464288777066,2.6760373144459933e-06,1.2348833657659167e-05,-0.004264489159749171,1.0000000000325062,0.09853514302338709,0.013098479642297767
2018-01-12,0.000651977284996019,0.0,1.2622366761735667e-05,0.0006393549182342833,1.01612225460658,0.09468948099987634,0.0
2018-01-16,0.003929130074827369,0.0,5.088815993842219e-05,0.0038782419148889473,1.0239894590790866,0.0952805402028816,0.0
2018-01-17,-0.002876053160147664,0.0,1.2524932708892516e-05,-0.002888578092856557,1.013146485349392,0.09882639760023826,0.0
2018-01-18,0.0026669060946288583,0.0,1.278292830276257e-05,0.0026541231663260957,1.0293820735224868,0.09622830742081906,0.0
2018-01-19,0.004904294133673208,5.643452998503556e-06,1.2328767123111729e-05,0.004886321913551593,1.0000000000156888,0.10000000002853249,0.027505921310523512
2018-01-22,0.00424115921163292,0.0,3.663488029007641e-05,0.004204524331342843,0.9958429442665089,0.10439419054131613,0.0
2018-01-23,-0.002994757118907888,0.0,1.2158496136030999e-05,-0.003006915615043919,0.9957507201295381,0.10818050219927536,0.0
2018-01-24,0.0012113430842919661,0.0,1.2346842591440635e-05,0.0011989962417005254,1.0068224928245026,0.10550298364933638,0.0
2018-01-25,-0.002931667991656037,0.0,1.2300809946489595e-05,-0.0029439688016025265,1.0045456559786208,0.10658652988488043,0.0
2018-01-26,0.002385776440774403,2.887185331011822e-06,1.2328767123182493e-05,0.0023705604883202088,1.000000000020731,0.10000000002840906,0.014292216999681001
2018-01-29,-0.005531034930508603,0.0,3.725626481274625e-05,-0.00556829119532135,1.008712749238415,0.10214363879492305,0.0
2018-01-30,-0.004996120123993016,0.0,1.2512294458663786e-05,-0.00500863241845168,1.0105510787893928,0.0971535833069363,0.0
2018-01-31,0.01214876344147149,0.0,1.256359576543562e-05,0.012136199845706054,1.0097638604540493,0.0926213695772492,0.0
2018-02-01,0.0012108735553789337,0.0,1.2121033530784967e-05,0.0011987525218481487,0.9883493157768151,0.10351386802951251,0.0
2018-02-02,-0.011611743708629666,6.110365395856697e-06,1.2397153943584637e-05,-0.011630251227969107,0.99999999998142,0.09500776209974135,0.030376494025549372
2018-02-05,-0.015777666584139184,0.0,3.7613901253062015e-05,-0.015815280485392245,0.999648945305865,0.084377348148023,0.0
2018-02-06,0.010802745707576803,0.0,1.2575293680143645e-05,0.01079017041389666,0.9876984775093263,0.0697020388588401,0.0
2018-02-07,-0.00539374808670322,0.0,1.2490146456783225e-05,-0.005406238233160003,0.9914260885035706,0.07964539715839528,0.0
2018-02-08,-0.017526121235620508,0.0,1.2506154324540035e-05,-0.01753862738994505,0.9876045188470308,0.07465525315560828,0.0
2018-02-09,0.01130802939300043,8.746983394085861e-06,1.2709232436789967e-05,0.011286573177169554,0.9999999999982561,0.07222603211258843,0.04350119921777379
2018-02-12,0.010218509040638807,0.0,3.734608162912034e-05,0.010181162959009686,0.9913564235526647,0.08260177057740331,0.0
2018-02-13,0.00032916539487152217,0.0,1.2277507982452167e-05,0.00031688788688907,0.9881428683609758,0.09188478564196767,0.0
2018-02-14,0.010464326432292701,0.0,1.230398240018744e-05,0.010452022449892514,0.9903754540234376,0.09218473880975436,0.0
2018-02-15,0.008117550447845883,0.0,1.2158451323640628e-05,0.008105391996522243,0.9891542194120273,0.10158727278626159,0.0
2018-02-16,-0.00010097758550394549,5.261495536976888e-05,1.2595606858539116e-05,-0.0001661881477322535,0.9999999999931616,0.08052069931980593,0.25000000005889267
2018-02-20,-0.004657377771367019,0.0,5.037033884398642e-05,-0.004707748110211006,0.9996917726630918,0.08043308876033953,0.0
2018-02-21,-0.0022395597071808953,0.0,1.2689090936840172e-05,-0.0022522487981177356,1.0024377696910634,0.07613413130173077,0.0
2018-02-22,0.0007486577847434328,0.0,1.2725890266543876e-05,0.0007359318944768889,1.0030513656978766,0.07406137624017373,0.0
2018-02-23,0.007415779248822462,0.0,1.2723100072163552e-05,0.007403056148750298,1.0035413246897915,0.07475501942185253,0.0
2018-02-26,0.006934315410586434,5.301812229540416e-05,2.7705299545063446e-05,0.006853591988745966,1.000000000004074,0.32583771107419723,0.2500000000032929
2018-02-27,-0.011471983163084832,0.0,9.169642532666712e-06,-0.0114811528056175,0.9998907721517267,0.3305068672670567,0.0
2018-02-28,-0.00853407097275915,0.0,9.297383535704461e-06,-0.008543368356294856,1.0014493130831787,0.32274031497675304,0.0
2018-03-01,-0.007711764682079372,0.0,9.394698230235937e-06,-0.007721159380309608,1.002726725756929,0.3169137549497057,0.0
2018-03-02,0.004282878066472045,0.0,9.475205361665729e-06,0.004273402861110379,1.0032979564313935,0.31160796502979526,0.0
2018-03-05,0.0069729825633956235,1.780926882429327e-05,2.572961401841672e-05,0.006929443680552914,0.9999999999902076,0.37391272554206734,0.08657636991383208
2018-03-06,0.00291117235861597,0.0,8.517064403130739e-06,0.002902655294212839,1.0000102466713967,0.37826454524285275,0.0
2018-03-07,-0.0021647200014850024,0.0,8.481018730632771e-06,-0.002173201020215635,0.9991868654887138,0.38007249815252164,0.0
2018-03-08,-0.0015314874413398859,0.0,8.496020389067331e-06,-0.0015399834617289532,0.9989403247929838,0.37873083639106875,0.0
2018-03-09,0.01269715708568731,0.0,8.536894650907333e-06,0.012688620191036403,1.0009744351515961,0.37778112563536076,0.0
2018-03-12,-0.0005390655803629599,5.044305195877389e-05,3.5393337067614805e-05,-0.0006249019693893486,0.9999999999966896,0.138762131351396,0.24999999999889602
2018-03-13,-0.005498560955706424,0.0,1.1810720734184186e-05,-0.005510371676440608,1.000492109242694,0.1383094956472483,0.0
2018-03-14,-0.0004126631927716263,0.0,1.1873030936935496e-05,-0.0004245362237085618,1.0002780857427211,0.1335468273464301,0.0
2018-03-15,-0.0004611496954722961,0.0,1.1886674306868478e-05,-0.0004730363697791646,1.0009179328354492,0.1331907084340501,0.0
2018-03-16,0.0018840587595605213,0.0,1.1906863848320076e-05,0.0018721518957122013,1.0019934352886455,0.1327923743612801,0.0
2018-03-19,-0.0038329850079531613,5.0309068548647724e-05,3.681784959686831e-05,-0.003920111926098677,0.9999999999987876,0.10409899314165871,0.25000000000073097
2018-03-20,0.003693727959139737,0.0,1.2299419952393493e-05,0.0036814285391873437,0.9985182655122107,0.1006606089874858,0.0
2018-03-21,0.0071702572913686195,0.0,1.226917713287339e-05,0.007157988114235746,0.9996215037301648,0.1039715730304071,0.0
2018-03-22,-0.011958023078437222,0.0,1.2154835465180828e-05,-0.011970177913902402,0.9976549214587542,0.11035193250055389,0.0
2018-03-23,-0.0009601956789509922,0.0,1.2326242707446252e-05,-0.0009725219216584384,0.9994016888588687,0.09958597121529242,0.0
2018-03-26,0.009158205352415454,2.3279671900486114e-05,3.687674898437516e-05,0.009098048931530593,1.0000000001588658,0.10266577487240378,0.1138220348847199
2018-03-27,-0.010356271898906156,0.0,1.2149294393599486e-05,-0.010368421193299756,0.9977142636333467,0.11081577290058431,0.0
2018-03-28,-0.005662975075008937,0.0,1.2322043985223531e-05,-0.005675297118994161,1.0010212313065325,0.10151202038521495,0.0
2018-03-29,0.005392504482993032,0.0,1.2429086993413066e-05,0.005380075395999619,1.003719472462507,0.09639612194335323,0.0
2018-04-02,-0.009330580314428088,0.0,4.947582168553211e-05,-0.00938005613611362,1.0041776722295195,0.10124392646855837,0.0
2018-04-03,0.002228444713789753,5.053542457051815e-05,1.191341053727564e-05,0.002165995878681959,1.000000000054221,0.13032103083309907,0.25000000002197176
2018-04-04,0.001481546003415384,0.0,1.190568922940462e-05,0.0014696403141859792,1.001378308192554,0.13226299444601666,0.0
2018-04-05,0.0007629829763139089,0.0,1.1914404731484365e-05,0.0007510685715824245,1.0032998179225991,0.1335482725242405,0.0
2018-04-06,-0.008638942298884041,0.0,1.1909768554475002e-05,-0.008650852067438515,1.0036235587230673,0.1342104542463922,0.0
2018-04-09,0.00605040467765333,0.0,3.5982747456400656e-05,0.006014421930196929,1.0022474800577168,0.12666729195196763,0.0
2018-04-10,0.012796265606911276,6.189261951952494e-07,1.1929710890411345e-05,0.012783716969825668,1.000000000041072,0.12913110504104366,0.0030912448893982702
2018-04-11,0.002555481477384047,0.0,1.1758252640497696e-05,0.002543723224743549,0.9984883555577255,0.14013591280139373,0.0
2018-04-12,0.0024430560367215996,0.0,1.1735067739647166e-05,0.0024313209689819522,0.9989892928054309,0.14232934781118786,0.0
2018-04-13,-0.0012731400039966252,0.0,1.1667988278935696e-05,-0.0012848079922755608,0.996184413749587,0.14442126938728123,0.0
2018-04-16,-0.0008081166399150252,0.0,3.510397096447022e-05,-0.0008432206108794954,0.9975289106492312,0.14333228384712243,0.0
2018-04-17,0.00302561146837409,5.41834501645669e-05,1.505003287296066e-05,0.0029563779853365624,1.0000000000041946,-0.09865239972193371,0.25000000000343175
2018-04-18,0.007876837712582989,0.0,1.5026672852017272e-05,0.007861811039730972,1.0016022055444818,-0.09534491265277908,0.0
2018-04-19,0.0008986745950837957,0.0,1.4897432895512612e-05,0.0008837771621882831,1.000726819847509,-0.08678578152491181,0.0
2018-04-20,-0.00589448339858972,0.0,1.4766938976501672e-05,-0.005909250337566222,0.9921752763944974,-0.08581126889012455,0.0
2018-04-23,-0.00028799602901384645,0.0,4.473288344503795e-05,-0.0003327289124588844,0.9962492779620914,-0.09225088586716562,0.0
2018-04-24,-0.008967012715510135,4.7684695507784475e-05,1.2628747153404399e-05,-0.009027326158171324,1.000000000006906,0.0781014578083847,0.23122800750725883
2018-04-25,-0.00026593878428762,0.0,1.2800071942914428e-05,-0.00027873885623053444,1.0041694813799236,0.06976422954717046,0.0
2018-04-26,0.0027364644052292417,0.0,1.2815574621230574e-05,0.002723648830608011,1.0050546153879913,0.06951766803815956,0.0
2018-04-27,0.0014216137335776923,0.0,1.2862376294354378e-05,0.0014087513572833379,1.0110113415921653,0.07205787210429587,0.0
2018-04-30,-0.000296734847914864,0.0,3.842729064749699e-05,-0.00033516213856236103,1.0084401895556967,0.07337611713326986,0.0
2018-05-01,-0.0057964030527809084,2.530380688612896e-05,1.1022568374196294e-05,-0.005832729428041234,1.000000000033058,0.19535250871672835,0.12564743639933684
2018-05-02,0.0010461007438591487,0.0,1.1189690965539943e-05,0.0010349110528936087,1.0075156622967203,0.19066822181230442,0.0
2018-05-03,0.004492020289557514,0.0,1.1122515897171452e-05,0.0044808977736603426,1.0034597808998638,0.19151612040634772,0.0
2018-05-04,0.007071529884309428,0.0,1.1023041198522342e-05,0.007060506843110905,0.9998157737293378,0.19513376623720688,0.0
2018-05-07,-0.0012221490943184895,0.0,3.285787142345166e-05,-0.0012550069657419412,1.0003291716307043,0.20078763366004757,0.0
2018-05-08,-0.0003229633330979985,4.381489921363982e-05,8.219178082820414e-06,-0.0003749974103944588,1.0000000000364184,0.39999999999052827,0.21562003245022787
2018-05-09,0.006374653933496686,0.0,8.242968541095258e-06,0.006366410964955591,1.001563674236016,0.3998269707360621,0.0
2018-05-10,0.002643536344006589,0.0,8.185326592240125e-06,0.002635351017414349,1.001160779107998,0.4036319378744688,0.0
2018-05-11,-0.003365401734284651,0.0,8.251400337235225e-06,-0.003373653134621886,1.00755983454955,0.40520760993137867,0.0
2018-05-14,0.0008636759329794142,0.0,2.4856371925070996e-05,0.0008388195610543432,1.0080408569957167,0.4032024734856561,0.0
2018-05-15,-0.005329282079433206,5.0296167730997624e-05,1.1465578324075259e-05,-0.005391043825488278,1.0000000000368543,0.16301278237936032,0.25000000002605227
2018-05-16,0.0037552752799348906,0.0,1.1551218009495439e-05,0.0037437240619253953,1.0017771013051326,0.1585381866119657,0.0
2018-05-17,-0.003332225073884881,0.0,1.1486243493240126e-05,-0.0033437113173781213,1.0001839210953887,0.16168814608885954,0.0
2018-05-18,-0.001395929350353473,0.0,1.158600629939067e-05,-0.0014075153566528637,1.004665653779002,0.15888719392348308,0.0
2018-05-21,0.00506951415037282,0.0,3.479965729487496e-05,0.005034714493077945,1.0045049092341463,0.1577132483921892,0.0
2018-05-22,-0.00477569836701288,5.045803909399955e-05,1.4847371628369818e-05,-0.0048410037777352494,0.9999999999844009,-0.08385812888659597,0.2500000000208334
2018-05-23,-0.002018455117203,0.0,1.502191039158444e-05,-0.0020334770275945847,1.0075344673731312,-0.0890649912125326,0.0
2018-05-24,-0.0028530282206031127,0.0,1.5123373582259971e-05,-0.0028681515941853726,1.0127372316794263,-0.09126903982555151,0.0
2018-05-25,-0.009988523139821969,0.0,1.519052696622789e-05,-0.010003713666788197,1.0145156676260758,-0.09439280090856014,0.0
2018-05-29,-0.0027407680883512306,0.0,6.148741711902102e-05,-0.0028022555054702516,1.0167092860556313,-0.1054360763665022,0.0
2018-05-30,0.007775060099773736,5.139907526571142e-05,1.4751511358310205e-05,0.007708909513149714,1.0000000000302351,-0.07686032912640971,0.2500000000291542
2018-05-31,-0.006942737071886542,0.0,1.4584631962804327e-05,-0.006957321703849346,0.9961213622028637,-0.06855677108185224,0.0
2018-06-01,-0.0050264712053419945,0.0,1.4772533793573843e-05,-0.005041243739135569,1.0023665043040073,-0.07602846262688306,0.0
2018-06-04,-0.00010009924304780312,0.0,4.4552943855431756e-05,-0.00014465218690323488,1.0026560119269805,-0.08146562188852537,0.0
2018-06-05,0.003439344132744659,0.0,1.4766502430366712e-05,0.0034245776303142923,0.99637715591831,-0.08157752149846001,0.0
2018-06-06,0.0008999390019342638,5.044526379854108e-05,1.643835616473592e-05,0.0008330553819709868,1.000000000015611,-0.20000000001011112,0.25000000002045236
2018-06-07,-0.0004966339583036296,0.0,1.6405683387983158e-05,-0.0005130396416916128,0.9986805496352629,-0.1989343376875074,0.0
2018-06-08,0.0010159071142586305,0.0,1.6494718208080724e-05,0.0009994123960505496,1.0045810890307412,-0.19953334015915186,0.0
2018-06-11,-0.0005674689479485349,0.0,4.927855558194134e-05,-0.0006167475035304763,1.0007922888128642,-0.1983192303477086,0.0
2018-06-12,0.00044744611976739473,0.0,1.6486621359763434e-05,0.0004309594984076313,1.0045139213930883,-0.19900943786964223,0.0
2018-06-13,0.0009722927202963525,1.3274420532184775e-06,1.643835616444688e-05,0.0009545269220786872,0.9999999999937177,-0.20000000001090437,0.006569448598215261
2018-06-14,-0.002625859169774763,0.0,1.6439520725257513e-05,-0.002642298690500021,1.0012471017925142,-0.19883791115128416,0.0
2018-06-15,-0.013182299166075214,0.0,1.652835088433941e-05,-0.013198827516959553,1.004572106484655,-0.20199750807212222,0.0
2018-06-18,0.007046005688295407,0.0,5.0509681285703146e-05,0.006995496007009704,1.011010995224449,-0.21805791606099414,0.0
2018-06-19,-0.0019924989879407753,0.0,1.6627739410016598e-05,-0.002009126727350792,1.0042789449882545,-0.20954603194295704,0.0
2018-06-20,0.003224468476080553,5.3620444298283675e-05,1.6454511258970945e-05,0.003154393520523298,1.000000000027469,-0.20117932187740997,0.25000000003526457
2018-06-21,-0.002287019782810236,0.0,1.6349665245778026e-05,-0.0023033694480560137,0.9961931735509504,-0.19733238939084552,0.0
2018-06-22,0.011564284287556332,0.0,1.641706627064825e-05,0.011547867221285684,0.9983655698073118,-0.2000802679500106,0.0
2018-06-25,-0.005646361733947519,0.0,4.868239330320198e-05,-0.005695044127250721,0.9982410253707141,-0.18636387834053397,0.0
2018-06-26,0.006096846315655205,0.0,1.6326191223425348e-05,0.006080520124431779,0.9987019492066159,-0.19311001010343437,0.0
2018-06-27,0.00038192941837099896,5.081616765289091e-05,1.551508153463534e-05,0.00031559816918347273,1.0000000000595612,-0.1326009519688186,0.2500000000552513
2018-06-28,0.002902798017340793,0.0,1.557278760719367e-05,0.0028872252297335995,1.0046361876909873,-0.13217730763415073,0.0
2018-06-29,0.004257796726963904,0.0,1.5519372500164728e-05,0.00424227735446374,1.0040118529820778,-0.12890233952994734,0.0
2018-07-02,-0.0031409786215175297,0.0,4.632193695079276e-05,-0.0031873005584683225,1.0030491326462383,-0.12411799982305279,0.0
2018-07-03,-0.0018650831328964393,0.0,1.5484730561508623e-05,-0.001880567863457948,1.0027194429894375,-0.12766588800069223,0.0
2018-07-05,0.0016208074227541433,5.026243786653763e-05,2.4545729170296344e-05,0.0015459992557173092,1.0000000000334641,0.10408088531764746,0.2500000000251481
2018-07-06,0.004661795214322009,0.0,1.2276457774768083e-05,0.004649518756547241,1.001719947809254,0.1055385302511838,0.0
2018-07-09,0.004434413238954289,0.0,3.671924109837567e-05,0.004397693997855914,1.0031918516670906,0.10969031827328252,0.0
2018-07-10,-0.00026030901693490586,0.0,1.2157302241506185e-05,-0.00027246631917641204,1.001108106971081,0.11362504334112941,0.0
2018-07-11,-0.01564724666505028,0.0,1.2152471827273342e-05,-0.015659399136877552,1.000526074205287,0.1133956308143332,0.0
2018-07-12,0.0048617448344245116,5.1027591873652944e-05,1.1511298424775716e-05,0.004799205944126083,0.9999999999941114,0.159675214985484,0.25000000000531436
2018-07-13,-0.0003715634381566404,0.0,1.1463314363057782e-05,-0.0003830267525196982,1.0005730331443596,0.16375108464114171,0.0
2018-07-16,-0.0050661397437728045,0.0,3.445795716977193e-05,-0.005100597700942577,1.0019190817067147,0.16344212390893084,0.0
2018-07-17,0.002550798963170854,0.0,1.151755806594589e-05,0.002539281405104908,0.9999696766087415,0.15918793779469143,0.0
2018-07-18,0.0027732345580461113,0.0,1.1476959399052256e-05,0.002761757598647059,0.9991471129637723,0.16132907683295764,0.0
2018-07-19,-0.00045469608796432564,5.1417985818809756e-05,8.176166576706233e-06,-0.0005142902403598417,1.000000000099019,0.4031398399994641,0.2500000000856952
2018-07-20,0.0003200896851071715,0.0,8.197944530192164e-06,0.0003118917405769793,1.0013422982177698,0.4028923475137417,0.0
2018-07-23,0.0026485135193744704,0.0,2.450686235062556e-05,0.002624006657023845,0.9994203683127253,0.40308671778083677,0.0
2018-07-24,0.00016058439580353694,0.0,8.111390508846042e-06,0.0001524730052946909,0.996804872840469,0.4046733656947081,0.0
2018-07-25,0.005272660060686529,0.0,8.125674963995691e-06,0.005264534385722533,0.9979465056233334,0.404772233251648,0.0
2018-07-26,0.00018763381750941702,5.052991146650092e-05,7.412819731259576e-06,0.00012969108631165653,1.000000000001539,0.45886415961958993,0.2500000000022648
2018-07-27,-0.006933951154079781,0.0,7.39401266280449e-06,-0.006941345166742586,0.9987551906162108,0.4589922662314831,0.0
2018-07-30,-0.0019926628039787387,0.0,2.236036067117207e-05,-0.002015023164649911,0.9993202509876727,0.4552181413224857,0.0
2018-07-31,0.0007737915650039245,0.0,7.457777740851585e-06,0.000766333787263073,0.9985583573940389,0.45414058231187304,0.0
2018-08-01,-0.0010012249919147999,0.0,7.4736668178687334e-06,-0.0010086986587326686,1.0001437022781219,0.45456602457370443,0.0
2018-08-02,0.006480745793266051,5.295119520049544e-05,1.0230391418176647e-05,0.0064175642066473795,0.9999999999584636,0.25318142643156816,0.2500000000226962
2018-08-03,-0.0012662637107816565,0.0,1.0141198106143654e-05,-0.0012764049088878002,0.9983138613382279,0.25800639958974114,0.0
2018-08-06,0.002549318764913499,0.0,3.058840738597385e-05,0.0025187303575275252,1.0013861721254487,0.2570682590667515,0.0
2018-08-07,0.002047562521879915,0.0,1.0168489547504022e-05,0.0020373940323324107,1.0012650510014554,0.25896531403366174,0.0
2018-08-08,-0.0024862633480504767,0.0,1.0133957261961065e-05,-0.0024963973053124377,1.000261051856481,0.2604821717333232,0.0
2018-08-09,0.0015343427514366778,5.222622371570624e-05,1.022073445398648e-05,0.001471895793266985,1.0000000000164886,0.25388638487547543,0.250000000014321
2018-08-10,0.001663936772334579,0.0,1.0189506332904044e-05,0.001653747266001675,0.9988792897842939,0.25504532748229863,0.0
2018-08-13,0.0016801448041607618,0.0,3.03263870638171e-05,0.0016498184170969446,0.9942275181401741,0.25628543292062467,0.0
2018-08-14,0.002303858327298948,0.0,9.999737579990701e-06,0.0022938585897189574,0.9875215257031909,0.25754068236386973,0.0
2018-08-15,-0.0027251340599754844,0.0,1.0015919266345387e-05,-0.0027351499792418296,0.9904119646203191,0.2592498581771057,0.0
2018-08-16,-0.0007196413720132329,5.161657759756692e-05,1.1461287668515911e-05,-0.0007827192372793156,1.0000000000790918,0.1633260002774303,0.2500000000770166
2018-08-17,-0.0036255743880347266,0.0,1.1567763995349155e-05,-0.003637142152030076,1.0071805053898497,0.16273373372936126,0.0
2018-08-20,0.001330384497157155,0.0,3.516149459568842e-05,0.0012952230025614667,1.0152853393234254,0.15968897082834058,0.0
2018-08-21,0.0013985116586485334,0.0,1.1675457309160555e-05,0.0013868362013393727,1.013119452698415,0.16081106912969442,0.0
2018-08-22,0.001342779987438939,0.0,1.1669075442850104e-05,0.001331110911996089,1.0138274415455564,0.16198493421749863,0.0
2018-08-23,0.00468582253606432,1.0870406964597564e-05,1.1536733025311445e-05,0.00466341539607441,0.999999999961636,0.15781848911390056,0.05393600872525259
2018-08-24,-0.0028818945903526824,0.0,1.1354024891910234e-05,-0.0028932486152445924,0.9905938212995565,0.16175000419010957,0.0
2018-08-27,3.213804323383429e-05,0.0,3.460303769792125e-05,-2.464994464086961e-06,1.001336338913161,0.15932908826374417,0.0
2018-08-28,0.005391962697396963,0.0,1.1600158311914895e-05,0.005380362539085048,1.0061731759022743,0.15936161913248695,0.0
2018-08-29,0.0010698738196944781,0.0,1.140304107079454e-05,0.0010584707786236837,0.996293889810881,0.16387189164287963,0.0
2018-08-30,0.0023321891936994906,5.114066413847513e-05,1.1438209994187966e-05,0.0022696103195668275,0.9999999999991271,0.16501067042340545,0.25000000000082345
2018-08-31,-0.00025516096587180874,0.0,1.1318772823676863e-05,-0.0002664797386954856,0.9932343327174303,0.16696391658901927,0.0
2018-09-04,0.0019897684668151202,0.0,4.5420528874602345e-05,0.001944347937940518,0.9956778439316633,0.16675319197017036,0.0
2018-09-05,-0.003730484285273151,0.0,1.1229651991387507e-05,-0.003741713937264539,0.9881800974740428,0.16841550210275474,0.0
2018-09-06,-0.0022666503562193603,0.0,1.1295340669779068e-05,-0.0022779456968891392,0.9898634052572435,0.16530353636337153,0.0
2018-09-07,-0.00154069149474601,5.2209414294512954e-06,1.1325244891976031e-05,-0.0015572376810674374,1.0000000000602063,0.17325712294595602,0.025995372252763896
2018-09-10,0.00036448926419605437,0.0,3.4066594788970716e-05,0.00033042266940708367,1.0009380583402976,0.17198425180867666,0.0
2018-09-11,0.003544753676914678,0.0,1.1375135215352809e-05,0.003533378541699325,1.0026766826732054,0.17229181195245058,0.0
2018-09-12,-0.0035795001081526433,0.0,1.1290081773726027e-05,-0.0035907901899263693,0.9993934255120971,0.17521745603009733,0.0
2018-09-13,0.004343127800998529,0.0,1.1417612194419184e-05,0.00433171018880411,1.00574218303921,0.17225649284660935,0.0
2018-09-14,0.0036234732839883705,5.1111146492750174e-05,1.2277226211030586e-05,0.0035600849112845897,1.000000000039391,0.10376248663415832,0.2500000000148242
2018-09-17,-0.003573795754353469,0.0,3.648937037745221e-05,-0.003610285124730921,0.994913025503987,0.10700501298598351,0.0
2018-09-18,0.0020371833057616145,0.0,1.2217497753543681e-05,0.0020249658080080707,0.9956833224490224,0.10380598644033345,0.0
2018-09-19,-0.0029763485394667276,0.0,1.2184306646674364e-05,-0.002988532846113402,0.9950836592849912,0.10562927407776287,0.0
2018-09-20,0.00034686294471243304,0.0,1.2283501206652259e-05,0.00033457944350578076,0.9996562148388192,0.10296062675320446,0.0
2018-09-21,0.00045627824999167716,4.1075446196786684e-06,1.2328767123412791e-05,0.0004398419382485857,1.0000000000191642,0.10000000001003054,0.02037588397888271
2018-09-24,-0.00025444536758593,0.0,3.687675956754161e-05,-0.0002913221271534716,0.9977465956118833,0.10041211280170391,0.0
2018-09-25,-0.0017454052529252597,0.0,1.2273922217978692e-05,-0.0017576791751432385,0.9961831759940064,0.1001868540815619,0.0
2018-09-26,0.00048611098040210926,0.0,1.2345054515997774e-05,0.0004737659258861115,0.9998037616451168,0.09861478197727933,0.0
2018-09-27,0.004285685741054416,0.0,1.228219925120505e-05,0.004273403541803211,0.9956545099024157,0.09905396456444689,0.0
2018-09-28,-0.004122986054175953,3.472321326748304e-05,1.2152926250353376e-05,-0.004169862193693789,1.0000000000507971,0.1128363837750007,0.17005055933113833
2018-10-01,-0.000502950180734475,0.0,3.6996213156128954e-05,-0.000539946393890604,1.0094098026037441,0.10916861580460632,0.0
2018-10-02,-0.00836725215503684,0.0,1.2331964600976654e-05,-0.008379584119637816,1.008957786827193,0.10872437095589754,0.0
2018-10-03,0.0033707690429701158,0.0,1.2611202192183694e-05,0.003358157840777932,1.0218229361166358,0.10120517608722628,0.0
2018-10-04,-0.004966661052295758,0.0,1.2506026446055939e-05,-0.004979167078741814,1.0171658685414422,0.10422593797935865,0.0
2018-10-05,-0.006714765706195434,3.124022752192922e-06,1.2211660147554851e-05,-0.006730101389095181,1.0000000000198626,0.1085488092483584,0.015310962296891412
2018-10-08,0.0019399723137810024,0.0,3.709504923992342e-05,0.001902877264541079,1.0051702389025732,0.102524040731103,0.0
2018-10-09,-0.00010551462406964452,0.0,1.2252806779975262e-05,-0.00011776743084961977,0.9987205033274008,0.10426560838920682,0.0
2018-10-10,-0.01291556832985389,0.0,1.225175436284934e-05,-0.012927820084216739,0.9985504303645627,0.10417236187656088,0.0
2018-10-11,-0.013800965710634966,0.0,1.2362573102529898e-05,-0.013813328283737495,0.9949198328062616,0.09245199632157906,0.0
2018-10-12,0.0039282951774384945,5.309868573965925e-06,1.2328767123501989e-05,0.003910656541741027,1.0000000000193043,0.10000000000365944,0.026426348282814482
2018-10-15,-0.005267521986767057,0.0,3.70098540729475e-05,-0.005304531840840004,1.004096566297146,0.10352345052209015,0.0
2018-10-16,0.011639911810705457,0.0,1.2497738069715776e-05,0.011627414072635742,1.0111147888008754,0.0987799097116237,0.0
2018-10-17,-0.00030517466128913485,0.0,1.2341112710481811e-05,-0.00031751577399961666,1.0100519092190887,0.10915068135391676,0.0
2018-10-18,-0.006171434030136935,0.0,1.2330423962098e-05,-0.006183764454099033,1.0090010270679683,0.10888007783481439,0.0
2018-10-19,-0.0020305180708352064,1.1074556217296291e-06,1.2318851445427045e-05,-0.0020439443779023633,1.000000000109597,0.10072384459342285,0.005508026289200024
2018-10-22,3.976222266991826e-05,0.0,3.707084546137194e-05,2.691377208546318e-06,1.0009527029089502,0.09889546334889976,0.0
2018-10-23,-0.005412393661323828,0.0,1.2347020676909909e-05,-0.005424740682000738,1.0002674687146984,0.09893495930027495,0.0
2018-10-24,-0.015159203627484723,0.0,1.2493364954469772e-05,-0.015171696992439193,1.0060483101573912,0.09403266848109751,0.0
2018-10-25,0.01105592269004342,0.0,1.267374260337499e-05,0.011043248947440045,1.005271754021747,0.08008854397537284,0.0
2018-10-26,-0.010356498123292878,2.4102262632800167e-06,1.2328767123500535e-05,-0.01037123711667966,1.0000000000348355,0.10000000001929649,0.011988918310653074
2018-10-29,0.0007960803209709547,0.0,3.759049544832935e-05,0.0007584898255226253,1.0052850151544124,0.09058295924506467,0.0
2018-10-30,0.008133548519100598,0.0,1.2388206026423883e-05,0.008121160313074175,0.995648821954342,0.09130978202539863,0.0
2018-10-31,0.007861461927380605,0.0,1.2262302588224983e-05,0.00784919962479238,0.9937903300313824,0.09864224109095869,0.0
2018-11-01,-0.0013558663111588678,0.0,1.2075246395035037e-05,-0.001367941557553903,0.9871672316134517,0.105674244775894,0.0
2018-11-02,-0.005730127975209875,5.1584010702144296e-05,1.2310885002794912e-05,-0.0057940228709148145,1.000000000019068,0.10130539481503963,0.25000000001429157
2018-11-05,0.0028743051119137974,0.0,3.728232353738251e-05,0.0028370227883764147,1.0033354654254392,0.09613225934913133,0.0
2018-11-06,0.003553169626819853,0.0,1.2329254218398285e-05,0.003540840372601455,0.9987620331441583,0.09872647520108356,0.0
2018-11-07,0.00651575558486106,0.0,1.2220547981123832e-05,0.006503535036879936,0.9940187693659306,0.10191876674389085,0.0
2018-11-08,-0.0011637274587130246,0.0,1.2149449484774257e-05,-0.0011758769081977988,0.9946436837104718,0.10773387132195097,0.0
2018-11-09,0.0006515991246306455,5.19655179530396e-05,1.210168688780597e-05,0.0005875319197898,1.0000000000526574,0.11657685724282177,0.25000000005268036
2018-11-12,-0.004102660093119972,0.0,3.58031307939444e-05,-0.004138463223913916,0.9883691373361788,0.11715962135019868,0.0
2018-11-13,-0.011649963969261502,0.0,1.1908435035539963e-05,-0.011661872404297042,0.9828425452872919,0.11352678769287468,0.0
2018-11-14,-0.0005406652242612371,0.0,1.202790991922862e-05,-0.0005526931341804657,0.9811163410037642,0.10307891690007508,0.0
2018-11-15,0.0005178122958225989,0.0,1.2118698047259601e-05,0.0005056935977753393,0.9872599126531068,0.10259495520315606,0.0
2018-11-16,-0.0020511004772669943,5.056792629214223e-05,1.220791337922376e-05,-0.0021138763169383603,1.0000000000694327,0.10882232338609811,0.25000000007773693
2018-11-19,-0.0025475826464297887,0.0,3.700339970477218e-05,-0.002584586046134561,1.00741346166607,0.10699740218328027,0.0
2018-11-20,-0.015244368989529241,0.0,1.236805977072504e-05,-0.015256737049299966,1.0075888418875762,0.10472047862464831,0.0
2018-11-21,0.0037386900189855903,0.0,1.250388302634204e-05,0.003726186135959248,1.0036458338901233,0.0908623729671543,0.0
2018-11-23,-0.010855437278404918,0.0,2.5001877131402338e-05,-0.01088043915553632,1.0068183857218291,0.09424987042564387,0.0
2018-11-26,0.006180596647858009,5.324409306862544e-05,2.8514198161838645e-05,0.006098838356627545,1.00000000001623,0.30615451141148975,0.25000000002269557
2018-11-27,0.0014525465943859455,0.0,9.42128196015448e-06,0.001443125312425791,0.9981953569526992,0.31044177386142213,0.0
2018-11-28,-0.001455047093143753,0.0,9.382314660350206e-06,-0.0014644294078041032,0.9963538366911228,0.3114448664855577,0.0
2018-11-29,0.002136529346599539,0.0,9.439732517112765e-06,0.002127089614082426,0.9995449171139985,0.31044444336476673,0.0
2018-11-30,-0.00035327099092977686,0.0,9.437599888662089e-06,-0.00036270859081843893,1.0008622881169862,0.3119174962446537,0.0
2018-12-03,0.008596560419721452,5.178951431237919e-05,2.249199715913382e-05,0.008522278908249938,1.0000000000031517,0.45269473579756236,0.25000000000264455
2018-12-04,-0.009031391219914213,0.0,7.509484187600921e-06,-0.009038900704101814,1.00558560895192,0.4573932632570526,0.0
2018-12-06,-0.00456576610653772,0.0,1.5351420167411744e-05,-0.004581117526705132,1.0127783726599555,0.452451536549427,0.0
2018-12-07,-0.0013703095436070456,0.0,7.716078297628616e-06,-0.0013780256219046742,1.013220746398075,0.4499470306711859,0.0
2018-12-10,-0.004416031195070296,0.0,2.331937802565199e-05,-0.004439350573095948,1.016633922969175,0.44919572434497645,0.0
2018-12-11,0.0029245716499173755,5.195986674760126e-05,1.0919438305469988e-05,0.0028616923448643045,1.000000000020108,0.2028810037207988,0.250000000025092
2018-12-12,-0.0018019443741122652,0.0,1.0879779128111944e-05,-0.0018128241532403772,0.9994421800741008,0.20521830372192906,0.0
2018-12-13,0.004177693961600728,0.0,1.0925421184455037e-05,0.004166768540416274,1.0013415336100575,0.20378578714484008,0.0
2018-12-14,-0.004494318109727254,0.0,1.0882928298957004e-05,-0.004505201038026211,1.001554306910997,0.20710054108713577,0.0
2018-12-17,-0.00862346558531485,0.0,3.270051720750865e-05,-0.008656166102522359,0.9992357210019733,0.20352313561926275,0.0
2018-12-18,-0.001426080152110258,5.207498880961884e-05,8.878651851172492e-06,-0.0014870337927710493,0.7500000000251192,0.10185841488952739,0.25291254607925945
2018-12-19,-0.003469044749956732,0.0,8.912956627521166e-06,-0.003477957706584253,0.7512277372357992,0.100581903426754,0.0
2018-12-20,-0.004151012421300084,0.0,8.976485080929978e-06,-0.004159988906381014,0.7527352027953009,0.09745179188741249,0.0
2018-12-21,-0.0008414157159637169,0.0,9.030827801343183e-06,-0.00085044654376506,0.752940960533907,0.09369053103585448,0.0
2018-12-24,-0.005561207519666953,0.0,2.7035592834832506e-05,-0.005588243112501785,0.7507942380545116,0.09292814574025404,0.0
2018-12-26,-0.00021203420018381066,5.403097346551898e-05,1.792730142951077e-05,-0.0002839924750788404,0.7500000000040712,0.09565349782692807,0.2500000000067228
2018-12-27,0.0011052814838528123,0.0,8.980918714617943e-06,0.0010963005651381944,0.7510756421510401,0.09546857598393016,0.0
2018-12-28,-0.008045629324265101,0.0,9.013778171826158e-06,-0.008054643102436927,0.7544739059791632,0.09646809943585365,0.0
2018-12-31,-0.011187706054244871,0.0,2.744399058961572e-05,-0.011215150044834487,0.7569442357550457,0.08914046474106317,0.0
2019-01-02,-0.0010197421650839258,0.0,1.857691723559146e-05,-0.0010383190823195173,0.7568944057473401,0.07883692664825206,0.0
2019-01-03,-0.005642685834123231,5.211526335088793e-05,1.1301369863142321e-05,-0.005706102467337262,0.7500000000123479,-0.07499999999704135,0.2500000000073048
2019-01-04,0.0036584982897569294,0.0,1.1475642281192252e-05,0.0036470226474757373,0.7566164045047881,-0.08110548202224631,0.0
2019-01-07,-0.003820514504955886,0.0,3.43007709042032e-05,-0.003854815275860089,0.7574865328117614,-0.0771655591905164,0.0
2019-01-08,0.0008673811966533262,0.0,1.1477495384717785e-05,0.0008559037012686084,0.7565576949572702,-0.08129946812712806,0.0
2019-01-09,-0.0031524091141165627,0.0,1.1497291029284312e-05,-0.003163906405145847,0.7589389414563472,-0.08036330368140773,0.0
2019-01-10,0.0018044916852223711,5.036634259357209e-05,8.219178081997894e-06,0.001745906164546801,0.749999999994362,0.1500000000085156,0.25000000000053385
2019-01-11,0.006487298499693817,0.0,8.155402973797266e-06,0.006479143096720021,0.7468843343052923,0.151539917218092,0.0
2019-01-14,0.017337359290554875,0.0,2.431281731585739e-05,0.01731304647323902,0.7486218139592115,0.1570099259400151,0.0
2019-01-15,-0.004673235141716628,0.0,7.939577872927762e-06,-0.004681174719589556,0.7509693570659441,0.17138017234221742,0.0
2019-01-16,-0.0029815051680599286,0.0,7.989582159532956e-06,-0.0029894947502194617,0.750730489442966,0.16749099179706017,0.0
2019-01-17,0.0005199094693702276,4.847660438283987e-05,8.219178081776812e-06,0.0004632136869056109,0.7499999999712379,0.15000000000153074,0.23368308629987183
2019-01-18,-0.0025312597173701955,0.0,8.200594462037758e-06,-0.002539460311832233,0.7490936145990785,0.15045021887032223,0.0
2019-01-22,-0.0039064301748794415,0.0,3.321450798465503e-05,-0.003939644682864097,0.7544603205360856,0.1482955498161314,0.0
2019-01-23,-0.0010029145008253455,0.0,8.263863419981825e-06,-0.0010111783642453274,0.7482222410258649,0.1449602113671916,0.0
2019-01-24,0.002517138482945112,0.0,8.252792467652787e-06,0.0025088856904774593,0.7465568608516754,0.14410301071302187,0.0
2019-01-25,-0.003951766475823527,5.050202775402839e-05,8.265314092167212e-06,-0.004010533817669723,0.9996211453177265,0.39625321658952006,0.2500000000313983
2019-01-28,-0.002307637884857523,0.0,2.5173212438002012e-05,-0.002332811097295525,1.0064292930050738,0.3938811236803583,0.0
2019-01-29,-0.0019749490858492354,0.0,8.290754302189849e-06,-0.0019832398401514253,0.99771415275704,0.392489088697181,0.0
2019-01-30,-0.005665146781247095,0.0,8.409744979068476e-06,-0.005673556526226164,1.0052015453213694,0.3912901618493707,0.0
2019-01-31,0.002321173519939901,0.0,8.572632800480295e-06,0.0023126008871394207,1.013627558629245,0.38782536419418356,0.0
2019-02-01,-0.008786638007245327,5.2522322059135656e-05,9.440744609012616e-06,-0.008848601073913475,1.0000000000241114,0.31082564356619047,0.2500000000188676
2019-02-04,-0.0005314974092894486,0.0,2.8992969458753787e-05,-0.0005604903787482024,1.0102310784912345,0.3047354883282257,0.0
2019-02-05,0.00487112823957269,0.0,9.629423813416418e-06,0.004861498815759274,1.0073225283275362,0.3043745899481377,0.0
2019-02-06,0.000293049889243819,0.0,9.497422866365006e-06,0.00028355246637745403,1.001061463146054,0.3077495939014083,0.0
2019-02-07,0.005292700327931673,0.0,9.504694729983801e-06,0.005283195633201689,1.0017980375882976,0.3079553222994801,0.0
2019-02-08,0.0010622840093003688,2.3963445762428808e-05,1.0958904109318496e-05,0.0010273616594286214,0.9999999999911281,0.2000000000108779,0.1127109481250273
2019-02-11,0.0016253025233095007,0.0,3.2843628049641994e-05,0.0015924588952598586,1.0000508815441822,0.20085593233622723,0.0
2019-02-12,-0.005174948996212193,0.0,1.0878069843032923e-05,-0.005185827066055226,0.9962584030182663,0.202159304476863,0.0
2019-02-13,-0.003566644882449967,0.0,1.104636139806441e-05,-0.0035776912438480316,1.0043955894178582,0.1980112073591562,0.0
2019-02-14,-0.0007463597705370694,0.0,1.1177758228898411e-05,-0.0007575375287659678,1.0111190735972662,0.1951427228876821,0.0
2019-02-15,-0.006606424015171557,5.1423828531180206e-05,1.0999663492226381e-05,-0.006668847507194964,1.0000000000070615,0.19702456507453572,0.2500000000066679
2019-02-19,0.0007371936659183869,0.0,4.509531602156011e-05,0.0006920983498968267,1.01468605341925,0.19169653602577763,0.0
2019-02-20,-0.0034129065641479283,0.0,1.1312533962906327e-05,-0.0034242190981108346,1.018115618029104,0.1923006387369421,0.0
2019-02-21,-0.002809284624398172,0.0,1.1426945330385362e-05,-0.0028207115697285574,1.0237037566415892,0.18953674752345784,0.0
2019-02-22,0.00021570634425513793,0.0,1.1448630542397886e-05,0.00020425771371274004,1.0230056866925774,0.18725565709753178,0.0
2019-02-25,0.0059400441719397,5.039606704162822e-05,3.3289940962616425e-05,0.0058563581639354545,1.00000000000675,0.1899447699164171,0.2500000000015309
2019-02-26,-0.000601142616870396,0.0,1.0849652626003148e-05,-0.000611992269496399,0.9867689632889587,0.1947443215907289,0.0
2019-02-27,-0.0061236637832382855,0.0,1.0908448325384903e-05,-0.006134572231563671,0.990578793609517,0.194262065856419,0.0
2019-02-28,-0.0013002110690753244,0.0,1.1074049585890553e-05,-0.001311285118661215,0.997705294370439,0.1892996746004285,0.0
2019-03-01,0.0026949328428728897,0.0,1.109498286452419e-05,0.0026838378600083654,0.9981800572240916,0.1882463081138257,0.0
2019-03-04,-0.000778808780353236,5.049304308628246e-05,3.280603484642709e-05,-0.0008621078582859455,1.0000000000001656,0.20171981873710626,0.25000000000076983
2019-03-05,-0.0006926698738510108,0.0,1.0994947291579014e-05,-0.0007036648211425898,1.0037455445399983,0.2011143922547302,0.0
2019-03-06,0.002784944776883521,0.0,1.103272672840836e-05,0.002773912050155113,1.0059519025776507,0.20056285140384006,0.0
2019-03-07,0.0023927188430938806,0.0,1.094805701428071e-05,0.0023817707860796,1.0019934496702707,0.20278528762777887,0.0
2019-03-08,0.0028045638322475534,0.0,1.0895767633546365e-05,0.002793668064614007,1.0000815179127236,0.20469048066383908,0.0
2019-03-11,0.0005194409799677245,4.8835012019488536e-05,3.758097946673534e-05,0.0004330249884815006,1.0000000000041958,0.08552949964696915,0.21760660452129893
2019-03-12,-0.0005153225735440988,0.0,1.2495348597428055e-05,-0.0005278179221415269,0.9981721430257691,0.08601169541352117,0.0
2019-03-13,-0.00581940500583585,0.0,1.2555580248548644e-05,-0.005831960586084399,1.0020988813330545,0.08554152318900357,0.0
2019-03-14,-0.002156376427754649,0.0,1.2799782952158516e-05,-0.0021691762107068076,1.0145739373377796,0.08018978183020822,0.0
2019-03-15,0.0030548397307479298,0.0,1.284370722990005e-05,0.00304199602351803,1.0157936693625573,0.0782030415798535,0.0
2019-03-18,-0.004491535111442687,4.19049847194061e-05,4.205201265073241e-05,-0.004575492108812826,0.9999999999868179,-0.023265641181003965,0.202004989031626
2019-03-19,-0.0005422170646223367,0.0,1.4195558163562504e-05,-0.0005564126227858992,1.0083909831354478,-0.027884762804615312,0.0
2019-03-20,-0.0011110379620156547,0.0,1.4214561018388255e-05,-0.001125252523034043,1.0092201485369272,-0.02844280580541529,0.0
2019-03-21,0.0020142352644897787,0.0,1.4317501170742558e-05,0.001999917763319036,1.0155904486964786,-0.02958713676772818,0.0
2019-03-22,0.009413285491306262,0.0,1.4246204518528761e-05,0.009399039286787732,1.0124550618224433,-0.027517868030156226,0.0
2019-03-25,-0.00027665744739989375,2.7152185774574306e-05,4.171893356262105e-05,-0.00034552856673708906,1.000000000002536,-0.015160716687909637,0.1291582223582834
2019-03-26,-0.0017838412193214718,0.0,1.3942009722294809e-05,-0.0017977832290437667,1.0023239996947473,-0.015442710032773636,0.0
2019-03-27,0.004783573149420387,0.0,1.4018025508191773e-05,0.004769555123912195,1.0060582854640576,-0.017257576633941563,0.0
2019-03-28,0.001331446880490393,0.0,1.3842817287495903e-05,0.0013176040632028971,0.9981108715301168,-0.012414790457084338,0.0
2019-03-29,0.0008329736720079332,0.0,1.3798015985175796e-05,0.0008191756560227574,0.9961864075835127,-0.011068759334320478,0.0
2019-04-01,-0.008745363195730023,5.125870937868095e-05,4.446299617446541e-05,-0.00884108490128317,1.0000000000229838,-0.08193290688900798,0.2500000000204488
2019-04-02,-0.0015820475192038941,0.0,1.5167285994181485e-05,-0.0015972148051980755,1.0157247621355348,-0.091487115439714,0.0
2019-04-03,-0.0009024517637773513,0.0,1.5262793458190438e-05,-0.0009177145572355418,1.0209658702358793,-0.09321805221202265,0.0
2019-04-04,0.00018606768433951436,0.0,1.52837195859932e-05,0.00017078396475352117,1.0215045707039687,-0.09420695907353462,0.0
2019-04-05,-0.0027027577280539458,0.0,1.5281689631827398e-05,-0.0027180394176857733,1.0215585062529517,-0.09400483687044833,0.0
2019-04-08,-0.004116996028601687,5.715083613382054e-05,3.6037907947832126e-05,-0.0042101847726833405,0.9999999999788183,0.12307757324823657,0.2500000000188793
2019-04-09,0.0010642148618452,0.0,1.214137637068683e-05,0.0010520734854745132,1.0057840158601403,0.1194635408000019,0.0
2019-04-10,-0.00010924723269170743,0.0,1.208742061777688e-05,-0.00012133465330948431,1.0027827899705424,0.12040108487283005,0.0
2019-04-11,0.0029025258067211764,0.0,1.2159114555008549e-05,0.002890366692166168,1.0079217974953416,0.12030643497971749,0.0
2019-04-12,-0.0013937460787914412,0.0,1.20396449114385e-05,-0.0014057857237028796,1.00174794659321,0.12285386805819945,0.0
2019-04-15,0.00017386912601296878,8.107037771381433e-06,3.6986301368949525e-05,0.00012877578687263782,0.9999999999677495,0.09999999998997756,0.04008307405986831
2019-04-16,-0.0031555823818105043,0.0,1.2293781951165367e-05,-0.0031678761637616696,0.9976070532432326,0.1001609708081608,0.0
2019-04-17,0.0006239207241733418,0.0,1.2316464017677952e-05,0.0006116042601556638,0.9964155393599906,0.09731366606950012,0.0
2019-04-18,-0.00038277609664553916,0.0,1.2251260782686493e-05,-0.00039502735742822563,0.9922197614965943,0.09787772436048026,0.0
2019-04-22,-0.004937998814949643,0.0,4.9231947695973234e-05,-0.004987230762645616,0.9960165221068901,0.09753347665537863,0.0
2019-04-23,0.0028991822278443876,2.040226178587213e-05,1.3387907434852846e-05,0.002865392058623663,1.0000000000217768,0.022682757277518895,0.09279377875259545
2019-04-24,0.005205568414744182,0.0,1.3349463681571021e-05,0.005192218951062612,1.0000196954134073,0.02550884665872274,0.0
2019-04-25,0.001618818846130338,0.0,1.3182890947541231e-05,0.0016056359551827968,0.9929068020329782,0.030555762862468243,0.0
2019-04-26,0.0077343947242319005,0.0,1.3107518737140995e-05,0.0077212872054947595,0.9889718716699073,0.032123003858614683,0.0
2019-04-29,-0.003010734705657053,0.0,3.855647205356837e-05,-0.0030492911777106214,0.9777594928203803,0.03955200618354993,0.0
2019-04-30,0.0014798215542437352,3.625104482017982e-05,1.0958904110234957e-05,0.0014326116053133204,1.0000000000427154,0.19999999999556364,0.1759373710610728
2019-05-01,-0.0004333043872410175,0.0,1.0947013825628202e-05,-0.0004442514010666457,1.0003236014108752,0.20119159214001622,0.0
2019-05-02,0.0032880715215136435,0.0,1.0948694404328671e-05,0.003277122827109315,1.0001022060585045,0.20084751454251146,0.0
2019-05-03,0.003224960737542529,0.0,1.0813506500974171e-05,0.003214147231041555,0.9928547684062579,0.20346879383514352,0.0
2019-05-06,0.0003939361373768396,0.0,3.2267778800428025e-05,0.0003616683585764116,0.9912141563495936,0.2060315388725117,0.0
2019-05-07,-0.0010603845278000829,5.3133779657622427e-05,1.2062522032180896e-05,-0.0011255808294898862,1.0000000000114346,0.11943589166222911,0.2218714132863341
2019-05-08,-0.003292250072426925,0.0,1.2027702841526956e-05,-0.0033042777752684523,0.9965312059101484,0.11850889847868058,0.0
2019-05-09,0.0024213238901049277,0.0,1.2142041559850957e-05,0.002409181848545077,1.001967652220845,0.11559861835172501,0.0
2019-05-10,-0.00014192585715361265,0.0,1.2054336247710414e-05,-0.00015398019340132307,0.9977028401820315,0.11773629409917133,0.0
2019-05-13,-0.00011587334774550167,0.0,3.6319846700941865e-05,-0.00015219319444644355,1.001395414623748,0.11761247823416263,0.0
2019-05-14,-0.005526385963950227,5.190865446881899e-05,1.5068493150485236e-05,-0.005593363111569531,1.0000000000016862,-0.09999999998373577,0.250000000001453
2019-05-15,0.0019025447746762799,0.0,1.5320607331139866e-05,0.00188722416734514,1.0122843817928853,-0.10611995338032496,0.0
2019-05-16,-0.0030630629772892635,0.0,1.5257968777658217e-05,-0.0030783209460669217,1.0098106232924726,-0.1040210974765771,0.0
2019-05-17,0.004586101499465125,0.0,1.5392786157553787e-05,0.004570708713307572,1.0162585717642016,-0.10741481773722483,0.0
2019-05-20,-0.005407029221465864,0.0,4.559265616795657e-05,-0.00545262187763382,1.0070604454991494,-0.10236085458779368,0.0
2019-05-21,0.002349893230436783,3.459402849586409e-06,1.5068493150996846e-05,0.0023313653344361994,1.0000000000430085,-0.0999999999797613,0.016879578015898775
2019-05-22,0.007114162496247957,0.0,1.4983604319114463e-05,0.007099178891928843,0.9963801371001729,-0.09742297819518277,0.0
2019-05-23,0.00046787172136379603,0.0,1.4694839224664031e-05,0.000453176882139132,0.9830510468087598,-0.08967221659171444,0.0
2019-05-24,-0.0037624208949615435,0.0,1.4671138410088411e-05,-0.003777092033371632,0.9818291661014504,-0.08916393783500337,0.0
2019-05-28,-0.00041678843792968147,0.0,5.932661767858608e-05,-0.00047611505560826755,0.9894320917417487,-0.09327868089244722,0.0
2019-05-29,-0.0025478064585786964,3.2549484268848463e-06,1.5068493150627702e-05,-0.002566129900156209,1.0000000000433336,-0.09999999995248854,0.015665579995787354
2019-05-30,0.0034193205468671024,0.0,1.5168381453125545e-05,0.003404152165413977,1.0044802116579281,-0.10281163442023694,0.0
2019-05-31,0.009537042220447852,0.0,1.5059248397609698e-05,0.009521982972050242,1.0002700178370023,-0.09905511518850549,0.0
2019-06-03,0.00276687954236264,0.0,4.3941321885688796e-05,0.002722938220476951,0.98056510926689,-0.08867372328487082,0.0
2019-06-04,-0.0010211074805984734,0.0,1.4558474639825912e-05,-0.0010356659552382993,0.9770950887756055,-0.08567355993168581,0.0
2019-06-05,0.007726038622267144,3.808210948081236e-06,1.5068493149684851e-05,0.007707161918169378,1.0000000000207556,-0.09999999990623873,0.018023965873200473
2019-06-06,-0.0013856486821841557,0.0,1.4751963627368482e-05,-0.0014004006458115243,0.9853251146899301,-0.09156823010796922,0.0
2019-06-07,0.0008500280831865421,0.0,1.4824615305762997e-05,0.0008352034678807791,0.9891126833091204,-0.09308423401157814,0.0
2019-06-10,0.0001864834807750559,0.0,4.44661648362537e-05,0.0001420173159388022,0.9898527751301168,-0.09215723588538974,0.0
2019-06-11,-0.0037043675091218598,0.0,1.4802330044585166e-05,-0.003719169839166445,0.9886124004348169,-0.09195769281990045,0.0
2019-06-12,0.0018351137110647114,1.079820267910946e-06,1.5068493150211104e-05,0.0018189653976465896,1.00000000004876,-0.09999999991665069,0.00530922647314358
2019-06-13,0.0009261023305064847,0.0,1.4990935561936143e-05,0.0009111113949445486,0.9963516441449468,-0.09798665187639159,0.0
2019-06-14,-0.003701315522895456,0.0,1.497628404798882e-05,-0.003716291806943445,0.9962965384310438,-0.0969721970721398,0.0
2019-06-17,0.000373977257087056,0.0,4.5393910352930236e-05,0.0003285833467341258,1.0035361116056425,-0.1010490403156599,0.0
2019-06-18,0.0031126676105858995,0.0,1.5109988759111417e-05,0.003097557621826788,1.0023871856396973,-0.10064199377543606,0.0
2019-06-19,0.004466450486797403,5.343411859535383e-05,1.2339719917449532e-05,0.0044006766482846,1.0000000000161433,0.09920044604232743,0.25000000000823686
2019-06-20,0.003903535960405743,0.0,1.2225331669893536e-05,0.0038913106287358492,0.9956619027529195,0.10321269085069151,0.0
2019-06-21,0.0019544155085638028,0.0,1.2120724399671061e-05,0.0019422947841641316,0.9915139011738701,0.10670101999788252,0.0
2019-06-24,-0.007257357328531277,0.0,3.6008140099970794e-05,-0.007293365468631247,0.9846428794957482,0.1084448037297922,0.0
2019-06-25,0.00014181881285796455,0.0,1.2312934330770843e-05,0.0001295058785271937,1.0007750716018335,0.10193086545556221,0.0
2019-06-26,-0.0008852117730876805,1.846241257783667e-06,1.2336989904246075e-05,-0.0008993950042497102,1.0000000000225013,0.0993997370125379,0.00902018717267486
2019-06-27,-0.0014175209741464163,0.0,1.2346116758429607e-05,-0.001429867090904846,0.9998697318379148,0.09860320847255345,0.0
2019-06-28,0.0018211824195138262,0.0,1.2449664661341086e-05,0.0018087327548524852,1.006150369375158,0.09732484909725846,0.0
2019-07-01,0.005247246960911441,0.0,3.7172065107659914e-05,0.005210074895803781,1.003487277567143,0.09896702661408509,0.0
2019-07-02,0.002216206480016627,0.0,1.218645042494612e-05,0.0022040200295916808,0.9932850046472143,0.10367412362614736,0.0
2019-07-03,-0.003393086476516362,5.0294796462983216e-05,1.2203508313143967e-05,-0.003455584781292489,1.000000000003544,0.10914389314403453,0.25000000000269
2019-07-05,-0.008711002998555305,0.0,2.4753964708336698e-05,-0.008735756963263641,1.009637216556084,0.10611750470179449,0.0
2019-07-08,0.00011267606406387963,0.0,3.787260231657282e-05,7.480346174730681e-05,1.0198315765337433,0.09826492016380478,0.0
2019-07-09,-0.0031093750101550744,0.0,1.2609573498155016e-05,-0.0031219845836532294,1.0188691031588648,0.09837023779354866,0.0
2019-07-10,-0.003144861697046385,0.0,1.2719950221597543e-05,-0.0031575816472679827,1.0241155633002605,0.09555919712363994,0.0
2019-07-11,-0.0001259861882989485,1.6499120486069193e-05,1.299895637676009e-05,-0.0001554842651617778,0.9999999999932114,0.051076184489724716,0.07954882064913911
2019-07-12,-0.004669579108122583,0.0,1.2930313090168357e-05,-0.004682509421212752,0.9948709770697894,0.050958121487499314,0.0
2019-07-15,0.00417558228406032,0.0,3.9393205208112236e-05,0.004136189078852208,1.0050743020049753,0.0465063086075776,0.0
2019-07-16,0.004311855300974027,0.0,1.2991428290678682e-05,0.004298863872683348,0.9988473897248271,0.050473124505283525,0.0
2019-07-17,-0.00039205854631422344,0.0,1.2793048969310243e-05,-0.0004048515952835337,0.9884430495008031,0.05455047474115517,0.0
2019-07-18,0.0004897398612621922,2.222234459207814e-05,1.3002989136771708e-05,0.00045451452753334236,1.0000000000357334,0.05078179305139879,0.10442341561357252
2019-07-19,0.0006266647798093143,0.0,1.3008440995605833e-05,0.0006136563388137085,1.0008644325223677,0.05124823984314181,0.0
2019-07-22,-0.00412297828252379,0.0,3.8880861835587264e-05,-0.004161859144359377,0.9979440621142925,0.05184309078166921,0.0
2019-07-23,-0.0001207682251007277,0.0,1.3146840691523472e-05,-0.00013391506579225117,1.007638917384833,0.047919546903619756,0.0
2019-07-24,0.004011802838927775,0.0,1.3135193140356178e-05,0.003998667645787419,1.0066742797584134,0.04780518051241259,0.0
2019-07-25,-0.000584017641194062,5.149560144005969e-05,9.735982265248591e-06,-0.0006452492248993703,1.0000000000189666,0.28927329465581947,0.25000000001430234
2019-07-26,0.004368066988329582,0.0,9.72026511090214e-06,0.004358346723218679,0.9984550269151058,0.2888756738192496,0.0
2019-07-29,0.002186594644968557,0.0,2.870045662195231e-05,0.0021578941883466044,0.990349006759413,0.29197122895857347,0.0
2019-07-30,-0.001132020742069475,0.0,9.485344177085659e-06,-0.0011415060862465607,0.9859545538714386,0.29352442894418557,0.0
2019-07-31,-0.003300255122867616,0.0,9.538055420837156e-06,-0.003309793178288453,0.9890046030700482,0.2927265573489359,0.0
2019-08-01,0.01425130381842081,1.0738069448603858e-06,9.65017711643192e-06,0.014240579834359517,1.0000000000502365,0.2955370705507061,0.005330506905423374
2019-08-02,0.002941848051676763,0.0,9.272814823375505e-06,0.0029325752368533874,0.9823542315791652,0.3054387494727533,0.0
2019-08-05,0.007497899978640404,0.0,2.7601549524444228e-05,0.007470298429115959,0.9791165976331269,0.3074788925383172,0.0
2019-08-06,0.0026784161778261877,0.0,9.02186599905569e-06,0.002669394311827132,0.9712374868678079,0.3126412689367426,0.0
2019-08-07,0.0016500855626386747,0.0,8.987353552904883e-06,0.0016410982090857699,0.9705570227837351,0.3144802134216788,0.0
2019-08-08,-0.002638303731339013,2.5870179696213606e-05,8.830183905233822e-06,-0.0026730040949404605,1.0000000000355236,0.35539657495345445,0.12258169543391276
2019-08-09,-0.0035798810252238513,0.0,8.95155411147558e-06,-0.003588832579335327,1.0071671728590623,0.35370372272134526,0.0
2019-08-12,0.006349271891970794,0.0,2.7158507381058876e-05,0.006322113384589735,1.0122419162240162,0.35138490328491695,0.0
2019-08-13,-0.007561942929098907,0.0,8.94020315713958e-06,-0.007570883132256046,1.008121578122705,0.35548674765151594,0.0
2019-08-14,0.006011602188019946,0.0,9.179981769186875e-06,0.00600242220625076,1.0207176664905426,0.35057899733990083,0.0
2019-08-15,5.699372017979455e-05,5.17370984076564e-05,1.0958904109738933e-05,-5.702282337600784e-06,1.000000000012633,0.20000000000169066,0.25000000000045536
2019-08-16,0.00037746389695951445,0.0,1.1030576118586864e-05,0.0003664333208409276,1.0052901911666785,0.20005813450983737,0.0
2019-08-19,-0.005495877758382655,0.0,3.300100347650123e-05,-0.005528878761859157,1.0033865969563611,0.20036217902816467,0.0
2019-08-20,0.0009231882894394758,0.0,1.1159625399296037e-05,0.0009120286640401798,1.0106023374608506,0.19594968331224005,0.0
2019-08-21,0.00229506419761198,0.0,1.1174671955539554e-05,0.0022838895256564406,1.0124445342629014,0.1966934815085138,0.0
2019-08-22,0.001537686390442249,1.4288315908958439e-06,1.0958904109924186e-05,0.0015252986547414288,1.0000000000228468,0.19999999999838133,0.007087993198128056
2019-08-23,0.008116023497699914,0.0,1.0870626934182062e-05,0.008105152870765733,0.9947865155927653,0.20123074939747496,0.0
2019-08-26,-0.005482863796258925,0.0,3.190476482524935e-05,-0.0055147685610841745,0.9840129048634038,0.20766362744900302,0.0
2019-08-27,0.0009724928737162762,0.0,1.0834808254069227e-05,0.000961658065462207,0.9942429292737177,0.2033019267266642,0.0
2019-08-28,-0.005365275312474032,0.0,1.0858137865317857e-05,-0.00537613345033935,0.9967222303540866,0.20407816618588312,0.0
2019-08-29,-0.006125701329726659,1.6755078872133934e-06,1.0958904110792316e-05,-0.006138335741724665,1.0000000000737417,0.19999999998590257,0.008271569836876885
2019-08-30,0.005140266832058711,0.0,1.1179028226557325e-05,0.005129087803832154,1.0111407748711467,0.19507171433246234,0.0
2019-09-03,-0.0006211367449632687,0.0,4.387232540817363e-05,-0.0006650090703714423,0.9998602552404763,0.19919031654130745,0.0
2019-09-04,-0.013100551904590347,0.0,1.0995844539247133e-05,-0.013111547749129595,1.0013979693401331,0.19870131797509247,0.0
2019-09-05,-0.003098080981255262,0.0,1.153367674725752e-05,-0.0031096146580025194,1.0300250129627477,0.18806661041294848,0.0
2019-09-06,-0.002735081682758304,2.3227444903433335e-05,1.0958904109712944e-05,-0.0027692680317714506,1.000000000022722,0.20000000001367724,0.10871920963057019
2019-09-09,-0.012836532470298392,0.0,3.32576253367886e-05,-0.012869790095635181,1.007081597953366,0.1978127147581767,0.0
2019-09-10,-0.0033573883533856534,0.0,1.1504355002925338e-05,-0.0033688927083885788,1.0272057394660352,0.18738782425248554,0.0
2019-09-11,0.0048725506998545075,0.0,1.1539258335228825e-05,0.004861011441519279,1.0270183688666594,0.18465251039495506,0.0
2019-09-12,-0.0014583945641626214,0.0,1.1338651411919223e-05,-0.0014697332155745406,1.016329787379968,0.18860823430986456,0.0
2019-09-13,-0.008427335385636184,4.7525407001255184e-05,9.202840117108221e-06,-0.008484063632754547,0.9999999999992025,0.3281926714503023,0.2253322958556524
2019-09-16,-0.00446531556597578,0.0,2.8110869819395476e-05,-0.004493426435795176,1.0065326245694644,0.3225014589641744,0.0
2019-09-17,0.005359417917439666,0.0,9.624678089400442e-06,0.0053497932393502656,1.0220731663531453,0.3194716658269128,0.0
2019-09-18,0.002394552158046946,0.0,9.465547098750411e-06,0.0023850866109481955,1.0140874901053791,0.3231025518965992,0.0
2019-09-19,0.004938691819616391,0.0,9.381422330907285e-06,0.004929310397285483,1.0095664426555335,0.324722612499302,0.0
2019-09-20,0.005394593732579537,1.208616305997853e-05,9.19561046746289e-06,0.005373311959052095,1.0000000000607374,0.32872043593594624,0.055563078885779646
2019-09-23,-0.0008368688397557804,0.0,2.7303623776218008e-05,-0.0008641724635319983,0.9967174991106766,0.3323293205560385,0.0
2019-09-24,0.0047060713731407605,0.0,9.142684244503912e-06,0.004696928688896256,0.9991951159844162,0.3317791661356307,0.0
2019-09-25,-0.0046128882215854565,0.0,9.039791042005897e-06,-0.004621928012627462,0.9948169249539246,0.334912178887494,0.0
2019-09-26,0.004193473937580214,0.0,9.10504459566193e-06,0.004184368892984552,0.996501254382355,0.33183299889903417,0.0
2019-09-27,0.0029471187965536567,2.2492999313536414e-06,8.961209226439054e-06,0.0029359082873958637,0.9999999999950402,0.3458317264649893,0.011205453408128951
2019-09-30,0.003580584644915405,0.0,2.658677834581127e-05,0.0035539978665695936,0.9947027998262069,0.3477578600781326,0.0
2019-10-01,0.0026210827630628263,0.0,8.760210801115791e-06,0.0026123225522617106,0.9895895991267688,0.35009421064531615,0.0
2019-10-02,0.0032664936797917386,0.0,8.700245157200941e-06,0.0032577934346345377,0.9869141845070216,0.35179628803135277,0.0
2019-10-03,-0.0009030647163934753,0.0,8.604493635455428e-06,-0.0009116692100289307,0.9820378520223074,0.35390981663406146,0.0
2019-10-04,0.0018445097889654037,2.3045468989097606e-06,8.945157877206274e-06,0.0018332600841892877,1.0000000000503888,0.3470034750143308,0.011194203193419912
2019-10-07,0.0009469637175934048,0.0,2.6790965790573447e-05,0.0009201727518028314,1.0001231268989832,0.34820962599502914,0.0
2019-10-08,0.00011771512078836234,0.0,8.829288120634899e-06,0.00010888583266772744,0.9933736335043489,0.3488356006980015,0.0
2019-10-09,0.000801145320543843,0.0,8.83418284256979e-06,0.0007923111377012732,0.9938106713908131,0.3489153238832183,0.0
2019-10-10,-0.0018999844140287466,0.0,8.774222786609117e-06,-0.0019087586368153556,0.9899578677357763,0.3494396043133107,0.0
2019-10-11,-0.006817748199153352,3.524415449149775e-05,9.01745131341183e-06,-0.006862009804958262,1.0000000000125637,0.3417260541335001,0.1569720156202265
2019-10-14,0.0016560849353312395,0.0,2.757246229080004e-05,0.0016285124730404394,1.008152244604246,0.33722232886144493,0.0
2019-10-15,-0.0038116533458579234,0.0,9.177058847055628e-06,-0.003820830404704979,1.0082527391703935,0.3383274433353325,0.0
2019-10-16,0.001646846322345732,0.0,9.24733691927093e-06,0.001637598985426461,1.0108544154388412,0.3357988203320635,0.0
2019-10-17,-0.0002662531034744662,0.0,9.210530171409172e-06,-0.00027546363364587534,1.0092626719447408,0.33689396943187133,0.0
2019-10-18,0.0012031835083376131,5.1317467662365515e-05,8.219178082404346e-06,0.0011436468625928432,0.9999999999957421,0.39999999998022484,0.25000000000520123
2019-10-21,-0.00028673109373342253,0.0,2.4644533460371678e-05,-0.0003113756271937942,1.000428520407713,0.4007448728720022,0.0
2019-10-22,0.001169089025739003,0.0,8.204273565703703e-06,0.0011608847521732994,0.9994948438181249,0.40058287352175453,0.0
2019-10-23,-0.0016482327720558794,0.0,8.18723863250288e-06,-0.0016564200106883823,0.9989545357873281,0.4012861156146178,0.0
2019-10-24,-0.0005189568395378919,0.0,8.259724865114503e-06,-0.0005272165644030064,1.0032608644987138,0.400300949345355,0.0
2019-10-25,-0.0032904417072778143,1.046138125707269e-06,8.219178082600799e-06,-0.003299707023486122,1.0000000000139846,0.3999999999841263,0.005163298424357088
2019-10-28,-0.00299555438131757,0.0,2.484213370693524e-05,-0.003020396515024505,1.002514837494638,0.39802291729254713,0.0
2019-10-29,0.0011825428168833207,0.0,8.313307407648305e-06,0.0011742295094756723,1.003095557611267,0.3962241168529409,0.0
2019-10-30,0.003527582032976529,0.0,8.282533114928679e-06,0.0035192994998616005,1.0015654777401464,0.39694056035035297,0.0
2019-10-31,0.004205598063582921,0.0,8.239957073541902e-06,0.0041973581065093786,1.0005805840099797,0.3990637176414212,0.0
2019-11-01,-0.004364653333769913,7.921749888716284e-07,8.230729359978369e-06,-0.004373676238118763,0.9999999999937556,0.3991567567153345,0.00390357168420713
2019-11-04,-0.004400484912299721,0.0,2.512902159218887e-05,-0.004425613933891909,1.0079992401369158,0.3965263813936532,0.0
2019-11-05,-0.006373918104722243,0.0,8.440744165141286e-06,-0.006382358848887384,1.0100433327094955,0.3938690086541816,0.0
2019-11-06,0.004896060513579096,0.0,8.540004500068815e-06,0.0048875205090790266,1.0134044375839886,0.38998410907896497,0.0
2019-11-07,-0.00506960580849609,0.0,8.426247972685754e-06,-0.0050780320564687755,1.0080756736330383,0.39295957162697837,0.0
2019-11-08,-0.001587014079805897,5.43555125488643e-05,1.1552748693945967e-05,-0.0016529223410487073,1.0000000000561433,0.1566493453980878,0.25000000003744155
2019-11-11,0.008575580477552368,0.0,3.477841590016694e-05,0.0085408020616522,1.0015938485693614,0.15531906166529927,0.0
2019-11-12,-0.0012022208552804987,0.0,1.1273118136714131e-05,-0.0012134939734172129,0.9854443285257676,0.16250670454563595,0.0
2019-11-13,0.0002738290819278387,0.0,1.132272674963534e-05,0.0002625063551782034,0.9880595162529323,0.1615004635295526,0.0
2019-11-14,0.004686365235335531,0.0,1.1361888730582684e-05,0.004675003346604948,0.9911497143089756,0.16173183697643945,0.0
2019-11-15,-0.0011657968293251263,5.091932977560529e-05,1.2264177809461236e-05,-0.0012289803369101928,1.000000000020633,0.10471501992996275,0.2500000000200585
2019-11-18,0.009552342816159227,0.0,3.6974033646355554e-05,0.009515368782512872,1.0033781250468188,0.10367663965216697,0.0
2019-11-19,0.004614565926074869,0.0,1.1964841251253504e-05,0.004602601084823616,0.9855951336587021,0.11216172231719629,0.0
2019-11-20,-0.003585491796299967,0.0,1.1790440658250024e-05,-0.003597282236958217,0.9769434440724115,0.11624127602015939,0.0
2019-11-21,-0.004211575370109217,0.0,1.1943189829952429e-05,-0.00422351855993917,0.9849153595403313,0.11306250195380389,0.0
2019-11-22,-0.0033275678693599586,4.273712729624906e-05,1.2217271995373876e-05,-0.0033825222686515817,1.0000000000573825,0.10813914439508965,0.21178922701051045
2019-11-25,0.006605137861015808,0.0,3.709769563122395e-05,0.0065680401653845834,1.0078779009776697,0.10516730728455374,0.0
2019-11-26,0.004537927709773563,0.0,1.2140129649535401e-05,0.004525787580124027,0.9972725739580927,0.11104310954200844,0.0
2019-11-27,0.0035805949752494184,0.0,1.2017423954856768e-05,0.0035685775512945615,0.9923322474851396,0.11506029878059552,0.0
2019-11-29,0.011289617927952474,0.0,2.3786627947865963e-05,0.011265831300004608,0.9864309401119914,0.11821902001488378,0.0
2019-12-02,-0.00397720832260758,5.3530992936677444e-05,2.764436496604211e-05,-0.0040583836805103,0.999999999993473,0.3273204524864483,0.25000000000003236
2019-12-03,-0.006142377534369621,0.0,9.263297918928111e-06,-0.006151640832288549,1.000881590510205,0.3246608424284532,0.0
2019-12-04,0.0024448054336684635,0.0,9.514741878028992e-06,0.0024352906917904345,1.0150661613869354,0.3204900042908191,0.0
2019-12-05,-0.0003423954816345081,0.0,9.457858203097792e-06,-0.00035185333983760587,1.0125739289720292,0.3221502801458906,0.0
2019-12-06,0.004793562254415473,0.0,9.478282390239007e-06,0.004784083972025234,1.0138357681847963,0.3219211536973489,0.0
2019-12-09,0.004906031459439484,5.238724231801914e-05,3.5626746579314904e-05,0.0048180174705421495,1.0000000000220801,0.13308249992541774,0.2500000000137884
2019-12-10,-0.002156014214323803,0.0,1.1669816568675693e-05,-0.0021676840308924787,0.9892234975524352,0.13732688803910958,0.0
2019-12-11,0.004117146463061152,0.0,1.1759688191377956e-05,0.004105386774869774,0.9939217560680088,0.13546451809741825,0.0
2019-12-12,-0.007672303692029734,0.0,1.164379345573109e-05,-0.007683947485485465,0.9890078930279308,0.1390109707595613,0.0
2019-12-13,0.0027983379378533563,0.0,1.1956203008287771e-05,0.0027863817348450686,1.0051585007760626,0.1323556811710556,0.0
2019-12-16,-0.005425717695650984,1.9642947535189524e-06,3.5541850273832093e-05,-0.005463223840678335,1.0000000000353308,0.13514831003875016,0.009674094361308394
2019-12-17,0.0021527455365189458,0.0,1.209059096945104e-05,0.0021406549455494947,1.0130483297471087,0.13043518897718265,0.0
2019-12-18,0.002533983898227666,0.0,1.2018254296388111e-05,0.002521965643931278,1.009637279405902,0.13230471576956992,0.0
2019-12-19,0.0007847449044075785,0.0,1.192637111923956e-05,0.0007728185332883389,1.0051245882628392,0.13449949655835147,0.0
2019-12-20,-0.001013936656029853,0.0,1.1918752575475095e-05,-0.0010258554086053282,1.0052487100392906,0.13517977202960882,0.0
2019-12-23,0.006504387469590314,5.039403661366743e-05,3.6996438775307255e-05,0.00641699699420134,1.000000000067302,0.0997533232014922,0.2500000000388916
2019-12-24,8.494908227033135e-06,0.0,1.2091649182769387e-05,-3.5967409557362514e-06,0.9882705931690604,0.10558020282689519,0.0
2019-12-26,-0.00346525832465122,0.0,2.4197621035179302e-05,-0.0034894559456863992,0.9888022452957264,0.1055890775116817,0.0
2019-12-27,-0.00020230566866730394,0.0,1.229360808599145e-05,-0.00021459927675329538,0.9999148138773097,0.10248142359993377,0.0
2019-12-30,0.0027403891258246287,0.0,3.691851811310039e-05,0.002703470607711528,1.0006516790860336,0.10230107166725745,0.0
2019-12-31,0.0003524944622789641,5.1866028419873186e-05,9.080877942959673e-06,0.00029154755591613124,1.0000000000832916,0.3370959102472355,0.25000000003314393
2020-01-02,0.008556912275712036,0.0,1.8141192300572074e-05,0.008538771083411464,0.9995035700975009,0.3373500511266203,0.0
2020-01-03,7.87456114207012e-05,0.0,8.88607173591854e-06,6.985953968478266e-05,0.9916615865089886,0.3429783497869354,0.0
2020-01-06,-0.0012613806634700652,0.0,2.648837962949572e-05,-0.001287869043099561,0.9875837022461051,0.3430331312617094,0.0
2020-01-07,-0.0014928174438850889,0.0,8.900581376862352e-06,-0.0015017180252619511,0.9919549159624876,0.34221247545153594,0.0
2020-01-08,0.0023745953075969607,1.5006160838520525e-05,8.159703479379483e-06,0.0023514294432790605,1.000000000043366,0.40434164604866385,0.07271489717683999
2020-01-09,0.0025752424604294794,0.0,8.123305445860452e-06,0.002567119154983619,0.9987634179072931,0.4057621203594803,0.0
2020-01-10,-0.005005587881917873,0.0,8.122183965086172e-06,-0.005013710065882959,1.0002112256993843,0.4072917962480936,0.0
2020-01-13,0.004222653185435901,0.0,2.4875044612351785e-05,0.004197778140823549,1.0096060703528928,0.4043133181189994,0.0
2020-01-14,-0.0006435039636845995,0.0,8.207783781638839e-06,-0.0006517117474662383,1.005996412852503,0.40682819679286764,0.0
2020-01-15,0.004248057526908149,1.9817739203966667e-05,7.345048058786093e-06,0.004220894739645396,1.0000000000186453,0.46381149172726055,0.09565180994949977
2020-01-16,0.007300977300315427,0.0,7.2199868589985086e-06,0.007293757313456429,0.9931512637486335,0.46609222304174214,0.0
2020-01-17,0.0048119211375836695,0.0,7.048404841798416e-06,0.0048048727327418715,0.9844989403158274,0.46996538686454303,0.0
2020-01-21,0.0059306389677175305,0.0,2.7656319651502754e-05,0.005902982648066028,0.9772348057756067,0.4725069721356815,0.0
2020-01-22,0.0007141895813290095,0.0,6.711759673222416e-06,0.0007074778216557871,0.9655884317557069,0.4756299756104704,0.0
2020-01-23,0.00040896729999959736,7.078230429181534e-06,7.343883809536771e-06,0.00039454518576087906,1.0000000000404239,0.4638964819442397,0.03424443896071064
2020-01-24,0.0015736354346601986,0.0,7.341345941205219e-06,0.0015662940887189933,1.0000405857205206,0.4641223320125396,0.0
2020-01-27,-0.004525953399299899,0.0,2.1618200288254835e-05,-0.004547571599588154,0.9910105649817373,0.46496769130086996,0.0
2020-01-28,0.0021903904534761845,0.0,7.197190944205415e-06,0.002183193262531979,0.9879401342222158,0.4625451952952206,0.0
2020-01-29,0.0039833164708752734,0.0,7.256234265938512e-06,0.003976060236609335,0.9934282898215957,0.4637231884080843,0.0
2020-01-30,0.005553692426258954,8.261480987174112e-06,6.849315068547083e-06,0.005538581630203232,1.000000000010777,0.5000000000068398,0.040221398545367715
2020-01-31,-0.005208656368385021,0.0,6.6952670630593784e-06,-0.0052153516354480805,0.9915235605292004,0.5027690649258658,0.0
2020-02-03,0.00502447397774582,0.0,2.0198251396852956e-05,0.005004275726348967,0.9916597495802603,0.5001689655901719,0.0
2020-02-04,0.0013910087315316965,0.0,6.648085826167389e-06,0.0013843606457055293,0.9879881660612366,0.5026779007510174,0.0
2020-02-05,0.0027946499443513126,0.0,6.76618311329677e-06,0.002787883761238016,0.9973034282818016,0.5033720610111376,0.0
2020-02-06,0.001902154210756442,2.326175343095405e-06,6.849315068409901e-06,0.0018929787203449365,1.0000000000076987,0.5000000000137758,0.011583028063609363
2020-02-07,-0.00029588130201383946,0.0,6.835910889713637e-06,-0.0003027172129035531,0.9999753541782322,0.5009538592291368,0.0
2020-02-10,0.009915019542086727,0.0,2.0455371671204616e-05,0.009894564170415522,0.9985569589405083,0.5008095816078626,0.0
2020-02-11,-0.001802127809021463,0.0,6.579377903487732e-06,-0.0018087071869249507,0.9860153020368639,0.5057207150822597,0.0
2020-02-12,-0.0013155339642588132,0.0,6.643486227562073e-06,-0.0013221774504863753,0.9898061745730021,0.5048316799609708,0.0
2020-02-13,0.0002462698656402566,1.5372314100898487e-05,6.849315068813055e-06,0.00022404823647054504,1.000000000018052,0.499999999994699,0.07278482658761723
2020-02-14,0.00043533457830582494,0.0,6.83092704766732e-06,0.00042850365125815765,0.9987918901510341,0.5001342156713194,0.0
2020-02-18,-0.008705173551972463,0.0,2.7383676238256495e-05,-0.00873255722821072,1.0001072375907156,0.5003551462425346,0.0
2020-02-19,-0.00047531762066293934,0.0,7.138680537414086e-06,-0.0004824563012003534,1.0171048357552506,0.49598115652402236,0.0
2020-02-20,0.0027604302736522705,0.0,7.211405500027443e-06,0.0027532188681522432,1.0221776157112568,0.49574501420925343,0.0
2020-02-21,-0.002435291505430389,1.4205547286627503e-05,6.849315068819479e-06,-0.002456346367785836,1.0000000000253448,0.5000000000015229,0.06713036402003716
2020-02-24,-0.004536950130368835,0.0,2.045793869514849e-05,-0.0045574080690639835,0.9965997508599825,0.498789909278036,0.0
2020-02-25,-0.0063338268461072935,0.0,6.6460058953536975e-06,-0.006340472852002647,0.9816742145497673,0.49651578418894726,0.0
2020-02-26,0.0031265897163709746,0.0,6.615283493026153e-06,0.0031199744328779485,0.9762254695670771,0.4933097745761679,0.0
2020-02-27,-0.006885401702442918,0.0,6.506458903859035e-06,-0.0068919081613467775,0.9698638129108814,0.4948923129291719,0.0
2020-02-28,0.01150474624792842,3.6024035405061545e-05,8.405289605017193e-06,0.011460316922918342,1.0000000000451357,0.38641385887888063,0.17047144854626795
2020-03-02,0.0008091774720427484,0.0,2.4180462413899596e-05,0.0007849970096288489,0.9818012538968026,0.39341000182524594,0.0
2020-03-03,-0.01009437681404112,0.0,8.395763900492667e-06,-0.010102772577941612,1.0068007258916831,0.3939099611557184,0.0
2020-03-04,0.01094574203274287,0.0,8.576645785460337e-06,0.010937165386957411,1.0138279025779982,0.3877327602393935,0.0
2020-03-05,-0.00042799360706211015,0.0,8.548521501517161e-06,-0.0004365421285636273,1.0184073337659525,0.39436526415519974,0.0
2020-03-06,0.00955991490854728,5.1053938785923836e-05,6.180853720997227e-06,0.009502680116040359,0.7500000000103892,0.2987976783775915,0.24999999999746492
2020-03-09,-0.0008240438046721723,0.0,1.73062311249236e-05,-0.0008413500357970959,0.7265732432883669,0.3054549525818928,0.0
2020-03-10,-0.007804652438277089,0.0,5.244259200812503e-06,-0.007809896697477901,0.6877183474831643,0.3048874258238516,0.0
2020-03-11,-0.007150565057934079,0.0,5.7130433015454626e-06,-0.007156278101235624,0.716473383212808,0.299421222199989,0.0
2020-03-12,-0.017818121850866692,0.0,5.559390686898859e-06,-0.01782368124155359,0.7002128231325522,0.29437730298893555,0.0
2020-03-13,0.0077710335507042705,5.17044673030012e-05,5.091430244853323e-06,0.007714237653156416,0.5000000000363287,0.12832559216203632,0.25000000003509876
2020-03-16,-0.002649852099165943,0.0,1.5818863052492716e-05,-0.0026656709622184358,0.5199804486462928,0.13505478103563662,0.0
2020-03-17,0.012881637056187159,0.0,4.8235341535922795e-06,0.012876813522033567,0.48487681348087563,0.13275882026863922,0.0
2020-03-18,0.005284762891593117,0.0,4.564599301076671e-06,0.00528019829229204,0.47700466326758834,0.14378891428899132,0.0
2020-03-19,-0.013023079075388019,0.0,4.114886515060364e-06,-0.01302719396190308,0.44867738862153667,0.1482906730221302,0.0
2020-03-20,0.008244464192777978,4.3204235729556645e-05,5.780055741651043e-06,0.008195479901306769,0.5000000000575936,0.0780559309170674,0.21032901725991332
2020-03-23,0.007406245771268198,0.0,1.6482231489413117e-05,0.007389763539778785,0.48666650418974244,0.08559887128068991,0.0
2020-03-24,0.0046888234057694276,0.0,5.477753456773275e-06,0.004683345652312655,0.4921988751967159,0.09232287285226685,0.0
2020-03-25,0.0003646963604424596,0.0,5.612681389316032e-06,0.0003590836790531436,0.5062852162813255,0.09655947486125517,0.0
2020-03-26,0.009520550945574238,0.0,5.6495395570424974e-06,0.009514901406017195,0.5093057674908306,0.09688937982672828,0.0
2020-03-27,0.004897803637964783,3.366781945221263e-05,5.567632717253422e-06,0.004858568185795316,0.5000000000326541,0.09356281167315432,0.1664168554456365
2020-03-30,0.0033547596229875415,0.0,1.621397601733731e-05,0.003338545646970204,0.49252463377897615,0.09798455069043509,0.0
2020-03-31,0.00021354105141637307,0.0,5.333364312301537e-06,0.00020820768710407152,0.4903377049562314,0.10100211015821912,0.0
2020-04-01,0.003349578043445434,0.0,5.258393320125281e-06,0.0033443196501253087,0.48505729408897363,0.10119458171982815,0.0
2020-04-02,-0.0064021010035518605,0.0,5.149202436452377e-06,-0.006407250205988313,0.48008747391054024,0.1041956960495167,0.0
2020-04-03,-0.01508807418140675,2.710186020531774e-06,5.64400483461442e-06,-0.015096428372261897,0.4999999999963237,0.08798764706947104,0.013195740777039396
2020-04-06,0.0023729454299414292,0.0,1.8454946689641298e-05,0.002354490483251788,0.5230873341418363,0.07401696469389799,0.0
2020-04-07,-0.0037992448260972377,0.0,6.157057859207215e-06,-0.003805401883956445,0.5256756970118812,0.0762104732897546,0.0
2020-04-08,0.0025550026915469063,0.0,6.266768366172786e-06,0.0025487359231807336,0.5301619256180923,0.07268783488747887,0.0
2020-04-09,0.012464200824355561,0.0,6.195701288458598e-06,0.012458005123067103,0.5273377450523922,0.07505155099491463,0.0
2020-04-13,-0.00014343959469638709,3.2779507957624895e-05,2.243032763478678e-05,-0.00019864943028879875,0.5000000000177078,0.09064652068284915,0.1611115727533977
2020-04-14,0.008067247508372661,0.0,5.626079627157878e-06,0.008061621428745504,0.501224875828281,0.09052106304575594,0.0
2020-04-15,0.008506073378210757,0.0,5.380385383240815e-06,0.008500692992827517,0.49056801788281906,0.09779988490623967,0.0
2020-04-16,-0.0023245765405940527,0.0,5.161871132940659e-06,-0.0023297384117269932,0.4822264937816587,0.1054099010769906,0.0
2020-04-17,-0.0037586665925685666,0.0,5.26056080401118e-06,-0.003763927153372578,0.4873469858903007,0.10332604719748445,0.0
2020-04-20,0.00741738409509216,3.347112043906284e-05,1.034109437472426e-05,0.007373571880278373,0.5000000000061964,0.2483667035545727,0.15148547372604262
2020-04-21,0.014592904456808666,0.0,3.2630172498319716e-06,0.014589641439558834,0.4921121096074432,0.2539118503697093,0.0
2020-04-22,0.0026658980184707947,0.0,2.8429440365803086e-06,0.0026630550744342145,0.472178612831471,0.26464369816110855,0.0
2020-04-23,0.00026571134597093193,0.0,2.7796462239421663e-06,0.0002629316997469898,0.46951380103865603,0.2665996266908779,0.0
2020-04-24,0.0015313484933453182,0.0,2.8043469652399047e-06,0.0015285441463800784,0.4715125175868011,0.2667951891242881,0.0
2020-04-27,0.01122852533277863,5.245866948907043e-05,1.669531948999091e-05,0.01115937134379957,0.7186856844726096,0.31243291021616415,0.25000000004162515
2020-04-28,0.0031427576673118225,0.0,5.105903196008919e-06,0.0031376517641158136,0.6928203719485826,0.32008943863993145,0.0
2020-04-29,-0.0064021178868670274,0.0,5.0407004233351254e-06,-0.006407158587290363,0.6901923093616825,0.32222117845821835,0.0
2020-04-30,-0.010203891271508687,0.0,5.231716297270257e-06,-0.010209122987805956,0.6997709015852847,0.3178556118845559,0.0
2020-05-01,0.0042065972772145745,0.0,5.475971956768926e-06,0.0042011213052578055,0.7105709238134861,0.3108249709693545,0.0
2020-05-04,-0.0046407297028446225,8.973564183001637e-06,1.6248523652496976e-05,-0.004665951790680121,0.7499999999917564,0.3546192577809966,0.04448549450526436
2020-05-05,-0.011341400157601125,0.0,5.581855674743504e-06,-0.011346982013275869,0.7590946304123913,0.35161916615611555,0.0
2020-05-06,0.002391138191627668,0.0,5.953018283963382e-06,0.0023851851733437046,0.7787535413830124,0.34418320665368546,0.0
2020-05-07,0.005080331638614301,0.0,5.786517933559382e-06,0.005074545120680741,0.7681654770136709,0.3457496678638359,0.0
2020-05-08,-0.009111933452334171,0.0,5.729393594502552e-06,-0.009117662845928673,0.767304417852038,0.3490586854533516,0.0
2020-05-11,0.0010082668951918042,6.16404898531798e-06,1.6020395581222387e-05,0.000986082450625264,0.7499999999864179,0.3601703741766731,0.029714813441359192
2020-05-12,0.0037106154325423765,0.0,5.2650039400491346e-06,0.0037053504286023273,0.7451681276251413,0.3608228400015545,0.0
2020-05-13,0.004868621808838637,0.0,5.192886968459805e-06,0.004863428921870177,0.7422684663663354,0.3631877176687698,0.0
2020-05-14,-0.002638594669227021,0.0,5.0972875100394845e-06,-0.0026436919567370608,0.7383769753448131,0.36627498711193074,0.0
2020-05-15,-0.004048583368849027,0.0,5.248058480283482e-06,-0.004053831427329311,0.7477085523397266,0.3646002832790325,0.0
2020-05-18,-0.014762604055123574,2.157757146618474e-05,1.94087988925359e-05,-0.014803590425482295,0.7500000000160532,0.2777192269643465,0.09871960874344307
2020-05-19,0.0016669723355097219,0.0,6.848856431773847e-06,0.001660123479077948,0.7668743364316408,0.26690781691214993,0.0
2020-05-20,-0.004760037792476453,0.0,6.8424552419428145e-06,-0.004766880247718396,0.767628893563984,0.2681296609021588,0.0
2020-05-21,-0.004525049621144181,0.0,7.017830615737854e-06,-0.004532067451759918,0.7769327227639838,0.2646310878151205,0.0
2020-05-22,0.006386163809687249,0.0,7.141208760245325e-06,0.006379022600927003,0.7825984626075031,0.2612902231095944,0.0
2020-05-26,-0.00620690698689519,7.133042377968761e-06,2.5813699379517324e-05,-0.006239853728652676,0.7499999999899649,0.2788999863137739,0.03428301085089852
2020-05-27,0.0038009721655599365,0.0,6.558076325170908e-06,0.0037944140892347657,0.7531449001761753,0.27440532843869914,0.0
2020-05-28,-0.0012044117704115569,0.0,6.430599149827615e-06,-0.0012108423695613845,0.7465883989908764,0.27715466105346065,0.0
2020-05-29,-0.002446779452002657,0.0,6.459899539566257e-06,-0.0024532393515422236,0.7478574529970768,0.2762847866087402,0.0
2020-06-01,-0.0023409680249679857,0.0,1.9783852931916078e-05,-0.002360751877899902,0.7559185374569276,0.2745114494469697,0.0
2020-06-02,-0.004510042244503249,5.276782260777025e-05,8.501696847085613e-06,-0.004571311763958105,0.9821586224012092,0.3615347525639596,0.24999999999047828
2020-06-03,-0.0061308316415927735,0.0,8.626854892692454e-06,-0.006139458496485466,0.9884246837126925,0.3586642765461433,0.0
2020-06-04,-0.004390040043763372,0.0,8.699421021353117e-06,-0.004398739464784725,0.9897689140279183,0.3547111794691407,0.0
2020-06-05,-0.010119445007756132,0.0,8.825992246178443e-06,-0.01012827100000231,0.9961663530973959,0.35186891912636964,0.0
2020-06-08,0.004680406891456314,0.0,2.7293673382677036e-05,0.004653113218073637,1.0093922737225967,0.34524622141078876,0.0
2020-06-09,0.002752795838251445,6.857980435857015e-06,8.573678664000802e-06,0.002737364179151587,0.9999999999791487,0.37412145750708997,0.03329940907532998
2020-06-10,0.004701963391361181,0.0,8.568607960593001e-06,0.004693394783400588,1.001353808658398,0.37584542753510886,0.0
2020-06-11,0.010302850396317028,0.0,8.543767844300579e-06,0.010294306628472728,1.00246472794221,0.3787696753082679,0.0
2020-06-12,-0.0013891004148209674,0.0,8.167786633600308e-06,-0.0013972682014545678,0.9813565290416015,0.3851081047887792,0.0
2020-06-15,-0.001977912180691073,0.0,2.4605280266369868e-05,-0.002002517460957443,0.9829843994240002,0.3842559129423335,0.0
2020-06-16,-0.003585367588502972,2.060613190095308e-05,9.672076218071842e-06,-0.003615645796621997,1.000000000004394,0.2939384360851496,0.09399921484201126
2020-06-17,0.0026937329074439792,0.0,9.779474543350996e-06,0.0026839534329006283,1.0053083335418627,0.29140669187724,0.0
2020-06-18,-0.00032611434358405765,0.0,9.712114474977382e-06,-0.00033582645805903504,1.0022975425259488,0.2933131858525999,0.0
2020-06-19,-9.17890580194562e-05,0.0,9.762579500416728e-06,-0.00010155163751987293,1.0057538009039282,0.29308549737350725,0.0
2020-06-22,-0.001891910242866857,0.0,2.945158892320325e-05,-0.0019213618317900601,1.009678795792836,0.29302346532822365,0.0
2020-06-23,0.002777298371915455,2.3657005436736172e-05,1.043656222768216e-05,0.002743204804251037,1.0000000000338094,0.2381309574130116,0.11218566119447689
2020-06-24,0.007433312075563676,0.0,1.0362876290323382e-05,0.007422949199273353,0.9967391722106002,0.24024920301699337,0.0
2020-06-25,0.00016282356925274497,0.0,1.0069709249795894e-05,0.00015275386000294908,0.9809463023933029,0.24585752715820264,0.0
2020-06-26,0.00614747203353262,0.0,1.0087060484648982e-05,0.00613738497304797,0.9823381912883168,0.24598277590894105,0.0
2020-06-29,-0.007913254240233659,0.0,2.962647129827007e-05,-0.00794288071153193,0.9715030683215197,0.2505922667302812,0.0
2020-06-30,-0.002584454309341075,5.228812999756766e-05,8.469840643760049e-06,-0.0026452122799824024,0.749999999994321,0.1317016329998374,0.2500000000072116
2020-07-01,-0.0027887966223615005,0.0,8.55797819834247e-06,-0.002797354600559843,0.7541920353642954,0.12945962688529522,0.0
2020-07-02,-0.000826856301403267,0.0,8.633668344924031e-06,-0.0008354899697481911,0.7572839566764272,0.12702616749697285,0.0
2020-07-06,-0.0024669615118579624,0.0,3.471445829683673e-05,-0.002501675970154799,0.7598437015378027,0.12630483762053224,0.0
2020-07-07,0.0016762537910016643,0.0,8.770313767329302e-06,0.001667483477234335,0.7643813603311094,0.12414845531607036,0.0
2020-07-08,-0.00018800551163909406,5.1723624494985956e-05,1.0184846076660995e-05,-0.000249913982210741,0.9999999999834854,0.256506236387233,0.24999999999291253
2020-07-09,0.006585834489261691,0.0,1.0237890469525613e-05,0.006575596598792165,1.003748308673624,0.2563823043982544,0.0
2020-07-10,-0.0015424425099067065,0.0,1.00657998277575e-05,-0.001552508309734464,0.9960536499759586,0.2612502625496611,0.0
2020-07-13,0.0037929941365450978,0.0,3.0346198414645764e-05,0.003762647938130452,0.9985358069539467,0.26011164553089966,0.0
2020-07-14,0.00023194222239064633,0.0,9.922932907345964e-06,0.00022201928948330037,0.9872894838850367,0.26291538164878125,0.0
2020-07-15,-0.0054796037915148255,2.098091863036855e-06,1.0164869185503165e-05,-0.0054918667525633656,1.0000000000005789,0.2579645494588477,0.010143196748765076
2020-07-16,0.0005703693839871743,0.0,1.0368239912343485e-05,0.0005600011440748308,1.0107607300966464,0.2538792164955717,0.0
2020-07-17,0.0006370584918827137,0.0,1.0310067163483925e-05,0.0006267484247192298,1.006942076505739,0.2543071735714125,0.0
2020-07-20,0.007157478795676081,0.0,3.093044766358955e-05,0.007126548348012491,1.007425439397636,0.25478454625029007,0.0
2020-07-21,-0.002501425995168592,0.0,1.0157431210883555e-05,-0.0025115834263794755,1.001580970228648,0.26008849183414845,0.0
2020-07-22,-0.0020180743154343626,5.283643709922402e-05,1.041378586832847e-05,-0.0020813245384019153,1.0000000000133087,0.23979363162533018,0.25000000000836115
2020-07-23,-0.005261391462577445,0.0,1.0552084522572579e-05,-0.0052719435471000175,1.0085736477307887,0.23827147758299072,0.0
2020-07-24,-0.0020183718365781706,0.0,1.0699836107621711e-05,-0.0020290716726857924,1.015333048459431,0.23424501260304623,0.0
2020-07-27,0.005234067430203311,0.0,3.2316980436328736e-05,0.005201750449766982,1.0190786606005449,0.23269880331654555,0.0
2020-07-28,-0.0014928759527609047,0.0,1.068872905755873e-05,-0.0015035646818184634,1.0169788292523985,0.23670160805061108,0.0
2020-07-29,-0.0014579287234561136,4.0304748628837916e-05,8.619895126079565e-06,-0.0015068533672110312,1.0000000000013916,0.37074765579758345,0.17772356049588123
2020-07-30,0.005066808348177745,0.0,8.749493235677254e-06,0.005058058854942068,1.0085600385245714,0.36984703232013194,0.0
2020-07-31,0.0024570348397502284,0.0,8.569382074482486e-06,0.0024484654576757458,0.9985919393427398,0.37302704790551844,0.0
2020-08-03,-0.015039916343230363,0.0,2.5741361975250412e-05,-0.015065657705205614,1.0009401098591646,0.37456696846140447,0.0
2020-08-04,-0.0006924810532639341,0.0,9.18043650423341e-06,-0.0007016614897681674,1.0351982799511017,0.36502641514206274,0.0
2020-08-05,-0.001611329232308135,9.87688673447686e-06,8.284166887652124e-06,-0.001629490285930264,0.9999999999887462,0.39525581719014086,0.04465082168788818
2020-08-06,0.006722220152033308,0.0,8.370273795179552e-06,0.006713849878238128,1.005316961801169,0.3942869747530618,0.0
2020-08-07,-0.006034614564262361,0.0,8.230739667678654e-06,-0.006042845303930039,0.9991788303646975,0.39833483462415564,0.0
2020-08-10,0.0018143255676811828,0.0,2.4993491688664802e-05,0.0017893320759925179,1.0028602063447403,0.39468524192056353,0.0
2020-08-11,-0.00828416696436555,0.0,8.230293268465614e-06,-0.008292397257634015,0.9966027739008972,0.39579136530290737,0.0
2020-08-12,-0.0009696446386549914,9.944602505109065e-06,8.139431589954643e-06,-0.000987728672750055,1.0000000000048999,0.4058214939382111,0.048935943776024816
2020-08-13,-0.0019990718774463728,0.0,8.227916416333534e-06,-0.002007299793862706,1.0058900268388637,0.4052521284465157,0.0
2020-08-14,-0.005846896957261686,0.0,8.354015629947598e-06,-0.005855250972891633,1.0139072754089784,0.4040641344228035,0.0
2020-08-17,0.002574154760161336,0.0,2.561856816807422e-05,0.002548536191993262,1.0239477909639514,0.40056263220747873,0.0
2020-08-18,0.0009590423011723571,0.0,8.571392010316763e-06,0.0009504709091620404,1.0278236067609943,0.40211199000787057,0.0
2020-08-19,-0.0035109248011822246,5.152488088242828e-05,1.028006824967204e-05,-0.003572729750314325,1.0000000000020401,0.249555017775981,0.24886196911313818
2020-08-20,0.005597838941843184,0.0,1.0369131888632252e-05,0.005587469809954552,1.0038729217612727,0.24692629389111848,0.0
2020-08-21,0.00025229458800708364,0.0,1.0218141292342478e-05,0.00024207644671474116,0.9970453161576662,0.25112100181666563,0.0
2020-08-24,-0.0013179645390864636,0.0,3.0753969877811325e-05,-0.001348718508964275,0.9996590599375182,0.25131245957744286,0.0
2020-08-25,-0.0019135984387523282,0.0,1.0322018851184786e-05,-0.001923920457603513,1.003839498741992,0.2503321226055029,0.0
2020-08-26,0.003615961604003306,3.9461690159747e-05,1.1806930572995674e-05,0.0035646929832705634,1.0000000000169555,0.13809406818827155,0.18555282375897014
2020-08-27,-0.006012519716551774,0.0,1.1712370332932029e-05,-0.006024232086884706,0.9962097056657191,0.14120667136168086,0.0
2020-08-28,0.002345929716722619,0.0,1.1900503718148103e-05,0.002334029213004471,1.00475030013384,0.13601352870902847,0.0
2020-08-31,0.0018960737041709389,0.0,3.553111692179895e-05,0.00186054258724914,1.0026277871562759,0.13803727539250135,0.0
2020-09-01,0.003032850498691421,0.0,1.1815575696021637e-05,0.0030210349229953994,1.0022105064472162,0.1396734806376367,0.0
2020-09-02,0.0031581293640273672,5.620545868258799e-06,1.1578857789664574e-05,0.003140929960369444,1.000000000017676,0.15474338137216206,0.02680521107970883
2020-09-03,-0.0022123076373078087,0.0,1.1489279437435974e-05,-0.0022237969167452445,0.9961245049736768,0.1574071060408507,0.0
2020-09-04,-0.0019367496230961881,0.0,1.1457595228333782e-05,-0.0019482072183245218,0.9919451409772224,0.1555406893088564,0.0
2020-09-08,0.004982636836248413,0.0,4.581807858252876e-05,0.004936818757665884,0.9900837102645004,0.15390377613335063,0.0
2020-09-09,0.0008427634860734896,0.0,1.1183352699130306e-05,0.0008315801333743592,0.9744906199669315,0.15810587293041903,0.0
2020-09-10,0.0009580475163987193,5.995114845227574e-06,1.1825194992179771e-05,0.000940227206561312,0.9999999999946809,0.13676076556555744,0.027640991944884744
2020-09-11,-0.001509064172001706,0.0,1.1759986819473185e-05,-0.0015208241588211791,0.9960684855613978,0.1375894477398554,0.0
2020-09-14,0.0024979209889561074,0.0,3.5438233436679826e-05,0.0024624827555194276,0.9986180000824817,0.13628765312327265,0.0
2020-09-15,-0.002052596392464697,0.0,1.1743704651368516e-05,-0.002064340097116065,0.9957350960828244,0.13844465653292262,0.0
2020-09-16,-0.004382332353084811,0.0,1.1853413000880172e-05,-0.004394185766085691,1.0019733512405042,0.13667420217625165,0.0
2020-09-17,-0.0014833513225567191,2.6345552705361184e-05,1.2000232089379728e-05,-0.00152169710735146,1.0000000000198948,0.12398305749517471,0.1304863390724724
2020-09-18,-0.0018090305733014208,0.0,1.2062578157502118e-05,-0.0018210931514589229,1.003254603206778,0.12268639770912332,0.0
2020-09-21,0.0035889411364443133,0.0,3.636522623499589e-05,0.0035525759102093173,1.005985069406191,0.1210978976879575,0.0
2020-09-22,0.0018256836482789624,0.0,1.1977392239708504e-05,0.001813706256039254,0.998595080939591,0.12424544744087018,0.0
2020-09-23,-0.0030092683492209745,0.0,1.1909828644671202e-05,-0.0030211781778656456,0.9952603801149915,0.12584288905399393,0.0
2020-09-24,-0.0024090449272206,7.512892576552014e-06,1.2100569192124734e-05,-0.0024286583889892768,1.0000000000336662,0.11665844900856084,0.035082649654104375
2020-09-25,0.0007442884001520112,0.0,1.2192938216365055e-05,0.0007320954619356462,1.0046120421768525,0.11452755238220352,0.0
2020-09-28,0.0010853812025796664,0.0,3.650942105857085e-05,0.0010488717815210955,1.0035834249523867,0.11518751252716278,0.0
2020-09-29,0.007011433197330533,0.0,1.2151022696505507e-05,0.006999282174634028,1.003175722998962,0.11615106615405979,0.0
2020-09-30,-0.0056399547352866085,0.0,1.1881270083911057e-05,-0.0056518360053705195,0.9896391581772022,0.12230644205169508,0.0
2020-10-01,0.006531236466429603,5.033950031722876e-05,1.2225311304047799e-05,0.006468671654808327,0.9999999999831704,0.10755227478768112,0.25000000000184064
2020-10-02,0.0031489129340417773,0.0,1.2010801099076458e-05,0.0031369021329427007,0.990138765707973,0.11335028547539164,0.0
2020-10-05,-0.007157648368983363,0.0,3.548817690579589e-05,-0.007193136545889159,0.9796805326518531,0.11613489461081972,0.0
2020-10-06,-0.0036427615636353845,0.0,1.2147706985847619e-05,-0.003654909270621232,0.9965494238894648,0.10976681392258869,0.0
2020-10-07,-0.0004851577627379536,0.0,1.2239279132654908e-05,-0.0004973970418706084,0.9999807256694142,0.10651334898560577,0.0
2020-10-08,-0.0021035871378170625,5.335165719759664e-05,9.392628470293438e-06,-0.002166331423484953,1.0000000000327527,0.3143381217013318,0.24823142849738844
2020-10-09,0.004362646024139967,0.0,9.526433327475424e-06,0.004353119590812492,1.0083420394483122,0.3129124065426063,0.0
2020-10-12,0.007273980363542541,0.0,2.8259396082676377e-05,0.007245720967459865,1.0035452071908424,0.31589990251238376,0.0
2020-10-13,-0.003724811978481705,0.0,9.266298461311456e-06,-0.0037340782769430167,0.9972888875016632,0.320849099825927,0.0
2020-10-14,-0.0022970616652195743,0.0,9.376490519748417e-06,-0.0023064381557393225,1.002796701048501,0.3183128931068666,0.0
2020-10-15,-0.003164803391558233,1.079160647185779e-05,9.279936549657414e-06,-0.0031848749345797485,1.0000000000262836,0.3225646319012925,0.050074327099910096
2020-10-16,0.0010532396397784597,0.0,9.377682637926107e-06,0.0010438619571405336,1.0049911597469001,0.3204203271782943,0.0
2020-10-19,-0.002466169586691476,0.0,2.7965455508880026e-05,-0.0024941350422003562,1.0016310934352097,0.3211383427191292,0.0
2020-10-20,-0.0012283486480504995,0.0,9.332480321411515e-06,-0.001237681128371911,1.000740035353165,0.31946897189012446,0.0
2020-10-21,0.004421282441801426,0.0,9.386582788989742e-06,0.004411895859012436,1.0038555353544631,0.3186349917582121,0.0
2020-10-22,-0.0007643408811761482,3.198859623051154e-05,1.126777244855742e-05,-0.0008075972498552171,0.9999999999698623,0.17745261122517056,0.14478671776700405
2020-10-23,0.0071685483666676835,0.0,1.1292996053641596e-05,0.007157255370614042,1.0012197905526268,0.17683107863679043,0.0
2020-10-26,-0.00013890975260947593,0.0,3.31256523548637e-05,-0.00017203540496433964,0.9887495939586557,0.182692053323639,0.0
2020-10-27,-0.0037888955221233086,0.0,1.099450816281778e-05,-0.0037998900302861262,0.9851836504645146,0.18258455457881667,0.0
2020-10-28,0.0015871008729841747,0.0,1.1168214088243865e-05,0.0015759326588959308,0.994757282848133,0.1794776544063311,0.0
2020-10-29,0.002426127505088454,3.5027165456040445e-05,1.3507291421156776e-05,0.002377593048211257,1.0000000000068505,0.01396772626240586,0.17053300189545695
2020-10-30,-0.002428353293541793,0.0,1.3431384291473882e-05,-0.002441784677833267,0.9968460215861337,0.01635496830854019,0.0
2020-11-02,-0.001318448157660182,0.0,4.035275679900191e-05,-0.001358800914459184,0.9958777861572814,0.013960704048235156,0.0
2020-11-03,0.0048083483773419195,0.0,1.3551616393712076e-05,0.004794796760948208,1.0019274543140835,0.012659457573101857,0.0
2020-11-04,0.0016065514137058267,0.0,1.3408010766363979e-05,0.0015931434029394626,0.9961692369854726,0.017384451040902,0.0
2020-11-05,0.010958729896824355,1.14650857731054e-05,1.3341909982321646e-05,0.010933922901068927,1.0000000000037768,0.02604057129429657,0.05388328479335438
2020-11-06,0.005413120898663457,0.0,1.2984211181847171e-05,0.00540013668748161,0.984446545409757,0.03659912913491353,0.0
2020-11-09,-0.011033428449591499,0.0,3.8225764832399346e-05,-0.011071654214423899,0.971946874288078,0.04178659669969398,0.0
2020-11-10,-0.011035351877010477,0.0,1.3150708804717517e-05,-0.011048502585815195,0.9910992114145412,0.031097468670162443,0.0
2020-11-11,-0.002564104914449367,0.0,1.3570171995047737e-05,-0.0025776750864444148,1.0109088051113946,0.020286249472909856,0.0
2020-11-12,0.005961269591417722,4.16205187011026e-06,1.3227403609547922e-05,0.005943880135938064,1.000000000013963,0.034399536516964674,0.0203654838442993
2020-11-13,0.00204857076232266,0.0,1.2983868702368685e-05,0.0020355868936202913,0.9879447390977064,0.04012232382479247,0.0
2020-11-16,0.00919372550299485,0.0,3.882647580315267e-05,0.009154899027191698,0.9868628043284502,0.042085226451734986,0.0
2020-11-17,-5.317396706178013e-05,0.0,1.2611800782784687e-05,-6.578576784456482e-05,0.9714752142822125,0.05081375713893074,0.0
2020-11-18,-0.0005809965021535498,0.0,1.2612714903649948e-05,-0.0005936092170571997,0.9714921106819498,0.05076392271550348,0.0
2020-11-19,0.006041265198853119,7.909519150285496e-06,1.3393284000704978e-05,0.006019962395702128,1.000000000000278,0.022290267948814668,0.03662996999957343
2020-11-20,-0.0033863818002402213,0.0,1.3184340035952828e-05,-0.003399566140276174,0.9906188215974197,0.028161998972863367,0.0
2020-11-23,-0.0034403815189453283,0.0,3.992356216120488e-05,-0.0034803050811065333,0.9963334767542933,0.02486013083164118,0.0
2020-11-24,-0.007912097959508818,0.0,1.3458388670261219e-05,-0.00792555634817908,1.0039569298574587,0.021494556928389807,0.0
2020-11-25,-0.005214212907978216,0.0,1.3833589175393084e-05,-0.005228046497153609,1.0235429773069846,0.013690967503289464,0.0
2020-11-27,0.00785457729908409,3.8000300928966196e-05,2.9891069789895087e-05,0.00778668592836523,1.000000000017001,-0.09102404731416963,0.18497621515363852
2020-11-30,-0.0013727700616752393,0.0,4.395026657138266e-05,-0.001416720328246622,0.9869296272891033,-0.0825268592812084,0.0
2020-12-01,0.0034952021725190895,0.0,1.4723930165236846e-05,0.0034804782423538527,0.9908282417754259,-0.08401866028686408,0.0
2020-12-02,0.0049837220219970495,0.0,1.4575463890623431e-05,0.004969146558106426,0.9837646939890187,-0.08024417002649199,0.0
2020-12-03,0.009762276605799486,0.0,1.4365490009326369e-05,0.009747911115790158,0.9737924536989029,-0.07488831698192186,0.0
2020-12-04,-0.006692641190442393,9.266937507009826e-06,1.4834078968663239e-05,-0.0067167422069180655,0.9999999999949559,-0.08288776471746057,0.04352278027615241
2020-12-07,0.009605649052855658,0.0,4.530643193285607e-05,0.009560342620922802,1.012270347249979,-0.09018616311618532,0.0
2020-12-08,-0.0003189245885933776,0.0,1.4724790085184673e-05,-0.0003336493786785623,0.9950922441528212,-0.07981743206565983,0.0
2020-12-09,-0.000246226671310218,0.0,1.4748298937771455e-05,-0.00026097497024798945,0.9964627194335463,-0.08016310302376996,0.0
2020-12-10,-0.00907432843885371,0.0,1.4706089472356559e-05,-0.009089034528326066,0.9931142114865807,-0.080430319995448,0.0
2020-12-11,-0.0013135124888041555,5.044702472330454e-05,1.4802277683823824e-05,-0.0013787617912112838,0.9999999999964031,-0.08056627092273602,0.2500000000039912
2020-12-14,-0.003747583655113101,0.0,4.4512548766055977e-05,-0.003792096203879157,1.0011458546452465,-0.08199283199544874,0.0
2020-12-15,-0.0013591046659973552,0.0,1.4993417436240219e-05,-0.0013740980834335953,1.0084526836503875,-0.08606678919514876,0.0
2020-12-16,-0.000879824068095486,0.0,1.5105978379878595e-05,-0.0008949300464753646,1.0151902308168441,-0.08754619091429332,0.0
2020-12-17,0.00025720101507410503,0.0,1.5165561937986308e-05,0.00024203545313611873,1.018580800509101,-0.08850522096389937,0.0
2020-12-18,-0.004023327256120835,4.014008719661139e-05,1.2302580964999244e-05,-0.004075769924282445,1.0000000000269547,0.10191158958200994,0.19621529201763233
2020-12-21,0.001209516863986384,0.0,3.733756491233008e-05,0.001172179299074054,1.0068362779929612,0.09828886512626253,0.0
2020-12-22,-0.0010133633564876365,0.0,1.2333363190938192e-05,-0.0010256967196785748,0.9997174015362198,0.09938188859773181,0.0
2020-12-23,0.006672889593599108,0.0,1.236276846260674e-05,0.006660526825136501,1.0009516228804298,0.09846952511013807,0.0
2020-12-24,0.0008577657495884437,0.0,1.2144806554180007e-05,0.0008456209430342638,0.9910176228162622,0.10444674436112164,0.0
2020-12-28,0.01256054676824409,2.6254027938456297e-05,4.955793727125062e-05,0.012484734803034383,1.0000000000258276,0.09556764482550409,0.1296252625806721
2020-12-29,-0.005567132157361648,0.0,1.1901055340293203e-05,-0.005579033212701941,0.975571925608035,0.1067948857666314,0.0
2020-12-30,0.003980075095087109,0.0,1.2125818590837405e-05,0.003967949276496271,0.9869804321924769,0.10179567506134646,0.0
2020-12-31,-0.006846176954810432,0.0,1.2054236123573753e-05,-0.006858231190934006,0.9853169331830575,0.10535769616217358,0.0
