session,experiment,segment,nav
2018-07-03,S00,train,0.9994634980036451
2018-07-05,S00,train,0.9992455973518016
2018-07-06,S00,train,0.9989961537293477
2018-07-09,S00,train,0.9989234327128392
2018-07-10,S00,train,0.9990440420084048
2018-07-11,S00,train,0.9989201335317807
2018-07-12,S00,train,0.9988671499235356
2018-07-13,S00,train,0.9987392528361364
2018-07-16,S00,train,0.99825484415029
2018-07-17,S00,train,0.9981004243042627
2018-07-18,S00,train,0.9981117591169893
2018-07-19,S00,train,0.9979287689142984
2018-07-20,S00,train,0.9976764933064158
2018-07-23,S00,train,0.9976879026658696
2018-07-24,S00,train,0.9977936475098724
2018-07-25,S00,train,0.9976394139593036
2018-07-26,S00,train,0.9978641679472556
2018-07-27,S00,train,0.9973857619274809
2018-07-30,S00,train,0.997389959634519
2018-07-31,S00,train,0.9970504744509092
2018-08-01,S00,train,0.9970402573398316
2018-08-02,S00,train,0.9973803969225438
2018-08-03,S00,train,0.9972900755832993
2018-08-06,S00,train,0.9971218947533268
2018-08-07,S00,train,0.9969778765620351
2018-08-08,S00,train,0.9967231612088968
2018-08-09,S00,train,0.9966284399800984
2018-08-10,S00,train,0.9964044108987641
2018-08-13,S00,train,0.9962371010132376
2018-08-14,S00,train,0.9957641964193118
2018-08-15,S00,train,0.9956370244809016
2018-08-16,S00,train,0.9954387630965639
2018-08-17,S00,train,0.9951189237713889
2018-08-20,S00,train,0.9948752618715206
2018-08-21,S00,train,0.9949977334539251
2018-08-22,S00,train,0.9946480541920755
2018-08-23,S00,train,0.9944068646035268
2018-08-24,S00,train,0.9942170753406345
2018-08-27,S00,train,0.9944667492991807
2018-08-28,S00,train,0.9941208048744192
2018-08-29,S00,train,0.9937732164699559
2018-08-30,S00,train,0.9935392602696546
2018-08-31,S00,train,0.9934248708750651
2018-09-04,S00,train,0.992971176193795
2018-09-05,S00,train,0.9935820364042935
2018-09-06,S00,train,0.993104737602956
2018-09-07,S00,train,0.9928950899818528
2018-09-10,S00,train,0.9925926574732098
2018-09-11,S00,train,0.9923861046590579
2018-09-12,S00,train,0.9919752417375807
2018-09-13,S00,train,0.9918364830424481
2018-09-14,S00,train,0.9919318313903032
2018-09-17,S00,train,0.9915089618257884
2018-09-18,S00,train,0.9912664434199184
2018-09-19,S00,train,0.991056588394783
2018-09-20,S00,train,0.9908199268359086
2018-09-21,S00,train,0.9904665808623364
2018-09-24,S00,train,0.9906106783721931
2018-09-25,S00,train,0.9905164334190115
2018-09-26,S00,train,0.9902638647281492
2018-09-27,S00,train,0.9901472868427902
2018-09-28,S00,train,0.9899897974002497
2018-10-01,S00,train,0.9897361470002265
2018-10-02,S00,train,0.9894898673935181
2018-10-03,S00,train,0.9895592340412491
2018-10-04,S00,train,0.9890943823201778
2018-10-05,S00,train,0.988898271324907
2018-10-08,S00,train,0.9883351664416982
2018-10-09,S00,train,0.9881534429922411
2018-10-10,S00,train,0.9877102216092808
2018-10-11,S00,train,0.9879674154789568
2018-10-12,S00,train,0.9883844533885401
2018-10-15,S00,train,0.9879411714025202
2018-10-16,S00,train,0.9880662009508041
2018-10-17,S00,train,0.9879454140904993
2018-10-18,S00,train,0.9880083578474355
2018-10-19,S00,train,0.9878586287994161
2018-10-22,S00,train,0.9876875759381198
2018-10-23,S00,train,0.9873337996094773
2018-10-24,S00,train,0.9868226575225044
2018-10-25,S00,train,0.9869180064403181
2018-10-26,S00,train,0.9869319677114461
2018-10-29,S00,train,0.9862759997100966
2018-10-30,S00,train,0.9860804674031933
2018-10-31,S00,train,0.9860633598289648
2018-11-01,S00,train,0.9864786102283455
2018-11-02,S00,train,0.986343968114926
2018-11-05,S00,train,0.986339636181081
2018-11-06,S00,train,0.9862661979199517
2018-11-07,S00,train,0.9861796912616677
2018-11-08,S00,train,0.985956556960286
2018-11-09,S00,train,0.9855320880832973
2018-11-12,S00,train,0.9851268840185246
2018-11-13,S00,train,0.9848874303007336
2018-11-14,S00,train,0.9844663699897709
2018-11-15,S00,train,0.9843347303962107
2018-11-16,S00,train,0.9839375193673991
2018-11-19,S00,train,0.9833433654347633
2018-11-20,S00,train,0.9830526241662277
2018-11-21,S00,train,0.9830570818243719
2018-11-23,S00,train,0.9827711644353215
2018-11-26,S00,train,0.9825441667840618
2018-11-27,S00,train,0.9828905261276659
2018-11-28,S00,train,0.9828135391489032
2018-11-29,S00,train,0.9828334476389144
2018-11-30,S00,train,0.9828501317052095
2018-12-03,S00,train,0.9825640112453483
2018-12-04,S00,train,0.9823887077151922
2018-12-06,S00,train,0.9822407009995413
2018-12-07,S00,train,0.9821576054496718
2018-12-10,S00,train,0.9816530088387416
2018-12-11,S00,train,0.9813181280788082
2018-12-12,S00,train,0.981303753445064
2018-12-13,S00,train,0.9810112997720888
2018-12-14,S00,train,0.980919905707137
2018-12-17,S00,train,0.9806617592533559
2018-12-18,S00,train,0.980330126759173
2018-12-19,S00,train,0.97986344203599
2018-12-20,S00,train,0.9797239551062477
2018-12-21,S00,train,0.9795057927661145
2018-12-24,S00,train,0.9795140053112851
2018-12-26,S00,train,0.9794871528553274
2018-12-27,S00,train,0.9790692621595193
2018-12-28,S00,train,0.9791585759950284
2018-12-31,S00,train,0.9789121056745966
2019-01-02,S00,train,0.978730784115166
2019-01-03,S00,train,0.9789189259736292
2019-01-04,S00,train,0.9789305953910481
2019-01-07,S00,train,0.9783691479420841
2019-01-08,S00,train,0.9779595751547376
2019-01-09,S00,train,0.9775674624917619
2019-01-10,S00,train,0.9772754406243872
2019-01-11,S00,train,0.9770555674983387
2019-01-14,S00,train,0.9768867690574371
2019-01-15,S00,train,0.9769750963520193
2019-01-16,S00,train,0.9766589853877257
2019-01-17,S00,train,0.9764167684328064
2019-01-18,S00,train,0.9762362708405016
2019-01-22,S00,train,0.9760766076683305
2019-01-23,S00,train,0.9760080214732302
2019-01-24,S00,train,0.9760618990385905
2019-01-25,S00,train,0.9758819371922399
2019-01-28,S00,train,0.9754651706838146
2019-01-29,S00,train,0.9755527996792092
2019-01-30,S00,train,0.9756262173586221
2019-01-31,S00,train,0.9755099926160622
2019-02-01,S00,train,0.9755018266839739
2019-02-04,S00,train,0.9752217485870389
2019-02-05,S00,train,0.9749540890953393
2019-02-06,S00,train,0.9747290738976516
2019-02-07,S00,train,0.9744277316691847
2019-02-08,S00,train,0.974432037279254
2019-02-11,S00,train,0.974234754588766
2019-02-12,S00,train,0.9742525949215629
2019-02-13,S00,train,0.9741665777102592
2019-02-14,S00,train,0.9739796557687009
2019-02-15,S00,train,0.9740680303588509
2019-02-19,S00,train,0.9735741047373767
2019-02-20,S00,train,0.9732946854028451
2019-02-21,S00,train,0.9732807566862075
2019-02-22,S00,train,0.9730362735212067
2019-02-25,S00,train,0.9731123948067613
2019-02-26,S00,train,0.9730464749552963
2019-02-27,S00,train,0.9726288205954328
2019-02-28,S00,train,0.9725324711440528
2019-03-01,S00,train,0.9721268605093116
2019-03-04,S00,train,0.9719145765365368
2019-03-05,S00,train,0.9716376274227833
2019-03-06,S00,train,0.9712928654249087
2019-03-07,S00,train,0.9710558429648084
2019-03-08,S00,train,0.9710264890557555
2019-03-11,S00,train,0.9707185249523836
2019-03-12,S00,train,0.9704575920978589
2019-03-13,S00,train,0.9702064560055954
2019-03-14,S00,train,0.9699761110868387
2019-03-15,S00,train,0.9699334016579415
2019-03-18,S00,train,0.9697382516553382
2019-03-19,S00,train,0.9695047864201226
2019-03-20,S00,train,0.9691998692301328
2019-03-21,S00,train,0.9689362190219947
2019-03-22,S00,train,0.9684457512842563
2019-03-25,S00,train,0.9683475609362943
2019-03-26,S00,train,0.9684584311445357
2019-03-27,S00,train,0.9682450818057686
2019-03-28,S00,train,0.968104043455422
2019-03-29,S00,train,0.9681652632050045
2019-04-01,S00,train,0.9681598047857016
2019-04-02,S00,train,0.9681633895397447
2019-04-03,S00,train,0.9679515311666017
2019-04-04,S00,train,0.9676359851131469
2019-04-05,S00,train,0.967400835453747
2019-04-08,S00,train,0.9671315241648233
2019-04-09,S00,train,0.967227876436007
2019-04-10,S00,train,0.9669420363133616
2019-04-11,S00,train,0.9668489318524081
2019-04-12,S00,train,0.9666884978017368
2019-04-15,S00,train,0.9664713798152635
2019-04-16,S00,train,0.966279420665619
2019-04-17,S00,train,0.9655304917878698
2019-04-18,S00,train,0.9654610354490476
2019-04-22,S00,train,0.965482555541074
2019-04-23,S00,train,0.9655104612702692
2019-04-24,S00,train,0.9653429525002883
2019-04-25,S00,train,0.965270299683727
2019-04-26,S00,train,0.9650542838604135
2019-04-29,S00,train,0.9649077131550285
2019-04-30,S00,train,0.9649648308009482
2019-05-01,S00,train,0.9648676516770687
2019-05-02,S00,train,0.9650097260670245
2019-05-03,S00,train,0.9648814639458614
2019-05-06,S00,train,0.9647463746459821
2019-05-07,S00,train,0.9645726588619387
2019-05-08,S00,train,0.9643634959043135
2019-05-09,S00,train,0.9639641109368482
2019-05-10,S00,train,0.9638000908918187
2019-05-13,S00,train,0.9635910478488305
2019-05-14,S00,train,0.9634451346015335
2019-05-15,S00,train,0.9633059320282934
2019-05-16,S00,train,0.9627961771564242
2019-05-17,S00,train,0.9625000553859836
2019-05-20,S00,train,0.9622822601050357
2019-05-21,S00,train,0.9621946192032236
2019-05-22,S00,train,0.9619996033898527
2019-05-23,S00,train,0.9617080758214442
2019-05-24,S00,train,0.9613426009729781
2019-05-28,S00,train,0.9609127407611954
2019-05-29,S00,train,0.9610779669428833
2019-05-30,S00,train,0.9606054472750977
2019-05-31,S00,train,0.9602070854434518
2019-06-03,S00,train,0.9604054921922631
2019-06-04,S00,train,0.960599340205979
2019-06-05,S00,train,0.959959206970897
2019-06-06,S00,train,0.9596708327231318
2019-06-07,S00,train,0.9593404005076301
2019-06-10,S00,train,0.9593309948661553
2019-06-11,S00,train,0.9595779290881523
2019-06-12,S00,train,0.9593336607852259
2019-06-13,S00,train,0.9592560427284432
2019-06-14,S00,train,0.959215476007112
2019-06-17,S00,train,0.9590771633253288
2019-06-18,S00,train,0.9590004867834911
2019-06-19,S00,train,0.9589404047883373
2019-06-20,S00,train,0.9588150304828987
2019-06-21,S00,train,0.9584934913167107
2019-06-24,S00,train,0.9582439725805236
2019-06-25,S00,train,0.9580179986052971
2019-06-26,S00,train,0.9576370808053744
2019-06-27,S00,train,0.9579064169901391
2019-06-28,S00,train,0.9577204116910969
2019-07-01,S00,train,0.9576063905293427
2019-07-02,S00,train,0.9577922525148829
2019-07-03,S00,train,0.9577525601905633
2019-07-05,S00,train,0.9575417076073478
2019-07-08,S00,train,0.9573435463228736
2019-07-09,S00,train,0.9572985079227961
2019-07-10,S00,train,0.9570830887442543
2019-07-11,S00,train,0.956716047447072
2019-07-12,S00,train,0.956502633616584
2019-07-15,S00,train,0.9563682179234635
2019-07-16,S00,train,0.9561689532395339
2019-07-17,S00,train,0.9559527123142835
2019-07-18,S00,train,0.9557179578316991
2019-07-19,S00,train,0.9555168965121105
2019-07-22,S00,train,0.9553684638921236
2019-07-23,S00,train,0.9551971146927674
2019-07-24,S00,train,0.9548180984624604
2019-07-25,S00,train,0.9551000559021507
2019-07-26,S00,train,0.9548213331857801
2019-07-29,S00,train,0.9545845515761935
2019-07-30,S00,train,0.9546097548572242
2019-07-31,S00,train,0.9545434062852556
2019-08-01,S00,train,0.9547042405810007
2019-08-02,S00,train,0.9547143639980137
2019-08-05,S00,train,0.9546061379070772
2019-08-06,S00,train,0.9545127691405482
2019-08-07,S00,train,0.9542414468236191
2019-08-08,S00,train,0.9544527368186696
2019-08-09,S00,train,0.9542373264026944
2019-08-12,S00,train,0.9539739470681834
2019-08-13,S00,train,0.9539746797265943
2019-08-14,S00,train,0.954014349661235
2019-08-15,S00,train,0.9539039898663515
2019-08-16,S00,train,0.9536499995965226
2019-08-19,S00,train,0.9533456169646551
2019-08-20,S00,train,0.9532688078665479
2019-08-21,S00,train,0.9531222892481305
2019-08-22,S00,train,0.9528037443792655
2019-08-23,S00,train,0.952583957433994
2019-08-26,S00,train,0.9524002104862137
2019-08-27,S00,train,0.9521038059472369
2019-08-28,S00,train,0.9519857612683695
2019-08-29,S00,train,0.9518117943726291
2019-08-30,S00,train,0.9517865271172329
2019-09-03,S00,train,0.9516182918211338
2019-09-04,S00,train,0.9515853198479849
2019-09-05,S00,train,0.9509178253054951
2019-09-06,S00,train,0.9508855473409425
2019-09-09,S00,train,0.9499097695655816
2019-09-10,S00,train,0.9487155907866818
2019-09-11,S00,train,0.9479049755993524
2019-09-12,S00,train,0.9481577672842546
2019-09-13,S00,train,0.9477918518017627
2019-09-16,S00,train,0.9479965059890056
2019-09-17,S00,train,0.9483743855668638
2019-09-18,S00,train,0.9483785749726447
2019-09-19,S00,train,0.9484010831820635
2019-09-20,S00,train,0.9485069547262461
2019-09-23,S00,train,0.9484270333487079
2019-09-24,S00,train,0.9481092139142419
2019-09-25,S00,train,0.9477832578075516
2019-09-26,S00,train,0.9474598200250415
2019-09-27,S00,train,0.9470225751633811
2019-09-30,S00,train,0.9468201071659342
2019-10-01,S00,train,0.9465136762788366
2019-10-02,S00,train,0.9465321835092312
2019-10-03,S00,train,0.9463773599351503
2019-10-04,S00,train,0.9460513810044872
2019-10-07,S00,train,0.9459754479223217
2019-10-08,S00,train,0.945818399932109
2019-10-09,S00,train,0.9457913840253922
2019-10-10,S00,train,0.9455627047002764
2019-10-11,S00,train,0.9455080741975407
2019-10-14,S00,train,0.945295474760815
2019-10-15,S00,train,0.945184106972135
2019-10-16,S00,train,0.9452091910947213
2019-10-17,S00,train,0.944865216951775
2019-10-18,S00,train,0.9449100131072734
2019-10-21,S00,train,0.9444407064390675
2019-10-22,S00,train,0.9439465656714068
2019-10-23,S00,train,0.943715949497528
2019-10-24,S00,train,0.9440051324901221
2019-10-25,S00,train,0.943496166011895
2019-10-28,S00,train,0.9428053704654116
2019-10-29,S00,train,0.9426569382200242
2019-10-30,S00,train,0.9430841004452076
2019-10-31,S00,train,0.9428044190017537
2019-11-01,S00,train,0.9425832574089965
2019-11-04,S00,train,0.9419533619353334
2019-11-05,S00,train,0.9417867349231485
2019-11-06,S00,train,0.9417575787047303
2019-11-07,S00,train,0.9412790409623373
2019-11-08,S00,train,0.9409402440961305
2019-11-11,S00,train,0.9409817696406932
2019-11-12,S00,train,0.940778185687522
2019-11-13,S00,train,0.9406432941107827
2019-11-14,S00,train,0.940468920579109
2019-11-15,S00,train,0.9403820993863262
2019-11-18,S00,train,0.9401074089691398
2019-11-19,S00,train,0.9396489352970219
2019-11-20,S00,train,0.9392375870472507
2019-11-21,S00,train,0.9390171724974167
2019-11-22,S00,train,0.9390354995306391
2019-11-25,S00,train,0.938924834814749
2019-11-26,S00,train,0.9386810575636416
2019-11-27,S00,train,0.938498600461923
2019-11-29,S00,train,0.9383543981585128
2019-12-02,S00,train,0.9381514086657985
2019-12-03,S00,train,0.9379396396535644
2019-12-04,S00,train,0.937886880773465
2019-12-05,S00,train,0.9378113311179692
2019-12-06,S00,train,0.9377272515953581
2019-12-09,S00,train,0.9374948005085484
2019-12-10,S00,train,0.9373643863755344
2019-12-11,S00,train,0.9371706492986597
2019-12-12,S00,train,0.937192504373629
2019-12-13,S00,train,0.9369202378986982
2019-12-16,S00,train,0.9367462192405277
2019-12-17,S00,train,0.9367549927779512
2019-12-18,S00,train,0.9362805048966272
2019-12-19,S00,train,0.9358183707010699
2019-12-20,S00,train,0.9355760645656964
2019-12-23,S00,train,0.9350625928168993
2019-12-24,S00,train,0.9350597613288903
2019-12-26,S00,train,0.9348368492380978
2019-12-27,S00,train,0.9346406738187633
2019-12-30,S00,train,0.9345735335957737
2019-12-31,S00,train,0.9343449261251864
2020-01-02,S00,train,0.9340784988107387
2020-01-03,S00,train,0.9339172471180275
2020-01-06,S00,train,0.9335431277439368
2020-01-07,S00,train,0.933370340060379
2020-01-08,S00,train,0.9332558882979726
2020-01-09,S00,train,0.933032508037584
2020-01-10,S00,train,0.9328678475963279
2020-01-13,S00,train,0.9324764915142765
2020-01-14,S00,train,0.9326469654595781
2020-01-15,S00,train,0.9322026185910539
2020-01-16,S00,train,0.9320606709843676
2020-01-17,S00,train,0.9319452232738807
2020-01-21,S00,train,0.9316102752857482
2020-01-22,S00,train,0.931502960788959
2020-01-23,S00,train,0.9314415906849667
2020-01-24,S00,train,0.9307939162324741
2020-01-27,S00,train,0.9305123248274584
2020-01-28,S00,train,0.9302892787704811
2020-01-29,S00,train,0.9300073967309025
2020-01-30,S00,train,0.9294030064216094
2020-01-31,S00,train,0.9291981797075786
2020-02-03,S00,train,0.928420668911025
2020-02-04,S00,train,0.9279389326663234
2020-02-05,S00,train,0.9292992303520001
2020-02-06,S00,train,0.9289999066755954
2020-02-07,S00,train,0.9286604969510922
2020-02-10,S00,train,0.9283285291704984
2020-02-11,S00,train,0.9283444131865018
2020-02-12,S00,train,0.9283328240680119
2020-02-13,S00,train,0.9282053940701255
2020-02-14,S00,train,0.927776052170206
2020-02-18,S00,train,0.927332390378676
2020-02-19,S00,train,0.9271227101119448
2020-02-20,S00,train,0.9271027041650833
2020-02-21,S00,train,0.9269710501091288
2020-02-24,S00,train,0.9267988871244122
2020-02-25,S00,train,0.9265027418123586
2020-02-26,S00,train,0.9265005156608934
2020-02-27,S00,train,0.9264310054094174
2020-02-28,S00,train,0.9264077745355411
2020-03-02,S00,train,0.9253670417958341
2020-03-03,S00,train,0.9252314475922193
2020-03-04,S00,train,0.9244496972944749
2020-03-05,S00,train,0.9237441034964282
2020-03-06,S00,train,0.9231281609327098
2020-03-09,S00,train,0.9218083585477187
2020-03-10,S00,train,0.9213599003438956
2020-03-11,S00,train,0.9202986877988272
2020-03-12,S00,train,0.9183451970967327
2020-03-13,S00,train,0.9170874225285905
2020-03-16,S00,train,0.9157727572075948
2020-03-17,S00,train,0.9143315988811869
2020-03-18,S00,train,0.9112664902743878
2020-03-19,S00,train,0.9151190488314627
2020-03-20,S00,train,0.9164194437170837
2020-03-23,S00,train,0.9168573519016876
2020-03-24,S00,train,0.9177961841513723
2020-03-25,S00,train,0.9196671540051494
2020-03-26,S00,train,0.9203854890980134
2020-03-27,S00,train,0.9201891241008707
2020-03-30,S00,train,0.9205575321500706
2020-03-31,S00,train,0.9209652145657476
2020-04-01,S00,train,0.9205511130764675
2020-04-02,S00,train,0.9202324831737256
2020-04-03,S00,train,0.919694177186434
2020-04-06,S00,train,0.920605622985646
2020-04-07,S00,train,0.9214823864707578
2020-04-08,S00,train,0.9215758740849881
2020-04-09,S00,train,0.9220521434720536
2020-04-13,S00,train,0.9222848365734357
2020-04-14,S00,train,0.9223784047822278
2020-04-15,S00,train,0.922281774043865
2020-04-16,S00,train,0.9222834489424512
2020-04-17,S00,train,0.9222882784703775
2020-04-20,S00,train,0.9220262457012328
2020-04-21,S00,train,0.92188138024621
2020-04-22,S00,train,0.921796011841356
2020-04-23,S00,train,0.9216826134371314
2020-04-24,S00,train,0.9212126365770166
2020-04-27,S00,train,0.9208962366127785
2020-04-28,S00,train,0.9209399028633878
2020-04-29,S00,train,0.9195914515822986
2020-04-30,S00,train,0.9201118431535343
2020-05-01,S00,train,0.9209454698219784
2020-05-04,S00,train,0.9209199843331145
2020-05-05,S00,train,0.9209500595072957
2020-05-06,S00,train,0.9206115950849915
2020-05-07,S00,train,0.9203760351134025
2020-05-08,S00,train,0.9202183443043017
2020-05-11,S00,train,0.9198729820409336
2020-05-12,S00,train,0.9200954918627483
2020-05-13,S00,train,0.920401157413637
2020-05-14,S00,train,0.920637268542316
2020-05-15,S00,train,0.9203912636008963
2020-05-18,S00,train,0.9209744657834679
2020-05-19,S00,train,0.9207762717815113
2020-05-20,S00,train,0.9206195486146613
2020-05-21,S00,train,0.9203113599345946
2020-05-22,S00,train,0.9203479418058986
2020-05-26,S00,train,0.9194124131009762
2020-05-27,S00,train,0.9189498119109423
2020-05-28,S00,train,0.9197188194441761
2020-05-29,S00,train,0.9198959260299013
2020-06-01,S00,train,0.9197156890431917
2020-06-02,S00,train,0.9193920050210271
2020-06-03,S00,train,0.9187288708347882
2020-06-04,S00,train,0.9178656259796065
2020-06-05,S00,train,0.9169530685108734
2020-06-08,S00,train,0.9152734175227408
2020-06-09,S00,train,0.9166618835265533
2020-06-10,S00,train,0.9181384590879077
2020-06-11,S00,train,0.9187827775270486
2020-06-12,S00,train,0.918066854396073
2020-06-15,S00,train,0.9179765823362782
2020-06-16,S00,train,0.9181202087150346
2020-06-17,S00,train,0.9179647199381324
2020-06-18,S00,train,0.9178092430839903
2020-06-19,S00,train,0.9174760268777852
2020-06-22,S00,train,0.9172348222127994
2020-06-23,S00,train,0.9169954462410742
2020-06-24,S00,train,0.9168588067277251
2020-06-25,S00,train,0.9164918949482626
2020-06-26,S00,train,0.916611424344502
2020-06-29,S00,train,0.9167301136338467
2020-06-30,S00,train,0.9166522125389589
2020-07-01,S00,train,0.916610355201179
2020-07-02,S00,train,0.9162198207611589
2020-07-06,S00,train,0.9153926897731054
2020-07-07,S00,train,0.9151467354265369
2020-07-08,S00,train,0.9149582009978829
2020-07-09,S00,train,0.914691647109011
2020-07-10,S00,train,0.9143313371972253
2020-07-13,S00,train,0.9148749525498437
2020-07-14,S00,train,0.9146330657109685
2020-07-15,S00,train,0.9149556715175291
2020-07-16,S00,train,0.9146261434574383
2020-07-17,S00,train,0.9146973443823282
2020-07-20,S00,train,0.9145843637297238
2020-07-21,S00,train,0.914456658949029
2020-07-22,S00,train,0.9142793685153968
2020-07-23,S00,train,0.9139899043768345
2020-07-24,S00,train,0.9138885766060727
2020-07-27,S00,train,0.913878462025673
2020-07-28,S00,train,0.9140106097860734
2020-07-29,S00,train,0.9134721564001669
2020-07-30,S00,train,0.9132602221750497
2020-07-31,S00,train,0.9131658689947723
2020-08-03,S00,train,0.9127705575027901
2020-08-04,S00,train,0.9127011213183622
2020-08-05,S00,train,0.9122189654325691
2020-08-06,S00,train,0.9119669456745215
2020-08-07,S00,train,0.9118292830194468
2020-08-10,S00,train,0.9115235666264219
2020-08-11,S00,train,0.9112506088259559
2020-08-12,S00,train,0.9115666439866651
2020-08-13,S00,train,0.9121457679362229
2020-08-14,S00,train,0.9118737322039947
2020-08-17,S00,train,0.9117058899355991
2020-08-18,S00,train,0.9115307284287227
2020-08-19,S00,train,0.9115266438423866
2020-08-20,S00,train,0.9111828767884221
2020-08-21,S00,train,0.9107824932884903
2020-08-24,S00,train,0.9110070473447518
2020-08-25,S00,train,0.9108388851177366
2020-08-26,S00,train,0.9103976742495554
2020-08-27,S00,train,0.9102060121627046
2020-08-28,S00,train,0.9100433301491145
2020-08-31,S00,train,0.9097798537959072
2020-09-01,S00,train,0.9095549568441048
2020-09-02,S00,train,0.9097916813428971
2020-09-03,S00,train,0.9096717968595679
2020-09-04,S00,train,0.9095504252890062
2020-09-08,S00,train,0.9081297511780075
2020-09-09,S00,train,0.90865718965207
2020-09-10,S00,train,0.9086824057922843
2020-09-11,S00,train,0.9082040628039508
2020-09-14,S00,train,0.9079850169606443
2020-09-15,S00,train,0.9078647135771901
2020-09-16,S00,train,0.9073675660882995
2020-09-17,S00,train,0.9073305496876765
2020-09-18,S00,train,0.9067132834184606
2020-09-21,S00,train,0.9071801389794301
2020-09-22,S00,train,0.9071248122763221
2020-09-23,S00,train,0.9075978565501385
2020-09-24,S00,train,0.9076043678645488
2020-09-25,S00,train,0.9076670517854059
2020-09-28,S00,train,0.907719438437757
2020-09-29,S00,train,0.9074497298374096
2020-09-30,S00,train,0.9073592563778886
2020-10-01,S00,train,0.9071381982670566
2020-10-02,S00,train,0.9070854536342745
2020-10-05,S00,train,0.9070186948768693
2020-10-06,S00,train,0.9066796646116252
2020-10-07,S00,train,0.9066173813618376
2020-10-08,S00,train,0.9064495685460137
2020-10-09,S00,train,0.9065232872637787
2020-10-12,S00,train,0.9063991432851521
2020-10-13,S00,train,0.9063254591104342
2020-10-14,S00,train,0.9062075529269884
2020-10-15,S00,train,0.9060192730074103
2020-10-16,S00,train,0.9055425826021924
2020-10-19,S00,train,0.9053780016849875
2020-10-20,S00,train,0.905178959154554
2020-10-21,S00,train,0.9047520031353337
2020-10-22,S00,train,0.9044489315569529
2020-10-23,S00,train,0.9043472069969437
2020-10-26,S00,train,0.9044934179165417
2020-10-27,S00,train,0.9049705419677468
2020-10-28,S00,train,0.9045903929472027
2020-10-29,S00,train,0.9044730200467397
2020-10-30,S00,train,0.90457666778318
2020-11-02,S00,train,0.904320981438245
2020-11-03,S00,train,0.9040335239055899
2020-11-04,S00,train,0.9042913654338803
2020-11-05,S00,train,0.9043030277730483
2020-11-06,S00,train,0.9038017960913682
2020-11-09,S00,train,0.903782835816497
2020-11-10,S00,train,0.9041527694339753
2020-11-11,S00,train,0.9046406153065425
2020-11-12,S00,train,0.9047901494464106
2020-11-13,S00,train,0.9040504480677387
2020-11-16,S00,train,0.903306157473115
2020-11-17,S00,train,0.903687527161758
2020-11-18,S00,train,0.904132402393171
2020-11-19,S00,train,0.9038767171655104
2020-11-20,S00,train,0.9035675575669717
2020-11-23,S00,train,0.9027598258603985
2020-11-24,S00,train,0.9026383369730223
2020-11-25,S00,train,0.9025367810909644
2020-11-27,S00,train,0.9025296759578509
2020-11-30,S00,train,0.902623297569022
2020-12-01,S00,train,0.9029034283089803
2020-12-02,S00,train,0.9028856343456769
2020-12-03,S00,train,0.9025712418356358
2020-12-04,S00,train,0.9024769398346861
2020-12-07,S00,train,0.9024238499290094
2020-12-08,S00,train,0.9021815237493015
2020-12-09,S00,train,0.9024283551685166
2020-12-10,S00,train,0.9017501361878013
2020-12-11,S00,train,0.9014442017016026
2020-12-14,S00,train,0.9010738665841177
2020-12-15,S00,train,0.9007037194371031
2020-12-16,S00,train,0.9004601235544093
2020-12-17,S00,train,0.9003579316777912
2020-12-18,S00,train,0.9002150359404445
2020-12-21,S00,train,0.9000572896537442
2020-12-22,S00,train,0.8995657871135078
2020-12-23,S00,train,0.8998871712304143
2020-12-24,S00,train,0.8998027428951025
2020-12-28,S00,train,0.9002428351871974
2020-12-29,S00,train,0.9002972840164951
2020-12-30,S00,train,0.900173810341731
2020-12-31,S00,train,0.8997943904798866
2021-01-04,S00,train,0.8995885017581378
2021-01-05,S00,train,0.8995703012262379
2021-01-06,S00,train,0.8997310134406115
2021-01-07,S00,train,0.8996703714991969
2021-01-08,S00,train,0.8995533450737624
2021-01-11,S00,train,0.8991862769023992
2021-01-12,S00,train,0.898508858892343
2021-01-13,S00,train,0.8986583003579687
2021-01-14,S00,train,0.8980199466861254
2021-01-15,S00,train,0.8983724422459566
2021-01-19,S00,train,0.897789134394952
2021-01-20,S00,train,0.8977115982855742
2021-01-21,S00,train,0.8975480786786973
2021-01-22,S00,train,0.8972229472928108
2021-01-25,S00,train,0.8965923393891855
2021-01-26,S00,train,0.8961148457895052
2021-01-27,S00,train,0.8956674043806715
2021-01-28,S00,train,0.8965971612294615
2021-01-29,S00,train,0.8963771861271304
2021-02-01,S00,train,0.8967081488745389
2021-02-02,S00,train,0.8973771845334515
2021-02-03,S00,train,0.8973070023962878
2021-02-04,S00,train,0.897116178634768
2021-02-05,S00,train,0.8968194377890735
2021-02-08,S00,train,0.8962825721511782
2021-02-09,S00,train,0.8962682037592176
2021-02-10,S00,train,0.8963814345148611
2021-02-11,S00,train,0.8961880910959897
2021-02-12,S00,train,0.8960605743146981
2021-02-16,S00,train,0.8959982402027638
2021-02-17,S00,train,0.8959728389077185
2021-02-18,S00,train,0.8957673658199952
2021-02-19,S00,train,0.8963915705793307
2021-02-22,S00,train,0.8958272883288904
2021-02-23,S00,train,0.895468448623587
2021-02-24,S00,train,0.8954030154365258
2021-02-25,S00,train,0.8949749762727752
2021-02-26,S00,train,0.8953120931848323
2021-03-01,S00,train,0.895638522623012
2021-03-02,S00,train,0.895007540872985
2021-03-03,S00,train,0.8940895041279153
2021-03-04,S00,train,0.8938899411179522
2021-03-05,S00,train,0.8935689872009369
2021-03-08,S00,train,0.8926647591306146
2021-03-09,S00,train,0.8940176253217484
2021-03-10,S00,train,0.8938108780559478
2021-03-11,S00,train,0.8936692869797179
2021-03-12,S00,train,0.8935243510861741
2021-03-15,S00,train,0.8936378961821988
2021-03-16,S00,train,0.8933501917706129
2021-03-17,S00,train,0.8933917186033244
2021-03-18,S00,train,0.8930909524027411
2021-03-19,S00,train,0.893057424556073
2021-03-22,S00,train,0.8926492871295626
2021-03-23,S00,train,0.892140667556222
2021-03-24,S00,train,0.8918086188511635
2021-03-25,S00,train,0.8922976117681019
2021-03-26,S00,train,0.8922685421381839
2021-03-29,S00,train,0.8918886026035702
2021-03-30,S00,train,0.8919318607184353
2021-03-31,S00,train,0.8917968515934805
2021-04-01,S00,train,0.8916638878510245
2021-04-05,S00,train,0.8912507012732249
2021-04-06,S00,train,0.8911881911477323
2021-04-07,S00,train,0.8911087606068082
2021-04-08,S00,train,0.8906939509891697
2021-04-09,S00,train,0.8905153791225559
2021-04-12,S00,train,0.8901771705711473
2021-04-13,S00,train,0.8898429170452695
2021-04-14,S00,train,0.8901298281694189
2021-04-15,S00,train,0.8896200241444331
2021-04-16,S00,train,0.8897388684401704
2021-04-19,S00,train,0.8897743999551737
2021-04-20,S00,train,0.889326666765172
2021-04-21,S00,train,0.8895503226668415
2021-04-22,S00,train,0.889363729041604
2021-04-23,S00,train,0.889354482675524
2021-04-26,S00,train,0.8893189562216756
2021-04-27,S00,train,0.8889385516400982
2021-04-28,S00,train,0.8886033392832686
2021-04-29,S00,train,0.8887321890405883
2021-04-30,S00,train,0.8889683714662918
2021-05-03,S00,train,0.8889059612038253
2021-05-04,S00,train,0.8889163280363241
2021-05-05,S00,train,0.8889601469444434
2021-05-06,S00,train,0.8887294194712851
2021-05-07,S00,train,0.8887137356930145
2021-05-10,S00,train,0.8886722690191694
2021-05-11,S00,train,0.8887327750223128
2021-05-12,S00,train,0.8884044380910997
2021-05-13,S00,train,0.8882511209948917
2021-05-14,S00,train,0.8883967949566397
2021-05-17,S00,train,0.8883242726101186
2021-05-18,S00,train,0.888275216957266
2021-05-19,S00,train,0.8880100632658475
2021-05-20,S00,train,0.8879301169615084
2021-05-21,S00,train,0.8878255615510056
2021-05-24,S00,train,0.8877472171799933
2021-05-25,S00,train,0.8875831470553797
2021-05-26,S00,train,0.8877252955920765
2021-05-27,S00,train,0.8873889973481498
2021-05-28,S00,train,0.8871765150134886
2021-06-01,S00,train,0.8869416989049493
2021-06-02,S00,train,0.8866381635770467
2021-06-03,S00,train,0.8862542420581903
2021-06-04,S00,train,0.8864615680052813
2021-06-07,S00,train,0.8860548379146376
2021-06-08,S00,train,0.8860162779624767
2021-06-09,S00,train,0.8859001808329767
2021-06-10,S00,train,0.8858835623496587
2021-06-11,S00,train,0.885463652862341
2021-06-14,S00,train,0.8852579220610385
2021-06-15,S00,train,0.8852528313566005
2021-06-16,S00,train,0.8850867804253592
2021-06-17,S00,train,0.8841634525306946
2021-06-18,S00,train,0.8835588326834916
2021-06-21,S00,train,0.8837289444575462
2021-06-22,S00,train,0.8834674489097378
2021-06-23,S00,train,0.8832874455221759
2021-06-24,S00,train,0.8833412327750795
2021-06-25,S00,train,0.8832619568086301
2021-06-28,S00,train,0.8830425629268064
2021-06-29,S00,train,0.8827464135637527
2021-06-30,S00,train,0.8828065313445684
2021-07-01,S00,train,0.8826416179259369
2021-07-02,S00,train,0.882304083582107
2021-07-06,S00,train,0.8819917399647017
2021-07-07,S00,train,0.8813282442576138
2021-07-08,S00,train,0.8812058811425013
2021-07-09,S00,train,0.8814457149093038
2021-07-12,S00,train,0.8811582817631326
2021-07-13,S00,train,0.8807276944009397
2021-07-14,S00,train,0.8801961870738407
2021-07-15,S00,train,0.8799827839451196
2021-07-16,S00,train,0.879758701089606
2021-07-19,S00,train,0.8799023849609474
2021-07-20,S00,train,0.8805503463806421
2021-07-21,S00,train,0.8808968006657916
2021-07-22,S00,train,0.8806847822925148
2021-07-23,S00,train,0.8804888034645061
2021-07-26,S00,train,0.8805455377513817
2021-07-27,S00,train,0.8803328585980178
2021-07-28,S00,train,0.8804767574218977
2021-07-29,S00,train,0.8800967664340837
2021-07-30,S00,train,0.8798512059367907
2021-08-02,S00,train,0.8797243949016957
2021-08-03,S00,train,0.879548849561794
2021-08-04,S00,train,0.8791817362450267
2021-08-05,S00,train,0.8795545448652464
2021-08-06,S00,train,0.8796992522281409
2021-08-09,S00,train,0.87953107618643
2021-08-10,S00,train,0.8791582026162178
2021-08-11,S00,train,0.8789523545752757
2021-08-12,S00,train,0.8787102732223095
2021-08-13,S00,train,0.8785369414715386
2021-08-16,S00,train,0.8783279649782704
2021-08-17,S00,train,0.8782308477105901
2021-08-18,S00,train,0.8781747318415849
2021-08-19,S00,train,0.8779272745243185
2021-08-20,S00,train,0.8776381330980877
2021-08-23,S00,train,0.87743500423119
2021-08-24,S00,train,0.8773998110873253
2021-08-25,S00,train,0.8771520852010326
2021-08-26,S00,train,0.8769803684185055
2021-08-27,S00,train,0.8768532022522436
2021-08-30,S00,train,0.8767234920192827
2021-08-31,S00,train,0.8764532261345014
2021-09-01,S00,train,0.8763932504121829
2021-09-02,S00,train,0.8759040974641964
2021-09-03,S00,train,0.8757601048302224
2021-09-07,S00,train,0.8754071043359981
2021-09-08,S00,train,0.8755039247741564
2021-09-09,S00,train,0.87537007769067
2021-09-10,S00,train,0.8753083903234807
2021-09-13,S00,train,0.8749772664146043
2021-09-14,S00,train,0.8749949520512559
2021-09-15,S00,train,0.8748193773532468
2021-09-16,S00,train,0.8749400767664586
2021-09-17,S00,train,0.8748685117057559
2021-09-20,S00,train,0.8747467980340488
2021-09-21,S00,train,0.8745871524253588
2021-09-22,S00,train,0.8741265297352646
2021-09-23,S00,train,0.8741380556626945
2021-09-24,S00,train,0.8739461344210316
2021-09-27,S00,train,0.8734749164712664
2021-09-28,S00,train,0.8731005927000463
2021-09-29,S00,train,0.8728796326372665
2021-09-30,S00,train,0.8731011220818746
2021-10-01,S00,train,0.8725842432598924
2021-10-04,S00,train,0.8720048681623014
2021-10-05,S00,train,0.8720607200703248
2021-10-06,S00,train,0.8719250021451896
2021-10-07,S00,train,0.8718550218442205
2021-10-08,S00,train,0.8712881956107933
2021-10-11,S00,train,0.8708054997095188
2021-10-12,S00,train,0.8708135395644535
2021-10-13,S00,train,0.8706683395160626
2021-10-14,S00,train,0.8707760814178761
2021-10-15,S00,train,0.8705742275614352
2021-10-18,S00,train,0.8706078860158378
2021-10-19,S00,train,0.8707423394443388
2021-10-20,S00,train,0.8705659203619582
2021-10-21,S00,train,0.8702679211104392
2021-10-22,S00,train,0.8700747189455692
2021-10-25,S00,train,0.8697464371889629
2021-10-26,S00,train,0.8698686332319482
2021-10-27,S00,train,0.8698869323694772
2021-10-28,S00,train,0.8696232508294645
2021-10-29,S00,train,0.8693033561545594
2021-11-01,S00,train,0.8690724041676027
2021-11-02,S00,train,0.8688982999256447
2021-11-03,S00,train,0.8684684082951222
2021-11-04,S00,train,0.8683173005947037
2021-11-05,S00,train,0.8684660221813283
2021-11-08,S00,train,0.8688155896773144
2021-11-09,S00,train,0.8689448853260329
2021-11-10,S00,train,0.8687180616013556
2021-11-11,S00,train,0.8686730575074236
2021-11-12,S00,train,0.8686534122467177
2021-11-15,S00,train,0.8685461326719646
2021-11-16,S00,train,0.8684821835678624
2021-11-17,S00,train,0.8683335688177868
2021-11-18,S00,train,0.8681017984118514
2021-11-19,S00,train,0.8679985561383456
2021-11-22,S00,train,0.8673794185320938
2021-11-23,S00,train,0.8667108614190785
2021-11-24,S00,train,0.8666684933533204
2021-11-26,S00,train,0.8665193225508363
2021-11-29,S00,train,0.8661478952090615
2021-11-30,S00,train,0.8659357206766078
2021-12-01,S00,train,0.8650450066519441
2021-12-02,S00,train,0.8651774781030466
2021-12-03,S00,train,0.8643619997780273
2021-12-06,S00,train,0.8639779032527299
2021-12-07,S00,train,0.8644958980155181
2021-12-08,S00,train,0.8644487052228252
2021-12-09,S00,train,0.8639223065462824
2021-12-10,S00,train,0.8638314194493667
2021-12-13,S00,train,0.863596302394656
2021-12-14,S00,train,0.8633334426798241
2021-12-15,S00,train,0.8633675406886422
2021-12-16,S00,train,0.8624666421789252
2021-12-17,S00,train,0.8623688588486527
2021-12-20,S00,train,0.8620585791971858
2021-12-21,S00,train,0.8621810275670422
2021-12-22,S00,train,0.8621871373376028
2021-12-23,S00,train,0.8621529184581289
2021-12-27,S00,train,0.8623328514883397
2021-12-28,S00,train,0.8621015144105132
2021-12-29,S00,train,0.8619234406243138
2021-12-30,S00,train,0.8619805555145037
2021-12-31,S00,train,0.8618355178655958
2022-01-03,S00,train,0.8618930107683624
2022-01-04,S00,train,0.861271293256953
2022-01-05,S00,train,0.8608222233161555
2022-01-06,S00,train,0.8606956822944827
2022-01-07,S00,train,0.8601022864029572
2022-01-10,S00,train,0.8601119818434909
2022-01-11,S00,train,0.8599806730623363
2022-01-12,S00,train,0.8597726136040738
2022-01-13,S00,train,0.8589009801454502
2022-01-14,S00,train,0.8583628225709747
2022-01-18,S00,train,0.8579747196376689
2022-01-19,S00,train,0.8583985374243195
2022-01-20,S00,train,0.8586281434766897
2022-01-21,S00,train,0.8583635747554642
2022-01-24,S00,train,0.8586015327230409
2022-01-25,S00,train,0.8582528930608038
2022-01-26,S00,train,0.8579608437383955
2022-01-27,S00,train,0.8580563523712889
2022-01-28,S00,train,0.8581171729378366
2022-01-31,S00,train,0.8585078297456805
2022-02-01,S00,train,0.858380852408278
2022-02-02,S00,train,0.8586299192144653
2022-02-03,S00,train,0.858351696089058
2022-02-04,S00,train,0.8581302544229543
2022-02-07,S00,train,0.8577633338292825
2022-02-08,S00,train,0.8572399121188162
2022-02-09,S00,train,0.8572832841193092
2022-02-10,S00,train,0.8569361404891849
2022-02-11,S00,train,0.8565517638103586
2022-02-14,S00,train,0.8564957828719381
2022-02-15,S00,train,0.8557549413637863
2022-02-16,S00,train,0.8553666522028808
2022-02-17,S00,train,0.8554215700929236
2022-02-18,S00,train,0.8556131913864443
2022-02-22,S00,train,0.8554406321764297
2022-02-23,S00,train,0.8553579213365254
2022-02-24,S00,train,0.8554967101346893
2022-02-25,S00,train,0.855289633755364
2022-02-28,S00,train,0.8550615916830083
2022-03-01,S00,train,0.8546088138934412
2022-03-02,S00,train,0.8547433035763167
2022-03-03,S00,train,0.8542369006434152
2022-03-04,S00,train,0.8532896851386979
2022-03-07,S00,train,0.8523266981826396
2022-03-08,S00,train,0.8537644671472397
2022-03-09,S00,train,0.8537606454267215
2022-03-10,S00,train,0.8536258370966905
2022-03-11,S00,train,0.8536348799405921
2022-03-14,S00,train,0.8535731656829015
2022-03-15,S00,train,0.853491099005764
2022-03-16,S00,train,0.8536684892269648
2022-03-17,S00,train,0.8534104170943175
2022-03-18,S00,train,0.8529777452470997
2022-03-21,S00,train,0.8529428783118429
2022-03-22,S00,train,0.8529770538328018
2022-03-23,S00,train,0.8527108160003337
2022-03-24,S00,train,0.8526339678157463
2022-03-25,S00,train,0.8525771816783605
2022-03-28,S00,train,0.852012617346591
2022-03-29,S00,train,0.8522029723848192
2022-03-30,S00,train,0.8515298006642131
2022-03-31,S00,train,0.8510875262758846
2022-04-01,S00,train,0.8504187459025353
2022-04-04,S00,train,0.8501636696972342
2022-04-05,S00,train,0.8494861062055902
2022-04-06,S00,train,0.8492409033377563
2022-04-07,S00,train,0.8490418934331421
2022-04-08,S00,train,0.8489523883064121
2022-04-11,S00,train,0.8491055175577485
2022-04-12,S00,train,0.8490696345319758
2022-04-13,S00,train,0.849204830685425
2022-04-14,S00,train,0.849086835211568
2022-04-18,S00,train,0.8489468579197665
2022-04-19,S00,train,0.8487720220864473
2022-04-20,S00,train,0.8488165205624136
2022-04-21,S00,train,0.8484779989294138
2022-04-22,S00,train,0.8486843091995276
2022-04-25,S00,train,0.8488025353774612
2022-04-26,S00,train,0.8486440903648166
2022-04-27,S00,train,0.8486569527986452
2022-04-28,S00,train,0.8482847988924146
2022-04-29,S00,train,0.8480612902401741
2022-05-02,S00,train,0.848054765854158
2022-05-03,S00,train,0.8480082956066525
2022-05-04,S00,train,0.8477928759705609
2022-05-05,S00,train,0.8474990968996703
2022-05-06,S00,train,0.847117170814577
2022-05-09,S00,train,0.8463733531125135
2022-05-10,S00,train,0.8470155707722351
2022-05-11,S00,train,0.8470507866395516
2022-05-12,S00,train,0.846611633345062
2022-05-13,S00,train,0.8469827243886221
2022-05-16,S00,train,0.8466829342608997
2022-05-17,S00,train,0.8466183399050734
2022-05-18,S00,train,0.8462617245485344
2022-05-19,S00,train,0.846533591994719
2022-05-20,S00,train,0.8464507376456074
2022-05-23,S00,train,0.8468154730546193
2022-05-24,S00,train,0.8463903815328817
2022-05-25,S00,train,0.8466812464214598
2022-05-26,S00,train,0.8467311385423081
2022-05-27,S00,train,0.8467558380061732
2022-05-31,S00,train,0.8467618522713749
2022-06-01,S00,train,0.8464611153693358
2022-06-02,S00,train,0.8463875516777895
2022-06-03,S00,train,0.8464076597642063
2022-06-06,S00,train,0.8461419071741975
2022-06-07,S00,train,0.8461624962872693
2022-06-08,S00,train,0.8458464939486077
2022-06-09,S00,train,0.8453946611816383
2022-06-10,S00,train,0.8454437527640438
2022-06-13,S00,train,0.8448815907122451
2022-06-14,S00,train,0.8445017224398372
2022-06-15,S00,train,0.844297478965113
2022-06-16,S00,train,0.8434901947454088
2022-06-17,S00,train,0.844014217389341
2022-06-21,S00,train,0.8432388788759021
2022-06-22,S00,train,0.8430636599055744
2022-06-23,S00,train,0.8420674877923674
2022-06-24,S00,train,0.842579921147509
2022-06-27,S00,train,0.8428074252936433
2022-06-28,S00,train,0.843026491031272
2022-06-29,S00,train,0.8424954712877702
2022-06-30,S00,train,0.8422223925945512
2022-07-01,S00,train,0.8420336089870928
2022-07-05,S00,train,0.841925678086505
2022-07-06,S00,train,0.8413835036698696
2022-07-07,S00,train,0.8417896380894492
2022-07-08,S00,train,0.8415579385956277
2022-07-11,S00,train,0.8414016345679443
2022-07-12,S00,train,0.8417374723644077
2022-07-13,S00,train,0.8414921190793785
2022-07-14,S00,train,0.8409907661549367
2022-07-15,S00,train,0.8409800517090434
2022-07-18,S00,train,0.8409968175452771
2022-07-19,S00,train,0.8409038344896259
2022-07-20,S00,train,0.8407238875901013
2022-07-21,S00,train,0.8402445527984254
2022-07-22,S00,train,0.8400807719317124
2022-07-25,S00,train,0.8400105326243454
2022-07-26,S00,train,0.8397830805509772
2022-07-27,S00,train,0.8397570170043974
2022-07-28,S00,train,0.8395862303862519
2022-07-29,S00,train,0.8394481514786268
2022-08-01,S00,train,0.839185094959181
2022-08-02,S00,train,0.8394057249121766
2022-08-03,S00,train,0.8391229361277466
2022-08-04,S00,train,0.8390605163470454
2022-08-05,S00,train,0.8388272194480065
2022-08-08,S00,train,0.838753243667466
2022-08-09,S00,train,0.8386417572211688
2022-08-10,S00,train,0.8384652946762445
2022-08-11,S00,train,0.8382284354263754
2022-08-12,S00,train,0.8380870000830729
2022-08-15,S00,train,0.8380329832598886
2022-08-16,S00,train,0.8376946619918448
2022-08-17,S00,train,0.8377407593006816
2022-08-18,S00,train,0.8375402588602302
2022-08-19,S00,train,0.8374019776417162
2022-08-22,S00,train,0.8371873055722715
2022-08-23,S00,train,0.8372901272527419
2022-08-24,S00,train,0.8370776945546908
2022-08-25,S00,train,0.8370394530708056
2022-08-26,S00,train,0.8369043572256692
2022-08-29,S00,train,0.8366879722973688
2022-08-30,S00,train,0.836759301794785
2022-08-31,S00,train,0.8366829940782232
2022-09-01,S00,train,0.8365513053430507
2022-09-02,S00,train,0.8364432667957465
2022-09-06,S00,train,0.8361702533607639
2022-09-07,S00,train,0.8359610516853389
2022-09-08,S00,train,0.8359012182154852
2022-09-09,S00,train,0.8357964794037528
2022-09-12,S00,train,0.8356617631033385
2022-09-13,S00,train,0.8352682767215993
2022-09-14,S00,train,0.8349608101046883
2022-09-15,S00,train,0.8348251336783101
2022-09-16,S00,train,0.8349380409580048
2022-09-19,S00,train,0.8347792511921586
2022-09-20,S00,train,0.8343663101393219
2022-09-21,S00,train,0.8343781601206458
2022-09-22,S00,train,0.833987589702742
2022-09-23,S00,train,0.8341405231417978
2022-09-26,S00,train,0.8338997397317075
2022-09-27,S00,train,0.8338007695373653
2022-09-28,S00,train,0.8335291987114095
2022-09-29,S00,train,0.8332829034610303
2022-09-30,S00,train,0.833008206746127
2022-10-03,S00,train,0.8327727410423854
2022-10-04,S00,train,0.8327548412840721
2022-10-05,S00,train,0.8324455441745823
2022-10-06,S00,train,0.8318496900781294
2022-10-07,S00,train,0.8314487114074
2022-10-10,S00,train,0.8310929466962594
2022-10-11,S00,train,0.8306708975586331
2022-10-12,S00,train,0.8303243144791224
2022-10-13,S00,train,0.8301420377873305
2022-10-14,S00,train,0.8295674654301078
2022-10-17,S00,train,0.829800458802103
2022-10-18,S00,train,0.8297466037325684
2022-10-19,S00,train,0.8293980860198044
2022-10-20,S00,train,0.8291577684003933
2022-10-21,S00,train,0.8287582308590876
2022-10-24,S00,train,0.8286249267610248
2022-10-25,S00,train,0.8290019256761784
2022-10-26,S00,train,0.8288838937794621
2022-10-27,S00,train,0.8288498538854732
2022-10-28,S00,train,0.8289385307910943
2022-10-31,S00,train,0.8286690998843611
2022-11-01,S00,train,0.8287922423436206
2022-11-02,S00,train,0.828757301028467
2022-11-03,S00,train,0.8282978820426377
2022-11-04,S00,train,0.8278778490144559
2022-11-07,S00,train,0.8276635980512647
2022-11-08,S00,train,0.8275207164895336
2022-11-09,S00,train,0.8272555694080794
2022-11-10,S00,train,0.8272542656958203
2022-11-11,S00,train,0.8269839375856602
2022-11-14,S00,train,0.8270165884181329
2022-11-15,S00,train,0.8270190692966694
2022-11-16,S00,train,0.8270398972530205
2022-11-17,S00,train,0.8269339341963515
2022-11-18,S00,train,0.8269009333127904
2022-11-21,S00,train,0.8267373506588463
2022-11-22,S00,train,0.8263999418971786
2022-11-23,S00,train,0.826385318904266
2022-11-25,S00,train,0.8262435710102811
2022-11-28,S00,train,0.826117531698768
2022-11-29,S00,train,0.8259150572466207
2022-11-30,S00,train,0.8259068645248557
2022-12-01,S00,train,0.8258570097043085
2022-12-02,S00,train,0.8256929259494653
2022-12-05,S00,train,0.8255713254822782
2022-12-06,S00,train,0.8256163584967195
2022-12-07,S00,train,0.825574854507028
2022-12-08,S00,train,0.825393637114935
2022-12-09,S00,train,0.825311674596485
2022-12-12,S00,train,0.8249911000314722
2022-12-13,S00,train,0.8248303053362666
2022-12-14,S00,train,0.824746720281466
2022-12-15,S00,train,0.8245062555989754
2022-12-16,S00,train,0.8243017832990921
2022-12-19,S00,train,0.8241685450993409
2022-12-20,S00,train,0.8240189929549742
2022-12-21,S00,train,0.8237794811454963
2022-12-22,S00,train,0.8234388289787474
2022-12-23,S00,train,0.82323422713398
2022-12-27,S00,train,0.8227839311202708
2022-12-28,S00,train,0.8227410224368271
2022-12-29,S00,train,0.8226345381113039
2022-12-30,S00,train,0.8225262574788286
2023-01-03,S00,development,0.999607042472155
2023-01-04,S00,development,0.9992117593970834
2023-01-05,S00,development,0.9989334386180166
2023-01-06,S00,development,0.9989174534745284
2023-01-09,S00,development,0.9986322497437016
2023-01-10,S00,development,0.9984040918034279
2023-01-11,S00,development,0.9981094084851083
2023-01-12,S00,development,0.9976862563163369
2023-01-13,S00,development,0.9976372600931237
2023-01-17,S00,development,0.9969711786020075
2023-01-18,S00,development,0.9968155417087656
2023-01-19,S00,development,0.9963564955157
2023-01-20,S00,development,0.9959696399456286
2023-01-23,S00,development,0.9953980591614952
2023-01-24,S00,development,0.995707840718053
2023-01-25,S00,development,0.9955302004465794
2023-01-26,S00,development,0.9949989632669627
2023-01-27,S00,development,0.9944370984857119
2023-01-30,S00,development,0.9946791870400722
2023-01-31,S00,development,0.9942973258299317
2023-02-01,S00,development,0.9938520834072987
2023-02-02,S00,development,0.9935175735422737
2023-02-03,S00,development,0.9933935839413021
2023-02-06,S00,development,0.9933983042536078
2023-02-07,S00,development,0.9931812146676225
2023-02-08,S00,development,0.9931538866168976
2023-02-09,S00,development,0.9929630679817218
2023-02-10,S00,development,0.9929816372056323
2023-02-13,S00,development,0.9927865314944545
2023-02-14,S00,development,0.9923935216538988
2023-02-15,S00,development,0.9927056749800692
2023-02-16,S00,development,0.9925898252667953
2023-02-17,S00,development,0.9926235599894375
2023-02-21,S00,development,0.9927941231853303
2023-02-22,S00,development,0.9926158438064708
2023-02-23,S00,development,0.9925063777659873
2023-02-24,S00,development,0.9925282379877026
2023-02-27,S00,development,0.9923807997330883
2023-02-28,S00,development,0.9922988060810272
2023-03-01,S00,development,0.99228010727434
2023-03-02,S00,development,0.9920933464809584
2023-03-03,S00,development,0.9917489759858943
2023-03-06,S00,development,0.991586748788519
2023-03-07,S00,development,0.9914001414425583
2023-03-08,S00,development,0.9911670430517283
2023-03-09,S00,development,0.9907669034808904
2023-03-10,S00,development,0.9906343533524469
2023-03-13,S00,development,0.9899245298192467
2023-03-14,S00,development,0.9895839361188413
2023-03-15,S00,development,0.9889890249212734
2023-03-16,S00,development,0.9887294035366055
2023-03-17,S00,development,0.9880499807013984
2023-03-20,S00,development,0.9883150351035734
2023-03-21,S00,development,0.988343717973186
2023-03-22,S00,development,0.9883198503148388
2023-03-23,S00,development,0.9883384518054835
2023-03-24,S00,development,0.9878684533708159
2023-03-27,S00,development,0.9880812256914783
2023-03-28,S00,development,0.9880780164655135
2023-03-29,S00,development,0.9878305469901373
2023-03-30,S00,development,0.987750397012589
2023-03-31,S00,development,0.9877815242782052
2023-04-03,S00,development,0.98777318968084
2023-04-04,S00,development,0.9872903467446383
2023-04-05,S00,development,0.9870556589268547
2023-04-06,S00,development,0.9868345766991492
2023-04-10,S00,development,0.9868803447357967
2023-04-11,S00,development,0.9867586031197956
2023-04-12,S00,development,0.9867104622366036
2023-04-13,S00,development,0.9865532950704305
2023-04-14,S00,development,0.9864410278168627
2023-04-17,S00,development,0.9864604019548004
2023-04-18,S00,development,0.9864209965973099
2023-04-19,S00,development,0.9865741483948363
2023-04-20,S00,development,0.9863271521678678
2023-04-21,S00,development,0.9862646871490851
2023-04-24,S00,development,0.9860923084918857
2023-04-25,S00,development,0.9858414609788437
2023-04-26,S00,development,0.9857079810318143
2023-04-27,S00,development,0.9857254417690138
2023-04-28,S00,development,0.9855701012683663
2023-05-01,S00,development,0.985549708682617
2023-05-02,S00,development,0.9850141902850313
2023-05-03,S00,development,0.9847326657280415
2023-05-04,S00,development,0.9844625839659054
2023-05-05,S00,development,0.984482300160543
2023-05-08,S00,development,0.9840849484636304
2023-05-09,S00,development,0.9840941316930873
2023-05-10,S00,development,0.9840493729047616
2023-05-11,S00,development,0.9836649709331113
2023-05-12,S00,development,0.9836116422486374
2023-05-15,S00,development,0.9834134546588005
2023-05-16,S00,development,0.9828984276022414
2023-05-17,S00,development,0.9826333989734518
2023-05-18,S00,development,0.98283306430215
2023-05-19,S00,development,0.9826861468356177
2023-05-22,S00,development,0.9823799308221247
2023-05-23,S00,development,0.9816110544384318
2023-05-24,S00,development,0.9816587834158597
2023-05-25,S00,development,0.981430910375742
2023-05-26,S00,development,0.9814494670138896
2023-05-30,S00,development,0.9810470918322759
2023-05-31,S00,development,0.9812172416458559
2023-06-01,S00,development,0.9809511702153649
2023-06-02,S00,development,0.9811022722658213
2023-06-05,S00,development,0.9807579477294577
2023-06-06,S00,development,0.9803016794730428
2023-06-07,S00,development,0.9797012474110052
2023-06-08,S00,development,0.9799085448429189
2023-06-09,S00,development,0.9796906242184162
2023-06-12,S00,development,0.9792282500071485
2023-06-13,S00,development,0.9788095033212094
2023-06-14,S00,development,0.9791747739524894
2023-06-15,S00,development,0.9789673420769263
2023-06-16,S00,development,0.9786983702258605
2023-06-20,S00,development,0.9784683357997955
2023-06-21,S00,development,0.9782975363356142
2023-06-22,S00,development,0.9782505540317072
2023-06-23,S00,development,0.9779967933269614
2023-06-26,S00,development,0.9780332985061279
2023-06-27,S00,development,0.9777437404854701
2023-06-28,S00,development,0.9775281692493755
2023-06-29,S00,development,0.9773729706341234
2023-06-30,S00,development,0.9771077393250279
2023-07-03,S00,development,0.9769028818305534
2023-07-05,S00,development,0.9767689393406742
2023-07-06,S00,development,0.976756818262551
2023-07-07,S00,development,0.9765459310173201
2023-07-10,S00,development,0.9763402227567978
2023-07-11,S00,development,0.9761087603311764
2023-07-12,S00,development,0.9761036469403218
2023-07-13,S00,development,0.9761719416759105
2023-07-14,S00,development,0.9765816410670032
2023-07-17,S00,development,0.9764696970892537
2023-07-18,S00,development,0.9761035571333756
2023-07-19,S00,development,0.9760454062494532
2023-07-20,S00,development,0.9760722853686942
2023-07-21,S00,development,0.9759416446237084
2023-07-24,S00,development,0.975757496530597
2023-07-25,S00,development,0.9754286158418349
2023-07-26,S00,development,0.975153242632986
2023-07-27,S00,development,0.9745890739924868
2023-07-28,S00,development,0.9747707186306696
2023-07-31,S00,development,0.9750047390347697
2023-08-01,S00,development,0.9750762147227706
2023-08-02,S00,development,0.9748734635309123
2023-08-03,S00,development,0.9749406310162252
2023-08-04,S00,development,0.9745830833856589
2023-08-07,S00,development,0.9742208604842233
2023-08-08,S00,development,0.9740066408024828
2023-08-09,S00,development,0.9739105735203907
2023-08-10,S00,development,0.9736412127010337
2023-08-11,S00,development,0.9734916302226152
2023-08-14,S00,development,0.9733017209497208
2023-08-15,S00,development,0.973160299319756
2023-08-16,S00,development,0.9730063426051454
2023-08-17,S00,development,0.972867567419196
2023-08-18,S00,development,0.9727431345649227
2023-08-21,S00,development,0.9725773120067717
2023-08-22,S00,development,0.9724361602265904
2023-08-23,S00,development,0.9723887347388054
2023-08-24,S00,development,0.9722386313337221
2023-08-25,S00,development,0.9719499582942549
2023-08-28,S00,development,0.9718153071702009
2023-08-29,S00,development,0.9714773832190545
2023-08-30,S00,development,0.9713613559125052
2023-08-31,S00,development,0.9711988025909473
2023-09-01,S00,development,0.9708299181950919
2023-09-05,S00,development,0.9708001661690967
2023-09-06,S00,development,0.9706690348295732
2023-09-07,S00,development,0.9706338741988139
2023-09-08,S00,development,0.9707322030153819
2023-09-11,S00,development,0.9702896285804998
2023-09-12,S00,development,0.9704487063968757
2023-09-13,S00,development,0.9701298747706951
2023-09-14,S00,development,0.9699883678054217
2023-09-15,S00,development,0.9697674631359486
2023-09-18,S00,development,0.9693738954156854
2023-09-19,S00,development,0.9693072993909203
2023-09-20,S00,development,0.969052876528979
2023-09-21,S00,development,0.9688069387647499
2023-09-22,S00,development,0.9687902936851848
2023-09-25,S00,development,0.9684635406154483
2023-09-26,S00,development,0.9686554518459447
2023-09-27,S00,development,0.9686587746447582
2023-09-28,S00,development,0.968495522547636
2023-09-29,S00,development,0.968557594993153
2023-10-02,S00,development,0.968441228158285
2023-10-03,S00,development,0.9682887354734904
2023-10-04,S00,development,0.9680505116109968
2023-10-05,S00,development,0.9678836687087238
2023-10-06,S00,development,0.9677124022962684
2023-10-09,S00,development,0.9676184601513066
2023-10-10,S00,development,0.967836098745175
2023-10-11,S00,development,0.9675921085442497
2023-10-12,S00,development,0.9674029190031216
2023-10-13,S00,development,0.9669645033395609
2023-10-16,S00,development,0.9668854123141895
2023-10-17,S00,development,0.967015387932763
2023-10-18,S00,development,0.9664672781999024
2023-10-19,S00,development,0.9663161390222633
2023-10-20,S00,development,0.9662485272798428
2023-10-23,S00,development,0.966152067866553
2023-10-24,S00,development,0.9661368651477711
2023-10-25,S00,development,0.965844209771353
2023-10-26,S00,development,0.9657957624500797
2023-10-27,S00,development,0.9656062677889665
2023-10-30,S00,development,0.9655533723351619
2023-10-31,S00,development,0.965227429480182
2023-11-01,S00,development,0.9650072187590963
2023-11-02,S00,development,0.9646178310595158
2023-11-03,S00,development,0.9645588766423608
2023-11-06,S00,development,0.9645985891577283
2023-11-07,S00,development,0.9645332162379008
2023-11-08,S00,development,0.9642835831782338
2023-11-09,S00,development,0.9641469504795888
2023-11-10,S00,development,0.9642106027561556
2023-11-13,S00,development,0.9640334342388713
2023-11-14,S00,development,0.9641635332692605
2023-11-15,S00,development,0.9642589718076422
2023-11-16,S00,development,0.9636744923252186
2023-11-17,S00,development,0.9635899142116056
2023-11-20,S00,development,0.9633304427311371
2023-11-21,S00,development,0.9630855788586851
2023-11-22,S00,development,0.9628294849270829
2023-11-24,S00,development,0.9627220253388488
2023-11-27,S00,development,0.9624254280303743
2023-11-28,S00,development,0.962355563688494
2023-11-29,S00,development,0.961896932653663
2023-11-30,S00,development,0.9616651130828444
2023-12-01,S00,development,0.9612957603595336
2023-12-04,S00,development,0.9608440068880783
2023-12-05,S00,development,0.9606295280543328
2023-12-06,S00,development,0.9601859673341717
2023-12-07,S00,development,0.9601342502926381
2023-12-08,S00,development,0.9602870165737029
2023-12-11,S00,development,0.9604753237612995
2023-12-12,S00,development,0.9600937334212379
2023-12-13,S00,development,0.9601687319044805
2023-12-14,S00,development,0.9597221846304025
2023-12-15,S00,development,0.9597826520697622
2023-12-18,S00,development,0.9597875110785017
2023-12-19,S00,development,0.9594601637722638
2023-12-20,S00,development,0.9595624027825372
2023-12-21,S00,development,0.9593140341498052
2023-12-22,S00,development,0.9591503711848695
2023-12-26,S00,development,0.958898064405398
2023-12-27,S00,development,0.9587058620479277
2023-12-28,S00,development,0.9585888011412088
2023-12-29,S00,development,0.9586065119359413
2024-01-02,S00,development,0.9586787176678518
2024-01-03,S00,development,0.9584236978312741
2024-01-04,S00,development,0.9582300274957075
2024-01-05,S00,development,0.958056975976887
2024-01-08,S00,development,0.957940075533381
2024-01-09,S00,development,0.957829284915651
2024-01-10,S00,development,0.9578794765304811
2024-01-11,S00,development,0.9577680334909147
2024-01-12,S00,development,0.9577683924165399
2024-01-16,S00,development,0.9575795125501898
2024-01-17,S00,development,0.9573323198409739
2024-01-18,S00,development,0.9570010046180906
2024-01-19,S00,development,0.9568547571445343
2024-01-22,S00,development,0.9566604503281694
2024-01-23,S00,development,0.9565402791063425
2024-01-24,S00,development,0.9563542126347765
2024-01-25,S00,development,0.9557933012155628
2024-01-26,S00,development,0.9557028499993462
2024-01-29,S00,development,0.955764638008947
2024-01-30,S00,development,0.9555924700092088
2024-01-31,S00,development,0.9556393211134938
2024-02-01,S00,development,0.9554394710112879
2024-02-02,S00,development,0.9551889372834901
2024-02-05,S00,development,0.9549248248537607
2024-02-06,S00,development,0.9548720050221592
2024-02-07,S00,development,0.9547087851430938
2024-02-08,S00,development,0.9546532943697934
2024-02-09,S00,development,0.9545024506116777
2024-02-12,S00,development,0.9544300394279013
2024-02-13,S00,development,0.9540931842949317
2024-02-14,S00,development,0.9537406810891152
2024-02-15,S00,development,0.9537928537915855
2024-02-16,S00,development,0.9532828485952383
2024-02-20,S00,development,0.9535177369371955
2024-02-21,S00,development,0.953323837736278
2024-02-22,S00,development,0.9532020782132472
2024-02-23,S00,development,0.9532261931056697
2024-02-26,S00,development,0.9530841644490179
2024-02-27,S00,development,0.9530785538146547
2024-02-28,S00,development,0.9528408982290332
2024-02-29,S00,development,0.9528752035264729
2024-03-01,S00,development,0.9528436816886832
2024-03-04,S00,development,0.9527787259853273
2024-03-05,S00,development,0.9523821026456968
2024-03-06,S00,development,0.9521492033857328
2024-03-07,S00,development,0.9517979827357326
2024-03-08,S00,development,0.9520268187947352
2024-03-11,S00,development,0.9520256362918331
2024-03-12,S00,development,0.9517819659769914
2024-03-13,S00,development,0.9516220194082908
2024-03-14,S00,development,0.9514088501643596
2024-03-15,S00,development,0.9514786750932287
2024-03-18,S00,development,0.9512588532743351
2024-03-19,S00,development,0.9512055438587899
2024-03-20,S00,development,0.9510825365400434
2024-03-21,S00,development,0.9508826873452016
2024-03-22,S00,development,0.9505047167219859
2024-03-25,S00,development,0.9503748023209017
2024-03-26,S00,development,0.9502842774211425
2024-03-27,S00,development,0.9501411399400529
2024-03-28,S00,development,0.950151367265278
2024-04-01,S00,development,0.9500140914449035
2024-04-02,S00,development,0.9499559211806822
2024-04-03,S00,development,0.9496248809252026
2024-04-04,S00,development,0.9493625461185844
2024-04-05,S00,development,0.949150621167009
2024-04-08,S00,development,0.948981984653916
2024-04-09,S00,development,0.9485271706563068
2024-04-10,S00,development,0.9484448474032087
2024-04-11,S00,development,0.9481043256418243
2024-04-12,S00,development,0.9481964568599851
2024-04-15,S00,development,0.9479943096279639
2024-04-16,S00,development,0.9479972868032731
2024-04-17,S00,development,0.9476165258266991
2024-04-18,S00,development,0.9474442540921576
2024-04-19,S00,development,0.9473026222644214
2024-04-22,S00,development,0.9469437162067572
2024-04-23,S00,development,0.946837885974764
2024-04-24,S00,development,0.9470514164155994
2024-04-25,S00,development,0.9470298415419647
2024-04-26,S00,development,0.9468759527377322
2024-04-29,S00,development,0.9464366516416356
2024-04-30,S00,development,0.9461965042602997
2024-05-01,S00,development,0.9461737277815374
2024-05-02,S00,development,0.9462407982662034
2024-05-03,S00,development,0.9463493570181714
2024-05-06,S00,development,0.9462187780692783
2024-05-07,S00,development,0.9460893297199651
2024-05-08,S00,development,0.9459252277343568
2024-05-09,S00,development,0.9457508998911796
2024-05-10,S00,development,0.9456068346166798
2024-05-13,S00,development,0.9453859656377192
2024-05-14,S00,development,0.9449705462294361
2024-05-15,S00,development,0.9448180626164397
2024-05-16,S00,development,0.9450067984137178
2024-05-17,S00,development,0.9447697238990472
2024-05-20,S00,development,0.9446154101409069
2024-05-21,S00,development,0.9445079589239076
2024-05-22,S00,development,0.9445247782977683
2024-05-23,S00,development,0.9445928615840584
2024-05-24,S00,development,0.9443285344938576
2024-05-28,S00,development,0.9440682500457517
2024-05-29,S00,development,0.9438548479999369
2024-05-30,S00,development,0.9438215971099996
2024-05-31,S00,development,0.943859327590755
2024-06-03,S00,development,0.9436569446513441
2024-06-04,S00,development,0.9433710574138742
2024-06-05,S00,development,0.9431771221746016
2024-06-06,S00,development,0.9429842570571884
2024-06-07,S00,development,0.9428496643742914
2024-06-10,S00,development,0.9427495978050675
2024-06-11,S00,development,0.9429599491452979
2024-06-12,S00,development,0.942897410557371
2024-06-13,S00,development,0.9427712269410092
2024-06-14,S00,development,0.942461130167009
2024-06-17,S00,development,0.9420683582533688
2024-06-18,S00,development,0.9421172962783008
2024-06-20,S00,development,0.9416099933372263
2024-06-21,S00,development,0.9415657396116393
2024-06-24,S00,development,0.9413599474467805
2024-06-25,S00,development,0.9411153055396254
2024-06-26,S00,development,0.9408508270458351
2024-06-27,S00,development,0.9405755392491101
2024-06-28,S00,development,0.9403060414473178
2024-07-01,S00,development,0.9398965063887291
2024-07-02,S00,development,0.9396885890069213
2024-07-03,S00,development,0.9397599168316666
2024-07-05,S00,development,0.9392703723787176
2024-07-08,S00,development,0.9392739129810871
2024-07-09,S00,development,0.938974341488545
2024-07-10,S00,development,0.9388872218259839
2024-07-11,S00,development,0.938924152507724
2024-07-12,S00,development,0.9386910932988133
2024-07-15,S00,development,0.9382170147990417
2024-07-16,S00,development,0.9376503620466324
2024-07-17,S00,development,0.9371211770177575
2024-07-18,S00,development,0.9371660072491111
2024-07-19,S00,development,0.9370770152088256
2024-07-22,S00,development,0.9372969484655701
2024-07-23,S00,development,0.9373937204443766
2024-07-24,S00,development,0.9374346064075858
2024-07-25,S00,development,0.9367259240723207
2024-07-26,S00,development,0.9359200956946242
2024-07-29,S00,development,0.9360871299070603
2024-07-30,S00,development,0.9350627175443298
2024-07-31,S00,development,0.9354209013913855
2024-08-01,S00,development,0.9350981033949927
2024-08-02,S00,development,0.9345156059333934
2024-08-05,S00,development,0.9341613902156664
2024-08-06,S00,development,0.9344783308550827
2024-08-07,S00,development,0.9341929951613963
2024-08-08,S00,development,0.9342610902438507
2024-08-09,S00,development,0.9341594657245842
2024-08-12,S00,development,0.9340537705659491
2024-08-13,S00,development,0.9340115327874757
2024-08-14,S00,development,0.9337648334969075
2024-08-15,S00,development,0.9339132789463372
2024-08-16,S00,development,0.9337438757130795
2024-08-19,S00,development,0.933520766472513
2024-08-20,S00,development,0.933316209428891
2024-08-21,S00,development,0.9330850950961558
2024-08-22,S00,development,0.9329428235442184
2024-08-23,S00,development,0.9330629770878637
2024-08-26,S00,development,0.9329838927967304
2024-08-27,S00,development,0.9329274201977089
2024-08-28,S00,development,0.9329831702837396
2024-08-29,S00,development,0.9328252546059538
2024-08-30,S00,development,0.9326813409027279
2024-09-03,S00,development,0.9324183473761244
2024-09-04,S00,development,0.9321233129933377
2024-09-05,S00,development,0.9322455518060648
2024-09-06,S00,development,0.9320210522778974
2024-09-09,S00,development,0.9317301690435013
2024-09-10,S00,development,0.9313555778204105
2024-09-11,S00,development,0.9315260244100163
2024-09-12,S00,development,0.931526280193091
2024-09-13,S00,development,0.9315304989857439
2024-09-16,S00,development,0.9310657626526957
2024-09-17,S00,development,0.9307944087032964
2024-09-18,S00,development,0.9305405918413314
2024-09-19,S00,development,0.9303388004747158
2024-09-20,S00,development,0.9303064160841199
2024-09-23,S00,development,0.9303118635217517
2024-09-24,S00,development,0.930017571562803
2024-09-25,S00,development,0.9296627304637199
2024-09-26,S00,development,0.9295320606480062
2024-09-27,S00,development,0.9292944915773652
2024-09-30,S00,development,0.9293100089950784
2024-10-01,S00,development,0.9290744940716305
2024-10-02,S00,development,0.9289826272940964
2024-10-03,S00,development,0.9287158503712876
2024-10-04,S00,development,0.9282643870536215
2024-10-07,S00,development,0.9281218451508881
2024-10-08,S00,development,0.9281688079549464
2024-10-09,S00,development,0.9280613917058216
2024-10-10,S00,development,0.9279301461971017
2024-10-11,S00,development,0.9278082083313902
2024-10-14,S00,development,0.9276247655962522
2024-10-15,S00,development,0.927636072485316
2024-10-16,S00,development,0.9274679941316766
2024-10-17,S00,development,0.9271984845411331
2024-10-18,S00,development,0.9270485566123686
2024-10-21,S00,development,0.9267839866662174
2024-10-22,S00,development,0.9267577624725397
2024-10-23,S00,development,0.9266304567387509
2024-10-24,S00,development,0.9265617750034593
2024-10-25,S00,development,0.92663191276667
2024-10-28,S00,development,0.9263513104594013
2024-10-29,S00,development,0.9262744600840136
2024-10-30,S00,development,0.9262044070655049
2024-10-31,S00,development,0.9262474403554906
2024-11-01,S00,development,0.926093626818556
2024-11-04,S00,development,0.9259627468707459
2024-11-05,S00,development,0.9258231926287395
2024-11-06,S00,development,0.924828758230414
2024-11-07,S00,development,0.9249569453525462
2024-11-08,S00,development,0.9248276592335122
2024-11-11,S00,development,0.924263014631624
2024-11-12,S00,development,0.9239510008893743
2024-11-13,S00,development,0.9237326410103462
2024-11-14,S00,development,0.9234742072480137
2024-11-15,S00,development,0.9233332178413745
2024-11-18,S00,development,0.9230402532303635
2024-11-19,S00,development,0.9231952928138635
2024-11-20,S00,development,0.9231579129651767
2024-11-21,S00,development,0.9228653649544343
2024-11-22,S00,development,0.9225693582518757
2024-11-25,S00,development,0.9226396800847451
2024-11-26,S00,development,0.9222903179213482
2024-11-27,S00,development,0.9223044594661696
2024-11-29,S00,development,0.9222856805688007
2024-12-02,S00,development,0.9220991840452908
2024-12-03,S00,development,0.9220943834513542
2024-12-04,S00,development,0.921980130325849
2024-12-05,S00,development,0.9220078230443718
2024-12-06,S00,development,0.9214695615319669
2024-12-09,S00,development,0.9213158756896097
2024-12-10,S00,development,0.9212580516093963
2024-12-11,S00,development,0.9208085056665944
2024-12-12,S00,development,0.9210625989907515
2024-12-13,S00,development,0.9207206769963172
2024-12-16,S00,development,0.9202075375014318
2024-12-17,S00,development,0.9199985319698154
2024-12-18,S00,development,0.9202346719892096
2024-12-19,S00,development,0.9199566749865852
2024-12-20,S00,development,0.9198000523117629
2024-12-23,S00,development,0.9192374634222696
2024-12-24,S00,development,0.9193484098834066
2024-12-26,S00,development,0.9190804726290396
2024-12-27,S00,development,0.9187943217324813
2024-12-30,S00,development,0.9185566271850986
2024-12-31,S00,development,0.9182961151348363
2018-07-03,S07,train,0.9994240184547584
2018-07-05,S07,train,0.9992259137673971
2018-07-06,S07,train,0.9989590176607147
2018-07-09,S07,train,0.998921179767133
2018-07-10,S07,train,0.9990138485103693
2018-07-11,S07,train,0.9988974206344745
2018-07-12,S07,train,0.9988553364966609
2018-07-13,S07,train,0.9987425841692448
2018-07-16,S07,train,0.9982962130600798
2018-07-17,S07,train,0.9980612997555895
2018-07-18,S07,train,0.9980967141835547
2018-07-19,S07,train,0.9978868092349473
2018-07-20,S07,train,0.9976307078091107
2018-07-23,S07,train,0.9976622948250811
2018-07-24,S07,train,0.9974812805711276
2018-07-25,S07,train,0.997369334396274
2018-07-26,S07,train,0.9976962764897777
2018-07-27,S07,train,0.9972931596347846
2018-07-30,S07,train,0.9972966026397798
2018-07-31,S07,train,0.9969687250782935
2018-08-01,S07,train,0.9970397424382996
2018-08-02,S07,train,0.9973203847395632
2018-08-03,S07,train,0.9972758659796161
2018-08-06,S07,train,0.9971099496045324
2018-08-07,S07,train,0.9969964845772444
2018-08-08,S07,train,0.996777263127363
2018-08-09,S07,train,0.9966812572079887
2018-08-10,S07,train,0.9964603606774957
2018-08-13,S07,train,0.9963123344989212
2018-08-14,S07,train,0.9958363102586438
2018-08-15,S07,train,0.9957023562654438
2018-08-16,S07,train,0.9955140006138363
2018-08-17,S07,train,0.9952013913682214
2018-08-20,S07,train,0.9949753048440575
2018-08-21,S07,train,0.9950955038971614
2018-08-22,S07,train,0.9947883120480572
2018-08-23,S07,train,0.9945600261380836
2018-08-24,S07,train,0.9943501263305164
2018-08-27,S07,train,0.9945678205668074
2018-08-28,S07,train,0.9942794124660308
2018-08-29,S07,train,0.993921592868196
2018-08-30,S07,train,0.9937374205609338
2018-08-31,S07,train,0.9936115461586429
2018-09-04,S07,train,0.9931596044565905
2018-09-05,S07,train,0.9937229585828474
2018-09-06,S07,train,0.9932427320431081
2018-09-07,S07,train,0.9930039181202424
2018-09-10,S07,train,0.9927672328241388
2018-09-11,S07,train,0.9924964545016607
2018-09-12,S07,train,0.9921116878014081
2018-09-13,S07,train,0.9920215181751164
2018-09-14,S07,train,0.9920931844886636
2018-09-17,S07,train,0.9916859239548084
2018-09-18,S07,train,0.9914710511592406
2018-09-19,S07,train,0.9912635472799449
2018-09-20,S07,train,0.9910408426142175
2018-09-21,S07,train,0.9907036436555373
2018-09-24,S07,train,0.9908286107244503
2018-09-25,S07,train,0.9907120686797125
2018-09-26,S07,train,0.9904841115889758
2018-09-27,S07,train,0.990391529618007
2018-09-28,S07,train,0.9902314867787145
2018-10-01,S07,train,0.98995566060347
2018-10-02,S07,train,0.98961635627372
2018-10-03,S07,train,0.9896566055885982
2018-10-04,S07,train,0.9891887520295596
2018-10-05,S07,train,0.9890101870423488
2018-10-08,S07,train,0.9884437126598339
2018-10-09,S07,train,0.9882838317144336
2018-10-10,S07,train,0.9878450117872174
2018-10-11,S07,train,0.9880606062712153
2018-10-12,S07,train,0.9884734975895361
2018-10-15,S07,train,0.9880435952203439
2018-10-16,S07,train,0.9881465978805924
2018-10-17,S07,train,0.9880033032557362
2018-10-18,S07,train,0.988041868612549
2018-10-19,S07,train,0.9877933850324713
2018-10-22,S07,train,0.9876785390521827
2018-10-23,S07,train,0.9873351452496301
2018-10-24,S07,train,0.986920387204534
2018-10-25,S07,train,0.9869743862508484
2018-10-26,S07,train,0.9869525187112828
2018-10-29,S07,train,0.986395529518568
2018-10-30,S07,train,0.9862330086454145
2018-10-31,S07,train,0.9862215135585564
2018-11-01,S07,train,0.9866444169187262
2018-11-02,S07,train,0.9865365258633172
2018-11-05,S07,train,0.9865630242974743
2018-11-06,S07,train,0.9865014860420809
2018-11-07,S07,train,0.9864331046322423
2018-11-08,S07,train,0.9861832195664406
2018-11-09,S07,train,0.985792842242818
2018-11-12,S07,train,0.9854252371293019
2018-11-13,S07,train,0.985208355018722
2018-11-14,S07,train,0.984810403750788
2018-11-15,S07,train,0.9846632455699517
2018-11-16,S07,train,0.9842813632526102
2018-11-19,S07,train,0.9837158369618428
2018-11-20,S07,train,0.983431584994935
2018-11-21,S07,train,0.9834378825282699
2018-11-23,S07,train,0.9831404412634029
2018-11-26,S07,train,0.9829079944998418
2018-11-27,S07,train,0.9832190638908291
2018-11-28,S07,train,0.9831854812459274
2018-11-29,S07,train,0.9832105065606102
2018-11-30,S07,train,0.9831136391116604
2018-12-03,S07,train,0.9828196254185644
2018-12-04,S07,train,0.9826697114619927
2018-12-06,S07,train,0.9825110962707503
2018-12-07,S07,train,0.9824051761475883
2018-12-10,S07,train,0.9819587444157736
2018-12-11,S07,train,0.9816283086041794
2018-12-12,S07,train,0.9816274192885872
2018-12-13,S07,train,0.9813584281884857
2018-12-14,S07,train,0.9812696399808756
2018-12-17,S07,train,0.981020981393879
2018-12-18,S07,train,0.9806877202753785
2018-12-19,S07,train,0.9802582544214489
2018-12-20,S07,train,0.9801122344903278
2018-12-21,S07,train,0.9799310867636845
2018-12-24,S07,train,0.979936778408471
2018-12-26,S07,train,0.9798588699173617
2018-12-27,S07,train,0.9795145588068981
2018-12-28,S07,train,0.9795579802532534
2018-12-31,S07,train,0.9793163137922848
2019-01-02,S07,train,0.9792010721756454
2019-01-03,S07,train,0.978931898956446
2019-01-04,S07,train,0.9789314930591266
2019-01-07,S07,train,0.9784637084229257
2019-01-08,S07,train,0.9780317538204564
2019-01-09,S07,train,0.9776497243833465
2019-01-10,S07,train,0.9774208820716215
2019-01-11,S07,train,0.9772059341547588
2019-01-14,S07,train,0.9769741665918739
2019-01-15,S07,train,0.9769774052008174
2019-01-16,S07,train,0.9767529223001181
2019-01-17,S07,train,0.9764850176667345
2019-01-18,S07,train,0.976296389439188
2019-01-22,S07,train,0.9761333655399765
2019-01-23,S07,train,0.9760013811554887
2019-01-24,S07,train,0.9760187752502114
2019-01-25,S07,train,0.9758822120408732
2019-01-28,S07,train,0.9754516356781302
2019-01-29,S07,train,0.9755260440139812
2019-01-30,S07,train,0.9755758211487595
2019-01-31,S07,train,0.9755190158059214
2019-02-01,S07,train,0.9755012301569579
2019-02-04,S07,train,0.9752138863753788
2019-02-05,S07,train,0.9749546554660898
2019-02-06,S07,train,0.9747204720440474
2019-02-07,S07,train,0.9744883888177706
2019-02-08,S07,train,0.9744639213330524
2019-02-11,S07,train,0.9743084179063511
2019-02-12,S07,train,0.9743244756502856
2019-02-13,S07,train,0.9742381019606889
2019-02-14,S07,train,0.974101047041898
2019-02-15,S07,train,0.9741327577528515
2019-02-19,S07,train,0.9737201504028855
2019-02-20,S07,train,0.9734906869486606
2019-02-21,S07,train,0.9734719779360003
2019-02-22,S07,train,0.973224314822942
2019-02-25,S07,train,0.973236344073921
2019-02-26,S07,train,0.9731609488634414
2019-02-27,S07,train,0.9727849005166664
2019-02-28,S07,train,0.9726780585999562
2019-03-01,S07,train,0.9722595973363594
2019-03-04,S07,train,0.9720705793486706
2019-03-05,S07,train,0.9717883612401016
2019-03-06,S07,train,0.9714689138772434
2019-03-07,S07,train,0.971251105527311
2019-03-08,S07,train,0.9711997362263106
2019-03-11,S07,train,0.9709096610058804
2019-03-12,S07,train,0.9706912155319997
2019-03-13,S07,train,0.9704627768129266
2019-03-14,S07,train,0.9702454285424521
2019-03-15,S07,train,0.9702159300713522
2019-03-18,S07,train,0.9700243041749016
2019-03-19,S07,train,0.969813972141352
2019-03-20,S07,train,0.9695676262383647
2019-03-21,S07,train,0.9693529998945655
2019-03-22,S07,train,0.9689132877117492
2019-03-25,S07,train,0.9687645680161794
2019-03-26,S07,train,0.9688303655800132
2019-03-27,S07,train,0.9686219877472103
2019-03-28,S07,train,0.9684027598036327
2019-03-29,S07,train,0.9684323149957234
2019-04-01,S07,train,0.9683849797805306
2019-04-02,S07,train,0.9683364240412462
2019-04-03,S07,train,0.9681513370630188
2019-04-04,S07,train,0.9678502105285777
2019-04-05,S07,train,0.967584988904865
2019-04-08,S07,train,0.9673620292809119
2019-04-09,S07,train,0.9673732044830502
2019-04-10,S07,train,0.9671485610552268
2019-04-11,S07,train,0.9670121075828156
2019-04-12,S07,train,0.966797281852178
2019-04-15,S07,train,0.9666136188801162
2019-04-16,S07,train,0.9664376486079113
2019-04-17,S07,train,0.9657779796974514
2019-04-18,S07,train,0.9656787898739155
2019-04-22,S07,train,0.965653641666136
2019-04-23,S07,train,0.9656676164215702
2019-04-24,S07,train,0.9654830069976361
2019-04-25,S07,train,0.9654135174536519
2019-04-26,S07,train,0.9652192046998607
2019-04-29,S07,train,0.9650976163923682
2019-04-30,S07,train,0.9651350808708458
2019-05-01,S07,train,0.9649212319126683
2019-05-02,S07,train,0.9649918215172744
2019-05-03,S07,train,0.9648745782206846
2019-05-06,S07,train,0.9646881297863458
2019-05-07,S07,train,0.9645125870583751
2019-05-08,S07,train,0.9643510758171048
2019-05-09,S07,train,0.9639776502171108
2019-05-10,S07,train,0.9637569671391005
2019-05-13,S07,train,0.9635295358235896
2019-05-14,S07,train,0.9633834937568644
2019-05-15,S07,train,0.9632474837546154
2019-05-16,S07,train,0.9628727809974623
2019-05-17,S07,train,0.9626038888103955
2019-05-20,S07,train,0.9624063463409442
2019-05-21,S07,train,0.9623440506732241
2019-05-22,S07,train,0.9621664279930168
2019-05-23,S07,train,0.9619184009444471
2019-05-24,S07,train,0.9616106891570758
2019-05-28,S07,train,0.9612345371211719
2019-05-29,S07,train,0.9613979134786442
2019-05-30,S07,train,0.96100547839254
2019-05-31,S07,train,0.9605860690240374
2019-06-03,S07,train,0.9607109253337591
2019-06-04,S07,train,0.9608435107382952
2019-06-05,S07,train,0.9602806926967687
2019-06-06,S07,train,0.960028154103432
2019-06-07,S07,train,0.9597315052093462
2019-06-10,S07,train,0.9596921589520313
2019-06-11,S07,train,0.9599222702809936
2019-06-12,S07,train,0.9596603873768248
2019-06-13,S07,train,0.9595843762481352
2019-06-14,S07,train,0.9594873277076584
2019-06-17,S07,train,0.9593441150454403
2019-06-18,S07,train,0.9592975680828709
2019-06-19,S07,train,0.9591766744637026
2019-06-20,S07,train,0.9590992950734823
2019-06-21,S07,train,0.9588025676989108
2019-06-24,S07,train,0.9585909667637095
2019-06-25,S07,train,0.9583730557688549
2019-06-26,S07,train,0.9580175102219457
2019-06-27,S07,train,0.958187469580915
2019-06-28,S07,train,0.9578968112593199
2019-07-01,S07,train,0.9577908739024669
2019-07-02,S07,train,0.9579712188414407
2019-07-03,S07,train,0.9578758636885207
2019-07-05,S07,train,0.9573785748330935
2019-07-08,S07,train,0.9571616151496701
2019-07-09,S07,train,0.9571069321550749
2019-07-10,S07,train,0.9569047347243654
2019-07-11,S07,train,0.9565461247087409
2019-07-12,S07,train,0.9563523294867022
2019-07-15,S07,train,0.956185475305075
2019-07-16,S07,train,0.9559947587641332
2019-07-17,S07,train,0.9557695181897107
2019-07-18,S07,train,0.955541160284425
2019-07-19,S07,train,0.9553668373440304
2019-07-22,S07,train,0.9551980416151089
2019-07-23,S07,train,0.9550497528132903
2019-07-24,S07,train,0.954659210363078
2019-07-25,S07,train,0.9549066923593117
2019-07-26,S07,train,0.9546269927456948
2019-07-29,S07,train,0.9543984047958777
2019-07-30,S07,train,0.9544191815171907
2019-07-31,S07,train,0.9543230927362012
2019-08-01,S07,train,0.9544274495792677
2019-08-02,S07,train,0.9544194035599493
2019-08-05,S07,train,0.9543240898916062
2019-08-06,S07,train,0.9542190810989866
2019-08-07,S07,train,0.9539284612288559
2019-08-08,S07,train,0.9541114397975229
2019-08-09,S07,train,0.9538973342516935
2019-08-12,S07,train,0.9536371841027751
2019-08-13,S07,train,0.9536377994656126
2019-08-14,S07,train,0.953659975209642
2019-08-15,S07,train,0.9535092594673149
2019-08-16,S07,train,0.9532880770585399
2019-08-19,S07,train,0.9529437525727102
2019-08-20,S07,train,0.952861562541637
2019-08-21,S07,train,0.9527043008467919
2019-08-22,S07,train,0.9524056064863403
2019-08-23,S07,train,0.9521778120324704
2019-08-26,S07,train,0.9519899665824075
2019-08-27,S07,train,0.9516574951107627
2019-08-28,S07,train,0.9515565658328915
2019-08-29,S07,train,0.9513744785911262
2019-08-30,S07,train,0.9513436306334397
2019-09-03,S07,train,0.9511702814585506
2019-09-04,S07,train,0.9511367753048333
2019-09-05,S07,train,0.9505190727094759
2019-09-06,S07,train,0.9505011052136701
2019-09-09,S07,train,0.949563837581037
2019-09-10,S07,train,0.9484359256822181
2019-09-11,S07,train,0.9476313579694886
2019-09-12,S07,train,0.9478676745140436
2019-09-13,S07,train,0.9475203414021446
2019-09-16,S07,train,0.9477046077389475
2019-09-17,S07,train,0.9480423687969506
2019-09-18,S07,train,0.9480393062732784
2019-09-19,S07,train,0.9480531642965103
2019-09-20,S07,train,0.9481416394619142
2019-09-23,S07,train,0.9480538674523914
2019-09-24,S07,train,0.9477301892191392
2019-09-25,S07,train,0.9474216980235707
2019-09-26,S07,train,0.9470898879589194
2019-09-27,S07,train,0.9466632381510844
2019-09-30,S07,train,0.9464519863403312
2019-10-01,S07,train,0.9461418871246536
2019-10-02,S07,train,0.9461806426236655
2019-10-03,S07,train,0.9457311650698723
2019-10-04,S07,train,0.9454419204091075
2019-10-07,S07,train,0.9453591724757305
2019-10-08,S07,train,0.9452410989351795
2019-10-09,S07,train,0.945205356363484
2019-10-10,S07,train,0.9449891879073838
2019-10-11,S07,train,0.9449156996393412
2019-10-14,S07,train,0.944698117871232
2019-10-15,S07,train,0.944597611869021
2019-10-16,S07,train,0.9446454821511896
2019-10-17,S07,train,0.9443347848234864
2019-10-18,S07,train,0.9443356782498012
2019-10-21,S07,train,0.9439054228394924
2019-10-22,S07,train,0.9434368705129885
2019-10-23,S07,train,0.94318729828996
2019-10-24,S07,train,0.9434624026962736
2019-10-25,S07,train,0.9429845719888479
2019-10-28,S07,train,0.9423456231227143
2019-10-29,S07,train,0.9421852988008281
2019-10-30,S07,train,0.9425704331189627
2019-10-31,S07,train,0.9422661316111269
2019-11-01,S07,train,0.9421045644342761
2019-11-04,S07,train,0.9415191153656364
2019-11-05,S07,train,0.9413672896160132
2019-11-06,S07,train,0.9413157954833942
2019-11-07,S07,train,0.9408610249300725
2019-11-08,S07,train,0.9405371842761461
2019-11-11,S07,train,0.9405726806776422
2019-11-12,S07,train,0.9403562647352698
2019-11-13,S07,train,0.9402368831535751
2019-11-14,S07,train,0.9400489199262885
2019-11-15,S07,train,0.9399120073031386
2019-11-18,S07,train,0.9396560501628611
2019-11-19,S07,train,0.9392170447381092
2019-11-20,S07,train,0.9388228057262575
2019-11-21,S07,train,0.9386338875042295
2019-11-22,S07,train,0.938620409768914
2019-11-25,S07,train,0.9385084942827813
2019-11-26,S07,train,0.938290506406273
2019-11-27,S07,train,0.9381146692346188
2019-11-29,S07,train,0.9379592374872695
2019-12-02,S07,train,0.9377946683290126
2019-12-03,S07,train,0.9375767591740596
2019-12-04,S07,train,0.9375240200597413
2019-12-05,S07,train,0.9374590230247821
2019-12-06,S07,train,0.9373412460728331
2019-12-09,S07,train,0.9371237640579106
2019-12-10,S07,train,0.9369885908295346
2019-12-11,S07,train,0.9368229985433716
2019-12-12,S07,train,0.9368070321009692
2019-12-13,S07,train,0.9365340750546809
2019-12-16,S07,train,0.9363711588375331
2019-12-17,S07,train,0.9364192524433299
2019-12-18,S07,train,0.9359617225305669
2019-12-19,S07,train,0.935525491377183
2019-12-20,S07,train,0.9352943608970771
2019-12-23,S07,train,0.9348292179211881
2019-12-24,S07,train,0.9348061843132801
2019-12-26,S07,train,0.934588101192085
2019-12-27,S07,train,0.9343911302710014
2019-12-30,S07,train,0.9343194781216171
2019-12-31,S07,train,0.9340941825210815
2020-01-02,S07,train,0.9338518204899801
2020-01-03,S07,train,0.9335486479258421
2020-01-06,S07,train,0.9331853647917747
2020-01-07,S07,train,0.932995050779289
2020-01-08,S07,train,0.9328514862851118
2020-01-09,S07,train,0.9326152782206892
2020-01-10,S07,train,0.9324426651902578
2020-01-13,S07,train,0.9321177391296478
2020-01-14,S07,train,0.9321257855471348
2020-01-15,S07,train,0.9317549846909021
2020-01-16,S07,train,0.9316298899544994
2020-01-17,S07,train,0.9314676333288344
2020-01-21,S07,train,0.9311729171166163
2020-01-22,S07,train,0.9310653130386142
2020-01-23,S07,train,0.9309992042878245
2020-01-24,S07,train,0.9304347403418249
2020-01-27,S07,train,0.9301909533635949
2020-01-28,S07,train,0.9299570613800875
2020-01-29,S07,train,0.9296593762524157
2020-01-30,S07,train,0.9291357888832128
2020-01-31,S07,train,0.9289465772764672
2020-02-03,S07,train,0.9282505835307161
2020-02-04,S07,train,0.9278068003300479
2020-02-05,S07,train,0.928912026386725
2020-02-06,S07,train,0.9286266576323292
2020-02-07,S07,train,0.9283149514264611
2020-02-10,S07,train,0.9279939618203451
2020-02-11,S07,train,0.927897353450952
2020-02-12,S07,train,0.927876897992832
2020-02-13,S07,train,0.9277072991262031
2020-02-14,S07,train,0.9273211333660191
2020-02-18,S07,train,0.926928927753829
2020-02-19,S07,train,0.9267573925254461
2020-02-20,S07,train,0.9267196977027906
2020-02-21,S07,train,0.9265466940633216
2020-02-24,S07,train,0.9263904977946004
2020-02-25,S07,train,0.9260961441153495
2020-02-26,S07,train,0.9259390576045866
2020-02-27,S07,train,0.9258635077867287
2020-02-28,S07,train,0.9258080480556556
2020-03-02,S07,train,0.9250617430116943
2020-03-03,S07,train,0.9249082719382807
2020-03-04,S07,train,0.9242637845849713
2020-03-05,S07,train,0.9236837086343644
2020-03-06,S07,train,0.9232288525032226
2020-03-09,S07,train,0.9221614665069844
2020-03-10,S07,train,0.9217857806888708
2020-03-11,S07,train,0.9208075936887995
2020-03-12,S07,train,0.9190248753275067
2020-03-13,S07,train,0.918021131932331
2020-03-16,S07,train,0.9160578086076637
2020-03-17,S07,train,0.9146995754109583
2020-03-18,S07,train,0.9125770631464997
2020-03-19,S07,train,0.9153997816233244
2020-03-20,S07,train,0.9163601236508492
2020-03-23,S07,train,0.9165648904879375
2020-03-24,S07,train,0.9172980285142418
2020-03-25,S07,train,0.9187876900734018
2020-03-26,S07,train,0.9193033859457137
2020-03-27,S07,train,0.9191169310106859
2020-03-30,S07,train,0.9193806301889149
2020-03-31,S07,train,0.9196252203503191
2020-04-01,S07,train,0.9192051136849914
2020-04-02,S07,train,0.9191322492293537
2020-04-03,S07,train,0.9183927464174675
2020-04-06,S07,train,0.9191207315322834
2020-04-07,S07,train,0.9198634800144726
2020-04-08,S07,train,0.9199389736705953
2020-04-09,S07,train,0.9201954286873071
2020-04-13,S07,train,0.9204359230393655
2020-04-14,S07,train,0.9205248119821041
2020-04-15,S07,train,0.9203799846577274
2020-04-16,S07,train,0.9203887673447452
2020-04-17,S07,train,0.9204216251790664
2020-04-20,S07,train,0.9201524139217186
2020-04-21,S07,train,0.919971202302945
2020-04-22,S07,train,0.919865739836698
2020-04-23,S07,train,0.9197633387820675
2020-04-24,S07,train,0.9193269253149323
2020-04-27,S07,train,0.9189576798145735
2020-04-28,S07,train,0.9189225655798742
2020-04-29,S07,train,0.917661726154536
2020-04-30,S07,train,0.918044611009043
2020-05-01,S07,train,0.918768939169972
2020-05-04,S07,train,0.9187527042711066
2020-05-05,S07,train,0.9187574973532079
2020-05-06,S07,train,0.9183669489921678
2020-05-07,S07,train,0.9181541946025493
2020-05-08,S07,train,0.9179378863304446
2020-05-11,S07,train,0.9176108749719863
2020-05-12,S07,train,0.9178128854368222
2020-05-13,S07,train,0.9180475307155466
2020-05-14,S07,train,0.9182325794024967
2020-05-15,S07,train,0.9181064012010136
2020-05-18,S07,train,0.9185615814212067
2020-05-19,S07,train,0.9183774361898926
2020-05-20,S07,train,0.9183060390689753
2020-05-21,S07,train,0.9179910048183109
2020-05-22,S07,train,0.9180123440865336
2020-05-26,S07,train,0.9171445887434666
2020-05-27,S07,train,0.9166568009650207
2020-05-28,S07,train,0.9172929598707853
2020-05-29,S07,train,0.9174113841115918
2020-06-01,S07,train,0.9172683742277362
2020-06-02,S07,train,0.9169479725974716
2020-06-03,S07,train,0.9162764345540012
2020-06-04,S07,train,0.9154290793783203
2020-06-05,S07,train,0.9145853479123499
2020-06-08,S07,train,0.9130382001546377
2020-06-09,S07,train,0.9142308226871486
2020-06-10,S07,train,0.915493133469279
2020-06-11,S07,train,0.9159702089924007
2020-06-12,S07,train,0.9153693015296227
2020-06-15,S07,train,0.9152502772975828
2020-06-16,S07,train,0.9153044826367656
2020-06-17,S07,train,0.9151121335382322
2020-06-18,S07,train,0.9149373559801318
2020-06-19,S07,train,0.9146282781066203
2020-06-22,S07,train,0.9143649110514043
2020-06-23,S07,train,0.9141310451956127
2020-06-24,S07,train,0.9139809456786226
2020-06-25,S07,train,0.9136494524892584
2020-06-26,S07,train,0.9137679091803208
2020-06-29,S07,train,0.9138281819300597
2020-06-30,S07,train,0.9136566262029532
2020-07-01,S07,train,0.9135951046664728
2020-07-02,S07,train,0.9132054119375325
2020-07-06,S07,train,0.9120740806758607
2020-07-07,S07,train,0.9118636200322592
2020-07-08,S07,train,0.9116912390625679
2020-07-09,S07,train,0.9114133764791058
2020-07-10,S07,train,0.9110019885505973
2020-07-13,S07,train,0.9115778286212639
2020-07-14,S07,train,0.911325966226531
2020-07-15,S07,train,0.911576659928417
2020-07-16,S07,train,0.9112528239538573
2020-07-17,S07,train,0.9113174038674658
2020-07-20,S07,train,0.911211684459314
2020-07-21,S07,train,0.9110857056163538
2020-07-22,S07,train,0.9109246014360747
2020-07-23,S07,train,0.9106356703118808
2020-07-24,S07,train,0.9105570514635279
2020-07-27,S07,train,0.9105667143504581
2020-07-28,S07,train,0.9106533144065895
2020-07-29,S07,train,0.910179942088375
2020-07-30,S07,train,0.9099872141831423
2020-07-31,S07,train,0.9099399735179104
2020-08-03,S07,train,0.909491729494512
2020-08-04,S07,train,0.9094164853886755
2020-08-05,S07,train,0.9089022393783831
2020-08-06,S07,train,0.9086385497182446
2020-08-07,S07,train,0.9085257489810604
2020-08-10,S07,train,0.9082340136921084
2020-08-11,S07,train,0.9079523672080404
2020-08-12,S07,train,0.9082723764252766
2020-08-13,S07,train,0.9088497072418332
2020-08-14,S07,train,0.9085931704835506
2020-08-17,S07,train,0.908435536992809
2020-08-18,S07,train,0.9082553946461313
2020-08-19,S07,train,0.908252719361978
2020-08-20,S07,train,0.9078767403097123
2020-08-21,S07,train,0.907448886978789
2020-08-24,S07,train,0.9076620652772884
2020-08-25,S07,train,0.9074975766115937
2020-08-26,S07,train,0.9070480961174626
2020-08-27,S07,train,0.9068465999465004
2020-08-28,S07,train,0.9066839272564963
2020-08-31,S07,train,0.9063738945159979
2020-09-01,S07,train,0.9061389030919966
2020-09-02,S07,train,0.9062342619355837
2020-09-03,S07,train,0.9061209780310431
2020-09-04,S07,train,0.9060203003705231
2020-09-08,S07,train,0.9046230976112709
2020-09-09,S07,train,0.9051594458991947
2020-09-10,S07,train,0.9052141121402626
2020-09-11,S07,train,0.9047374471756332
2020-09-14,S07,train,0.9044898663379137
2020-09-15,S07,train,0.9043114542918954
2020-09-16,S07,train,0.9038417304419021
2020-09-17,S07,train,0.9038055050684889
2020-09-18,S07,train,0.9031343105621925
2020-09-21,S07,train,0.9034951894620119
2020-09-22,S07,train,0.9034150954869112
2020-09-23,S07,train,0.9039138106347436
2020-09-24,S07,train,0.9039189068008977
2020-09-25,S07,train,0.9039495912588437
2020-09-28,S07,train,0.9040074213266683
2020-09-29,S07,train,0.9037198170517129
2020-09-30,S07,train,0.9036275015754736
2020-10-01,S07,train,0.9034081633043114
2020-10-02,S07,train,0.9031148036894092
2020-10-05,S07,train,0.9030584498853751
2020-10-06,S07,train,0.9027439844576938
2020-10-07,S07,train,0.9026938133439497
2020-10-08,S07,train,0.9025567752707669
2020-10-09,S07,train,0.9026287333266139
2020-10-12,S07,train,0.9025271450966784
2020-10-13,S07,train,0.9024678990053869
2020-10-14,S07,train,0.9023649811451259
2020-10-15,S07,train,0.9021502612184061
2020-10-16,S07,train,0.9016965166681526
2020-10-19,S07,train,0.901530707375417
2020-10-20,S07,train,0.9013318821861592
2020-10-21,S07,train,0.9009058910774076
2020-10-22,S07,train,0.9005632106287221
2020-10-23,S07,train,0.9004720690512624
2020-10-26,S07,train,0.900621359086908
2020-10-27,S07,train,0.9010526638196418
2020-10-28,S07,train,0.9006593950739286
2020-10-29,S07,train,0.9005339789884137
2020-10-30,S07,train,0.9006368901063683
2020-11-02,S07,train,0.9003873037916762
2020-11-03,S07,train,0.9000984035153218
2020-11-04,S07,train,0.9003381554565864
2020-11-05,S07,train,0.9003349355170863
2020-11-06,S07,train,0.8998742951838244
2020-11-09,S07,train,0.8999040186723714
2020-11-10,S07,train,0.9002392555567362
2020-11-11,S07,train,0.9007542780152509
2020-11-12,S07,train,0.9009166078093497
2020-11-13,S07,train,0.9002196760821782
2020-11-16,S07,train,0.8995436971657196
2020-11-17,S07,train,0.8999376913076914
2020-11-18,S07,train,0.9003747401942034
2020-11-19,S07,train,0.9001482834568784
2020-11-20,S07,train,0.899880067366704
2020-11-23,S07,train,0.8990932834064412
2020-11-24,S07,train,0.8989221037607407
2020-11-25,S07,train,0.8988576729304679
2020-11-27,S07,train,0.898885120974456
2020-11-30,S07,train,0.8989930090562991
2020-12-01,S07,train,0.8992595076741315
2020-12-02,S07,train,0.8992214949300551
2020-12-03,S07,train,0.8989017373100237
2020-12-04,S07,train,0.8987834473051497
2020-12-07,S07,train,0.8987512866332653
2020-12-08,S07,train,0.89849675989368
2020-12-09,S07,train,0.8987610050299027
2020-12-10,S07,train,0.8981027088755186
2020-12-11,S07,train,0.8978156177790609
2020-12-14,S07,train,0.8974455388125492
2020-12-15,S07,train,0.8971340353524779
2020-12-16,S07,train,0.8968867559553809
2020-12-17,S07,train,0.896786167713312
2020-12-18,S07,train,0.896588202455397
2020-12-21,S07,train,0.8964487115443618
2020-12-22,S07,train,0.8959862614421124
2020-12-23,S07,train,0.8963171567449552
2020-12-24,S07,train,0.8962574363316623
2020-12-28,S07,train,0.8966077896085737
2020-12-29,S07,train,0.8966304299974384
2020-12-30,S07,train,0.8965517639806695
2020-12-31,S07,train,0.8961517503256985
2021-01-04,S07,train,0.8957712920324568
2021-01-05,S07,train,0.8957427710382245
2021-01-06,S07,train,0.8958911529224882
2021-01-07,S07,train,0.8958199183126846
2021-01-08,S07,train,0.8957033413780607
2021-01-11,S07,train,0.8953608603220315
2021-01-12,S07,train,0.8947277279301241
2021-01-13,S07,train,0.8948676855177227
2021-01-14,S07,train,0.894249298576894
2021-01-15,S07,train,0.8945369727042158
2021-01-19,S07,train,0.8939719777626612
2021-01-20,S07,train,0.8938713084308046
2021-01-21,S07,train,0.8937250550070067
2021-01-22,S07,train,0.8934174437575736
2021-01-25,S07,train,0.8928324183832542
2021-01-26,S07,train,0.8924246535202739
2021-01-27,S07,train,0.8919925205089352
2021-01-28,S07,train,0.8928482659404049
2021-01-29,S07,train,0.8926186126894383
2021-02-01,S07,train,0.8929023824836458
2021-02-02,S07,train,0.893502828360828
2021-02-03,S07,train,0.8934207187339203
2021-02-04,S07,train,0.8932132037078977
2021-02-05,S07,train,0.892901910968343
2021-02-08,S07,train,0.8923867989929096
2021-02-09,S07,train,0.8923591196110691
2021-02-10,S07,train,0.8924611958154491
2021-02-11,S07,train,0.8922940345683504
2021-02-12,S07,train,0.8921347000311194
2021-02-16,S07,train,0.8920656457514471
2021-02-17,S07,train,0.8920343427620406
2021-02-18,S07,train,0.8918305462177666
2021-02-19,S07,train,0.8924817944954864
2021-02-22,S07,train,0.8919519467173808
2021-02-23,S07,train,0.8916166286430973
2021-02-24,S07,train,0.8915260527395761
2021-02-25,S07,train,0.8910848703945221
2021-02-26,S07,train,0.8913745074744127
2021-03-01,S07,train,0.8916581664579517
2021-03-02,S07,train,0.8910751995738082
2021-03-03,S07,train,0.8902554545115975
2021-03-04,S07,train,0.8900587621762431
2021-03-05,S07,train,0.8897320928613965
2021-03-08,S07,train,0.8888293951523734
2021-03-09,S07,train,0.8901396888865201
2021-03-10,S07,train,0.8899295191473752
2021-03-11,S07,train,0.8897649663195982
2021-03-12,S07,train,0.8896428533702243
2021-03-15,S07,train,0.8897622007718264
2021-03-16,S07,train,0.8894390942208544
2021-03-17,S07,train,0.8894727621821336
2021-03-18,S07,train,0.8891573637429473
2021-03-19,S07,train,0.8891012033472557
2021-03-22,S07,train,0.8887267813576463
2021-03-23,S07,train,0.8882952868861488
2021-03-24,S07,train,0.8879586674855142
2021-03-25,S07,train,0.8884569990587081
2021-03-26,S07,train,0.8883787762383788
2021-03-29,S07,train,0.8880970620203116
2021-03-30,S07,train,0.8880708710226634
2021-03-31,S07,train,0.8879158769333242
2021-04-01,S07,train,0.8877820931185337
2021-04-05,S07,train,0.8874165184425034
2021-04-06,S07,train,0.8870744630018518
2021-04-07,S07,train,0.8869074827289392
2021-04-08,S07,train,0.8865158808841131
2021-04-09,S07,train,0.8863487136134992
2021-04-12,S07,train,0.8860579156878478
2021-04-13,S07,train,0.8857507532761906
2021-04-14,S07,train,0.8860199638310231
2021-04-15,S07,train,0.8855497252470362
2021-04-16,S07,train,0.8856403901560423
2021-04-19,S07,train,0.8856734958231974
2021-04-20,S07,train,0.8852629390350119
2021-04-21,S07,train,0.8854208083041275
2021-04-22,S07,train,0.8852406365298378
2021-04-23,S07,train,0.8851766105985389
2021-04-26,S07,train,0.8849976857908218
2021-04-27,S07,train,0.8846391013526685
2021-04-28,S07,train,0.8842920809997661
2021-04-29,S07,train,0.8844100485439604
2021-04-30,S07,train,0.8845795235006356
2021-05-03,S07,train,0.8844376966569674
2021-05-04,S07,train,0.8844737439768521
2021-05-05,S07,train,0.8844779984707514
2021-05-06,S07,train,0.8842309180336837
2021-05-07,S07,train,0.8842440298496619
2021-05-10,S07,train,0.8840153148166907
2021-05-11,S07,train,0.8840451889445422
2021-05-12,S07,train,0.8837664167701931
2021-05-13,S07,train,0.8836122812597416
2021-05-14,S07,train,0.8836774589664502
2021-05-17,S07,train,0.8835848301094131
2021-05-18,S07,train,0.8835064189384911
2021-05-19,S07,train,0.8832272877275057
2021-05-20,S07,train,0.8830769593202438
2021-05-21,S07,train,0.8829661071130723
2021-05-24,S07,train,0.882882802956549
2021-05-25,S07,train,0.8827278185922026
2021-05-26,S07,train,0.8827556150410787
2021-05-27,S07,train,0.8824276668117693
2021-05-28,S07,train,0.8822506946724634
2021-06-01,S07,train,0.8820245634424404
2021-06-02,S07,train,0.8817331527358943
2021-06-03,S07,train,0.8813271118223036
2021-06-04,S07,train,0.8814721456755367
2021-06-07,S07,train,0.8811802633802182
2021-06-08,S07,train,0.8811814770062334
2021-06-09,S07,train,0.881053016288637
2021-06-10,S07,train,0.8810501249638484
2021-06-11,S07,train,0.8807401954976176
2021-06-14,S07,train,0.8804213152041228
2021-06-15,S07,train,0.8804235434573717
2021-06-16,S07,train,0.8802637691416324
2021-06-17,S07,train,0.8794883309811512
2021-06-18,S07,train,0.8790305079647508
2021-06-21,S07,train,0.8791322068410974
2021-06-22,S07,train,0.8788172581431788
2021-06-23,S07,train,0.8786464356899435
2021-06-24,S07,train,0.8786586135397194
2021-06-25,S07,train,0.8785592699121685
2021-06-28,S07,train,0.8783793141313166
2021-06-29,S07,train,0.8781042195029656
2021-06-30,S07,train,0.8781643010643472
2021-07-01,S07,train,0.8779558455025134
2021-07-02,S07,train,0.8776597413901754
2021-07-06,S07,train,0.8772755564328822
2021-07-07,S07,train,0.8766890841365573
2021-07-08,S07,train,0.8765590882687934
2021-07-09,S07,train,0.8767704706017387
2021-07-12,S07,train,0.876447401105154
2021-07-13,S07,train,0.8760584152440957
2021-07-14,S07,train,0.8754616399051581
2021-07-15,S07,train,0.8752407767779471
2021-07-16,S07,train,0.8750292380646518
2021-07-19,S07,train,0.8751198666520983
2021-07-20,S07,train,0.8757327024454105
2021-07-21,S07,train,0.8760360911670292
2021-07-22,S07,train,0.8758172569386058
2021-07-23,S07,train,0.8756174862579965
2021-07-26,S07,train,0.8756566160943913
2021-07-27,S07,train,0.8754114292027666
2021-07-28,S07,train,0.875515907098012
2021-07-29,S07,train,0.8751286736974636
2021-07-30,S07,train,0.8748636460986307
2021-08-02,S07,train,0.8747706314517524
2021-08-03,S07,train,0.8745785083976688
2021-08-04,S07,train,0.8742816639105908
2021-08-05,S07,train,0.8746115064866976
2021-08-06,S07,train,0.8747288343064028
2021-08-09,S07,train,0.8745515602171057
2021-08-10,S07,train,0.8741462947474087
2021-08-11,S07,train,0.8739987370265556
2021-08-12,S07,train,0.8737641427325341
2021-08-13,S07,train,0.8735731569603806
2021-08-16,S07,train,0.8734080758654303
2021-08-17,S07,train,0.8733055216410417
2021-08-18,S07,train,0.8732504198377675
2021-08-19,S07,train,0.8730208992089635
2021-08-20,S07,train,0.8727764375457805
2021-08-23,S07,train,0.8726352857613384
2021-08-24,S07,train,0.8725767865720807
2021-08-25,S07,train,0.8723331165583756
2021-08-26,S07,train,0.872157364463833
2021-08-27,S07,train,0.8720164928257873
2021-08-30,S07,train,0.8718989845706585
2021-08-31,S07,train,0.871598077572241
2021-09-01,S07,train,0.8715257882712211
2021-09-02,S07,train,0.8710720444061689
2021-09-03,S07,train,0.8709173759285894
2021-09-07,S07,train,0.870544691627398
2021-09-08,S07,train,0.8706195953254381
2021-09-09,S07,train,0.8705066340628453
2021-09-10,S07,train,0.8704419346957082
2021-09-13,S07,train,0.8701428955621701
2021-09-14,S07,train,0.8701590786760052
2021-09-15,S07,train,0.8699763471509281
2021-09-16,S07,train,0.8701054717229086
2021-09-17,S07,train,0.870004011713251
2021-09-20,S07,train,0.8699289021962191
2021-09-21,S07,train,0.869725821609061
2021-09-22,S07,train,0.8693339282945514
2021-09-23,S07,train,0.8693563956392029
2021-09-24,S07,train,0.8691672339260001
2021-09-27,S07,train,0.8687266260835723
2021-09-28,S07,train,0.8683226955849656
2021-09-29,S07,train,0.8681657369946004
2021-09-30,S07,train,0.8683660616262495
2021-10-01,S07,train,0.867877865962086
2021-10-04,S07,train,0.8671475725200657
2021-10-05,S07,train,0.8670916655147325
2021-10-06,S07,train,0.866912101423469
2021-10-07,S07,train,0.866795171938226
2021-10-08,S07,train,0.8663211033461039
2021-10-11,S07,train,0.8658562185059019
2021-10-12,S07,train,0.8658129236136726
2021-10-13,S07,train,0.8656116160274058
2021-10-14,S07,train,0.8656660861204849
2021-10-15,S07,train,0.865485334721783
2021-10-18,S07,train,0.8655082677958366
2021-10-19,S07,train,0.8655830381988142
2021-10-20,S07,train,0.8653743873821298
2021-10-21,S07,train,0.8651267362411406
2021-10-22,S07,train,0.8648939082005865
2021-10-25,S07,train,0.8645820268009726
2021-10-26,S07,train,0.8646705605802605
2021-10-27,S07,train,0.8646320097054689
2021-10-28,S07,train,0.8644396151186171
2021-10-29,S07,train,0.86411709126539
2021-11-01,S07,train,0.863895197558301
2021-11-02,S07,train,0.863713432727626
2021-11-03,S07,train,0.8632910317433453
2021-11-04,S07,train,0.8631547643861496
2021-11-05,S07,train,0.8631345268323145
2021-11-08,S07,train,0.8633223178226828
2021-11-09,S07,train,0.8634546745811309
2021-11-10,S07,train,0.8632805248560426
2021-11-11,S07,train,0.8632228858697696
2021-11-12,S07,train,0.8631408445455779
2021-11-15,S07,train,0.8630012728716752
2021-11-16,S07,train,0.8629253218338494
2021-11-17,S07,train,0.862784448308409
2021-11-18,S07,train,0.8625246774628141
2021-11-19,S07,train,0.8623654807846394
2021-11-22,S07,train,0.8617357689684509
2021-11-23,S07,train,0.8611822658022891
2021-11-24,S07,train,0.8610970414742324
2021-11-26,S07,train,0.8609480487869939
2021-11-29,S07,train,0.860558116560394
2021-11-30,S07,train,0.8603615569987744
2021-12-01,S07,train,0.8596725733643519
2021-12-02,S07,train,0.8597178214052789
2021-12-03,S07,train,0.8590059099298883
2021-12-06,S07,train,0.8586456134967074
2021-12-07,S07,train,0.8591020656454496
2021-12-08,S07,train,0.8589763407533919
2021-12-09,S07,train,0.8584567709579917
2021-12-10,S07,train,0.8583613735162811
2021-12-13,S07,train,0.8581078846266499
2021-12-14,S07,train,0.8578811692601573
2021-12-15,S07,train,0.8578509414668782
2021-12-16,S07,train,0.8570167374749182
2021-12-17,S07,train,0.8569142707709774
2021-12-20,S07,train,0.856669011095206
2021-12-21,S07,train,0.8567485802372737
2021-12-22,S07,train,0.8567845018179653
2021-12-23,S07,train,0.8566885907003451
2021-12-27,S07,train,0.8568054072079054
2021-12-28,S07,train,0.8566113249105222
2021-12-29,S07,train,0.8564374229158603
2021-12-30,S07,train,0.8564765798713897
2021-12-31,S07,train,0.8563234720457154
2022-01-03,S07,train,0.8560962554321345
2022-01-04,S07,train,0.8557383795612433
2022-01-05,S07,train,0.8554601190488414
2022-01-06,S07,train,0.8553429513429387
2022-01-07,S07,train,0.8549349598292518
2022-01-10,S07,train,0.8549533382553336
2022-01-11,S07,train,0.8547509883097001
2022-01-12,S07,train,0.8545253515989703
2022-01-13,S07,train,0.8539382287640852
2022-01-14,S07,train,0.8536229206478703
2022-01-18,S07,train,0.8531065590104459
2022-01-19,S07,train,0.8532595162687722
2022-01-20,S07,train,0.8533661280333973
2022-01-21,S07,train,0.8531534283879775
2022-01-24,S07,train,0.853183741985777
2022-01-25,S07,train,0.8530308111841177
2022-01-26,S07,train,0.8528250821966411
2022-01-27,S07,train,0.852772660034435
2022-01-28,S07,train,0.8526979699735393
2022-01-31,S07,train,0.8529334463454284
2022-02-01,S07,train,0.8528156195555856
2022-02-02,S07,train,0.8529705009152555
2022-02-03,S07,train,0.8526462518998106
2022-02-04,S07,train,0.8523382503955687
2022-02-07,S07,train,0.8519867943018153
2022-02-08,S07,train,0.8515303862793611
2022-02-09,S07,train,0.8515132129920907
2022-02-10,S07,train,0.8511880100893876
2022-02-11,S07,train,0.8508432460587867
2022-02-14,S07,train,0.8507378454805068
2022-02-15,S07,train,0.8501008166813708
2022-02-16,S07,train,0.8497477213564686
2022-02-17,S07,train,0.8497067865048886
2022-02-18,S07,train,0.8497933361135099
2022-02-22,S07,train,0.8495570771602059
2022-02-23,S07,train,0.8494096300831447
2022-02-24,S07,train,0.8493982109401313
2022-02-25,S07,train,0.8491650988579454
2022-02-28,S07,train,0.8489909365337943
2022-03-01,S07,train,0.8486557920463295
2022-03-02,S07,train,0.8485677723243951
2022-03-03,S07,train,0.8481539518218655
2022-03-04,S07,train,0.8475888811786046
2022-03-07,S07,train,0.847064386189168
2022-03-08,S07,train,0.8479681275000452
2022-03-09,S07,train,0.8478482507578406
2022-03-10,S07,train,0.847730236478428
2022-03-11,S07,train,0.8476894368152791
2022-03-14,S07,train,0.8475273852907755
2022-03-15,S07,train,0.8474897720757107
2022-03-16,S07,train,0.847489802651489
2022-03-17,S07,train,0.8473152869561953
2022-03-18,S07,train,0.847017274388167
2022-03-21,S07,train,0.8468761372468014
2022-03-22,S07,train,0.8468124464196801
2022-03-23,S07,train,0.8465259212034851
2022-03-24,S07,train,0.8463591993860178
2022-03-25,S07,train,0.84623024355375
2022-03-28,S07,train,0.8457670094410177
2022-03-29,S07,train,0.8458525969579911
2022-03-30,S07,train,0.8453520548648898
2022-03-31,S07,train,0.8450814396129324
2022-04-01,S07,train,0.8446026809480732
2022-04-04,S07,train,0.8440743174272515
2022-04-05,S07,train,0.8436023655201932
2022-04-06,S07,train,0.8433242257946243
2022-04-07,S07,train,0.8430370468707893
2022-04-08,S07,train,0.8429027715730464
2022-04-11,S07,train,0.8429198239611593
2022-04-12,S07,train,0.8428295974278024
2022-04-13,S07,train,0.84275760850343
2022-04-14,S07,train,0.8426190624865678
2022-04-18,S07,train,0.8424968833130838
2022-04-19,S07,train,0.8422526217368693
2022-04-20,S07,train,0.8421836539755476
2022-04-21,S07,train,0.8420264848502313
2022-04-22,S07,train,0.8420450344352417
2022-04-25,S07,train,0.8420452999691304
2022-04-26,S07,train,0.8418593295942733
2022-04-27,S07,train,0.8417906496103054
2022-04-28,S07,train,0.8414596632927152
2022-04-29,S07,train,0.841295711887147
2022-05-02,S07,train,0.8412379296226662
2022-05-03,S07,train,0.8412129982975538
2022-05-04,S07,train,0.8410795043898892
2022-05-05,S07,train,0.8408884019255946
2022-05-06,S07,train,0.8406573637875315
2022-05-09,S07,train,0.840274911993255
2022-05-10,S07,train,0.8407087646165309
2022-05-11,S07,train,0.8405822280145514
2022-05-12,S07,train,0.8403365268507538
2022-05-13,S07,train,0.8404880144200972
2022-05-16,S07,train,0.8402286023690494
2022-05-17,S07,train,0.8400539378435689
2022-05-18,S07,train,0.8398020120129178
2022-05-19,S07,train,0.8399103196361516
2022-05-20,S07,train,0.8398049033581373
2022-05-23,S07,train,0.839925382132802
2022-05-24,S07,train,0.8395662614201281
2022-05-25,S07,train,0.839713794585867
2022-05-26,S07,train,0.8394700334827928
2022-05-27,S07,train,0.8394650901882305
2022-05-31,S07,train,0.8394038305380428
2022-06-01,S07,train,0.8391857993739994
2022-06-02,S07,train,0.8390760721727885
2022-06-03,S07,train,0.8390625553129178
2022-06-06,S07,train,0.8388423819845544
2022-06-07,S07,train,0.8388436793041272
2022-06-08,S07,train,0.8385937443074047
2022-06-09,S07,train,0.8383268139029224
2022-06-10,S07,train,0.8382935081354219
2022-06-13,S07,train,0.837843255980441
2022-06-14,S07,train,0.8374832706163288
2022-06-15,S07,train,0.837334785344749
2022-06-16,S07,train,0.8368080377173288
2022-06-17,S07,train,0.8369635674133525
2022-06-21,S07,train,0.8364133966204526
2022-06-22,S07,train,0.8362356304437213
2022-06-23,S07,train,0.8356648609821575
2022-06-24,S07,train,0.8358787848485031
2022-06-27,S07,train,0.8359673646161795
2022-06-28,S07,train,0.8360423626692176
2022-06-29,S07,train,0.8357285262410599
2022-06-30,S07,train,0.835569056228406
2022-07-01,S07,train,0.8354096812970241
2022-07-05,S07,train,0.8352745033287434
2022-07-06,S07,train,0.8346189836612737
2022-07-07,S07,train,0.834889577371172
2022-07-08,S07,train,0.8346694769982725
2022-07-11,S07,train,0.8344986396834158
2022-07-12,S07,train,0.8347298865069989
2022-07-13,S07,train,0.8345444289586536
2022-07-14,S07,train,0.8341282333793693
2022-07-15,S07,train,0.8340601727004515
2022-07-18,S07,train,0.8340408017324241
2022-07-19,S07,train,0.8339366739675389
2022-07-20,S07,train,0.8337785538990024
2022-07-21,S07,train,0.8333925596966689
2022-07-22,S07,train,0.8332251140611916
2022-07-25,S07,train,0.8331329933305273
2022-07-26,S07,train,0.83292957378384
2022-07-27,S07,train,0.8328529506736977
2022-07-28,S07,train,0.8327403042403381
2022-07-29,S07,train,0.8326472526991833
2022-08-01,S07,train,0.8323933528957992
2022-08-02,S07,train,0.8325315870238118
2022-08-03,S07,train,0.8323316795243896
2022-08-04,S07,train,0.8322337039483663
2022-08-05,S07,train,0.832028742759614
2022-08-08,S07,train,0.8319430595377911
2022-08-09,S07,train,0.8318576744740149
2022-08-10,S07,train,0.8316601183830526
2022-08-11,S07,train,0.8314589617383445
2022-08-12,S07,train,0.8313229262514548
2022-08-15,S07,train,0.8312207852636769
2022-08-16,S07,train,0.8308832206884679
2022-08-17,S07,train,0.830832591143808
2022-08-18,S07,train,0.830650428928862
2022-08-19,S07,train,0.8304798542370598
2022-08-22,S07,train,0.8302785615699173
2022-08-23,S07,train,0.830324410763608
2022-08-24,S07,train,0.8301071188697255
2022-08-25,S07,train,0.8300437341197064
2022-08-26,S07,train,0.8299529903869225
2022-08-29,S07,train,0.8297530804377133
2022-08-30,S07,train,0.8297213351903856
2022-08-31,S07,train,0.8296427472249092
2022-09-01,S07,train,0.8295233412659185
2022-09-02,S07,train,0.8294655890731031
2022-09-06,S07,train,0.829185173669601
2022-09-07,S07,train,0.8290251133835645
2022-09-08,S07,train,0.828929914082717
2022-09-09,S07,train,0.8288173530513984
2022-09-12,S07,train,0.8286461277310366
2022-09-13,S07,train,0.8283177223759406
2022-09-14,S07,train,0.8279953626989166
2022-09-15,S07,train,0.8278655180088585
2022-09-16,S07,train,0.8278764863165429
2022-09-19,S07,train,0.8277007604886517
2022-09-20,S07,train,0.8273050169720656
2022-09-21,S07,train,0.8272902612493358
2022-09-22,S07,train,0.8269357221031443
2022-09-23,S07,train,0.8269932496552177
2022-09-26,S07,train,0.8267344231841721
2022-09-27,S07,train,0.8265717731165738
2022-09-28,S07,train,0.8263615137966475
2022-09-29,S07,train,0.826171077842427
2022-09-30,S07,train,0.8259274240822182
2022-10-03,S07,train,0.8257075114414975
2022-10-04,S07,train,0.8254914870025224
2022-10-05,S07,train,0.8251740268320897
2022-10-06,S07,train,0.8246356121599143
2022-10-07,S07,train,0.8242971102567328
2022-10-10,S07,train,0.8239620316175306
2022-10-11,S07,train,0.8236092133729126
2022-10-12,S07,train,0.8232766768008107
2022-10-13,S07,train,0.8230871556861328
2022-10-14,S07,train,0.822628252837704
2022-10-17,S07,train,0.8227906434671538
2022-10-18,S07,train,0.8226831194630425
2022-10-19,S07,train,0.8223914161210081
2022-10-20,S07,train,0.8221989225705139
2022-10-21,S07,train,0.8218602940169665
2022-10-24,S07,train,0.8217090169098901
2022-10-25,S07,train,0.822002876696502
2022-10-26,S07,train,0.8218898599319269
2022-10-27,S07,train,0.8217396500978627
2022-10-28,S07,train,0.8217559868348019
2022-10-31,S07,train,0.8214316670019537
2022-11-01,S07,train,0.821490419127878
2022-11-02,S07,train,0.8214419210008703
2022-11-03,S07,train,0.82105870950641
2022-11-04,S07,train,0.8206963667520322
2022-11-07,S07,train,0.8205192287430009
2022-11-08,S07,train,0.8203975824337947
2022-11-09,S07,train,0.8200949218017785
2022-11-10,S07,train,0.8200405980610854
2022-11-11,S07,train,0.8197550847146322
2022-11-14,S07,train,0.819759075926907
2022-11-15,S07,train,0.8197103657227977
2022-11-16,S07,train,0.8196613663924047
2022-11-17,S07,train,0.8195625817590645
2022-11-18,S07,train,0.8195012176016829
2022-11-21,S07,train,0.8193618332397608
2022-11-22,S07,train,0.8190490175029537
2022-11-23,S07,train,0.8189971482207424
2022-11-25,S07,train,0.8188499062460285
2022-11-28,S07,train,0.818690526579751
2022-11-29,S07,train,0.818480605541955
2022-11-30,S07,train,0.818495027840113
2022-12-01,S07,train,0.8184241914366938
2022-12-02,S07,train,0.8182681897266842
2022-12-05,S07,train,0.8181243546845028
2022-12-06,S07,train,0.8181692213241587
2022-12-07,S07,train,0.818150575644932
2022-12-08,S07,train,0.8179874421360463
2022-12-09,S07,train,0.8179077362034057
2022-12-12,S07,train,0.8175273124220882
2022-12-13,S07,train,0.8173941016666866
2022-12-14,S07,train,0.8173234191281364
2022-12-15,S07,train,0.8171112889675402
2022-12-16,S07,train,0.816908081931013
2022-12-19,S07,train,0.8167841740524951
2022-12-20,S07,train,0.8166423136639916
2022-12-21,S07,train,0.8163868251758011
2022-12-22,S07,train,0.8161020609999323
2022-12-23,S07,train,0.8158854862976717
2022-12-27,S07,train,0.8154813892117738
2022-12-28,S07,train,0.8154515851800973
2022-12-29,S07,train,0.8153114250344177
2022-12-30,S07,train,0.815245663819655
2023-01-03,S07,development,0.9996371343168451
2023-01-04,S07,development,0.9990742987496751
2023-01-05,S07,development,0.9988053200415755
2023-01-06,S07,development,0.9987867285757953
2023-01-09,S07,development,0.9984777015485045
2023-01-10,S07,development,0.9982377824148084
2023-01-11,S07,development,0.9979834484121557
2023-01-12,S07,development,0.9975942831031861
2023-01-13,S07,development,0.9975188804501166
2023-01-17,S07,development,0.9968966701361405
2023-01-18,S07,development,0.9967609392523662
2023-01-19,S07,development,0.9963599368124836
2023-01-20,S07,development,0.996005965604213
2023-01-23,S07,development,0.9955249189519446
2023-01-24,S07,development,0.9957675098829544
2023-01-25,S07,development,0.9955845687516497
2023-01-26,S07,development,0.9950710688186366
2023-01-27,S07,development,0.9945966934699714
2023-01-30,S07,development,0.9947859949839539
2023-01-31,S07,development,0.9944179990258102
2023-02-01,S07,development,0.9940049110274365
2023-02-02,S07,development,0.9936860147135699
2023-02-03,S07,development,0.9935620444842507
2023-02-06,S07,development,0.9935243469903479
2023-02-07,S07,development,0.993296110125102
2023-02-08,S07,development,0.9932106939717104
2023-02-09,S07,development,0.9930217559995095
2023-02-10,S07,development,0.9930103977079116
2023-02-13,S07,development,0.9928496849544999
2023-02-14,S07,development,0.9924880174602124
2023-02-15,S07,development,0.9926460154178302
2023-02-16,S07,development,0.9925096515659674
2023-02-17,S07,development,0.9925137937326175
2023-02-21,S07,development,0.9926483153855462
2023-02-22,S07,development,0.9924787873156189
2023-02-23,S07,development,0.9923471791321887
2023-02-24,S07,development,0.992320679157533
2023-02-27,S07,development,0.9921141362582613
2023-02-28,S07,development,0.9920292973819389
2023-03-01,S07,development,0.9919907521927154
2023-03-02,S07,development,0.9918753462197163
2023-03-03,S07,development,0.9915884167028679
2023-03-06,S07,development,0.9914288136379821
2023-03-07,S07,development,0.9912425226809265
2023-03-08,S07,development,0.991007357139054
2023-03-09,S07,development,0.9906737812885569
2023-03-10,S07,development,0.9905943509649382
2023-03-13,S07,development,0.9899399926437455
2023-03-14,S07,development,0.9897625756028724
2023-03-15,S07,development,0.9892680252215217
2023-03-16,S07,development,0.9890357276415658
2023-03-17,S07,development,0.9884321524254979
2023-03-20,S07,development,0.9886571981644703
2023-03-21,S07,development,0.988665551401165
2023-03-22,S07,development,0.9886525607942783
2023-03-23,S07,development,0.988673418013468
2023-03-24,S07,development,0.9882735040284736
2023-03-27,S07,development,0.9884397576300721
2023-03-28,S07,development,0.9884126691256403
2023-03-29,S07,development,0.988127325007587
2023-03-30,S07,development,0.9880097325307525
2023-03-31,S07,development,0.9879804148574398
2023-04-03,S07,development,0.9879033600949871
2023-04-04,S07,development,0.9874805294605712
2023-04-05,S07,development,0.9871424133396351
2023-04-06,S07,development,0.9869452562349142
2023-04-10,S07,development,0.986895438135001
2023-04-11,S07,development,0.9867434449751141
2023-04-12,S07,development,0.9866621936658773
2023-04-13,S07,development,0.9864083314290529
2023-04-14,S07,development,0.9861849114481269
2023-04-17,S07,development,0.9861321477550141
2023-04-18,S07,development,0.986043482505599
2023-04-19,S07,development,0.9860735510175769
2023-04-20,S07,development,0.985926807909123
2023-04-21,S07,development,0.9858686737219051
2023-04-24,S07,development,0.9857260583394887
2023-04-25,S07,development,0.9854696818382187
2023-04-26,S07,development,0.9853722709555445
2023-04-27,S07,development,0.9852899025971211
2023-04-28,S07,development,0.9851066800631223
2023-05-01,S07,development,0.9850248732382626
2023-05-02,S07,development,0.9846919348529257
2023-05-03,S07,development,0.9843162202647664
2023-05-04,S07,development,0.9840520626626934
2023-05-05,S07,development,0.9840058890243731
2023-05-08,S07,development,0.9836400185349365
2023-05-09,S07,development,0.983573135251485
2023-05-10,S07,development,0.983494920191474
2023-05-11,S07,development,0.9831318341851241
2023-05-12,S07,development,0.9830359635143677
2023-05-15,S07,development,0.9828307441472258
2023-05-16,S07,development,0.9824146921229516
2023-05-17,S07,development,0.9821819090553189
2023-05-18,S07,development,0.9822944300814546
2023-05-19,S07,development,0.9821194683435558
2023-05-22,S07,development,0.9818298924298657
2023-05-23,S07,development,0.9812257671126108
2023-05-24,S07,development,0.9812034427966871
2023-05-25,S07,development,0.9809090958372403
2023-05-26,S07,development,0.9809520947847049
2023-05-30,S07,development,0.9804870519463473
2023-05-31,S07,development,0.9805322657925449
2023-06-01,S07,development,0.9802730700175744
2023-06-02,S07,development,0.980365676427689
2023-06-05,S07,development,0.9800766585948805
2023-06-06,S07,development,0.9795464405620613
2023-06-07,S07,development,0.9790979497986819
2023-06-08,S07,development,0.9792025117976693
2023-06-09,S07,development,0.9790253818492962
2023-06-12,S07,development,0.978687827601162
2023-06-13,S07,development,0.9783849742294147
2023-06-14,S07,development,0.9785464934407313
2023-06-15,S07,development,0.9783771336240118
2023-06-16,S07,development,0.9781220848730123
2023-06-20,S07,development,0.9778409431102665
2023-06-21,S07,development,0.9776821041848376
2023-06-22,S07,development,0.9775799718138188
2023-06-23,S07,development,0.9773363896796436
2023-06-26,S07,development,0.9772888840306918
2023-06-27,S07,development,0.9770659255468966
2023-06-28,S07,development,0.9768528478943856
2023-06-29,S07,development,0.9766854998426838
2023-06-30,S07,development,0.9764633506335046
2023-07-03,S07,development,0.9762329165453955
2023-07-05,S07,development,0.976048870851107
2023-07-06,S07,development,0.9759929102351742
2023-07-07,S07,development,0.9755519099061853
2023-07-10,S07,development,0.9753777074876395
2023-07-11,S07,development,0.975102181315443
2023-07-12,S07,development,0.9750542633240608
2023-07-13,S07,development,0.9750374706812527
2023-07-14,S07,development,0.9753277110471856
2023-07-17,S07,development,0.9752022957807301
2023-07-18,S07,development,0.974893609110936
2023-07-19,S07,development,0.9749372711144275
2023-07-20,S07,development,0.9749075456899459
2023-07-21,S07,development,0.9747874387697161
2023-07-24,S07,development,0.9745798814257203
2023-07-25,S07,development,0.9742408090139932
2023-07-26,S07,development,0.9740151093039019
2023-07-27,S07,development,0.9734586743103743
2023-07-28,S07,development,0.9734306052406775
2023-07-31,S07,development,0.9736341445227177
2023-08-01,S07,development,0.9737657439719348
2023-08-02,S07,development,0.973556769956788
2023-08-03,S07,development,0.9735427090421315
2023-08-04,S07,development,0.9732280534073028
2023-08-07,S07,development,0.9728629642831452
2023-08-08,S07,development,0.9726481535751726
2023-08-09,S07,development,0.9725483432764747
2023-08-10,S07,development,0.9722932567614647
2023-08-11,S07,development,0.9721512966406533
2023-08-14,S07,development,0.9720254129488397
2023-08-15,S07,development,0.9719009630996579
2023-08-16,S07,development,0.9717273977080756
2023-08-17,S07,development,0.9715693819397312
2023-08-18,S07,development,0.9714562145023768
2023-08-21,S07,development,0.9713056872920565
2023-08-22,S07,development,0.9711862906890935
2023-08-23,S07,development,0.9711028365777346
2023-08-24,S07,development,0.9709350621548789
2023-08-25,S07,development,0.9707063927740655
2023-08-28,S07,development,0.9705591076967214
2023-08-29,S07,development,0.9702812743348584
2023-08-30,S07,development,0.9701189121459183
2023-08-31,S07,development,0.9699538728606194
2023-09-01,S07,development,0.9695308415371856
2023-09-05,S07,development,0.9694049304319197
2023-09-06,S07,development,0.969234467219401
2023-09-07,S07,development,0.9691851764930066
2023-09-08,S07,development,0.9692309190086672
2023-09-11,S07,development,0.9689205811422695
2023-09-12,S07,development,0.9689668263197372
2023-09-13,S07,development,0.9686296272427052
2023-09-14,S07,development,0.9685124766173275
2023-09-15,S07,development,0.9682767118668546
2023-09-18,S07,development,0.9679476330453876
2023-09-19,S07,development,0.9678831661823868
2023-09-20,S07,development,0.9676464308954971
2023-09-21,S07,development,0.9674550082133585
2023-09-22,S07,development,0.967394232824859
2023-09-25,S07,development,0.9671057653355494
2023-09-26,S07,development,0.9672239004407615
2023-09-27,S07,development,0.9672296254503098
2023-09-28,S07,development,0.9670394096683927
2023-09-29,S07,development,0.967006705922572
2023-10-02,S07,development,0.9668448564731141
2023-10-03,S07,development,0.9666533118575532
2023-10-04,S07,development,0.9663215966804899
2023-10-05,S07,development,0.9660446322511845
2023-10-06,S07,development,0.9658745828814697
2023-10-09,S07,development,0.9657586777031871
2023-10-10,S07,development,0.9659300431788688
2023-10-11,S07,development,0.9657194325031221
2023-10-12,S07,development,0.9655863845002859
2023-10-13,S07,development,0.9652217286298898
2023-10-16,S07,development,0.9651228277035143
2023-10-17,S07,development,0.9651855621854826
2023-10-18,S07,development,0.9647235448968652
2023-10-19,S07,development,0.9645819090655945
2023-10-20,S07,development,0.9645126530991838
2023-10-23,S07,development,0.9644014098580433
2023-10-24,S07,development,0.9643480992960975
2023-10-25,S07,development,0.9640870962026519
2023-10-26,S07,development,0.9640638190052256
2023-10-27,S07,development,0.9639097369674957
2023-10-30,S07,development,0.9638451728255646
2023-10-31,S07,development,0.9635186180218609
2023-11-01,S07,development,0.9633310132138377
2023-11-02,S07,development,0.9630223398165539
2023-11-03,S07,development,0.9629668830119738
2023-11-06,S07,development,0.9629822093476925
2023-11-07,S07,development,0.962897229410673
2023-11-08,S07,development,0.9627860736342614
2023-11-09,S07,development,0.9625773056115625
2023-11-10,S07,development,0.9626503384463001
2023-11-13,S07,development,0.9624580307893709
2023-11-14,S07,development,0.9625811731488507
2023-11-15,S07,development,0.9626526494646046
2023-11-16,S07,development,0.9620874421322699
2023-11-17,S07,development,0.9620024795125495
2023-11-20,S07,development,0.9617496646087532
2023-11-21,S07,development,0.9614872710355687
2023-11-22,S07,development,0.9612603426272176
2023-11-24,S07,development,0.961160658847083
2023-11-27,S07,development,0.9608507679183903
2023-11-28,S07,development,0.9607564918859777
2023-11-29,S07,development,0.9603325447155908
2023-11-30,S07,development,0.9600987958882644
2023-12-01,S07,development,0.9597219087878349
2023-12-04,S07,development,0.9593054896342716
2023-12-05,S07,development,0.9590821899672599
2023-12-06,S07,development,0.9586269696726396
2023-12-07,S07,development,0.9585647622076621
2023-12-08,S07,development,0.9587233251532336
2023-12-11,S07,development,0.9589176514034998
2023-12-12,S07,development,0.9585961410740139
2023-12-13,S07,development,0.9586280718334906
2023-12-14,S07,development,0.958160164892707
2023-12-15,S07,development,0.9581960847866187
2023-12-18,S07,development,0.9581819888415757
2023-12-19,S07,development,0.9579281491854181
2023-12-20,S07,development,0.9579610582312325
2023-12-21,S07,development,0.9577236110565183
2023-12-22,S07,development,0.957591158699398
2023-12-26,S07,development,0.957373500861839
2023-12-27,S07,development,0.9571663387601935
2023-12-28,S07,development,0.9570307107577202
2023-12-29,S07,development,0.9570431063598258
2024-01-02,S07,development,0.957107091940919
2024-01-03,S07,development,0.9568420843812508
2024-01-04,S07,development,0.9566632968629669
2024-01-05,S07,development,0.9563417125393998
2024-01-08,S07,development,0.9562043208973744
2024-01-09,S07,development,0.9560918833741641
2024-01-10,S07,development,0.9561637472021819
2024-01-11,S07,development,0.9560422431331008
2024-01-12,S07,development,0.9560348412044608
2024-01-16,S07,development,0.9558385781030285
2024-01-17,S07,development,0.9556025970755208
2024-01-18,S07,development,0.9553046778089471
2024-01-19,S07,development,0.9551554247984251
2024-01-22,S07,development,0.9549714409952375
2024-01-23,S07,development,0.9548424519751231
2024-01-24,S07,development,0.9546874114281771
2024-01-25,S07,development,0.9542218910128284
2024-01-26,S07,development,0.9541163830845715
2024-01-29,S07,development,0.9541875204226945
2024-01-30,S07,development,0.9539758533336542
2024-01-31,S07,development,0.9540253776141975
2024-02-01,S07,development,0.9538263499474735
2024-02-02,S07,development,0.9536064927137383
2024-02-05,S07,development,0.9533644942915546
2024-02-06,S07,development,0.9532571869821533
2024-02-07,S07,development,0.9530799633671302
2024-02-08,S07,development,0.9530110154612416
2024-02-09,S07,development,0.9528543923251489
2024-02-12,S07,development,0.9527575991449276
2024-02-13,S07,development,0.9524116550701647
2024-02-14,S07,development,0.9520993156961854
2024-02-15,S07,development,0.9521170486119668
2024-02-16,S07,development,0.9516820704874145
2024-02-20,S07,development,0.9518987802860245
2024-02-21,S07,development,0.9516789364253374
2024-02-22,S07,development,0.951572237469664
2024-02-23,S07,development,0.9515785446008165
2024-02-26,S07,development,0.951417294740218
2024-02-27,S07,development,0.9513989074067292
2024-02-28,S07,development,0.9511568380332721
2024-02-29,S07,development,0.9512005853342599
2024-03-01,S07,development,0.9511658085787934
2024-03-04,S07,development,0.9511130998344299
2024-03-05,S07,development,0.9507843192827848
2024-03-06,S07,development,0.9504806015031838
2024-03-07,S07,development,0.9501876389098601
2024-03-08,S07,development,0.950367924337052
2024-03-11,S07,development,0.9504048416520575
2024-03-12,S07,development,0.9501742926705209
2024-03-13,S07,development,0.949961249483078
2024-03-14,S07,development,0.9497644042092873
2024-03-15,S07,development,0.9498078698518005
2024-03-18,S07,development,0.9496155121300012
2024-03-19,S07,development,0.9495232284349268
2024-03-20,S07,development,0.9493958886286087
2024-03-21,S07,development,0.9491903967237404
2024-03-22,S07,development,0.9488866368378379
2024-03-25,S07,development,0.9486768098647795
2024-03-26,S07,development,0.9485808554963752
2024-03-27,S07,development,0.9484091084159301
2024-03-28,S07,development,0.9484159642983468
2024-04-01,S07,development,0.9482544582412455
2024-04-02,S07,development,0.9481982869678909
2024-04-03,S07,development,0.9478976467054121
2024-04-04,S07,development,0.9476175728550912
2024-04-05,S07,development,0.9474598733858125
2024-04-08,S07,development,0.947150752331882
2024-04-09,S07,development,0.9467686613000413
2024-04-10,S07,development,0.946685896501391
2024-04-11,S07,development,0.9463642322527979
2024-04-12,S07,development,0.9464097457349696
2024-04-15,S07,development,0.9462169065481315
2024-04-16,S07,development,0.9461851283768897
2024-04-17,S07,development,0.9458652032333777
2024-04-18,S07,development,0.9457095467503323
2024-04-19,S07,development,0.9456029444585476
2024-04-22,S07,development,0.9453120083342313
2024-04-23,S07,development,0.9452263345600909
2024-04-24,S07,development,0.9453821291966804
2024-04-25,S07,development,0.9452781305071474
2024-04-26,S07,development,0.9451659405707287
2024-04-29,S07,development,0.9447607889880738
2024-04-30,S07,development,0.944461163818155
2024-05-01,S07,development,0.9444036922152595
2024-05-02,S07,development,0.9443602748395089
2024-05-03,S07,development,0.9443974471913573
2024-05-06,S07,development,0.9442801254567413
2024-05-07,S07,development,0.9441614886508243
2024-05-08,S07,development,0.944041554493003
2024-05-09,S07,development,0.9439119818597542
2024-05-10,S07,development,0.9437546609885272
2024-05-13,S07,development,0.9435482391386176
2024-05-14,S07,development,0.9431569634602608
2024-05-15,S07,development,0.9429993769782448
2024-05-16,S07,development,0.9431184533367167
2024-05-17,S07,development,0.9428588208545345
2024-05-20,S07,development,0.9427226736156328
2024-05-21,S07,development,0.9425361990671678
2024-05-22,S07,development,0.9425120872452206
2024-05-23,S07,development,0.9424977636615512
2024-05-24,S07,development,0.9422676863722123
2024-05-28,S07,development,0.9419857708431982
2024-05-29,S07,development,0.9418001211559148
2024-05-30,S07,development,0.9416904309174027
2024-05-31,S07,development,0.9416569138522769
2024-06-03,S07,development,0.9415040742505988
2024-06-04,S07,development,0.9412819919042368
2024-06-05,S07,development,0.9410869662816371
2024-06-06,S07,development,0.9409263537923046
2024-06-07,S07,development,0.9407389773390595
2024-06-10,S07,development,0.94071767143554
2024-06-11,S07,development,0.9408526353879686
2024-06-12,S07,development,0.9407689813583818
2024-06-13,S07,development,0.9406373475233144
2024-06-14,S07,development,0.9403383847609229
2024-06-17,S07,development,0.9400167840827499
2024-06-18,S07,development,0.9400205500460829
2024-06-20,S07,development,0.9395672707413996
2024-06-21,S07,development,0.9395642522230339
2024-06-24,S07,development,0.9393684549541106
2024-06-25,S07,development,0.9391241800987525
2024-06-26,S07,development,0.9388444315453648
2024-06-27,S07,development,0.9385612574325861
2024-06-28,S07,development,0.938309104128969
2024-07-01,S07,development,0.9378913974996517
2024-07-02,S07,development,0.937703366533851
2024-07-03,S07,development,0.9377022521986085
2024-07-05,S07,development,0.9372470901900769
2024-07-08,S07,development,0.9372259002970192
2024-07-09,S07,development,0.9366900656865368
2024-07-10,S07,development,0.9366222915150392
2024-07-11,S07,development,0.9367581806216235
2024-07-12,S07,development,0.9365225807758152
2024-07-15,S07,development,0.9361180114897732
2024-07-16,S07,development,0.9355549151186422
2024-07-17,S07,development,0.9350894694389331
2024-07-18,S07,development,0.93510385968545
2024-07-19,S07,development,0.9350071972641023
2024-07-22,S07,development,0.9350244520518041
2024-07-23,S07,development,0.9350865284361887
2024-07-24,S07,development,0.9352122352103912
2024-07-25,S07,development,0.934595507470308
2024-07-26,S07,development,0.9338899907661146
2024-07-29,S07,development,0.9339643845041178
2024-07-30,S07,development,0.9330826012864814
2024-07-31,S07,development,0.9334723050078643
2024-08-01,S07,development,0.9332203992164662
2024-08-02,S07,development,0.9327331725323564
2024-08-05,S07,development,0.9324129796041047
2024-08-06,S07,development,0.9326017769072222
2024-08-07,S07,development,0.9322958590730951
2024-08-08,S07,development,0.9323407911391877
2024-08-09,S07,development,0.9322556903779058
2024-08-12,S07,development,0.9322028001556104
2024-08-13,S07,development,0.9321923582306785
2024-08-14,S07,development,0.9319423490755268
2024-08-15,S07,development,0.9320489061563628
2024-08-16,S07,development,0.9318683867621178
2024-08-19,S07,development,0.9316741845988217
2024-08-20,S07,development,0.9315200821220173
2024-08-21,S07,development,0.9312612762990727
2024-08-22,S07,development,0.9310641294951022
2024-08-23,S07,development,0.9311279493400118
2024-08-26,S07,development,0.9309856338452182
2024-08-27,S07,development,0.9309519941748046
2024-08-28,S07,development,0.9309679357853237
2024-08-29,S07,development,0.9309439268052895
2024-08-30,S07,development,0.9308225551273888
2024-09-03,S07,development,0.9305834124323654
2024-09-04,S07,development,0.9303282948550476
2024-09-05,S07,development,0.9303647674275155
2024-09-06,S07,development,0.9301444589014308
2024-09-09,S07,development,0.9299636179281419
2024-09-10,S07,development,0.9296312687629114
2024-09-11,S07,development,0.9297197998627406
2024-09-12,S07,development,0.9297444808550258
2024-09-13,S07,development,0.9298187688596542
2024-09-16,S07,development,0.9294093783264854
2024-09-17,S07,development,0.9291779728456473
2024-09-18,S07,development,0.9290317513283392
2024-09-19,S07,development,0.9288973751470033
2024-09-20,S07,development,0.9288832746930706
2024-09-23,S07,development,0.9288816150597705
2024-09-24,S07,development,0.9286667599343511
2024-09-25,S07,development,0.9283664702444216
2024-09-26,S07,development,0.9281873553402429
2024-09-27,S07,development,0.9280224135012454
2024-09-30,S07,development,0.9280812785511282
2024-10-01,S07,development,0.9279553711348619
2024-10-02,S07,development,0.9279145554943738
2024-10-03,S07,development,0.9276025695580634
2024-10-04,S07,development,0.9271924822176132
2024-10-07,S07,development,0.9270044512103915
2024-10-08,S07,development,0.9269483820098975
2024-10-09,S07,development,0.9267972915105755
2024-10-10,S07,development,0.9266499028011538
2024-10-11,S07,development,0.926543382546274
2024-10-14,S07,development,0.9263304685046065
2024-10-15,S07,development,0.9261280926085269
2024-10-16,S07,development,0.9260074537828753
2024-10-17,S07,development,0.9257650539698612
2024-10-18,S07,development,0.9255824477749465
2024-10-21,S07,development,0.9253723691144181
2024-10-22,S07,development,0.9253128064002376
2024-10-23,S07,development,0.9252036497240855
2024-10-24,S07,development,0.9250153090105313
2024-10-25,S07,development,0.9248954562169234
2024-10-28,S07,development,0.9246542620855694
2024-10-29,S07,development,0.9245364623971314
2024-10-30,S07,development,0.9243672482293406
2024-10-31,S07,development,0.9243780645411737
2024-11-01,S07,development,0.9242861057200892
2024-11-04,S07,development,0.9240801128794257
2024-11-05,S07,development,0.923880863836213
2024-11-06,S07,development,0.9229459471322643
2024-11-07,S07,development,0.9230368375889431
2024-11-08,S07,development,0.9228068550888109
2024-11-11,S07,development,0.922325559365306
2024-11-12,S07,development,0.9220416940153238
2024-11-13,S07,development,0.9218716600051144
2024-11-14,S07,development,0.9215442190199727
2024-11-15,S07,development,0.9214398421217818
2024-11-18,S07,development,0.9211018404251812
2024-11-19,S07,development,0.92121875485411
2024-11-20,S07,development,0.9209902712576665
2024-11-21,S07,development,0.9207017528440339
2024-11-22,S07,development,0.9204339363545946
2024-11-25,S07,development,0.920397086695058
2024-11-26,S07,development,0.9200953958859485
2024-11-27,S07,development,0.9200039278095761
2024-11-29,S07,development,0.9199447500442205
2024-12-02,S07,development,0.9196796620792129
2024-12-03,S07,development,0.9197349071683154
2024-12-04,S07,development,0.9196221248203581
2024-12-05,S07,development,0.9195780255855399
2024-12-06,S07,development,0.919079811685366
2024-12-09,S07,development,0.9188483848289364
2024-12-10,S07,development,0.918828043135022
2024-12-11,S07,development,0.9185128413520991
2024-12-12,S07,development,0.9185670792132707
2024-12-13,S07,development,0.9182648298204367
2024-12-16,S07,development,0.917917898404063
2024-12-17,S07,development,0.9176981427687185
2024-12-18,S07,development,0.9178688963419986
2024-12-19,S07,development,0.9176904207495007
2024-12-20,S07,development,0.9174577424922571
2024-12-23,S07,development,0.9170241580347527
2024-12-24,S07,development,0.9170956658769308
2024-12-26,S07,development,0.9168756003267321
2024-12-27,S07,development,0.9166054976148129
2024-12-30,S07,development,0.9164021831721114
2024-12-31,S07,development,0.9161666989077485
