session,experiment,rolling_63d_correlation
2018-07-03,S00,0.0729662460314938
2018-07-05,S00,0.01667324581187041
2018-07-06,S00,-0.03220557547931691
2018-07-09,S00,-0.04800398654942108
2018-07-10,S00,-0.046626701435895875
2018-07-11,S00,-0.016787983440236794
2018-07-12,S00,-0.029600966965578908
2018-07-13,S00,-0.027516567473167927
2018-07-16,S00,-0.010922174473669539
2018-07-17,S00,-0.028216262643007396
2018-07-18,S00,-0.026671084672768974
2018-07-19,S00,-0.0037085944981095492
2018-07-20,S00,0.012770826796159096
2018-07-23,S00,0.015106606833418721
2018-07-24,S00,0.04256686614832582
2018-07-25,S00,0.01653714477463475
2018-07-26,S00,-0.01773834779549088
2018-07-27,S00,0.05561874475692047
2018-07-30,S00,0.05740426524411338
2018-07-31,S00,0.03133610095793153
2018-08-01,S00,0.03793849823752089
2018-08-02,S00,0.07144911887678528
2018-08-03,S00,0.0603402240333587
2018-08-06,S00,0.05086531848526388
2018-08-07,S00,0.047413948310838484
2018-08-08,S00,0.04514002767161763
2018-08-09,S00,0.038405109377621434
2018-08-10,S00,0.061423088610353095
2018-08-13,S00,0.06999956256431385
2018-08-14,S00,0.03223230861539248
2018-08-15,S00,0.036257466132408114
2018-08-16,S00,0.018779860919615997
2018-08-17,S00,0.011301191125243462
2018-08-20,S00,-0.003211491841923185
2018-08-21,S00,0.007132453766660392
2018-08-22,S00,0.008758619350056108
2018-08-23,S00,0.019028706216864297
2018-08-24,S00,0.014609570867900653
2018-08-27,S00,0.07498367623450677
2018-08-28,S00,0.060638308533297776
2018-08-29,S00,0.05322366720789683
2018-08-30,S00,0.04911019570458885
2018-08-31,S00,0.04236925629637125
2018-09-04,S00,0.05554626341889684
2018-09-05,S00,-0.003329286486840889
2018-09-06,S00,0.02111555186059067
2018-09-07,S00,0.021043491284948458
2018-09-10,S00,0.015413999212091748
2018-09-11,S00,0.00943726245716895
2018-09-12,S00,0.0192697987671297
2018-09-13,S00,0.014797824463150724
2018-09-14,S00,0.027322210254486355
2018-09-17,S00,0.05888622802679583
2018-09-18,S00,0.06190984523716043
2018-09-19,S00,0.05956131098903091
2018-09-20,S00,0.06639071004104634
2018-09-21,S00,0.06952280612472082
2018-09-24,S00,0.08863244878483141
2018-09-25,S00,0.08469167243962006
2018-09-26,S00,0.11376889532351422
2018-09-27,S00,0.10790781122160635
2018-09-28,S00,0.10720576947897638
2018-10-01,S00,0.10099727351893008
2018-10-02,S00,0.07509978435300833
2018-10-03,S00,0.08038215693087244
2018-10-04,S00,0.1381819405133757
2018-10-05,S00,0.13167922537102844
2018-10-08,S00,0.12133462935120216
2018-10-09,S00,0.13100252093175338
2018-10-10,S00,0.1947050455488657
2018-10-11,S00,0.07055526588821437
2018-10-12,S00,0.14486879318665008
2018-10-15,S00,0.15860632701395427
2018-10-16,S00,0.20016876509478027
2018-10-17,S00,0.19995799018750804
2018-10-18,S00,0.16239235457266124
2018-10-19,S00,0.16002375998598176
2018-10-22,S00,0.15015567026057614
2018-10-23,S00,0.15947380760339783
2018-10-24,S00,0.23622290853658687
2018-10-25,S00,0.2550330493734959
2018-10-26,S00,0.22963557924095757
2018-10-29,S00,0.2487396719142211
2018-10-30,S00,0.2398747153367002
2018-10-31,S00,0.23615366606855645
2018-11-01,S00,0.2649933648578866
2018-11-02,S00,0.2632006089415976
2018-11-05,S00,0.2688037596087023
2018-11-06,S00,0.2720660397219538
2018-11-07,S00,0.2728217568596004
2018-11-08,S00,0.27189536782756213
2018-11-09,S00,0.28435231155349067
2018-11-12,S00,0.321094882903617
2018-11-13,S00,0.32468459733792165
2018-11-14,S00,0.33518452589723896
2018-11-15,S00,0.3397561656149473
2018-11-16,S00,0.3341407722854576
2018-11-19,S00,0.3615132699627924
2018-11-20,S00,0.3663387519273124
2018-11-21,S00,0.3693408830765033
2018-11-23,S00,0.37334928958565755
2018-11-26,S00,0.3480453270804528
2018-11-27,S00,0.3516259253464997
2018-11-28,S00,0.36003905219854276
2018-11-29,S00,0.3569181303714404
2018-11-30,S00,0.36175865164339954
2018-12-03,S00,0.34937926239666056
2018-12-04,S00,0.3676434207227053
2018-12-06,S00,0.36842452120622987
2018-12-07,S00,0.3471170886367358
2018-12-10,S00,0.33907365911021364
2018-12-11,S00,0.33777851299073647
2018-12-12,S00,0.34654002812082274
2018-12-13,S00,0.3449141574563573
2018-12-14,S00,0.3324677895075737
2018-12-17,S00,0.3334418205699744
2018-12-18,S00,0.3344405241016472
2018-12-19,S00,0.3502484772143367
2018-12-20,S00,0.3497039552097947
2018-12-21,S00,0.3521425941219098
2018-12-24,S00,0.3246939810822497
2018-12-26,S00,0.32566766237152284
2018-12-27,S00,0.30759801484252897
2018-12-28,S00,0.3037891562809198
2018-12-31,S00,0.2979006555832378
2019-01-02,S00,0.30060107632009536
2019-01-03,S00,0.255288843974147
2019-01-04,S00,0.2703447253186268
2019-01-07,S00,0.24389191839573707
2019-01-08,S00,0.2296654364635105
2019-01-09,S00,0.2288683724308934
2019-01-10,S00,0.22526408884446297
2019-01-11,S00,0.1975232403066498
2019-01-14,S00,0.24496070177355345
2019-01-15,S00,0.23324171176262531
2019-01-16,S00,0.22672065637496924
2019-01-17,S00,0.19731940623956254
2019-01-18,S00,0.19596613639256708
2019-01-22,S00,0.21424077449283532
2019-01-23,S00,0.2150378624561132
2019-01-24,S00,0.21502626116106932
2019-01-25,S00,0.2114632175453969
2019-01-28,S00,0.177379239761158
2019-01-29,S00,0.15167540824092232
2019-01-30,S00,0.19001262921895506
2019-01-31,S00,0.18419145063372053
2019-02-01,S00,0.187694620259246
2019-02-04,S00,0.1754929002959578
2019-02-05,S00,0.15225545642162397
2019-02-06,S00,0.15466605520004556
2019-02-07,S00,0.15528633768945557
2019-02-08,S00,0.15207747183154421
2019-02-11,S00,0.14162703430372747
2019-02-12,S00,0.1550224928281295
2019-02-13,S00,0.14531096994756618
2019-02-14,S00,0.12192352846857851
2019-02-15,S00,0.1355386776182213
2019-02-19,S00,0.12054187532338519
2019-02-20,S00,0.11718357419667623
2019-02-21,S00,0.11692903407375389
2019-02-22,S00,0.07178283158129549
2019-02-25,S00,0.05677315166549255
2019-02-26,S00,0.053375292847634634
2019-02-27,S00,0.04945928273821707
2019-02-28,S00,0.05514623626551276
2019-03-01,S00,0.040273038218296815
2019-03-04,S00,0.027588321742896812
2019-03-05,S00,0.031727777751324224
2019-03-06,S00,0.03112821642877547
2019-03-07,S00,0.04408339062400055
2019-03-08,S00,0.04506522410320797
2019-03-11,S00,0.03168141749110545
2019-03-12,S00,0.0496811450217736
2019-03-13,S00,0.048950058447567814
2019-03-14,S00,0.04863556520363812
2019-03-15,S00,0.04727031337478585
2019-03-18,S00,0.04551378368457198
2019-03-19,S00,0.061400044621874296
2019-03-20,S00,0.05437319108309636
2019-03-21,S00,0.045287481662806
2019-03-22,S00,0.05557020928765547
2019-03-25,S00,0.06063995915590118
2019-03-26,S00,0.06591421271410527
2019-03-27,S00,0.12188595637379587
2019-03-28,S00,0.07003790044359927
2019-03-29,S00,0.10065398418667613
2019-04-01,S00,0.13157021734777316
2019-04-02,S00,0.13448740688035662
2019-04-03,S00,0.13459068501908722
2019-04-04,S00,0.2768321085449898
2019-04-05,S00,0.23365473757812777
2019-04-08,S00,0.27939412585908646
2019-04-09,S00,0.27358152132248414
2019-04-10,S00,0.28574390562848434
2019-04-11,S00,0.28886205235050755
2019-04-12,S00,0.2863655988203182
2019-04-15,S00,0.2907349928965673
2019-04-16,S00,0.26270698542374354
2019-04-17,S00,0.27566795690555457
2019-04-18,S00,0.2835335307529896
2019-04-22,S00,0.28817969185301195
2019-04-23,S00,0.32106541416290046
2019-04-24,S00,0.3210981321896578
2019-04-25,S00,0.3241213917773093
2019-04-26,S00,0.32540195024685625
2019-04-29,S00,0.2993794129040753
2019-04-30,S00,0.3075779651162501
2019-05-01,S00,0.25261375314966683
2019-05-02,S00,0.22094450137032332
2019-05-03,S00,0.22509463718525222
2019-05-06,S00,0.23447722154637365
2019-05-07,S00,0.22712330195539004
2019-05-08,S00,0.2266667503246749
2019-05-09,S00,0.22334503324747654
2019-05-10,S00,0.22386193386321246
2019-05-13,S00,0.21185278822560322
2019-05-14,S00,0.18682858285321213
2019-05-15,S00,0.18570657469839127
2019-05-16,S00,0.138524399652495
2019-05-17,S00,0.11499305588562254
2019-05-20,S00,0.12741950901638163
2019-05-21,S00,0.13922499247959294
2019-05-22,S00,0.15130939445802036
2019-05-23,S00,0.17361495565936938
2019-05-24,S00,0.1640823691507246
2019-05-28,S00,0.19432769701353136
2019-05-29,S00,0.14997365527429818
2019-05-30,S00,0.1392132867346309
2019-05-31,S00,0.19072183734924766
2019-06-03,S00,0.16948424762408168
2019-06-04,S00,0.24455375950774996
2019-06-05,S00,0.1794095934559113
2019-06-06,S00,0.16714571334128128
2019-06-07,S00,0.15592180534331462
2019-06-10,S00,0.18553582024700427
2019-06-11,S00,0.1781583750398035
2019-06-12,S00,0.1862415138879983
2019-06-13,S00,0.18897558850498006
2019-06-14,S00,0.1809117299457047
2019-06-17,S00,0.18221686753820168
2019-06-18,S00,0.18880518259982407
2019-06-19,S00,0.18522200686063012
2019-06-20,S00,0.20075664656520506
2019-06-21,S00,0.14694555232631043
2019-06-24,S00,0.1505352949613453
2019-06-25,S00,0.13846781077636452
2019-06-26,S00,0.1387444694553716
2019-06-27,S00,0.14581948959906013
2019-06-28,S00,0.13238877586221556
2019-07-01,S00,0.11877233556131041
2019-07-02,S00,0.12485009879631837
2019-07-03,S00,0.13382763955090177
2019-07-05,S00,0.13877985264094414
2019-07-08,S00,0.14429711762733027
2019-07-09,S00,0.14566068875524724
2019-07-10,S00,0.161678370860511
2019-07-11,S00,0.16058132006176745
2019-07-12,S00,0.15894987754874276
2019-07-15,S00,0.1594312101268685
2019-07-16,S00,0.16010911090095417
2019-07-17,S00,0.16312080732244721
2019-07-18,S00,0.15228688835972168
2019-07-19,S00,0.15366346436569794
2019-07-22,S00,0.1537594905598059
2019-07-23,S00,0.13539589697448495
2019-07-24,S00,0.12273737621229633
2019-07-25,S00,0.0905272459325839
2019-07-26,S00,0.08407929797517814
2019-07-29,S00,0.08559564275723672
2019-07-30,S00,0.0801469893995302
2019-07-31,S00,0.07193832347523849
2019-08-01,S00,0.0498790557746315
2019-08-02,S00,0.030273503080877288
2019-08-05,S00,0.013025383967936417
2019-08-06,S00,0.01985698380082813
2019-08-07,S00,0.01766157242928735
2019-08-08,S00,0.07253899720231731
2019-08-09,S00,0.07714001890548582
2019-08-12,S00,0.08175830403205457
2019-08-13,S00,0.10164226203557675
2019-08-14,S00,0.04344513712781622
2019-08-15,S00,0.07510865472895785
2019-08-16,S00,0.050466627203673384
2019-08-19,S00,0.02756297116192077
2019-08-20,S00,0.01862704749984386
2019-08-21,S00,0.016534417870342835
2019-08-22,S00,0.001210132864131305
2019-08-23,S00,0.023389712237616267
2019-08-26,S00,-0.005156107079444882
2019-08-27,S00,0.023039533338698622
2019-08-28,S00,0.030798523815692033
2019-08-29,S00,-0.0066551284315264315
2019-08-30,S00,0.0037882898283325044
2019-09-03,S00,-0.06333676635969801
2019-09-04,S00,-0.013802072500011312
2019-09-05,S00,-0.06806085000212736
2019-09-06,S00,-0.05115313572899317
2019-09-09,S00,-0.046796866731290535
2019-09-10,S00,-0.030376461991390928
2019-09-11,S00,-0.05965868903124999
2019-09-12,S00,-0.05281352719313032
2019-09-13,S00,-0.04828668398438899
2019-09-16,S00,-0.05581429814269
2019-09-17,S00,-0.05343884683575158
2019-09-18,S00,-0.05469414678696203
2019-09-19,S00,-0.05808980225250079
2019-09-20,S00,-0.06938623730985302
2019-09-23,S00,-0.07011288808373702
2019-09-24,S00,-0.06590045961924709
2019-09-25,S00,-0.07364938198997872
2019-09-26,S00,-0.0807408377584898
2019-09-27,S00,-0.06952035302880671
2019-09-30,S00,-0.07386204554353788
2019-10-01,S00,-0.07046342220908783
2019-10-02,S00,-0.09784908149698364
2019-10-03,S00,-0.09642335796192379
2019-10-04,S00,-0.10791426771929066
2019-10-07,S00,-0.11155932919213486
2019-10-08,S00,-0.11066729781212943
2019-10-09,S00,-0.09899573105140137
2019-10-10,S00,-0.10023291543571523
2019-10-11,S00,-0.09213941428868569
2019-10-14,S00,-0.09258204900614238
2019-10-15,S00,-0.09054054276036572
2019-10-16,S00,-0.09070020220303902
2019-10-17,S00,-0.0940885827657704
2019-10-18,S00,-0.09866441115845052
2019-10-21,S00,-0.1090662037302494
2019-10-22,S00,-0.09604557759654243
2019-10-23,S00,-0.08613857824045563
2019-10-24,S00,-0.07535316048360859
2019-10-25,S00,-0.08246730532233273
2019-10-28,S00,-0.09374577230847281
2019-10-29,S00,-0.08697327817487296
2019-10-30,S00,-0.05803322066167169
2019-10-31,S00,-0.046897717362624554
2019-11-01,S00,-0.03699327736990479
2019-11-04,S00,-0.05126430129908253
2019-11-05,S00,-0.05151887498419312
2019-11-06,S00,-0.1013364564832691
2019-11-07,S00,-0.10655883474115196
2019-11-08,S00,-0.1145051237079908
2019-11-11,S00,-0.1415952893206258
2019-11-12,S00,-0.10446969060262236
2019-11-13,S00,-0.10556968087212532
2019-11-14,S00,-0.10404973685302846
2019-11-15,S00,-0.09152841003486176
2019-11-18,S00,-0.08314198216652091
2019-11-19,S00,-0.0841431332228208
2019-11-20,S00,-0.07757135740773113
2019-11-21,S00,-0.08866699812504905
2019-11-22,S00,-0.09055974353739403
2019-11-25,S00,-0.08945156807820721
2019-11-26,S00,-0.09548801371013466
2019-11-27,S00,-0.10152755954416337
2019-11-29,S00,-0.10133403311035005
2019-12-02,S00,-0.09814084759405865
2019-12-03,S00,-0.11648948557494698
2019-12-04,S00,-0.06016530301677175
2019-12-05,S00,-0.05914810783430674
2019-12-06,S00,-0.05578840634968001
2019-12-09,S00,-0.07621488517936875
2019-12-10,S00,-0.03057891304970505
2019-12-11,S00,-0.047009395577163535
2019-12-12,S00,-0.03202029248566884
2019-12-13,S00,-0.015199378509429195
2019-12-16,S00,-0.026913155293626954
2019-12-17,S00,-0.027661659460634938
2019-12-18,S00,-0.02028141458965841
2019-12-19,S00,-0.00438445994277377
2019-12-20,S00,-0.005663172244938887
2019-12-23,S00,-0.019625288053375885
2019-12-24,S00,-0.01637057466486181
2019-12-26,S00,-0.023417015353823612
2019-12-27,S00,-0.046692528564715154
2019-12-30,S00,-0.05798380037259532
2019-12-31,S00,-0.08248662740146664
2020-01-02,S00,-0.03284232692473914
2020-01-03,S00,-0.041897120817530116
2020-01-06,S00,-0.026321553615670627
2020-01-07,S00,-0.01673834015006747
2020-01-08,S00,0.0005392654781391437
2020-01-09,S00,-0.023038583192850383
2020-01-10,S00,-0.0236772612999254
2020-01-13,S00,-0.06715211221644116
2020-01-14,S00,-0.08797903496240508
2020-01-15,S00,-0.1066320120184275
2020-01-16,S00,-0.08479884926524145
2020-01-17,S00,-0.07997730053950328
2020-01-21,S00,-0.04507495260097455
2020-01-22,S00,-0.02478241186605026
2020-01-23,S00,-0.05628138132220449
2020-01-24,S00,0.03832374401734849
2020-01-27,S00,0.053360139376417634
2020-01-28,S00,0.06400231673250684
2020-01-29,S00,0.10962865560239018
2020-01-30,S00,0.09513470243823136
2020-01-31,S00,0.06571403320354459
2020-02-03,S00,0.0005867668173090148
2020-02-04,S00,-0.055504070627469315
2020-02-05,S00,0.13865186675201727
2020-02-06,S00,0.13761291185804378
2020-02-07,S00,0.1477215801010061
2020-02-10,S00,0.14592786274319086
2020-02-11,S00,0.14703000683438866
2020-02-12,S00,0.1645675569959518
2020-02-13,S00,0.16264118955777737
2020-02-14,S00,0.16287624911115214
2020-02-18,S00,0.1709656177540878
2020-02-19,S00,0.16483871783820514
2020-02-20,S00,0.15297269437518748
2020-02-21,S00,0.13781775546380653
2020-02-24,S00,0.09954962836030361
2020-02-25,S00,0.10997398158533148
2020-02-26,S00,0.10207516627581215
2020-02-27,S00,0.04737387206927351
2020-02-28,S00,0.04371343260718586
2020-03-02,S00,-0.14217165082428615
2020-03-03,S00,-0.14438494065136517
2020-03-04,S00,-0.22863345663073945
2020-03-05,S00,-0.14948446933882675
2020-03-06,S00,-0.1268517512971319
2020-03-09,S00,0.1217391168279116
2020-03-10,S00,0.08594916704290444
2020-03-11,S00,0.17332549536585043
2020-03-12,S00,0.3523109498809883
2020-03-13,S00,0.21262246887408195
2020-03-16,S00,0.3190923634515896
2020-03-17,S00,0.20749396889182325
2020-03-18,S00,0.3443388126807099
2020-03-19,S00,0.3255079763122649
2020-03-20,S00,0.2696702651231174
2020-03-23,S00,0.25497754529308836
2020-03-24,S00,0.30250920409763654
2020-03-25,S00,0.3172088948840579
2020-03-26,S00,0.3377784112075739
2020-03-27,S00,0.3359577171091062
2020-03-30,S00,0.3428706481353823
2020-03-31,S00,0.33671744388779073
2020-04-01,S00,0.33692740033915936
2020-04-02,S00,0.3342152252276357
2020-04-03,S00,0.33583869959992474
2020-04-06,S00,0.36234732408952214
2020-04-07,S00,0.36056907088316775
2020-04-08,S00,0.3621383352684989
2020-04-09,S00,0.3660714582816035
2020-04-13,S00,0.36386417032230706
2020-04-14,S00,0.3666387962773631
2020-04-15,S00,0.36539403968416606
2020-04-16,S00,0.36662066051106657
2020-04-17,S00,0.36698492068920935
2020-04-20,S00,0.36717057670344105
2020-04-21,S00,0.36519969142266845
2020-04-22,S00,0.36461558643149616
2020-04-23,S00,0.3645403925576678
2020-04-24,S00,0.36028975987883877
2020-04-27,S00,0.3578630778970465
2020-04-28,S00,0.35810962056184836
2020-04-29,S00,0.3358003704785492
2020-04-30,S00,0.33333198743583387
2020-05-01,S00,0.3171399903853357
2020-05-04,S00,0.32136581640664924
2020-05-05,S00,0.3257256293151157
2020-05-06,S00,0.3235408268622887
2020-05-07,S00,0.3229900483264465
2020-05-08,S00,0.32189327115271493
2020-05-11,S00,0.32270996571108346
2020-05-12,S00,0.31808798966107416
2020-05-13,S00,0.31338084180964215
2020-05-14,S00,0.3151534447226586
2020-05-15,S00,0.31541610855807917
2020-05-18,S00,0.32286391269245496
2020-05-19,S00,0.3235206955760191
2020-05-20,S00,0.32251111882287814
2020-05-21,S00,0.3229702972241144
2020-05-22,S00,0.32414873628591173
2020-05-26,S00,0.3157124744022672
2020-05-27,S00,0.31276458548938574
2020-05-28,S00,0.3146255480575467
2020-05-29,S00,0.31519475132708014
2020-06-01,S00,0.3409169473773626
2020-06-02,S00,0.340932928594965
2020-06-03,S00,0.356003236491645
2020-06-04,S00,0.34870937715340306
2020-06-05,S00,0.3318264041857964
2020-06-08,S00,0.28730261537024476
2020-06-09,S00,0.28578119292678933
2020-06-10,S00,0.25415064867396897
2020-06-11,S00,0.16666072600564558
2020-06-12,S00,0.2088963661136451
2020-06-15,S00,0.14218952476106114
2020-06-16,S00,0.20144506978583732
2020-06-17,S00,0.04403223613545276
2020-06-18,S00,-0.00618901002432683
2020-06-19,S00,0.060902470612670026
2020-06-22,S00,0.07813408316038731
2020-06-23,S00,-0.008408047061568518
2020-06-24,S00,-0.045653940012673165
2020-06-25,S00,-0.11255329377988431
2020-06-26,S00,-0.12564687979538802
2020-06-29,S00,-0.14150838871047025
2020-06-30,S00,-0.12986538467740916
2020-07-01,S00,-0.1629593638209291
2020-07-02,S00,-0.15688951092722828
2020-07-06,S00,-0.18506138188342958
2020-07-07,S00,-0.32104813495247003
2020-07-08,S00,-0.3279652869022269
2020-07-09,S00,-0.34616585388666854
2020-07-10,S00,-0.36872327609435357
2020-07-13,S00,-0.3718282780610738
2020-07-14,S00,-0.3937983361239073
2020-07-15,S00,-0.39066060593299184
2020-07-16,S00,-0.38784925232607714
2020-07-17,S00,-0.4021444668347309
2020-07-20,S00,-0.41239802941345666
2020-07-21,S00,-0.4315170269442089
2020-07-22,S00,-0.4390360268436354
2020-07-23,S00,-0.42993462276451905
2020-07-24,S00,-0.4241144740545443
2020-07-27,S00,-0.4200513935942493
2020-07-28,S00,-0.42127524463102095
2020-07-29,S00,-0.3886975397003185
2020-07-30,S00,-0.3783870887936672
2020-07-31,S00,-0.3353432410369089
2020-08-03,S00,-0.3373712476902864
2020-08-04,S00,-0.34060559256964884
2020-08-05,S00,-0.3483485810184518
2020-08-06,S00,-0.348311675139936
2020-08-07,S00,-0.35067967413478207
2020-08-10,S00,-0.3522170803579337
2020-08-11,S00,-0.33555569332699836
2020-08-12,S00,-0.3038232719162282
2020-08-13,S00,-0.3186195687925519
2020-08-14,S00,-0.3170577649328029
2020-08-17,S00,-0.3906795684273059
2020-08-18,S00,-0.39519858850310935
2020-08-19,S00,-0.4005773619395764
2020-08-20,S00,-0.4075332077000465
2020-08-21,S00,-0.4077209610421906
2020-08-24,S00,-0.3844321124709475
2020-08-25,S00,-0.37768363326237886
2020-08-26,S00,-0.38380197633914465
2020-08-27,S00,-0.38777543539616455
2020-08-28,S00,-0.3874819196858558
2020-08-31,S00,-0.3835284410407462
2020-09-01,S00,-0.37382199550550516
2020-09-02,S00,-0.37291535883335897
2020-09-03,S00,-0.31107678132608513
2020-09-04,S00,-0.29370279935926796
2020-09-08,S00,-0.13173435480079848
2020-09-09,S00,-0.05930650769433452
2020-09-10,S00,0.13502803361065377
2020-09-11,S00,0.17001218578139418
2020-09-14,S00,0.16322274473880666
2020-09-15,S00,0.1427217604597807
2020-09-16,S00,0.15008178107700704
2020-09-17,S00,0.14223098028489442
2020-09-18,S00,0.16064232102911985
2020-09-21,S00,0.12062996717404682
2020-09-22,S00,0.1253985526915693
2020-09-23,S00,0.05493320234074485
2020-09-24,S00,0.06556850734980237
2020-09-25,S00,0.11176240068519094
2020-09-28,S00,0.10927898334102275
2020-09-29,S00,0.11016496146176569
2020-09-30,S00,0.10939418904026964
2020-10-01,S00,0.1116987336626144
2020-10-02,S00,0.1605806291865573
2020-10-05,S00,0.1577742085885696
2020-10-06,S00,0.1722541147933625
2020-10-07,S00,0.17098232993643714
2020-10-08,S00,0.17963126245631653
2020-10-09,S00,0.2286127357477876
2020-10-12,S00,0.23415484985288718
2020-10-13,S00,0.21793995171965475
2020-10-14,S00,0.21271464379161328
2020-10-15,S00,0.2128207182016265
2020-10-16,S00,0.21348121151807792
2020-10-19,S00,0.21145389380762494
2020-10-20,S00,0.21177435031232617
2020-10-21,S00,0.20785498785642617
2020-10-22,S00,0.20607570983394227
2020-10-23,S00,0.20299806355228114
2020-10-26,S00,0.18089306388858103
2020-10-27,S00,0.18639184880858972
2020-10-28,S00,0.2089588525495075
2020-10-29,S00,0.20788263478091507
2020-10-30,S00,0.20408389912373678
2020-11-02,S00,0.1958553422136591
2020-11-03,S00,0.19196719395342915
2020-11-04,S00,0.22496594517039822
2020-11-05,S00,0.23082016341095818
2020-11-06,S00,0.23164140888220533
2020-11-09,S00,0.2304581312916487
2020-11-10,S00,0.20395822218376364
2020-11-11,S00,0.22885789013274244
2020-11-12,S00,0.21481760758214374
2020-11-13,S00,0.17638009428255866
2020-11-16,S00,0.14363194796911558
2020-11-17,S00,0.13205960542465497
2020-11-18,S00,0.10223726878598026
2020-11-19,S00,0.10307776102348695
2020-11-20,S00,0.09808274079070353
2020-11-23,S00,0.08212627145921522
2020-11-24,S00,0.09261501537491978
2020-11-25,S00,0.09274327296300197
2020-11-27,S00,0.0946587627716213
2020-11-30,S00,0.0893740405688044
2020-12-01,S00,0.1041590412170282
2020-12-02,S00,0.08962426154880465
2020-12-03,S00,0.09495219004529766
2020-12-04,S00,0.09539192986132156
2020-12-07,S00,-0.05339465495594374
2020-12-08,S00,-0.10985060658842033
2020-12-09,S00,-0.11726011642017467
2020-12-10,S00,-0.11468844746545744
2020-12-11,S00,-0.10571026268595639
2020-12-14,S00,-0.0989043063849896
2020-12-15,S00,-0.12220601499925675
2020-12-16,S00,-0.1192847419892715
2020-12-17,S00,-0.15556773573878346
2020-12-18,S00,-0.12292866553949923
2020-12-21,S00,-0.12392489911746374
2020-12-22,S00,-0.0447359357813287
2020-12-23,S00,-0.04822290544741763
2020-12-24,S00,-0.06311207089934821
2020-12-28,S00,-0.05573714873241259
2020-12-29,S00,-0.06504308125664358
2020-12-30,S00,-0.06556058547284248
2020-12-31,S00,-0.06780902157620144
2021-01-04,S00,-0.055868591262217826
2021-01-05,S00,-0.0586062881042968
2021-01-06,S00,-0.07320932098439195
2021-01-07,S00,-0.07400250899104818
2021-01-08,S00,-0.07225254888244445
2021-01-11,S00,-0.06759645719370416
2021-01-12,S00,-0.06220660894900344
2021-01-13,S00,-0.057972164970684685
2021-01-14,S00,-0.04459120883494608
2021-01-15,S00,-0.0670773972267348
2021-01-19,S00,-0.0856135828985895
2021-01-20,S00,-0.08748485783689933
2021-01-21,S00,-0.0866962965758758
2021-01-22,S00,-0.08715949499346026
2021-01-25,S00,-0.08902707123820609
2021-01-26,S00,-0.08130012886083259
2021-01-27,S00,-0.011913735363056592
2021-01-28,S00,0.03276219631391345
2021-01-29,S00,-0.0005350569242734202
2021-02-01,S00,0.03061595264762832
2021-02-02,S00,0.08715215489536304
2021-02-03,S00,0.0933061997627643
2021-02-04,S00,0.10433824608426114
2021-02-05,S00,0.06793089075798106
2021-02-08,S00,0.04485402126485414
2021-02-09,S00,0.04006309782852966
2021-02-10,S00,0.03198845048373349
2021-02-11,S00,0.04115042702497236
2021-02-12,S00,0.02202304625385827
2021-02-16,S00,0.03981327620872655
2021-02-17,S00,0.08325796574522648
2021-02-18,S00,0.13215432727822984
2021-02-19,S00,0.13357438092002008
2021-02-22,S00,0.21202546420266216
2021-02-23,S00,0.21477333771844612
2021-02-24,S00,0.20896021126859782
2021-02-25,S00,0.26353727993932363
2021-02-26,S00,0.24499466436765752
2021-03-01,S00,0.2848186213040448
2021-03-02,S00,0.3003337179849638
2021-03-03,S00,0.34750797299294456
2021-03-04,S00,0.33259702979534395
2021-03-05,S00,0.30588698236699446
2021-03-08,S00,0.31394889543446436
2021-03-09,S00,0.35757623679027833
2021-03-10,S00,0.3564197193507328
2021-03-11,S00,0.3543565215607942
2021-03-12,S00,0.3772162912725533
2021-03-15,S00,0.38357702415426176
2021-03-16,S00,0.3832700799295275
2021-03-17,S00,0.3809645206254607
2021-03-18,S00,0.40176329621257545
2021-03-19,S00,0.40084290238912484
2021-03-22,S00,0.38990138429655097
2021-03-23,S00,0.39866549546647795
2021-03-24,S00,0.402038261957126
2021-03-25,S00,0.40506142104840526
2021-03-26,S00,0.40749406872300187
2021-03-29,S00,0.407656486727985
2021-03-30,S00,0.39465902915089074
2021-03-31,S00,0.3973380662828474
2021-04-01,S00,0.39428255965167014
2021-04-05,S00,0.37889195593626307
2021-04-06,S00,0.3814393146396964
2021-04-07,S00,0.3799598221017523
2021-04-08,S00,0.37180546337320597
2021-04-09,S00,0.3713517284561782
2021-04-12,S00,0.3715156052025161
2021-04-13,S00,0.3651373904682211
2021-04-14,S00,0.35390089365445276
2021-04-15,S00,0.33413236817896064
2021-04-16,S00,0.3300711705247473
2021-04-19,S00,0.3496846776485129
2021-04-20,S00,0.37456459018016586
2021-04-21,S00,0.3844879297437783
2021-04-22,S00,0.3832656915599608
2021-04-23,S00,0.38225208138606465
2021-04-26,S00,0.3946847257789709
2021-04-27,S00,0.39270458752342535
2021-04-28,S00,0.3810132344237944
2021-04-29,S00,0.3802689324120069
2021-04-30,S00,0.3668796750897446
2021-05-03,S00,0.34633929622639414
2021-05-04,S00,0.30397574400768457
2021-05-05,S00,0.30222620581007725
2021-05-06,S00,0.30337423035207073
2021-05-07,S00,0.3087083702688439
2021-05-10,S00,0.3178300242891859
2021-05-11,S00,0.30494836883002463
2021-05-12,S00,0.31533640369886545
2021-05-13,S00,0.31015534252732024
2021-05-14,S00,0.32272613006687817
2021-05-17,S00,0.32211793601158456
2021-05-18,S00,0.3166998956456329
2021-05-19,S00,0.31742470448541665
2021-05-20,S00,0.34138982262265466
2021-05-21,S00,0.3284247853727801
2021-05-24,S00,0.3293500620948632
2021-05-25,S00,0.32970944080753334
2021-05-26,S00,0.30853732365783143
2021-05-27,S00,0.3362888587705363
2021-05-28,S00,0.29684346360462366
2021-06-01,S00,0.2792720479381995
2021-06-02,S00,0.22096803320894312
2021-06-03,S00,0.22688046377496707
2021-06-04,S00,0.2732127173934056
2021-06-07,S00,0.25500686346135715
2021-06-08,S00,0.15354564950101438
2021-06-09,S00,0.15735172353463672
2021-06-10,S00,0.16411679530404638
2021-06-11,S00,0.16044257757145788
2021-06-14,S00,0.14880400493579096
2021-06-15,S00,0.14051048956699144
2021-06-16,S00,0.13879009998151226
2021-06-17,S00,0.1177322157313868
2021-06-18,S00,0.17662539131154548
2021-06-21,S00,0.2256474291165163
2021-06-22,S00,0.19702448885967144
2021-06-23,S00,0.1882592747218934
2021-06-24,S00,0.18246589561849846
2021-06-25,S00,0.17329811397972045
2021-06-28,S00,0.1700909009601358
2021-06-29,S00,0.17985330769778354
2021-06-30,S00,0.17752520236918903
2021-07-01,S00,0.17761702999682763
2021-07-02,S00,0.2071316111243237
2021-07-06,S00,0.21299566629577135
2021-07-07,S00,0.19132749143764796
2021-07-08,S00,0.19805664098388176
2021-07-09,S00,0.23142443443001537
2021-07-12,S00,0.22677596358886504
2021-07-13,S00,0.24083212541555193
2021-07-14,S00,0.26018785891362317
2021-07-15,S00,0.3068576643016938
2021-07-16,S00,0.305331515104658
2021-07-19,S00,0.257512922452625
2021-07-20,S00,0.31078351092562045
2021-07-21,S00,0.3114442925875856
2021-07-22,S00,0.31099302185636213
2021-07-23,S00,0.2955551787116588
2021-07-26,S00,0.29607832359793057
2021-07-27,S00,0.2980199946287024
2021-07-28,S00,0.29138538281989057
2021-07-29,S00,0.2722052253353656
2021-07-30,S00,0.3090017196826615
2021-08-02,S00,0.30744936988124166
2021-08-03,S00,0.31666905360294095
2021-08-04,S00,0.3275386292445542
2021-08-05,S00,0.3477337993308797
2021-08-06,S00,0.34181031122914857
2021-08-09,S00,0.35908777655191004
2021-08-10,S00,0.3836600774925158
2021-08-11,S00,0.3831175398411355
2021-08-12,S00,0.39050233805900386
2021-08-13,S00,0.36682419732140475
2021-08-16,S00,0.37118542515322495
2021-08-17,S00,0.38078354399945735
2021-08-18,S00,0.3511078780322386
2021-08-19,S00,0.34995123071305856
2021-08-20,S00,0.3366395773337103
2021-08-23,S00,0.3267624576282489
2021-08-24,S00,0.32750202869054257
2021-08-25,S00,0.3283672617504415
2021-08-26,S00,0.3248147777877833
2021-08-27,S00,0.3241653400906855
2021-08-30,S00,0.323275104283033
2021-08-31,S00,0.3270508103326165
2021-09-01,S00,0.31771533395676693
2021-09-02,S00,0.285612802200769
2021-09-03,S00,0.2831371404944624
2021-09-07,S00,0.29248596327253656
2021-09-08,S00,0.2846254064512353
2021-09-09,S00,0.27668243740858856
2021-09-10,S00,0.2660517934683137
2021-09-13,S00,0.2624815015415089
2021-09-14,S00,0.2527156504089753
2021-09-15,S00,0.2507123641173663
2021-09-16,S00,0.24915354533101344
2021-09-17,S00,0.17220281818281857
2021-09-20,S00,0.11589426190565205
2021-09-21,S00,0.12402110397583772
2021-09-22,S00,0.08438675958229223
2021-09-23,S00,0.09152322585176247
2021-09-24,S00,0.08896818320231156
2021-09-27,S00,0.10137637973986056
2021-09-28,S00,0.1416026355132117
2021-09-29,S00,0.14035781038080553
2021-09-30,S00,0.08776320743525856
2021-10-01,S00,0.05639022000950492
2021-10-04,S00,0.10233529133256368
2021-10-05,S00,0.1419844063710823
2021-10-06,S00,0.14553990511172357
2021-10-07,S00,0.11625736417266956
2021-10-08,S00,0.12585552290634555
2021-10-11,S00,0.13833160138299
2021-10-12,S00,0.1422583742775683
2021-10-13,S00,0.14027336729577114
2021-10-14,S00,0.16808709824289148
2021-10-15,S00,0.21426934961341199
2021-10-18,S00,0.12906809023643934
2021-10-19,S00,0.114372741319097
2021-10-20,S00,0.11445058988289444
2021-10-21,S00,0.11625467506875051
2021-10-22,S00,0.11301169385300756
2021-10-25,S00,0.10076361950517125
2021-10-26,S00,0.10573092020729397
2021-10-27,S00,0.10365930585123573
2021-10-28,S00,0.08680014463572468
2021-10-29,S00,0.08551808713026379
2021-11-01,S00,0.08619701441565082
2021-11-02,S00,0.07328972261735568
2021-11-03,S00,0.023382580550744204
2021-11-04,S00,0.022128681410278562
2021-11-05,S00,0.03189963371417875
2021-11-08,S00,0.03010632399904173
2021-11-09,S00,0.016039892135919585
2021-11-10,S00,0.024888732167509912
2021-11-11,S00,0.02451974425645716
2021-11-12,S00,0.03556459443380468
2021-11-15,S00,0.0403992874234622
2021-11-16,S00,0.05792717055237922
2021-11-17,S00,0.05826908291384652
2021-11-18,S00,0.0675575623738583
2021-11-19,S00,0.07148618447552849
2021-11-22,S00,0.08659784544336967
2021-11-23,S00,0.08078359670835543
2021-11-24,S00,0.08318971134551961
2021-11-26,S00,0.07098182575802713
2021-11-29,S00,0.04351038548581398
2021-11-30,S00,0.04811264746521255
2021-12-01,S00,0.11243724859939415
2021-12-02,S00,0.1558503543537125
2021-12-03,S00,0.19038710911390694
2021-12-06,S00,0.1642472908254826
2021-12-07,S00,0.25099561936185727
2021-12-08,S00,0.2542559637383238
2021-12-09,S00,0.2768503148772624
2021-12-10,S00,0.2821479092546339
2021-12-13,S00,0.2940201812295854
2021-12-14,S00,0.2977425603326259
2021-12-15,S00,0.3194172319511068
2021-12-16,S00,0.3555594632539881
2021-12-17,S00,0.363011581220253
2021-12-20,S00,0.3668543364634982
2021-12-21,S00,0.4064807570126621
2021-12-22,S00,0.405251373144207
2021-12-23,S00,0.40827468922942745
2021-12-27,S00,0.4222947462752478
2021-12-28,S00,0.4167293213403647
2021-12-29,S00,0.41684503279205787
2021-12-30,S00,0.45850580808368846
2021-12-31,S00,0.49132203585415857
2022-01-03,S00,0.47299040597236625
2022-01-04,S00,0.4617332160382164
2022-01-05,S00,0.4748545054732492
2022-01-06,S00,0.4718479134881371
2022-01-07,S00,0.4761805445946075
2022-01-10,S00,0.46234282026592904
2022-01-11,S00,0.46804024599415656
2022-01-12,S00,0.4673992069821788
2022-01-13,S00,0.48736810802378144
2022-01-14,S00,0.48523339320772646
2022-01-18,S00,0.48836184209009265
2022-01-19,S00,0.41810116275533465
2022-01-20,S00,0.37922565041835066
2022-01-21,S00,0.3768695535704606
2022-01-24,S00,0.38126004279430087
2022-01-25,S00,0.3930436762857984
2022-01-26,S00,0.3942167446373886
2022-01-27,S00,0.3903659860481884
2022-01-28,S00,0.40822364873644684
2022-01-31,S00,0.44159372391871266
2022-02-01,S00,0.44219398406722654
2022-02-02,S00,0.4535276719537062
2022-02-03,S00,0.46044340880038
2022-02-04,S00,0.45852590215725636
2022-02-07,S00,0.4574746712518931
2022-02-08,S00,0.44245749721271743
2022-02-09,S00,0.45818809209162403
2022-02-10,S00,0.46169435243929996
2022-02-11,S00,0.46699266166335146
2022-02-14,S00,0.4611712360092658
2022-02-15,S00,0.40179938390994197
2022-02-16,S00,0.3974925672199626
2022-02-17,S00,0.3633880249072489
2022-02-18,S00,0.3503820735392404
2022-02-22,S00,0.34806052109696517
2022-02-23,S00,0.33746484405998156
2022-02-24,S00,0.3627969013881618
2022-02-25,S00,0.3479295726055581
2022-02-28,S00,0.35957066755950395
2022-03-01,S00,0.38409717839202906
2022-03-02,S00,0.40315611472179014
2022-03-03,S00,0.392662784789551
2022-03-04,S00,0.3846700137130552
2022-03-07,S00,0.43144325036460857
2022-03-08,S00,0.34302754764464083
2022-03-09,S00,0.3109892530763062
2022-03-10,S00,0.3092881649690839
2022-03-11,S00,0.29647198545748665
2022-03-14,S00,0.29307856615855893
2022-03-15,S00,0.29043501549139183
2022-03-16,S00,0.30507805035595975
2022-03-17,S00,0.29228067186689044
2022-03-18,S00,0.26886701785356587
2022-03-21,S00,0.27179949622303173
2022-03-22,S00,0.2728555325078664
2022-03-23,S00,0.26474824708389333
2022-03-24,S00,0.26178088499972746
2022-03-25,S00,0.26111464870480994
2022-03-28,S00,0.2353452195983092
2022-03-29,S00,0.24685600508863528
2022-03-30,S00,0.25202229274523796
2022-03-31,S00,0.2640172197445087
2022-04-01,S00,0.25495489512036706
2022-04-04,S00,0.24823234492239346
2022-04-05,S00,0.2648920169474242
2022-04-06,S00,0.25533138630737623
2022-04-07,S00,0.2547984525783556
2022-04-08,S00,0.2520757301080862
2022-04-11,S00,0.23119621082545025
2022-04-12,S00,0.229269145526193
2022-04-13,S00,0.23897571453254002
2022-04-14,S00,0.21513199556539211
2022-04-18,S00,0.2186084314771237
2022-04-19,S00,0.20455683623430226
2022-04-20,S00,0.22841609839573604
2022-04-21,S00,0.2524478596164565
2022-04-22,S00,0.2071842806626249
2022-04-25,S00,0.20769673969178407
2022-04-26,S00,0.19565948385293463
2022-04-27,S00,0.19634458572289817
2022-04-28,S00,0.17753669570409222
2022-04-29,S00,0.1641619184286422
2022-05-02,S00,0.1394141941450244
2022-05-03,S00,0.14061985499366852
2022-05-04,S00,0.11927350346746042
2022-05-05,S00,0.12229824250104576
2022-05-06,S00,0.125901753980737
2022-05-09,S00,0.16911105595377862
2022-05-10,S00,0.18260128352866936
2022-05-11,S00,0.1658895944064746
2022-05-12,S00,0.15782568605686054
2022-05-13,S00,0.18011453275956169
2022-05-16,S00,0.18160962087047486
2022-05-17,S00,0.21792071426069234
2022-05-18,S00,0.23241796935761552
2022-05-19,S00,0.23841221883891087
2022-05-20,S00,0.24487315704702015
2022-05-23,S00,0.26481659771476646
2022-05-24,S00,0.2727969471660716
2022-05-25,S00,0.27220528013788603
2022-05-26,S00,0.2873683648210054
2022-05-27,S00,0.2917838808042813
2022-05-31,S00,0.2807225918942124
2022-06-01,S00,0.27413380421112193
2022-06-02,S00,0.27204458844559526
2022-06-03,S00,0.2592285124851117
2022-06-06,S00,0.204065403271371
2022-06-07,S00,0.2986108567925139
2022-06-08,S00,0.299215585404566
2022-06-09,S00,0.31812213322681726
2022-06-10,S00,0.2997604331525673
2022-06-13,S00,0.3376517728826726
2022-06-14,S00,0.33730153781590466
2022-06-15,S00,0.3139669389594644
2022-06-16,S00,0.36499473373288416
2022-06-17,S00,0.37640488131036165
2022-06-21,S00,0.3039277862156587
2022-06-22,S00,0.29834480697260424
2022-06-23,S00,0.24991018169799306
2022-06-24,S00,0.29403848650580333
2022-06-27,S00,0.2879271683720865
2022-06-28,S00,0.27953383397709747
2022-06-29,S00,0.2649015054490124
2022-06-30,S00,0.2670230678403405
2022-07-01,S00,0.25673690295612855
2022-07-05,S00,0.27022765607600907
2022-07-06,S00,0.2646864287026371
2022-07-07,S00,0.27371958300731647
2022-07-08,S00,0.27116565854957025
2022-07-11,S00,0.2734159111246972
2022-07-12,S00,0.26097305652175357
2022-07-13,S00,0.27539067337036727
2022-07-14,S00,0.2733930039926606
2022-07-15,S00,0.2698242389063999
2022-07-18,S00,0.2677501535320261
2022-07-19,S00,0.2650650973518457
2022-07-20,S00,0.26772721555956447
2022-07-21,S00,0.2538919387248224
2022-07-22,S00,0.24878363357980426
2022-07-25,S00,0.2797100372927605
2022-07-26,S00,0.27819489536527037
2022-07-27,S00,0.2856908513277759
2022-07-28,S00,0.2827728165001057
2022-07-29,S00,0.3031267916687553
2022-08-01,S00,0.30636361304760384
2022-08-02,S00,0.2947449596066911
2022-08-03,S00,0.28516898211341557
2022-08-04,S00,0.299085492353827
2022-08-05,S00,0.2948147197328084
2022-08-08,S00,0.29153906120311374
2022-08-09,S00,0.24605851644709545
2022-08-10,S00,0.2478806418041439
2022-08-11,S00,0.2608651384974552
2022-08-12,S00,0.25821281755062864
2022-08-15,S00,0.22935665628107152
2022-08-16,S00,0.22590452480646803
2022-08-17,S00,0.21696365351585525
2022-08-18,S00,0.1978564854392211
2022-08-19,S00,0.2115217976486425
2022-08-22,S00,0.21364364435007663
2022-08-23,S00,0.18212974368688806
2022-08-24,S00,0.17429924996803456
2022-08-25,S00,0.16900338599991296
2022-08-26,S00,0.1472199685314961
2022-08-29,S00,0.13461915861427656
2022-08-30,S00,0.12764669094006983
2022-08-31,S00,0.12132596292109396
2022-09-01,S00,0.11703379358926684
2022-09-02,S00,0.12721762747569024
2022-09-06,S00,0.13021465826262138
2022-09-07,S00,0.11843120592172922
2022-09-08,S00,0.11518988059386294
2022-09-09,S00,0.09223101852072267
2022-09-12,S00,0.12171981495471086
2022-09-13,S00,0.09986259377418162
2022-09-14,S00,0.094514786250728
2022-09-15,S00,0.09688629835659829
2022-09-16,S00,-0.007332087483646236
2022-09-19,S00,-0.011825792837323585
2022-09-20,S00,0.0842834355601367
2022-09-21,S00,0.06863817915944331
2022-09-22,S00,0.13723864085771462
2022-09-23,S00,-0.008834394877774415
2022-09-26,S00,0.004226065858620808
2022-09-27,S00,0.052608094006550365
2022-09-28,S00,0.03443703442834984
2022-09-29,S00,0.04184243793345046
2022-09-30,S00,0.05834184019988427
2022-10-03,S00,0.039403942468156844
2022-10-04,S00,0.07417804221361902
2022-10-05,S00,0.024238510365830225
2022-10-06,S00,0.05240880899190745
2022-10-07,S00,0.09395406071320532
2022-10-10,S00,0.13727711554708333
2022-10-11,S00,0.14211264744364657
2022-10-12,S00,0.1448562290498932
2022-10-13,S00,0.11997117824390613
2022-10-14,S00,0.18099126231523038
2022-10-17,S00,0.22661027957973684
2022-10-18,S00,0.23446257779688615
2022-10-19,S00,0.26744186520533425
2022-10-20,S00,0.27094504674349407
2022-10-21,S00,0.22594139811028774
2022-10-24,S00,0.2257794299234004
2022-10-25,S00,0.24267096557944562
2022-10-26,S00,0.24145585320270443
2022-10-27,S00,0.23606291016462833
2022-10-28,S00,0.26234036993216875
2022-10-31,S00,0.28828568167515495
2022-11-01,S00,0.29075751676899
2022-11-02,S00,0.26712426744625317
2022-11-03,S00,0.2756703466782787
2022-11-04,S00,0.24832518322581432
2022-11-07,S00,0.2460700985166507
2022-11-08,S00,0.2509299650983483
2022-11-09,S00,0.2577634715335645
2022-11-10,S00,0.2800808717965611
2022-11-11,S00,0.27148025503391543
2022-11-14,S00,0.26508688103533784
2022-11-15,S00,0.2802130639551998
2022-11-16,S00,0.27225159150852335
2022-11-17,S00,0.2743796389158938
2022-11-18,S00,0.27490615881282404
2022-11-21,S00,0.28179826584233514
2022-11-22,S00,0.26770541738954245
2022-11-23,S00,0.2642199842779647
2022-11-25,S00,0.27907379843756025
2022-11-28,S00,0.27239141921882865
2022-11-29,S00,0.2908714126544691
2022-11-30,S00,0.3117032417241556
2022-12-01,S00,0.30948916640826
2022-12-02,S00,0.31437232201321264
2022-12-05,S00,0.3053895837168317
2022-12-06,S00,0.2914838514670738
2022-12-07,S00,0.28710980506000744
2022-12-08,S00,0.28334900375421124
2022-12-09,S00,0.2789230744413042
2022-12-12,S00,0.2304752546292144
2022-12-13,S00,0.2338173137403543
2022-12-14,S00,0.23302934721091356
2022-12-15,S00,0.2550358056917763
2022-12-16,S00,0.2564879961067217
2022-12-19,S00,0.2439723303556275
2022-12-20,S00,0.2651190502449793
2022-12-21,S00,0.24968312272875595
2022-12-22,S00,0.30104602073473635
2022-12-23,S00,0.2969242900308619
2022-12-27,S00,0.30047452725377255
2022-12-28,S00,0.30237140130682255
2022-12-29,S00,0.30116045153144805
2022-12-30,S00,0.29306970628521495
2023-01-03,S00,0.3121207176586532
2023-01-04,S00,0.2874636493148821
2023-01-05,S00,0.2891000816852069
2023-01-06,S00,0.2899201249131485
2023-01-09,S00,0.2597541527068101
2023-01-10,S00,0.2504853285373294
2023-01-11,S00,0.23422490045668679
2023-01-12,S00,0.22553437832793394
2023-01-13,S00,0.23624981842635628
2023-01-17,S00,0.1818560292887454
2023-01-18,S00,0.12135335098783995
2023-01-19,S00,0.12520846469653335
2023-01-20,S00,0.09359156819222837
2023-01-23,S00,0.06302546111551895
2023-01-24,S00,0.09238160278794835
2023-01-25,S00,0.09109832901618345
2023-01-26,S00,0.017247470406437947
2023-01-27,S00,0.017490521584661686
2023-01-30,S00,-0.01239325947276468
2023-01-31,S00,-0.06961804242307941
2023-02-01,S00,-0.08736256132224055
2023-02-02,S00,-0.08576109379156568
2023-02-03,S00,-0.06602433177826374
2023-02-06,S00,-0.10311772141060777
2023-02-07,S00,-0.08191916140356562
2023-02-08,S00,-0.09286086131098631
2023-02-09,S00,-0.09442973225298115
2023-02-10,S00,-0.11042451964029995
2023-02-13,S00,-0.2107072571164824
2023-02-14,S00,-0.20100010856103961
2023-02-15,S00,-0.16794238311220114
2023-02-16,S00,-0.18812625109982492
2023-02-17,S00,-0.18040187415838288
2023-02-21,S00,-0.221941915013241
2023-02-22,S00,-0.2281434944253895
2023-02-23,S00,-0.2244412016974265
2023-02-24,S00,-0.22220579253374806
2023-02-27,S00,-0.2305086956848288
2023-02-28,S00,-0.232572209693684
2023-03-01,S00,-0.23497903010763713
2023-03-02,S00,-0.2347939621039612
2023-03-03,S00,-0.3072288687978348
2023-03-06,S00,-0.3073351868482865
2023-03-07,S00,-0.3035516790759185
2023-03-08,S00,-0.30408696597241386
2023-03-09,S00,-0.24795156600621915
2023-03-10,S00,-0.2512234889069281
2023-03-13,S00,-0.23609560174262775
2023-03-14,S00,-0.2409277580701332
2023-03-15,S00,-0.2063877596576302
2023-03-16,S00,-0.20896795904591342
2023-03-17,S00,-0.1618542409331975
2023-03-20,S00,-0.14074526165214035
2023-03-21,S00,-0.12127328905320582
2023-03-22,S00,-0.13705170338134323
2023-03-23,S00,-0.13308048840139117
2023-03-24,S00,-0.1364904394266738
2023-03-27,S00,-0.15117313840406021
2023-03-28,S00,-0.1529043013904769
2023-03-29,S00,-0.16774291519667667
2023-03-30,S00,-0.15383263460985785
2023-03-31,S00,-0.14279803969528707
2023-04-03,S00,-0.1376637757791519
2023-04-04,S00,-0.13096440556930164
2023-04-05,S00,-0.12272668462641419
2023-04-06,S00,-0.13147742088372183
2023-04-10,S00,-0.16124451453933775
2023-04-11,S00,-0.162631307430096
2023-04-12,S00,-0.1653407287605128
2023-04-13,S00,-0.15476066144174758
2023-04-14,S00,-0.15274968736713712
2023-04-17,S00,-0.1512525873604989
2023-04-18,S00,-0.16482080199447577
2023-04-19,S00,-0.1673121819283295
2023-04-20,S00,-0.1828033317210959
2023-04-21,S00,-0.15988305677085773
2023-04-24,S00,-0.13058184341080242
2023-04-25,S00,-0.11406429432737894
2023-04-26,S00,-0.11460676665645811
2023-04-27,S00,-0.05902250035356704
2023-04-28,S00,-0.05536190288627624
2023-05-01,S00,-0.018620757366489746
2023-05-02,S00,0.04436608179942054
2023-05-03,S00,0.0780665216272802
2023-05-04,S00,0.10957778132851174
2023-05-05,S00,0.1326861944619543
2023-05-08,S00,0.13941320203068652
2023-05-09,S00,0.14250484832522753
2023-05-10,S00,0.15809079119919847
2023-05-11,S00,0.15825273207983212
2023-05-12,S00,0.15478601956810314
2023-05-15,S00,0.15949938433125674
2023-05-16,S00,0.17562839823696408
2023-05-17,S00,0.15678640612342631
2023-05-18,S00,0.18679517124082284
2023-05-19,S00,0.1927606467620298
2023-05-22,S00,0.2647109338017632
2023-05-23,S00,0.3029682635157926
2023-05-24,S00,0.2832515911545646
2023-05-25,S00,0.301120099435696
2023-05-26,S00,0.3132543233241797
2023-05-30,S00,0.31625250189594406
2023-05-31,S00,0.298978187885456
2023-06-01,S00,0.29232955801002564
2023-06-02,S00,0.34305722659941074
2023-06-05,S00,0.34509079756995065
2023-06-06,S00,0.3461021608031853
2023-06-07,S00,0.3516215972923569
2023-06-08,S00,0.3405069121793709
2023-06-09,S00,0.3556420306307287
2023-06-12,S00,0.3326725475170134
2023-06-13,S00,0.3490842823234379
2023-06-14,S00,0.3152436090082891
2023-06-15,S00,0.3296670377578015
2023-06-16,S00,0.29161849869773016
2023-06-20,S00,0.2754070316492762
2023-06-21,S00,0.2610452572694675
2023-06-22,S00,0.3010095695997768
2023-06-23,S00,0.3051148371494665
2023-06-26,S00,0.31192685233358286
2023-06-27,S00,0.30119590308722965
2023-06-28,S00,0.3098191235991257
2023-06-29,S00,0.32814409091993507
2023-06-30,S00,0.3099314797202926
2023-07-03,S00,0.2932540807415454
2023-07-05,S00,0.2891156008074873
2023-07-06,S00,0.2542533938864552
2023-07-07,S00,0.2534790384767144
2023-07-10,S00,0.2546711219221293
2023-07-11,S00,0.25277949690357393
2023-07-12,S00,0.2620387571211727
2023-07-13,S00,0.28224700928309326
2023-07-14,S00,0.25878091722336405
2023-07-17,S00,0.26194130791611686
2023-07-18,S00,0.244570911927339
2023-07-19,S00,0.24658263543602196
2023-07-20,S00,0.23670251064847778
2023-07-21,S00,0.23244120533216447
2023-07-24,S00,0.23290255533347037
2023-07-25,S00,0.23006375240315244
2023-07-26,S00,0.22820641345896586
2023-07-27,S00,0.2577320561310167
2023-07-28,S00,0.25909254005833005
2023-07-31,S00,0.25467600590549105
2023-08-01,S00,0.24585749641185703
2023-08-02,S00,0.2055557306203368
2023-08-03,S00,0.1854319872757888
2023-08-04,S00,0.1886559877386888
2023-08-07,S00,0.148357021143859
2023-08-08,S00,0.1489529935369224
2023-08-09,S00,0.15357460798731581
2023-08-10,S00,0.15077053575664046
2023-08-11,S00,0.14449660333354206
2023-08-14,S00,0.14640789321145103
2023-08-15,S00,0.13995727549020723
2023-08-16,S00,0.11222137739136523
2023-08-17,S00,0.12488622578524385
2023-08-18,S00,0.09380117215399683
2023-08-21,S00,0.09326782817213565
2023-08-22,S00,0.09201531493833243
2023-08-23,S00,0.021610083615677757
2023-08-24,S00,0.0409944550315108
2023-08-25,S00,0.037997259715934435
2023-08-28,S00,0.015255597257466127
2023-08-29,S00,-0.016819395113889513
2023-08-30,S00,0.010818630128475268
2023-08-31,S00,0.022449622004540388
2023-09-01,S00,-0.03262301487555098
2023-09-05,S00,-0.04808415145874768
2023-09-06,S00,-0.04554249125752827
2023-09-07,S00,-0.07935620055705639
2023-09-08,S00,-0.10456744764614685
2023-09-11,S00,-0.12445131518203077
2023-09-12,S00,-0.11445677045451803
2023-09-13,S00,-0.09461980213984021
2023-09-14,S00,-0.10542251971344446
2023-09-15,S00,-0.08054841415184283
2023-09-18,S00,-0.08739564526815674
2023-09-19,S00,-0.09708445786773964
2023-09-20,S00,-0.08263392429713447
2023-09-21,S00,-0.06124517062214749
2023-09-22,S00,-0.0765116122946863
2023-09-25,S00,-0.07627003909864062
2023-09-26,S00,-0.1187923993545106
2023-09-27,S00,-0.1161407731139814
2023-09-28,S00,-0.11686098552475027
2023-09-29,S00,-0.10391283484133143
2023-10-02,S00,-0.10250676142318921
2023-10-03,S00,-0.0965503739199476
2023-10-04,S00,-0.0953512021135269
2023-10-05,S00,-0.09753446646584987
2023-10-06,S00,-0.09838253898486633
2023-10-09,S00,-0.08685910502602216
2023-10-10,S00,-0.07402235825613132
2023-10-11,S00,-0.10298139645996211
2023-10-12,S00,-0.10593808259879184
2023-10-13,S00,-0.08784946203582195
2023-10-16,S00,-0.05421901303332133
2023-10-17,S00,-0.05451394647575298
2023-10-18,S00,0.025774232672756987
2023-10-19,S00,0.025240704281099955
2023-10-20,S00,0.015296737049586687
2023-10-23,S00,0.023625837097654888
2023-10-24,S00,0.0392396503280378
2023-10-25,S00,0.0364938877486625
2023-10-26,S00,-0.02143922216799055
2023-10-27,S00,-0.03848480723776696
2023-10-30,S00,-0.016559394871098514
2023-10-31,S00,-0.0427973996362106
2023-11-01,S00,-0.047388016374888015
2023-11-02,S00,-0.11371160406162803
2023-11-03,S00,-0.0786388246885449
2023-11-06,S00,-0.0742814271874271
2023-11-07,S00,-0.06672046332639027
2023-11-08,S00,-0.06714532575863753
2023-11-09,S00,-0.06776168458521308
2023-11-10,S00,-0.02133557982924151
2023-11-13,S00,-0.020741605955317766
2023-11-14,S00,0.040937188578831975
2023-11-15,S00,0.044911176243769384
2023-11-16,S00,0.03925525377424273
2023-11-17,S00,0.0412471315409695
2023-11-20,S00,0.03194941689473385
2023-11-21,S00,0.023827969406407606
2023-11-22,S00,0.020153531987574125
2023-11-24,S00,0.030373199093968337
2023-11-27,S00,0.03341409758223357
2023-11-28,S00,0.06612961876321914
2023-11-29,S00,0.06655630072615369
2023-11-30,S00,0.06271278037291006
2023-12-01,S00,0.05228382508688006
2023-12-04,S00,0.07640361111843141
2023-12-05,S00,0.0794589231442187
2023-12-06,S00,0.09701204423020553
2023-12-07,S00,0.10391753144246832
2023-12-08,S00,0.13536814068523295
2023-12-11,S00,0.16897363302401963
2023-12-12,S00,0.15888159264692425
2023-12-13,S00,0.18575268112521848
2023-12-14,S00,0.17022601254299943
2023-12-15,S00,0.16320279691035947
2023-12-18,S00,0.17277091088719645
2023-12-19,S00,0.1533116696140624
2023-12-20,S00,0.09391730912261008
2023-12-21,S00,0.09010023056328376
2023-12-22,S00,0.09567572445512976
2023-12-26,S00,0.16239685773139587
2023-12-27,S00,0.16603710321666712
2023-12-28,S00,0.16583961403188324
2023-12-29,S00,0.16768805937816764
2024-01-02,S00,0.1465527706546411
2024-01-03,S00,0.16104081913243606
2024-01-04,S00,0.16875530220408402
2024-01-05,S00,0.16866219845338015
2024-01-08,S00,0.17452349109809787
2024-01-09,S00,0.16996233875725375
2024-01-10,S00,0.16783576957109095
2024-01-11,S00,0.169673408610658
2024-01-12,S00,0.16554439413450198
2024-01-16,S00,0.1491064099027883
2024-01-17,S00,0.1501724304309591
2024-01-18,S00,0.13990415944296408
2024-01-19,S00,0.07413417322561308
2024-01-22,S00,0.07569456517220471
2024-01-23,S00,0.09562119998419025
2024-01-24,S00,0.0997378184574385
2024-01-25,S00,0.07015726568749579
2024-01-26,S00,0.0403442537903331
2024-01-29,S00,0.08098490300209568
2024-01-30,S00,0.07927807104271305
2024-01-31,S00,0.009199233331040843
2024-02-01,S00,0.011191737009693286
2024-02-02,S00,0.007880224287079272
2024-02-05,S00,0.07240150518281725
2024-02-06,S00,0.06473609905359218
2024-02-07,S00,0.06380897938578564
2024-02-08,S00,0.06039153849703975
2024-02-09,S00,0.05869397530999893
2024-02-12,S00,0.05913789478803344
2024-02-13,S00,0.057275770366971165
2024-02-14,S00,0.0364667943545825
2024-02-15,S00,-0.021845496138819816
2024-02-16,S00,0.011704995953937784
2024-02-20,S00,-0.03360181884140928
2024-02-21,S00,-0.03282974217817792
2024-02-22,S00,-0.012784588777530524
2024-02-23,S00,-0.020403574482624837
2024-02-26,S00,-0.018571161534654195
2024-02-27,S00,-0.017584693396485523
2024-02-28,S00,-0.020999399436380194
2024-02-29,S00,-0.015480322554361008
2024-03-01,S00,-0.01501606391556786
2024-03-04,S00,-0.01585926847470842
2024-03-05,S00,0.037631577946014586
2024-03-06,S00,0.004468636607685347
2024-03-07,S00,-0.02090884248166233
2024-03-08,S00,-0.08399596947368217
2024-03-11,S00,-0.09474644741870668
2024-03-12,S00,-0.11807869108633656
2024-03-13,S00,-0.1294176204023708
2024-03-14,S00,-0.11795184899196264
2024-03-15,S00,-0.18144717051821893
2024-03-18,S00,-0.18357977662767458
2024-03-19,S00,-0.17132299247363975
2024-03-20,S00,-0.1781539646433398
2024-03-21,S00,-0.16957230932385475
2024-03-22,S00,-0.10466388545652623
2024-03-25,S00,-0.09387981007832673
2024-03-26,S00,-0.0961436992320958
2024-03-27,S00,-0.091652562752159
2024-03-28,S00,-0.09481006766781619
2024-04-01,S00,-0.0942156796118772
2024-04-02,S00,-0.09315840426826442
2024-04-03,S00,-0.06926964834991564
2024-04-04,S00,-0.059187704538066564
2024-04-05,S00,-0.07149294384691422
2024-04-08,S00,-0.071181843310963
2024-04-09,S00,-0.07451633283028304
2024-04-10,S00,-0.08248862591786972
2024-04-11,S00,-0.11256500257422734
2024-04-12,S00,-0.15759858745641095
2024-04-15,S00,-0.14419683779192002
2024-04-16,S00,-0.15160329290340802
2024-04-17,S00,-0.13619462547378602
2024-04-18,S00,-0.11845021717444947
2024-04-19,S00,-0.12157558837210718
2024-04-22,S00,-0.142173280467939
2024-04-23,S00,-0.13358686515995022
2024-04-24,S00,-0.1339615939698261
2024-04-25,S00,-0.12114016921759975
2024-04-26,S00,-0.12044705000111489
2024-04-29,S00,-0.15008182469036785
2024-04-30,S00,-0.1254838671752195
2024-05-01,S00,-0.09373692280075618
2024-05-02,S00,-0.06039175058655324
2024-05-03,S00,-0.007092460994314478
2024-05-06,S00,-0.01297382453399438
2024-05-07,S00,-0.015301912416043178
2024-05-08,S00,-0.012937860238280797
2024-05-09,S00,-0.014906473319767832
2024-05-10,S00,-0.01440069485996212
2024-05-13,S00,-0.012777367773825597
2024-05-14,S00,-0.0635561799381876
2024-05-15,S00,-0.04296087350655007
2024-05-16,S00,-0.0702252594757106
2024-05-17,S00,-0.10391529342260353
2024-05-20,S00,-0.07435730985200967
2024-05-21,S00,-0.07392443080594918
2024-05-22,S00,-0.09230308163680999
2024-05-23,S00,-0.11534145160644348
2024-05-24,S00,-0.1257910375624522
2024-05-28,S00,-0.127978168171163
2024-05-29,S00,-0.12161297080828076
2024-05-30,S00,-0.1409582527495127
2024-05-31,S00,-0.1319307537669215
2024-06-03,S00,-0.13048146433607008
2024-06-04,S00,-0.17609298297694176
2024-06-05,S00,-0.17627627152713932
2024-06-06,S00,-0.1513669400802815
2024-06-07,S00,-0.12018486672454624
2024-06-10,S00,-0.11542842882535938
2024-06-11,S00,-0.08727195027584041
2024-06-12,S00,-0.07811532403164387
2024-06-13,S00,-0.08150134666436819
2024-06-14,S00,-0.055586442242163824
2024-06-17,S00,-0.075686154923362
2024-06-18,S00,-0.07708614617681746
2024-06-20,S00,-0.057967132792344146
2024-06-21,S00,-0.05926246511893812
2024-06-24,S00,-0.06558588223371443
2024-06-25,S00,-0.06920278018613277
2024-06-26,S00,-0.067397039954553
2024-06-27,S00,-0.07020276345033469
2024-06-28,S00,-0.059605181344824495
2024-07-01,S00,-0.06276703480736656
2024-07-02,S00,-0.05600648893587324
2024-07-03,S00,-0.04322653877838665
2024-07-05,S00,-0.08670666904381692
2024-07-08,S00,-0.080537606333569
2024-07-09,S00,-0.07977789570630801
2024-07-10,S00,-0.07188604601318996
2024-07-11,S00,-0.08809348034270638
2024-07-12,S00,-0.07751789551711671
2024-07-15,S00,-0.027771810013604157
2024-07-16,S00,-0.06395292022368629
2024-07-17,S00,0.03383688093862877
2024-07-18,S00,-0.018488122105732543
2024-07-19,S00,-0.027524148277084406
2024-07-22,S00,0.02212757556038443
2024-07-23,S00,0.03132081572385296
2024-07-24,S00,-0.03604963273926628
2024-07-25,S00,0.015302192590388864
2024-07-26,S00,-0.04891148498255152
2024-07-29,S00,-0.05285902498390866
2024-07-30,S00,0.010989337273147073
2024-07-31,S00,0.07767194161053487
2024-08-01,S00,0.10327232092481202
2024-08-02,S00,0.1488832083447034
2024-08-05,S00,0.1471430263156669
2024-08-06,S00,0.17337759197908187
2024-08-07,S00,0.17708550609113077
2024-08-08,S00,0.20729969543318877
2024-08-09,S00,0.2093035303229083
2024-08-12,S00,0.2090025739457101
2024-08-13,S00,0.21837556410522538
2024-08-14,S00,0.22503749014986693
2024-08-15,S00,0.25376917363629287
2024-08-16,S00,0.2652227764304301
2024-08-19,S00,0.26078006377234114
2024-08-20,S00,0.2610471942137573
2024-08-21,S00,0.25936357907842356
2024-08-22,S00,0.26181478522811835
2024-08-23,S00,0.29459444663785395
2024-08-26,S00,0.29565246833482367
2024-08-27,S00,0.29548441970339756
2024-08-28,S00,0.2813581366788257
2024-08-29,S00,0.29099578414314364
2024-08-30,S00,0.28242976327055413
2024-09-03,S00,0.28239412288494903
2024-09-04,S00,0.28453445108942443
2024-09-05,S00,0.2797348477677311
2024-09-06,S00,0.27802132597329526
2024-09-09,S00,0.2672077222752229
2024-09-10,S00,0.25980725319322845
2024-09-11,S00,0.27560097670592804
2024-09-12,S00,0.2781434300557706
2024-09-13,S00,0.28150639622400225
2024-09-16,S00,0.2778448830903362
2024-09-17,S00,0.2900712277486013
2024-09-18,S00,0.29016462232981705
2024-09-19,S00,0.27855381744763863
2024-09-20,S00,0.2779011561678032
2024-09-23,S00,0.27832217646723534
2024-09-24,S00,0.2778562883693682
2024-09-25,S00,0.28042964060504777
2024-09-26,S00,0.2818024099106789
2024-09-27,S00,0.2805116417972028
2024-09-30,S00,0.2863799157777789
2024-10-01,S00,0.29044934104322695
2024-10-02,S00,0.28674103936317424
2024-10-03,S00,0.302433594065445
2024-10-04,S00,0.28307539537517923
2024-10-07,S00,0.28011192937225876
2024-10-08,S00,0.286153804245181
2024-10-09,S00,0.3029533933552125
2024-10-10,S00,0.3052310954558695
2024-10-11,S00,0.3137699801423301
2024-10-14,S00,0.33222212327291867
2024-10-15,S00,0.29568763694263706
2024-10-16,S00,0.3094884644554648
2024-10-17,S00,0.3146783185360325
2024-10-18,S00,0.29897244051070265
2024-10-21,S00,0.30780975183788006
2024-10-22,S00,0.3592095608371397
2024-10-23,S00,0.3436663589868145
2024-10-24,S00,0.4262087595551605
2024-10-25,S00,0.42885110116224
2024-10-28,S00,0.4504164029642277
2024-10-29,S00,0.4116556714210212
2024-10-30,S00,0.39068919763558224
2024-10-31,S00,0.26530942505106303
2024-11-01,S00,0.20928086169182325
2024-11-04,S00,0.17811360713779315
2024-11-05,S00,0.16020741853751416
2024-11-06,S00,-0.14603775169833952
2024-11-07,S00,-0.12609590551085154
2024-11-08,S00,-0.1250230899127864
2024-11-11,S00,-0.13706004068117253
2024-11-12,S00,-0.12658173440971296
2024-11-13,S00,-0.18776404824606338
2024-11-14,S00,-0.17739107264088458
2024-11-15,S00,-0.17230043911548992
2024-11-18,S00,-0.17745339911195734
2024-11-19,S00,-0.16217971503339124
2024-11-20,S00,-0.16271937989826255
2024-11-21,S00,-0.20318501013862872
2024-11-22,S00,-0.20282649013396137
2024-11-25,S00,-0.19498791497834106
2024-11-26,S00,-0.18767477869683621
2024-11-27,S00,-0.1942216560137317
2024-11-29,S00,-0.18842621672236293
2024-12-02,S00,-0.22792849941506607
2024-12-03,S00,-0.23551291750020958
2024-12-04,S00,-0.22321645844973265
2024-12-05,S00,-0.25727542425671734
2024-12-06,S00,-0.23920435551444663
2024-12-09,S00,-0.23329616329259698
2024-12-10,S00,-0.28460016980688696
2024-12-11,S00,-0.31987767139201384
2024-12-12,S00,-0.3503576432532754
2024-12-13,S00,-0.3502998975338914
2024-12-16,S00,-0.35571476974467764
2024-12-17,S00,-0.35696282382979483
2024-12-18,S00,-0.4340541323108609
2024-12-19,S00,-0.4304902717802658
2024-12-20,S00,-0.4276318446037729
2024-12-23,S00,-0.43343086744232145
2024-12-24,S00,-0.4012446889650615
2024-12-26,S00,-0.4012007392250351
2024-12-27,S00,-0.3820430650718156
2024-12-30,S00,-0.3754383720746853
2024-12-31,S00,-0.38077965312986467
2018-07-03,S07,0.07296624603149382
2018-07-05,S07,0.025038877082230303
2018-07-06,S07,-0.025039397813290565
2018-07-09,S07,-0.031621693500806916
2018-07-10,S07,-0.032445909355995235
2018-07-11,S07,-0.005779581377005734
2018-07-12,S07,-0.015578948285967186
2018-07-13,S07,-0.013694060959931476
2018-07-16,S07,-0.0011498996103231158
2018-07-17,S07,-0.02436328656681503
2018-07-18,S07,-0.021810409139532746
2018-07-19,S07,0.00375461984481748
2018-07-20,S07,0.020014753355033978
2018-07-23,S07,0.02281736351548021
2018-07-24,S07,0.02394848706200954
2018-07-25,S07,0.008199286739012036
2018-07-26,S07,-0.03509628387702606
2018-07-27,S07,0.02550698887278862
2018-07-30,S07,0.02721497077892342
2018-07-31,S07,0.003785737060100689
2018-08-01,S07,0.00635960918316234
2018-08-02,S07,0.03699784753785876
2018-08-03,S07,0.027785204956420846
2018-08-06,S07,0.018572705014469722
2018-08-07,S07,0.01665012741138142
2018-08-08,S07,0.01328696060733449
2018-08-09,S07,0.006083404401984309
2018-08-10,S07,0.029814440032727582
2018-08-13,S07,0.037162863140119136
2018-08-14,S07,-3.781085057438921e-05
2018-08-15,S07,0.0057540948689939805
2018-08-16,S07,-0.010044017936533662
2018-08-17,S07,-0.0169070252209525
2018-08-20,S07,-0.031091031501395895
2018-08-21,S07,-0.020616451999502426
2018-08-22,S07,-0.019236082704737558
2018-08-23,S07,-0.00921897362299193
2018-08-24,S07,-0.015809180706761933
2018-08-27,S07,0.04123135480219806
2018-08-28,S07,0.025529850127996613
2018-08-29,S07,0.01653226495925149
2018-08-30,S07,0.007643120787531138
2018-08-31,S07,0.000930830029839748
2018-09-04,S07,0.01574307023582551
2018-09-05,S07,-0.0379482884668136
2018-09-06,S07,-0.011315287565844642
2018-09-07,S07,-0.009874311247374791
2018-09-10,S07,-0.0140913821092826
2018-09-11,S07,-0.023488891163483305
2018-09-12,S07,-0.013435732582546166
2018-09-13,S07,-0.014103385194369286
2018-09-14,S07,-0.001581232875034573
2018-09-17,S07,0.03040679059833709
2018-09-18,S07,0.03503461818114549
2018-09-19,S07,0.0325656656229156
2018-09-20,S07,0.04030751633407985
2018-09-21,S07,0.043409216346125476
2018-09-24,S07,0.062360215914444614
2018-09-25,S07,0.05942052352424156
2018-09-26,S07,0.08707050593641565
2018-09-27,S07,0.08160316593320856
2018-09-28,S07,0.08098421501788784
2018-10-01,S07,0.07322458685727078
2018-10-02,S07,0.04444036108348752
2018-10-03,S07,0.047895420923671696
2018-10-04,S07,0.11239184093561314
2018-10-05,S07,0.09829374788888486
2018-10-08,S07,0.08901045115743239
2018-10-09,S07,0.09823183634867151
2018-10-10,S07,0.17323465402954102
2018-10-11,S07,0.05832493246608052
2018-10-12,S07,0.13548513649076258
2018-10-15,S07,0.15288032184089273
2018-10-16,S07,0.19190937101282718
2018-10-17,S07,0.19047159700681954
2018-10-18,S07,0.15579117893786754
2018-10-19,S07,0.15352529442397406
2018-10-22,S07,0.15326591483392096
2018-10-23,S07,0.1591072661263697
2018-10-24,S07,0.22185021850118558
2018-10-25,S07,0.2383313334400718
2018-10-26,S07,0.21820111198284245
2018-10-29,S07,0.2370304809572746
2018-10-30,S07,0.2338618057481182
2018-10-31,S07,0.23138187786270306
2018-11-01,S07,0.2605154783823666
2018-11-02,S07,0.2576039389391029
2018-11-05,S07,0.26388526690175235
2018-11-06,S07,0.2676097674748089
2018-11-07,S07,0.2714969330589794
2018-11-08,S07,0.27067064140879377
2018-11-09,S07,0.2827482074891337
2018-11-12,S07,0.3187686245667878
2018-11-13,S07,0.3218953501759889
2018-11-14,S07,0.33203206420248804
2018-11-15,S07,0.33552997602384915
2018-11-16,S07,0.32962313925622555
2018-11-19,S07,0.35722113225185176
2018-11-20,S07,0.3619802818188602
2018-11-21,S07,0.3650802856810835
2018-11-23,S07,0.37078167797683276
2018-11-26,S07,0.34426331501434254
2018-11-27,S07,0.34717201830474004
2018-11-28,S07,0.3632206549781702
2018-11-29,S07,0.36046324601878976
2018-11-30,S07,0.36196591810724854
2018-12-03,S07,0.3484094538488683
2018-12-04,S07,0.3616026854139288
2018-12-06,S07,0.3629206079322602
2018-12-07,S07,0.3445840291874038
2018-12-10,S07,0.3367654868139833
2018-12-11,S07,0.3377975406701838
2018-12-12,S07,0.34672912313831694
2018-12-13,S07,0.3436293933847251
2018-12-14,S07,0.3304828607163669
2018-12-17,S07,0.33134921905173786
2018-12-18,S07,0.33093284795769917
2018-12-19,S07,0.3460093867932904
2018-12-20,S07,0.34556800727248943
2018-12-21,S07,0.34477258558997415
2018-12-24,S07,0.31649283831770303
2018-12-26,S07,0.30688680525358836
2018-12-27,S07,0.2934360580780905
2018-12-28,S07,0.2899326280844836
2018-12-31,S07,0.2839782128662992
2019-01-02,S07,0.28858247828159905
2019-01-03,S07,0.29718787179945416
2019-01-04,S07,0.31135976707039725
2019-01-07,S07,0.289097699150414
2019-01-08,S07,0.2713281600989887
2019-01-09,S07,0.27221712403621556
2019-01-10,S07,0.2702297927502615
2019-01-11,S07,0.2414640226918326
2019-01-14,S07,0.29229493520055827
2019-01-15,S07,0.2801560510520344
2019-01-16,S07,0.2763405046149777
2019-01-17,S07,0.2451324397949581
2019-01-18,S07,0.24292589428885886
2019-01-22,S07,0.2624340220376519
2019-01-23,S07,0.26302436307572685
2019-01-24,S07,0.26417428107812596
2019-01-25,S07,0.2627316981653346
2019-01-28,S07,0.24012159577910344
2019-01-29,S07,0.21533678309641463
2019-01-30,S07,0.25240380472248564
2019-01-31,S07,0.251535224452315
2019-02-01,S07,0.2520769776655532
2019-02-04,S07,0.2381977504650191
2019-02-05,S07,0.22025561303687763
2019-02-06,S07,0.2245712073699163
2019-02-07,S07,0.22097185559432977
2019-02-08,S07,0.21670762696934195
2019-02-11,S07,0.20297864507479804
2019-02-12,S07,0.2170777556935236
2019-02-13,S07,0.20864383422449737
2019-02-14,S07,0.18753285358475377
2019-02-15,S07,0.19911458853096092
2019-02-19,S07,0.18509437301893997
2019-02-20,S07,0.18303997104989697
2019-02-21,S07,0.18275381532046314
2019-02-22,S07,0.13794750451729432
2019-02-25,S07,0.12254594940928933
2019-02-26,S07,0.1190966091603833
2019-02-27,S07,0.11327461877701642
2019-02-28,S07,0.12093999773098213
2019-03-01,S07,0.10714176937551226
2019-03-04,S07,0.08439362058334228
2019-03-05,S07,0.09025305503402564
2019-03-06,S07,0.0931116428817971
2019-03-07,S07,0.10841981804051976
2019-03-08,S07,0.12045218945584714
2019-03-11,S07,0.10575833107088564
2019-03-12,S07,0.12574302344626742
2019-03-13,S07,0.1273692300505413
2019-03-14,S07,0.12750989988083467
2019-03-15,S07,0.12617079170249612
2019-03-18,S07,0.12475522087348269
2019-03-19,S07,0.14605933183032158
2019-03-20,S07,0.13902412453840543
2019-03-21,S07,0.13311983984968756
2019-03-22,S07,0.14114837871311442
2019-03-25,S07,0.14922879546119314
2019-03-26,S07,0.16274826581867974
2019-03-27,S07,0.2357391655367182
2019-03-28,S07,0.22308552645088417
2019-03-29,S07,0.24992466734118562
2019-04-01,S07,0.28040126273595517
2019-04-02,S07,0.28455584058456296
2019-04-03,S07,0.2865197164326082
2019-04-04,S07,0.2755725492499906
2019-04-05,S07,0.22344311411128387
2019-04-08,S07,0.2620952016119635
2019-04-09,S07,0.27601971123377084
2019-04-10,S07,0.2932320230511731
2019-04-11,S07,0.2952703160041148
2019-04-12,S07,0.2873947939393177
2019-04-15,S07,0.28210995046403203
2019-04-16,S07,0.2597762415456011
2019-04-17,S07,0.2704993943645113
2019-04-18,S07,0.2834179055863453
2019-04-22,S07,0.2913316982918194
2019-04-23,S07,0.324710080736222
2019-04-24,S07,0.3251959259972309
2019-04-25,S07,0.32699793931898213
2019-04-26,S07,0.32424380434686706
2019-04-29,S07,0.29096939648323084
2019-04-30,S07,0.3008339359103318
2019-05-01,S07,0.2625519016119835
2019-05-02,S07,0.22399815318644292
2019-05-03,S07,0.23172699623718002
2019-05-06,S07,0.24988807000022834
2019-05-07,S07,0.24304702480244608
2019-05-08,S07,0.24057710872681165
2019-05-09,S07,0.24703776956668444
2019-05-10,S07,0.24334467759529596
2019-05-13,S07,0.23945664726433774
2019-05-14,S07,0.21023684254507702
2019-05-15,S07,0.20955484958164672
2019-05-16,S07,0.1773753084490554
2019-05-17,S07,0.15522883754993747
2019-05-20,S07,0.16525039038657555
2019-05-21,S07,0.18109856289080944
2019-05-22,S07,0.19510076035298946
2019-05-23,S07,0.21327402575557491
2019-05-24,S07,0.20547088058912855
2019-05-28,S07,0.23407796279682233
2019-05-29,S07,0.17800868612032617
2019-05-30,S07,0.16876564737921124
2019-05-31,S07,0.23762878938638546
2019-06-03,S07,0.21632771125926778
2019-06-04,S07,0.2874504310585657
2019-06-05,S07,0.218923995474845
2019-06-06,S07,0.20888129885662646
2019-06-07,S07,0.19804834102047938
2019-06-10,S07,0.22982133439778774
2019-06-11,S07,0.21643412597736764
2019-06-12,S07,0.22470145506370523
2019-06-13,S07,0.2279449951548046
2019-06-14,S07,0.21986063015448692
2019-06-17,S07,0.22124020110003775
2019-06-18,S07,0.232096694411162
2019-06-19,S07,0.22959148902667748
2019-06-20,S07,0.24655931147043558
2019-06-21,S07,0.196069786017582
2019-06-24,S07,0.19779483034401005
2019-06-25,S07,0.1861980871784516
2019-06-26,S07,0.1860750123879394
2019-06-27,S07,0.19488983657933076
2019-06-28,S07,0.1739365936920596
2019-07-01,S07,0.16463759935071934
2019-07-02,S07,0.16951314748366306
2019-07-03,S07,0.17460425095550863
2019-07-05,S07,0.1838938576056054
2019-07-08,S07,0.19250858937433718
2019-07-09,S07,0.193344543607691
2019-07-10,S07,0.20627183134202534
2019-07-11,S07,0.2022945012891253
2019-07-12,S07,0.2010788524232622
2019-07-15,S07,0.2055810221026403
2019-07-16,S07,0.20608321380544026
2019-07-17,S07,0.20954063344917162
2019-07-18,S07,0.20190136171485287
2019-07-19,S07,0.20104924566579954
2019-07-22,S07,0.2010340086047974
2019-07-23,S07,0.18461790685489618
2019-07-24,S07,0.16845185500619847
2019-07-25,S07,0.13254667722703659
2019-07-26,S07,0.12406859323071608
2019-07-29,S07,0.1251496109784908
2019-07-30,S07,0.11890460058421626
2019-07-31,S07,0.10269761079774942
2019-08-01,S07,0.08087618876330258
2019-08-02,S07,0.05856871142655238
2019-08-05,S07,0.02937141962396714
2019-08-06,S07,0.03627109606787635
2019-08-07,S07,0.034178328191910544
2019-08-08,S07,0.09085651786042506
2019-08-09,S07,0.09785295665340049
2019-08-12,S07,0.09875400077136963
2019-08-13,S07,0.12076773702266458
2019-08-14,S07,0.058848077506084215
2019-08-15,S07,0.07967842296043105
2019-08-16,S07,0.060705059301875475
2019-08-19,S07,0.03379934184686087
2019-08-20,S07,0.021095757403843476
2019-08-21,S07,0.019545063466082837
2019-08-22,S07,0.009190732387184193
2019-08-23,S07,0.03080540790869108
2019-08-26,S07,0.006653380828608033
2019-08-27,S07,0.03912523414626087
2019-08-28,S07,0.047470019460310695
2019-08-29,S07,0.0074974266430293925
2019-08-30,S07,0.016404815668730664
2019-09-03,S07,-0.04309594078986005
2019-09-04,S07,0.004044586805024202
2019-09-05,S07,-0.04918549696429873
2019-09-06,S07,-0.03536344327058423
2019-09-09,S07,-0.033166662123625706
2019-09-10,S07,-0.01920661070381153
2019-09-11,S07,-0.05009684653824705
2019-09-12,S07,-0.04355395135550442
2019-09-13,S07,-0.03986366224616056
2019-09-16,S07,-0.047681848540213206
2019-09-17,S07,-0.04840228351908982
2019-09-18,S07,-0.04905251187094635
2019-09-19,S07,-0.056234129042398114
2019-09-20,S07,-0.06733900599501098
2019-09-23,S07,-0.06753533610579911
2019-09-24,S07,-0.06206316639219363
2019-09-25,S07,-0.06877163173259493
2019-09-26,S07,-0.0737818367481159
2019-09-27,S07,-0.05982062996349138
2019-09-30,S07,-0.06524922430437065
2019-10-01,S07,-0.06225220262312248
2019-10-02,S07,-0.09156205778612203
2019-10-03,S07,-0.10885383123429793
2019-10-04,S07,-0.11737896004621771
2019-10-07,S07,-0.12116407109844028
2019-10-08,S07,-0.12506523358223143
2019-10-09,S07,-0.11316085665499215
2019-10-10,S07,-0.11426987923798892
2019-10-11,S07,-0.10639124076859796
2019-10-14,S07,-0.10653202520532158
2019-10-15,S07,-0.10337812522418934
2019-10-16,S07,-0.1038634413461777
2019-10-17,S07,-0.10579822544232753
2019-10-18,S07,-0.10960626204222541
2019-10-21,S07,-0.12018554540254803
2019-10-22,S07,-0.107237326668917
2019-10-23,S07,-0.09800497478668807
2019-10-24,S07,-0.08669992175454573
2019-10-25,S07,-0.09319855792971114
2019-10-28,S07,-0.10337941013259883
2019-10-29,S07,-0.09799558876695696
2019-10-30,S07,-0.07063946001833774
2019-10-31,S07,-0.05926105383138861
2019-11-01,S07,-0.043081279083111886
2019-11-04,S07,-0.05669728076886457
2019-11-05,S07,-0.05717566334499806
2019-11-06,S07,-0.10647875323263858
2019-11-07,S07,-0.11143480859930563
2019-11-08,S07,-0.11927707746099254
2019-11-11,S07,-0.14781283145784813
2019-11-12,S07,-0.1123642183237902
2019-11-13,S07,-0.11327525194345568
2019-11-14,S07,-0.11525215892889866
2019-11-15,S07,-0.10134265730435038
2019-11-18,S07,-0.09302479283082052
2019-11-19,S07,-0.09375689109174093
2019-11-20,S07,-0.08722476590490735
2019-11-21,S07,-0.10252562232469131
2019-11-22,S07,-0.10464335051645503
2019-11-25,S07,-0.10560335069978981
2019-11-26,S07,-0.11293007380399152
2019-11-27,S07,-0.11844871915250559
2019-11-29,S07,-0.11780018396501507
2019-12-02,S07,-0.1182702870989623
2019-12-03,S07,-0.1370967813909123
2019-12-04,S07,-0.0839948874831163
2019-12-05,S07,-0.0828892430676072
2019-12-06,S07,-0.08313961482821086
2019-12-09,S07,-0.10724709657659999
2019-12-10,S07,-0.06213752433372383
2019-12-11,S07,-0.07938966803530191
2019-12-12,S07,-0.06653451260946883
2019-12-13,S07,-0.050487008444697425
2019-12-16,S07,-0.06279977924322547
2019-12-17,S07,-0.06382064522725554
2019-12-18,S07,-0.05616551800702558
2019-12-19,S07,-0.04045773658445314
2019-12-20,S07,-0.04132940437489372
2019-12-23,S07,-0.05752143084716127
2019-12-24,S07,-0.05456260274381794
2019-12-26,S07,-0.06251599226622187
2019-12-27,S07,-0.08716615706205037
2019-12-30,S07,-0.0975826721148591
2019-12-31,S07,-0.12649975722236292
2020-01-02,S07,-0.06898506161780328
2020-01-03,S07,-0.02437905928023789
2020-01-06,S07,-0.013130298900957283
2020-01-07,S07,-0.001968032560358797
2020-01-08,S07,0.028163777586067727
2020-01-09,S07,0.0030898114345435136
2020-01-10,S07,0.0023804359716120527
2020-01-13,S07,-0.0335803596010377
2020-01-14,S07,-0.04777808456037192
2020-01-15,S07,-0.06837050467740309
2020-01-16,S07,-0.04123349454543884
2020-01-17,S07,-0.0381070616564873
2020-01-21,S07,-0.0068951477583584836
2020-01-22,S07,0.01283395818026663
2020-01-23,S07,-0.018345217627519964
2020-01-24,S07,0.06595579588352005
2020-01-27,S07,0.07061504845007342
2020-01-28,S07,0.07882491186722403
2020-01-29,S07,0.12726965896752837
2020-01-30,S07,0.11363460776545264
2020-01-31,S07,0.07880344924568278
2020-02-03,S07,0.009978406002503343
2020-02-04,S07,-0.05519071039352916
2020-02-05,S07,0.13704667259947448
2020-02-06,S07,0.13657314955472832
2020-02-07,S07,0.14637191760794627
2020-02-10,S07,0.14453429602811899
2020-02-11,S07,0.14614627808542974
2020-02-12,S07,0.16651728606377328
2020-02-13,S07,0.16555489011049035
2020-02-14,S07,0.16622012471759703
2020-02-18,S07,0.1737570242882896
2020-02-19,S07,0.17109331830781924
2020-02-20,S07,0.15842651043301753
2020-02-21,S07,0.14724029515931
2020-02-24,S07,0.10012653644895599
2020-02-25,S07,0.11471762420928655
2020-02-26,S07,0.11067380304512155
2020-02-27,S07,0.04806776985643342
2020-02-28,S07,0.04399594894781356
2020-03-02,S07,-0.10580807561528939
2020-03-03,S07,-0.10868855069812576
2020-03-04,S07,-0.19009852074789818
2020-03-05,S07,-0.11872797031757154
2020-03-06,S07,-0.10452402480236875
2020-03-09,S07,0.1323654096126193
2020-03-10,S07,0.09975083979680215
2020-03-11,S07,0.19736238280814727
2020-03-12,S07,0.3847005332231099
2020-03-13,S07,0.2534699418858525
2020-03-16,S07,0.4516285875770348
2020-03-17,S07,0.3278026668938526
2020-03-18,S07,0.420497141882901
2020-03-19,S07,0.3916362118048379
2020-03-20,S07,0.3337885653924383
2020-03-23,S07,0.3207727007228582
2020-03-24,S07,0.3650591447522225
2020-03-25,S07,0.37620000183160796
2020-03-26,S07,0.39457552731914686
2020-03-27,S07,0.3919025234767226
2020-03-30,S07,0.39860826268642563
2020-03-31,S07,0.39265173100782513
2020-04-01,S07,0.3928296714347254
2020-04-02,S07,0.39402226523296163
2020-04-03,S07,0.39615644930883886
2020-04-06,S07,0.42178966269664137
2020-04-07,S07,0.41850421050023456
2020-04-08,S07,0.4206270232899086
2020-04-09,S07,0.4238867639403075
2020-04-13,S07,0.4205584128796806
2020-04-14,S07,0.4237838777494494
2020-04-15,S07,0.42241642237137517
2020-04-16,S07,0.423566803561568
2020-04-17,S07,0.4246944774592316
2020-04-20,S07,0.42489198318136867
2020-04-21,S07,0.42279646434087625
2020-04-22,S07,0.42220465320141765
2020-04-23,S07,0.4221235560572319
2020-04-24,S07,0.4178176155544116
2020-04-27,S07,0.4149426756919553
2020-04-28,S07,0.41526425374759507
2020-04-29,S07,0.3886750449153231
2020-04-30,S07,0.3857293685324212
2020-05-01,S07,0.3667715100248759
2020-05-04,S07,0.37137034233435395
2020-05-05,S07,0.37597277764401055
2020-05-06,S07,0.37516972542985205
2020-05-07,S07,0.3748144114141372
2020-05-08,S07,0.3732614671202472
2020-05-11,S07,0.3740896235185391
2020-05-12,S07,0.36819344070285237
2020-05-13,S07,0.36264059484711936
2020-05-14,S07,0.36455599604314365
2020-05-15,S07,0.36530889385670284
2020-05-18,S07,0.37264370108644296
2020-05-19,S07,0.37296758403642355
2020-05-20,S07,0.37305786715038924
2020-05-21,S07,0.37345873501211196
2020-05-22,S07,0.3756086419950551
2020-05-26,S07,0.3661847388534272
2020-05-27,S07,0.3621508565640067
2020-05-28,S07,0.3646245632272005
2020-05-29,S07,0.365216519038969
2020-06-01,S07,0.38699427352672877
2020-06-02,S07,0.3873243076415647
2020-06-03,S07,0.4004223837196232
2020-06-04,S07,0.3937861629298079
2020-06-05,S07,0.37656736555277426
2020-06-08,S07,0.33437873983339267
2020-06-09,S07,0.3293002693153268
2020-06-10,S07,0.2956590711721434
2020-06-11,S07,0.20639682117236477
2020-06-12,S07,0.24623343253225724
2020-06-15,S07,0.11803172539340052
2020-06-16,S07,0.18394061980190568
2020-06-17,S07,0.05051276991279777
2020-06-18,S07,0.007800689894611211
2020-06-19,S07,0.06779236228537784
2020-06-22,S07,0.07891592828665944
2020-06-23,S07,-0.0017569336248106913
2020-06-24,S07,-0.03564216435597642
2020-06-25,S07,-0.09365423468435673
2020-06-26,S07,-0.10752056536463783
2020-06-29,S07,-0.12190028870737844
2020-06-30,S07,-0.11379515547892169
2020-07-01,S07,-0.14745417838832175
2020-07-02,S07,-0.14983534552603997
2020-07-06,S07,-0.1906302191675079
2020-07-07,S07,-0.32020147580457015
2020-07-08,S07,-0.3265258936323915
2020-07-09,S07,-0.3465123647789323
2020-07-10,S07,-0.3639336794464445
2020-07-13,S07,-0.3668710756140783
2020-07-14,S07,-0.39102088487768005
2020-07-15,S07,-0.38929182728142836
2020-07-16,S07,-0.3869825793077533
2020-07-17,S07,-0.4047321277264849
2020-07-20,S07,-0.41437096195790474
2020-07-21,S07,-0.43476420115572967
2020-07-22,S07,-0.44238244708613733
2020-07-23,S07,-0.43338076596938935
2020-07-24,S07,-0.42896372645542763
2020-07-27,S07,-0.4229874942975969
2020-07-28,S07,-0.4247273857765096
2020-07-29,S07,-0.3918319297531533
2020-07-30,S07,-0.38270537310676905
2020-07-31,S07,-0.33953686576331854
2020-08-03,S07,-0.3419349302805809
2020-08-04,S07,-0.3452007941091242
2020-08-05,S07,-0.35448485531629387
2020-08-06,S07,-0.3552321351540048
2020-08-07,S07,-0.35619588432080324
2020-08-10,S07,-0.35759197841821116
2020-08-11,S07,-0.339543696565236
2020-08-12,S07,-0.3063732064089022
2020-08-13,S07,-0.32053541016818543
2020-08-14,S07,-0.3196243302767941
2020-08-17,S07,-0.3874121181021078
2020-08-18,S07,-0.3910532644147032
2020-08-19,S07,-0.40113718497195355
2020-08-20,S07,-0.40811003341983104
2020-08-21,S07,-0.40821403850511706
2020-08-24,S07,-0.38404517484190515
2020-08-25,S07,-0.37636090121530386
2020-08-26,S07,-0.38185716665271924
2020-08-27,S07,-0.38543232610538447
2020-08-28,S07,-0.3851028278621599
2020-08-31,S07,-0.3805352165937205
2020-09-01,S07,-0.370290703481549
2020-09-02,S07,-0.37501966369218176
2020-09-03,S07,-0.317806313687382
2020-09-04,S07,-0.30203686907470406
2020-09-08,S07,-0.13572818066359243
2020-09-09,S07,-0.06134104232401883
2020-09-10,S07,0.08425475466788106
2020-09-11,S07,0.10984081866563113
2020-09-14,S07,0.10314095265371165
2020-09-15,S07,0.08686411476975966
2020-09-16,S07,0.09320264876106185
2020-09-17,S07,0.08540379351375246
2020-09-18,S07,0.10789819930500064
2020-09-21,S07,0.07713131261645438
2020-09-22,S07,0.0812579957543697
2020-09-23,S07,0.008889394333493133
2020-09-24,S07,0.01708254309420173
2020-09-25,S07,0.06101626950114658
2020-09-28,S07,0.0625592675729802
2020-09-29,S07,0.06803340151103067
2020-09-30,S07,0.06759267329361746
2020-10-01,S07,0.06990150374069798
2020-10-02,S07,0.1525398732381236
2020-10-05,S07,0.1539164575669649
2020-10-06,S07,0.16532896411036652
2020-10-07,S07,0.16583966162048808
2020-10-08,S07,0.17789955313847688
2020-10-09,S07,0.23104270505156016
2020-10-12,S07,0.23902726833950858
2020-10-13,S07,0.22317421169426896
2020-10-14,S07,0.21720992699719743
2020-10-15,S07,0.2175381255787222
2020-10-16,S07,0.21775897340454295
2020-10-19,S07,0.21515412662730077
2020-10-20,S07,0.21498280045143306
2020-10-21,S07,0.2114435467836076
2020-10-22,S07,0.20991545748276846
2020-10-23,S07,0.20621177902140198
2020-10-26,S07,0.18094489647062684
2020-10-27,S07,0.18321904984051424
2020-10-28,S07,0.20726372028733828
2020-10-29,S07,0.20460321891671823
2020-10-30,S07,0.2018840394665124
2020-11-02,S07,0.19434977971468972
2020-11-03,S07,0.19199749101707222
2020-11-04,S07,0.22487777078727808
2020-11-05,S07,0.23053052207301084
2020-11-06,S07,0.23149148109866116
2020-11-09,S07,0.2328672982161035
2020-11-10,S07,0.20613432292556827
2020-11-11,S07,0.231924024833178
2020-11-12,S07,0.21640526209435584
2020-11-13,S07,0.1806307173362531
2020-11-16,S07,0.15149321848892947
2020-11-17,S07,0.13897008651639434
2020-11-18,S07,0.10864395749087952
2020-11-19,S07,0.11040373539155192
2020-11-20,S07,0.10420691569502427
2020-11-23,S07,0.08823442375252301
2020-11-24,S07,0.0967088266254275
2020-11-25,S07,0.09643773054892993
2020-11-27,S07,0.0985965537524643
2020-11-30,S07,0.09244979655773823
2020-12-01,S07,0.10745122001473471
2020-12-02,S07,0.0989242196392253
2020-12-03,S07,0.10594204675750966
2020-12-04,S07,0.10672798826082276
2020-12-07,S07,-0.04027260592132857
2020-12-08,S07,-0.09841263761082293
2020-12-09,S07,-0.10405395690494872
2020-12-10,S07,-0.1019336448733034
2020-12-11,S07,-0.09170377814902864
2020-12-14,S07,-0.08391244296890497
2020-12-15,S07,-0.10392769429886876
2020-12-16,S07,-0.10071544683834925
2020-12-17,S07,-0.14156691517950806
2020-12-18,S07,-0.11151067560617814
2020-12-21,S07,-0.11198027537216829
2020-12-22,S07,-0.02728755652554066
2020-12-23,S07,-0.03121454340358737
2020-12-24,S07,-0.043120580825641804
2020-12-28,S07,-0.03987246141125843
2020-12-29,S07,-0.0496493091095511
2020-12-30,S07,-0.05027252859723752
2020-12-31,S07,-0.05310179184145256
2021-01-04,S07,-0.03986286080921918
2021-01-05,S07,-0.04344877986804113
2021-01-06,S07,-0.056482044039405654
2021-01-07,S07,-0.05907610565656
2021-01-08,S07,-0.058355600468608874
2021-01-11,S07,-0.05470106147492056
2021-01-12,S07,-0.05154260194036233
2021-01-13,S07,-0.046724395400272296
2021-01-14,S07,-0.03299714250083364
2021-01-15,S07,-0.05391560457580608
2021-01-19,S07,-0.07241953604931481
2021-01-20,S07,-0.07583027398582173
2021-01-21,S07,-0.07510634783292193
2021-01-22,S07,-0.07610224538098873
2021-01-25,S07,-0.07705544740202529
2021-01-26,S07,-0.07078909571542083
2021-01-27,S07,-0.00024289968346473425
2021-01-28,S07,0.042502156537135086
2021-01-29,S07,0.006641436761256817
2021-02-01,S07,0.036063208031399625
2021-02-02,S07,0.09140253001129682
2021-02-03,S07,0.09774098069053606
2021-02-04,S07,0.10873154827541594
2021-02-05,S07,0.07218989738771502
2021-02-08,S07,0.050017679407907745
2021-02-09,S07,0.045556200190211886
2021-02-10,S07,0.03421141550899051
2021-02-11,S07,0.043186804471623506
2021-02-12,S07,0.021530153959290612
2021-02-16,S07,0.04140606353232278
2021-02-17,S07,0.08410932373870762
2021-02-18,S07,0.1300203646605835
2021-02-19,S07,0.13103237206196214
2021-02-22,S07,0.2111513959253502
2021-02-23,S07,0.21332770657905226
2021-02-24,S07,0.20813502509921433
2021-02-25,S07,0.26706663143939774
2021-02-26,S07,0.25415716541528277
2021-03-01,S07,0.2921470778612139
2021-03-02,S07,0.3065238730639088
2021-03-03,S07,0.3521438499308707
2021-03-04,S07,0.33662016037569487
2021-03-05,S07,0.3084140893370287
2021-03-08,S07,0.31624205088172397
2021-03-09,S07,0.36035716167370174
2021-03-10,S07,0.35951588204265905
2021-03-11,S07,0.3567588520477096
2021-03-12,S07,0.38220512284025643
2021-03-15,S07,0.38897776092556785
2021-03-16,S07,0.3890144984156069
2021-03-17,S07,0.38664789173117703
2021-03-18,S07,0.40547530196717024
2021-03-19,S07,0.40477571601492146
2021-03-22,S07,0.39465571615077966
2021-03-23,S07,0.4009539487640768
2021-03-24,S07,0.4049702599204147
2021-03-25,S07,0.4075473734534784
2021-03-26,S07,0.4083210735732641
2021-03-29,S07,0.4083254011075765
2021-03-30,S07,0.3971951289817898
2021-03-31,S07,0.39929403054304663
2021-04-01,S07,0.39644425924089255
2021-04-05,S07,0.38434192352754604
2021-04-06,S07,0.3779893069934177
2021-04-07,S07,0.376666694663517
2021-04-08,S07,0.36879323664500224
2021-04-09,S07,0.3687290847788803
2021-04-12,S07,0.3688630916104207
2021-04-13,S07,0.3632308059241769
2021-04-14,S07,0.3513235973813769
2021-04-15,S07,0.33292560950788663
2021-04-16,S07,0.32885290925559885
2021-04-19,S07,0.346042540826656
2021-04-20,S07,0.3703341065406194
2021-04-21,S07,0.3801430970884226
2021-04-22,S07,0.37862568140926883
2021-04-23,S07,0.37611779566979336
2021-04-26,S07,0.3872883970176017
2021-04-27,S07,0.38542743237158467
2021-04-28,S07,0.3740403735542908
2021-04-29,S07,0.3728417231176093
2021-04-30,S07,0.3609806719003035
2021-05-03,S07,0.3409310030128669
2021-05-04,S07,0.296654826993362
2021-05-05,S07,0.2952096395711042
2021-05-06,S07,0.2963948383025182
2021-05-07,S07,0.3032926468835314
2021-05-10,S07,0.32306258958878425
2021-05-11,S07,0.31079446018114626
2021-05-12,S07,0.3153577562922141
2021-05-13,S07,0.3105647849683648
2021-05-14,S07,0.3200083722394233
2021-05-17,S07,0.3196288738844896
2021-05-18,S07,0.31498786046628313
2021-05-19,S07,0.31607743068276734
2021-05-20,S07,0.3419644279965843
2021-05-21,S07,0.32950372561956404
2021-05-24,S07,0.33078777558311184
2021-05-25,S07,0.33108309187651774
2021-05-26,S07,0.3086096585576132
2021-05-27,S07,0.3363308216948676
2021-05-28,S07,0.29695998747713226
2021-06-01,S07,0.28025966688244286
2021-06-02,S07,0.22705334324599152
2021-06-03,S07,0.23522222159369416
2021-06-04,S07,0.2806096664633179
2021-06-07,S07,0.2622694079307435
2021-06-08,S07,0.1587392654693359
2021-06-09,S07,0.16220701454204578
2021-06-10,S07,0.1712048174456148
2021-06-11,S07,0.16931163106623373
2021-06-14,S07,0.15365189464994042
2021-06-15,S07,0.14300067526021507
2021-06-16,S07,0.13956889228418434
2021-06-17,S07,0.11631854408388739
2021-06-18,S07,0.1618673440943913
2021-06-21,S07,0.20871135913014188
2021-06-22,S07,0.17936168462945223
2021-06-23,S07,0.16896378847262936
2021-06-24,S07,0.16156765599066802
2021-06-25,S07,0.15481371345309314
2021-06-28,S07,0.1526263599671691
2021-06-29,S07,0.1606430274978409
2021-06-30,S07,0.15777905904292028
2021-07-01,S07,0.15417611488188523
2021-07-02,S07,0.1815427689068823
2021-07-06,S07,0.18518008182745696
2021-07-07,S07,0.16515807671282765
2021-07-08,S07,0.17197915941572414
2021-07-09,S07,0.20812393067945129
2021-07-12,S07,0.20130944056136663
2021-07-13,S07,0.21491605647051049
2021-07-14,S07,0.2340725713624217
2021-07-15,S07,0.27961836410781554
2021-07-16,S07,0.2767448343196247
2021-07-19,S07,0.23331080319182582
2021-07-20,S07,0.29500243083916344
2021-07-21,S07,0.29727225886992525
2021-07-22,S07,0.29778572549654686
2021-07-23,S07,0.28500805858667877
2021-07-26,S07,0.28660076745849705
2021-07-27,S07,0.28998776336213883
2021-07-28,S07,0.2835015419757233
2021-07-29,S07,0.2620145817524094
2021-07-30,S07,0.29798520516900523
2021-08-02,S07,0.29549226683348473
2021-08-03,S07,0.3083060800088335
2021-08-04,S07,0.31661899123010623
2021-08-05,S07,0.3386647145138935
2021-08-06,S07,0.3300569469383189
2021-08-09,S07,0.328595692323325
2021-08-10,S07,0.3509871555478045
2021-08-11,S07,0.35654209858474567
2021-08-12,S07,0.3629089749889423
2021-08-13,S07,0.3439822133122316
2021-08-16,S07,0.34854563635872066
2021-08-17,S07,0.35563060402113666
2021-08-18,S07,0.32369923107776755
2021-08-19,S07,0.32896946837568003
2021-08-20,S07,0.3189279188556799
2021-08-23,S07,0.31406142425286177
2021-08-24,S07,0.3151684695741283
2021-08-25,S07,0.31439991210715124
2021-08-26,S07,0.31160787544424184
2021-08-27,S07,0.3095083042020911
2021-08-30,S07,0.3091212968931475
2021-08-31,S07,0.31384265383097937
2021-09-01,S07,0.3027281238247897
2021-09-02,S07,0.2721640219394728
2021-09-03,S07,0.27022625991200483
2021-09-07,S07,0.2825218710811015
2021-09-08,S07,0.274354808501596
2021-09-09,S07,0.26390147658438023
2021-09-10,S07,0.2504213319800385
2021-09-13,S07,0.2502968841252941
2021-09-14,S07,0.24025215009952275
2021-09-15,S07,0.23802796613874774
2021-09-16,S07,0.23055909828415383
2021-09-17,S07,0.1751707401289662
2021-09-20,S07,0.11445691327742834
2021-09-21,S07,0.1271262905639038
2021-09-22,S07,0.09438000374957618
2021-09-23,S07,0.10592044977473385
2021-09-24,S07,0.10388871927213174
2021-09-27,S07,0.11494087544274252
2021-09-28,S07,0.16272310843787327
2021-09-29,S07,0.16276911888643672
2021-09-30,S07,0.11167783762101449
2021-10-01,S07,0.07822339502872576
2021-10-04,S07,0.1406440133546953
2021-10-05,S07,0.16756298138859863
2021-10-06,S07,0.16967658364876154
2021-10-07,S07,0.13883442375582875
2021-10-08,S07,0.14912400320803254
2021-10-11,S07,0.161588911888206
2021-10-12,S07,0.17010078169125278
2021-10-13,S07,0.16599131581906287
2021-10-14,S07,0.1886352553825451
2021-10-15,S07,0.2316207699069632
2021-10-18,S07,0.1479373976437821
2021-10-19,S07,0.13185151740244844
2021-10-20,S07,0.13082580690125145
2021-10-21,S07,0.13437940512051608
2021-10-22,S07,0.13194289761204725
2021-10-25,S07,0.11855090408007249
2021-10-26,S07,0.1232095017661722
2021-10-27,S07,0.12503029645572927
2021-10-28,S07,0.11459201961167333
2021-10-29,S07,0.11452148703550526
2021-11-01,S07,0.1167916806254822
2021-11-02,S07,0.10798715986777448
2021-11-03,S07,0.059912451445857336
2021-11-04,S07,0.06047803704437501
2021-11-05,S07,0.06555590973033197
2021-11-08,S07,0.06425350665519237
2021-11-09,S07,0.04581964653995166
2021-11-10,S07,0.04808070854510017
2021-11-11,S07,0.0477730293448972
2021-11-12,S07,0.05423429875305882
2021-11-15,S07,0.06028977656249146
2021-11-16,S07,0.08171969643223424
2021-11-17,S07,0.08105471712113413
2021-11-18,S07,0.0857255260663901
2021-11-19,S07,0.08412525554379205
2021-11-22,S07,0.09975723751810976
2021-11-23,S07,0.09515953407874932
2021-11-24,S07,0.09784677211412696
2021-11-26,S07,0.08099063374063696
2021-11-29,S07,0.04836688801344804
2021-11-30,S07,0.047534464232700434
2021-12-01,S07,0.09998811891829276
2021-12-02,S07,0.13834169168395358
2021-12-03,S07,0.17264766117453256
2021-12-06,S07,0.14635466674140057
2021-12-07,S07,0.24029592280830703
2021-12-08,S07,0.24462077053003153
2021-12-09,S07,0.27008219071021344
2021-12-10,S07,0.27591270301949494
2021-12-13,S07,0.2911941632839458
2021-12-14,S07,0.2927192636561439
2021-12-15,S07,0.314663586235938
2021-12-16,S07,0.35099878764441156
2021-12-17,S07,0.3660423019043405
2021-12-20,S07,0.36473653548745444
2021-12-21,S07,0.40163549239429125
2021-12-22,S07,0.40042414174877977
2021-12-23,S07,0.40263744282902575
2021-12-27,S07,0.4165794139259043
2021-12-28,S07,0.40407942740757996
2021-12-29,S07,0.404077410856086
2021-12-30,S07,0.4506337980075799
2021-12-31,S07,0.48369185571854906
2022-01-03,S07,0.44819689228884424
2022-01-04,S07,0.4447042601099438
2022-01-05,S07,0.4407234282851598
2022-01-06,S07,0.43802097260822
2022-01-07,S07,0.4419222261450923
2022-01-10,S07,0.42441110613710065
2022-01-11,S07,0.4255982613959993
2022-01-12,S07,0.42545718924996706
2022-01-13,S07,0.4385406685801937
2022-01-14,S07,0.43952237463717836
2022-01-18,S07,0.4636573694100793
2022-01-19,S07,0.4132752696375573
2022-01-20,S07,0.37886652030946427
2022-01-21,S07,0.37083052277760453
2022-01-24,S07,0.37481127374213513
2022-01-25,S07,0.3749072875251561
2022-01-26,S07,0.3761371277868896
2022-01-27,S07,0.37612619056647095
2022-01-28,S07,0.37866476478103517
2022-01-31,S07,0.41345565943940765
2022-02-01,S07,0.4151618297354869
2022-02-02,S07,0.4274208828366572
2022-02-03,S07,0.4470881917821273
2022-02-04,S07,0.4402975005580186
2022-02-07,S07,0.43914602291417204
2022-02-08,S07,0.4219398161414156
2022-02-09,S07,0.44187128772162554
2022-02-10,S07,0.4489985436605685
2022-02-11,S07,0.45513373684041997
2022-02-14,S07,0.4501841652467956
2022-02-15,S07,0.3879596261909983
2022-02-16,S07,0.38316021383865023
2022-02-17,S07,0.35414779380522116
2022-02-18,S07,0.34262672054215665
2022-02-22,S07,0.3428890310113336
2022-02-23,S07,0.3383238614870804
2022-02-24,S07,0.35941014044555086
2022-02-25,S07,0.3413679567059304
2022-02-28,S07,0.3544763022892362
2022-03-01,S07,0.38087446280914505
2022-03-02,S07,0.38971733992660207
2022-03-03,S07,0.37879196804652837
2022-03-04,S07,0.37291238616371
2022-03-07,S07,0.39831093067439427
2022-03-08,S07,0.3219093592564581
2022-03-09,S07,0.27058924399987117
2022-03-10,S07,0.26863733474609736
2022-03-11,S07,0.2540646489836036
2022-03-14,S07,0.2508658604664936
2022-03-15,S07,0.25695002034637987
2022-03-16,S07,0.26720458971173294
2022-03-17,S07,0.25751247007495787
2022-03-18,S07,0.23628533196871584
2022-03-21,S07,0.24048710522253616
2022-03-22,S07,0.24122025266660266
2022-03-23,S07,0.23056036761540907
2022-03-24,S07,0.21929695237438274
2022-03-25,S07,0.2181280903761418
2022-03-28,S07,0.18590809171898334
2022-03-29,S07,0.19996412360074906
2022-03-30,S07,0.20581546146736474
2022-03-31,S07,0.2143824253229912
2022-04-01,S07,0.20673427373413633
2022-04-04,S07,0.18883235004015647
2022-04-05,S07,0.20294923280211188
2022-04-06,S07,0.20166097387765528
2022-04-07,S07,0.19881907739063048
2022-04-08,S07,0.19581532948881292
2022-04-11,S07,0.17750784441239514
2022-04-12,S07,0.17712175580919517
2022-04-13,S07,0.18328541210088234
2022-04-14,S07,0.15940974287431528
2022-04-18,S07,0.16089501509545176
2022-04-19,S07,0.12824663750686113
2022-04-20,S07,0.14744177366282213
2022-04-21,S07,0.16316361294355983
2022-04-22,S07,0.12930411115029294
2022-04-25,S07,0.13012199137938413
2022-04-26,S07,0.12945911143627528
2022-04-27,S07,0.1306775591850051
2022-04-28,S07,0.11112129222979555
2022-04-29,S07,0.09330275417076245
2022-05-02,S07,0.0623863838440299
2022-05-03,S07,0.06407949776001505
2022-05-04,S07,0.053596032705098086
2022-05-05,S07,0.03907441749145172
2022-05-06,S07,0.04351658156128937
2022-05-09,S07,0.0686068560276468
2022-05-10,S07,0.08828740497348407
2022-05-11,S07,0.07473204591271788
2022-05-12,S07,0.06463532624072038
2022-05-13,S07,0.08511561531730377
2022-05-16,S07,0.08669656208799795
2022-05-17,S07,0.12439865862226027
2022-05-18,S07,0.13747127136373288
2022-05-19,S07,0.14243862283915443
2022-05-20,S07,0.14941982456890207
2022-05-23,S07,0.16678704927540033
2022-05-24,S07,0.17314907846217711
2022-05-25,S07,0.1753561348271213
2022-05-26,S07,0.1756978088660555
2022-05-27,S07,0.18727984537359152
2022-05-31,S07,0.17585702266661338
2022-06-01,S07,0.17477913099510228
2022-06-02,S07,0.17296652437044457
2022-06-03,S07,0.15425378296201817
2022-06-06,S07,0.10928501123199491
2022-06-07,S07,0.18923288608819536
2022-06-08,S07,0.19459102621771118
2022-06-09,S07,0.20730116625943765
2022-06-10,S07,0.19240596512909797
2022-06-13,S07,0.23866745269904993
2022-06-14,S07,0.2272138721983684
2022-06-15,S07,0.2110019291627747
2022-06-16,S07,0.2578559003115992
2022-06-17,S07,0.2709704238209525
2022-06-21,S07,0.2049058606142104
2022-06-22,S07,0.19936240938967506
2022-06-23,S07,0.16449567532829884
2022-06-24,S07,0.21337398936653598
2022-06-27,S07,0.20810448738578918
2022-06-28,S07,0.20222318231018488
2022-06-29,S07,0.1871013837996082
2022-06-30,S07,0.1866589502071347
2022-07-01,S07,0.1800764744234533
2022-07-05,S07,0.1923758806954232
2022-07-06,S07,0.1933802165899312
2022-07-07,S07,0.20701521614591964
2022-07-08,S07,0.20245708656376585
2022-07-11,S07,0.2093629394227635
2022-07-12,S07,0.19332850333039545
2022-07-13,S07,0.20545856116049596
2022-07-14,S07,0.20315708288186535
2022-07-15,S07,0.2042695779628418
2022-07-18,S07,0.20088913199902106
2022-07-19,S07,0.20051721126663175
2022-07-20,S07,0.20947806666143307
2022-07-21,S07,0.19392201974597148
2022-07-22,S07,0.19446720444832136
2022-07-25,S07,0.21703479457871808
2022-07-26,S07,0.21593362722091453
2022-07-27,S07,0.21894112604846122
2022-07-28,S07,0.21894225541779533
2022-07-29,S07,0.24675970019373622
2022-08-01,S07,0.252864924429064
2022-08-02,S07,0.2390738412886236
2022-08-03,S07,0.23148685200976774
2022-08-04,S07,0.236288263707374
2022-08-05,S07,0.2373165804471766
2022-08-08,S07,0.23480507076170457
2022-08-09,S07,0.2048201863271105
2022-08-10,S07,0.20484042519182405
2022-08-11,S07,0.20860784784625117
2022-08-12,S07,0.20676160119347683
2022-08-15,S07,0.17869518273160517
2022-08-16,S07,0.17404292709607555
2022-08-17,S07,0.1740449227644915
2022-08-18,S07,0.16001800818895337
2022-08-19,S07,0.17479272911308055
2022-08-22,S07,0.1784370092715215
2022-08-23,S07,0.14979591805458115
2022-08-24,S07,0.14021666071353941
2022-08-25,S07,0.13521918843507952
2022-08-26,S07,0.12934497085439461
2022-08-29,S07,0.11274101107193338
2022-08-30,S07,0.10740366407716398
2022-08-31,S07,0.10128077698871252
2022-09-01,S07,0.0983848557784226
2022-09-02,S07,0.10672437022172286
2022-09-06,S07,0.11036377293538642
2022-09-07,S07,0.09968099176419505
2022-09-08,S07,0.09654395573705259
2022-09-09,S07,0.08506712849315372
2022-09-12,S07,0.1092993991665264
2022-09-13,S07,0.0860110472013912
2022-09-14,S07,0.07790047891667783
2022-09-15,S07,0.07620698664690843
2022-09-16,S07,-0.015463552936887153
2022-09-19,S07,-0.01963193225721739
2022-09-20,S07,0.07501681398161301
2022-09-21,S07,0.05637375343045034
2022-09-22,S07,0.10453661309011883
2022-09-23,S07,-0.007159134781496237
2022-09-26,S07,0.007181075358573016
2022-09-27,S07,0.0451965771655996
2022-09-28,S07,0.03370342478449895
2022-09-29,S07,0.03976826734603601
2022-09-30,S07,0.051890826416635435
2022-10-03,S07,0.03473670840699499
2022-10-04,S07,0.03443808641099656
2022-10-05,S07,-0.01816457377097628
2022-10-06,S07,0.015728239651389735
2022-10-07,S07,0.05489831476492146
2022-10-10,S07,0.09730204920668306
2022-10-11,S07,0.10404289097161075
2022-10-12,S07,0.10580694821387295
2022-10-13,S07,0.08262273188294032
2022-10-14,S07,0.14152684775240446
2022-10-17,S07,0.19023768138885497
2022-10-18,S07,0.19485864769394676
2022-10-19,S07,0.22258053329388072
2022-10-20,S07,0.22434013010619047
2022-10-21,S07,0.18391513737756865
2022-10-24,S07,0.18421881247503216
2022-10-25,S07,0.20824990561150616
2022-10-26,S07,0.20045729316620856
2022-10-27,S07,0.19259419586928006
2022-10-28,S07,0.21836032769343755
2022-10-31,S07,0.2452668272351917
2022-11-01,S07,0.23934782992969483
2022-11-02,S07,0.21282759213075747
2022-11-03,S07,0.22186401712136158
2022-11-04,S07,0.19740985523234986
2022-11-07,S07,0.1992143315952554
2022-11-08,S07,0.20714653156488502
2022-11-09,S07,0.22005903139810928
2022-11-10,S07,0.23995001632517177
2022-11-11,S07,0.229332129894168
2022-11-14,S07,0.22271435303792167
2022-11-15,S07,0.23459510988742224
2022-11-16,S07,0.22808052794859116
2022-11-17,S07,0.2279780268143611
2022-11-18,S07,0.22955968319093292
2022-11-21,S07,0.2352591520958409
2022-11-22,S07,0.22147027658604515
2022-11-23,S07,0.21726042595059714
2022-11-25,S07,0.24363163226558712
2022-11-28,S07,0.23958487066826256
2022-11-29,S07,0.2528755635278996
2022-11-30,S07,0.28649047990211585
2022-12-01,S07,0.2839224727146143
2022-12-02,S07,0.29456516775189545
2022-12-05,S07,0.2862572997427891
2022-12-06,S07,0.2607712670132461
2022-12-07,S07,0.2548191490324855
2022-12-08,S07,0.2510037817166004
2022-12-09,S07,0.24674090554475792
2022-12-12,S07,0.1941809708650646
2022-12-13,S07,0.2002488512242212
2022-12-14,S07,0.19894861996923113
2022-12-15,S07,0.21412208270817018
2022-12-16,S07,0.2162389910335676
2022-12-19,S07,0.20093634836555374
2022-12-20,S07,0.22279121904984694
2022-12-21,S07,0.20435747214459415
2022-12-22,S07,0.24688868899564267
2022-12-23,S07,0.24028150301065845
2022-12-27,S07,0.24342869302050196
2022-12-28,S07,0.2346868149758285
2022-12-29,S07,0.23718776641799844
2022-12-30,S07,0.22791238071299327
2023-01-03,S07,0.2445326277900952
2023-01-04,S07,0.2396350351027513
2023-01-05,S07,0.2411482639550421
2023-01-06,S07,0.24362007556968962
2023-01-09,S07,0.21714597384123407
2023-01-10,S07,0.20687342541862264
2023-01-11,S07,0.19356444841690923
2023-01-12,S07,0.18511698721130443
2023-01-13,S07,0.1962757097187898
2023-01-17,S07,0.15053229100324986
2023-01-18,S07,0.08766747450099957
2023-01-19,S07,0.09330769656416685
2023-01-20,S07,0.06631718537380349
2023-01-23,S07,0.04395532513523623
2023-01-24,S07,0.06691438552826491
2023-01-25,S07,0.06638697125276953
2023-01-26,S07,-0.007989783294139156
2023-01-27,S07,-0.0058222752226659595
2023-01-30,S07,-0.03949328825284949
2023-01-31,S07,-0.0893119198437183
2023-02-01,S07,-0.11127323165667499
2023-02-02,S07,-0.1107262658499037
2023-02-03,S07,-0.09250926266314277
2023-02-06,S07,-0.12375611403442052
2023-02-07,S07,-0.10674758861497294
2023-02-08,S07,-0.11647237269304495
2023-02-09,S07,-0.1193243055725254
2023-02-10,S07,-0.14504982177399
2023-02-13,S07,-0.22801090152197723
2023-02-14,S07,-0.21684031864354564
2023-02-15,S07,-0.18980097480277955
2023-02-16,S07,-0.20596630327822738
2023-02-17,S07,-0.20112558610462186
2023-02-21,S07,-0.24189015055738006
2023-02-22,S07,-0.24751139565678174
2023-02-23,S07,-0.24349782970761003
2023-02-24,S07,-0.24033023731228434
2023-02-27,S07,-0.24865319295382168
2023-02-28,S07,-0.25083721245350776
2023-03-01,S07,-0.25774019962966743
2023-03-02,S07,-0.25306542898604406
2023-03-03,S07,-0.3354051394421547
2023-03-06,S07,-0.3353965424694091
2023-03-07,S07,-0.33129650440913117
2023-03-08,S07,-0.33577964953195255
2023-03-09,S07,-0.28487072880295583
2023-03-10,S07,-0.2945535332402025
2023-03-13,S07,-0.2783948018124159
2023-03-14,S07,-0.2637421664011405
2023-03-15,S07,-0.22341799398763043
2023-03-16,S07,-0.22549182116633262
2023-03-17,S07,-0.1777799587495585
2023-03-20,S07,-0.15189888709995833
2023-03-21,S07,-0.1327911724484915
2023-03-22,S07,-0.15114247437995934
2023-03-23,S07,-0.14640192261727517
2023-03-24,S07,-0.14505044784093218
2023-03-27,S07,-0.15612475305797602
2023-03-28,S07,-0.1568284596838778
2023-03-29,S07,-0.17636763613086612
2023-03-30,S07,-0.16098542725091022
2023-03-31,S07,-0.14893575366353357
2023-04-03,S07,-0.1437024903258059
2023-04-04,S07,-0.13803847647046208
2023-04-05,S07,-0.11919575419261909
2023-04-06,S07,-0.1283001211896493
2023-04-10,S07,-0.16233225568027929
2023-04-11,S07,-0.1644000011283522
2023-04-12,S07,-0.1657779633634733
2023-04-13,S07,-0.16614277383223375
2023-04-14,S07,-0.1617134470005331
2023-04-17,S07,-0.16131853811373306
2023-04-18,S07,-0.17696191739971737
2023-04-19,S07,-0.17635001446336082
2023-04-20,S07,-0.1959335764702142
2023-04-21,S07,-0.1733931026595514
2023-04-24,S07,-0.14665141336913573
2023-04-25,S07,-0.12816259023164597
2023-04-26,S07,-0.13047724794350118
2023-04-27,S07,-0.08345949968704672
2023-04-28,S07,-0.08207551479403627
2023-05-01,S07,-0.0431880305360444
2023-05-02,S07,0.006756161226988807
2023-05-03,S07,0.04915163585012821
2023-05-04,S07,0.08236862912485578
2023-05-05,S07,0.10297487532928518
2023-05-08,S07,0.10944521834595852
2023-05-09,S07,0.11613844499371896
2023-05-10,S07,0.12830331237949602
2023-05-11,S07,0.12892105743775195
2023-05-12,S07,0.12554587656185245
2023-05-15,S07,0.12545241485748873
2023-05-16,S07,0.14042843051117082
2023-05-17,S07,0.12347951951312947
2023-05-18,S07,0.1521238374453248
2023-05-19,S07,0.15884625576165146
2023-05-22,S07,0.23758408111991172
2023-05-23,S07,0.275236276026581
2023-05-24,S07,0.25813629711792024
2023-05-25,S07,0.26847288828889604
2023-05-26,S07,0.28870269456608894
2023-05-30,S07,0.2900253727663016
2023-05-31,S07,0.2795396012740259
2023-06-01,S07,0.2679619219477847
2023-06-02,S07,0.3148088776807563
2023-06-05,S07,0.31679783854653853
2023-06-06,S07,0.3122740741606363
2023-06-07,S07,0.3186460341663037
2023-06-08,S07,0.3120825799509251
2023-06-09,S07,0.33837785857556024
2023-06-12,S07,0.32418672841025625
2023-06-13,S07,0.3236804271547136
2023-06-14,S07,0.2958056276705393
2023-06-15,S07,0.3111444685182441
2023-06-16,S07,0.2697336607423147
2023-06-20,S07,0.2538906145894234
2023-06-21,S07,0.23288344292572818
2023-06-22,S07,0.28593868197294064
2023-06-23,S07,0.29058249105342854
2023-06-26,S07,0.2977980281585354
2023-06-27,S07,0.29718668497774275
2023-06-28,S07,0.30825040872192444
2023-06-29,S07,0.33467472998262043
2023-06-30,S07,0.3213673954942888
2023-07-03,S07,0.304329596638753
2023-07-05,S07,0.30153586205766275
2023-07-06,S07,0.2651242157363613
2023-07-07,S07,0.2667116733596783
2023-07-10,S07,0.2675282576793006
2023-07-11,S07,0.26136119771880423
2023-07-12,S07,0.271295049692704
2023-07-13,S07,0.2918414186328617
2023-07-14,S07,0.27693569037855503
2023-07-17,S07,0.27629002921530027
2023-07-18,S07,0.261362179843744
2023-07-19,S07,0.26131637897095034
2023-07-20,S07,0.2496661904307214
2023-07-21,S07,0.2528895982373087
2023-07-24,S07,0.25371003508437073
2023-07-25,S07,0.250070493220046
2023-07-26,S07,0.24637500057054781
2023-07-27,S07,0.2843462320303419
2023-07-28,S07,0.28746941394862935
2023-07-31,S07,0.2802116957586008
2023-08-01,S07,0.2595720283014318
2023-08-02,S07,0.23912963477837196
2023-08-03,S07,0.2116349704493296
2023-08-04,S07,0.21367590883757848
2023-08-07,S07,0.17488327401265047
2023-08-08,S07,0.17527836605301797
2023-08-09,S07,0.17478628175988828
2023-08-10,S07,0.17190852243811428
2023-08-11,S07,0.16499619057816042
2023-08-14,S07,0.17035867511259697
2023-08-15,S07,0.15780298492826347
2023-08-16,S07,0.13498709798221836
2023-08-17,S07,0.14438604727226165
2023-08-18,S07,0.11472526278066363
2023-08-21,S07,0.11565931790538138
2023-08-22,S07,0.11262415132226603
2023-08-23,S07,0.05404265914623029
2023-08-24,S07,0.07080548158920318
2023-08-25,S07,0.07975515148122923
2023-08-28,S07,0.047151424705640876
2023-08-29,S07,0.021164954721956578
2023-08-30,S07,0.042771398497483536
2023-08-31,S07,0.05518176970973012
2023-09-01,S07,-0.0011538489857595088
2023-09-05,S07,-0.00994030546785536
2023-09-06,S07,-0.0016918090486777607
2023-09-07,S07,-0.028759837902497875
2023-09-08,S07,-0.05011841278716283
2023-09-11,S07,-0.06400067056018796
2023-09-12,S07,-0.05987182956966046
2023-09-13,S07,-0.04716433240736898
2023-09-14,S07,-0.04671060835842219
2023-09-15,S07,-0.028360504209223782
2023-09-18,S07,-0.035010638985859356
2023-09-19,S07,-0.05021481330943567
2023-09-20,S07,-0.03683652909715458
2023-09-21,S07,-0.029852563755424704
2023-09-22,S07,-0.043687725734365
2023-09-25,S07,-0.044857918742583595
2023-09-26,S07,-0.09526218694390871
2023-09-27,S07,-0.09201830512363475
2023-09-28,S07,-0.09438017050106659
2023-09-29,S07,-0.08693260993981083
2023-10-02,S07,-0.08510097339128443
2023-10-03,S07,-0.07470728449485659
2023-10-04,S07,-0.0852296738272172
2023-10-05,S07,-0.09679974028402753
2023-10-06,S07,-0.09736050033118863
2023-10-09,S07,-0.08177858483193118
2023-10-10,S07,-0.06570416297713579
2023-10-11,S07,-0.0871603633168826
2023-10-12,S07,-0.09355921162969298
2023-10-13,S07,-0.07918029899677723
2023-10-16,S07,-0.04980900450070004
2023-10-17,S07,-0.05666655765829591
2023-10-18,S07,0.016041811605403408
2023-10-19,S07,0.013078392313359331
2023-10-20,S07,0.0013585306130374953
2023-10-23,S07,0.011315455251642074
2023-10-24,S07,0.02540508970111538
2023-10-25,S07,0.015068366356524315
2023-10-26,S07,-0.0259795963364316
2023-10-27,S07,-0.04735262909975784
2023-10-30,S07,-0.021418352277801898
2023-10-31,S07,-0.05272406538355744
2023-11-01,S07,-0.05313778569579941
2023-11-02,S07,-0.10569689619159686
2023-11-03,S07,-0.061728742905446145
2023-11-06,S07,-0.0572840086904987
2023-11-07,S07,-0.04866807267368008
2023-11-08,S07,-0.04731429171051584
2023-11-09,S07,-0.039998880030650816
2023-11-10,S07,0.012645519489323786
2023-11-13,S07,0.017861892094655607
2023-11-14,S07,0.08738862172156014
2023-11-15,S07,0.08940781074261106
2023-11-16,S07,0.07962723705468813
2023-11-17,S07,0.08050868864255435
2023-11-20,S07,0.07147292241539432
2023-11-21,S07,0.06674819120480523
2023-11-22,S07,0.0622393334581569
2023-11-24,S07,0.06890775370373108
2023-11-27,S07,0.07297978004452932
2023-11-28,S07,0.09924471298979988
2023-11-29,S07,0.10066739950859932
2023-11-30,S07,0.09629071514468412
2023-12-01,S07,0.08549888550509192
2023-12-04,S07,0.10438997509183058
2023-12-05,S07,0.1045638686001068
2023-12-06,S07,0.12382699596304143
2023-12-07,S07,0.13138373722474575
2023-12-08,S07,0.15432770919679098
2023-12-11,S07,0.18051945467064281
2023-12-12,S07,0.17367219660508718
2023-12-13,S07,0.19528492063946615
2023-12-14,S07,0.17394000617290378
2023-12-15,S07,0.1664485474862697
2023-12-18,S07,0.17651829068189928
2023-12-19,S07,0.16237635594915478
2023-12-20,S07,0.12107346131757539
2023-12-21,S07,0.11617728620584232
2023-12-22,S07,0.12115161882493018
2023-12-26,S07,0.1816498317835393
2023-12-27,S07,0.18600311074371356
2023-12-28,S07,0.1874543510452048
2023-12-29,S07,0.1832902854581152
2024-01-02,S07,0.15939906276821855
2024-01-03,S07,0.16893996254535912
2024-01-04,S07,0.18454123086235688
2024-01-05,S07,0.18140236758786107
2024-01-08,S07,0.18445391871313105
2024-01-09,S07,0.18089574412021936
2024-01-10,S07,0.18036788497190168
2024-01-11,S07,0.18155194695519444
2024-01-12,S07,0.18236950570540233
2024-01-16,S07,0.17011115543768404
2024-01-17,S07,0.17258476324825192
2024-01-18,S07,0.16256542883692876
2024-01-19,S07,0.10806589100076461
2024-01-22,S07,0.11157446208737758
2024-01-23,S07,0.13330686452655063
2024-01-24,S07,0.13630215307524957
2024-01-25,S07,0.11207334122927261
2024-01-26,S07,0.08985231544058139
2024-01-29,S07,0.1401590534131056
2024-01-30,S07,0.14474555072232248
2024-01-31,S07,0.06739036582079452
2024-02-01,S07,0.06901765728360358
2024-02-02,S07,0.06518714324381508
2024-02-05,S07,0.11490244260638223
2024-02-06,S07,0.10637019834924004
2024-02-07,S07,0.104098427333279
2024-02-08,S07,0.10093917236188889
2024-02-09,S07,0.1018392120561192
2024-02-12,S07,0.09321835143058861
2024-02-13,S07,0.09057237933559603
2024-02-14,S07,0.07193707218577444
2024-02-15,S07,0.010747762031121516
2024-02-16,S07,0.03835835034887072
2024-02-20,S07,-0.008802614593521366
2024-02-21,S07,-0.007624247525350099
2024-02-22,S07,0.01634889865039527
2024-02-23,S07,0.0072732118770977
2024-02-26,S07,0.009763642894446815
2024-02-27,S07,0.010840119528747784
2024-02-28,S07,0.006780182942135365
2024-02-29,S07,0.01251417499905741
2024-03-01,S07,0.014579511318717053
2024-03-04,S07,0.013021093692516012
2024-03-05,S07,0.05920642138473545
2024-03-06,S07,0.023806076163335424
2024-03-07,S07,0.002817539265620942
2024-03-08,S07,-0.06217875143985499
2024-03-11,S07,-0.07439506323815503
2024-03-12,S07,-0.09870067654298972
2024-03-13,S07,-0.10842335676730863
2024-03-14,S07,-0.09845861958461863
2024-03-15,S07,-0.1566016354017765
2024-03-18,S07,-0.15715212478540486
2024-03-19,S07,-0.146916237091492
2024-03-20,S07,-0.1537042961477002
2024-03-21,S07,-0.14816518920813454
2024-03-22,S07,-0.09768364825344435
2024-03-25,S07,-0.08088167007019667
2024-03-26,S07,-0.0834905344867978
2024-03-27,S07,-0.08318388388164728
2024-03-28,S07,-0.08666673635492042
2024-04-01,S07,-0.08512621057406597
2024-04-02,S07,-0.0848883565836862
2024-04-03,S07,-0.05957176012368143
2024-04-04,S07,-0.046292523027696646
2024-04-05,S07,-0.05029128846111888
2024-04-08,S07,-0.04814108899536589
2024-04-09,S07,-0.04888979953565943
2024-04-10,S07,-0.05857315947480911
2024-04-11,S07,-0.09247732747149268
2024-04-12,S07,-0.134648418960512
2024-04-15,S07,-0.12278838340416635
2024-04-16,S07,-0.13062468673359384
2024-04-17,S07,-0.11972444763775
2024-04-18,S07,-0.10375308550152469
2024-04-19,S07,-0.11171412056127204
2024-04-22,S07,-0.12763443310386752
2024-04-23,S07,-0.11472584156104189
2024-04-24,S07,-0.11605740170116607
2024-04-25,S07,-0.10028819772605921
2024-04-26,S07,-0.09431510861776686
2024-04-29,S07,-0.12865161626421098
2024-04-30,S07,-0.08877323247802084
2024-05-01,S07,-0.0475481546564109
2024-05-02,S07,-0.024784136967731362
2024-05-03,S07,0.018787919897049192
2024-05-06,S07,0.01636014691106581
2024-05-07,S07,0.015319789128862312
2024-05-08,S07,0.018901150855130104
2024-05-09,S07,0.0202047739972112
2024-05-10,S07,0.021031134419448386
2024-05-13,S07,0.0223791025872112
2024-05-14,S07,-0.03556336637760667
2024-05-15,S07,-0.017338884775295164
2024-05-16,S07,-0.04368223578724007
2024-05-17,S07,-0.07311950460287313
2024-05-20,S07,-0.03860985147955069
2024-05-21,S07,-0.039867998605730294
2024-05-22,S07,-0.06360646213062056
2024-05-23,S07,-0.08119558964741258
2024-05-24,S07,-0.09080693342549802
2024-05-28,S07,-0.09296305393655978
2024-05-29,S07,-0.0905992548395121
2024-05-30,S07,-0.10648412355711898
2024-05-31,S07,-0.10701182085987403
2024-06-03,S07,-0.10473972337269212
2024-06-04,S07,-0.1423408293959329
2024-06-05,S07,-0.1387935409761818
2024-06-06,S07,-0.11775635775721988
2024-06-07,S07,-0.08069487482494889
2024-06-10,S07,-0.0693629452220398
2024-06-11,S07,-0.04319958527856302
2024-06-12,S07,-0.036738713227995344
2024-06-13,S07,-0.0393036054268308
2024-06-14,S07,-0.009770947739226255
2024-06-17,S07,-0.02869862894369111
2024-06-18,S07,-0.029167456517249255
2024-06-20,S07,-0.012097934868233073
2024-06-21,S07,-0.015512151243442837
2024-06-24,S07,-0.01958943706893098
2024-06-25,S07,-0.028625178817297748
2024-06-26,S07,-0.026588539966330444
2024-06-27,S07,-0.02633301937003032
2024-06-28,S07,-0.015479265535615704
2024-07-01,S07,-0.02115076334240625
2024-07-02,S07,-0.009515886477326829
2024-07-03,S07,0.0009409331387929867
2024-07-05,S07,-0.051095454026412586
2024-07-08,S07,-0.0528884427114389
2024-07-09,S07,-0.05081597373768739
2024-07-10,S07,-0.036801950522984746
2024-07-11,S07,-0.07091006341838704
2024-07-12,S07,-0.0610951356525762
2024-07-15,S07,-0.013866882686318287
2024-07-16,S07,-0.04981618200749323
2024-07-17,S07,0.038247344304777095
2024-07-18,S07,-0.008257371252717433
2024-07-19,S07,-0.0168672115074068
2024-07-22,S07,0.019110926510063065
2024-07-23,S07,0.02159429062006569
2024-07-24,S07,-0.08996183031725555
2024-07-25,S07,-0.04039427754899272
2024-07-26,S07,-0.10002213213010823
2024-07-29,S07,-0.1089594960410869
2024-07-30,S07,-0.04291017136494956
2024-07-31,S07,0.030546701469494297
2024-08-01,S07,0.04811571985762051
2024-08-02,S07,0.09448781334225455
2024-08-05,S07,0.09816542569219606
2024-08-06,S07,0.11981502724581977
2024-08-07,S07,0.12568551386851157
2024-08-08,S07,0.16104584043265963
2024-08-09,S07,0.16185142784567713
2024-08-12,S07,0.16132200256781293
2024-08-13,S07,0.17787857904727947
2024-08-14,S07,0.18418918684329175
2024-08-15,S07,0.2139218416847875
2024-08-16,S07,0.22353500255642966
2024-08-19,S07,0.22125431898166023
2024-08-20,S07,0.2206235243196742
2024-08-21,S07,0.2187843916095089
2024-08-22,S07,0.22414803907792852
2024-08-23,S07,0.25159926472016086
2024-08-26,S07,0.2532188861791274
2024-08-27,S07,0.25298285349961863
2024-08-28,S07,0.24130265330268683
2024-08-29,S07,0.24462693180174366
2024-08-30,S07,0.23975008467453665
2024-09-03,S07,0.24022940939340978
2024-09-04,S07,0.2417474942612464
2024-09-05,S07,0.23980115522315554
2024-09-06,S07,0.23982178291709705
2024-09-09,S07,0.23643363794980976
2024-09-10,S07,0.22881956380134472
2024-09-11,S07,0.24223348351383217
2024-09-12,S07,0.2471619445622501
2024-09-13,S07,0.2521954327629348
2024-09-16,S07,0.24922565142633366
2024-09-17,S07,0.25874783050608596
2024-09-18,S07,0.2565561437183097
2024-09-19,S07,0.2517006681868049
2024-09-20,S07,0.2515437084161699
2024-09-23,S07,0.25197326514538565
2024-09-24,S07,0.2531123944885207
2024-09-25,S07,0.2559108184440419
2024-09-26,S07,0.2565313441825064
2024-09-27,S07,0.2542943205786289
2024-09-30,S07,0.26176181359052575
2024-10-01,S07,0.2598894673374604
2024-10-02,S07,0.25629269294846874
2024-10-03,S07,0.27310532274614985
2024-10-04,S07,0.2535470327711808
2024-10-07,S07,0.26085625306493365
2024-10-08,S07,0.26138081038838884
2024-10-09,S07,0.2855678787970746
2024-10-10,S07,0.2894922911637346
2024-10-11,S07,0.29767660084628045
2024-10-14,S07,0.3185247549420165
2024-10-15,S07,0.2954820392610921
2024-10-16,S07,0.3094554680782118
2024-10-17,S07,0.3141535988342623
2024-10-18,S07,0.3046568665709368
2024-10-21,S07,0.31266008617283503
2024-10-22,S07,0.38883471417069815
2024-10-23,S07,0.37325332528673316
2024-10-24,S07,0.45850191715785155
2024-10-25,S07,0.46458301749285424
2024-10-28,S07,0.49250139906062623
2024-10-29,S07,0.45678882650843367
2024-10-30,S07,0.4481013810499619
2024-10-31,S07,0.3277306641727017
2024-11-01,S07,0.2801891389118245
2024-11-04,S07,0.2601385938255713
2024-11-05,S07,0.22680689235463003
2024-11-06,S07,-0.11644980723220698
2024-11-07,S07,-0.09817628775799525
2024-11-08,S07,-0.09914913936773208
2024-11-11,S07,-0.12188188237910656
2024-11-12,S07,-0.11186115287866778
2024-11-13,S07,-0.17327899791627357
2024-11-14,S07,-0.1535760165371889
2024-11-15,S07,-0.1581284585113483
2024-11-18,S07,-0.16345086836080908
2024-11-19,S07,-0.14738347803001564
2024-11-20,S07,-0.15217969519027816
2024-11-21,S07,-0.1904349642284075
2024-11-22,S07,-0.19173701050409714
2024-11-25,S07,-0.1883119918857249
2024-11-26,S07,-0.1803916692710661
2024-11-27,S07,-0.18313468449772466
2024-11-29,S07,-0.18196620172597897
2024-12-02,S07,-0.21534083918230335
2024-12-03,S07,-0.22019244596056659
2024-12-04,S07,-0.20754963140916474
2024-12-05,S07,-0.2385095538180337
2024-12-06,S07,-0.2335426831303496
2024-12-09,S07,-0.22122182154556608
2024-12-10,S07,-0.27020638038059225
2024-12-11,S07,-0.3065109935286229
2024-12-12,S07,-0.34292417691175914
2024-12-13,S07,-0.34306232818266724
2024-12-16,S07,-0.3481513424999198
2024-12-17,S07,-0.34192834476563816
2024-12-18,S07,-0.4424811625802623
2024-12-19,S07,-0.4413880563923619
2024-12-20,S07,-0.4494237414166434
2024-12-23,S07,-0.45585660987928966
2024-12-24,S07,-0.4158731582702424
2024-12-26,S07,-0.4157759217097595
2024-12-27,S07,-0.39522705339948894
2024-12-30,S07,-0.40165743674110743
2024-12-31,S07,-0.39596551370048094
