session,gross_return,transaction_cost,borrow_cost,net_return,gross,net,turnover
2007-01-03,0.0,0.0,0.0,0.0,0.0,0.0,0.0
2007-01-04,0.0,0.0,0.0,0.0,0.0,0.0,0.0
2007-01-05,0.0,0.0,0.0,0.0,0.0,0.0,0.0
2007-01-08,0.0,0.0,0.0,0.0,0.0,0.0,0.0
2007-01-09,0.0,0.0,0.0,0.0,0.0,0.0,0.0
2007-01-10,0.0,0.0,0.0,0.0,0.0,0.0,0.0
2007-01-11,0.0,0.0,0.0,0.0,0.0,0.0,0.0
2007-01-12,0.0,0.0,0.0,0.0,0.0,0.0,0.0
2007-01-16,0.0,0.0,0.0,0.0,0.0,0.0,0.0
2007-01-17,0.0,0.0,0.0,0.0,0.0,0.0,0.0
2007-01-18,0.0,0.0,0.0,0.0,0.0,0.0,0.0
2007-01-19,0.0,0.0,0.0,0.0,0.0,0.0,0.0
2007-01-22,0.0,0.0,0.0,0.0,0.0,0.0,0.0
2007-01-23,0.0,0.0,0.0,0.0,0.0,0.0,0.0
2007-01-24,0.0,0.0,0.0,0.0,0.0,0.0,0.0
2007-01-25,0.0,0.0,0.0,0.0,0.0,0.0,0.0
2007-01-26,0.0,0.0,0.0,0.0,0.0,0.0,0.0
2007-01-29,0.0,0.0,0.0,0.0,0.0,0.0,0.0
2007-01-30,0.0,0.0,0.0,0.0,0.0,0.0,0.0
2007-01-31,0.0,0.0,0.0,0.0,0.0,0.0,0.0
2007-02-01,0.0,0.0,0.0,0.0,0.0,0.0,0.0
2007-02-02,0.0,0.0,0.0,0.0,0.0,0.0,0.0
2007-02-05,0.0,0.0,0.0,0.0,0.0,0.0,0.0
2007-02-06,0.0,0.0,0.0,0.0,0.0,0.0,0.0
2007-02-07,0.0,0.0,0.0,0.0,0.0,0.0,0.0
2007-02-08,0.0,0.0,0.0,0.0,0.0,0.0,0.0
2007-02-09,0.0,0.0,0.0,0.0,0.0,0.0,0.0
2007-02-12,0.0,0.0,0.0,0.0,0.0,0.0,0.0
2007-02-13,0.0,0.0,0.0,0.0,0.0,0.0,0.0
2007-02-14,0.0,0.0,0.0,0.0,0.0,0.0,0.0
2007-02-15,0.0,0.0,0.0,0.0,0.0,0.0,0.0
2007-02-16,0.0,0.0,0.0,0.0,0.0,0.0,0.0
2007-02-20,0.0,0.0,0.0,0.0,0.0,0.0,0.0
2007-02-21,0.0,0.0,0.0,0.0,0.0,0.0,0.0
2007-02-22,0.0,0.0,0.0,0.0,0.0,0.0,0.0
2007-02-23,0.0,0.0,0.0,0.0,0.0,0.0,0.0
2007-02-26,0.0,0.0,0.0,0.0,0.0,0.0,0.0
2007-02-27,0.0,0.0,0.0,0.0,0.0,0.0,0.0
2007-02-28,0.0,0.0,0.0,0.0,0.0,0.0,0.0
2007-03-01,0.0,0.0,0.0,0.0,0.0,0.0,0.0
2007-03-02,0.0,0.0,0.0,0.0,0.0,0.0,0.0
2007-03-05,0.0,0.0,0.0,0.0,0.0,0.0,0.0
2007-03-06,0.0,0.0,0.0,0.0,0.0,0.0,0.0
2007-03-07,0.0,0.0,0.0,0.0,0.0,0.0,0.0
2007-03-08,0.0,0.0,0.0,0.0,0.0,0.0,0.0
2007-03-09,0.0,0.0,0.0,0.0,0.0,0.0,0.0
2007-03-12,0.0,0.0,0.0,0.0,0.0,0.0,0.0
2007-03-13,0.0,0.0,0.0,0.0,0.0,0.0,0.0
2007-03-14,0.0,0.0,0.0,0.0,0.0,0.0,0.0
2007-03-15,0.0,0.0,0.0,0.0,0.0,0.0,0.0
2007-03-16,0.0,0.0,0.0,0.0,0.0,0.0,0.0
2007-03-19,0.0,0.0,0.0,0.0,0.0,0.0,0.0
2007-03-20,0.0,0.0,0.0,0.0,0.0,0.0,0.0
2007-03-21,0.0,0.0,0.0,0.0,0.0,0.0,0.0
2007-03-22,0.0,0.0,0.0,0.0,0.0,0.0,0.0
2007-03-23,0.0,0.0,0.0,0.0,0.0,0.0,0.0
2007-03-26,0.0,0.0,0.0,0.0,0.0,0.0,0.0
2007-03-27,0.0,0.0,0.0,0.0,0.0,0.0,0.0
2007-03-28,0.0,0.0,0.0,0.0,0.0,0.0,0.0
2007-03-29,0.0,0.0,0.0,0.0,0.0,0.0,0.0
2007-03-30,0.0,0.0,0.0,0.0,0.0,0.0,0.0
2007-04-02,0.0,0.0,0.0,0.0,0.0,0.0,0.0
2007-04-03,0.0,0.0,0.0,0.0,0.0,0.0,0.0
2007-04-04,0.0,0.0,0.0,0.0,0.0,0.0,0.0
2007-04-05,0.0,0.0,0.0,0.0,0.0,0.0,0.0
2007-04-09,0.0,0.0,0.0,0.0,0.0,0.0,0.0
2007-04-10,0.0,0.0,0.0,0.0,0.0,0.0,0.0
2007-04-11,0.0,0.0,0.0,0.0,0.0,0.0,0.0
2007-04-12,0.0,0.0,0.0,0.0,0.0,0.0,0.0
2007-04-13,0.0,0.0,0.0,0.0,0.0,0.0,0.0
2007-04-16,0.0,0.0,0.0,0.0,0.0,0.0,0.0
2007-04-17,0.0,0.0,0.0,0.0,0.0,0.0,0.0
2007-04-18,0.0,0.0,0.0,0.0,0.0,0.0,0.0
2007-04-19,0.0,0.0,0.0,0.0,0.0,0.0,0.0
2007-04-20,0.0,0.0,0.0,0.0,0.0,0.0,0.0
2007-04-23,0.0,0.0,0.0,0.0,0.0,0.0,0.0
2007-04-24,0.0,0.0,0.0,0.0,0.0,0.0,0.0
2007-04-25,0.0,0.0,0.0,0.0,0.0,0.0,0.0
2007-04-26,0.0,0.0,0.0,0.0,0.0,0.0,0.0
2007-04-27,0.0,0.0,0.0,0.0,0.0,0.0,0.0
2007-04-30,0.0,0.0,0.0,0.0,0.0,0.0,0.0
2007-05-01,0.0,0.0,0.0,0.0,0.0,0.0,0.0
2007-05-02,0.0,0.0,0.0,0.0,0.0,0.0,0.0
2007-05-03,0.0,0.0,0.0,0.0,0.0,0.0,0.0
2007-05-04,0.0,0.0,0.0,0.0,0.0,0.0,0.0
2007-05-07,0.0,0.0,0.0,0.0,0.0,0.0,0.0
2007-05-08,0.0,0.0,0.0,0.0,0.0,0.0,0.0
2007-05-09,0.0,0.0,0.0,0.0,0.0,0.0,0.0
2007-05-10,0.0,0.0,0.0,0.0,0.0,0.0,0.0
2007-05-11,0.0,0.0,0.0,0.0,0.0,0.0,0.0
2007-05-14,0.0,0.0,0.0,0.0,0.0,0.0,0.0
2007-05-15,0.0,0.0,0.0,0.0,0.0,0.0,0.0
2007-05-16,0.0,0.0,0.0,0.0,0.0,0.0,0.0
2007-05-17,0.0,0.0,0.0,0.0,0.0,0.0,0.0
2007-05-18,0.0,0.0,0.0,0.0,0.0,0.0,0.0
2007-05-21,0.0,0.0,0.0,0.0,0.0,0.0,0.0
2007-05-22,0.0,0.0,0.0,0.0,0.0,0.0,0.0
2007-05-23,0.0,0.0,0.0,0.0,0.0,0.0,0.0
2007-05-24,0.0,0.0,0.0,0.0,0.0,0.0,0.0
2007-05-25,0.0,0.0,0.0,0.0,0.0,0.0,0.0
2007-05-29,0.0,0.0,0.0,0.0,0.0,0.0,0.0
2007-05-30,0.0,0.0,0.0,0.0,0.0,0.0,0.0
2007-05-31,0.0,0.0,0.0,0.0,0.0,0.0,0.0
2007-06-01,0.0,0.0,0.0,0.0,0.0,0.0,0.0
2007-06-04,0.0,0.0,0.0,0.0,0.0,0.0,0.0
2007-06-05,0.0,0.0,0.0,0.0,0.0,0.0,0.0
2007-06-06,0.0,0.0,0.0,0.0,0.0,0.0,0.0
2007-06-07,0.0,0.0,0.0,0.0,0.0,0.0,0.0
2007-06-08,0.0,0.0,0.0,0.0,0.0,0.0,0.0
2007-06-11,0.0,0.0,0.0,0.0,0.0,0.0,0.0
2007-06-12,0.0,0.0,0.0,0.0,0.0,0.0,0.0
2007-06-13,0.0,0.0,0.0,0.0,0.0,0.0,0.0
2007-06-14,0.0,0.0,0.0,0.0,0.0,0.0,0.0
2007-06-15,0.0,0.0,0.0,0.0,0.0,0.0,0.0
2007-06-18,0.0,0.0,0.0,0.0,0.0,0.0,0.0
2007-06-19,0.0,0.0,0.0,0.0,0.0,0.0,0.0
2007-06-20,0.0,0.0,0.0,0.0,0.0,0.0,0.0
2007-06-21,0.0,0.0,0.0,0.0,0.0,0.0,0.0
2007-06-22,0.0,0.0,0.0,0.0,0.0,0.0,0.0
2007-06-25,0.0,0.0,0.0,0.0,0.0,0.0,0.0
2007-06-26,0.0,0.0,0.0,0.0,0.0,0.0,0.0
2007-06-27,0.0,0.0,0.0,0.0,0.0,0.0,0.0
2007-06-28,0.0,0.0,0.0,0.0,0.0,0.0,0.0
2007-06-29,0.0,0.0,0.0,0.0,0.0,0.0,0.0
2007-07-02,0.0,0.0,0.0,0.0,0.0,0.0,0.0
2007-07-03,0.0,0.0,0.0,0.0,0.0,0.0,0.0
2007-07-05,0.0,0.0,0.0,0.0,0.0,0.0,0.0
2007-07-06,0.0,0.0,0.0,0.0,0.0,0.0,0.0
2007-07-09,0.0,0.0,0.0,0.0,0.0,0.0,0.0
2007-07-10,0.0,0.0,0.0,0.0,0.0,0.0,0.0
2007-07-11,0.0,0.0,0.0,0.0,0.0,0.0,0.0
2007-07-12,0.0,0.0,0.0,0.0,0.0,0.0,0.0
2007-07-13,0.0,0.0,0.0,0.0,0.0,0.0,0.0
2007-07-16,0.0,0.0,0.0,0.0,0.0,0.0,0.0
2007-07-17,0.0,0.0,0.0,0.0,0.0,0.0,0.0
2007-07-18,0.0,0.0,0.0,0.0,0.0,0.0,0.0
2007-07-19,0.0,0.0,0.0,0.0,0.0,0.0,0.0
2007-07-20,0.0,0.0,0.0,0.0,0.0,0.0,0.0
2007-07-23,0.0,0.0,0.0,0.0,0.0,0.0,0.0
2007-07-24,0.0,0.0,0.0,0.0,0.0,0.0,0.0
2007-07-25,0.0,0.0,0.0,0.0,0.0,0.0,0.0
2007-07-26,0.0,0.0,0.0,0.0,0.0,0.0,0.0
2007-07-27,0.0,0.0,0.0,0.0,0.0,0.0,0.0
2007-07-30,0.0,0.0,0.0,0.0,0.0,0.0,0.0
2007-07-31,0.0,0.0,0.0,0.0,0.0,0.0,0.0
2007-08-01,0.0,0.0,0.0,0.0,0.0,0.0,0.0
2007-08-02,0.0,0.0,0.0,0.0,0.0,0.0,0.0
2007-08-03,0.0,0.0,0.0,0.0,0.0,0.0,0.0
2007-08-06,0.0,0.0,0.0,0.0,0.0,0.0,0.0
2007-08-07,0.0,0.0,0.0,0.0,0.0,0.0,0.0
2007-08-08,0.0,0.0,0.0,0.0,0.0,0.0,0.0
2007-08-09,0.0,0.0,0.0,0.0,0.0,0.0,0.0
2007-08-10,0.0,0.0,0.0,0.0,0.0,0.0,0.0
2007-08-13,0.0,0.0,0.0,0.0,0.0,0.0,0.0
2007-08-14,0.0,0.0,0.0,0.0,0.0,0.0,0.0
2007-08-15,0.0,0.0,0.0,0.0,0.0,0.0,0.0
2007-08-16,0.0,0.0,0.0,0.0,0.0,0.0,0.0
2007-08-17,0.0,0.0,0.0,0.0,0.0,0.0,0.0
2007-08-20,0.0,0.0,0.0,0.0,0.0,0.0,0.0
2007-08-21,0.0,0.0,0.0,0.0,0.0,0.0,0.0
2007-08-22,0.0,0.0,0.0,0.0,0.0,0.0,0.0
2007-08-23,0.0,0.0,0.0,0.0,0.0,0.0,0.0
2007-08-24,0.0,0.0,0.0,0.0,0.0,0.0,0.0
2007-08-27,0.0,0.0,0.0,0.0,0.0,0.0,0.0
2007-08-28,0.0,0.0,0.0,0.0,0.0,0.0,0.0
2007-08-29,0.0,0.0,0.0,0.0,0.0,0.0,0.0
2007-08-30,0.0,0.0,0.0,0.0,0.0,0.0,0.0
2007-08-31,0.0,0.0,0.0,0.0,0.0,0.0,0.0
2007-09-04,0.0,0.0,0.0,0.0,0.0,0.0,0.0
2007-09-05,0.0,0.0,0.0,0.0,0.0,0.0,0.0
2007-09-06,0.0,0.0,0.0,0.0,0.0,0.0,0.0
2007-09-07,0.0,0.0,0.0,0.0,0.0,0.0,0.0
2007-09-10,0.0,0.0,0.0,0.0,0.0,0.0,0.0
2007-09-11,0.0,0.0,0.0,0.0,0.0,0.0,0.0
2007-09-12,0.0,0.0,0.0,0.0,0.0,0.0,0.0
2007-09-13,0.0,0.0,0.0,0.0,0.0,0.0,0.0
2007-09-14,0.0,0.0,0.0,0.0,0.0,0.0,0.0
2007-09-17,0.0,0.0,0.0,0.0,0.0,0.0,0.0
2007-09-18,0.0,0.0,0.0,0.0,0.0,0.0,0.0
2007-09-19,0.0,0.0,0.0,0.0,0.0,0.0,0.0
2007-09-20,0.0,0.0,0.0,0.0,0.0,0.0,0.0
2007-09-21,0.0,0.0,0.0,0.0,0.0,0.0,0.0
2007-09-24,0.0,0.0,0.0,0.0,0.0,0.0,0.0
2007-09-25,0.0,0.0,0.0,0.0,0.0,0.0,0.0
2007-09-26,0.0,0.0,0.0,0.0,0.0,0.0,0.0
2007-09-27,0.0,0.0,0.0,0.0,0.0,0.0,0.0
2007-09-28,0.0,0.0,0.0,0.0,0.0,0.0,0.0
2007-10-01,0.0,0.0,0.0,0.0,0.0,0.0,0.0
2007-10-02,0.0,0.0,0.0,0.0,0.0,0.0,0.0
2007-10-03,0.0,0.0,0.0,0.0,0.0,0.0,0.0
2007-10-04,0.0,0.0,0.0,0.0,0.0,0.0,0.0
2007-10-05,0.0,0.0,0.0,0.0,0.0,0.0,0.0
2007-10-08,0.0,0.0,0.0,0.0,0.0,0.0,0.0
2007-10-09,0.0,0.0,0.0,0.0,0.0,0.0,0.0
2007-10-10,0.0,0.0,0.0,0.0,0.0,0.0,0.0
2007-10-11,0.0,0.0,0.0,0.0,0.0,0.0,0.0
2007-10-12,0.0,0.0,0.0,0.0,0.0,0.0,0.0
2007-10-15,0.0,0.0,0.0,0.0,0.0,0.0,0.0
2007-10-16,0.0,0.0,0.0,0.0,0.0,0.0,0.0
2007-10-17,0.0,0.0,0.0,0.0,0.0,0.0,0.0
2007-10-18,0.0,0.0,0.0,0.0,0.0,0.0,0.0
2007-10-19,0.0,0.0,0.0,0.0,0.0,0.0,0.0
2007-10-22,0.0,0.0,0.0,0.0,0.0,0.0,0.0
2007-10-23,0.0,0.0,0.0,0.0,0.0,0.0,0.0
2007-10-24,0.0,0.0,0.0,0.0,0.0,0.0,0.0
2007-10-25,0.0,0.0,0.0,0.0,0.0,0.0,0.0
2007-10-26,0.0,0.0,0.0,0.0,0.0,0.0,0.0
2007-10-29,0.0,0.0,0.0,0.0,0.0,0.0,0.0
2007-10-30,0.0,0.0,0.0,0.0,0.0,0.0,0.0
2007-10-31,0.0,0.0,0.0,0.0,0.0,0.0,0.0
2007-11-01,0.0,0.0,0.0,0.0,0.0,0.0,0.0
2007-11-02,0.0,0.0,0.0,0.0,0.0,0.0,0.0
2007-11-05,0.0,0.0,0.0,0.0,0.0,0.0,0.0
2007-11-06,0.0,0.0,0.0,0.0,0.0,0.0,0.0
2007-11-07,0.0,0.0,0.0,0.0,0.0,0.0,0.0
2007-11-08,0.0,0.0,0.0,0.0,0.0,0.0,0.0
2007-11-09,0.0,0.0,0.0,0.0,0.0,0.0,0.0
2007-11-12,0.0,0.0,0.0,0.0,0.0,0.0,0.0
2007-11-13,0.0,0.0,0.0,0.0,0.0,0.0,0.0
2007-11-14,0.0,0.0,0.0,0.0,0.0,0.0,0.0
2007-11-15,0.0,0.0,0.0,0.0,0.0,0.0,0.0
2007-11-16,0.0,0.0,0.0,0.0,0.0,0.0,0.0
2007-11-19,0.0,0.0,0.0,0.0,0.0,0.0,0.0
2007-11-20,0.0,0.0,0.0,0.0,0.0,0.0,0.0
2007-11-21,0.0,0.0,0.0,0.0,0.0,0.0,0.0
2007-11-23,0.0,0.0,0.0,0.0,0.0,0.0,0.0
2007-11-26,0.0,0.0,0.0,0.0,0.0,0.0,0.0
2007-11-27,0.0,0.0,0.0,0.0,0.0,0.0,0.0
2007-11-28,0.0,0.0,0.0,0.0,0.0,0.0,0.0
2007-11-29,0.0,0.0,0.0,0.0,0.0,0.0,0.0
2007-11-30,0.0,0.0,0.0,0.0,0.0,0.0,0.0
2007-12-03,0.0,0.0,0.0,0.0,0.0,0.0,0.0
2007-12-04,0.0,0.0,0.0,0.0,0.0,0.0,0.0
2007-12-05,0.0,0.0,0.0,0.0,0.0,0.0,0.0
2007-12-06,0.0,0.0,0.0,0.0,0.0,0.0,0.0
2007-12-07,0.0,0.0,0.0,0.0,0.0,0.0,0.0
2007-12-10,0.0,0.0,0.0,0.0,0.0,0.0,0.0
2007-12-11,0.0,0.0,0.0,0.0,0.0,0.0,0.0
2007-12-12,0.0,0.0,0.0,0.0,0.0,0.0,0.0
2007-12-13,0.0,0.0,0.0,0.0,0.0,0.0,0.0
2007-12-14,0.0,0.0,0.0,0.0,0.0,0.0,0.0
2007-12-17,0.0,0.0,0.0,0.0,0.0,0.0,0.0
2007-12-18,0.0,0.0,0.0,0.0,0.0,0.0,0.0
2007-12-19,0.0,0.0,0.0,0.0,0.0,0.0,0.0
2007-12-20,0.0,0.0,0.0,0.0,0.0,0.0,0.0
2007-12-21,0.0,0.0,0.0,0.0,0.0,0.0,0.0
2007-12-24,0.0,0.0,0.0,0.0,0.0,0.0,0.0
2007-12-26,0.0,0.0,0.0,0.0,0.0,0.0,0.0
2007-12-27,0.0,0.0,0.0,0.0,0.0,0.0,0.0
2007-12-28,0.0,0.0,0.0,0.0,0.0,0.0,0.0
2007-12-31,0.0,0.0,0.0,0.0,0.0,0.0,0.0
2008-01-02,0.0,0.0,0.0,0.0,0.0,0.0,0.0
2008-01-03,0.0,0.0,0.0,0.0,0.0,0.0,0.0
2008-01-04,0.0,0.0,0.0,0.0,0.0,0.0,0.0
2008-01-07,0.0,0.0,0.0,0.0,0.0,0.0,0.0
2008-01-08,0.0,0.0,0.0,0.0,0.0,0.0,0.0
2008-01-09,-0.000478282159422812,5.3798870881835934e-05,2.912922795990386e-17,-0.0005320810303046771,0.2500000000314837,0.25000000002935724,0.2500000000314837
2008-01-10,0.0004060105329733877,0.0,2.956739187987588e-17,0.00040601053297335815,0.249654554324577,0.24965455432241856,0.0
2008-01-11,0.0060701820616716855,0.0,2.9975555652438426e-17,0.006070182061671655,0.24995907883876023,0.24995907883657204,0.0
2008-01-14,-0.00011874764196790479,0.0,8.869095859803267e-17,-0.00011874764196799347,0.2544844936918332,0.2544844936896751,0.0
2008-01-15,0.0006738801293310166,0.0,2.959618628052236e-17,0.000673880129330987,0.25439595496964623,0.25439595496748574,0.0
2008-01-16,-0.0022069223713983774,5.557391089044003e-05,1.866086634485604e-16,-0.002262496282289004,0.5048980644570568,0.5048980644434343,0.25000000009869816
2008-01-17,0.0026738234223418486,0.0,1.8825956704806919e-16,0.0026738234223416604,0.5038310579813324,0.5038310579675894,0.0
2008-01-18,-0.0019435809428006356,0.0,1.843435894330225e-16,-0.00194358094280082,0.5051541883028463,0.5051541882893891,0.0
2008-01-22,-0.0015425811507509542,0.0,7.300901647107247e-16,-0.0015425811507516843,0.5041905424898104,0.5041905424764862,0.0
2008-01-23,-0.0065537193193058695,0.0,1.8477541663582711e-16,-0.006553719319306054,0.5034245345370058,0.5034245345235172,0.0
2008-01-24,0.008563172301673324,5.541025438364494e-05,1.987425419569808e-06,0.00850577462187011,0.7450820556618875,0.6000000000332913,0.25000000006111256
2008-01-25,0.009867667879929065,0.0,1.9243885128960346e-06,0.00986574349141617,0.7439108897030258,0.6034305282616153,0.0
2008-01-28,0.000834598468207584,0.0,5.683582181913376e-06,0.0008289148860256706,0.7456071641301321,0.60730666437024,0.0
2008-01-29,1.0595039004208245e-05,0.0,1.9570574851788316e-06,8.637981519029414e-06,0.7505027794186444,0.6076375830005897,0.0
2008-01-30,0.0009076253789279162,0.0,1.9393582194956326e-06,0.0009056860207084206,0.7492160792543824,0.6076429292312011,0.0
2008-01-31,-0.0022497556337696513,5.513450681896867e-05,5.080801983333072e-06,-0.0023099709425719534,0.9708985447968422,0.6000000000135279,0.25000000001453115
2008-02-01,-0.011421741360177203,0.0,5.199439766865206e-06,-0.011426940799944068,0.9786933300160693,0.5991342270349093,0.0
2008-02-04,0.008065402368691132,0.0,1.6383105283176866e-05,0.008049019263407956,0.9931614309361716,0.5945058690455347,0.0
2008-02-05,0.004372224378524641,0.0,5.360221465893288e-06,0.004366864157058748,0.9890560575505838,0.5977598905403737,0.0
2008-02-06,0.0010506824906491375,0.0,5.158232090769469e-06,0.001045524258558368,0.9760650608306317,0.5995141182044607,0.0
2008-02-07,-0.004274250824931384,8.560713068488631e-06,5.47945205509277e-06,-0.004288290990054965,1.000000000106417,0.6000000000846448,0.0421937961349696
2008-02-08,0.021092658616948562,0.0,5.6223190508585e-06,0.021087036297897703,1.0087206875789934,0.5982913968663229,0.0
2008-02-11,0.00615870291969328,0.0,1.6096517549809432e-05,0.0061426064021434705,0.9982747379079314,0.6065928108625687,0.0
2008-02-12,-0.013050700756673476,0.0,5.252525476657111e-06,-0.013055953282150133,0.9924449611593231,0.609010601363354,0.0
2008-02-13,-0.001897775839565695,0.0,5.445397917425808e-06,-0.0019032212374831207,1.001357703130232,0.6038436551581482,0.0
2008-02-14,0.01042603718874623,5.2162757638732005e-05,5.479452054865656e-06,0.010368394979052632,1.0000000000283253,0.6000000000231326,0.24999999999539535
2008-02-15,-0.0009683741892317104,0.0,5.315995954702262e-06,-0.0009736901851864127,0.9922295532282586,0.6041618485349933,0.0
2008-02-19,0.009851889233118487,0.0,2.1391216442800964e-05,0.009830498016675687,0.9941710704211777,0.6037813703400601,0.0
2008-02-20,0.0027695141892125747,0.0,5.301835922202945e-06,0.0027642123532903716,0.9946936847873029,0.6076596624664878,0.0
2008-02-21,0.007465648057287908,0.0,5.312715258753688e-06,0.007460335342029154,0.9965746860264157,0.6087464721373965,0.0
2008-02-22,-0.0012528754169725239,1.6489691077629175e-05,5.479452055449501e-06,-0.0012748445601056025,1.000000000091818,0.6000000000440044,0.07976440013965608
2008-02-25,-0.002251736868831073,0.0,1.6786363612690228e-05,-0.002268523232443763,1.007979589726989,0.5995114084848602,0.0
2008-02-26,0.008029889818712478,0.0,5.761220694589295e-06,0.008024128598017889,1.019186760366656,0.5986176496616374,0.0
2008-02-27,0.0009503932314250348,0.0,5.730120099411399e-06,0.0009446631113256234,1.0201172379359917,0.6018184706789597,0.0
2008-02-28,0.009708621635086482,0.0,5.704862683664496e-06,0.009702916772402818,1.018654963703781,0.6021999877962728,0.0
2008-02-29,0.0016728428677312657,2.922253722188963e-06,5.479452055164607e-06,0.001664441161953912,1.000000000091808,0.6000000000647916,0.014417656926079964
2008-03-03,0.006417774276692594,0.0,1.6144233678267505e-05,0.006401630043014327,0.99351607747447,0.6006730579699608,0.0
2008-03-04,-0.006567447294127535,0.0,5.35821193096811e-06,-0.006572805506058503,0.9943786531517879,0.6032291821911159,0.0
2008-03-05,0.004685739823725496,0.0,5.348454105719905e-06,0.0046803913696197765,0.9910465735424483,0.6006094238248952,0.0
2008-03-06,0.008300069496395963,0.0,5.390267641693673e-06,0.008294679228754268,0.995964881095295,0.602475343251657,0.0
2008-03-07,-0.009270602635406331,4.105849777210178e-06,5.479452055099759e-06,-0.00928018793723864,1.0000000000483122,0.6000000000260299,0.02038179731784857
2008-03-10,0.00995334698297797,0.0,1.6753867632005965e-05,0.009936593115345964,1.0039402742112298,0.5962628284990845,0.0
2008-03-11,-0.006125024553065295,0.0,5.437581447668967e-06,-0.006130462134512964,0.997195164069472,0.6002517183896375,0.0
2008-03-12,0.008937231688343188,0.0,5.7852877294818e-06,0.008931446400613706,1.0201174358243328,0.5977914315721615,0.0
2008-03-13,-0.00019055861593139696,0.0,5.634433214513405e-06,-0.00019619304914591037,1.0126712941275315,0.6013576694680529,0.0
2008-03-14,0.0016118168369482454,4.0704013629828095e-06,5.479452055568812e-06,0.0016022669835296936,1.000000000096281,0.6000000000397576,0.01974849611943555
2008-03-17,-0.013422638023328711,0.0,1.6058823606840772e-05,-0.013438696846935551,0.9914141239149934,0.6006494161485347,0.0
2008-03-18,-0.011093198497277584,0.0,5.416053525931659e-06,-0.011098614550803515,0.9905977451067147,0.5952258377137039,0.0
2008-03-19,-0.010309367125764373,0.0,5.720885147473457e-06,-0.010315088010911846,1.00831307855004,0.5906884627844777,0.0
2008-03-20,-0.022890584303072923,0.0,5.702372208415074e-06,-0.02289628667528134,1.0027013248902579,0.5864281536759575,0.0
2008-03-24,0.00022480382056430594,3.8421985791695293e-05,2.1917808220393823e-05,0.00016446402655221682,1.0000000000287057,0.6000000000065184,0.18152661430451486
2008-03-25,0.009719776868393284,0.0,5.643305483709031e-06,0.009714133562909575,1.0120874049822286,0.6001261046714693,0.0
2008-03-26,0.01096323272798008,0.0,5.60838314243058e-06,0.01095762434483765,1.0133907206781942,0.603978751280762,0.0
2008-03-27,0.0016429161706668035,0.0,5.479744297158322e-06,0.0016374364263696452,1.0082980499468732,0.6082767162543158,0.0
2008-03-28,-0.006427850312871169,0.0,5.406844873137496e-06,-0.006433257157744306,1.0036222361827112,0.6089225604436739,0.0
2008-03-31,-0.011491573595990663,7.567637458895953e-06,1.6438356165875314e-05,-0.011515579589615434,1.0000000000547897,0.6000000000184904,0.03700259629936962
2008-04-01,-0.017773310367477407,0.0,5.563040228038607e-06,-0.017778873407705446,1.0014663291156156,0.5953643924687974,0.0
2008-04-02,0.014387866725984445,0.0,5.929247954565906e-06,0.014381937478029879,1.0208809759590824,0.5880458752757711,0.0
2008-04-03,0.0004826244523696446,0.0,5.8336100332939355e-06,0.0004767908423363507,1.0197459508025102,0.5938924183720528,0.0
2008-04-04,0.006174932603100171,0.0,5.896016966640577e-06,0.00616903658613353,1.0245010238664456,0.5940917853016834,0.0
2008-04-07,0.0035042945373220643,4.920244405550226e-05,1.6438356167272525e-05,0.0034386537370992894,1.0000000000959766,0.6000000000256785,0.226737301837034
2008-04-08,-0.0023425246653974996,0.0,5.449513812365149e-06,-0.002347974179209865,0.999250672153205,0.6014361638505491,0.0
2008-04-09,0.014631815893944643,0.0,5.431941533838765e-06,0.014626383952410804,0.9970353381171368,0.6005036061469069,0.0
2008-04-10,-0.004510439869091658,0.0,5.284799134741879e-06,-0.0045157246682264,0.9920582515779677,0.6062679147418104,0.0
2008-04-11,0.002509757943385473,0.0,5.378356044860196e-06,0.002504379587340613,0.9971071637840395,0.6044871725092452,0.0
2008-04-14,0.0022542476841284106,3.4759291535574106e-06,1.6438356164283895e-05,0.0022343333988105694,0.9999999999904288,0.5999999999928539,0.0171594262571113
2008-04-15,0.003134062938948224,0.0,5.445667298707123e-06,0.003128617271649517,0.9984453236008696,0.6009116107952496,0.0
2008-04-16,-0.0012866317664763092,0.0,5.444961223982958e-06,-0.001292076727700292,0.9996439094645073,0.6021617401137513,0.0
2008-04-17,-0.003027841535178021,0.0,5.607306724715534e-06,-0.0030334488419027365,1.01098588043139,0.6016524895271559,0.0
2008-04-18,-0.010986435810623198,0.0,5.6097092006148885e-06,-0.010992045519823813,1.0099548420738325,0.6004460704289456,0.0
2008-04-21,-0.003693751580918556,5.358770579703809e-05,1.6438356163307764e-05,-0.003763777642878902,0.9999999998938395,0.5999999999200172,0.2500000001220658
2008-04-22,0.006020384680992161,0.0,5.5265444088242584e-06,0.006014858136583337,1.0019968335104248,0.5985590916662541,0.0
2008-04-23,-0.007089907536123353,0.0,5.4079226512547964e-06,-0.007095315458774607,0.9957431121209058,0.6009647585793058,0.0
2008-04-24,-0.012390985033125853,0.0,5.493193777518342e-06,-0.012396478226903372,0.9991218376024411,0.5981186918436021,0.0
2008-04-25,0.002659818909303048,0.0,5.6133147195961535e-06,0.002654205594583452,1.0028517822643843,0.5930798077338653,0.0
2008-04-28,0.0010289915747178227,5.229384811227514e-05,1.643835616747636e-05,0.0009602593704380712,1.000000000149825,0.600000000074567,0.25000000008561485
2008-04-29,-0.011297887812181174,0.0,5.491094256997627e-06,-0.011303378906438172,1.0013022823649689,0.6004524016041421,0.0
2008-04-30,0.0033709608994713885,0.0,5.571634234611408e-06,0.0033653892652367773,1.0026193843383315,0.5958900852116986,0.0
2008-05-01,-0.01710122006667722,0.0,5.512592341540981e-06,-0.01710673265901876,0.9996703047249234,0.5972510637924318,0.0
2008-05-02,0.007495017045562205,0.0,5.761598042899458e-06,0.007489255447519305,1.0108436992090086,0.5902470420773482,0.0
2008-05-05,0.011656308651693877,1.7307874791520962e-05,1.6438356165294778e-05,0.011622562420737061,1.0000000000400844,0.6000000000179116,0.08515683393554598
2008-05-06,0.003818682379030702,0.0,5.399260974774692e-06,0.0038132831180559272,0.9987750218746246,0.604628970716072,0.0
2008-05-07,0.0060880469737375825,0.0,5.413601998366121e-06,0.006082633371739216,1.0013292297174337,0.6061362838367069,0.0
2008-05-08,0.00614833069332153,0.0,5.286597821654829e-06,0.006143044095499875,0.994444550037153,0.6085229090563504,0.0
2008-05-09,0.006213710557839188,0.0,5.285110597361636e-06,0.006208425447241826,0.9967314150468594,0.6109183414394599,0.0
2008-05-12,-0.009696771827829208,2.202269002426285e-05,1.6438356164586025e-05,-0.009735232874018057,1.0000000000182934,0.6000000000133667,0.10473491226990615
2008-05-13,-0.0019924558752166446,0.0,5.612559270496408e-06,-0.001998068434487141,1.0058232901709219,0.5961064634246842,0.0
2008-05-14,-0.004747273430970852,0.0,5.645626939397017e-06,-0.004752919057910249,1.0074342311870297,0.5953034646110476,0.0
2008-05-15,0.003117485124879413,0.0,5.666349447902168e-06,0.003111818775431511,1.007019971169182,0.5933764614723238,0.0
2008-05-16,0.008357778282769885,0.0,5.69944984060673e-06,0.008352078832929278,1.0107033620797081,0.5946435237154168,0.0
2008-05-19,0.0009715874966368297,2.8324467487913393e-05,1.6438356164515098e-05,0.0009268246729844012,1.0000000000116553,0.6000000000084545,0.1344025591951168
2008-05-20,0.00898271141172517,0.0,5.484191471739405e-06,0.008977227220253431,1.0007610854059696,0.6004151079689931,0.0
2008-05-21,0.013805122110898266,0.0,5.39204893472975e-06,0.013799730061963536,0.9975953637004745,0.6039757914652027,0.0
2008-05-22,-0.010771319673464638,0.0,5.256899463242722e-06,-0.01077657657292788,0.9931254087637638,0.609371747947045,0.0
2008-05-23,0.0051226218338645615,0.0,5.346271041469973e-06,0.005117275562823091,0.9953993532055144,0.6051215671782064,0.0
2008-05-27,-0.011769701060238258,1.7796808428633956e-05,2.1917808219505075e-05,-0.011809415676886396,1.0000000000374087,0.6000000000314412,0.08545935584200297
2008-05-28,0.0003382235825762133,0.0,5.5907759513068415e-06,0.0003326328066249065,1.0033866158547875,0.595259971409388,0.0
2008-05-29,-0.015687579122516424,0.0,5.614068157480066e-06,-0.015693193190673905,1.0052271208665895,0.5954001453705446,0.0
2008-05-30,0.004260852810942688,0.0,5.752322784798332e-06,0.0042551004881578895,1.0088747165388798,0.5889551532486015,0.0
2008-06-02,0.005623668684828131,0.0,1.7182545642307046e-05,0.005606486139185824,1.0088111181608626,0.5907025075313913,0.0
2008-06-03,-0.006589933613899094,5.2312682675475405e-05,5.479452054798697e-06,-0.006647725748629369,0.9999999999968515,0.5999999999965466,0.25000000000018274
2008-06-04,-0.006017980415359734,0.0,5.535215186221552e-06,-0.006023515630545955,1.0014520019826287,0.5973812933884555,0.0
2008-06-05,0.012231132135908257,0.0,5.5883964580278295e-06,0.012225543739450229,1.0028999268752667,0.5949469854392353,0.0
2008-06-06,0.021998345323473972,0.0,5.536153186877855e-06,0.021992809170287096,1.0039838727217805,0.5998446900796971,0.0
2008-06-09,-0.006100121000548908,0.0,1.598870044064712e-05,-0.006116109700989555,0.9975196403484732,0.6084612629593933,0.0
2008-06-10,-0.006141527327630386,3.781459226152116e-06,5.479452054821972e-06,-0.00615078823891136,0.9999999999956979,0.5999999999936938,0.018702270040458373
2008-06-11,0.015194676916339859,0.0,5.547018756686517e-06,0.015189129897583172,1.0024661456283526,0.5975337763902367,0.0
2008-06-12,-0.003963093843230762,0.0,5.413683192312629e-06,-0.003968507526423075,0.9987597616078232,0.6035608885690013,0.0
2008-06-13,-0.004614814921797258,0.0,5.472285590945406e-06,-0.004620287207388204,1.001463631947135,0.6019867838081203,0.0
2008-06-16,-0.0002888736008627979,0.0,1.6581851647844687e-05,-0.0003054554525106426,1.0036365337067084,0.6001448102758208,0.0
2008-06-17,0.001883709352966338,3.55915757797792e-05,5.479452054768091e-06,0.0018426383251317906,1.0000000000239369,0.6000000000258663,0.16457613053011297
2008-06-18,0.010003583655633242,0.0,5.459301679414202e-06,0.009998124353953829,0.9993057178126195,0.6007766952153828,0.0
2008-06-19,-0.014509257104305598,0.0,5.390884540963594e-06,-0.014514647988846562,0.9982686439042909,0.6047340724139487,0.0
2008-06-20,0.007722714673083391,0.0,5.485242806983625e-06,0.007717229430276408,0.9993406226797992,0.5989178977699945,0.0
2008-06-23,0.004649948899078436,0.0,1.618445507177545e-05,0.004633764444006661,0.9958166199193741,0.6019948798395048,0.0
2008-06-24,0.000931348612973841,3.2227374617982375e-05,5.479452054786052e-06,0.0008936417863010726,1.0000000000235023,0.6000000000241205,0.15547158726025515
2008-06-25,-0.005700164713790062,0.0,5.441803894164163e-06,-0.0057056065176842264,0.9976464950199173,0.6003948107459334,0.0
2008-06-26,0.017741208614343414,0.0,5.4681355068729175e-06,0.01773574047883654,0.9972811024319712,0.5981072104302481,0.0
2008-06-27,0.00271527138888556,0.0,5.313257533935296e-06,0.0027099581313516246,0.9929840345263745,0.605116234549098,0.0
2008-06-30,-0.001719747618814236,0.0,1.586250825249755e-05,-0.0017356101270667335,0.9921764605900594,0.6061887597792854,0.0
2008-07-01,0.004266123025126943,4.568340420953051e-06,5.4794520547869535e-06,0.004256075232651204,1.0000000000067597,0.6000000000073121,0.022444844595999564
2008-07-02,0.00795913753475498,0.0,5.460674471657586e-06,0.007953676860283322,1.0003344567777683,0.6017052203467645,0.0
2008-07-03,-0.0002298811060997255,0.0,5.3687510423859965e-06,-0.0002352498571421115,0.996772374305429,0.6048535482112513,0.0
2008-07-07,-0.007377903164905864,0.0,2.1606259762178923e-05,-0.007399509424668043,0.9990801788654842,0.6047659382057189,0.0
2008-07-08,-0.018332044140458924,0.0,5.4195117793468185e-06,-0.018337463652238272,0.9974657257922624,0.6018413658999447,0.0
2008-07-09,-0.0010081578905484015,2.1973853359501438e-05,5.479452054897159e-06,-0.0010356111959627999,0.9999999999903495,0.5999999999828568,0.10819137713513342
2008-07-10,0.013787469566622487,0.0,5.443878243809059e-06,0.013782025688378679,0.9970159196274005,0.5996128078293392,0.0
2008-07-11,0.0012044947435499757,0.0,5.377806302539961e-06,0.0011991169372474358,0.9976411670063503,0.6050613069209334,0.0
2008-07-14,0.0022102985620840124,0.0,1.5997528283485953e-05,0.0021943010338005267,0.9948128769989982,0.6055396887675066,0.0
2008-07-15,-0.014979208466429896,0.0,5.314308005364954e-06,-0.01498452277443526,0.9943638051787125,0.6064193207870712,0.0
2008-07-16,-0.00820663499512559,5.00063197539179e-05,5.479452054828784e-06,-0.008262120766934337,1.0000000000073452,0.6000000000048439,0.23809874124749794
2008-07-17,-0.016819656667259434,0.0,5.560512628739164e-06,-0.016825217179888174,1.0026409890842465,0.5967235671862875,0.0
2008-07-18,-0.0031157383772785125,0.0,5.68416652989717e-06,-0.0031214225438084098,1.0047720495985906,0.5898278929160972,0.0
2008-07-21,0.004428645795851702,0.0,1.712817983721855e-05,0.0044115176160144836,1.005334974856561,0.588549265484243,0.0
2008-07-22,-0.013156046534005242,0.0,5.694253952526667e-06,-0.013161740787957768,1.006054006859,0.5903734683245534,0.0
2008-07-23,-0.012605463349430142,3.3690847014571144e-06,5.697629364123978e-06,-0.012614530063495723,0.9999999999817409,0.5840730564006907,0.016623197372689746
2008-07-24,0.0003860397605795966,0.0,5.778397121644942e-06,0.0003802613634579517,1.0005914753916307,0.5787684855115498,0.0
2008-07-25,-0.007327594302404992,0.0,5.745687655650803e-06,-0.007333339990060643,0.9983695777583662,0.5789343788958579,0.0
2008-07-28,0.00544471535929949,0.0,1.73638437980429e-05,0.005427351515501447,0.9983497374603846,0.5758295383746739,0.0
2008-07-29,-0.0077427869563938614,0.0,5.723752120214888e-06,-0.0077485107085140765,0.9959704084801133,0.5781365037044266,0.0
2008-07-30,0.009996807808157973,4.5853996574870806e-05,6.669307340102069e-06,0.009944284504243,0.999999999977156,0.513140564149705,0.2152905059531709
2008-07-31,-0.004043091326916806,0.0,6.631814085265674e-06,-0.004049723141002071,1.0021087963681163,0.5179863681437222,0.0
2008-08-01,0.0020475660440887385,0.0,6.645021617916928e-06,0.0020409210224708214,1.00111964598123,0.5160330678732942,0.0
2008-08-04,-0.017552930631503105,0.0,1.9800951580581232e-05,-0.017572731583083687,0.9988485809840768,0.5170254258566003,0.0
2008-08-05,-0.0060553055452304575,0.0,6.694239119158407e-06,-0.006061999784349616,0.9970860434248463,0.5084065877262824,0.0
2008-08-06,-0.003313389800022048,3.44143260104713e-05,8.688827588591844e-06,-0.0033564929536211113,1.000000000021284,0.36571558605407956,0.16730998699580762
2008-08-07,0.0058879738801225065,0.0,8.737411912770592e-06,0.005879236468209736,1.0014537628940203,0.3636226932617673,0.0
2008-08-08,-0.015670786153544274,0.0,8.634567334105558e-06,-0.01567942072087838,0.9976743395814568,0.3673509241917512,0.0
2008-08-11,-0.0018867798664622508,0.0,2.658969207340375e-05,-0.0019133695585356546,1.004297955082353,0.35728211462952836,0.0
2008-08-12,0.00018478800773415562,0.0,8.905589122111354e-06,0.00017588241861204426,1.0061846468825295,0.35607664096840064,0.0
2008-08-13,0.012369615362243996,3.638983265742955e-05,8.760882156828643e-06,0.012324464647429737,1.000000000021857,0.3604556025733663,0.17451862910299207
2008-08-14,-0.004481437642372449,0.0,8.595650921622882e-06,-0.004490033293294072,0.9957688038945476,0.36828628661607743,0.0
2008-08-15,-0.005550699360608337,0.0,8.658730463460212e-06,-0.005559358091071797,0.9975330362218195,0.36544571238922396,0.0
2008-08-18,0.003935833269084842,0.0,2.617322166179132e-05,0.00390966004742305,0.998788710649395,0.36190698354580647,0.0
2008-08-19,0.007765574997883446,0.0,8.645442188797081e-06,0.007756929555694649,0.9955353458436386,0.3644180660614517,0.0
2008-08-20,0.0025505529072743357,1.1751168259066144e-05,9.146210952931693e-06,0.002529655528062338,1.000000000017174,0.3323266004531607,0.056713915478484186
2008-08-21,0.015880921191169073,0.0,9.154774854855552e-06,0.015871766416314218,1.0023307314469805,0.33403216704252536,0.0
2008-08-22,-0.01800240254385372,0.0,8.97960202627996e-06,-0.01801138214588,0.9999570677944535,0.34444611987601653,0.0
2008-08-25,0.003118242593675331,0.0,2.7634160252524778e-05,0.0030906084334228062,1.0048624966742707,0.33243126386283417,0.0
2008-08-26,0.00017485402621207353,0.0,9.120022263742156e-06,0.00016573400394833136,1.0002772748220174,0.3345156495688401,0.0
2008-08-27,0.0015266607344227346,4.9446326213276444e-05,1.042502166680829e-05,0.00146678938654265,1.0000000000044775,0.23897341832747254,0.24160034107468908
2008-08-28,-0.009047445851146163,0.0,1.0471978887001073e-05,-0.009057917830033164,1.0046022915206663,0.2401478327695878,0.0
2008-08-29,-5.5590093650925686e-05,0.0,1.067246941472577e-05,-6.626256306565146e-05,1.0123030766577226,0.23321280938274158,0.0
2008-09-02,-0.007157229400676857,0.0,4.2500624194117634e-05,-0.007199730024870975,1.0088090614504825,0.23317266990783572,0.0
2008-09-03,-0.0011623092802561417,0.0,1.0644872764795581e-05,-0.0011729541530209372,1.0047302032141507,0.22765449138407334,0.0
2008-09-04,0.006435283141802565,5.000238956966318e-05,9.133500021000694e-06,0.006376147252211901,0.9999999999900646,0.3332544984570137,0.23539250511007415
2008-09-05,-0.0025850286909777985,0.0,8.78640313864991e-06,-0.0025938150941164483,0.9789450213291859,0.3375375922077427,0.0
2008-09-08,-0.006911751771039235,0.0,2.6445410888248147e-05,-0.006938197181927483,0.9793286261925085,0.3358236279118034,0.0
2008-09-09,-0.0010236881350100299,0.0,9.065811168010571e-06,-0.0010327539461780404,0.9930140908308147,0.33120987556604314,0.0
2008-09-10,-0.0025233143980046687,0.0,8.804251689482262e-06,-0.002532118649694151,0.9732379143855818,0.33052754105337645,0.0
2008-09-11,-0.0010996492247370446,5.372388567916204e-05,1.2053536089512539e-05,-0.0011654266465057192,1.000000000011607,0.12009186547719164,0.25000000001171335
2008-09-12,-0.008480117255384206,0.0,1.2026238236492286e-05,-0.008492143493620699,0.9970464460220327,0.11913105475809599,0.0
2008-09-15,0.00664315019800794,0.0,3.699618041344227e-05,0.006606154017594498,1.01183903930623,0.11159864924580143,0.0
2008-09-16,-0.004148551512543164,0.0,1.186829924355877e-05,-0.004160419811786722,0.9838516470420545,0.11746580226226448,0.0
2008-09-17,0.006666381871731425,0.0,1.1896232012037176e-05,0.006654485639719388,0.9822156045767224,0.11379066769800864,0.0
2008-09-18,-0.007131104700992418,5.563487405340204e-05,1.5098369989503636e-05,-0.007201837945035323,0.9999999999830489,-0.10218100925071648,0.25000000000781375
2008-09-19,-0.019785431867408537,0.0,1.536697383851888e-05,-0.019800798841247056,1.0116840173686261,-0.11010507284325233,0.0
2008-09-22,0.00332320956476144,0.0,4.887703296564542e-05,0.0032743325317957945,1.0568267398958355,-0.13251439560153638,0.0
2008-09-23,0.000555861532517555,0.0,1.6287373248275395e-05,0.0005395741592692795,1.0602086954195797,-0.12876955170452406,0.0
2008-09-24,0.004095593131520194,0.0,1.618628045979828e-05,0.004079406851060396,1.053453926879311,-0.12814454668596342,0.0
2008-09-25,-0.0033983597723659777,5.106292840699653e-05,1.2314362360834604e-05,-0.003461737063133809,1.0000000000031515,0.10105154766222534,0.2500000000014805
2008-09-26,0.005425176422552156,0.0,1.247301234027057e-05,0.005412703410211885,1.0085223126936314,0.09799241185387988,0.0
2008-09-29,0.025689288988240768,0.0,3.6704240700837645e-05,0.025652584747539932,0.9959973568147478,0.10286083309436495,0.0
2008-09-30,-0.004904035037075789,0.0,1.1124179257541745e-05,-0.00491515921633333,0.9374000422899786,0.1253349564894313,0.0
2008-10-01,-0.007386813866200619,0.0,1.1310843123572852e-05,-0.007398124709324192,0.9467173304631591,0.1210257824423409,0.0
2008-10-02,0.02491761215933938,4.87493126394904e-05,1.0231370485774208e-05,0.024858631476214116,1.0000000000007137,0.25310995453919666,0.2299767842317485
2008-10-03,0.0008951336191517802,0.0,9.358669927942708e-06,0.0008857749492238375,0.9544667268783531,0.2712838221385354,0.0
2008-10-06,0.018252447011523475,0.0,2.801864750193177e-05,0.018224428364021543,0.9537251690325166,0.27193807981884355,0.0
2008-10-07,0.0030004233263851623,0.0,8.731510697359639e-06,0.0029916918156878028,0.9223969071388747,0.28499662623162103,0.0
2008-10-08,-0.004979674330929135,0.0,8.568104137503862e-06,-0.0049882424350666385,0.9126096231281193,0.2871380210903374,0.0
2008-10-09,0.0005151505316439496,2.929517894050048e-05,8.661695110005678e-06,0.00047719365759344345,0.9999999999982059,0.3676962569677913,0.1429902293559424
2008-10-10,0.016427750487469972,0.0,8.581191866990565e-06,0.01641916929560298,0.9944627894482561,0.36803578315794494,0.0
2008-10-13,-0.0266072110130284,0.0,2.3621769748649017e-05,-0.026630832782777048,0.9530493318915626,0.37825293467443666,0.0
2008-10-14,-4.0094142991134815e-05,0.0,8.70155989104097e-06,-4.8795702882175785e-05,0.996480424865547,0.3612665528195561,0.0
2008-10-15,0.02549021453217463,0.0,8.749075943990992e-06,0.025481465456230642,0.9999266297469878,0.3612440858356454,0.0
2008-10-16,-0.004177564993650492,1.9455051059708337e-05,7.237036330202888e-06,-0.004204257081040403,1.0000000000062272,0.47169634790141657,0.09526008201425631
2008-10-17,0.001295860606346407,0.0,7.362849982412205e-06,0.0012884977563639946,1.0069806994250967,0.46949265070900587,0.0
2008-10-20,-0.00110783872814081,0.0,2.1923791468259577e-05,-0.0011297625196090694,1.0036616077121834,0.47018268198453383,0.0
2008-10-21,0.0065483511678272495,0.0,7.466815874335674e-06,0.006540884351952914,1.0146829446468038,0.46960538582029937,0.0
2008-10-22,0.01916876485192122,0.0,7.3849595028677525e-06,0.01916137989241835,1.0121615531545995,0.47305950944525366,0.0
2008-10-23,0.004104577542351481,3.102352929876222e-06,7.162097549211435e-06,0.004094313091872394,0.9959644735906732,0.47313135249823846,0.015427058438420254
2008-10-24,0.007776358367014222,0.0,6.9922283106999424e-06,0.0077693661387035215,0.9857226108807138,0.475289944199618,0.0
2008-10-27,0.005468132185105226,0.0,2.006160743407878e-05,0.005448070577671147,0.9675078990409786,0.47934211814506156,0.0
2008-10-28,-0.01874127213581526,0.0,6.452655451281961e-06,-0.018747724791266542,0.9532271297232412,0.4821832817796582,0.0
2008-10-29,-0.014559686819310136,0.0,6.947786644363277e-06,-0.014566634605954499,0.9794849193781208,0.47229649433960175,0.0
2008-10-30,0.0032399987110253805,1.451635913821202e-05,7.374353540124052e-06,0.0032181079983470444,1.0000000000007072,0.4616721915716516,0.06881724432089378
2008-10-31,-0.004743964322496951,0.0,7.177344601765136e-06,-0.004751141667098716,0.9873670078613274,0.4634208519324724,0.0
2008-11-03,0.0005549874291809432,0.0,2.198666229314935e-05,0.0005330007668877939,0.9958753122492309,0.46086652978259657,0.0
2008-11-04,-0.010850346991742423,0.0,7.384765090094676e-06,-0.010857731756832517,1.00026356178148,0.4611757102045685,0.0
2008-11-05,0.007013260588575896,0.0,7.85742505335501e-06,0.0070054031635225405,1.0288605758680995,0.4552685469731838,0.0
2008-11-06,0.011655573860750577,5.1910755123022104e-05,8.272097258661494e-06,0.011595391008368894,0.9521379827937907,0.34827488291150166,0.2500000000017294
2008-11-07,-0.0027638020089628167,0.0,7.867335411329061e-06,-0.0027716693443741456,0.9301202464677293,0.35580476144070783,0.0
2008-11-10,-0.00430411737624247,0.0,2.3736400565605344e-05,-0.004327853776808076,0.9316079389846263,0.3540221918882298,0.0
2008-11-11,0.015198043167961544,0.0,8.111750390373732e-06,0.01518993141757117,0.9433959605018172,0.3512381820045348,0.0
2008-11-12,0.014143417023815556,0.0,7.664952655095675e-06,0.01413575207116046,0.9204949120856147,0.36095336826363045,0.0
2008-11-13,-0.015118957619923896,5.2516086698705097e-05,1.192270713933644e-05,-0.015183396413761936,1.000000000010525,0.12964237883896468,0.2500000000070658
2008-11-14,0.01086045176417079,0.0,1.233501464971205e-05,0.010848116749521077,1.016745153916386,0.11628908448740655,0.0
2008-11-17,0.001707864274522615,0.0,3.615479829883992e-05,0.0016717094762237752,1.0055517644281742,0.12578500582306953,0.0
2008-11-18,0.005139548810252433,0.0,1.2018501569710621e-05,0.005127530308682722,1.0046307093459275,0.1272800947570521,0.0
2008-11-19,0.010290004158123669,0.0,1.1908785295380317e-05,0.010278095372828288,1.0010854481536198,0.13174412159085666,0.0
2008-11-20,0.027813516761065804,5.5566502485693086e-05,1.1927468500748553e-05,0.027746022790079365,1.00000000000307,0.12929479944842578,0.24211354142996483
2008-11-21,-0.009479715583211132,0.0,1.1165470274069505e-05,-0.009490881053485202,0.9679461985968262,0.15286686858975226,0.0
2008-11-24,-0.02192962830284524,0.0,3.4255185982088e-05,-0.02196388348882733,0.978303921934476,0.14476106303700131,0.0
2008-11-25,0.010446058497905617,0.0,1.208102923569931e-05,0.010433977468669918,1.007505010347145,0.12558987614109535,0.0
2008-11-26,-0.008134368482961707,0.0,1.1805206035110459e-05,-0.008146173688996818,0.9964112363387608,0.1346311957756973,0.0
2008-11-28,0.010910088724417117,2.9437384631605774e-05,2.470310799045783e-05,0.010855948231795053,1.0000000000064442,0.09833655835473326,0.13907374000863196
2008-12-01,0.012643225933677336,0.0,3.603839287576968e-05,0.012607187540801566,0.9850076344030109,0.10807340775928194,0.0
2008-12-02,-0.002072507833398051,0.0,1.1703031453619531e-05,-0.0020842108648516707,0.9735349805303215,0.11921368441609567,0.0
2008-12-03,-0.000778587449701113,0.0,1.180216025457783e-05,-0.0007903896099556908,0.9789435319962563,0.1173858334120747,0.0
2008-12-04,0.012303237320831188,0.0,1.1858753066022117e-05,0.012291378567765165,0.9823884578416464,0.11669948402203187,0.0
2008-12-05,0.0015287654013737208,9.265056208134696e-06,1.2239805183628033e-05,0.001507260539981958,0.999999999994905,0.10649422159005839,0.0426501938218075
2008-12-08,-0.009339362536671615,0.0,3.633294569383382e-05,-0.00937569548236545,0.9919620917966753,0.10786041324671912,0.0
2008-12-09,0.00649971352171955,0.0,1.239996597857693e-05,0.006487313555740973,1.004651012843132,0.09945349640701623,0.0
2008-12-10,-0.004755453602122915,0.0,1.2259528667994318e-05,-0.004767713130790909,1.000215881322337,0.10527028855875178,0.0
2008-12-11,-0.004806997960196031,0.0,1.2420579199377468e-05,-0.004819418539395408,1.0076986381667663,0.10099635661221101,0.0
2008-12-12,-0.003982359969585363,5.812523583225854e-06,1.2098886273990132e-05,-0.0040002713794425795,0.9999999999902931,0.11678130198901343,0.02848063724496102
2008-12-15,0.0036279518770573637,0.0,3.6788197289817696e-05,0.003591163679767546,1.008431448061957,0.11325198067639305,0.0
2008-12-16,-0.009811928349844286,0.0,1.2094229782959058e-05,-0.009824022579627245,0.9993404736840328,0.11646169952802136,0.0
2008-12-17,0.0013236975041443857,0.0,1.255515929171684e-05,0.001311142344852669,1.024234524275621,0.10770789598029157,0.0
2008-12-18,0.005539142487189329,0.0,1.2562672541631182e-05,0.005526579814647698,1.0259639202745205,0.10888882473544412,0.0
2008-12-19,0.007663168409620765,1.8210214704223093e-05,1.2019601270758214e-05,0.007632938593645783,0.99999999999223,0.12256910722688051,0.08879977927084355
2008-12-22,-0.0013155509162436898,0.0,3.5306131893010535e-05,-0.0013508570481367004,0.9883616268207361,0.12924575075747974,0.0
2008-12-23,-0.003637920852996686,0.0,1.1769038793180308e-05,-0.0036496898917898666,0.9872430809202237,0.1281032490180613,0.0
2008-12-24,0.0015091176593521583,0.0,1.1901860836026461e-05,0.0014972157985161318,0.9937570930256749,0.12492125199574325,0.0
2008-12-26,-0.0035002117926706067,0.0,2.3668041343637004e-05,-0.0035238798340142437,0.9901248681405787,0.12624135909782808,0.0
2008-12-29,-0.0009128010929738624,1.1029248960909155e-05,3.477714513604249e-05,-0.000958607487070814,0.999999999991199,0.15375613501416507,0.05433123917260824
2008-12-30,0.0026890689816920213,0.0,1.1662515244468713e-05,0.0026774064664475527,1.0043536041184877,0.1529899912722717,0.0
2008-12-31,-0.009584144998457618,0.0,1.1584971073931998e-05,-0.00959572996953155,1.000966245534597,0.15526335713756123,0.0
2009-01-02,-0.01000984660268072,0.0,2.372960159100343e-05,-0.010033576204271723,1.013221112410809,0.14709065433918414,0.0
2009-01-05,-0.005823093694771483,0.0,3.643177432410015e-05,-0.0058595254690955835,1.0249766671781895,0.13847015862508577,0.0
2009-01-06,-0.007304167497939165,2.120602254197917e-05,1.076602361232484e-05,-0.007336139544093468,0.9999999999664547,0.21408027626674142,0.10278270251187198
2009-01-07,0.009366364274498332,0.0,1.10027728526198e-05,0.009355361501645712,1.0115066761134268,0.20830425787218143,0.0
2009-01-08,-0.0012503359449329815,0.0,1.0623023937330584e-05,-0.001260958968870312,0.9911338567748915,0.2156531093497588,0.0
2009-01-09,0.002620526362460313,0.0,1.063789773230777e-05,0.002609888464728005,0.9912400022979436,0.21467346783947647,0.0
2009-01-12,0.011736431492889422,0.0,3.1873401094999734e-05,0.011704558091794423,0.992314450673738,0.21672835736207804,0.0
2009-01-13,0.0010087541756356696,2.4261390604923078e-05,9.671512231999697e-06,0.0009748212727987469,0.9999999999979733,0.2939796070619953,0.11527478054977926
2009-01-14,0.007300094686255223,0.0,9.687488526965521e-06,0.007290407197728257,1.0018877428238668,0.2947010803553838,0.0
2009-01-15,0.0005685619451181005,0.0,9.516756731792637e-06,0.0005590451883863078,0.9945386401218224,0.29981539870095975,0.0
2009-01-16,-0.0053720349126737555,0.0,9.497420021090244e-06,-0.005381532332694846,0.9935277878048012,0.3002161262652133,0.0
2009-01-20,0.009549421464452031,0.0,3.824997224299089e-05,0.00951117149220904,0.994501382946466,0.2964393895118821,0.0
2009-01-21,-0.010699647275787995,5.3442213628266526e-05,6.808941731413952e-06,-0.010759898431147675,1.0000000000244205,0.5029472536312021,0.25000000002283274
2009-01-22,-0.0011544881562925683,0.0,6.9707075015482785e-06,-0.0011614588637941165,1.0064633982646107,0.4976017506515864,0.0
2009-01-23,-0.006758049483619001,0.0,6.876392601252281e-06,-0.006764925876220253,0.9990011959396268,0.4970245360482102,0.0
2009-01-26,-0.005315833386841924,0.0,2.1163638163448284e-05,-0.005336997025005372,1.0085875544635832,0.49360569248634156,0.0
2009-01-27,0.011895493652007304,0.0,7.10386892936246e-06,0.011888389783077942,1.009492275317124,0.4909098434736645,0.0
2009-01-28,-0.007480376496536396,2.630740277505276e-05,6.983525340726245e-06,-0.0075136674246521745,1.0000000000248743,0.49020265015185843,0.12506291663621186
2009-01-29,-0.004597999767607127,0.0,7.185649688976495e-06,-0.004605185417296104,1.0109291740689477,0.4863767467736636,0.0
2009-01-30,0.003345875195144124,0.0,7.136226710681341e-06,0.0033387389684334423,1.0049522420516435,0.48400769217190565,0.0
2009-02-02,0.005494724051797989,0.0,2.117698569855674e-05,0.005473547066099432,1.0010384875576728,0.4857318355594588,0.0
2009-02-03,-0.004239945695269089,0.0,6.9363334817308605e-06,-0.00424688202875082,0.9949047889766824,0.48855244481032956,0.0
2009-02-04,-0.0007755556609402891,1.965494850252112e-05,6.108435744876277e-06,-0.0008013190451876865,1.0000000000007536,0.5540841906247853,0.09300961464965564
2009-02-05,-0.0038831987630910552,0.0,6.130742873081765e-06,-0.003889329505964137,1.0012965970170349,0.553752367282066,0.0
2009-02-06,-0.0025738687032768525,0.0,6.270443287203947e-06,-0.0025801391465640564,1.0097585011505408,0.5520161411846529,0.0
2009-02-09,-0.0007856553758077707,0.0,1.9013848951724345e-05,-0.000804669224759495,1.013533901653185,0.550863577161226,0.0
2009-02-10,0.012969171862283106,0.0,6.333477601056055e-06,0.01296283838468205,1.012864773895584,0.5505209090184919,0.0
2009-02-11,0.007387711927162486,1.227895926217107e-05,5.612548453240712e-06,0.007369820419447074,0.9949104579820162,0.5851944208954442,0.05762227051320688
2009-02-12,0.00025960911347070847,0.0,5.53410404030177e-06,0.0002540750094304067,0.9922364540507012,0.588246859108672,0.0
2009-02-13,-0.004252846160350071,0.0,5.519019149604035e-06,-0.004258365179499675,0.9912453793376353,0.5883569814165408,0.0
2009-02-17,0.023447464388269206,0.0,2.1791705795160274e-05,0.023425672682474048,0.9843007319799149,0.5866021012182399,0.0
2009-02-18,-0.0007428407797740082,0.0,5.000221639974007e-06,-0.0007478410014139822,0.9611020332295982,0.5960858535114956,0.0
2009-02-19,-0.009293189317645632,7.49730906767268e-06,5.4288932844287965e-06,-0.009306115519997734,0.9949379767387463,0.5986287669754442,0.03570589157097509
2009-02-20,0.004225793568180761,0.0,5.551916709317705e-06,0.004220241651471444,1.0001614405296422,0.5948715207494497,0.0
2009-02-23,0.002166037253759919,0.0,1.6409065067513316e-05,0.0021496281886924057,0.9958668541996256,0.5965796042234682,0.0
2009-02-24,-0.007946906708456714,0.0,5.419598611978242e-06,-0.007952326307068693,0.9930920204526918,0.59746132177828,0.0
2009-02-25,-0.006999989300194679,0.0,5.599716084474038e-06,-0.007005589016279153,1.0030192796648647,0.59424000549826,0.0
2009-02-26,-0.007710945124969412,9.954500661772638e-06,5.505866690235172e-06,-0.00772640549232142,0.9984424799055158,0.5965142115183482,0.04747962965459318
2009-02-27,-0.0027167727400408794,0.0,5.658411074931075e-06,-0.0027224311511158104,1.0064520313423462,0.5933880228723778,0.0
2009-03-02,0.01072715442879186,0.0,1.704880164654049e-05,0.01071010562714532,1.0071378751313826,0.5922837017322309,0.0
2009-03-03,-0.006609976568612874,0.0,5.39892838911022e-06,-0.0066153754970019844,0.9907427548249801,0.5966209824199341,0.0
2009-03-04,-0.007411711641683746,0.0,5.541754173305922e-06,-0.0074172533958570515,0.9984881975708088,0.5939401429194764,0.0
2009-03-05,0.013532689809555328,1.345443718201133e-05,5.874169380822762e-06,0.013513361202992494,0.997585445379952,0.5687710805798903,0.06560120336572514
2009-03-06,-0.002463169189927994,0.0,5.626183873195068e-06,-0.0024687953738011894,0.9852512292025042,0.5745398064592642,0.0
2009-03-09,-0.003806336514073248,0.0,1.7003896649670422e-05,-0.0038233404107229185,0.9872539579751568,0.5734924728331765,0.0
2009-03-10,-0.0021740479735178177,0.0,5.628789592665785e-06,-0.0021796767631104834,0.9827742402048422,0.57187259994024,0.0
2009-03-11,0.0072724415800710755,0.0,5.640991811081798e-06,0.007266800588259994,0.9827354254164387,0.5709430232074674,0.0
2009-03-12,-0.00867018215559041,2.81850528937819e-05,6.5204044233286716e-06,-0.008704887612907521,0.9609934349428871,0.4850039120398941,0.13508298138493768
2009-03-13,0.00517375123723378,0.0,6.913971340917292e-06,0.005166837265892863,0.985236480532283,0.48051657264532077,0.0
2009-03-16,-0.005673470272680092,0.0,2.0349998782927015e-05,-0.005693820271463019,0.9783770441756021,0.48319374045771146,0.0
2009-03-17,-0.0043466468121724534,0.0,6.8819263660383006e-06,-0.004353528738538491,0.9826353791621318,0.4802547544413359,0.0
2009-03-18,0.011659954631656916,0.0,6.997846654525377e-06,0.01165295678500239,0.9888318524609466,0.47798904668059405,0.0
2009-03-19,-0.012520608120361015,2.994743133951471e-05,6.566429867915233e-06,-0.012557121981568446,0.9865167131584175,0.5071673328006056,0.140852638281303
2009-03-20,-0.0032484598229261512,0.0,7.002705034570907e-06,-0.003255462527960722,1.0121345198753886,0.5009370523517123,0.0
2009-03-23,-0.007659402682370456,0.0,2.124532294579221e-05,-0.007680648005316248,1.0162836158554793,0.4993140908412025,0.0
2009-03-24,-0.0006497956245978067,0.0,7.32927945139602e-06,-0.0006571249040492027,1.0304975430707006,0.49546014311879105,0.0
2009-03-25,0.0018879705981787638,0.0,7.270506522400328e-06,0.0018807000916563634,1.0258826896376438,0.4951357135024198,0.0
2009-03-26,0.005057349195651157,2.2174319166265646e-05,7.881216920730337e-06,0.0050272936595641615,1.0000000000149718,0.42467116480165734,0.1059450833772863
2009-03-27,0.007635500647271294,0.0,7.774912129386007e-06,0.0076277257351419075,0.9951475345029261,0.4275789490577474,0.0
2009-03-30,0.005778058000232848,0.0,2.2488426336342825e-05,0.005755569573896504,0.9791382574800268,0.43191988329568465,0.0
2009-03-31,0.0004041237672291531,0.0,7.270389615626242e-06,0.00039685337761352684,0.9659315987445649,0.43519315680384935,0.0
2009-04-01,0.003189063456527491,0.0,7.304058619152451e-06,0.0031817593979083384,0.9686207600932684,0.4354244808951395,0.0
2009-04-02,-0.014983189890367378,5.235920892211007e-05,1.1023595831253564e-05,-0.015046572695120742,0.997372145597383,0.19264964991587288,0.25000000000003564
2009-04-03,-0.0060333649283016285,0.0,1.1484655280119546e-05,-0.006044849583581748,1.0187604048241263,0.1803805693753997,0.0
2009-04-06,0.0003699678334497028,0.0,3.487942252376757e-05,0.00033508841092593525,1.024140131245182,0.17540751650017128,0.0
2009-04-07,0.010368013682218508,0.0,1.1505508170836978e-05,0.01035650817404767,1.0156206995372483,0.17571860306614934,0.0
2009-04-08,-0.0027220001676992135,0.0,1.117473821932806e-05,-0.0027331749059185417,0.9999350537446192,0.18417916373367083,0.0
2009-04-09,-0.0037143589881163206,1.4773257105718149e-05,1.1875667641467148e-05,-0.003741007912863506,1.0000000000190596,0.1330762621919578,0.07202395635796172
2009-04-13,0.0003767797493933905,0.0,4.82194760764064e-05,0.0003285602733169841,1.0098531027380346,0.12984766434361789,0.0
2009-04-14,0.001708942544074454,0.0,1.2079699684265566e-05,0.0016968628443901886,1.0119997485188061,0.13018167156742014,0.0
2009-04-15,0.002068979610973961,0.0,1.2006408931044102e-05,0.002056973202042917,1.0081350449101822,0.1316671929439628,0.0
2009-04-16,-0.0009073194826782107,0.0,1.1966393562517445e-05,-0.0009192858762407281,1.0070083755903616,0.13346164552658804,0.0
2009-04-17,-0.00405289403023542,9.454704077985514e-06,1.1841264309526638e-05,-0.004074189998622932,1.0000000000276075,0.1355877054321631,0.0446707472546235
2009-04-20,0.016195076166392302,0.0,3.590568202631302e-05,0.01615917048436599,1.0057778308032432,0.132072901496293,0.0
2009-04-21,-0.0011020464477459464,0.0,1.1405245103756134e-05,-0.0011134516928497026,0.9784930826008365,0.14591019002663858,0.0
2009-04-22,-0.00017268565349073728,0.0,1.144818588619047e-05,-0.00018413383937692775,0.9806871298729923,0.1449695601810879,0.0
2009-04-23,0.0006798298954836237,0.0,1.145006217337729e-05,0.0006683798333102464,0.9806780800988574,0.14482354144231507,0.0
2009-04-24,-0.00047929082070508663,5.228692906633707e-05,8.708551264671376e-06,-0.000540286301036095,0.999999999996741,0.3642757576757305,0.2500000000003983
2009-04-27,0.005768421957109651,0.0,2.6204079889093566e-05,0.0057422178772205575,1.0016257379900173,0.36399312735540684,0.0
2009-04-28,-0.004983198628487055,0.0,8.558277619365508e-06,-0.004991756906106421,0.9924046867090626,0.3676504204953803,0.0
2009-04-29,-0.002776519741119895,0.0,8.618018633549203e-06,-0.002785137759753444,0.9936020108714125,0.36448665062232083,0.0
2009-04-30,-0.0045633182923253204,0.0,8.731595111586617e-06,-0.004572049887436907,1.000126800189658,0.3627203570438349,0.0
2009-05-01,-0.010465269487102281,3.2189467019278596e-05,7.998254875351097e-06,-0.010505457208996911,1.0000000000100921,0.4161273941094621,0.15216605148539425
2009-05-04,-0.004883930244928477,0.0,2.4962201289362076e-05,-0.0049088924462178385,1.0173826015032386,0.4099690367954278,0.0
2009-05-05,0.0062991070779459,0.0,8.619720199544951e-06,0.006290487357746355,1.036323009918057,0.40708343535127567,0.0
2009-05-06,-0.00889609913942923,0.0,8.42443230706935e-06,-0.008904523571736298,1.0257819785766815,0.41079842016061896,0.0
2009-05-07,-0.008083939662578313,0.0,8.847610731612708e-06,-0.008092787273309926,1.0513888064824368,0.4055132230747093,0.0
2009-05-08,-0.009038053443106566,2.216988745259214e-05,8.286600500189652e-06,-0.009068509931059347,1.0000000000062623,0.39507816349241776,0.10392769097020295
2009-05-11,0.005643822180221535,0.0,2.5877151150562633e-05,0.005617945029070973,1.019250300935828,0.3895729562721372,0.0
2009-05-12,-0.005338277783349624,0.0,8.469831771107968e-06,-0.005346747615120732,1.011306595480868,0.3930088761899865,0.0
2009-05-13,0.009510030169349181,0.0,8.696193689416171e-06,0.009501333975659765,1.0245766567706396,0.38975451744325906,0.0
2009-05-14,-0.001366708951684345,0.0,8.3481683882409e-06,-0.0013750571200725858,1.004922998647964,0.3955067063063783,0.0
2009-05-15,0.00822624678109966,2.131799193217588e-05,7.111719442614441e-06,0.008197817069724871,1.0000000000023066,0.4808444806914525,0.10321379922974316
2009-05-18,-0.005968452676746696,0.0,2.0532771345119354e-05,-0.005988985448091815,0.9847247848699978,0.48509401547209374,0.0
2009-05-19,0.00689736999350774,0.0,7.026888216980231e-06,0.00689034310529076,0.9949751674507682,0.4820123276112114,0.0
2009-05-20,-0.0021556178203289604,0.0,6.812555964676795e-06,-0.002162430376293637,0.9828805805004549,0.48556399507904885,0.0
2009-05-21,0.006265823884462176,0.0,6.94064911464389e-06,0.006258883235347532,0.9911233649539556,0.48445597958495146,0.0
2009-05-22,-5.013878504658907e-05,2.9121152300414774e-05,7.4650506388059914e-06,-8.672498798580983e-05,1.0000000000073295,0.45505130337449207,0.14144877175874382
2009-05-26,-0.0022412532402893794,0.0,2.9710527700775558e-05,-0.002270963767990155,0.9972577585215943,0.45504062798244027,0.0
2009-05-27,-0.003090119454182261,0.0,7.496112702013943e-06,-0.003097615566884275,1.0010462334901735,0.45383000624315584,0.0
2009-05-28,-0.008313460750369796,0.0,7.5084000256139e-06,-0.008320969150395409,1.000253645936748,0.4521404440669333,0.0
2009-05-29,0.004754241554868097,0.0,7.911534645567487e-06,0.004746330020222529,1.0250930708544361,0.4475510417280096,0.0
2009-06-01,-0.014690562054295092,5.308103273896699e-05,2.2035052106490497e-05,-0.01476567813914055,1.0000000000180422,0.4638137320934402,0.2500000000194946
2009-06-02,0.0030213462299957233,0.0,7.886393606810582e-06,0.0030134598363889126,1.031560899228851,0.45585416593167855,0.0
2009-06-03,0.014933536681427587,0.0,7.802686839793725e-06,0.014925733994587792,1.0270930030424692,0.45749686373752746,0.0
2009-06-04,-0.008718964699622134,0.0,7.2431847305706984e-06,-0.008726207884352704,0.9942352143580927,0.4654827290264317,0.0
2009-06-05,-0.002797546640420985,0.0,7.516758608360385e-06,-0.0028050633990293456,1.0095080455323469,0.4607846671220387,0.0
2009-06-08,0.0013146086491680246,5.47481862969599e-05,1.659838255866507e-05,0.0012432620803123995,1.0000000000014804,0.5961060244072971,0.2500000000007404
2009-06-09,0.0021029639364519856,0.0,5.4188309721565256e-06,0.002097545105479829,0.9922534658916029,0.5966788049241767,0.0
2009-06-10,0.0008625440269777782,0.0,5.440502377845157e-06,0.0008571035245999331,0.9946850996179097,0.5975284260352135,0.0
2009-06-11,-0.004315143653633335,0.0,5.407655257472252e-06,-0.004320551308890808,0.9926373600655167,0.5978785262700426,0.0
2009-06-12,0.0022831397139008044,0.0,5.6311452909240095e-06,0.0022775085686098802,1.0072126381283788,0.5961390318909263,0.0
2009-06-15,-0.011585695246273996,2.6792821565709032e-05,1.6438356164605974e-05,-0.01162892642400431,1.0000000000080453,0.6000000000026331,0.13098822802107965
2009-06-16,0.001373510537739626,0.0,5.745080618249381e-06,0.0013677654571213765,1.0147283251762917,0.5953374400440868,0.0
2009-06-17,-0.005781376350525077,0.0,5.679360918135189e-06,-0.005787055711443213,1.010489251771142,0.5958959047472732,0.0
2009-06-18,0.0020093437634566024,0.0,5.811160917547315e-06,0.0020035326025390553,1.01776417900834,0.5935494320273862,0.0
2009-06-19,0.005194874296529763,0.0,5.664836493438347e-06,0.005189209460036324,1.007901004265658,0.5943679402446584,0.0
2009-06-22,0.0026576202572706643,4.2866964928890404e-05,2.417661350224939e-05,0.0025905766788395243,1.0000000000069675,0.4117024047855656,0.20517875776036693
2009-06-23,0.0015258510987101368,0.0,7.857431996369201e-06,0.0015179936667137676,0.9868819029813869,0.4132893672464352,0.0
2009-06-24,0.0058313793966565,0.0,7.879412499180942e-06,0.005823499984157319,0.9893835983229459,0.4141864858827371,0.0
2009-06-25,-0.0007682067206818359,0.0,7.710141306819858e-06,-0.0007759168619886558,0.9804263683047553,0.4175860529069059,0.0
2009-06-26,-0.000834341691932848,0.0,7.900790453760466e-06,-0.0008422424823866084,0.9938992164447586,0.41714151332024474,0.0
2009-06-29,0.004690635411971174,5.220243651957614e-05,2.9470259635958045e-05,0.00460896271581564,1.0000000000113216,0.282890348869676,0.25000000000799727
2009-06-30,0.0032033235009982,0.0,9.680162329440175e-06,0.00319364333866876,0.9929134652194906,0.2862616151703579,0.0
2009-07-01,0.00510628070185934,0.0,9.524398801906883e-06,0.005096756303057433,0.9838245463951081,0.2885434338559055,0.0
2009-07-02,0.00023033714967245789,0.0,9.409745264568504e-06,0.00022092740440788939,0.9790720472727575,0.2921606429592569,0.0
2009-07-06,0.004970714867326357,0.0,3.6905750550802654e-05,0.0049338091167755544,0.9658563447489054,0.29232639719675685,0.0
2009-07-07,-0.00215925380403269,4.390236115081725e-05,7.78921312090969e-06,-0.002210945378304417,1.0000000000116516,0.4313874421852443,0.21072630123449912
2009-07-08,-0.0037502586395620017,0.0,7.724945053422442e-06,-0.003757983584615424,0.9941002801969855,0.43017929129714727,0.0
2009-07-09,0.00253226577106301,0.0,7.81540623573337e-06,0.0025244503648272766,0.9985622461063133,0.4280375908977775,0.0
2009-07-10,-0.0011971687748855082,0.0,7.820659006961822e-06,-0.00120498943389247,1.0003937489927197,0.4294856414845068,0.0
2009-07-13,0.005630678218787955,0.0,2.3445024781650293e-05,0.005607233194006305,0.9993007814389716,0.4288051784188145,0.0
2009-07-14,0.0006673378555540902,5.1742819712814716e-05,1.0608402815943322e-05,0.0006049866330253322,1.0000000000000708,0.22558659443620852,0.25000000000011047
2009-07-15,0.01696898845364929,0.0,1.0642794266187135e-05,0.016958345659383103,1.0030411158795844,0.2261171344479237,0.0
2009-07-16,-0.00890718889870529,0.0,1.024733121558318e-05,-0.008917436229920873,0.9870877054276981,0.23903252669012606,0.0
2009-07-17,0.0034550641317261264,0.0,1.0623282486062536e-05,0.0034444408492400637,1.007695551674318,0.2321959301917529,0.0
2009-07-20,0.006390102382630317,0.0,3.152559327173133e-05,0.006358576789358586,1.0019648642317789,0.23484209461964994,0.0
2009-07-21,-0.003213061835810671,4.79911165292536e-06,1.0466241371665415e-05,-0.0032283271888352617,0.9999999999860961,0.23596437985452093,0.023630842573278844
2009-07-22,-0.0010997501571532297,0.0,1.0640372240019517e-05,-0.0011103905293932492,1.0102523225615143,0.23350514904008945,0.0
2009-07-23,0.014787442257359635,0.0,1.070007900208372e-05,0.014776742178357552,1.0137695136556986,0.23266374650358693,0.0
2009-07-24,-0.002842190714814019,0.0,1.0228561504074925e-05,-0.0028524192763180935,0.9905329008461191,0.24384791104864964,0.0
2009-07-27,0.005107616931863773,0.0,3.115943924204649e-05,0.005076457492621727,0.9999081577557875,0.24169513619932295,0.0
2009-07-28,-0.002480273329745239,4.875553683314797e-05,7.093236592440224e-06,-0.0025361221031708274,0.9999999999999784,0.482193728751842,0.2366375312229635
2009-07-29,-0.0010096830734088742,0.0,7.079056314293228e-06,-0.0010167621297231674,0.9977042715843517,0.480933160640946,0.0
2009-07-30,-0.0016064178813563895,0.0,7.013345943948033e-06,-0.0016134312273003376,0.9923861961452769,0.48041194223707057,0.0
2009-07-31,0.008472999480695215,0.0,7.2146231164659316e-06,0.008465784857578748,1.0062467800643138,0.47957929256230075,0.0
2009-08-03,-0.003283317949550128,0.0,2.157675013489298e-05,-0.0033048946996850214,1.008989484457563,0.4839552311751673,0.0
2009-08-04,0.0011719057394673066,5.2503221233938926e-05,6.742838659197869e-06,0.00111265967957417,1.0000000000048477,0.5077727778834034,0.2500000000037941
2009-08-05,-0.003488571045087111,0.0,6.6773173142420205e-06,-0.003495248362401353,0.9958231947130557,0.5083790307733884,0.0
2009-08-06,0.005304217387792285,0.0,6.7690387773184084e-06,0.005297448349014967,1.0008011977859896,0.506661367041746,0.0
2009-08-07,0.00020488645043878048,0.0,6.515781929068742e-06,0.00019837066850971174,0.9849198455719751,0.5092677647499572,0.0
2009-08-10,-0.000698443166622624,0.0,1.9553110221981187e-05,-0.0007179962768446052,0.9851639555491076,0.5093716068142322,0.0
2009-08-11,0.0034276440933946085,5.29821253810235e-05,7.768631078959292e-06,0.0033668933369346257,0.9999999999942017,0.43288993123017355,0.2499999999977737
2009-08-12,-0.0003065921194297282,0.0,7.638156073412712e-06,-0.00031423027550314095,0.9924388634317657,0.4348534700726377,0.0
2009-08-13,0.0030171685005337553,0.0,7.6172267571223125e-06,0.003009551273776633,0.9907410219292501,0.4346834686593214,0.0
2009-08-14,0.000379765200841652,0.0,7.571333727870711e-06,0.0003721938671137813,0.9890946693182225,0.43638730718366076,0.0
2009-08-17,-1.2597648691439296e-05,0.0,2.244096725443622e-05,-3.5038615945875514e-05,0.9826681073654961,0.4366045708408815,0.0
2009-08-18,0.0032412636143291703,5.372916016795114e-05,9.718796807985203e-06,0.003177815657353234,1.000000000010953,0.2905278330280333,0.2500000000054323
2009-08-19,0.0030600648939582103,0.0,9.711629662544016e-06,0.0030503532642956665,1.0017874752064277,0.2928385098407147,0.0
2009-08-20,0.008076425773353539,0.0,9.65375867276303e-06,0.008066772014680776,0.9997231075243987,0.29499872441269753,0.0
2009-08-21,0.005469484433158461,0.0,9.379434474489991e-06,0.005460104998683971,0.985348592816445,0.3006498761786758,0.0
2009-08-24,-0.006125925084337177,0.0,2.7872760944261988e-05,-0.0061537978452814385,0.9826941764370007,0.3044569934599591,0.0
2009-08-25,0.0014583787668200942,5.1539006013577334e-05,7.710505115354568e-06,0.001399129255691162,1.0000000000117644,0.43713312659088094,0.2500000000098338
2009-08-26,0.00040738864150843715,0.0,7.683574003810906e-06,0.0003997050675046262,0.9988796188002409,0.4379787165220449,0.0
2009-08-27,0.0006351107875450056,0.0,7.70471804008449e-06,0.0006274060695049211,1.0006553669523595,0.43821095002619176,0.0
2009-08-28,0.005247945311490183,0.0,7.657416340277658e-06,0.005240287895149905,0.9975622916102093,0.4385708987699403,0.0
2009-08-31,0.0019722930484038685,0.0,2.2593379413827364e-05,0.0019496996689900411,0.9912774619743954,0.44150522957126287,0.0
2009-09-01,-0.0016318684136338846,2.246982177066979e-05,7.4074328773325555e-06,-0.001661745668281887,1.0000000000289788,0.4592573999837023,0.11108163902134102
2009-09-02,0.01048600636231383,0.0,7.2846498155743845e-06,0.010478721712498256,0.9901666911417337,0.4583872546048038,0.0
2009-09-03,0.009186518017423267,0.0,6.960617236844926e-06,0.009179557400186422,0.9721360769210264,0.46401101863134697,0.0
2009-09-04,0.002866886908657801,0.0,6.7588973115506865e-06,0.0028601280113462503,0.9622928073965216,0.4688933036533214,0.0
2009-09-08,-0.000997823173001395,0.0,2.730062370497574e-05,-0.0010251237967063708,0.9686511267910207,0.4704147441752134,0.0
2009-09-09,0.0027966327457724736,2.591031986768353e-05,5.542567543926304e-06,0.0027651798583608637,1.0000000000320697,0.5953925693254494,0.12549394407491676
2009-09-10,-0.001724113266671165,0.0,5.480261571942254e-06,-0.0017295935282431072,0.9965987573632401,0.5965396626114553,0.0
2009-09-11,0.008222258395353831,0.0,5.725121001914279e-06,0.008216533274351916,1.0137799540791321,0.5958461209393898,0.0
2009-09-14,-0.002634996812629635,0.0,1.6630157454945083e-05,-0.00265162697008458,1.003812645294562,0.5991454805575648,0.0
2009-09-15,0.0009019697646714495,0.0,5.61429376265153e-06,0.000896355470908798,1.007939856996122,0.5980964123225605,0.0
2009-09-16,0.004858290538025252,1.538177042798166e-05,5.479452054861536e-06,0.004837429315542409,1.0000000000106162,0.600000000005724,0.07388608684271947
2009-09-17,0.0026552275923216336,0.0,5.551551277634656e-06,0.002649676041043999,1.0072096605656544,0.6019464172983247,0.0
2009-09-18,-0.0037192190127416968,0.0,5.464190779513736e-06,-0.0037246832035212106,1.0018898068617699,0.603003879957267,0.0
2009-09-21,0.0012055139467825684,0.0,1.667393462215576e-05,0.0011888400121604127,1.0072575607122085,0.6015251515730853,0.0
2009-09-22,0.0037675898840545665,0.0,5.4982916115273675e-06,0.003762091592443039,1.0033902536818176,0.6020149660403196,0.0
2009-09-23,-0.004839205747679765,2.099266641525287e-05,5.479452054991078e-06,-0.004865677866150009,1.0000000000321176,0.6000000000177692,0.10311146325655553
2009-09-24,-0.007187082798276405,0.0,5.576951560906327e-06,-0.007192659749837312,1.005188278139261,0.598070814193099,0.0
2009-09-25,-0.001045767731388141,0.0,5.700607828884242e-06,-0.0010514683392170252,1.011308918988562,0.5951645474800122,0.0
2009-09-28,0.007710738989709885,0.0,1.7094084224902127e-05,0.007693644905484983,1.0107001838484737,0.5947441343758553,0.0
2009-09-29,-0.0019602587845983202,0.0,5.628095569467121e-06,-0.001965886880167787,1.0087061644164808,0.5978551878453809,0.0
2009-09-30,0.0015638584137722099,1.6052962485265646e-05,5.479452054897201e-06,0.001542325999232047,1.0000000000184999,0.6000000000110042,0.07939253432054783
2009-10-01,-0.01186604472048868,0.0,5.446908082387857e-06,-0.011871491628571068,0.9982617696381529,0.6006374796238395,0.0
2009-10-02,-0.005155313380122255,0.0,5.398053218193237e-06,-0.005160711433340448,0.9899028888069304,0.5958450038788242,0.0
2009-10-05,0.0038058661273229783,0.0,1.646924361643229e-05,0.003789396883706546,0.9945054776175566,0.5937538829510376,0.0
2009-10-06,0.008160312233863945,0.0,5.585884013398397e-06,0.008154726349850547,1.0030734392890106,0.5953039063109276,0.0
2009-10-07,0.0022619943862299784,1.3066322529632386e-05,5.4794520550674815e-06,0.0022434486116452786,1.0000000000545581,0.6000000000346319,0.06399194559492313
2009-10-08,0.00465348382464203,0.0,5.494687868926952e-06,0.004647989136773103,1.0020260894538922,0.6009138750222248,0.0
2009-10-09,0.0012860604516183826,0.0,5.457324686197907e-06,0.0012806031269321845,1.001150412465481,0.6027657103730338,0.0
2009-10-12,0.0016664176130167338,0.0,1.621233804291783e-05,0.001650205274973816,0.9977794352934481,0.6032792095824477,0.0
2009-10-13,0.0036929360248119177,0.0,5.420272507541006e-06,0.0036875157523043765,0.9996288804411507,0.6039489873906574,0.0
2009-10-14,0.010758287251628283,4.776659403215635e-05,5.479452054825802e-06,0.010705041205541301,1.0000000000052267,0.6000000000029433,0.23493194504828763
2009-10-15,-0.0018406739786830614,0.0,5.353639395645602e-06,-0.001846027618078707,0.9951050207992927,0.6042893449171638,0.0
2009-10-16,-0.006002317435184613,0.0,5.391758424100481e-06,-0.006007709193608714,0.9971612296152172,0.6035628646558822,0.0
2009-10-19,0.00786567864030128,0.0,1.643254538339417e-05,0.007849246094917885,1.0010308193933382,0.6011722150640801,0.0
2009-10-20,-0.0030865404556044305,0.0,5.422228695375024e-06,-0.0030919626842998054,1.0001173311518978,0.604294636389521,0.0
2009-10-21,0.00020477955912298423,1.723580827430589e-06,5.479452055181816e-06,0.00019757652624037182,1.000000000208226,0.6000000001799535,0.008555261092375463
2009-10-22,0.005295644160135627,0.0,5.424106536185367e-06,0.005290220053599442,0.9960459939304505,0.6000862167889187,0.0
2009-10-23,-0.004842891622601293,0.0,5.370940799584319e-06,-0.004848262563400877,0.9942747893760638,0.6021961110064086,0.0
2009-10-26,-0.004340773767253845,0.0,1.618498055368038e-05,-0.004356958747807525,0.9940979810232881,0.6002634542170656,0.0
2009-10-27,-0.005551522783892227,0.0,5.384016656783316e-06,-0.00555690680054901,0.9915636688877711,0.5985304529425892,0.0
2009-10-28,-0.014223190624236656,1.2325746129430318e-05,5.479452054902957e-06,-0.014240995822420988,1.000000000161324,0.600000000153408,0.060383090050371846
2009-10-29,0.01484592180043997,0.0,5.514821534411333e-06,0.014840406978905558,0.9968213419256569,0.5942393699136297,0.0
2009-10-30,-0.014277827681161837,0.0,5.417800070277861e-06,-0.014283245481232115,0.9956778051284323,0.6001783999981485,0.0
2009-11-02,0.006857603482000979,0.0,1.6491373500715662e-05,0.006841112108500263,0.9956804847758473,0.5943903962584328,0.0
2009-11-03,-0.0013157308379442966,0.0,5.4056171718040444e-06,-0.0013211364551161007,0.9917727960138574,0.597162742472162,0.0
2009-11-04,0.00631150035179718,5.089953936071375e-05,5.479452054901133e-06,0.006255121360381565,0.999999999935372,0.5999999999275893,0.2500000000466758
2009-11-05,0.003714342796966065,0.0,5.376888247856596e-06,0.0037089659087182086,0.9950553657625777,0.6025425236690461,0.0
2009-11-06,0.004095431508691668,0.0,5.444950115531398e-06,0.004089986558576136,1.0014979479609476,0.6040165895271555,0.0
2009-11-09,0.011335818258973403,0.0,1.6076417901153088e-05,0.01131974184107225,0.9968278176943812,0.6056349820996563,0.0
2009-11-10,0.0016868467516345485,0.0,5.256882638991286e-06,0.0016815898689955572,0.9938174544518867,0.6100650218055229,0.0
2009-11-11,0.0037181523180252643,3.6792672168720975e-05,5.479452054830795e-06,0.0036758801938017124,0.9999999999992827,0.5999999999966346,0.18219418606517268
2009-11-12,-0.006212051682587288,0.0,5.469639877198726e-06,-0.006217521322464487,1.0007907953724213,0.6015070843369144,0.0
2009-11-13,0.007822742558000228,0.0,5.5328559921493205e-06,0.007817209702008079,1.0029179362770242,0.5990194488501236,0.0
2009-11-16,0.0073528353716657046,0.0,1.6211905660540863e-05,0.007336623466005164,0.9966248788867506,0.6021351744802566,0.0
2009-11-17,0.0005316452726579716,0.0,5.3963568146118415e-06,0.0005262489158433597,0.9989830406769173,0.6050489932102531,0.0
2009-11-18,-0.00030766984076396496,2.7846589038204512e-06,5.4794520551130264e-06,-0.0003159339517228984,1.0000000002954608,0.6000000002722098,0.01381955516145604
2009-11-19,-0.004315921809502326,0.0,5.42074966155834e-06,-0.004321342559163884,0.9955965787697402,0.5998818534759814,0.0
2009-11-20,-0.0023720486996317573,0.0,5.451276193081133e-06,-0.0023774999758248384,0.9960939080366353,0.5981507459417126,0.0
2009-11-23,0.006746561065328295,0.0,1.646505046206446e-05,0.00673009601486623,0.9978480979923323,0.5971985367487636,0.0
2009-11-24,-3.851759113221193e-05,0.0,5.42778066581893e-06,-4.394537179803086e-05,0.9961356502559078,0.5999076616511261,0.0
2009-11-25,0.003263078880822234,3.2345705884530186e-06,5.479452054839949e-06,0.003254364858178941,0.9999999999985849,0.5999999999952688,0.016095557484265284
2009-11-27,-0.011908271100788003,0.0,1.0994493584926176e-05,-0.01191926559437293,1.0026052249300608,0.6013062090802552,0.0
2009-11-30,0.007483160593356236,0.0,1.694324484098695e-05,0.007466217348515249,1.0087934982199145,0.5965078737558986,0.0
2009-12-01,0.007167160361805934,0.0,5.485757472897975e-06,0.007161674604333036,0.9999752211325167,0.5995149256109645,0.0
2009-12-02,0.0033543487248172727,0.0,5.411793085624709e-06,0.003348936931731648,0.9974290167452063,0.6023681214946027,0.0
2009-12-03,-0.0013792578178396127,1.7896141682839897e-06,5.479452054873111e-06,-0.00138652688406277,1.0000000000179081,0.6000000000121709,0.00889130322603928
2009-12-04,-0.005664635740881234,0.0,5.458961215325059e-06,-0.005670094702096559,0.9979560670858492,0.5994518983671198,0.0
2009-12-07,-0.005188319885483598,0.0,1.671718078146481e-05,-0.005205037066265063,1.0039580240929669,0.5971732917439898,0.0
2009-12-08,-0.0055840104360552695,0.0,5.694003576343694e-06,-0.005589704439631613,1.0107446588696085,0.595082397796519,0.0
2009-12-09,0.0028361181768853144,0.0,5.772445286012824e-06,0.0028303457315993017,1.0142005372832075,0.5928120314042713,0.0
2009-12-10,-0.00871299712115897,4.505015061054293e-05,5.47945205484204e-06,-0.008763526723824355,1.0000000000213625,0.6000000000178936,0.21176790030485476
2009-12-11,0.0007875855869833666,0.0,5.819157341525407e-06,0.0007817664296418411,1.0213130602412042,0.5965145743098496,0.0
2009-12-14,0.0013088380442840511,0.0,1.723141622564399e-05,0.0012916066280584072,1.0161333687051606,0.5968355738811568,0.0
2009-12-15,-0.009070587377590752,0.0,5.851411529243438e-06,-0.009076438789119996,1.0245258828390902,0.5973728412043191,0.0
2009-12-16,0.004674904833031144,0.0,6.061565221397852e-06,0.0046688432678097455,1.0361851136712317,0.5936908525091885,0.0
2009-12-17,-0.013621586323369805,6.753718346217901e-06,5.479452054861324e-06,-0.013633819493770884,1.000000000037899,0.6000000000330225,0.03293599858515339
2009-12-18,0.0009724973445415185,0.0,5.735490321596836e-06,0.0009667618542199217,1.0131742878404042,0.5944834943638352,0.0
2009-12-21,0.0028719243893128694,0.0,1.7388454366668436e-05,0.002854535934946201,1.0179999398179427,0.594880883562344,0.0
2009-12-22,-0.0014038727570945667,0.0,5.676636646245634e-06,-0.0014095493937408125,1.0104458331072996,0.5960513579313684,0.0
2009-12-23,0.00032185303894556935,0.0,5.743227652480356e-06,0.000316109811293089,1.0147424719383997,0.5954868533073339,0.0
2009-12-24,0.010022239365724286,3.322962548697796e-05,5.479452055266419e-06,0.009983530288182043,1.0000000001355094,0.6000000001010607,0.16377898914960426
2009-12-28,-0.006485795395834441,0.0,2.1127244126161682e-05,-0.006506922639960602,0.9895644697037576,0.6039922644013067,0.0
2009-12-29,0.0010010742321334037,0.0,5.514195912508207e-06,0.0009955600362208954,1.0039561631316083,0.601419861518509,0.0
2009-12-30,0.0043263279699722445,0.0,5.4104354743021e-06,0.004320917534497942,0.9967835756555957,0.6018217860315426,0.0
2009-12-31,0.0031386790566240463,0.0,5.300210425654626e-06,0.0031333788461983918,0.9904556273549481,0.6035402662821605,0.0
2010-01-04,0.0030102008892154827,3.420623858188596e-06,2.19178082203224e-05,0.0029848624571369715,1.000000000091548,0.6000000000706643,0.016761741020406302
2010-01-05,0.007021878701657557,0.0,5.678296595359368e-06,0.0070162004050621975,1.0157313063840914,0.6012156549228576,0.0
2010-01-06,-0.005730462616635275,0.0,5.5104760147717025e-06,-0.0057359730926500475,1.0062644994099155,0.603999750331581,0.0
2010-01-07,0.0023367877445071195,0.0,5.743209759009021e-06,0.0023310445347481104,1.020975054106277,0.6017207416986186,0.0
2010-01-08,0.006914090887100923,0.0,5.650950313181955e-06,0.006908439936787741,1.0151720919781622,0.6026527191158795,0.0
2010-01-11,0.00800654361095264,7.100908237335207e-06,1.6438356164518093e-05,0.007983004346550786,0.9999999999958261,0.5999999999925525,0.035275334431585065
2010-01-12,-0.008848237690291473,0.0,5.240925836957926e-06,-0.008853478616128431,0.9857788512102407,0.6031912651123122,0.0
2010-01-13,-0.0009285011347094224,0.0,5.354915433651038e-06,-0.0009338560501430734,0.9905608605376307,0.599652033881105,0.0
2010-01-14,0.005507419076023038,0.0,5.461552353952769e-06,0.0055019575236690856,0.9979764988055073,0.599283176966955,0.0
2010-01-15,-0.006986255243086576,0.0,5.32187761542652e-06,-0.006991577120702003,0.989978337561295,0.6014812716351591,0.0
2010-01-19,0.007324860868815233,1.4786090333917656e-06,2.1917808220874728e-05,0.007301464451560967,1.0000000002487268,0.600000000217763,0.007357289854104717
2010-01-20,-0.006138148062316141,0.0,5.384152031494712e-06,-0.006143532214347636,0.9959657411419341,0.6029226428428202,0.0
2010-01-21,-0.01049800621195802,0.0,5.366110979405662e-06,-0.010503372322937425,0.9921996247108468,0.6004735232142334,0.0
2010-01-22,-0.012369244675761695,0.0,5.487893240714137e-06,-0.012374732569002409,0.9968542335650072,0.5962380269928753,0.0
2010-01-25,0.00298808215805065,0.0,1.699486025957318e-05,0.002971087297791077,1.0047261324591765,0.5911845328095626,0.0
2010-01-26,0.003537664240984766,5.165289970822773e-05,5.47945205478542e-06,0.0034805318892217525,1.0000000000004554,0.6000000000011195,0.2500000000004977
2010-01-27,0.005756692903439174,0.0,5.302555839421526e-06,0.005751390347599752,0.9885308943910912,0.6014443181133199,0.0
2010-01-28,-0.0049037240102524846,0.0,5.137902908757319e-06,-0.0049088619131612415,0.9787956437575953,0.6037287314183112,0.0
2010-01-29,-0.0033639431477821926,0.0,5.125693912335791e-06,-0.0033690688416945285,0.9759547133050752,0.6017790577045625,0.0
2010-02-01,-0.00010314013131558516,0.0,1.536498916284389e-05,-0.00011850512047842905,0.974319434583016,0.6004380316204813,0.0
2010-02-02,0.004930653617502904,5.056982418148251e-05,5.479452054938296e-06,0.004874604341266482,1.0000000000457294,0.6000000000352338,0.2499999999758381
2010-02-03,-0.0008860404958810752,0.0,5.4757272921728195e-06,-0.000891516223173248,1.001724252883685,0.6019961605550692,0.0
2010-02-04,-0.018390506300920324,0.0,5.461780103670822e-06,-0.018395968081023995,1.0003564452404485,0.6016464976724786,0.0
2010-02-05,-0.0018339111738827061,0.0,5.5866845624330625e-06,-0.0018394978584451392,1.0020146027022865,0.594186629644673,0.0
2010-02-08,-0.002983831276827547,0.0,1.699972670661484e-05,-0.003000831003534162,1.0071043746242432,0.5934443580966152,0.0
2010-02-09,0.008876814642404588,3.0953363951062614e-06,5.479452055695005e-06,0.008868239853953788,1.000000000141673,0.6000000000759376,0.015378872172653059
2010-02-10,-0.0031951762454517237,0.0,5.3488041271087385e-06,-0.0032005250495788324,0.9939873149653443,0.6035246136864064,0.0
2010-02-11,0.005895374510479379,0.0,5.359634143033096e-06,0.005890014876336346,0.9935102684202747,0.6022569759788585,0.0
2010-02-12,-0.0021151158718820933,0.0,5.366739592665151e-06,-0.0021204826114747583,0.9963632890101786,0.6045912987456226,0.0
2010-02-16,0.012911369183664256,0.0,2.1725696413589935e-05,0.012889643487250666,1.0002503974498937,0.6037564379018775,0.0
2010-02-17,0.003358716210823915,4.128826733663667e-06,5.479452055833139e-06,0.0033491079320344184,1.000000000245185,0.6000000001693659,0.020496915039359062
2010-02-18,0.008331764983522075,0.0,5.460563307049666e-06,0.008326304420215026,0.9999658693296859,0.6013447479150602,0.0
2010-02-19,0.002942163330723494,0.0,5.314336783591228e-06,0.0029368489939399028,0.9925886640866776,0.604642078884518,0.0
2010-02-22,0.002301768190438266,0.0,1.5685998360074458e-05,0.0022860821920781915,0.9874977109251046,0.6058050841632928,0.0
2010-02-23,-0.00512145514709145,0.0,5.150765581053325e-06,-0.005126605912672503,0.9827257283466938,0.6067198409298009,0.0
2010-02-24,0.00413838226236132,4.641537881883378e-06,5.479452054835234e-06,0.0041282612724246005,1.0000000000257123,0.6000000000227402,0.02306713015053624
2010-02-25,0.001291589055294283,0.0,5.479962783097384e-06,0.0012861090925111855,1.0016918780876198,0.601654594921511,0.0
2010-02-26,0.00301240369020496,0.0,5.418061857313016e-06,0.0030069856283476467,0.9976902410293068,0.6021717254454565,0.0
2010-03-01,0.008039776259230622,0.0,1.6208147175669975e-05,0.008023568112054952,0.9977680527453398,0.6033698048040369,0.0
2010-03-02,0.00270534704653727,0.0,5.307345648410849e-06,0.002700039700888859,0.9939791747856128,0.6065429424516208,0.0
2010-03-03,-0.0007042742260186439,5.1617708504577805e-05,5.4794520548268386e-06,-0.0007613713865780485,1.0000000000112317,0.6000000000088727,0.25000000000279277
2010-03-04,0.006225930156631692,0.0,5.506119303029975e-06,0.006220424037328662,1.0016990691900312,0.5997523600688429,0.0
2010-03-05,0.010127509671917596,0.0,5.356925380303415e-06,0.010122152746537293,0.9932877036402498,0.6022321508781006,0.0
2010-03-08,0.0034277951573777553,0.0,1.5852254905470633e-05,0.0034119429024722847,0.9919615776500357,0.6062233749502502,0.0
2010-03-09,0.0034119084596899016,0.0,5.2206182543355826e-06,0.003406687841435566,0.9886832807238227,0.6075781481573252,0.0
2010-03-10,0.004542341191161635,5.3377806074883546e-05,5.479452054835627e-06,0.004483483933031916,1.0000000000224518,0.6000000000194509,0.2500000000169345
2010-03-11,0.001682267230383508,0.0,5.417308884879193e-06,0.0016768499214986287,0.9973075319771133,0.6018439833809321,0.0
2010-03-12,0.001883084635297662,0.0,5.419692554191589e-06,0.0018776649427434706,0.9981534782910709,0.602515921835085,0.0
2010-03-15,-0.0007080616377609263,0.0,1.621999881588172e-05,-0.000724281636576808,0.9979529123886696,0.6032662745355477,0.0
2010-03-16,0.0048755161981661995,0.0,5.405368856895356e-06,0.004870110829309304,0.9975868776211548,0.6029949510677938,0.0
2010-03-17,0.003916746612968248,1.973614494460166e-06,5.479452054796816e-06,0.003909293546418991,1.0000000000005802,0.6000000000004125,0.009751305226338158
2010-03-18,0.0004948129998590366,0.0,5.461036133657935e-06,0.0004893519637253786,1.0002206899939492,0.60156505223692,0.0
2010-03-19,-0.002239660651850709,0.0,5.420832037971102e-06,-0.00224508148388868,0.9974861289332921,0.6017653901614014,0.0
2010-03-22,0.005782618202776615,0.0,1.612354884782075e-05,0.005766494653928794,0.9932144308978568,0.6008747422675521,0.0
2010-03-23,0.0008450673866245806,0.0,5.3271173631533695e-06,0.0008397402692614272,0.9920586987448983,0.6031791312347023,0.0
2010-03-24,0.0006382538245341119,5.400530477165511e-05,5.479452055012603e-06,0.0005787690677074441,0.9999999999656768,0.5999999999497567,0.25000000002527833
2010-03-25,0.004551574848085841,0.0,5.396087146521126e-06,0.00454617876093932,0.9942051857097652,0.600290824013723,0.0
2010-03-26,0.002570709162633369,0.0,5.244244155146443e-06,0.0025654649184782227,0.9849349446729774,0.602105121347287,0.0
2010-03-29,0.0016596867893175643,0.0,1.5446279027428618e-05,0.0016442405102901356,0.9789879817706758,0.6031285254365792,0.0
2010-03-30,-0.0011429137107450717,0.0,5.151103048678401e-06,-0.0011480648137937501,0.9798259498778855,0.6037954273243621,0.0
2010-03-31,0.0005087823879120887,5.080304993421337e-05,5.479452055087008e-06,0.0004524998859227883,0.999999999956049,0.5999999999346974,0.24999999998317732
2010-04-01,-0.006186518949605252,0.0,5.376444829130709e-06,-0.006191895394434383,0.9927176475959059,0.600237175069364,0.0
2010-04-05,-0.00286211209306693,0.0,2.2511083297613183e-05,-0.0028846231763645434,1.0085791433718214,0.5977518731903809,0.0
2010-04-06,0.012303369262942444,0.0,5.83698222006691e-06,0.012297532280722378,1.0227104603829107,0.5966107583180266,0.0
2010-04-07,-3.6389981883593766e-05,0.0,5.589439074186645e-06,-4.197942095778041e-05,1.0095460058444017,0.6015169534287766,0.0
2010-04-08,0.0042813844662943044,2.1331338440030744e-05,5.479452054869368e-06,0.0042545736757994045,1.0000000000331604,0.6000000000276964,0.1059675359682922
2010-04-09,-0.0013580117526588097,0.0,5.365407192057966e-06,-0.0013633771598508676,0.9933960418395156,0.6017213168192839,0.0
2010-04-12,0.002528523850407464,0.0,1.6608642638278466e-05,0.0025119152077691855,1.0053265816930297,0.601182944161587,0.0
2010-04-13,0.0006694550670261,0.0,5.4553445239534795e-06,0.0006639997225021465,1.000438945947582,0.6021987956989779,0.0
2010-04-14,0.003586652010160575,0.0,5.5873892842336944e-06,0.0035810646208763413,1.0103476297894525,0.6024682120403927,0.0
2010-04-15,0.003868700472484181,3.174099444467257e-06,5.479452054954022e-06,0.00386004692098476,1.000000000048911,0.6000000000372673,0.01570506596389279
2010-04-16,-0.009990461824133613,0.0,5.284577855531244e-06,-0.009995746401989145,0.9873208854685916,0.6015467020148108,0.0
2010-04-19,0.0027212305298092714,0.0,1.6093481892696428e-05,0.002705137047916575,0.9891370478157752,0.5975289884268288,0.0
2010-04-20,0.006349101379991745,0.0,5.280394367708627e-06,0.006343820985624036,0.9840996293347274,0.5986308404919977,0.0
2010-04-21,0.003791708578809263,0.0,5.268492772232218e-06,0.0037864400860370307,0.9857662231673031,0.6011662507943512,0.0
2010-04-22,-0.0017818045911801809,3.0613671379162653e-06,5.4794520548372266e-06,-0.0017903454103729345,1.0000000000264033,0.6000000000232857,0.01502434794637373
2010-04-23,2.639837025696074e-06,0.0,5.6306167322726346e-06,-2.9907797065765606e-06,1.0103261550184588,0.5992911335625564,0.0
2010-04-26,-6.179709943527789e-05,0.0,1.7313333479299833e-05,-7.911043291457771e-05,1.020586680423561,0.5992955657605986,0.0
2010-04-27,-0.014366625204668448,0.0,5.778882311371208e-06,-0.01437240408697982,1.0211395867846949,0.5992811780545967,0.0
2010-04-28,0.0012763336397502924,0.0,5.852936305534185e-06,0.0012704807034447582,1.0207081167684502,0.5934437664644546,0.0
2010-04-29,0.025552361538859914,4.586602838103322e-06,5.479452055021213e-06,0.02554229548396679,0.9999999998937936,0.5999999998772451,0.022402480386750627
2010-04-30,-0.008653741064179626,0.0,5.0269432875923e-06,-0.008658768007467219,0.9769391294664576,0.6099722694722196,0.0
2010-05-03,0.007805781699750084,0.0,1.50519155701442e-05,0.0077907297841799394,0.9728339621078056,0.6065706832342966,0.0
2010-05-04,-0.01577141280810915,0.0,5.0400764324715164e-06,-0.015776452884541624,0.9775526050795923,0.6096270255091716,0.0
2010-05-05,-0.0060024198613839765,0.0,5.161749980293129e-06,-0.00600758161136427,0.9801824741931129,0.6033747256317143,0.0
2010-05-06,-0.02305014786972955,5.013062290251187e-06,5.479452055043982e-06,-0.023060640384074845,1.000000000138257,0.6000000001200462,0.024714836338297092
2010-05-07,-0.011878223861888682,0.0,5.575736336167527e-06,-0.01188379959822485,0.9975974982576088,0.5905687457173794,0.0
2010-05-10,0.024427733844480937,0.0,1.7140479082585576e-05,0.02441059336539835,1.0027352633360465,0.5856502723264639,0.0
2010-05-11,0.0014143283486822479,0.0,5.73458438880857e-06,0.0014085937642934394,1.0141651693567895,0.595540508973764,0.0
2010-05-12,0.007056725217646443,0.0,5.705084590484162e-06,0.007051020133055959,1.0125863283401428,0.596115153234799,0.0
2010-05-13,-0.00829762423755321,3.345424036990657e-05,5.479452054806758e-06,-0.008336557929977922,1.000000000005442,0.6000000000045489,0.16066834497354085
2010-05-14,-0.010949289354332911,0.0,5.543802087555157e-06,-0.010954833156420466,1.0013741572403065,0.5966766048487802,0.0
2010-05-17,-0.00033092468943104287,0.0,1.6718032106107857e-05,-0.0003476427215371507,0.9990203791744232,0.592214931259132,0.0
2010-05-18,-0.0074745284310395125,0.0,5.608412947924567e-06,-0.007480136843987437,1.001503987492364,0.5920898422938706,0.0
2010-05-19,0.00040744606282714236,0.0,5.6222726072152054e-06,0.00040182379021992714,0.9994471739200388,0.5890212735933289,0.0
2010-05-20,-0.023916062138619174,6.410388182978173e-06,5.479452054880052e-06,-0.02392795197885703,1.0000000000163993,0.6000000000101556,0.031887085364655995
2010-05-21,0.013072668581824345,0.0,5.554433420249043e-06,0.013067114148404096,0.995680007168644,0.5902063674904638,0.0
2010-05-24,-0.004485900061022454,0.0,1.6345105492033525e-05,-0.004502245166514487,0.9932285012517801,0.595497600945631,0.0
2010-05-25,-0.0003713120918566008,0.0,5.441537892882471e-06,-0.00037675362974948326,0.9909168807514154,0.593684614570995,0.0
2010-05-26,-0.006004298339560026,0.0,5.465047318296699e-06,-0.006009763386878322,0.9924853739036724,0.5935369196680135,0.0
2010-05-27,0.01721442615708047,7.515224955950891e-06,5.479452054806829e-06,0.017201431480069716,1.0000000000027156,0.6000000000018171,0.03673374189059081
2010-05-28,-0.005328056164079339,0.0,5.5037641964492755e-06,-0.005333559928275789,1.0085517796260162,0.6067769932852191,0.0
2010-06-01,-0.005528180885829609,0.0,2.2152601221367952e-05,-0.005550333487050977,1.0089589744386351,0.6046740021486701,0.0
2010-06-02,0.007323279196855329,0.0,5.462151426697024e-06,0.007317817045428632,1.001226894950734,0.6024898408018512,0.0
2010-06-03,-0.0055108982743246725,0.0,5.574789211344093e-06,-0.005516473063536017,1.0123426501146295,0.6053830376865107,0.0
2010-06-04,-0.020733881583237083,2.425030711797586e-05,5.479452054811983e-06,-0.020763611342409873,1.0000000000024019,0.6000000000011273,0.12027630088309593
2010-06-07,-0.00956171632983623,0.0,1.6902035071311007e-05,-0.009578618364907542,1.002831661358263,0.5915488079563619,0.0
2010-06-08,0.006205757902675607,0.0,5.772934675715955e-06,0.006199984967999892,1.0090398688912678,0.587615637564003,0.0
2010-06-09,0.003031993676564567,0.0,5.6584941843483095e-06,0.003026335182380219,1.00323247293109,0.5901623974736633,0.0
2010-06-10,0.014686613758660382,0.0,5.548367686911619e-06,0.01468106539097347,0.9964354437389229,0.5914046025943749,0.0
2010-06-11,0.0024029698396018195,5.060547081380616e-05,5.479452054807036e-06,0.0023468849167332063,0.999999999997751,0.5999999999968372,0.2500000000030987
2010-06-14,-0.005256920015161975,0.0,1.6701710377204544e-05,-0.005273621725539179,1.0074007954259452,0.6009925095806348,0.0
2010-06-15,0.005897766420252549,0.0,5.78656593151583e-06,0.0058919798543210335,1.021313242604581,0.5988939296039255,0.0
2010-06-16,0.004074117115422192,0.0,5.899348567288098e-06,0.004068217766854904,1.0319015935678473,0.6012491481558161,0.0
2010-06-17,0.0010601141487654698,0.0,5.727263456854661e-06,0.001054386885308615,1.0209608885071362,0.6028706561567461,0.0
2010-06-18,0.0038745152513836065,5.0991167958131405e-05,5.820109615138305e-06,0.0038177039738103366,0.9999999999601648,0.5751319980550684,0.25000000011341994
2010-06-21,0.0010700248047443238,0.0,1.7153758779278826e-05,0.001052871045965045,0.9942125749816481,0.5768044446858633,0.0
2010-06-22,-0.002351988851674712,0.0,5.59426765080281e-06,-0.0023575831193255146,0.9856482206238135,0.5772666821152085,0.0
2010-06-23,-0.0005306358701561607,0.0,5.548471410559397e-06,-0.0005361843415667201,0.9813117184514888,0.5762733054806527,0.0
2010-06-24,-0.004793254952105764,0.0,5.559003510670466e-06,-0.004798813955616435,0.9818587957048163,0.5760515394258723,0.0
2010-06-25,0.002433461469352125,5.087805230972931e-05,5.5682886692713944e-06,0.0023770151283731243,1.0000000001058924,0.5935149272490806,0.25000000011351675
2010-06-28,0.00355657433351379,0.0,1.6964474696453195e-05,0.003539609858817337,1.0073373872395763,0.5945351696258822,0.0
2010-06-29,5.6467390884376014e-05,0.0,5.478714555695044e-06,5.0988676328680974e-05,0.9959283620561384,0.5959821994904,0.0
2010-06-30,-0.003738633873002238,0.0,5.301845211248714e-06,-0.003743935718213487,0.9830429776293048,0.5960082772081486,0.0
2010-07-01,-0.014445039687503287,0.0,5.3890109344580115e-06,-0.014450428698437745,0.9878931940975378,0.594495395882103,0.0
2010-07-02,0.0035619230850512753,5.0885268130047026e-05,5.650835999455719e-06,0.0035053869809217727,1.0000000000420017,0.5874889720817342,0.2500000000210155
2010-07-06,-0.003701493032123221,0.0,2.2050223693122498e-05,-0.0037235432558163435,0.9914028527622,0.5889862703627143,0.0
2010-07-07,0.005061666132418982,0.0,5.514945452334423e-06,0.005056151186966648,0.9900632737066435,0.5874722556862308,0.0
2010-07-08,0.005282006504688153,0.0,5.4914357331400454e-06,0.0052765150689550126,0.9904278609719345,0.5895530524527112,0.0
2010-07-09,0.0029680346281147725,0.0,5.322487970370791e-06,0.002962712140144402,0.9802544988822435,0.5917128770451757,0.0
2010-07-12,0.00020192635619071126,5.248645030750831e-05,1.6438356165247554e-05,0.0001330015497179554,1.0000000000312608,0.600000000010237,0.2500000000257453
2010-07-13,-0.0009377678712849068,0.0,5.458151152732024e-06,-0.0009432260224376388,0.9985671433453224,0.6001221091958848,0.0
2010-07-14,0.0011946060842986128,0.0,5.470929246995659e-06,0.0011891351550516172,0.999127876201073,0.5997500411703898,0.0
2010-07-15,-0.008842795096467706,0.0,5.465571686074081e-06,-0.00884826066815378,0.9992176246837461,0.6002308916003385,0.0
2010-07-16,0.0014068384783617904,0.0,5.73548971214036e-06,0.00140110298864965,1.0153583156522104,0.5966675666659642,0.0
2010-07-19,-0.0004469445451508079,2.1648393908942474e-06,1.643835616629345e-05,-0.0004655477407079956,1.0000000001252685,0.6000000000787945,0.010646171489586825
2010-07-20,0.0007103448990454344,0.0,5.444557576228019e-06,0.0007049003414692064,0.9972850091732015,0.5998323061085562,0.0
2010-07-21,0.0037196713123829185,0.0,5.472183455951922e-06,0.0037141991289269664,0.9995890187624652,0.6001196264779748,0.0
2010-07-22,-0.0037737363484545436,0.0,5.4036794266613245e-06,-0.003779140027881205,0.9960734158467731,0.6016048177004963,0.0
2010-07-23,-0.0009609511514661887,0.0,5.503784640540942e-06,-0.0009664549361067296,1.0018752180336306,0.6000989392741417,0.0
2010-07-26,-0.0013385054064481568,1.7262260480736015e-05,1.6438356164382147e-05,-0.001372206023093275,0.9999999999877572,0.5999999999877919,0.08471524413658427
2010-07-27,-0.004825557691936919,0.0,5.489927597956805e-06,-0.004831047619534875,1.0002488249390764,0.5994841102882297,0.0
2010-07-28,-0.0004103841374651048,0.0,5.549281224754834e-06,-0.00041593341868985964,1.0026428519112436,0.5975453225041407,0.0
2010-07-29,-0.0032139411708196394,0.0,5.616270327769357e-06,-0.0032195574411474086,1.0073711440178663,0.5973834100907032,0.0
2010-07-30,-0.0001830847053451101,0.0,5.738081282323225e-06,-0.0001888227866274333,1.0149685440508083,0.5960886104412128,0.0
2010-08-02,0.0022586963851094263,4.6114741168619055e-06,1.643835616437828e-05,0.0022376465548281863,0.999999999997229,0.5999999999973574,0.022547792495840963
2010-08-03,0.0034177351930154438,0.0,5.363843946072583e-06,0.003412371349069371,0.9924746711627233,0.6009140630994247,0.0
2010-08-04,-0.003284327375352563,0.0,5.302601917423292e-06,-0.0032896299772699864,0.9893665468268936,0.6022766068549933,0.0
2010-08-05,0.004555120947225383,0.0,5.4090960548101115e-06,0.004549711851170573,0.9958332579275959,0.6009692459264578,0.0
2010-08-06,0.006564535910302547,0.0,5.3017778784706736e-06,0.006559234132424076,0.9898116681253001,0.602781882996941,0.0
2010-08-09,0.003106021369180776,5.181543402253777e-05,1.6438356164499983e-05,0.003037767578993738,0.999999999991471,0.5999999999886383,0.24999999999713107
2010-08-10,0.002659476009730797,0.0,5.366536838555297e-06,0.002654109472892242,0.993036663280125,0.6012794740655881,0.0
2010-08-11,-0.0004947924770131342,0.0,5.324056896308137e-06,-0.0005001165339094423,0.9909964264812047,0.6023402730507106,0.0
2010-08-12,-0.0008992280064620922,0.0,5.3141580823112245e-06,-0.0009045421645444034,0.9900801640649453,0.6021466240562259,0.0
2010-08-13,0.0008951279566766078,0.0,5.339984648316555e-06,0.0008897879720282913,0.9916106213818354,0.6017917420547267,0.0
2010-08-16,0.00843993221582069,3.839608999343541e-05,1.643835616453674e-05,0.008385097769662718,1.000000000021688,0.6000000000179606,0.18041836797202948
2010-08-17,-0.001923930871534553,0.0,5.330399158701154e-06,-0.001929261270693254,0.9924996661034144,0.6033805275182302,0.0
2010-08-18,0.0016910115459186417,0.0,5.369793962192549e-06,0.0016856417519564492,0.9946141657829107,0.6026192065428546,0.0
2010-08-19,0.00264774461135519,0.0,5.334489727619866e-06,0.00264241012162757,0.9927110318606406,0.6032932817443902,0.0
2010-08-20,0.0008082489076736216,0.0,5.273047491254992e-06,0.0008029758601823666,0.9892765682469135,0.604344101385299,0.0
2010-08-23,0.0022166081013866696,2.2679712709212876e-05,1.6438356164267215e-05,0.00217749003251319,1.000000000044268,0.600000000047099,0.11140710367744784
2010-08-24,0.0028622942703765957,0.0,5.417276787041314e-06,0.0028568769935895543,0.9963693421244458,0.6009081366704297,0.0
2010-08-25,0.005368830973501828,0.0,5.370167823986016e-06,0.005363460805677843,0.994072698021142,0.6020504468701627,0.0
2010-08-26,0.003470195220025047,0.0,5.197465208536554e-06,0.0034649977548165106,0.9835937488146008,0.6041787885914325,0.0
2010-08-27,0.0006157218704383518,0.0,5.106969574632259e-06,0.0006106149008637196,0.9783595307641425,0.6055507518159876,0.0
2010-08-30,-0.00034905237553238105,2.7468922663856185e-05,1.6438356164454433e-05,-0.0003929596543606917,1.0000000000092264,0.6000000000075019,0.13574327679758869
2010-08-31,0.0025718291208430516,0.0,5.580256132819258e-06,0.0025662488647102324,1.007245376589769,0.5998866788939633,0.0
2010-09-01,0.0013296838738044033,0.0,5.5528136172722035e-06,0.0013241310601871312,1.0062718010285105,0.6009164069676398,0.0
2010-09-02,-0.002523491609010015,0.0,5.467088866455747e-06,-0.0025289586978764706,1.0005471798735726,0.601449692622303,0.0
2010-09-03,-0.0055308583491494815,0.0,5.5318244773462415e-06,-0.005536390173626828,1.0042678877084077,0.6004447008621322,0.0
2010-09-07,0.0016918409007805244,5.263736064556942e-05,2.191780821986309e-05,0.001617285731915092,1.0000000000511624,0.600000000038661,0.2500000000386015
2010-09-08,7.217559431852756e-05,0.0,5.489416460032696e-06,6.668617785849486e-05,1.0014477061443887,0.600720304562002,0.0
2010-09-09,-0.0020756563596245775,0.0,5.455570466683997e-06,-0.0020811119300912615,0.9990090623416383,0.6007524182737065,0.0
2010-09-10,-0.0010948927623333751,0.0,5.456524794664819e-06,-0.00110034928712804,0.9982515835685788,0.5999252735580469,0.0
2010-09-13,0.004281542970351121,0.0,1.6514535273924094e-05,0.004265028435077197,1.0013437208874947,0.5994900292220083,0.0
2010-09-14,0.001774675908058249,5.3245023595397584e-05,5.479452054826213e-06,0.0017159514324080252,1.0000000000115512,0.6000000000092377,0.25000000000349804
2010-09-15,-0.003358232523472244,0.0,5.47100481994798e-06,-0.0033637035282921917,1.000127180540158,0.6007438286839555,0.0
2010-09-16,-0.002378758328353324,0.0,5.545301914158745e-06,-0.0023843036302674827,1.0042088458642178,0.5994018061306294,0.0
2010-09-17,0.0025719942044623452,0.0,5.597812617944394e-06,0.002566396391844401,1.0070902552627508,0.5984499341528099,0.0
2010-09-20,0.00774745109014172,0.0,1.662950848868202e-05,0.007730821581653038,1.0041347895053547,0.599483416280759,0.0
2010-09-21,0.003300222571514716,4.2068427046052916e-05,5.479452054856699e-06,0.0032526746924138065,1.0000000000104903,0.6000000000059514,0.20387304108520682
2010-09-22,-0.000647754990334363,0.0,5.508553419081168e-06,-0.0006532635437534441,1.0034686449620505,0.6013442453691252,0.0
2010-09-23,-0.001777975375721824,0.0,5.534853675519227e-06,-0.0017835102293973432,1.0051334783264767,0.601089160013573,0.0
2010-09-24,0.0016008441488624897,0.0,5.593293212535671e-06,0.001595250855649954,1.0086923765416103,0.6003819720265062,0.0
2010-09-27,0.008235074918906909,0.0,1.645949458197605e-05,0.008218615424324933,1.0015384002353538,0.6010240320739366,0.0
2010-09-28,9.195796169209224e-05,1.8829440779908802e-06,5.4794520548475096e-06,8.459556555925385e-05,1.0000000000083051,0.6000000000044369,0.009254395857847184
2010-09-29,-0.0019768327577194315,0.0,5.542781522730043e-06,-0.0019823755392421615,1.0046642483009909,0.6000411971416978,0.0
2010-09-30,0.003142871840196449,0.0,5.578159902163678e-06,0.0031372936802942855,1.0064579803581495,0.5992523075002011,0.0
2010-10-01,0.0009406436458580505,0.0,5.492514658641229e-06,0.0009351511311994094,1.0014647694305414,0.6005111993497319,0.0
2010-10-04,0.0035772346474187964,0.0,1.6362460304875613e-05,0.003560872187113921,0.9990431208590486,0.6008899201070753,0.0
2010-10-05,0.001603213568442948,5.07711081004143e-05,5.4794520548683745e-06,0.0015469630082876652,1.0000000000958995,0.6000000000905081,0.25000000005899115
2010-10-06,-0.0012249392245258395,0.0,5.531581483018682e-06,-0.0012304708060088582,1.0044794414717761,0.6006739932114126,0.0
2010-10-07,0.010494663727245748,0.0,5.663086716672443e-06,0.010489000640529074,1.0135928975836261,0.6001875672665375,0.0
2010-10-08,-0.000314457928420125,0.0,5.292924662290078e-06,-0.0003197508530824151,0.9907267743528144,0.6043432740056387,0.0
2010-10-11,0.003950235430180497,0.0,1.6085734792976095e-05,0.003934149695387521,0.9956415632115572,0.6042220165824721,0.0
2010-10-12,-0.003084365858217848,2.3367617834922597e-06,5.479452054820831e-06,-0.0030921820720561607,1.0000000000184865,0.6000000000165663,0.011461901886556741
2010-10-13,0.0008376719143806061,0.0,5.541393763046833e-06,0.0008321305206175592,1.003288875849035,0.5987671311466165,0.0
2010-10-14,-0.0012041350916583715,0.0,5.592272048693193e-06,-0.0012097273637070648,1.0073421280045294,0.5991062684499265,0.0
2010-10-15,0.002262535839979917,0.0,5.578523272104651e-06,0.0022569573167078127,1.0058585068473105,0.5986263079836711,0.0
2010-10-18,0.004029160311435664,0.0,1.6293145441211657e-05,0.004012867165994452,0.9960022563693469,0.5995357172998634,0.0
2010-10-19,-0.0027960407787385824,1.481923806319791e-05,5.479452055133283e-06,-0.0028163394688569135,1.0000000000606315,0.6000000000359017,0.07339359069042938
2010-10-20,0.0006440935518039199,0.0,5.460484801189298e-06,0.0006386330670027306,0.9975060290870004,0.5988906386001818,0.0
2010-10-21,0.002615985585413096,0.0,5.494302296036555e-06,0.0026104912831170593,1.0002361614233815,0.5991520938127131,0.0
2010-10-22,0.002699375959812187,0.0,5.312249236918259e-06,0.0026940637105752688,0.9879954535377898,0.6002012592427571,0.0
2010-10-25,0.0021271298841259406,0.0,1.5769862703005727e-05,0.0021113600214229347,0.9850140723365244,0.6012807465633851,0.0
2010-10-26,-0.004067225732224325,3.166844448310457e-06,5.479452054842413e-06,-0.004075872028727478,0.9999999999233493,0.5999999999198533,0.015579807812052763
2010-10-27,-0.004128700355103946,0.0,5.56022190501213e-06,-0.004134260577008959,1.0042678595673356,0.59837166050145,0.0
2010-10-28,-0.0011306907754072167,0.0,5.604246594625898e-06,-0.0011362950220018427,1.0058199158291397,0.5967099144214489,0.0
2010-10-29,-0.002237841765977308,0.0,5.7492846890582335e-06,-0.002243591050666366,1.0159545295209937,0.5962567472197425,0.0
2010-11-01,0.006358647575878724,0.0,1.7704710217803857e-05,0.00634094286566092,1.02616925309098,0.5953546377910861,0.0
2010-11-02,0.0004474094964593306,2.270269664410384e-05,5.479452055069092e-06,0.0004192273477601577,1.0000000001015181,0.6000000000814745,0.11071455365302632
2010-11-03,0.0006203507518464782,0.0,5.546837791562111e-06,0.0006148039140549161,1.005114949872333,0.600195791088299,0.0
2010-11-04,0.009622293972762873,0.0,5.509329715725703e-06,0.009616784643047147,1.0026280539317558,0.6004469846837794,0.0
2010-11-05,-0.0019369814500711335,0.0,5.536804682532754e-06,-0.0019425182547536664,1.0084449989538413,0.6042582571289502,0.0
2010-11-08,-0.0028872170714284904,0.0,1.681594055347693e-05,-0.0029040330119819674,1.0126814597622544,0.6034935729609823,0.0
2010-11-09,-0.011542849034022109,2.6116180126468525e-05,5.479452055529546e-06,-0.011574444666204107,1.0000000003815956,0.6000000003279388,0.12693939785965425
2010-11-10,0.006900869508084644,0.0,5.661303393055674e-06,0.006895208204691588,1.008623121163046,0.5953479734699817,0.0
2010-11-11,0.0038496038728536635,0.0,5.488099577091037e-06,0.0038441157732765725,0.9987559181185617,0.598124648990916,0.0
2010-11-12,-0.006110125955935762,0.0,5.351209580574423e-06,-0.006115477165516336,0.990307354970369,0.5996690555884364,0.0
2010-11-15,-0.00790042533218999,0.0,1.5809561163978076e-05,-0.007916234893353968,0.9819104825064681,0.5972111608496683,0.0
2010-11-16,-0.0015620576497952646,5.152018883253203e-05,5.4794520548728e-06,-0.0016190572906826695,1.000000000020967,0.6000000000152524,0.25000000000856987
2010-11-17,-0.005543016161057889,0.0,5.467153020129589e-06,-0.005548483314078019,0.9985105894056925,0.5994084189362325,0.0
2010-11-18,0.011360131960430474,0.0,5.658456123069911e-06,0.011354473504307403,1.0102461365863316,0.5971788396022281,0.0
2010-11-19,-0.0013422754448940302,0.0,5.614130366691157e-06,-0.0013478895752607213,1.0115384232046247,0.6017069064361704,0.0
2010-11-22,9.185526215758905e-05,0.0,1.7202147232922054e-05,7.4653114924667e-05,1.0197605311049527,0.6011749484371828,0.0
2010-11-23,-0.004225656446183277,5.100059506032037e-05,5.522970370122561e-06,-0.00428218001161372,1.0000000002371898,0.5968231632182428,0.2500000002117633
2010-11-24,0.002350952425431626,0.0,5.531507825054756e-06,0.0023454209176065714,0.9989461004312981,0.595146029202301,0.0
2010-11-26,-0.0073462770559557895,0.0,1.1067954444353044e-05,-0.007357345010400143,1.0000792160672058,0.5960988788483199,0.0
2010-11-29,0.009293748663049009,0.0,1.6771800371083383e-05,0.009276976862677925,1.0012301725397168,0.5931163635100214,0.0
2010-11-30,0.0058450680976236576,0.0,5.372159193210449e-06,0.005839695938430447,0.9890405568624466,0.5968729357580839,0.0
2010-12-01,0.004828992679055343,1.6545567721664315e-05,5.4794520555509315e-06,0.004806967659278127,1.0000000002083176,0.6000000001530996,0.08203755083215125
2010-12-02,0.0012416393328787178,0.0,5.506614125207905e-06,0.0012361327187535099,1.0039183394509112,0.6019355083107343,0.0
2010-12-03,0.008158999591581378,0.0,5.530452160194291e-06,0.008153469139421183,1.0061554688617076,0.6024324611675244,0.0
2010-12-06,4.755465366058166e-05,0.0,1.6400963277166405e-05,3.1153690383415256e-05,1.0047433917985589,0.6056532853875096,0.0
2010-12-07,-0.007441267462139981,0.0,5.633201202995658e-06,-0.007446900663342977,1.0169056586312637,0.6056819708125807,0.0
2010-12-08,-0.009771401107507932,2.6766042490748667e-06,5.47945205583512e-06,-0.009779557163812841,1.0000000002285108,0.6000000001525471,0.01325848063639048
2010-12-09,0.007100098237890618,0.0,5.691142103828921e-06,0.007094407095786789,1.0115111537587487,0.5960577801792373,0.0
2010-12-10,0.0010447705565861136,0.0,5.52257986029552e-06,0.001039247976725818,1.0020573041414138,0.5989089743398409,0.0
2010-12-13,0.005934736596601136,0.0,1.6531086628433385e-05,0.005918205509972702,1.0015873327719462,0.5993308914800672,0.0
2010-12-14,0.004960975085284909,0.0,5.4353740833855726e-06,0.004955539711201523,0.9984869245870694,0.6017046164999226,0.0
2010-12-15,-0.0064903616344292045,4.017112223796091e-06,5.581663823829297e-06,-0.00649996041047683,0.9999999999786157,0.5925385408390771,0.019612484919246886
2010-12-16,0.009544394768286033,0.0,5.6054685379641755e-06,0.009538789299748069,0.9990815946669411,0.5898823913955564,0.0
2010-12-17,0.0011234434779988493,0.0,5.352880637065937e-06,0.0011180905973617833,0.984523292461856,0.5937630059560427,0.0
2010-12-20,-0.003292014340247709,0.0,1.6143716935737646e-05,-0.0033081580571834466,0.9870525007775022,0.5942220553412194,0.0
2010-12-21,0.006286052505890734,0.0,5.556475455231226e-06,0.006280496030435503,0.9985141277593962,0.5928914195275167,0.0
2010-12-22,-0.0012127566640432095,4.680976866876104e-05,5.479452054980365e-06,-0.001265045884766951,1.0000000000492577,0.600000000035691,0.23184448964637602
2010-12-23,0.000245513366781364,0.0,5.5136756441983815e-06,0.00023999969113716564,1.0020440182138213,0.5995456961873395,0.0
2010-12-27,0.00020416935588166694,0.0,2.1945865758914098e-05,0.00018222349012275284,1.0001593444888586,0.5996472943886764,0.0
2010-12-28,0.001404239688601156,0.0,5.5036852628441865e-06,0.0013987360033383119,1.0015112008195841,0.5997421766319584,0.0
2010-12-29,0.003917410460297414,0.0,5.639180227285388e-06,0.003911771280070129,1.011966902254188,0.6003067456623549,0.0
2010-12-30,-0.002782107302006374,8.9366588428249e-06,5.4794520548174e-06,-0.0027965234129040165,0.9999999999988971,0.5999999999972269,0.0444501729875489
2010-12-31,0.00046209087062804656,0.0,5.525323679237325e-06,0.00045656554694880925,1.0022413387653843,0.5988927101810593,0.0
2011-01-03,-0.005149855742815344,0.0,1.6742399914090565e-05,-0.005166598142729435,1.0064796790884163,0.5990812811788793,0.0
2011-01-04,-0.00803183371575945,0.0,5.843268071939739e-06,-0.00803767698383139,1.023574536274063,0.597015967022462,0.0
2011-01-05,0.004196395898730334,0.0,5.865654505652993e-06,0.004190530244224682,1.021949335629291,0.5937565567166226,0.0
2011-01-06,0.0007447118723408238,1.7019643971966587e-05,5.479452054797869e-06,0.0007222127763140593,1.000000000010732,0.6000000000104874,0.08462510971194454
2011-01-07,-0.0043840795390714185,0.0,5.412226866344291e-06,-0.004389491765937763,0.9954037207368113,0.6003111594936781,0.0
2011-01-10,0.004415394429617002,0.0,1.6381516702604403e-05,0.004399012912914398,0.9971713361252599,0.5985544296952194,0.0
2011-01-11,0.0019731100631975636,0.0,5.391523568952664e-06,0.001967718539628611,0.9939101897707099,0.6003289692371656,0.0
2011-01-12,0.0038825608123592165,0.0,5.47425682105624e-06,0.0038770865555381603,1.0007399937529493,0.6011192458158438,0.0
2011-01-13,-0.0027300521840018456,2.7564855141421327e-05,5.479452054798599e-06,-0.0027630964911980658,1.0000000000025218,0.6000000000022239,0.13684457043274428
2011-01-14,-0.002287429114874808,0.0,5.3879757064661905e-06,-0.002292817090581274,0.9922470615001352,0.5989248349281031,0.0
2011-01-18,0.006080629626688233,0.0,2.1904751022257553e-05,0.006058724875665975,0.9977702361473055,0.5980085299911053,0.0
2011-01-19,-0.012112044553513075,0.0,5.371896197856699e-06,-0.01211741644971093,0.9925996134934952,0.600451191049956,0.0
2011-01-20,-0.015279874145229242,0.0,5.581565822033028e-06,-0.015285455711051275,1.0030100484673634,0.5955557434589525,0.0
2011-01-21,-0.002671505652310515,1.8143525507490366e-05,5.479452054785133e-06,-0.0026951286298727904,1.000000000006599,0.6000000000072844,0.08992651918647597
2011-01-24,0.0046718049417657104,0.0,1.6570730467427948e-05,0.004655234211298282,1.0021638300735252,0.5989427220327783,0.0
2011-01-25,0.00294914396471746,0.0,5.393930940749615e-06,0.0029437500337767103,0.9945745390941478,0.6008175804194261,0.0
2011-01-26,0.008931857816125228,0.0,5.292082631186819e-06,0.00892656573349404,0.9883166348285968,0.6019946027519592,0.0
2011-01-27,0.000620365757335818,0.0,5.227557621845271e-06,0.0006151381997139727,0.9871329418514577,0.6055212354567531,0.0
2011-01-28,-0.0035054992499114405,2.409285047567699e-05,5.479452054757541e-06,-0.003535071552441875,1.0000000000092681,0.6000000000119675,0.11956051608858594
2011-01-31,0.0014039977515552273,0.0,1.652384049514153e-05,0.0013874739110600858,1.0006907508939717,0.5986106321788608,0.0
2011-02-01,0.014558647483146616,0.0,5.55768320329584e-06,0.01455308979994332,1.0048941526037851,0.5991832787631889,0.0
2011-02-02,-0.004296027975175502,0.0,5.4129849742949254e-06,-0.004301440960149797,1.0000861093315034,0.6049382062079741,0.0
2011-02-03,0.008644497223380081,0.0,5.493104924254011e-06,0.008639004118455827,1.0042336258994151,0.6032369664288724,0.0
2011-02-04,0.0033829694342307464,3.4081201133400715e-06,5.479452054763278e-06,0.0033740818620626428,1.0000000000375242,0.6000000000398048,0.01690695303095753
2011-02-07,0.010365252688833173,0.0,1.627542460579727e-05,0.010348977264227375,0.9973892840862725,0.6013539520118726,0.0
2011-02-08,0.011669907274645433,0.0,5.214954896083564e-06,0.01166469231974935,0.986145088835922,0.6054533814218216,0.0
2011-02-09,-0.0036372509937775176,0.0,5.0853540635050285e-06,-0.003642336347841023,0.9812385827775743,0.6100077361417071,0.0
2011-02-10,0.0041927842844374065,0.0,5.136656969111283e-06,0.004187647627468295,0.9835631230424028,0.6085871642972792,0.0
2011-02-11,0.0036819585445672476,4.9323429291975024e-05,5.479452054869749e-06,0.0036271556632204026,1.0000000000229958,0.600000000017504,0.241111548098544
2011-02-14,0.004399402590006168,0.0,1.6284147972533842e-05,0.004383118442033635,0.9977478242845313,0.6015002236195414,0.0
2011-02-15,-0.003985314442835749,0.0,5.432437061445111e-06,-0.003990746879897194,0.9998233914492548,0.6032554859637619,0.0
2011-02-16,0.006212315000023663,0.0,5.502238521154844e-06,0.006206812761502508,1.0033347013858935,0.6016712893415896,0.0
2011-02-17,0.010133565242215755,0.0,5.389027696745691e-06,0.01012817621451901,0.9975328804608445,0.6041338585984091,0.0
2011-02-18,0.0009799390202007397,5.014961170095594e-05,5.479452054881486e-06,0.0009243099564449023,0.9999999999953533,0.5999999999890048,0.23843040436381485
2011-02-22,-0.015326315768260948,0.0,2.1841962271071256e-05,-0.01534815773053202,0.9990407716874077,0.6004249602403575,0.0
2011-02-23,-0.005149695262533083,0.0,5.562415054366917e-06,-0.00515525767758745,1.0002751074397425,0.5942188084709574,0.0
2011-02-24,-0.0003390106828648449,0.0,5.6409960768761874e-06,-0.0003446516789417211,1.0039143665175936,0.5921216529056318,0.0
2011-02-25,0.008082858452498133,0.0,5.5961678324076525e-06,0.008077262284665725,1.0005069231887427,0.5919866714229841,0.0
2011-02-28,0.0033623260758097297,5.2491284320251136e-05,1.6438356167593808e-05,0.003293396435321885,0.9999999999486869,0.5999999998705708,0.24999999995324432
2011-03-01,-0.006934831118953445,0.0,5.461501238736743e-06,-0.006940292620192182,1.000071327903692,0.6013817374759097,0.0
2011-03-02,0.005683126168961233,0.0,5.445341723042371e-06,0.005677680827238191,0.9961113208448342,0.5986013750627411,0.0
2011-03-03,0.012666970607388797,0.0,5.3548776563780075e-06,0.01266161572973242,0.9917790053962343,0.6008729364806398,0.0
2011-03-04,-0.0037282518703103283,0.0,5.255794755573103e-06,-0.0037335076650659013,0.9895416484526981,0.6058686312958614,0.0
2011-03-07,-0.0050073707426659475,5.1969126918455803e-05,1.643835616469301e-05,-0.005075778225749096,0.9999999999953886,0.5999999999878587,0.24999999999493414
2011-03-08,0.0017786572484147225,0.0,5.502376148509979e-06,0.0017731548722662125,0.9997015460297591,0.5980280871885304,0.0
2011-03-09,-0.0026519363304296738,0.0,5.503106927843447e-06,-0.002657439437357517,1.000471882419544,0.5987450766869723,0.0
2011-03-10,-0.015784818379385855,0.0,5.523435099308585e-06,-0.015790341814485163,1.000892204842593,0.5976814425930663,0.0
2011-03-11,0.002137590078808258,0.0,5.668035488548861e-06,0.002131922043319709,1.0049989763393536,0.5912323856752868,0.0
2011-03-14,-0.0025039172741956627,1.7721319545140035e-05,1.643835616447407e-05,-0.0025380769499052766,1.0000000000084157,0.6000000000062133,0.08666545262260263
2011-03-15,-0.018268705273033543,0.0,5.4722221988676795e-06,-0.01827417749523241,0.9984886530493824,0.5990164325320417,0.0
2011-03-16,-0.007827847161245106,0.0,5.59882927522871e-06,-0.007833445990520336,1.0002724995554853,0.5915579624637897,0.0
2011-03-17,0.017026000757749873,0.0,5.672645363541417e-06,0.01702032811238633,1.0024419473354083,0.5883388357968848,0.0
2011-03-18,0.004123408505917935,0.0,5.530937436246339e-06,0.0041178775684816895,0.998992195457401,0.5952337626114181,0.0
2011-03-21,0.009850452085947427,2.425278265204274e-06,1.6438356164505475e-05,0.009831588451517718,1.0000000000088236,0.600000000005857,0.012081843939609399
2011-03-22,0.00010579802161537983,0.0,5.40500615201669e-06,0.00010039301546336315,0.9984784768397483,0.6039130277425299,0.0
2011-03-23,-0.0007479971914654089,0.0,5.410837422018921e-06,-0.0007534080288874278,0.9989493243873596,0.6039581925799783,0.0
2011-03-24,0.007294626826669694,0.0,5.435672750119756e-06,0.007289191153919574,1.000469112206104,0.6036650014473617,0.0
2011-03-25,0.0017938214898384137,0.0,5.3769363042398e-06,0.001788444553534174,0.9990548037534521,0.6065384535439466,0.0
2011-03-28,-0.003947666864420233,5.138091036294476e-05,1.6438356167275232e-05,-0.004015486130950453,0.9999999999628406,0.5999999998924768,0.2500000000470697
2011-03-29,0.004618127298172014,0.0,5.4721293330871e-06,0.004612655168838927,0.9979208637923633,0.5984554224770049,0.0
2011-03-30,0.00103214800254679,0.0,5.40103825320486e-06,0.0010267469642935851,0.9945803443650201,0.6003045518810652,0.0
2011-03-31,0.005322887194384438,0.0,5.423042021273496e-06,0.005317464152363165,0.9966019800899892,0.600719912537024,0.0
2011-04-01,0.00301655497657747,0.0,5.390355438687142e-06,0.003011164621138783,0.9963331813722143,0.6028372343480528,0.0
2011-04-04,0.004720438484657858,1.8850970121060288e-06,1.6438356165990277e-05,0.004702115031479761,1.0000000000628533,0.6000000000237565,0.009307729123428705
2011-04-05,0.001755062839150367,0.0,5.439980800315957e-06,0.001749622858350051,0.999008879593088,0.6018902811700233,0.0
2011-04-06,0.002948398635526249,0.0,5.41476060595194e-06,0.002942983874920297,0.9978685611911688,0.6025910369566773,0.0
2011-04-07,0.0009899607329895595,0.0,5.347987634091531e-06,0.000984612745355468,0.9941656693669787,0.6037625720782969,0.0
2011-04-08,0.006521836139731182,0.0,5.315820396531628e-06,0.00651652031933465,0.9922125604145638,0.604157671467755,0.0
2011-04-11,-0.007793057114948145,3.292684049777174e-05,1.6438356164979143e-05,-0.007842422311610895,1.0000000000574438,0.6000000000429513,0.16166136643500342
2011-04-12,-0.0070809489043408775,0.0,5.554643217565739e-06,-0.007086503547558443,1.0023769455054978,0.596887990623199,0.0
2011-04-13,0.004222935069433622,0.0,5.576700090090514e-06,0.0042173583693435315,1.0011156486280215,0.5940165420514139,0.0
2011-04-14,0.005364143616917979,0.0,5.574158648253538e-06,0.005358569458269726,1.0026406638460306,0.5957270825235226,0.0
2011-04-15,0.0037784052315102713,0.0,5.556411425184502e-06,0.0037728488200850867,1.003505438991245,0.5978874049527763,0.0
2011-04-18,-0.0009424126847663605,2.4536080283202727e-05,1.643835616439734e-05,-0.0009833871212139606,1.0000000000026372,0.6000000000023019,0.12135789504424405
2011-04-19,0.004411576544203081,0.0,5.495808940866672e-06,0.0044060807352622145,1.0008413254060693,0.5996472727228022,0.0
2011-04-20,0.00990748387545787,0.0,5.491487920525984e-06,0.009901992387537343,1.002287610888696,0.6014089926902992,0.0
2011-04-21,0.006676233641972834,0.0,5.406546161163412e-06,0.00667082709581167,1.000000446781068,0.6053225770161387,0.0
2011-04-25,0.00038110915741086573,0.0,2.157390640010392e-05,0.0003595352510107618,1.001667117649228,0.6079433258473312,0.0
2011-04-26,-0.005558882228387599,5.049880531136823e-05,5.4794520548173476e-06,-0.005614860485753785,1.0000000000297695,0.6000000000281033,0.2500000000080746
2011-04-27,0.014770616764219037,0.0,5.5042620318161255e-06,0.014765112502187221,0.9996087966285396,0.5977976683059625,0.0
2011-04-28,-0.002424271808048885,0.0,5.38661147239443e-06,-0.0024296584195212796,0.9968778849141448,0.6036552474293514,0.0
2011-04-29,0.003341739483363529,0.0,5.436953765110803e-06,0.0033363025295984183,0.999592944231525,0.6026953193784366,0.0
2011-05-02,-0.0174237598109976,0.0,1.6346901896462246e-05,-0.01744010671289406,1.001796472018916,0.6040218592050014,0.0
2011-05-03,-0.010661515320971579,4.2799331398156855e-06,5.479452054951802e-06,-0.010671274706166347,0.9999999999914947,0.5999999999800133,0.021160962549320046
2011-05-04,-0.014046529801734488,0.0,5.531695254839167e-06,-0.014052061496989328,0.9995090665883405,0.5956953129850814,0.0
2011-05-05,-0.03368031013834791,0.0,5.577214702376649e-06,-0.03368588735305028,0.9970753104661229,0.5899386371926277,0.0
2011-05-06,0.004058125755353547,0.0,5.741282767072022e-06,0.004052384472586475,0.9947632364439306,0.575649594447673,0.0
2011-05-09,0.020381750169213158,0.0,1.725731565628545e-05,0.020364492853556872,0.9972960173753538,0.5773680030724078,0.0
2011-05-10,0.004726842677940972,1.3524147367376648e-05,5.479452054840179e-06,0.004707839078518755,1.000000000032178,0.6000000000288449,0.06703663490554701
2011-05-11,-0.02084355434081444,0.0,5.480337291096379e-06,-0.020849034678105536,1.001957848505162,0.6018932262551262,0.0
2011-05-12,-0.0020234904347873678,0.0,5.608919511616136e-06,-0.0020290993542989837,1.0028730710069311,0.5934219466589533,0.0
2011-05-13,-0.0020473595898959805,0.0,5.613795856963988e-06,-0.0020529733857529444,1.0024079998908166,0.5926009023324457,0.0
2011-05-16,-0.00851753706292272,0.0,1.7026551243532936e-05,-0.008534563614166253,1.0060811745008578,0.5917684275748896,0.0
2011-05-17,0.004491425454645631,5.0576789855159114e-05,5.4794520548367455e-06,0.004435369212735636,1.0000000001560514,0.600000000152969,0.2500000001046365
2011-05-18,0.011175883038010453,0.0,5.413450237670038e-06,0.011170469587772784,0.9970039896447576,0.6018221222948448,0.0
2011-05-19,-0.001235930288173401,0.0,5.3542025129296374e-06,-0.0012412844906863306,0.9970829577335045,0.6062261742896411,0.0
2011-05-20,-0.0011339054721254084,0.0,5.3124171196444855e-06,-0.001139217889245053,0.993548592062142,0.6057421423280945,0.0
2011-05-23,-0.005841002373745346,0.0,1.6182096371668616e-05,-0.005857184470117014,0.9990621479853372,0.6052978029414009,0.0
2011-05-24,0.00940555738369332,3.7968573823879722e-06,5.479452054793525e-06,0.009396281074256139,1.000000000004741,0.6000000000048138,0.018735518958528423
2011-05-25,0.009192184511207058,0.0,5.418452899697497e-06,0.009186766058307361,0.9992797767815864,0.6037327151036691,0.0
2011-05-26,0.0006422334280988289,0.0,5.375090420060555e-06,0.0006368583376787683,0.9997269605415076,0.607345359877087,0.0
2011-05-27,0.004498948428591405,0.0,5.340528980590463e-06,0.004493607899610815,0.9974592533561449,0.6076006377730411,0.0
2011-05-31,0.0022565776223743526,0.0,2.1316641093478326e-05,0.0022352609812808745,0.9983900551581579,0.6093613552021786,0.0
2011-06-01,-0.013070738007572195,5.2646263025733725e-05,5.479452055575171e-06,-0.013128863722653502,0.9999999999068072,0.5999999998498199,0.2500000000865066
2011-06-02,-0.002776241666025726,0.0,5.558572337804498e-06,-0.0027818002383635304,1.0005132699496158,0.5947374892898875,0.0
2011-06-03,0.003564155973019934,0.0,5.595088663606228e-06,0.003558560884356328,1.0020540316257458,0.5936125591824911,0.0
2011-06-06,-0.004035320148667059,0.0,1.6547448587191094e-05,-0.00405186759725425,0.9977137431899653,0.5950591609016487,0.0
2011-06-07,0.005132049263138417,0.0,5.585439945832695e-06,0.005126463823192584,1.0011654498357445,0.5934283337899577,0.0
2011-06-08,-0.0025903723437459333,5.264498109675599e-05,5.479452054845375e-06,-0.0026484967768975348,1.00000000001594,0.6000000000122274,0.2500000000154653
2011-06-09,0.0033003016088658105,0.0,5.523738108086576e-06,0.0032947778707577238,1.0022289487111509,0.5989960668208307,0.0
2011-06-10,-0.013515850207715147,0.0,5.469495480736195e-06,-0.013521319703195882,0.9995916225708097,0.6003184524770675,0.0
2011-06-13,-0.004998508681465466,0.0,1.6820530049560085e-05,-0.005015329211515026,1.0041452657082246,0.5948457011689292,0.0
2011-06-14,0.007056516461294765,0.0,5.5787454424569615e-06,0.007050937715852308,1.000068799165175,0.5928203818658169,0.0
2011-06-15,-0.004553127717597838,5.105701030468941e-05,5.479452054889406e-06,-0.0046096641799574165,1.0000000001058826,0.6000000000989558,0.25000000008516443
2011-06-16,-0.0007520640225803103,0.0,5.5708539777284065e-06,-0.0007576348765580387,1.0048767341216827,0.5982043937475091,0.0
2011-06-17,0.005633311586493349,0.0,5.526990233444213e-06,0.0056277845962599046,1.001375610692434,0.5979053236510065,0.0
2011-06-20,0.0027656031822821735,0.0,1.633288463219559e-05,0.002749270297649978,0.9975945841296574,0.6001610580795647,0.0
2011-06-21,0.003885282686019461,0.0,5.417634459519718e-06,0.0038798650515599413,0.9967609131640909,0.6012735976191514,0.0
2011-06-22,-0.0013355112256214234,2.4562554913456043e-05,5.47945205487908e-06,-0.0013655532325897585,1.0000000000652471,0.6000000000590742,0.12005170640564854
2011-06-23,-0.0027783142943627057,0.0,5.474198893223028e-06,-0.002783788493255929,0.9990996341442218,0.5994831149389406,0.0
2011-06-24,-0.0034013234407759166,0.0,5.48005045909595e-06,-0.0034068034912350127,0.9984142211760293,0.5983705376620249,0.0
2011-06-27,0.0003934171074041208,0.0,1.6579534185211417e-05,0.0003768375732189094,1.0004384182604884,0.5970030864203438,0.0
2011-06-28,0.0007684457065574365,0.0,5.509937398636841e-06,0.0007629357691587997,0.9993968969818621,0.5971714668813726,0.0
2011-06-29,0.004670372210009469,5.024980321209792e-05,5.4794520548096235e-06,0.0046146429547425614,1.0000000000193034,0.6000000000182009,0.249999999991185
2011-06-30,0.0008411671573147681,0.0,5.4121513776739474e-06,0.0008357550059370941,0.9969799021911661,0.6018928516209678,0.0
2011-07-01,0.003917835708798901,0.0,5.407139199873463e-06,0.003912428569599028,0.9969518630455756,0.6022307014548127,0.0
2011-07-05,0.0023081180959625934,0.0,2.1455123580898773e-05,0.0022866629723816948,0.9953422718759322,0.6037862665245295,0.0
2011-07-06,0.0029417359657736768,0.0,5.377761909442976e-06,0.0029363582038642337,0.9972882323554905,0.6047116129661533,0.0
2011-07-07,0.0030267458796339646,5.0716432915505887e-05,5.479452054770952e-06,0.0029705499946636876,1.0000000000631986,0.600000000064919,0.2500000000294996
2011-07-08,0.0020293295973643237,0.0,5.435972766700634e-06,0.002023893624597623,0.9980667422655257,0.6012407302963796,0.0
2011-07-11,-0.002760473000349575,0.0,1.634354799143496e-05,-0.00277681654834101,0.9997445726813092,0.6020515715563921,0.0
2011-07-12,0.002063261029424292,0.0,5.538517890461433e-06,0.0020577225115338306,1.0052716598267115,0.6009598538230267,0.0
2011-07-13,0.0017012352116263494,0.0,5.534836025259489e-06,0.00169570037560109,1.0058278385484234,0.6017848087044808,0.0
2011-07-14,-0.0029275589687481093,5.1448294398205574e-05,5.47945205479748e-06,-0.002984486715201112,0.9999999999995723,0.5999999999993563,0.2500000000003093
2011-07-15,0.001271501968823436,0.0,5.498102097675057e-06,0.001266003866725761,1.000221183069159,0.5988597299388796,0.0
2011-07-18,0.00019499550975108444,0.0,1.6592289389449988e-05,0.00017840322036163445,1.0031181325777987,0.5993724241011823,0.0
2011-07-19,0.0016347731308500497,0.0,5.534908897024451e-06,0.0016292382219530253,1.0035088234146894,0.5994604739319045,0.0
2011-07-20,0.0009011889757488527,0.0,5.511493699313234e-06,0.0008956774820495395,1.0024565527233096,0.6001175126734435,0.0
2011-07-21,0.0004883818625197458,1.0280038866447169e-06,5.479452054915524e-06,0.00048187440657818554,0.9999999999855638,0.5999999999767305,0.0051288649224738555
2011-07-22,0.003010145436108401,0.0,5.407800733621348e-06,0.0030047376353747796,0.9949686147789647,0.6001991612246063,0.0
2011-07-25,-6.31965404157448e-05,0.0,1.6189535885615478e-05,-7.938607630136028e-05,0.9953476239007284,0.601402250684085,0.0
2011-07-26,0.0032745518517244988,0.0,5.385791588617815e-06,0.003269166060135881,0.9945495818508344,0.6013867958817338,0.0
2011-07-27,-0.003665236919461111,0.0,5.33155580397035e-06,-0.0036705684752650816,0.991894624295905,0.6026910506060693,0.0
2011-07-28,0.00228534182336555,5.553550202822782e-06,5.479452055049544e-06,0.0022743088211076776,1.0000000000181801,0.5999999999995634,0.02746559797637564
2011-07-29,0.007641899257902977,0.0,5.445363292525692e-06,0.007636453894610451,0.9984301875517292,0.6009186671973539,0.0
2011-08-01,-0.0010570562951378395,0.0,1.607814322595161e-05,-0.0010731344383637911,0.995183359763324,0.6039485412651682,0.0
2011-08-02,0.0061145586821676895,0.0,5.396000011312026e-06,0.006109162682156378,0.9974471644572023,0.6035391636314245,0.0
2011-08-03,9.298405713296606e-05,0.0,5.3568925024504365e-06,8.762716463051562e-05,0.9970050164789632,0.6059518638000815,0.0
2011-08-04,0.0009669061518807823,3.7996770648504952e-06,5.479452054795562e-06,0.0009576270227611362,0.999999999998547,0.599999999998471,0.018779863312099465
2011-08-05,-0.0042436406543542755,0.0,5.4832497300969176e-06,-0.004249123904084372,1.0006691848874627,0.6003919545903876,0.0
2011-08-08,0.0034879860355009292,0.0,1.6413077243888176e-05,0.003471572958257041,0.9980771110089764,0.5986922314076977,0.0
2011-08-09,0.009326294976183334,0.0,5.46066005098725e-06,0.009320834316132348,0.998725120865946,0.6000969371438769,0.0
2011-08-10,0.009595746135553003,0.0,5.397935073277281e-06,0.009590348200479727,0.9978446159984451,0.6037953556492037,0.0
2011-08-11,-0.013907673913868131,2.4183295763877655e-05,5.479452055087766e-06,-0.013937336661687096,0.9999999999889416,0.5999999999675345,0.11710250176128326
2011-08-12,0.004090036835690088,0.0,5.594185317451879e-06,0.004084442650372637,1.0027518775121238,0.5943763493381369,0.0
2011-08-15,0.0032915191361040596,0.0,1.665421816563501e-05,0.0032748649179384247,1.0012845699767907,0.596031927946339,0.0
2011-08-16,0.004943477286951387,0.0,5.476827147384978e-06,0.004938000459804002,0.9971755321177083,0.5973671503586047,0.0
2011-08-17,0.0034248637265640288,0.0,5.420615754959377e-06,0.0034194431108090693,0.9950559820861187,0.599351031974084,0.0
2011-08-18,0.003174424008418129,4.26032107590167e-05,5.479452054922204e-06,0.00312634134560419,0.9999999999960862,0.5999999999867656,0.20686634810525703
2011-08-19,0.010395333730810802,0.0,5.478960643453404e-06,0.010389854770167349,1.0012586988862195,0.6012945719141211,0.0
2011-08-22,0.00761206192143392,0.0,1.6251080779561802e-05,0.007595810840654358,1.000842854359226,0.6053998887232223,0.0
2011-08-23,-0.016077697334386094,0.0,5.359580252945179e-06,-0.01608305691463904,0.9996400882093087,0.6083907297443106,0.0
2011-08-24,-0.01552631569377613,0.0,5.4652844545756425e-06,-0.015531780978230705,1.0009607166608738,0.6019949514768521,0.0
2011-08-25,0.006816062562053686,1.5791618633730366e-06,5.479452054781438e-06,0.006809003948135531,1.000000000022779,0.600000000023734,0.00787152657397569
2011-08-26,0.007680323773391493,0.0,5.463784280877742e-06,0.0076748599891106155,1.0015684453889204,0.6027121928848453,0.0
2011-08-29,-0.006180926337840748,0.0,1.6209560223366802e-05,-0.006197135898064115,1.00017615205521,0.6057435199532843,0.0
2011-08-30,0.007857185342123424,0.0,5.4018892793283935e-06,0.007851783452844097,0.997639251360509,0.6033013339695363,0.0
2011-08-31,-0.004336782217337361,0.0,5.400008169869158e-06,-0.00434218222550723,1.0005978160569589,0.6063972196565103,0.0
2011-09-01,0.0025826973707891057,2.250572850518762e-06,5.479452054878364e-06,0.0025749673458837084,0.9999999999716341,0.5999999999655135,0.011200240914905124
2011-09-02,0.015854721066934495,0.0,5.477228704145781e-06,0.01584924383823035,1.0008727471070742,0.601035051704432,0.0
2011-09-06,-0.00800557939605388,0.0,2.1358330471519227e-05,-0.008026937726525398,0.9970546115423027,0.607265080437077,0.0
2011-09-07,-0.0072231344854947945,0.0,5.471816767965922e-06,-0.00722860630226276,1.0035512675639853,0.6041086435024731,0.0
2011-09-08,0.006028879165014822,0.0,5.4926600087640616e-06,0.006023386505006058,1.002195756011607,0.6012315753718306,0.0
2011-09-09,-0.0033487753097617826,1.8314702989908765e-06,5.481721501416928e-06,-0.0033560885015621908,1.0000000000556648,0.5998343304522292,0.009129872471762557
2011-09-12,-0.009682003712532378,0.0,1.657512384038541e-05,-0.009698578836372764,1.0018221679419905,0.5984941544926123,0.0
2011-09-13,0.0026909267517639442,0.0,5.5769235966081955e-06,0.002685349828167336,1.0016941419166618,0.5945787193642638,0.0
2011-09-14,-0.002453533275275496,0.0,5.574774750570915e-06,-0.002459108050026067,1.0026286204047365,0.5956700636130599,0.0
2011-09-15,-0.004243113138995567,0.0,5.594960035837972e-06,-0.004248708099031405,1.0031109926487982,0.5946789100326262,0.0
2011-09-16,0.004252464372157867,3.558114234313911e-06,5.479452054969949e-06,0.0042434268058685835,1.0000000000211036,0.6000000000082973,0.01769357152708806
2011-09-19,-0.004053062360476133,0.0,1.6355836660769483e-05,-0.004069418197136902,0.9996912232871797,0.6016991978751224,0.0
2011-09-20,0.004438762374145438,0.0,5.496987619731571e-06,0.004433265386525707,1.0013682413727385,0.6000881451323339,0.0
2011-09-21,-0.0024082036760478707,0.0,5.450485383043618e-06,-0.0024136541614309145,0.9997441410903397,0.6018587081281557,0.0
2011-09-22,-0.017961539058460367,0.0,5.473563313519332e-06,-0.017967012621773887,1.000470993227738,0.600900871340827,0.0
2011-09-23,-0.03115169652863731,7.605636660484859e-06,5.4794520547521396e-06,-0.031164781617352547,0.9999999999911373,0.599999999994231,0.03766566659060212
2011-09-26,-0.005518005451259698,0.0,1.6909977763566286e-05,-0.0055349154290232645,0.9986227245809388,0.5871465990008257,0.0
2011-09-27,0.00860643472272972,0.0,5.696373206848021e-06,0.00860073834952287,1.000701020257836,0.5848657761579303,0.0
2011-09-28,-0.013769240147158867,0.0,5.633733506007662e-06,-0.013774873880664874,0.9996739839985985,0.5884114380600391,0.0
2011-09-29,0.006327857274278503,0.0,5.692406114837704e-06,0.006322164868163665,0.9982140277638023,0.5826683813806499,0.0
2011-09-30,-0.0032042178647573904,7.642842149670092e-06,5.479452055583663e-06,-0.0032173401589626442,1.0000000000849276,0.6000000000273205,0.0380173994929406
2011-10-03,0.008245102783974114,0.0,1.6512909911779333e-05,0.008228589874062334,1.0005362159243045,0.5987220747376738,0.0
2011-10-04,-0.006224273899466288,0.0,5.4746988961839e-06,-0.006229748598362472,1.0016664751174829,0.6020134556960581,0.0
2011-10-05,0.005276066635076755,0.0,5.506219975478898e-06,0.005270560415101277,1.00147812421644,0.5995240660064803,0.0
2011-10-06,0.0067594708670218485,0.0,5.4325001439766115e-06,0.006754038366877872,0.9982017200554523,0.6016292095451596,0.0
2011-10-07,-0.0030366732785428166,5.182513732766059e-05,5.47945205503597e-06,-0.003093977867925513,1.0000000000204214,0.6000000000027955,0.25000000001124423
2011-10-10,0.001000681363158513,0.0,1.640434107830582e-05,0.0009842770220802072,0.9979883499030433,0.5988160503309351,0.0
2011-10-11,-0.0008245282488768337,0.0,5.429859197967093e-06,-0.0008299581080748007,0.9956066478510245,0.5992269263994269,0.0
2011-10-12,0.0007990163622607448,0.0,5.445194935108022e-06,0.0007935711673256367,0.996398689875863,0.5988994596129775,0.0
2011-10-13,0.0002461439308689122,0.0,5.372552763745874e-06,0.00024077137810516635,0.9914193016728312,0.5992229499193824,0.0
2011-10-14,-0.008348710810056014,5.288374779189507e-05,5.479452054899761e-06,-0.008407074009902808,1.0000000000117655,0.6000000000040829,0.250000000013752
2011-10-17,0.004460404128809215,0.0,1.7129612782360486e-05,0.004443274516026855,1.0134880948742868,0.5966675171701815,0.0
2011-10-18,0.0032344398818069174,0.0,5.644587124333361e-06,0.003228795294682584,1.0105236203840129,0.5984687603076777,0.0
2011-10-19,-0.002612738043288206,0.0,5.5190806411387455e-06,-0.0026182571239293444,1.002659563170052,0.5997666763669236,0.0
2011-10-20,-0.0032139175369285404,0.0,5.544529751283326e-06,-0.0032194620666798237,1.0034722171184838,0.5987215452748011,0.0
2011-10-21,-0.0021504227450640273,1.79693761619797e-05,5.4794520551218745e-06,-0.0021738715732811287,1.0000000000190663,0.5999999999951695,0.08874897645787097
2011-10-24,0.0021476878311073137,0.0,1.6630038418294525e-05,0.002131057792689019,1.0038163250531182,0.599152056874618,0.0
2011-10-25,0.009770072963938075,0.0,5.535829242314655e-06,0.00976453713469576,1.004136599828053,0.6000210651390834,0.0
2011-10-26,-0.0003985910486311672,0.0,5.517220176917683e-06,-0.00040410826880808487,1.0066514618319977,0.6038943889170069,0.0
2011-10-27,-0.008716399049721232,0.0,5.467309460797888e-06,-0.00872186635918203,1.002853364741545,0.6037397741032992,0.0
2011-10-28,-0.001597388124134637,5.1044299417826024e-05,8.05474720186817e-06,-0.0016564871707543314,0.9999999999499255,0.41200345421354917,0.24999999998741032
2011-10-31,0.013163550336470264,0.0,2.4607181922621153e-05,0.013138943154547644,1.0098617865919484,0.4110870264748336,0.0
2011-11-01,0.017637325121637064,0.0,8.002131485416644e-06,0.017629322990151648,1.0029042603813683,0.4187486619459531,0.0
2011-11-02,-0.0038236983546523357,0.0,7.641592653286827e-06,-0.0038313399473056224,0.9866623373975388,0.42882607370760034,0.0
2011-11-03,-0.0065741547319715975,0.0,7.726130760998583e-06,-0.006581880862732596,0.9906445121589998,0.42663696660610334,0.0
2011-11-04,0.0015403396260094569,3.2970949363931487e-06,7.935022603121416e-06,0.0015291075084699424,1.0000000000173144,0.420743349989451,0.016391119845075217
2011-11-07,0.004391553557166364,0.0,2.3762470738177307e-05,0.004367791086428186,0.9998590796140802,0.4216389583184323,0.0
2011-11-08,-0.008026679515003726,0.0,7.830626881625746e-06,-0.00803451014188535,0.9958135542557692,0.42417779189708976,0.0
2011-11-09,0.0136092978804549,0.0,7.996603796970665e-06,0.013601301276657929,1.0032738414305664,0.4195217642517081,0.0
2011-11-10,-0.004194166433615389,0.0,7.644122001387163e-06,-0.004201810555616777,0.9853398742069892,0.4273189681057264,0.0
2011-11-11,-0.0016894810137589682,1.394780491576727e-05,7.892631815823696e-06,-0.0017113214504905592,1.0000000000032927,0.423837877448163,0.06879611384593005
2011-11-14,0.01013580278853581,0.0,2.3710783036276253e-05,0.010112092005499534,0.9998344536886272,0.42287206647257186,0.0
2011-11-15,-0.0008758544837890416,0.0,7.643764800293247e-06,-0.0008834982485893349,0.9866679179808321,0.42867308755942507,0.0
2011-11-16,0.004296713145275374,0.0,7.645968991530824e-06,0.004289067176283843,0.986331261784168,0.42817552540241793,0.0
2011-11-17,9.275472467625867e-05,0.0,7.520031397093348e-06,8.523469327916532e-05,0.9795875498766179,0.43062525788880357,0.0
2011-11-18,0.002738917350142526,4.387315509388052e-05,5.997969168436414e-06,0.002689046225880209,1.0000000000026987,0.5621482507068405,0.21446870617008146
2011-11-21,-0.0009685442925517518,0.0,1.7671255271037758e-05,-0.0009862155478227897,0.9933727790057576,0.5633722340771723,0.0
2011-11-22,0.00285822103851156,0.0,5.9186439332099875e-06,0.00285230239457835,0.9950198957176652,0.5629588885933362,0.0
2011-11-23,-4.223020477364704e-05,0.0,5.8874100492938265e-06,-4.811761482294087e-05,0.9939887519190612,0.564207818320612,0.0
2011-11-25,-0.0048241343138163,0.0,1.1843788080278161e-05,-0.004835978101896578,0.9964910006547348,0.5641927357245818,0.0
2011-11-28,0.002155838580646271,2.62070743169023e-06,1.812801592298702e-05,0.002135089857291594,1.0000000000015872,0.5588849458755697,0.012921414795639796
2011-11-29,-0.005146155954947044,0.0,6.0129171907922955e-06,-0.005152168872137836,0.9987884190120366,0.5598454640841991,0.0
2011-11-30,-0.0036766815691742934,0.0,6.129007345995654e-06,-0.003682810576520289,1.0049895495578351,0.5575720133001523,0.0
2011-12-01,-0.002843410460074103,0.0,6.202175334862003e-06,-0.002849612635408965,1.008701563065707,0.5559427636207807,0.0
2011-12-02,0.006908107612104674,0.0,6.2910416562677055e-06,0.006901816570448406,1.0139260171371212,0.5546799762295787,0.0
2011-12-05,0.0066836647383497145,2.958229597208083e-05,1.794986468076199e-05,0.0066361325776968716,1.00000000000776,0.5632199594425517,0.14185134928058127
2011-12-06,-0.004172748519832708,0.0,5.7909176950116825e-06,-0.004178539437527719,0.9888835920188639,0.5661466002830111,0.0
2011-12-07,0.005278911776364315,0.0,5.8456802464920045e-06,0.005273066096117823,0.9910665930033882,0.5643319350094718,0.0
2011-12-08,0.0011029232791970299,0.0,5.724073131338104e-06,0.0010971992060656917,0.9844803448101258,0.5666230062224442,0.0
2011-12-09,9.238504764482223e-05,0.0,5.73260360820948e-06,8.665244403661275e-05,0.9855837671674019,0.5671037037681098,0.0
2011-12-12,0.006863273258953073,4.997525750504427e-06,1.7754938305233017e-05,0.0068405207948973356,1.0000000000083913,0.567963167914388,0.024516664343604163
2011-12-13,0.0010035895573473775,0.0,5.758918796968688e-06,0.0009978306385504088,0.9913221160790108,0.5709210439002965,0.0
2011-12-14,0.010378121156181214,0.0,5.797356809725077e-06,0.01037232379937149,0.9945615655236274,0.5713545184136967,0.0
2011-12-15,-0.0005475167084690707,0.0,5.5500726659752855e-06,-0.0005530667811350459,0.9809159681529297,0.5757606635367339,0.0
2011-12-16,0.004130444586483938,0.0,5.5425743023443115e-06,0.004124902012181594,0.9801393782281923,0.5755314541570574,0.0
2011-12-19,0.0029953605169267764,5.67013938524476e-06,1.7562650482396953e-05,0.0029721277270591344,1.0000000000145561,0.5726421716095635,0.02784477219983686
2011-12-20,-0.005545134296309869,0.0,5.842968863568582e-06,-0.005550977265173437,1.0004684607478063,0.5739317337072998,0.0
2011-12-21,-0.00580113407868442,0.0,5.911896264918013e-06,-0.0058070459749493385,1.0031277394974947,0.5715593121584797,0.0
2011-12-22,0.0017753586457942957,0.0,5.988889881745504e-06,0.0017693697559125502,1.0062517130086286,0.5690627516412071,0.0
2011-12-23,0.00011511902024731948,0.0,5.976481037019091e-06,0.00010914253921030039,1.0061129862504317,0.5698298705480379,0.0
2011-12-27,-0.001929801523804059,5.086444976593035e-05,2.371456570141035e-05,-0.0020043805392713997,1.000000000024735,0.5672091759739961,0.2500000000166762
2011-12-28,0.002373307887931842,0.0,5.977834580837031e-06,0.002367330053351005,1.002796609423111,0.5664146850220079,0.0
2011-12-29,0.0043672846385469375,0.0,5.930330860962674e-06,0.004361354307685974,1.0003588169532702,0.5674446641029948,0.0
2011-12-30,0.0050057081581558315,0.0,5.779212072151037e-06,0.004999928946083681,0.9912113849420342,0.5693289036750088,0.0
2012-01-03,-0.0010777236622014565,0.0,2.2742267135958418e-05,-0.0011004659293374149,0.9865236413395619,0.5714772661083208,0.0
2012-01-04,-0.006875934015145415,1.2857693690116536e-05,5.945861748597205e-06,-0.006894737570584128,1.0000000000202502,0.5659520923726544,0.06353381612787798
2012-01-05,0.009399597278876936,0.0,6.140688381770728e-06,0.009393456590495166,1.0112278551648601,0.5629576032955972,0.0
2012-01-06,-0.0031696738903884566,0.0,5.854451121978347e-06,-0.003175528341510435,0.9944057530747569,0.5670308211703375,0.0
2012-01-09,0.000746957051463256,0.0,1.8029368515488676e-05,0.0007289276829477673,1.0043720422888376,0.5656574084119466,0.0
2012-01-10,0.004802090940119574,0.0,5.963918233023268e-06,0.0047961270218865515,1.0013578293839527,0.5659917983732541,0.0
2012-01-11,0.011172985109923395,3.693265484954358e-05,8.219178082210349e-06,0.01112783327699164,1.000000000001841,0.40000000000048547,0.17543349068720007
2012-01-12,0.004412427825369589,0.0,7.926039267564867e-06,0.004404501786102024,0.9852487418832947,0.40664787535105934,0.0
2012-01-13,0.008575447008332399,0.0,7.760050279645988e-06,0.008567686958052753,0.9757413972019731,0.40925772678781597,0.0
2012-01-17,0.008250913427581691,0.0,3.0089072200655756e-05,0.008220824355381035,0.9634092882284846,0.4142837205665171,0.0
2012-01-18,-0.0015263497276926312,0.0,7.280501838035562e-06,-0.0015336302295306668,0.9505660080389658,0.4190893738623696,0.0
2012-01-19,0.00454858849597479,3.738048276642682e-05,8.219178082807432e-06,0.004502988835125556,1.000000000039901,0.3999999999949582,0.1830891440919151
2012-01-20,-0.00407605048023662,0.0,7.961889085732444e-06,-0.004084012369322352,0.9839529801944454,0.4027350769359771,0.0
2012-01-23,-0.015342062755114468,0.0,2.4091438420494645e-05,-0.015366154193534962,0.9865188329799706,0.400293831414601,0.0
2012-01-24,-0.0005485798147257108,0.0,8.535710775741943e-06,-0.0005571155255014527,1.01406619632483,0.3909593096956683,0.0
2012-01-25,-0.009650039078472585,0.0,8.577879597099886e-06,-0.009658616958069684,1.0168135655905068,0.39062835500221527,0.0
2012-01-26,0.012325065851805194,8.769720614576982e-06,8.219178082890015e-06,0.012308076953107726,1.0000000000570979,0.40000000000612673,0.04249457057620621
2012-01-27,-0.0045713618916379435,0.0,7.901488096138867e-06,-0.004579263379734083,0.9841204714007284,0.40731184038259116,0.0
2012-01-30,0.010556249587313663,0.0,2.4308249449672085e-05,0.010531941337863992,0.9960939540037465,0.40459321739505916,0.0
2012-01-31,0.012100490096286613,0.0,7.802694403832518e-06,0.01209268740188278,0.9804193978187222,0.41082270633894846,0.0
2012-02-01,0.002518258577717098,0.0,7.471678275766681e-06,0.0025107868994413314,0.9633025389810734,0.4178700248501057,0.0
2012-02-02,-0.010164679135543551,9.494008713141991e-06,8.21917808332941e-06,-0.010182392322340023,1.0000000000572695,0.3999999999742223,0.045599435660550594
2012-02-03,-0.0042039887081985715,0.0,8.595421330899809e-06,-0.0042125841295294715,1.0213113685237463,0.39384561136806034,0.0
2012-02-06,-0.0014317827913852847,0.0,2.5757416808529478e-05,-0.0014575402081938142,1.0180537735621396,0.3912899645545886,0.0
2012-02-07,0.002268183110181918,0.0,8.714442022922677e-06,0.0022594686681589953,1.0265815128447704,0.39042724517141514,0.0
2012-02-08,0.003067691115026049,0.0,8.533408022383524e-06,0.0030591577070036655,1.0147489311678934,0.3918101455338963,0.0
2012-02-09,-0.002679201510289125,2.1362064562276406e-06,8.219178082670486e-06,-0.0026895568948280234,1.0000000000844205,0.40000000004947484,0.010475165392702768
2012-02-10,0.004085647948508607,0.0,8.248517151574529e-06,0.004077399431357032,1.000534049354147,0.3983922972892062,0.0
2012-02-13,0.002274906245816996,0.0,2.4589480290702823e-05,0.002250316765526293,0.9991875663983294,0.40084354599122723,0.0
2012-02-14,-0.004235595364375522,0.0,8.133781186939619e-06,-0.004243729145562461,0.9959793714505059,0.4022133448039136,0.0
2012-02-15,0.005343749590065752,0.0,8.318444786284464e-06,0.005335431145279468,1.0069203264341242,0.3996738570353583,0.0
2012-02-16,-0.008801195184158152,7.999914328881677e-07,8.148003557364783e-06,-0.008810143179148404,1.0000000000774,0.40519574038977085,0.003987302811535615
2012-02-17,-0.007765270175009246,0.0,8.394870365415405e-06,-0.007773665045374661,1.0127434156546462,0.3999178789793218,0.0
2012-02-21,-0.0008647208397197082,0.0,3.461753115010435e-05,-0.0008993383708698126,1.0269948987132,0.3952249552237955,0.0
2012-02-22,0.0029975902180388566,0.0,8.616788720240202e-06,0.0029889734293186165,1.0237407935017568,0.39471521692422207,0.0
2012-02-23,0.004120945961528067,0.0,8.619997768307209e-06,0.00411232596375976,1.025787433778184,0.3965275966917577,0.0
2012-02-24,0.0038329209423212393,5.111989787275199e-05,8.219178082253512e-06,0.0037735818663662338,1.0000000000485767,0.4000000000440704,0.2500000000292119
2012-02-27,0.005398860735244404,0.0,2.430357441754584e-05,0.005374557160826858,0.9937017308222746,0.4023147533286593,0.0
2012-02-28,0.003932971676192734,0.0,7.954515290398759e-06,0.003925017160902335,0.9862136643406149,0.40553404814150545,0.0
2012-02-29,-0.004061597631949933,0.0,7.833502477303533e-06,-0.004069431134427236,0.9797118190689688,0.4078661382258109,0.0
2012-03-01,0.00432049674486187,0.0,7.943744504683328e-06,0.004312553000357187,0.9853478586415165,0.4054545097996336,0.0
2012-03-02,0.000309635350382004,3.911071632260849e-05,6.036301478430038e-06,0.00026448833258096543,0.9999999998542137,0.5593499919288208,0.18645182866272647
2012-03-05,0.004901434778666651,0.0,1.8108205975853595e-05,0.004883326572690797,1.000144655056796,0.5595116429776923,0.0
2012-03-06,0.0008851534822149703,0.0,5.8096991756309935e-06,0.0008793437830393393,0.9857782982792024,0.56167025845814,0.0
2012-03-07,0.0036573269697306814,0.0,5.758937246122534e-06,0.003651568032484559,0.9824635859144568,0.5620611669475116,0.0
2012-03-08,0.00039813726424440225,0.0,5.6426966985576e-06,0.00039249456754584464,0.9755771091612568,0.5636602501665521,0.0
2012-03-09,-0.0004534102966903914,2.444866881322633e-05,5.47945205508605e-06,-0.00048333841755870375,1.0000000001191274,0.6000000000978456,0.11765909447278021
2012-03-12,0.003921340657046947,0.0,1.652411269962767e-05,0.003904816544347319,1.0019232561901517,0.599836513832545,0.0
2012-03-13,-0.004701492225416577,0.0,5.386352896421026e-06,-0.004706878578312998,0.9946132223155678,0.601409460876833,0.0
2012-03-14,-0.002209159622654907,0.0,5.547008557925641e-06,-0.0022147066312128323,1.004461507743409,0.5995298830148373,0.0
2012-03-15,0.00041669190694720946,0.0,5.4661621419913615e-06,0.0004112257448052181,0.9976763862413149,0.5986465498759455,0.0
2012-03-16,-0.00394069038300548,5.0402444098931745e-05,5.479452055249723e-06,-0.003996572279159662,1.0000000001229186,0.6000000000896887,0.250000000092191
2012-03-19,-0.0006525758949856773,0.0,1.6825995208979868e-05,-0.0006694018901946572,1.0078836127192168,0.59845106263404,0.0
2012-03-20,0.0021044447658806714,0.0,5.638035064637358e-06,0.002098806730816034,1.0097754819468334,0.5981989222283063,0.0
2012-03-21,0.00018644740393890087,0.0,5.564950111637449e-06,0.00018088245382726341,1.0052874431883723,0.5990460850388384,0.0
2012-03-22,0.004447764846601445,0.0,5.591304925948359e-06,0.004442173541675497,1.0072894209885475,0.5991241613943171,0.0
2012-03-23,0.000994398861528659,5.062863930027519e-05,5.479452055171361e-06,0.0009382907701732125,0.9999999999515994,0.5999999999240899,0.2500000000334964
2012-03-26,0.009188981678228134,0.0,1.6425844316251902e-05,0.009172555833911883,1.0001265649303155,0.6004310199015195,0.0
2012-03-27,0.003557555273492882,0.0,5.3216218199550225e-06,0.003552233651672927,0.9925574455971062,0.6040790527403896,0.0
2012-03-28,-0.0008715033391711326,0.0,5.264132066422995e-06,-0.0008767674712375556,0.9897674218957172,0.6054857810468385,0.0
2012-03-29,0.008283043814249132,0.0,5.2319331054308365e-06,0.008277811881143701,0.9870759657231318,0.6051448490266811,0.0
2012-03-30,0.0013760146847404888,2.6254147854297016e-05,5.47945205502393e-06,0.0013442810848311678,1.0000000001930092,0.6000000001762622,0.12938008460812317
2012-04-02,0.0015133757111672158,0.0,1.6271884511486482e-05,0.0014971038266557294,0.9965178715214993,0.6005686817419951,0.0
2012-04-03,-0.004573086081580403,0.0,5.49505504873073e-06,-0.004578581136629133,1.0023210440995496,0.6011820255422061,0.0
2012-04-04,-0.0012607713477026364,0.0,5.549472263260518e-06,-0.0012663208199658969,1.0044646015972634,0.5993531263792455,0.0
2012-04-05,0.0038109070563206,0.0,5.470812688724954e-06,0.0038054362436318752,0.9982200184079612,0.5988506921310396,0.0
2012-04-09,-0.004272838585743324,1.7703622124099033e-06,2.19178082199792e-05,-0.004296526756175713,1.0000000001066631,0.6000000000920427,0.008733871973607282
2012-04-10,0.0012625866973529313,0.0,5.552127860737322e-06,0.001257034569492194,1.0036030976906951,0.5982977638568706,0.0
2012-04-11,0.0063560218009627535,0.0,5.3461490572795055e-06,0.006350675651905474,0.9890765098459203,0.5988076286645164,0.0
2012-04-12,0.004739763853353527,0.0,5.235760755796341e-06,0.004734528092597731,0.9835552404603425,0.6013447052872096,0.0
2012-04-13,-0.0026399408117100333,0.0,5.229885970424899e-06,-0.002645170697680458,0.9850101428582331,0.6032284670172153,0.0
2012-04-16,-0.0014171349273538448,3.430984656584958e-05,1.6438356164428778e-05,-0.001467883130084123,1.0000000000043854,0.6000000000032851,0.1660051786036069
2012-04-17,0.01177941460546186,0.0,5.530140261701836e-06,0.011773884465200158,1.0031630455208174,0.5994628064165832,0.0
2012-04-18,-0.0002815750676079348,0.0,5.34570222860371e-06,-0.0002869207698365385,0.9943655354505649,0.6041292727624941,0.0
2012-04-19,-0.00016809182777753506,0.0,5.302492748310094e-06,-0.00017339432052584515,0.9911029744929495,0.6040210038663129,0.0
2012-04-20,0.0002771431045987302,0.0,5.225377145839378e-06,0.00027191772745289083,0.9854101665085332,0.6039576348622586,0.0
2012-04-23,-0.011264115483616704,2.3621116059057923e-06,1.6438356165514898e-05,-0.011282915951388124,0.999999999964579,0.5999999999370498,0.011598715198904319
2012-04-24,0.004826475699589071,0.0,5.738605719198829e-06,0.004820737093869872,1.0143725632913834,0.5954543457898688,0.0
2012-04-25,0.0007155941722088289,0.0,5.628436837089547e-06,0.0007099657353717393,1.0082767978761824,0.5974009087686454,0.0
2012-04-26,0.006775073487121429,0.0,5.846669001260183e-06,0.0067692268181201685,1.0244989990775375,0.5976921619855442,0.0
2012-04-27,-0.002983876198031631,0.0,5.702040689120063e-06,-0.002989578238720751,1.0166519418815603,0.6004029715757956,0.0
2012-04-30,-0.008758130535789919,5.537569907235887e-06,1.6439342605892718e-05,-0.008780107448303048,1.0000000000355347,0.5999759966254784,0.026997494814344214
2012-05-01,-0.0025045324900893336,0.0,5.7198781832589255e-06,-0.0025102523682725927,1.0140059107290698,0.5964548033511683,0.0
2012-05-02,0.008792641262750403,0.0,5.86959770119187e-06,0.00878677166504921,1.0239256202395202,0.5954449880525137,0.0
2012-05-03,-0.008751960168086808,0.0,5.605285922607384e-06,-0.008757565454009415,1.0081604488289164,0.5989745764785772,0.0
2012-05-04,-0.0038108682764559543,0.0,5.806024940838165e-06,-0.0038166743013967924,1.0192770172140653,0.5954371965328791,0.0
2012-05-07,-0.0016756249656723413,4.625899884212836e-05,2.4657534246715702e-05,-0.0017465414987611852,1.0000000000116245,0.400000000008209,0.22173902631441794
2012-05-08,-0.007523601745419962,0.0,8.323623487600476e-06,-0.0075319253689075626,1.0066457968657463,0.39902128227091166,0.0
2012-05-09,-0.0024733155296435445,0.0,8.563466536433855e-06,-0.002481878996179978,1.0196018471718986,0.3944687900122272,0.0
2012-05-10,-0.0015210908651762133,0.0,8.583407301719357e-06,-0.0015296742724779328,1.0195595134341053,0.39297078040859224,0.0
2012-05-11,0.00030585469737702634,0.0,8.629569990017541e-06,0.0002972251273870088,1.0220080066914707,0.39204939742018996,0.0
2012-05-14,-0.00028997110087107503,4.658666929937472e-06,2.430099240588799e-05,-0.0003189307602069005,0.9999999999706002,0.40867585142732593,0.02251114913326764
2012-05-15,-0.009333413783568759,0.0,7.952434400718428e-06,-0.009341366217969478,0.98904387995114,0.40851616869869495,0.0
2012-05-16,-0.013801052785304878,0.0,8.20524022844586e-06,-0.013809258025533323,1.001929365485952,0.40294682880940413,0.0
2012-05-17,-0.013608908762707136,0.0,8.581078211554637e-06,-0.01361748984091869,1.0210135474004798,0.3945948379569909,0.0
2012-05-18,-0.01075907762861418,0.0,8.73824143590564e-06,-0.010767815870050086,1.024137249890882,0.38624562506977067,0.0
2012-05-21,0.014853820718934919,5.0648390815405876e-05,2.465753424635527e-05,0.014778514793873158,0.9999999999796154,0.39999999998497043,0.250000000015028
2012-05-22,-0.0012019837597497599,0.0,7.952968355181204e-06,-0.0012099367281049411,0.989378873725963,0.40881218379773504,0.0
2012-05-23,0.0011649993199043627,0.0,7.983637167335718e-06,0.001157015682737027,0.9909094932478194,0.40810398003231213,0.0
2012-05-24,0.0040197990139476635,0.0,7.960598981700814e-06,0.004011838414965963,0.9899197216379939,0.4087959959738347,0.0
2012-05-25,0.0033042436347774334,0.0,7.807198156623273e-06,0.00329643643662081,0.9810917278149217,0.4111662623814227,0.0
2012-05-29,0.013120762928207325,5.588689766161861e-06,3.205250000482078e-05,0.013083121738436343,1.0000000001435854,0.41504187505560597,0.027165641955599104
2012-05-30,-0.0005304120517476757,0.0,7.713619621867718e-06,-0.0005381256713695434,0.9857275077875001,0.4226332753911568,0.0
2012-05-31,0.0012968838512822296,0.0,7.59173389995958e-06,0.00128929211738227,0.9765267047212173,0.4223301300241679,0.0
2012-06-01,-0.0018470095308976663,0.0,7.5508357215113505e-06,-0.0018545603666191776,0.9742925458535893,0.4230815381832606,0.0
2012-06-04,-0.007312001924294483,0.0,2.216311729784131e-05,-0.007334165041592324,0.9613197059118302,0.4220171849976917,0.0
2012-06-05,0.0040583645642723,1.9874058967018188e-05,7.932089181310416e-06,0.004030558416123971,1.0000000000233171,0.4209574897876568,0.09839539491420735
2012-06-06,0.005488619156419838,0.0,7.896731652186314e-06,0.005480722424767652,0.9997710905683456,0.4233096799587445,0.0
2012-06-07,0.006399823486178373,0.0,7.891344671506423e-06,0.006391932141506867,1.0025291458522747,0.42646098483230566,0.0
2012-06-08,0.0029340820785421664,0.0,7.645190776393996e-06,0.0029264368877657725,0.9882104910624152,0.4301115643856533,0.0
2012-06-11,0.0002767965080891936,0.0,2.3000497522772143e-05,0.00025379601056642147,0.9914608365601979,0.4317820635060758,0.0
2012-06-12,0.002793362010799392,1.6328253123303158e-05,7.920760839103382e-06,0.0027691129968369856,1.000000000009357,0.42178445875480985,0.08041117311599769
2012-06-13,0.0010458938957378266,0.0,7.906902666496617e-06,0.0010379869930713299,1.000609258124945,0.42340536347069196,0.0
2012-06-14,-0.01862739176438774,0.0,7.839301036357037e-06,-0.0186352310654241,0.9962801149729632,0.42401113931889955,0.0
2012-06-15,0.008602285472713099,0.0,8.600870380147234e-06,0.008593684602332952,1.0409451567237,0.41308161897295226,0.0
2012-06-18,-0.01044955223923843,0.0,2.523105828732956e-05,-0.01047478329752576,1.032046714236535,0.4180909625781826,0.0
2012-06-19,0.003418845366573294,5.1250060759338294e-05,7.975734224457892e-06,0.003359619571589498,1.0000000001730673,0.4177714017876413,0.25000000018442836
2012-06-20,0.0019466999532549276,0.0,7.897463113028335e-06,0.0019388024901418992,0.9962947534821645,0.419779946231096,0.0
2012-06-21,-0.007836230650566156,0.0,7.825105356114455e-06,-0.00784405575592227,0.9921432746929082,0.420910583696553,0.0
2012-06-22,-0.0023160520853659798,0.0,7.937206551587358e-06,-0.002323989291917567,0.9957562266492119,0.4163401483833346,0.0
2012-06-25,-0.006379011954760477,0.0,2.408396812996537e-05,-0.006403095922890442,1.0010317496825956,0.41498852518677154,0.0
2012-06-26,-0.007899005116939023,5.057645974711337e-05,8.126933435275082e-06,-0.007957708510121413,1.000000000018509,0.4067338592434279,0.2500000000172951
2012-06-27,0.000977845871203433,0.0,8.407617478860014e-06,0.0009694382537245729,1.015790200457166,0.4020341245003848,0.0
2012-06-28,0.003467642011774117,0.0,8.413813348720965e-06,0.003459228198425396,1.0168300279955003,0.4026216535388699,0.0
2012-06-29,-0.0035466570667359977,0.0,8.361012870486905e-06,-0.0035550180796064847,1.0150433221722026,0.40468938262665854,0.0
2012-07-02,0.0028238108109893308,0.0,2.5654961100393737e-05,0.002798155849888937,1.0268446031019185,0.4025738829923377,0.0
2012-07-03,-0.00515177710902482,5.1073782490919754e-05,8.219178085889059e-06,-0.005211070069601629,1.0000000000880902,0.39999999981818884,0.2500000000863237
2012-07-05,-0.004435822145719936,0.0,1.676912282677807e-05,-0.004452591268546714,1.008989566011499,0.3969165828340994,0.0
2012-07-06,0.012730861601069994,0.0,8.583564651809578e-06,0.012722278036418184,1.0208363526342523,0.3942361330521531,0.0
2012-07-09,-0.006423542304404105,0.0,2.4616178217620616e-05,-0.006448158482621725,1.0008481600620895,0.4018544900999879,0.0
2012-07-10,0.008514381020763595,0.0,8.496657188003676e-06,0.008505884363575592,1.0182532721694337,0.3979972974451655,0.0
2012-07-11,-0.004253054698635357,2.7681547391371747e-06,8.247487341084352e-06,-0.004264070340715579,1.0000000001089249,0.3979334242097672,0.013627708872173318
2012-07-12,0.0014417015497732461,0.0,8.406249294955022e-06,0.0014332953004782911,1.009022437496137,0.39536623896442014,0.0
2012-07-13,-0.0008516894401839664,0.0,8.428705760160696e-06,-0.0008601181459441271,1.0115355320594825,0.39624001156775196,0.0
2012-07-16,0.0039950969541623724,0.0,2.54195301375086e-05,0.003969677424024863,1.014270595572199,0.39572869555948953,0.0
2012-07-17,-7.925682367867148e-05,0.0,8.379273685036049e-06,-8.763609736370752e-05,1.0098302710832041,0.39814329207557264,0.0
2012-07-18,-0.00333130255688082,5.549181070892839e-05,8.191451227893959e-06,-0.0033949858188176423,0.9999999999609166,0.4020240603246576,0.250000000044659
2012-07-19,-0.0037822040318921434,0.0,8.329133725503641e-06,-0.003790533165617647,1.0080776869466712,0.40005092498490546,0.0
2012-07-20,0.000919027023366204,0.0,8.438048560933428e-06,0.0009105889748052706,1.013754050939618,0.39777650599147735,0.0
2012-07-23,0.004421079815026226,0.0,2.543250260740433e-05,0.004395647312418822,1.0171903789915444,0.3983328155447055,0.0
2012-07-24,0.0044214980362134735,0.0,8.318687243480867e-06,0.004413179348969992,1.0082554478954617,0.40099127912135846,0.0
2012-07-25,-0.0033241749153969827,5.219451079983971e-05,1.0931681174436582e-05,-0.003387301107371259,0.9999999999811418,0.2019872742472715,0.25000000001793155
2012-07-26,-0.0019966414603147424,0.0,1.1076567666250188e-05,-0.0020077180279809924,1.0079277578742472,0.19933831823798362,0.0
2012-07-27,-0.009702909761026723,0.0,1.1103677652888012e-05,-0.009714013438679612,1.0083071489517432,0.1977386802909181,0.0
2012-07-30,-0.00226744997556945,0.0,3.402316496114004e-05,-0.00230147314053059,1.0177772840790587,0.18988027002465094,0.0
2012-07-31,0.0058088466899436164,0.0,1.1495746317910208e-05,0.005797350943625706,1.0272350831586123,0.1880456019511671,0.0
2012-08-01,0.0001509489480375063,5.380862381276586e-05,1.0931357868511406e-05,8.620896635622904e-05,1.0000000000134295,0.20201087561209682,0.25000000001227585
2012-08-02,0.005554856028622788,0.0,1.0887848154897305e-05,0.0055439681804678904,0.9969573132080399,0.20214439790053668,0.0
2012-08-03,-0.013926265208056893,0.0,1.0711292800953025e-05,-0.013936976500857847,0.988478498905314,0.20655412443574334,0.0
2012-08-06,-0.002092225089582063,0.0,3.3430766988854525e-05,-0.0021256558565709177,1.0088324506421016,0.1953504539133082,0.0
2012-08-07,-0.007043265714772987,0.0,1.123727019958938e-05,-0.007054502984972576,1.0139906289602594,0.1936699043902347,0.0
2012-08-08,-0.0022944689797688724,5.295275226143054e-05,7.831284683453706e-06,-0.0023552530167137565,0.9999999999791725,0.4283162180870518,0.25000000002007877
2012-08-09,-0.0018571741417850575,0.0,7.8401072740923e-06,-0.0018650142490591497,0.9993553379399402,0.42702750693120245,0.0
2012-08-10,0.0024490028481974012,0.0,7.87927090440442e-06,0.0024411235772929967,1.0011515391637975,0.4259647631422749,0.0
2012-08-13,0.00175062919390185,0.0,2.3532563462631104e-05,0.0017270966304392189,0.9999962127063555,0.42737050178233194,0.0
2012-08-14,-0.0053532917169033765,0.0,7.756933492623382e-06,-0.005361048650396,0.9946374200809386,0.4283812751194318,0.0
2012-08-15,-0.005024274636026003,3.6277762697880436e-05,5.4794520549300444e-06,-0.005066031850778813,1.00000000003456,0.6000000000246669,0.17666740107375373
2012-08-16,-0.00402304000376845,0.0,5.519530277180203e-06,-0.004028559534045631,1.000930949210382,0.5980052389762269,0.0
2012-08-17,0.001567173449161554,0.0,5.61803529854074e-06,0.0015615554138630131,1.006501347319194,0.5963847705257196,0.0
2012-08-20,-0.003354822215226722,0.0,1.6809565871224225e-05,-0.003371631781097946,1.0060524342184318,0.5970196646853091,0.0
2012-08-21,-0.001001457016777739,0.0,5.728343567814706e-06,-0.0010071853603455538,1.0138423137250139,0.5956732332745402,0.0
2012-08-22,0.002123176061920241,2.436568766688383e-05,5.479452054965209e-06,0.0020933309221983923,1.0000000000315195,0.6000000000190593,0.11902644008121716
2012-08-23,-0.002645297185564852,0.0,5.562227813843838e-06,-0.002650859413378696,1.0069079964407905,0.6008653660301905,0.0
2012-08-24,-8.308440864388867e-05,0.0,5.687219861539119e-06,-8.877162850542779e-05,1.0149771309365572,0.5998100810442011,0.0
2012-08-27,0.0024308685872095914,0.0,1.7126124932816078e-05,0.0024137424622767754,1.0165159468027412,0.5997802401042166,0.0
2012-08-28,0.00024565398518200214,0.0,5.6897103046237195e-06,0.0002399642748773784,1.0161098785301141,0.6007610262925829,0.0
2012-08-29,-0.00025423946090071014,3.929098536986765e-06,5.4794520548179e-06,-0.0002636480114925148,1.0000000000210716,0.6000000000193648,0.01950799349628375
2012-08-30,0.0022768569272584144,0.0,5.447274431052341e-06,0.002271409652827362,0.9975549575019433,0.5999039240351225,0.0
2012-08-31,-0.002501107594209468,0.0,5.391857766373352e-06,-0.0025064994519758414,0.9944216984605077,0.600816081515253,0.0
2012-09-04,-0.0032074759872460588,0.0,2.2488946002278132e-05,-0.0032299649332483368,1.0102416829997698,0.5998184184581941,0.0
2012-09-05,-0.00014994634593848216,0.0,5.72122462403527e-06,-0.00015566757056251744,1.0161936168648937,0.5985442193103189,0.0
2012-09-06,-0.003205061132646169,4.301997313270345e-05,5.4794520549794315e-06,-0.003253560557833852,1.000000000088678,0.6000000000751795,0.2116667271977977
2012-09-07,-0.004593491330910063,0.0,5.554929913003885e-06,-0.004599046260823067,1.0042528691537338,0.5987429855044503,0.0
2012-09-10,0.0011666910253745066,0.0,1.7216738197924926e-05,0.0011494742871765817,1.0158352697196666,0.5968946402368266,0.0
2012-09-11,0.0001079559144488958,0.0,5.676363340795411e-06,0.00010227955110810039,1.0117491883236753,0.5973746644456104,0.0
2012-09-12,-0.0006505310020869468,0.0,5.696777498766482e-06,-0.0006562277795857133,1.0132862737654975,0.597421516355544,0.0
2012-09-13,-0.0024213471030666003,3.1717802639195906e-06,5.4794520548289e-06,-0.002429998335385349,1.0000000000237315,0.6000000000212217,0.015767737041536695
2012-09-14,-0.002359178203009496,0.0,5.699579578166651e-06,-0.0023648777825876627,1.0151036144889967,0.5990343052828312,0.0
2012-09-17,0.00395110254255265,0.0,1.7147474008608664e-05,0.003933955068544041,1.0153447366110235,0.5980895357348794,0.0
2012-09-18,-0.004250077414841076,0.0,5.604099985712461e-06,-0.004255681514826789,1.0087808170866834,0.5996815181296735,0.0
2012-09-19,0.0007118727490942105,0.0,5.731210945442301e-06,0.0007061415381487681,1.0163546361507954,0.5979762371335073,0.0
2012-09-20,-0.0031947944333185403,5.040874360764057e-05,5.479452054898952e-06,-0.0032506826289810794,0.9999999999766874,0.599999999969064,0.2500000000300933
2012-09-21,0.0007327609945697551,0.0,5.4963898646349826e-06,0.0007272646047051201,0.9999880169389312,0.5987515568205776,0.0
2012-09-24,0.0023172029659115374,0.0,1.6452122027187445e-05,0.00230075084388435,0.9993836202630538,0.5990486509348261,0.0
2012-09-25,-0.002587370441332583,0.0,5.396846390858266e-06,-0.0025927672877234416,0.993955223433124,0.5999854369004705,0.0
2012-09-26,-0.0007458535442439051,0.0,5.377944566403172e-06,-0.0007512314888103083,0.9915409603845644,0.5989510070371328,0.0
2012-09-27,-0.002151846574005358,5.347321735395401e-05,5.47945205481558e-06,-0.0022107992434141272,0.9999999999985945,0.599999999997057,0.24999999999968076
2012-09-28,-0.002380413705355659,0.0,5.632213204386326e-06,-0.002386045918560045,1.0103243681254648,0.5991728042052631,0.0
2012-10-01,-0.0064608246528769266,0.0,1.7033110166789395e-05,-0.006477857763043716,1.0126921177332078,0.5982197703413323,0.0
2012-10-02,0.0007125383218191103,0.0,5.886831890424924e-06,0.0007066514899286854,1.025355997643431,0.5956172696424115,0.0
2012-10-03,0.0050372344338538875,0.0,5.916386339603443e-06,0.005031318047514284,1.0278049109787795,0.5959087081877281,0.0
2012-10-04,0.0016017570250555528,3.339012073600938e-05,5.4794520554118436e-06,0.0015628874522641315,0.99999999997539,0.5999999999303255,0.1614841834140315
2012-10-05,-1.7337708340866488e-06,0.0,5.4503475037833515e-06,-7.1841183378700006e-06,0.9985383560840996,0.6006629883079153,0.0
2012-10-08,-0.0006030659969843583,0.0,1.6272825326985163e-05,-0.0006193388223113435,0.9966376527462549,0.6006655697896159,0.0
2012-10-09,-0.006011836756872714,0.0,5.447556187666569e-06,-0.006017284313060381,0.9981059778116673,0.600434376112008,0.0
2012-10-10,0.00041693709275331,0.0,5.577576843171535e-06,0.0004113595159101385,1.0051841112993551,0.5980210017478333,0.0
2012-10-11,-0.001209186635858,5.264552032236513e-05,5.4794520551159665e-06,-0.0012673116082354812,0.9999999999905338,0.5999999999670684,0.25000000000082395
2012-10-12,5.7361827670498864e-05,0.0,5.55542434008895e-06,5.1806403330409915e-05,1.0050966076318482,0.5995506308053551,0.0
2012-10-15,0.005374939269324148,0.0,1.660756100156727e-05,0.00535833170832258,1.0036942484135292,0.5995769307087254,0.0
2012-10-16,0.0031408335889689075,0.0,5.453028178433303e-06,0.003135380560790474,0.9997986708507484,0.6017276138251173,0.0
2012-10-17,-0.00039447635188356715,0.0,5.404972579305286e-06,-0.0003998813244628724,0.997540880572674,0.6029778822833882,0.0
2012-10-18,-0.0017920539052975603,5.078861431284124e-05,5.4794520556095385e-06,-0.001848321971666011,0.9999999999662174,0.5999999999067214,0.2500000000162257
2012-10-19,-0.0060970386252051775,0.0,5.545818156431948e-06,-0.006102584443361609,1.0041603997497845,0.5993156743302521,0.0
2012-10-22,0.0013967172830163792,0.0,1.6810459663184753e-05,0.0013799068233531944,1.005915549015728,0.596861030544899,0.0
2012-10-23,-0.007001026158963364,0.0,5.536359962325798e-06,-0.00700656251892569,1.001587622727775,0.5974333454779914,0.0
2012-10-24,-0.00043702878166922566,0.0,5.6246571434582836e-06,-0.00044265343881268394,1.0051983817265824,0.5945984102541275,0.0
2012-10-25,0.0006491274825445028,5.132928625420313e-05,5.479452054914359e-06,0.0005923187442353853,1.000000000059802,0.6000000000510538,0.2500000000493229
2012-10-26,0.0013724124373439652,0.0,5.478680851365655e-06,0.0013669337564925995,1.000237264554235,0.6002935624045422,0.0
2012-10-31,0.0019214909343255619,0.0,2.72682670031058e-05,0.001894222667322456,0.9989613582390772,0.6008446599937325,0.0
2012-11-01,0.002059160534273249,0.0,5.426528146404451e-06,0.0020537340061268445,0.99776309099325,0.6016265363057252,0.0
2012-11-02,-0.00463016681812237,0.0,5.414724669493516e-06,-0.004635581542791863,0.9977233288894698,0.6024484280164433,0.0
2012-11-05,0.0011812117189061264,5.147583849729602e-05,1.6438356164407822e-05,0.0011132975242444227,1.0000000000519544,0.6000000000513641,0.25000000000650724
2012-11-06,0.0022251377286661607,0.0,5.494007059097705e-06,0.002219643721607063,1.0015751778239532,0.6005126625098206,0.0
2012-11-07,-0.006500159499676046,0.0,5.517645028355e-06,-0.006505677144704402,1.004190987137111,0.6014029000671962,0.0
2012-11-08,-0.004228554001218226,0.0,5.5020692330092935e-06,-0.004234056070451235,1.0004493831815795,0.5987983291719011,0.0
2012-11-09,-0.0011396842838835514,0.0,5.529426354947209e-06,-0.0011452137102384986,1.0007460451599461,0.5970979212488,0.0
2012-11-12,0.00026432864438450857,4.564996770854925e-05,1.643835616472978e-05,0.00020224032051122955,0.9999999999923997,0.599999999983975,0.22529534120196043
2012-11-13,-0.0015467296846835596,0.0,5.474154137030877e-06,-0.0015522038388205905,0.9997562075279357,0.6001429555246817,0.0
2012-11-14,-0.004599376509794573,0.0,5.478592272599157e-06,-0.004604855102067172,0.9994640495613782,0.5995268136616396,0.0
2012-11-15,-0.001436982548023709,0.0,5.51770912630834e-06,-0.0014425002571500172,1.0004724316290121,0.5976796654085033,0.0
2012-11-16,0.0008228285980405141,0.0,5.513501684934856e-06,0.0008173150963555792,0.9995896285422636,0.5971040055420191,0.0
2012-11-19,0.007799250921719296,1.4909769663679124e-06,1.643835616487574e-05,0.007781321588588052,0.9999999999935445,0.5999999999815684,0.007440440418064916
2012-11-20,0.00017252719949272292,0.0,5.45031052570228e-06,0.00016707688896702063,1.0009789553088326,0.6031062869325661,0.0
2012-11-21,0.00019681311941731577,0.0,5.416921001596468e-06,0.0001913961984157193,0.9986132701386821,0.6031780370221398,0.0
2012-11-23,0.005942147479462352,0.0,1.0849903480141628e-05,0.00593129757598221,0.9992808656130923,0.6032593885879232,0.0
2012-11-26,0.0006454972655393537,0.0,1.6089484917771086e-05,0.0006294077806215826,0.9971202856568975,0.6056094859911342,0.0
2012-11-27,-0.0012622939700343478,3.0677502679430867e-06,5.479452054832345e-06,-0.0012708411723571233,1.0000000000093436,0.6000000000065826,0.015267061136100962
2012-11-28,0.0013061621882730773,0.0,5.489491923510397e-06,0.0013006726963495669,1.0002324851952469,0.599499574778988,0.0
2012-11-29,0.002655461352817775,0.0,5.466316863683343e-06,0.0026499950359540917,0.9990664314907416,0.6000253004418574,0.0
2012-11-30,-0.0009963422362501038,0.0,5.463896171058114e-06,-0.001001806132421162,0.9999523023787329,0.6010878818914906,0.0
2012-12-03,0.00099670161882129,0.0,1.6451073343158277e-05,0.0009802505454781316,1.0010027692550065,0.6006933179048218,0.0
2012-12-04,0.0011791111739436482,5.017895207691766e-05,5.479452054959833e-06,0.0011234527698117708,1.0000000000428266,0.6000000000307588,0.24694834671472246
2012-12-05,0.0011361172717265697,0.0,5.451379066629294e-06,0.0011306658926599404,0.998455144655399,0.6005044727914604,0.0
2012-12-06,0.0015698290300304844,0.0,5.446050639244392e-06,0.00156438297939124,0.9985228005051002,0.6009611038402595,0.0
2012-12-07,-0.0002554957286310142,0.0,5.433665210844874e-06,-0.00026092939384185905,0.998247376393238,0.6015898160015622,0.0
2012-12-10,0.0014129819715589487,0.0,1.6309160004213762e-05,0.001396672811554735,0.9983474937938386,0.6014912670246371,0.0
2012-12-11,0.0008401277691521029,5.105410626969605e-05,5.479452055022695e-06,0.0007835942108273841,1.0000000000518656,0.600000000035209,0.25000000003998696
2012-12-12,-0.001133387627753064,0.0,5.4723087458321565e-06,-0.001138859936498896,0.9998482200432525,0.6003696815975049,0.0
2012-12-13,-0.0020778829000880276,0.0,5.5008930625018515e-06,-0.0020833837931505295,1.0014847118368733,0.599919518274238,0.0
2012-12-14,-3.140014838139431e-05,0.0,5.49721134238639e-06,-3.689735972378069e-05,1.000386197284338,0.5990897692901315,0.0
2012-12-17,0.0007646120641627709,0.0,1.651219956339079e-05,0.0007480998645993802,1.0008773296719982,0.599080473629489,0.0
2012-12-18,0.00018668421262108253,5.096834854486759e-05,5.479452054907672e-06,0.00013023641202130728,1.0000000000254217,0.6000000000171617,0.2500000000281701
2012-12-19,-0.0016285494784077303,0.0,5.4961530329618846e-06,-0.0016340456314406923,1.001327699654458,0.6001085282482403,0.0
2012-12-20,0.0019016768383080807,0.0,5.5675208228462215e-06,0.0018961093174852345,1.0058885430523652,0.5994595229845912,0.0
2012-12-21,0.0006641432256416367,0.0,5.563425387593332e-06,0.0006585798002540434,1.0063531644835166,0.6002231111892034,0.0
2012-12-24,-0.0009742051418378178,0.0,1.6557696241437673e-05,-0.0009907628380792554,1.0033957245315523,0.6004917826565689,0.0
2012-12-26,-0.0034840128248051737,6.746376772667299e-07,1.0958904109773844e-05,-0.0034956463665922143,0.9999999999831737,0.5999999999764284,0.003365307240536519
2012-12-27,0.0015762380272482165,0.0,5.615061165472603e-06,0.0015706229660827438,1.0085079758969735,0.5986085108174735,0.0
2012-12-28,-0.0012567510894919767,0.0,5.611363401834506e-06,-0.0012623624528938112,1.0088730914760922,0.5992435631421732,0.0
2012-12-31,-0.00032259017782905415,0.0,1.6801623254852066e-05,-0.0003393918010839062,1.0075821414846464,0.5987426422832463,0.0
2013-01-02,0.002753588062467482,0.0,1.129309227325539e-05,0.0027422949701942268,1.0108210878920176,0.5986232199181956,0.0
2013-01-03,-0.004678435739320975,1.1400587588328394e-05,5.479452054953497e-06,-0.004695315778964257,0.999999999984832,0.5999999999732268,0.05669398356815214
2013-01-04,0.0003854236190595993,0.0,5.506312625258318e-06,0.00037991730643434097,1.000090794979437,0.59812997333558,0.0
2013-01-07,0.000162540888575066,0.0,1.656385351295326e-05,0.00014597703506211276,1.0013418657675697,0.5982880969523736,0.0
2013-01-08,-0.0006269183494696557,0.0,5.5209221503516856e-06,-0.0006324392716200074,1.0013906075175782,0.5983632905419054,0.0
2013-01-09,0.0016752102223346406,0.0,5.531193838968905e-06,0.0016696790284956716,1.0018917936265717,0.5981146433818415,0.0
2013-01-10,0.0013289506047490225,2.08706576495095e-05,5.479452054867922e-06,0.001302600495044645,0.9999999999952592,0.599999999989901,0.10385934330046634
2013-01-11,0.0016862441169536988,0.0,5.4937858228735005e-06,0.0016807503311308254,1.001593043264102,0.6005466781943365,0.0
2013-01-14,-0.0010165890615069276,0.0,1.6402629626889193e-05,-0.0010329916911338169,1.0003530717882405,0.6012224175339368,0.0
2013-01-15,0.001066674910356277,0.0,5.497967675174556e-06,0.0010611769426811025,1.0021781175189655,0.6008264772312227,0.0
2013-01-16,-0.0021979688305983573,0.0,5.460790631399579e-06,-0.0022034296212297567,0.9998928301700198,0.6012551140778505,0.0
2013-01-17,0.00038968848250945076,5.0799789818343275e-05,6.109877585065947e-06,0.0003327788151060415,0.9999999999883173,0.5539789362785033,0.24999999999443354
2013-01-18,8.788867386269242e-05,0.0,6.1509129699261575e-06,8.173776089276627e-05,1.0032008508028651,0.5541842039982556,0.0
2013-01-22,-0.0010476413753552607,0.0,2.46862795472782e-05,-0.001072327654902539,1.0047513931529886,0.5542267914151615,0.0
2013-01-23,0.0008332591671807476,0.0,6.205148332212208e-06,0.0008270540188485354,1.0067488043681245,0.5537729761166336,0.0
2013-01-24,-0.0004778125693606659,0.0,6.152075723497997e-06,-0.0004839646450841639,1.0032494528307474,0.5541479250153937,0.0
2013-01-25,-0.00010187772788519217,5.374728086641131e-05,6.111229794939626e-06,-0.0001617362385465431,1.0000000000597769,0.5538802250291842,0.2500000000518622
2013-01-28,-0.003341535599126734,0.0,1.8309636496422175e-05,-0.003359845235623156,0.999402415896202,0.5538679278165958,0.0
2013-01-29,0.0018913167516159532,0.0,6.153759690978966e-06,0.0018851629919249741,1.0016067687357784,0.5523823112943137,0.0
2013-01-30,-0.00254588832228918,0.0,6.1394518920822365e-06,-0.0025520277741812626,1.0014106861300514,0.5532306980080481,0.0
2013-01-31,6.7567225868065935e-06,0.0,6.168285747542708e-06,5.884368392638851e-07,1.0023786278870728,0.5520937683164551,0.0
2013-02-01,0.002641122169579761,2.3070792349142106e-05,6.1032517935561496e-06,0.002611948125437063,0.9999999999450421,0.554462619015443,0.11290570692733125
2013-02-04,-0.004086199657006056,0.0,1.8186042802629058e-05,-0.004104385699808685,0.9981794474556129,0.5556524059249723,0.0
2013-02-05,0.000535477486308,0.0,6.091257921196441e-06,0.0005293862283868036,0.9985012049329659,0.5538393766856259,0.0
2013-02-06,0.0018334130256863943,0.0,6.084164436600778e-06,0.0018273288612497935,0.9982255349118547,0.554081531039998,0.0
2013-02-07,-0.0025771723775596263,0.0,6.0294956225592315e-06,-0.0025832018731821857,0.9950541379776768,0.554900957530853,0.0
2013-02-08,0.004529760237654332,5.0546818663705796e-05,5.47945205507288e-06,0.004473733966935553,1.000000000049221,0.6000000000289009,0.25000000004058665
2013-02-11,0.0003860830343759396,0.0,1.6281244039802e-05,0.0003698017903361376,0.9980142385955113,0.6018373002936624,0.0
2013-02-12,0.0029741923529687992,0.0,5.402254071815446e-06,0.0029687900988969837,0.9963653096108587,0.6020007623683311,0.0
2013-02-13,0.0014660646844087152,0.0,5.3666620347246205e-06,0.0014606980223739905,0.9949505558942018,0.6031842273593047,0.0
2013-02-14,0.00048598500643105315,0.0,5.354962327216468e-06,0.0004806300441038367,0.9946806186682645,0.6037683687814623,0.0
2013-02-15,-0.00046337877058014507,5.080542511232898e-05,5.4794520557329665e-06,-0.000519663647748207,1.000000000191736,0.6000000001232294,0.2500000000619762
2013-02-19,0.004833332291449354,0.0,2.1904747659257777e-05,0.004811427543790096,0.9996099855109426,0.5998483407294883,0.0
2013-02-20,-0.006636243554473628,0.0,5.437235256641597e-06,-0.0066416807897302695,0.9987043959507316,0.6017862222158947,0.0
2013-02-21,-0.004678848515184221,0.0,5.50260923584794e-06,-0.004684351124420069,1.0008196778003273,0.5991292035834275,0.0
2013-02-22,0.005701367285318896,0.0,5.503076907227375e-06,0.005695864208411668,0.9989726889863958,0.5972480747587977,0.0
2013-02-25,-0.009304285842452376,2.78619966830592e-06,1.6438356164528626e-05,-0.00932351039828521,0.9999999999856602,0.5999999999821303,0.013786863348073976
2013-02-26,0.0033943602299482587,0.0,5.505144922207564e-06,0.003388855085026051,0.9981304822482998,0.5962549029271476,0.0
2013-02-27,0.005657867700632809,0.0,5.4987699807351625e-06,0.005652368930652074,0.9990342106125873,0.5976240020189205,0.0
2013-02-28,-0.001684046429642775,0.0,5.465435137613491e-06,-0.0016895118647803885,0.998867829152804,0.5998910641070191,0.0
2013-03-01,0.0021531340949549086,0.0,5.505527152890844e-06,0.0021476285678020176,1.0011228881344065,0.5992194059733751,0.0
2013-03-04,0.0012580802539487919,5.023953412864293e-05,1.647673550092881e-05,0.00119136398431922,1.000000000004109,0.5990661028148413,0.2500000000042679
2013-03-05,0.006508889942728502,0.0,5.4835324937374295e-06,0.006503406410234765,0.9999077015560967,0.5996098295132639,0.0
2013-03-06,0.001646854770568385,0.0,5.42763748533655e-06,0.0016414271330830485,0.9984198892440089,0.6022023528144409,0.0
2013-03-07,-0.0006881356777362106,0.0,5.39169006141009e-06,-0.0006935273677976207,0.9964530318688711,0.6028596573859346,0.0
2013-03-08,0.002538027559102028,0.0,5.437402240062147e-06,0.002532590156861966,0.9995197974967406,0.6025894339722039,0.0
2013-03-11,-0.0007910592906344382,2.8793663107132796e-06,1.6452683627156638e-05,-0.0008103913405723081,1.0000000000330624,0.5996513651055844,0.014367229639238754
2013-03-12,-0.0028350170318658372,0.0,5.507570970665505e-06,-0.0028405246028365026,1.0013986914905546,0.5993460106319726,0.0
2013-03-13,7.917371504059982e-05,0.0,5.525791476407854e-06,7.364792356419197e-05,1.001593002238128,0.5982102244603548,0.0
2013-03-14,0.004470453547902635,0.0,5.510455097939859e-06,0.004464943092804695,1.0005085607980317,0.5982453386484221,0.0
2013-03-15,0.0008689230558801156,0.0,5.4945648693508015e-06,0.0008634284910107648,1.001139898106631,0.6000366626440228,0.0
2013-03-18,-0.0027461940310457475,5.068815293985042e-05,1.6562256408310544e-05,-0.002813444440393909,1.000000000004091,0.5969850940685343,0.25000000000156225
2013-03-19,-0.002229443662802515,0.0,5.506212688329795e-06,-0.0022349498754908447,0.9978690013659788,0.5959154751179038,0.0
2013-03-20,0.002879247865210635,0.0,5.514373501523448e-06,0.0028737334917091116,0.9975651276931881,0.5950158620819765,0.0
2013-03-21,-0.0048829398616536965,0.0,5.523906230012611e-06,-0.004888463767883709,0.9994269970109712,0.5961818422200506,0.0
2013-03-22,0.004018467477212815,0.0,5.571537001803576e-06,0.004012895940211011,1.000925846481093,0.5942036453494319,0.0
2013-03-25,-0.001388943129563871,5.101986654879354e-05,2.4657534247028982e-05,-0.0014646205303596935,1.0000000000184623,0.40000000000742364,0.25000000001434713
2013-03-26,0.0029420642976894424,0.0,8.243005685073776e-06,0.0029338212920043687,1.0009351421458397,0.3991957271354542,0.0
2013-03-27,-0.000595760327564183,0.0,8.216585125014007e-06,-0.000603976912689197,1.000772156342718,0.40096144221669544,0.0
2013-03-28,0.005264993317258083,0.0,8.235889893033049e-06,0.0052567574273650495,1.001827601845942,0.40060763965452945,0.0
2013-04-01,-0.00014494582056388477,0.0,3.235098458540502e-05,-0.0001772968051492898,0.99415568470854,0.40375021602489863,0.0
2013-04-02,0.004628167785000918,2.6357739781236284e-06,8.097735220432995e-06,0.004617434275802362,1.00000000002903,0.40886532893742134,0.013146653799082308
2013-04-03,-0.0031549389182089754,0.0,7.941002485950802e-06,-0.003162879920694926,0.9912861746026802,0.41159299312827174,0.0
2013-04-04,0.005374614643574101,0.0,7.948606081359382e-06,0.0053666660374927415,0.9899822375705807,0.4097339936313456,0.0
2013-04-05,-0.0013999027805130927,0.0,7.878926354652635e-06,-0.0014077817068677454,0.9880543746618656,0.41289275077222337,0.0
2013-04-08,0.003408604940378807,0.0,2.3798396317028557e-05,0.0033848065440617785,0.9911672671431633,0.41207295676213496,0.0
2013-04-09,-0.0037388219148438793,3.291005720245751e-05,7.950576141573996e-06,-0.003779682548187911,1.000000000033752,0.41960794169885024,0.16422595271879412
2013-04-10,0.009293190567827639,0.0,8.103956568390628e-06,0.009285086611259248,1.0090357661779064,0.4174469366853906,0.0
2013-04-11,0.0017265246042543246,0.0,7.957985079738958e-06,0.0017185666191745857,1.0037471710474835,0.4228142602265394,0.0
2013-04-12,0.005851645028293842,0.0,7.950396927709088e-06,0.005843694631366133,1.0041914106500998,0.42381243492733633,0.0
2013-04-15,0.005494179621477137,0.0,2.3179251533827166e-05,0.00547100036994331,0.991196295523164,0.42716784153336945,0.0
2013-04-16,0.00451908496673523,1.214369002568616e-05,7.274326346277181e-06,0.004499666950363267,1.0000000000792915,0.4689741768010571,0.060382345455188
2013-04-17,-0.007485527372197136,0.0,7.375884130654805e-06,-0.00749290325632779,1.0098117851994701,0.47137224366166935,0.0
2013-04-18,-0.0028031714637990032,0.0,7.40823077544257e-06,-0.002810579694574446,1.0081896620741626,0.46738881546685507,0.0
2013-04-19,0.005666602544508667,0.0,7.437959393368313e-06,0.005659164585115299,1.0088661149684923,0.46589507925260554,0.0
2013-04-22,0.0014888411883786652,0.0,2.2207683384605987e-05,0.0014666335049940591,1.0092950163033017,0.4689080539445558,0.0
2013-04-23,0.00886545821207999,2.9163610282919505e-05,5.4794520548951314e-06,0.008830815149742176,1.0000000000119809,0.6000000000046364,0.14063880498106576
2013-04-24,0.0011941904900081863,0.0,5.371903818795129e-06,0.0011888185861893912,0.9956847243830085,0.603535745610964,0.0
2013-04-25,-0.0016620075337764374,0.0,5.3909587186640816e-06,-0.0016673984924951014,0.9975518620195089,0.6040118755570307,0.0
2013-04-26,-0.000332705965095692,0.0,5.494250758570217e-06,-0.0003382002158542622,1.004436208121557,0.603355902745931,0.0
2013-04-29,0.0014159079742659259,0.0,1.6356384906833488e-05,0.0013995515893590923,1.001232574419191,0.6032272083529093,0.0
2013-04-30,0.002347118919554241,3.341976253625066e-05,5.479452054876381e-06,0.002308219704963114,1.0000000000268625,0.6000000000208867,0.16607924941792404
2013-05-01,-0.004352580999814353,0.0,5.487362408581629e-06,-0.0043580683622229345,1.0015374271192679,0.6009599712928086,0.0
2013-05-02,0.004379945923915273,0.0,5.452690607341782e-06,0.004374493233307931,0.9972652412405257,0.5992188269045756,0.0
2013-05-03,0.004596403891086592,0.0,5.475991163204314e-06,0.004590927899923388,1.000717189268599,0.6009698343546842,0.0
2013-05-06,0.0036909358465561227,0.0,1.635742508082311e-05,0.0036745784214752995,1.000829509235363,0.6027988322686674,0.0
2013-05-07,0.0027656156229475355,1.696395849518463e-06,5.479452054888034e-06,0.002758439775043129,1.0000000000141291,0.6000000000073026,0.008454175427115268
2013-05-08,0.0019370311500848782,0.0,5.462812885832278e-06,0.0019315683371990459,0.9998928374677511,0.6011074968019949,0.0
2013-05-09,-0.001858808207814192,0.0,5.439315412671672e-06,-0.0018642475232268638,0.9989519769562232,0.6018819518311912,0.0
2013-05-10,0.003091987285779767,0.0,5.45166345293237e-06,0.0030865356223268347,0.9991152565733847,0.6011438245093217,0.0
2013-05-13,-0.0004009940003900858,0.0,1.6193400252131913e-05,-0.0004171874006422177,0.9964159612349414,0.6023765550997316,0.0
2013-05-14,0.004807392462767098,2.7754716532028222e-05,5.479452055429418e-06,0.0047741582941796396,1.0000000001068978,0.6000000000605502,0.13613031928060704
2013-05-15,0.0060657964129053376,0.0,5.43158544095177e-06,0.006060364827464386,0.9984394031091005,0.6019336659196214,0.0
2013-05-16,-0.0006226236478691798,0.0,5.3116203774788495e-06,-0.0006279352682466586,0.9920852474329075,0.6043369598769516,0.0
2013-05-17,0.00554511862903192,0.0,5.299593259074384e-06,0.005539819035772846,0.9909639758609418,0.6040936679485117,0.0
2013-05-20,-0.0013316900770310657,0.0,1.5657602709205412e-05,-0.001347347679740271,0.9872817704375476,0.6062801045135491,0.0
2013-05-21,0.00623203783930257,5.252595024842545e-05,5.479452054916388e-06,0.006174032436999229,0.9999999998729593,0.5999999998640632,0.25000000010719875
2013-05-22,-0.00743509023798391,0.0,5.322693333133276e-06,-0.007440412931317043,0.9910687217211336,0.6025121084024043,0.0
2013-05-23,-0.005941995014070961,0.0,5.339575414024097e-06,-0.0059473345894849846,0.9893268323902428,0.5995378271664837,0.0
2013-05-24,0.001031673843688944,0.0,5.44352832255917e-06,0.0010262303153663849,0.9945248342937728,0.5971472667469534,0.0
2013-05-28,0.00011542367574637102,0.0,2.154047512519738e-05,9.388320062117364e-05,0.9906793715881637,0.5975657005533114,0.0
2013-05-29,-0.008384116972277825,4.082988919764468e-05,5.4794520548659435e-06,-0.008430426313530337,0.9999999999923873,0.5999999999871735,0.20281364226155543
2013-05-30,-0.0010097582585285054,0.0,5.5671776273580375e-06,-0.0010153254361558635,1.003049828786809,0.5966458619896722,0.0
2013-05-31,-0.006056320561991089,0.0,5.623098997731415e-06,-0.00606194366098882,1.0067277097091913,0.5962414828747981,0.0
2013-06-03,-0.001386404207634568,0.0,1.6657186350292775e-05,-0.0014030613939848607,0.9991095192735774,0.5937846514164532,0.0
2013-06-04,-0.002682714496337369,0.0,5.676937710083553e-06,-0.0026883914340474525,1.0076470389780647,0.5932305861419653,0.0
2013-06-05,-0.008871186346772052,2.4866461153143123e-05,5.479452055420914e-06,-0.008901532259980615,0.99999999993585,0.5999999998901231,0.12349409390748159
2013-06-06,0.005475656279746571,0.0,5.520359990261706e-06,0.005470135919756309,0.9994243051608319,0.5964380258717273,0.0
2013-06-07,0.011632064446211076,0.0,5.532638240181014e-06,0.011626531807970896,1.002521636740531,0.5986390452073168,0.0
2013-06-10,-0.0031284570882452755,0.0,1.5810822373767215e-05,-0.003144267910619043,0.9879873303379605,0.6032573192429583,0.0
2013-06-11,-0.005946408001137636,0.0,5.339011095610964e-06,-0.005951747012233247,0.9917695898984059,0.6020217799188056,0.0
2013-06-12,-0.004877791867823788,2.3328864942394376e-06,5.484084083324701e-06,-0.004885608838401352,1.0000000000557314,0.5996618619730281,0.011567336781906846
2013-06-13,0.01264534575789129,0.0,5.522018298762418e-06,0.012639823739592528,1.0008115549305479,0.5977042191208913,0.0
2013-06-14,-0.004323082536293339,0.0,5.451702234836801e-06,-0.004328534238528177,1.0007054125312407,0.6027311493881543,0.0
2013-06-17,0.005761430733364655,0.0,1.65743083984069e-05,0.005744856424966248,1.0043177283262106,0.6010095572983093,0.0
2013-06-18,0.005689719769545855,0.0,5.448944119757944e-06,0.005684270825426097,1.0010780076691574,0.6033050869268276,0.0
2013-06-19,-0.010058740853833202,4.8419317740704426e-05,8.46824408473652e-06,-0.010115628415658643,0.9999999999642474,0.3818181817784814,0.2392771406746671
2013-06-20,-0.0005083361721752397,0.0,8.478355261934433e-06,-0.0005168145274371742,0.9944783847810978,0.37555845065988397,0.0
2013-06-21,-0.0023476098278335925,0.0,7.972846893484568e-06,-0.0023555826747270773,0.9572618692864215,0.37524404606204803,0.0
2013-06-24,-0.003559537213274629,0.0,2.4339926724975972e-05,-0.003583877139999605,0.9660484489285674,0.3737768986208188,0.0
2013-06-25,0.009255257280701697,0.0,8.028097267880311e-06,0.009247229183433818,0.9576000477410167,0.371548947185754,0.0
2013-06-26,0.01838390165483454,8.821546994329105e-06,8.620785936401736e-06,0.01836645932190381,1.0000000000823723,0.3706826267250457,0.043453234123223584
2013-06-27,0.009269172146416864,0.0,8.132684260665974e-06,0.009261039462156197,0.9757355804311268,0.3820496294025107,0.0
2013-06-28,-0.01330216200140747,0.0,8.001707816042757e-06,-0.013310163709223513,0.9718527074697464,0.38772803689862495,0.0
2013-07-01,0.0030302699969352092,0.0,2.517138212961887e-05,0.0030050986148055904,0.9919804046886634,0.37947677286793746,0.0
2013-07-02,0.0037354526969498045,0.0,8.39545712798346e-06,0.003727057239821821,0.9942293857485286,0.38136101540573614,0.0
2013-07-03,-0.0027076467832950987,5.105219883012211e-05,9.812641481579617e-06,-0.0027685116236068007,1.0000000000124314,0.2836771718571196,0.25000000001045974
2013-07-05,0.012842869733585168,0.0,1.9865973595074905e-05,0.012823003759990093,1.0068575882036708,0.2817495519834367,0.0
2013-07-08,0.0011261054618538343,0.0,2.8618306959502527e-05,0.0010974871548943318,0.9872414910516353,0.2908626883704073,0.0
2013-07-09,0.0012419113590506916,0.0,9.617503962282751e-06,0.001232293855088409,0.9937464804368359,0.291668691190195,0.0
2013-07-10,0.0021675611479549375,0.0,9.678501296662334e-06,0.002157882646658275,0.9990806895213882,0.29255009486503797,0.0
2013-07-11,-0.0019267659901982372,5.055633964647227e-05,1.170742567797952e-05,-0.001989029755522689,1.0000000000020612,0.1453579255095565,0.2500000000016125
2013-07-12,0.0025861006393674228,0.0,1.2050094215285968e-05,0.0025740505451521366,1.0233738946583073,0.14371701694243177,0.0
2013-07-15,0.0018457230770246456,0.0,3.5820660364096094e-05,0.0018099024166605495,1.017563561698975,0.1459274928393036,0.0
2013-07-16,-0.003616885708769155,0.0,1.1956090502998669e-05,-0.003628841799272154,1.020300850727727,0.14750624400882414,0.0
2013-07-17,0.008225659503797333,0.0,1.2053112057713065e-05,0.00821360639173962,1.0242905919379515,0.14441341172489788,0.0
2013-07-18,0.0019299203175888464,5.1646858370736245e-05,1.2597967525094359e-05,0.0018656754916930157,1.000000000035611,0.08034837070372294,0.2500000000266155
2013-07-19,-0.00275936935419213,0.0,1.2591547752690634e-05,-0.0027719609019448204,1.001308058233109,0.08212507228669295,0.0
2013-07-22,-0.006163636486397093,0.0,3.80582346122398e-05,-0.006201694721009333,1.0056700219785257,0.07958631308069045,0.0
2013-07-23,0.00011918381238602065,0.0,1.2982367121345736e-05,0.00010620144526467491,1.0215936630115334,0.07388086315329477,0.0
2013-07-24,0.0033528760810179574,0.0,1.29558127574556e-05,0.0033399202682605016,1.0197665201825412,0.07399218888828257,0.0
2013-07-25,0.0022511041671097864,5.075054160571618e-05,1.6067293170859385e-05,0.002184286332333211,1.0000000000067573,-0.17291240146597792,0.2500000000065567
2013-07-26,0.0015683740344976842,0.0,1.6035484880402812e-05,0.0015523385496172815,1.0003010596410764,-0.17028933662832865,0.0
2013-07-29,0.00019744485280691833,0.0,4.7897153165582545e-05,0.0001495476996413358,0.997037937210361,-0.16845945648548105,0.0
2013-07-30,0.0017961965414719934,0.0,1.5906398281835707e-05,0.0017802901431901578,0.9929302223755738,-0.16823685219843293,0.0
2013-07-31,-0.0014562304162659867,0.0,1.5846103051218638e-05,-0.0014720765193172055,0.9906206531556604,-0.16614486958330021,0.0
2013-08-01,0.010061234945444841,5.0879106243157737e-05,1.6603489463065117e-05,0.009993752349738618,0.9999999999962844,-0.2120547308074691,0.25000000000250916
2013-08-02,-0.0005282681321601655,0.0,1.629454196674505e-05,-0.0005445626741269106,0.9895067661866731,-0.1999947973857152,0.0
2013-08-05,0.0014274267422356764,0.0,4.902887600874875e-05,0.0013783978662269276,0.9924036604876797,-0.20063232239187345,0.0
2013-08-06,-8.580695499667885e-05,0.0,1.6291209320028304e-05,-0.00010209816431670716,0.9903275903510665,-0.1989306900109996,0.0
2013-08-07,-0.003210005506984964,0.0,1.6214801018895417e-05,-0.0032262203080038595,0.9846436561195931,-0.1990368182597721,0.0
2013-08-08,-0.009040458841090983,6.568591951905961e-06,1.661969777878828e-05,-0.009063647130821677,1.000000000048974,-0.21323793780257044,0.03252717217954842
2013-08-09,-0.002354448457566946,0.0,1.7066931527867845e-05,-0.002371515389094814,1.021574524818344,-0.22431147671600885,0.0
2013-08-12,-0.010541877351635608,0.0,5.143553106375255e-05,-0.01059331288269936,1.0243931778291524,-0.22720474472215973,0.0
2013-08-13,0.004282145852497183,0.0,1.7644243115779267e-05,0.004264501609381404,1.047737635856719,-0.24029211159516747,0.0
2013-08-14,-0.0072849673424147795,0.0,1.747396025577811e-05,-0.007302441302670558,1.0405913239625961,-0.23500777470920575,0.0
2013-08-15,-0.017061661834295094,1.166973203824065e-05,1.6438356164296333e-05,-0.01708976992249763,0.9999999999951934,-0.19999999999843898,0.05717739483466627
2013-08-16,-0.0019150686521509936,0.0,1.7016524681882757e-05,-0.0019320851768328763,1.0213706087603702,-0.220835693017071,0.0
2013-08-19,-0.002345471634597509,0.0,5.120992812321943e-05,-0.0023966815627207284,1.0229262827565409,-0.2231819682417984,0.0
2013-08-20,0.004408915107740421,0.0,1.7102711827760107e-05,0.0043918123959126604,1.022428707532593,-0.2260692558938948,0.0
2013-08-21,0.00048815452285125483,0.0,1.6997975360752115e-05,0.0004711565474905027,1.0201610944874704,-0.22069110684743412,0.0
2013-08-22,0.006080834164654258,5.179383468873329e-05,1.3289030838181243e-05,0.006015751299127343,1.0000000000623666,0.029900748875136135,0.25000000005478906
2013-08-23,-0.005957475764832548,0.0,1.3196650244935408e-05,-0.0059706724150774835,0.9991218890256051,0.0357664211453203,0.0
2013-08-26,-0.00618815267476037,0.0,4.05537316439372e-05,-0.0062287064064043066,1.0167954638707324,0.02998799386826049,0.0
2013-08-27,-0.006144749461598851,0.0,1.3760380121812933e-05,-0.006158509841720664,1.0284567614538132,0.023949012561468745,0.0
2013-08-28,0.003130691860770059,0.0,1.3868817599812546e-05,0.0031168230431702464,1.030338275066738,0.017914590280422298,0.0
2013-08-29,0.004964621874861144,5.649596929376592e-06,1.3340884494213546e-05,0.004945631393437554,1.000000000031982,0.026115431954393104,0.02776755824791864
2013-08-30,-0.00012562412646802452,0.0,1.3167431438118122e-05,-0.00013879155790614265,0.9921495947762301,0.030927099793607075,0.0
2013-09-03,-0.0019270431696294425,0.0,5.227851386936763e-05,-0.00197932168349881,0.9848886293613061,0.030805751245346825,0.0
2013-09-04,0.008369607688830053,0.0,1.3232223701835782e-05,0.008356375465128218,0.994888311925725,0.028935981691713145,0.0
2013-09-05,0.004737166012842728,0.0,1.2961345425664379e-05,0.0047242046674170635,0.9831746493665755,0.03699643329307567,0.0
2013-09-06,-0.0038614299360789227,5.095404655169596e-05,1.2071302501425798e-05,-0.003924455285132044,1.0000000000428635,0.11879491743878037,0.2500000000255228
2013-09-09,0.005437475255118467,0.0,3.688595121982544e-05,0.005400589303898641,1.0129444622892103,0.11538631594012468,0.0
2013-09-10,0.007548384607413716,0.0,1.2198285150888244e-05,0.007536186322262828,1.0106495925970767,0.12017477658223469,0.0
2013-09-11,-0.000850345082134892,0.0,1.1946976168516279e-05,-0.0008622920583034082,0.998897075615466,0.1267678153137775,0.0
2013-09-12,0.009828070217908085,0.0,1.1998420813769521e-05,0.009816071797094315,1.0019108609778342,0.12602614157265937,0.0
2013-09-13,-0.0003824917495513952,3.929007534171576e-06,1.1599804927089854e-05,-0.00039802056201265664,1.0000000000532598,0.15321424037570067,0.0195151847663855
2013-09-16,0.003960206226957688,0.0,3.495060507567957e-05,0.0039252556218820085,1.0033573265341362,0.1528926030259333,0.0
2013-09-17,0.003139397481918796,0.0,1.1466216674477609e-05,0.0031279312652443183,0.9932733463995504,0.1562395291626849,0.0
2013-09-18,-0.006955250597065879,0.0,1.1403384215667717e-05,-0.006966653981281547,0.9913290025544117,0.15888195481066825,0.0
2013-09-19,-0.0008314476992930319,0.0,1.1898189232759659e-05,-0.0008433458885257916,1.0215603643652253,0.1529925503737702,0.0
2013-09-20,0.0016522255673237004,5.29498478252447e-05,8.828006088438877e-06,0.0015904477134100169,1.0000000000079177,0.35555555555187957,0.25000000000611755
2013-09-23,-0.0030241968056789036,0.0,2.5986665969381138e-05,-0.003050183471648285,0.9889827682062893,0.35664056295134805,0.0
2013-09-24,-0.001276986462725952,0.0,8.690297918959406e-06,-0.0012856767606449116,0.9890900090025823,0.35469826091854545,0.0
2013-09-25,-0.00402134476651123,0.0,8.731850961286116e-06,-0.004030076617472516,0.991301365093944,0.35387624492005754,0.0
2013-09-26,0.004175528243804437,0.0,8.80953849285177e-06,0.004166718705311585,0.9943668573510999,0.35127054737292074,0.0
2013-09-27,-0.0021492833917750097,5.135262553463725e-05,8.828006088951647e-06,-0.0022094640233985986,1.0000000000389537,0.35555555554548357,0.2500000000446484
2013-09-30,-0.0014587165437695137,0.0,2.652907893150843e-05,-0.001485245622701022,0.999729760319115,0.3541888396524099,0.0
2013-10-01,0.004846823273912851,0.0,8.838087979005541e-06,0.004837985185933845,0.9984352157114086,0.35325479324400416,0.0
2013-10-02,0.0013788335112650163,0.0,8.776985990925952e-06,0.0013700565252740904,0.9970974449466182,0.3563774676090239,0.0
2013-10-03,-0.006506253350321086,0.0,8.786138111985519e-06,-0.006515039488433072,0.9986549075498629,0.35726682537492,0.0
2013-10-04,0.0045343971055855645,5.242253730110102e-05,8.828006088176639e-06,0.004473146562196287,0.9999999999919663,0.3555555555550718,0.24796773066933753
2013-10-07,-0.0067625723610790864,0.0,2.6347209655495313e-05,-0.006788919570734582,0.9996018254458046,0.3584863904954186,0.0
2013-10-08,-0.006608338384908874,0.0,8.869144006403632e-06,-0.006617207528915278,1.0015754768698804,0.3541279644024155,0.0
2013-10-09,-0.002481166770542966,0.0,8.917913176424043e-06,-0.00249008468371939,1.0008422157401466,0.34983455386119167,0.0
2013-10-10,0.013465776937217419,0.0,8.906267983095034e-06,0.013456870669234323,0.998378048354307,0.34822048558836954,0.0
2013-10-11,0.003362990543132155,1.4371296091858926e-05,8.838468422088277e-06,0.0033397807786182078,0.9999999999971574,0.35479180518471326,0.06971392059558157
2013-10-14,0.005107288516693682,0.0,2.6424211552339702e-05,0.005080864305141343,0.9999517666083751,0.3569626188347757,0.0
2013-10-15,-0.005332352340151589,0.0,8.71083980348162e-06,-0.00534106317995507,0.9961308845877248,0.3602395789335668,0.0
2013-10-16,0.00579690784256781,0.0,8.763056762090032e-06,0.00578814478580572,0.9965161309345962,0.35681298730202377,0.0
2013-10-17,2.645883596698698e-05,0.0,8.774530311577914e-06,1.7684305655409066e-05,1.0010638477855334,0.3605231350403455,0.0
2013-10-18,0.005362438124359727,2.963645700722228e-06,8.838468462940371e-06,0.005350636010196065,1.0000000000558564,0.35479180226120943,0.014769920655348424
2013-10-21,-0.0013088668839093323,0.0,2.6418299971480662e-05,-0.001335285183880813,1.0010827415330186,0.35823744222698894,0.0
2013-10-22,-0.0024650678873200374,0.0,8.80114930054797e-06,-0.0024738690366205855,0.99988971297119,0.35740581403118826,0.0
2013-10-23,-0.005386119514242592,0.0,8.893772012757395e-06,-0.00539501328625535,1.0050663576313692,0.35582100070007955,0.0
2013-10-24,0.00328737151585435,0.0,8.957497997025754e-06,0.0032784140178573245,1.0062330909519668,0.3523357371690867,0.0
2013-10-25,0.001988405745458231,3.2291889006010435e-06,8.992589936097148e-06,0.001976183966621533,1.0000000000301537,0.34354093469506153,0.01600415169291887
2013-10-28,0.0018333021420430104,0.0,2.700835258156443e-05,0.001806293789461446,1.0020511037847424,0.3448478576333409,0.0
2013-10-29,0.000978158301539492,0.0,8.964157144528607e-06,0.0009691941443949634,1.0004395523763714,0.34605608082578293,0.0
2013-10-30,-0.0043339329104780545,0.0,8.957972457901854e-06,-0.004342890882935956,1.0006302106682583,0.3466982212414231,0.0
2013-10-31,-0.002669551564214293,0.0,8.96481378080891e-06,-0.002678516377995102,0.9982890304723484,0.3438576244732981,0.0
2013-11-01,-9.630473577662552e-05,8.6766751616433e-07,9.018953237040686e-06,-0.00010619135652983053,1.000000000079112,0.341616413775142,0.004328401367851421
2013-11-04,0.0023190243568840994,0.0,2.6825388234696465e-05,0.002292198968649403,0.99430749308557,0.3415563793746226,0.0
2013-11-05,-0.0006347212564378635,0.0,8.925565033161188e-06,-0.0006436468214710248,0.9946552229563957,0.34308897553562895,0.0
2013-11-06,0.0018944706911929322,0.0,8.86542356541186e-06,0.0018856052676275202,0.9898507361102671,0.34267481583520154,0.0
2013-11-07,-0.010907750520455084,0.0,8.87638145837017e-06,-0.010916626901913454,0.9918966341385256,0.3439207876775032,0.0
2013-11-08,0.012635478721065126,3.389221122784707e-06,9.073439340854776e-06,0.012623016060601486,1.0000000000111138,0.33763892812871504,0.016784145500030212
2013-11-11,0.0020476272654796207,0.0,2.6455180873018708e-05,0.002021172084606602,0.9896507391296077,0.3459080045528192,0.0
2013-11-12,-0.0033915694268821057,0.0,8.777121118488297e-06,-0.003400346548000594,0.9879836138373244,0.3472537721876788,0.0
2013-11-13,0.004892498056059123,0.0,8.824954931999546e-06,0.004883673101127123,0.9892571528737546,0.345035442837788,0.0
2013-11-14,-0.0003311729638592741,0.0,8.806466744919037e-06,-0.00033997943060419316,0.991099384913634,0.3482273125345443,0.0
2013-11-15,0.0016628817516146852,5.143513082877845e-05,1.1740993507454893e-05,0.001599705627278452,0.9999999999806971,0.14290747393648992,0.2500000000216994
2013-11-18,-0.0031181693578470632,0.0,3.520039085224688e-05,-0.00315336974869931,1.000882299120964,0.14433945504962345,0.0
2013-11-19,-0.00011346489193835832,0.0,1.1763280480942627e-05,-0.00012522817241930094,1.0003874924408012,0.1416680173319893,0.0
2013-11-20,0.004909471439783181,0.0,1.1719767598389259e-05,0.004897751672184791,0.9971153159605167,0.14157228127810065,0.0
2013-11-21,0.006254118605274349,0.0,1.1486693842034323e-05,0.006242631911432315,0.9842964686113298,0.1457678181428241,0.0
2013-11-22,0.0020111802067641514,5.195994064044974e-05,1.2789466778506224e-05,0.0019464307993451951,0.999999999999708,0.06636892516875384,0.2500000000001241
2013-11-25,-0.0008665283569634003,0.0,3.8335079409170135e-05,-0.0009048634363725705,1.0010675324166,0.06824726679346013,0.0
2013-11-26,0.0027838493651047708,0.0,1.2818408895044405e-05,0.0027710309562097263,1.0031856133610868,0.0674417640228454,0.0
2013-11-27,0.0030487189297460555,0.0,1.2760021684195004e-05,0.0030359589080618606,1.0015131367307373,0.07003155378450183,0.0
2013-11-29,-6.923555294577216e-05,0.0,2.5409086839969904e-05,-9.464463978574207e-05,1.0002907452136858,0.07285907555478416,0.0
2013-12-02,0.0013652010792067253,5.0830981898725135e-05,3.190191902487325e-05,0.001282468178283127,1.0000000000192506,0.22371997041400127,0.2500000000152195
2013-12-03,-0.002210702794770766,0.0,1.0517627204723484e-05,-0.002221220421975489,0.9925836625971381,0.22479687665232403,0.0
2013-12-04,-0.0019444466296787372,0.0,1.0549088544286568e-05,-0.0019549957182230238,0.9931651511904221,0.22308168745750256,0.0
2013-12-05,0.0013655450336571527,0.0,1.0598427406184115e-05,0.0013549466062509686,0.9952556106821592,0.22157041003071884,0.0
2013-12-06,0.004248443031814743,0.0,1.051101699387743e-05,0.004237932014820866,0.9899385380316249,0.22263429747857233,0.0
2013-12-09,0.00030104482849657884,5.245221548457183e-05,3.109400545868604e-05,0.00021749860755332096,0.9999999999887295,0.24337920049403589,0.2500000000081002
2013-12-10,-0.003764609265389196,0.0,1.0393160372202817e-05,-0.0037750024257613988,1.0023279639042362,0.243627256733431,0.0
2013-12-11,-0.005177819865660318,0.0,1.0490363468888196e-05,-0.005188310229129206,1.006568093922553,0.24077156069371486,0.0
2013-12-12,0.0009638814472079292,0.0,1.0511690415312184e-05,0.000953369756792617,1.0041758494813264,0.23682244916353712,0.0
2013-12-13,-0.000864282751350973,0.0,1.0434559782738323e-05,-0.0008747173111337114,0.999282712375906,0.23755984823600856,0.0
2013-12-16,0.003508837709453062,5.111152980075104e-05,2.4253605466772554e-05,0.0034334725741855384,1.000000000000758,0.4098289336426262,0.24534866850301756
2013-12-17,0.0004916745255447863,0.0,8.059230598149756e-06,0.0004836152949466365,1.0002472771710686,0.41192344350613697,0.0
2013-12-18,0.00834577652559383,0.0,8.00871374096518e-06,0.008337767811852864,0.9968518672737625,0.4122157641833044,0.0
2013-12-19,0.0013120339644832923,0.0,7.908390539041693e-06,0.0013041255739442506,0.9943965005820089,0.41708399123196516,0.0
2013-12-20,0.0020290047842592886,0.0,7.820140200150712e-06,0.002021184644059138,0.988721329508494,0.41785109489749217,0.0
2013-12-23,0.004910683013507604,3.170986895818164e-06,2.378035010419845e-05,0.0048837316765075875,0.999999999987922,0.42134481411909325,0.01581963608244924
2013-12-24,0.00069364560370253,0.0,7.873329660725408e-06,0.0006857722740418046,0.9989369620320934,0.4241838967991385,0.0
2013-12-26,0.0017583162546761734,0.0,1.5742341173853562e-05,0.0017425739135023199,0.999181825686066,0.42458637284041084,0.0
2013-12-27,-0.0007408764897204084,0.0,7.859178116076686e-06,-0.0007487356678364852,0.9993230468061238,0.425603044332526,0.0
2013-12-30,0.003071997886654865,0.0,2.365383039814457e-05,0.0030483440562567203,1.000757055348334,0.4251805156601495,0.0
2013-12-31,0.0023596601138892474,1.8248842550364117e-06,7.86835810887425e-06,0.0023499668715253365,1.000000000116366,0.42560985816854596,0.009073207933671792
2014-01-02,-0.006249853562354535,0.0,1.569533861103745e-05,-0.006265548900965572,0.9998460212494652,0.4269661619465983,0.0
2014-01-03,-0.00364508050772892,0.0,7.938998854117367e-06,-0.003653019506583037,1.0029158635768078,0.4233689472262401,0.0
2014-01-06,-0.0025012996551495126,0.0,2.4153531539645182e-05,-0.0025254531866891576,1.0089986818848173,0.42126274775345135,0.0
2014-01-07,0.005149376389633924,0.0,8.098306301998055e-06,0.0051412780833319256,1.0109980481642595,0.41982168811840154,0.0
2014-01-08,0.001539877553194021,1.5836625388163306e-06,7.857469506371633e-06,0.001530436421148833,0.999999999996731,0.4264047260316019,0.0078947327825728
2014-01-09,0.0006138429053419266,0.0,7.81101077391266e-06,0.000606031894568014,0.9974944488882775,0.42729066239265345,0.0
2014-01-10,-0.00010847410313953891,0.0,7.784350426149848e-06,-0.00011625845356568875,0.9959029196921895,0.4276453385832504,0.0
2014-01-13,-0.007328439974021384,0.0,2.3583098313685285e-05,-0.007352023072335069,1.001441967333765,0.42758657503408987,0.0
2014-01-14,0.007286341535741208,0.0,7.94629747780972e-06,0.007278395238263399,1.0034504825851458,0.42337076670503604,0.0
2014-01-15,0.004161450957801723,7.005024759989053e-07,7.863657752351514e-06,0.004152886797573373,0.9999999999854063,0.4259529840637459,0.0034951723200941087
2014-01-16,-0.001025474481068259,0.0,7.809094376086316e-06,-0.0010332835754443452,0.9983994951938423,0.4283356057395412,0.0
2014-01-17,-0.0020974326690483816,0.0,7.841505002650105e-06,-0.0021052741740510317,1.0001819856924035,0.42775212049894584,0.0
2014-01-21,0.004235684388934153,0.0,3.1439970006083616e-05,0.0042042444189280695,1.0003321508203358,0.42655269820930947,0.0
2014-01-22,0.0009067691119234883,0.0,7.785482014105004e-06,0.0008989836299093832,0.9973250125693289,0.4289848255396636,0.0
2014-01-23,-0.008056360682943667,5.17127512981204e-05,1.122868341925111e-05,-0.008119302117661037,1.0000000001439724,0.18030611053864123,0.25000000010831114
2014-01-24,-0.010904671141575187,0.0,1.1463723405677026e-05,-0.010916134864980864,1.0105115544119267,0.17365974579750373,0.0
2014-01-27,-0.0008079423974421096,0.0,3.477601793758352e-05,-0.0008427184153796931,1.0107677757487858,0.1645513392675867,0.0
2014-01-28,0.0027719072056451555,0.0,1.1518902064557143e-05,0.0027603883035805985,1.0047613535431914,0.16388150283052005,0.0
2014-01-29,-0.007940336866358068,0.0,1.1488781146674492e-05,-0.007951825647504742,1.0048756719801928,0.166194648272955,0.0
2014-01-30,0.011636158208102725,1.58448034608082e-05,1.0497799017989649e-05,0.011609815605623929,1.0000000000162454,0.23366067170300125,0.07832292140368921
2014-01-31,-0.004836925430938081,0.0,1.0243404791453036e-05,-0.004847168835729534,0.990250212297556,0.24248166252148434,0.0
2014-02-03,-0.016129607853092108,0.0,3.103385638014304e-05,-0.01616064170947225,0.9939594238407881,0.23880225192397422,0.0
2014-02-04,0.0023363521909079733,0.0,1.0628564941573374e-05,0.0023257236259664,1.002215527477793,0.2263302867429369,0.0
2014-02-05,-0.0045633056841317176,0.0,1.0642050599243722e-05,-0.004573947734730961,1.0050057512597392,0.2281360575149475,0.0
2014-02-06,0.007363503181809972,3.08132656779101e-06,1.049933322244425e-05,0.0073499225220197365,1.0000000000095897,0.23354867477115931,0.015128754302300124
2014-02-07,0.005004711357168113,0.0,1.0389998067804728e-05,0.004994321359100308,0.9976242705069697,0.23915441155722458,0.0
2014-02-10,0.0003131869353740342,0.0,3.120155148309342e-05,0.0002819853838909408,1.0021835264032326,0.24294577364795936,0.0
2014-02-11,0.002840026524611547,0.0,1.0428248490656592e-05,0.0028295982761208905,1.0044525242673468,0.24319038444941582,0.0
2014-02-12,-0.0005668246444186601,0.0,1.0470717415174674e-05,-0.0005772953618338347,1.0096985793703748,0.24533620806262335,0.0
2014-02-13,0.0014150912330659817,3.475533434311522e-06,1.05144308633625e-05,0.0014011012687683078,1.0000000000249285,0.23244654699946604,0.017340111501116168
2014-02-14,-0.0045517140388560695,0.0,1.0571914353324262e-05,-0.0045622859532093935,1.0052841806350468,0.23353443284237538,0.0
2014-02-18,-0.0030253173553758056,0.0,4.3170077690802815e-05,-0.0030684874330666086,1.01788610929646,0.23003219143930892,0.0
2014-02-19,-0.003234739165853309,0.0,1.0986450170026937e-05,-0.0032457256160233357,1.0297164482244041,0.2277055858124377,0.0
2014-02-20,0.0001972968149851003,0.0,1.0999529171341843e-05,0.00018629728581375847,1.0281674193726766,0.22520178986472256,0.0
2014-02-21,0.000340208377911849,7.120009588250212e-06,1.0541300175023079e-05,0.0003225470681485757,1.0000000000424991,0.23048508726581435,0.035023099758379916
2014-02-24,-0.0011028478483548348,0.0,3.160486943894796e-05,-0.0011344527177937827,0.9998026906423003,0.23075086762790017,0.0
2014-02-25,-0.00011961280202987705,0.0,1.0665673876845127e-05,-0.00013027847590672218,1.0085030334981766,0.2299088404884822,0.0
2014-02-26,0.00461840641388015,0.0,1.0670545264693377e-05,0.004607735868615456,1.008768972500033,0.22981916817741663,0.0
2014-02-27,0.0024019700919763773,0.0,1.0518423036333304e-05,0.002391451668940044,1.0012071843909167,0.23336230273858566,0.0
2014-02-28,0.00031836568409903554,4.058161468773281e-05,1.0555033306205321e-05,0.0002672290361050974,0.9999999999956561,0.2294825686426679,0.19129849283859243
2014-03-03,-0.01057155570575987,0.0,3.1621829588901786e-05,-0.010603177535348772,0.9992040612472136,0.22973954125060336,0.0
2014-03-04,0.012117401330611005,0.0,1.0844426713077945e-05,0.012106556903897928,1.0131599172087238,0.22151676715403418,0.0
2014-03-05,5.5153588806216686e-05,0.0,1.0618223070545277e-05,4.453536573567141e-05,1.0059697811286095,0.23083949697880407,0.0
2014-03-06,-0.0033246910052433885,0.0,1.0621015433057007e-05,-0.0033353120206764454,1.0062184946609982,0.2308843680478365,0.0
2014-03-07,0.0021549821306292723,5.11556689235239e-05,8.106357425798145e-06,0.0020957201042799503,0.9999999999797892,0.4082359078965247,0.25000000004729206
2014-03-10,0.0005186891056763214,0.0,2.3950156960438176e-05,0.0004947389487158833,0.9923197769771018,0.4095326242731063,0.0
2014-03-11,-0.0036715132426110653,0.0,7.949686143529224e-06,-0.0036794629287545946,0.9901756338179615,0.40984854534032833,0.0
2014-03-12,-0.001515480436389803,0.0,8.00020319864316e-06,-0.0015234806395884462,0.991691898245298,0.4076770647443475,0.0
2014-03-13,-0.004776533856891328,0.0,8.10014488512789e-06,-0.004784634001776456,0.9980918843692048,0.4067813077548687,0.0
2014-03-14,-0.0032658599641860074,2.0543228144602473e-05,6.791514470355122e-06,-0.003293194706800965,1.0000000000251208,0.5042194436891969,0.10078719144871695
2014-03-17,0.006364850371395425,0.0,2.0618978492865507e-05,0.006344231392902559,1.0043372489331808,0.5026087722734537,0.0
2014-03-18,0.007820149785619275,0.0,6.746827364417629e-06,0.007813402958254856,0.9982833304827279,0.505764932880241,0.0
2014-03-19,-0.0016100309466496876,0.0,6.639768846780338e-06,-0.001616670715496468,0.9943064721867472,0.5096033463717824,0.0
2014-03-20,0.0038049848780862495,0.0,6.5665057026694045e-06,0.00379841837238358,0.9881708194902743,0.5088159031954077,0.0
2014-03-21,-0.003173912813710159,2.2510679905883452e-05,5.479452054856468e-06,-0.0032019029456708988,0.9999999999838618,0.5999999999793397,0.10941841062544844
2014-03-24,4.9333199448904234e-05,0.0,1.653754546716689e-05,3.279565398173735e-05,1.0011568111644964,0.5987432047967687,0.0
2014-03-25,0.0014812023519859367,0.0,5.4261917795118245e-06,0.001475776160206425,0.9948849007517108,0.5987729008473477,0.0
2014-03-26,-0.0035041655132832285,0.0,5.427741564990567e-06,-0.003509593254848219,0.9955947021242145,0.5993695678799031,0.0
2014-03-27,-0.00042814919092956525,0.0,5.400873194855961e-06,-0.0004335500641244212,0.9922277560571846,0.5979640128326995,0.0
2014-03-28,0.0008676515540638384,4.5577249287856404e-05,5.479452054843822e-06,0.0008165948527211382,0.9999999999935811,0.5999999999899821,0.22135756823914898
2014-03-31,0.005097648451466614,0.0,1.6453308166764723e-05,0.005081195143299849,1.0007412185185136,0.6003773864605719,0.0
2014-04-01,0.0050333455261816875,0.0,5.453521855834698e-06,0.005027892004325853,1.0005211470349344,0.6024140515590015,0.0
2014-04-02,-9.436173257915061e-05,0.0,5.431967116486971e-06,-9.979369969563758e-05,1.0009420959421418,0.6044084964385928,0.0
2014-04-03,-0.001953938398486069,0.0,5.453873269233564e-06,-0.0019593922717553026,1.0025071961221785,0.6043744474681281,0.0
2014-04-04,-0.007079115462514637,4.809970474655889e-05,5.479452054850719e-06,-0.007132694619316047,1.0000000000239146,0.6000000000198124,0.23080044049087511
2014-04-07,-0.003605479597639683,0.0,1.6581886034379678e-05,-0.003622061483674063,1.0006729500810836,0.5971803899111783,0.0
2014-04-08,0.004408998925711315,0.0,5.538204285104102e-06,0.004403460721426211,1.0000216035598593,0.5957326907472598,0.0
2014-04-09,0.007648860461308708,0.0,5.510187759530289e-06,0.007643350273549177,0.9997542817696065,0.5975105753238955,0.0
2014-04-10,-0.012424535858756006,0.0,5.445538991069298e-06,-0.012429981397747075,0.9980934223221313,0.6005690759740726,0.0
2014-04-11,-0.006773409992036692,2.214437000270135e-05,5.479452054942469e-06,-0.006801033814094335,1.0000000000766225,0.6000000000658222,0.10740350603064634
2014-04-14,0.004598726614798884,0.0,1.6543293951954233e-05,0.00458218332084693,0.9998422573677392,0.5972887712035193,0.0
2014-04-15,0.0022014710368176604,0.0,5.50138116832788e-06,0.0021959696556493324,1.0007429440826954,0.59914211879476,0.0
2014-04-16,0.004341315399380103,0.0,5.470344048134725e-06,0.004335845055331968,0.9993610665643038,0.6000259510504686,0.0
2014-04-17,0.0020937052344908126,0.0,5.454243166255321e-06,0.0020882509913245574,0.99991788754623,0.6017581364095916,0.0
2014-04-21,0.0008005587090048629,8.657206370487836e-06,2.1917808219739206e-05,0.0007699836944146358,1.0000000000244142,0.6000000000141738,0.04303183631571803
2014-04-22,0.006382105089790621,0.0,5.465453530316055e-06,0.006376639636260305,0.9993164157279467,0.6003383080148746,0.0
2014-04-23,-0.0013529320801121585,0.0,5.42836036990921e-06,-0.0013583604404820678,0.9991463965397465,0.6028760895363741,0.0
2014-04-24,0.0011881804325995688,0.0,5.432339105616525e-06,0.0011827480934939523,0.9989021088333758,0.6023413541233694,0.0
2014-04-25,-0.0067944910920205515,0.0,5.433145265186649e-06,-0.0067999242372857385,0.999436158784121,0.6028165544254956,0.0
2014-04-28,-8.109605093724957e-05,6.399714662098077e-06,1.6438356164182834e-05,-0.00010393412176353048,0.999999999973706,0.5999999999785903,0.031665555467294645
2014-04-29,0.0045675492541098145,0.0,5.46963511104969e-06,0.004562079618998765,0.9992646255598682,0.5999812624532409,0.0
2014-04-30,0.002594525842151236,0.0,5.442114382158215e-06,0.002589083727769078,0.9990776868666679,0.6018033369691184,0.0
2014-05-01,0.00011863805247905483,0.0,5.3949595581951116e-06,0.00011324309292085971,0.9966691149184066,0.6028370671701633,0.0
2014-05-02,-0.0018094282088923577,0.0,5.384504111504687e-06,-0.0018148127130038624,0.995956232524958,0.6028874323851159,0.0
2014-05-05,0.0020340450184434668,3.8120923570965075e-05,1.9426755856012505e-05,0.001976497339016489,0.9999999999814558,0.527282274151818,0.18621495405311078
2014-05-06,-0.00492147024915705,0.0,6.455844703584116e-06,-0.004927926093860634,0.9995488539529219,0.5282721905912816,0.0
2014-05-07,0.00026402578648518154,0.0,6.467786786086897e-06,0.00025755799969909467,0.9980909616254022,0.5259425262410587,0.0
2014-05-08,-0.0030462273814298316,0.0,6.469521198960647e-06,-0.003052696902628792,0.9983461057422169,0.5260710582180897,0.0
2014-05-09,-0.0006717704042096486,0.0,6.502346934363001e-06,-0.0006782727511440116,0.9992976822974291,0.5246263560889299,0.0
2014-05-12,0.007529283250677381,1.690037334464614e-05,1.6438356164795286e-05,0.00749594452116794,1.000000000049096,0.6000000000390775,0.08368515581248281
2014-05-13,-0.0009789289931922244,0.0,5.438805589673747e-06,-0.0009843677987818981,1.0000419681262223,0.6030091600800387,0.0
2014-05-14,-0.003904964800702678,0.0,5.457189844392651e-06,-0.0039104219905470704,1.0009982928309182,0.6026234341902548,0.0
2014-05-15,-0.0035116872595966466,0.0,5.484491536448847e-06,-0.0035171717511330953,1.0014367846042669,0.6010689024435011,0.0
2014-05-16,0.001471420067808564,0.0,5.50637466684058e-06,0.0014659136931417236,1.0016316953909918,0.5996663447116295,0.0
2014-05-19,0.002055892117587576,5.050756965035474e-05,1.6438356164581457e-05,0.00198894619177264,1.000000000024688,0.6000000000198726,0.2500000000236521
2014-05-20,-0.002766112802866545,0.0,5.466034102172674e-06,-0.002771578836968718,0.9998813017716299,0.6008608123130248,0.0
2014-05-21,0.00255809511986273,0.0,5.485459154633601e-06,0.0025526096607080963,1.00019549153278,0.599756973244527,0.0
2014-05-22,0.0006806971969521801,0.0,5.470686405629015e-06,0.0006752265105465511,1.0001416152948193,0.6007815076839013,0.0
2014-05-23,0.0016421777611755474,0.0,5.4780197826905985e-06,0.0016366997413928568,1.0009517998315691,0.6010563556951556,0.0
2014-05-27,0.002516616882470081,5.083215189392296e-05,2.1917808219612107e-05,0.002443866922356546,1.0000000000245486,0.6000000000166276,0.2500000000161051
2014-05-28,-0.0005342215895127813,0.0,5.442215281712957e-06,-0.0005396638047944943,0.9983294517828437,0.6010477362177978,0.0
2014-05-29,0.0026362481456034094,0.0,5.450749364182695e-06,0.0026307973962392266,0.998742468607958,0.6008377650226213,0.0
2014-05-30,0.00032426825551594966,0.0,5.436004489486437e-06,0.00031883225102646325,0.99871888877991,0.6018905610474002,0.0
2014-06-02,-0.0023412892448738,0.0,1.622603819853665e-05,-0.0023575152830723365,0.9968564811557169,0.6020228849913251,0.0
2014-06-03,-0.001316622625277859,4.333974054823125e-05,5.479452054821412e-06,-0.0013654418178809117,0.9999999999869957,0.5999999999850327,0.21141607116129849
2014-06-04,0.0005308704043984795,0.0,5.489214688376011e-06,0.0005253811897101034,1.000214634660579,0.5995019624091298,0.0
2014-06-05,0.004598509723655697,0.0,5.487106178943041e-06,0.004593022617476753,1.0002765034501309,0.599717752387289,0.0
2014-06-06,0.0028432138795455573,0.0,5.460067228524949e-06,0.0028377538123170324,1.0001382218158326,0.6015533141335112,0.0
2014-06-09,-0.003953078821427552,0.0,1.634406523007985e-05,-0.003969422886657632,1.0003918400668144,0.6026862528015382,0.0
2014-06-10,-0.0035762570359026006,7.342128146639172e-07,5.479452055122013e-06,-0.0035824707007723867,1.000000000098683,0.600000000074776,0.003668124278911442
2014-06-11,-0.00110140314148753,0.0,5.517426060852243e-06,-0.0011069205675483822,1.0013401981463645,0.5985680957041508,0.0
2014-06-12,0.0009648544613278443,0.0,5.523540181084194e-06,0.0009593309211467601,1.0013472068233544,0.5981287736042082,0.0
2014-06-13,0.001943853460551784,0.0,5.531551938249959e-06,0.001938321908613534,1.0023227413426339,0.5985194498503869,0.0
2014-06-16,-0.001180935478251916,0.0,1.6599012299872778e-05,-0.001197534490551789,1.003210963063096,0.599301663766192,0.0
2014-06-17,-0.0015855559077546074,5.227411509845677e-05,5.479452054939553e-06,-0.0016433094749080037,1.0000000000533462,0.6000000000427588,0.25000000002617756
2014-06-18,0.003693128571878983,0.0,5.510666393300207e-06,0.0036876179054856828,1.0016780896297222,0.5993994429188071,0.0
2014-06-19,-0.0028612615423419625,0.0,5.5039908312291136e-06,-0.0028667655331731916,1.0026680982433533,0.6008767675636282,0.0
2014-06-20,0.0007356525328554044,0.0,5.6758197055102e-06,0.0007299767131498942,1.014069643591806,0.5997348050895613,0.0
2014-06-23,-0.0008916948224896164,0.0,1.7078419775640776e-05,-0.0009087732422652572,1.0156073291155683,0.6000324479083095,0.0
2014-06-24,-0.001422181258041128,5.235270077169543e-05,5.479452054959033e-06,-0.0014800134108677826,1.0000000001401832,0.6000000001281739,0.25000000007554124
2014-06-25,0.00026955589575375377,0.0,5.494651177682581e-06,0.0002640612445760712,1.0005745711323466,0.5994650351615181,0.0
2014-06-26,-0.0002184030618668913,0.0,5.510344306350365e-06,-0.00022391340617324167,1.001831400565777,0.5995762662022002,0.0
2014-06-27,0.0019502460874868766,0.0,5.521173135049971e-06,0.0019447249143518266,1.002537736316497,0.599492097457849,0.0
2014-06-30,-0.0012341212381083012,0.0,1.647533964365336e-05,-0.0012505965777519547,1.0011749051771297,0.6002749738482313,0.0
2014-07-01,0.0016149516195755127,5.090588468952134e-05,5.479452054932e-06,0.0015585662828310595,1.000000000077911,0.600000000067875,0.24999999999248287
2014-07-02,-0.0018655311194743967,0.0,5.46494832476035e-06,-0.001870996067799157,0.9996199817421049,0.6006787540345992,0.0
2014-07-03,-0.0007382094197987325,0.0,5.4944819649201445e-06,-0.0007437039017636526,1.001032883690398,0.5999357002512273,0.0
2014-07-07,0.00020605377133425776,0.0,2.20171658591895e-05,0.00018403660547506827,1.001456724933584,0.5996434480033757,0.0
2014-07-08,-0.0006840358800732163,0.0,5.4834421010494625e-06,-0.0006895193221742658,1.0000304011980659,0.5997391278214551,0.0
2014-07-09,0.0016008648156715572,5.0638870621817016e-05,5.479452055112758e-06,0.0015447464929946274,1.0000000001381717,0.6000000001149404,0.25000000002306094
2014-07-10,-0.003894485575868114,0.0,5.476683457488989e-06,-0.003899962259325603,1.0004708698519476,0.6006729774552514,0.0
2014-07-11,0.0009224300496504273,0.0,5.5441556094822874e-06,0.0009168858940409451,1.0038383773301534,0.5991150178379464,0.0
2014-07-14,0.005393248317254898,0.0,1.6645942036562158e-05,0.005376602375218336,1.0045390422159826,0.59948778599297,0.0
2014-07-15,3.54330285993012e-05,0.0,5.437287109291388e-06,2.9995741490009814e-05,0.9985681807832983,0.601646221805027,0.0
2014-07-16,0.0019549348021913942,2.0370560862882494e-05,5.479452054953089e-06,0.0019290847892735588,1.0000000001527254,0.6000000001411497,0.10121335820298993
2014-07-17,-0.008393903469730306,0.0,5.478850113624648e-06,-0.008399382319843931,1.0007520069120055,0.6007959486174062,0.0
2014-07-18,0.00763691385410542,0.0,5.590009102376644e-06,0.007631323845003043,1.0054906686417024,0.5974200041682074,0.0
2014-07-21,-0.002204187812160288,0.0,1.6503994809391003e-05,-0.002220691806969679,1.002071709660575,0.6004745026320605,0.0
2014-07-22,0.002357937052494002,0.0,5.526373249761033e-06,0.002352410679244241,1.0030270929587035,0.5996018457261482,0.0
2014-07-23,0.0018451233447334104,3.21421548317591e-05,5.479452054768155e-06,0.001807501737846883,1.0000000000153988,0.6000000000173235,0.15415081708526632
2014-07-24,0.0008982466464192936,0.0,5.470109236730147e-06,0.0008927765371825635,1.0000772242550027,0.6007592499737018,0.0
2014-07-25,-0.0034561133544538836,0.0,5.436953563564378e-06,-0.003461550308017448,0.9980184401872428,0.6011208300470432,0.0
2014-07-28,0.0007077618216461052,0.0,1.6449771449999023e-05,0.0006913120501961062,1.0000185214186195,0.5997407494686432,0.0
2014-07-29,-0.0021182705619759963,0.0,5.47537957019505e-06,-0.0021237459415461915,0.9997364093866672,0.6000337007624283,0.0
2014-07-30,-0.001115559965017761,2.190921409453073e-05,5.479452054738256e-06,-0.00114294863116703,1.0000000000795277,0.600000000083635,0.10338397716492029
2014-07-31,-0.011816939942884588,0.0,5.4789232194072626e-06,-0.011822418866103995,0.9995311125232608,0.5995697175065305,0.0
2014-08-01,-0.0008711823450692337,0.0,5.570687207427792e-06,-0.0008767530322766615,1.0014447360261378,0.5947845698839092,0.0
2014-08-04,0.003718792062579746,0.0,1.6673760618464776e-05,0.003702118301961281,1.0001627348909807,0.5944345598416712,0.0
2014-08-05,-0.006537165470452303,0.0,5.553263670824904e-06,-0.006542718734123128,1.0013353332630062,0.5959470852927881,0.0
2014-08-06,-0.0006349743285363348,3.453112557991037e-05,5.479452054912323e-06,-0.0006749849061711575,1.0000000002893086,0.6000000002807089,0.17121397844426117
2014-08-07,-0.0007480308002400615,0.0,5.496039445112598e-06,-0.0007535268396851741,1.000980741049119,0.5997698615558993,0.0
2014-08-08,0.0037868599875805157,0.0,5.486007010372102e-06,0.0037813739805701435,0.9999520619225535,0.5994735501653901,0.0
2014-08-11,0.003038895726471081,0.0,1.6453879137948983e-05,0.003022441847333132,1.0013655760231743,0.6009878503330823,0.0
2014-08-12,-0.000705148621242439,0.0,5.474430621859633e-06,-0.0007106230518642986,1.0018400469916786,0.6022066115959254,0.0
2014-08-13,0.007574988031495477,9.569897192347086e-07,5.479452054805107e-06,0.007568551589721437,1.000000000045515,0.6000000000447423,0.004773469434153077
2014-08-14,0.0013632315525777961,0.0,5.391093666971731e-06,0.0013578404589108244,0.9965609053901048,0.6030110677011683,0.0
2014-08-15,0.002870391283364206,0.0,5.405488374829351e-06,0.002864985794989377,0.9981554195328985,0.6035547681703559,0.0
2014-08-18,0.004129083411333858,0.0,1.6038189935025205e-05,0.0041130452213988325,0.9949553451431519,0.6046927233908719,0.0
2014-08-19,0.00040680195675641545,0.0,5.332226105407502e-06,0.00040146973065100796,0.9955804582092631,0.6063279525145154,0.0
2014-08-20,0.002163305500872549,5.242789899107586e-05,5.479452054820507e-06,0.002105398149826653,1.000000000012347,0.6000000000104501,0.25000000000322764
2014-08-21,-0.0009517829100173412,0.0,5.428018180689178e-06,-0.0009572109281980304,0.9971435027944817,0.6008981756041714,0.0
2014-08-22,-0.000529198205589773,0.0,5.491052223243048e-06,-0.000534689257813016,1.0013680304635406,0.6005212181667982,0.0
2014-08-25,-0.0018696161504454729,0.0,1.6393088871000498e-05,-0.0018860092393164734,0.9992114967351131,0.6003130008741013,0.0
2014-08-26,0.0013340293237408835,0.0,5.576938000357528e-06,0.001328452385740526,1.006690661206433,0.5995741871803334,0.0
2014-08-27,-0.0010801647070131767,5.0692328027041106e-05,5.4794520548421165e-06,-0.00113633648709506,1.0000000000805076,0.6000000000770331,0.2500000000365551
2014-08-28,-0.002416088503921329,0.0,5.532145274329253e-06,-0.0024216206491956584,1.0034477890992233,0.5996011840731879,0.0
2014-08-29,0.0006116584452101979,0.0,5.586609311206522e-06,0.0006060718358989913,1.0064572415880133,0.598634761869937,0.0
2014-09-02,0.006763631149864472,0.0,2.2470613096347596e-05,0.006741160536768125,1.0089721429290837,0.5988834539207402,0.0
2014-09-03,0.0022930253691543392,0.0,5.387239221823174e-06,0.002287638129932516,0.994860122311995,0.6015916591189034,0.0
2014-09-04,-0.0014609668177948936,5.049413186557058e-05,5.4794520548404055e-06,-0.0015169404017153047,1.0000000000163658,0.6000000000130163,0.2500000000102464
2014-09-05,0.005014513275303694,0.0,5.456831303480753e-06,0.005009056444000213,0.9977970457863015,0.5994483606322067,0.0
2014-09-08,-0.004708021028805524,0.0,1.6210287076786526e-05,-0.0047242313158823105,0.9959004948960067,0.6014501760275345,0.0
2014-09-09,-0.008507844303004108,0.0,5.498597700046309e-06,-0.008513342900704155,1.0009723166028324,0.5995746844994515,0.0
2014-09-10,-0.0006208041753596764,0.0,5.634273692088834e-06,-0.0006264384490517653,1.0074439809949798,0.596142001472495,0.0
2014-09-11,0.0034795375063140527,3.681403493117951e-05,5.47945205496945e-06,0.0034372440193279038,0.9999999999297479,0.5999999999169779,0.18228111954103499
2014-09-12,-0.008101373997903472,0.0,5.343617385692593e-06,-0.008106717615289164,0.9914964056221816,0.6014123364666223,0.0
2014-09-15,-0.005696085469088959,0.0,1.613512448577506e-05,-0.005712220593574734,0.9907814397913561,0.5981600773041631,0.0
2014-09-16,0.001862435539690212,0.0,5.493894038674689e-06,0.0018569416456515372,0.9969219845178121,0.5958677196945599,0.0
2014-09-17,-0.0028651272764157075,0.0,5.565578900355392e-06,-0.002870692855316063,1.0029095222342193,0.5966222625082755,0.0
2014-09-18,0.004383833910270407,1.6017934443689284e-06,5.479452054806798e-06,0.004376752664771231,0.9999999999986979,0.5999999999978016,0.007932698302383911
2014-09-19,0.0029144230689277214,0.0,5.343430680749362e-06,0.002909079638246972,0.9918205621507895,0.6017501224560861,0.0
2014-09-22,-0.004692152024779029,0.0,1.5753916749776925e-05,-0.004707905941528806,0.986255938064089,0.6029106304861838,0.0
2014-09-23,-0.0007584609897175919,0.0,5.2684364935937264e-06,-0.0007637294262111857,0.9856440206815806,0.6010481566492385,0.0
2014-09-24,0.00036659581468090054,0.0,5.244372388604915e-06,0.0003613514422922956,0.9835876893386782,0.6007485049705193,0.0
2014-09-25,-0.007682098568346273,5.248943139078047e-05,5.4794520558533705e-06,-0.007740067451792907,1.0000000001872236,0.6000000001099276,0.25000000015861357
2014-09-26,0.0039665974694799554,0.0,5.533618248262218e-06,0.0039610638512316936,1.0008923759363928,0.5969382438132507,0.0
2014-09-29,-0.00509521342724214,0.0,1.6531891825354503e-05,-0.005111745319067494,1.0008100442695305,0.598534009852571,0.0
2014-09-30,0.0018389072592589176,0.0,5.5961923293316595e-06,0.001833311066929586,1.005009930649236,0.5964878906080248,0.0
2014-10-01,-0.0024734790542854344,0.0,5.515939387031776e-06,-0.0024789949936724663,0.9998954612944011,0.5972318860410814,0.0
2014-10-02,-0.00039955175297960824,5.053886525435076e-05,5.479452055013241e-06,-0.00045557007028897226,1.0000000000419047,0.6000000000259379,0.2500000000265813
2014-10-03,0.004976651789236305,0.0,5.4487232861125885e-06,0.004971203065950193,0.9976305326777894,0.5998737327915706,0.0
2014-10-06,-0.0002620418316502297,0.0,1.6208527894713766e-05,-0.0002782503595449435,0.9962659362421684,0.6018584241374669,0.0
2014-10-07,-0.001995942218342716,0.0,5.41710484046266e-06,-0.0020013593231831784,0.9972124766597867,0.6017638233060127,0.0
2014-10-08,0.010935509634259344,0.0,5.421822904766131e-06,0.010930087811354579,0.996763711327479,0.6009706392795514,0.0
2014-10-09,-0.003596821562637005,5.135574915531028e-05,5.479452055048384e-06,-0.0036536567638473638,1.0000000000376585,0.6000000000191266,0.25000000003394096
2014-10-10,-0.002162357463658752,0.0,5.454114852567648e-06,-0.00216781157851132,0.9967406059061006,0.5985902216686623,0.0
2014-10-13,-0.00397224672342664,0.0,1.6346112050901234e-05,-0.003988592835477541,0.9954790096199412,0.5977236163813445,0.0
2014-10-14,0.007574428574133205,0.0,5.488152171293816e-06,0.007568940421961911,0.9967641943632426,0.5961290858587942,0.0
2014-10-15,-0.0003826728087498193,0.0,5.35732174884116e-06,-0.00038803013049866047,0.9902529318416425,0.5991684441762379,0.0
2014-10-16,-0.0034351493383202696,5.1135281908319955e-05,5.479452054620473e-06,-0.00349176407228321,0.9999999999795905,0.599999999992296,0.24999999999934064
2014-10-17,0.0031965012606463864,0.0,5.536658289928983e-06,0.0031909646023564574,1.002831268584696,0.5986552134198803,0.0
2014-10-20,0.005772687147278103,0.0,1.657990600097766e-05,0.005756107241277126,1.0033817152352307,0.5999373358781077,0.0
2014-10-21,0.005913789820728839,0.0,5.4774691505960696e-06,0.005908312351578243,1.0020986931631461,0.6022434451696332,0.0
2014-10-22,0.0014405603133428916,0.0,5.485072200013469e-06,0.001435075241142878,1.0049954276404283,0.604585157039445,0.0
2014-10-23,0.0007102958572643544,4.263719889565911e-05,8.219178082248846e-06,0.0006594394802864464,0.9999999999901841,0.39999999998601826,0.20620525129673672
2014-10-24,0.003231764580449001,0.0,8.272189571495349e-06,0.003223492390877506,1.004316064511424,0.40044622579226363,0.0
2014-10-27,0.001024025193957133,0.0,2.4658817384777867e-05,0.0009993663765723551,1.0024121415731477,0.402380918543553,0.0
2014-10-28,0.0007275993786439335,0.0,8.180390360264972e-06,0.0007194189882836685,1.0001706931915941,0.4030021968922513,0.0
2014-10-29,-0.0004791724894822153,0.0,8.225264671142221e-06,-0.00048739775415335753,1.003883875188365,0.4034395541949827,0.0
2014-10-30,0.008240829694868066,1.8625686986036403e-06,8.219178082752563e-06,0.00823074794808671,1.0000000000357037,0.39999999999476665,0.009273501864963424
2014-10-31,0.007733999837862797,0.0,7.97836988882689e-06,0.00772602146797397,0.9873291347899216,0.40490813290555866,0.0
2014-11-03,0.002442003854268797,0.0,2.3498396230123667e-05,0.0024185054580386734,0.9812728013812844,0.4094784931149417,0.0
2014-11-04,0.002292309628883035,0.0,7.773170821681217e-06,0.002284536458061354,0.9783681385611288,0.4109266685784001,0.0
2014-11-05,0.007131892726944639,0.0,7.668804394500826e-06,0.0071242239225501386,0.972099836903278,0.4122771161047175,0.0
2014-11-06,-0.0015777110848132249,5.038228976185882e-05,9.849300373352029e-06,-0.0016379426749484358,0.9999999999994784,0.28100107274478037,0.25000000000041356
2014-11-07,-0.0035670435517360646,0.0,9.915489729285459e-06,-0.00357695904146535,1.0037125422288486,0.2798817919910103,0.0
2014-11-10,0.0036307527023434014,0.0,3.0285014565996178e-05,0.0036004676877774053,1.0142420174540439,0.27730666301480367,0.0
2014-11-11,-0.0035437713768721587,0.0,9.93137600762005e-06,-0.0035537027528797786,1.0049199870153342,0.27992953845907054,0.0
2014-11-12,0.0021975144980929833,0.0,1.0064701752022503e-05,0.002187449796340961,1.0120946907108106,0.27737146281316793,0.0
2014-11-13,0.0038102208101756,5.044470748709529e-05,9.879669837881893e-06,0.003749896432850623,1.0000000000302611,0.27878410186488306,0.25000000002556266
2014-11-14,-0.008652146700794332,0.0,9.753849494115949e-06,-0.008661900550288447,0.9935695952206084,0.28153858215014405,0.0
2014-11-17,0.0018445999709185597,0.0,3.0317675520419846e-05,0.00181428229539814,1.0130009081062719,0.27527080377605573,0.0
2014-11-18,0.0002082790478493289,0.0,1.0028646003050111e-05,0.0001982504018462788,1.0087047069055899,0.27661354868293175,0.0
2014-11-19,5.988347906596734e-05,0.0,1.0034517942950538e-05,4.98489611230168e-05,1.0092867684054159,0.2767669585700267,0.0
2014-11-20,-0.0009270056553927423,5.031676473013075e-05,8.219178082532636e-06,-0.0009855415982054057,1.0000000000121454,0.399999999987263,0.250000000004577
2014-11-21,-0.0003350451122779653,0.0,8.293890290601645e-06,-0.00034333900256856696,1.004920676581317,0.39946668536739705,0.0
2014-11-24,0.0016789123544193815,0.0,2.5174855373810685e-05,0.0016537374990455709,1.0118568722102357,0.39926872478084213,0.0
2014-11-25,0.0007540992900021802,0.0,8.338514940889649e-06,0.0007457607750612906,1.008997260397871,0.4002856697129267,0.0
2014-11-26,0.002238492674121975,0.0,8.366093739952625e-06,0.0022301265803820226,1.0114657551662272,0.40074091214968544,0.0
2014-11-28,0.02016630019842456,1.995469359411977e-06,1.6438356164386247e-05,0.02014786637290076,0.9999999999856553,0.3999999999855572,0.009933252757988703
2014-12-01,-0.014234103537512966,0.0,2.2825134688567065e-05,-0.014256928672201533,0.9672796487463968,0.4118680379912649,0.0
2014-12-02,0.0014386987987932303,0.0,8.043259458454004e-06,0.0014306555393347764,0.9905429055961775,0.4033849651290351,0.0
2014-12-03,0.0022281161328554146,0.0,7.940149750435493e-06,0.002220175983104979,0.9838762598917088,0.40424532810991765,0.0
2014-12-04,0.0015142139095839513,0.0,7.89459626139061e-06,0.0015063193133225607,0.9818785278885,0.4055730008069856,0.0
2014-12-05,0.0002162759789201144,3.9599663194875845e-05,8.149656353946689e-06,0.00016852665937129187,1.0000000000341687,0.40507508619606014,0.19564530087135604
2014-12-08,0.004885543208916979,0.0,2.429141655441765e-05,0.0048612517923625614,0.9963142074419724,0.40522307128447654,0.0
2014-12-09,-0.005496543843283495,0.0,8.01267901887746e-06,-0.005504556522302372,0.993050186340869,0.4081246179628145,0.0
2014-12-10,0.002483925615136879,0.0,8.241849508602404e-06,0.0024756837656282767,1.006511644452557,0.4048566303245816,0.0
2014-12-11,0.0027290407646925483,0.0,8.171398756059244e-06,0.002720869365936489,1.0028467091594915,0.4063345999671667,0.0
2014-12-12,0.0029440967138774175,2.1558467973482515e-05,8.048237255979384e-06,0.0029144900086479557,1.0000000000371105,0.4124786803506155,0.10665435853754647
2014-12-15,0.007548943208002728,0.0,2.3955143444228236e-05,0.0075249880645585,0.9971240404588622,0.4142155499826419,0.0
2014-12-16,0.005499936817567505,0.0,7.656634121389098e-06,0.005492280183446116,0.977548715502969,0.4186144246415649,0.0
2014-12-17,0.001959027636727687,0.0,7.496309195766868e-06,0.00195153132753192,0.9690283014354191,0.42179773014443755,0.0
2014-12-18,-0.0026086532649718694,0.0,7.508511964163262e-06,-0.0026161617769360325,0.9710527673004584,0.4229313939165402,0.0
2014-12-19,-0.0065531278081847975,5.302362433580071e-05,8.18681672455801e-06,-0.006614338249245157,1.0000000000379303,0.40236237914519535,0.25000000001246486
2014-12-22,0.012856622436098246,0.0,2.5522698768123778e-05,0.012831099737330123,1.0194970360431563,0.39844469935214444,0.0
2014-12-23,-0.009990367714906386,0.0,8.138394401273773e-06,-0.00999850610930766,1.0001935224078875,0.406090731114902,0.0
2014-12-24,0.0053417924337932,0.0,8.368146636852978e-06,0.005333424287156347,1.0109754779177162,0.4001007734274487,0.0
2014-12-26,0.002786889813872752,0.0,1.6379412310990563e-05,0.0027705104015617616,1.0011401897825136,0.40329164043135807,0.0
2014-12-29,0.007270429112151014,1.1666744405326482e-05,2.2355804200874986e-05,0.007236406563544812,0.9999999999924934,0.45600876443786875,0.057231811318175604
2014-12-30,0.0001873403717428035,0.0,7.2826601220322e-06,0.0001800577116207713,0.9915849914519361,0.45995080254358567,0.0
2014-12-31,-0.0011140887650329945,0.0,7.275410977883007e-06,-0.0011213641760108774,0.9911603077950968,0.4600553064096373,0.0
2015-01-02,0.010831490425789368,0.0,1.4528676818936046e-05,0.010816961748970432,0.9897531395231253,0.4594564356319597,0.0
2015-01-05,0.01274471904391467,0.0,2.1194930611174524e-05,0.012723524113303495,0.9809985890559177,0.46525527751733753,0.0
2015-01-06,0.011454577646124182,4.636336699817813e-05,8.219178082337832e-06,0.011399995101043668,1.0000000000241975,0.40000000001353575,0.22875360965265798
2015-01-07,0.002184996352457347,0.0,7.928073874215286e-06,0.0021770682785831317,0.9855662601823963,0.40681686736468065,0.0
2015-01-08,-0.001478944918871409,0.0,7.955081894839083e-06,-0.001486900000766248,0.9888343513618829,0.40811337303863005,0.0
2015-01-09,0.0034522873761836433,0.0,8.021641686908975e-06,0.0034442657344967344,0.9928197963508485,0.4072399532064934,0.0
2015-01-12,0.01152043160922004,0.0,2.378761894886511e-05,0.011496643990271175,0.9881146237653748,0.4092825626763239,0.0
2015-01-13,-0.0008966977148961806,7.0221419080477685e-06,8.219178082267813e-06,-0.0009119390348864962,1.000000000009252,0.40000000000370173,0.03461317877905151
2015-01-14,-0.00502661379286919,0.0,8.259691253405289e-06,-0.005034873484122595,1.0024250538780548,0.3994675923794685,0.0
2015-01-15,0.012340351451530847,0.0,8.501134955315708e-06,0.012331850316575532,1.0170198404070208,0.39643698866897414,0.0
2015-01-16,-0.010229029637598674,0.0,8.14870994104553e-06,-0.010237178347539719,0.9986535922021115,0.403797766505788,0.0
2015-01-20,0.012027940815254627,0.0,3.408027340313064e-05,0.011993860541851496,1.019604432368892,0.3976394427617577,0.0
2015-01-21,-0.005865855813477269,1.210295958379047e-06,8.219178082092626e-06,-0.005875285287517741,0.9999999999890512,0.39999999999628966,0.00602965449194709
2015-01-22,0.009273574021631974,0.0,8.362605479491801e-06,0.009265211416152481,1.0069336802381783,0.3964634802352769,0.0
2015-01-23,0.008586046249165662,0.0,8.196747428168667e-06,0.008577849501737494,1.0003748873295193,0.4020123250732066,0.0
2015-01-26,0.0017403544030191967,0.0,2.401792015594566e-05,0.001716336482863251,0.991542332092525,0.4071062749645137,0.0
2015-01-27,-0.007336162900374477,0.0,7.948053198238189e-06,-0.007344110953572715,0.9883539967743199,0.40814611330293227,0.0
2015-01-28,0.008607856504230777,5.049127267918665e-05,8.219178082722768e-06,0.008549146053468869,1.0000000000486304,0.4000000000098686,0.25000000004083106
2015-01-29,0.0013287494112415664,0.0,7.936792925887425e-06,0.001320812618315679,0.9845301029994298,0.4051442194096477,0.0
2015-01-30,-0.015476996891262796,0.0,7.935901571480886e-06,-0.015484932792834277,0.9852576170881845,0.40593680237008,0.0
2015-02-02,-0.008164349357825944,0.0,2.5297094049000655e-05,-0.008189646451874944,1.012163769453901,0.3966011475948851,0.0
2015-02-03,-0.014521218849693221,0.0,8.753466892993215e-06,-0.014529972316586214,1.030647309171281,0.39164422598277626,0.0
2015-02-04,0.013698055177420846,1.1762956599472256e-05,8.219178083029377e-06,0.013678073042738345,1.0000000000547848,0.3999999999936403,0.057779985054244316
2015-02-05,-0.006556766785806963,0.0,7.741938151549561e-06,-0.006564508723958513,0.9732773022764383,0.4081158172133204,0.0
2015-02-06,-0.010282105004734454,0.0,8.003117276872586e-06,-0.010290108122011326,0.9884400681674566,0.4042125069557578,0.0
2015-02-09,-0.006038664596726261,0.0,2.4570504682142475e-05,-0.0060632351014084035,0.9959084145030848,0.39802613390428454,0.0
2015-02-10,0.010964414725637016,0.0,8.344750787326001e-06,0.01095606997484969,1.0035454874379564,0.394378679963158,0.0
2015-02-11,0.0015315102157649908,3.739784746225836e-05,1.0405555572242584e-05,0.00148370681273049,1.0000000000060572,0.24039444323234843,0.1798250719062638
2015-02-12,-0.002918867491187811,0.0,1.037320957954163e-05,-0.0029292407007673526,0.9988118373527188,0.2415675380461797,0.0
2015-02-13,-0.00850941680807628,0.0,1.0528122414648017e-05,-0.008519944930490929,1.0079027199523813,0.23934978368307627,0.0
2015-02-17,-0.004077749238394002,0.0,4.3263790410263894e-05,-0.004121013028804266,1.0223881896457012,0.23282401465838531,0.0
2015-02-18,0.00778918555475395,0.0,1.0895587479726584e-05,0.007778289967274223,1.025070718595699,0.22969283257565853,0.0
2015-02-19,-0.0026475317940984093,5.061893045407422e-05,1.0522210437960747e-05,-0.002708672934990444,1.0000000000053662,0.2318786380342318,0.2500000000042242
2015-02-20,0.0025600877223958215,0.0,1.0517362357208032e-05,0.0025495703600386136,0.9976211568253812,0.22985370474919486,0.0
2015-02-23,0.01175585938063244,0.0,3.141513170556648e-05,0.011724444248926873,0.996257615576633,0.23182274407451547,0.0
2015-02-24,-0.00010764133485608148,0.0,1.0139743514594696e-05,-0.00011778107837067618,0.9809571511909123,0.24075587462549963,0.0
2015-02-25,-0.005718085002644526,0.0,1.0134759314257407e-05,-0.005728219761958783,0.9805140103786167,0.24067658043782608,0.0
2015-02-26,0.008058792071836579,1.5838672689067467e-05,1.1342379095626617e-05,0.008031611020051883,1.0000000000187228,0.17200632603797963,0.07673235269548227
2015-02-27,8.24205212404545e-06,0.0,1.0953490952702747e-05,-2.7114388286572974e-06,0.9782352675431091,0.17863042799580856,0.0
2015-03-02,-0.001573453295132609,0.0,3.310033466544465e-05,-0.0016065536297980535,0.9840806312762251,0.1786391544170722,0.0
2015-03-03,-0.003423881372926897,0.0,1.1022858569438025e-05,-0.003434904231496335,0.9820192999803105,0.1773506244113346,0.0
2015-03-04,-0.005351162987915095,0.0,1.1123062872190808e-05,-0.005362286050787286,0.9865098135733297,0.1745262239034005,0.0
2015-03-05,0.00438870484134021,3.379717967282103e-05,1.1401717682128754e-05,0.004343505943985261,0.9999999998476544,0.16767460905225526,0.1545242287853144
2015-03-06,-0.002190277201065195,0.0,1.1260713042426535e-05,-0.0022015379141076216,0.9933512400794124,0.17131918798227574,0.0
2015-03-09,0.0033372521007167875,0.0,3.3395836606425454e-05,0.003303856264110362,0.9821341001177926,0.16950207602810638,0.0
2015-03-10,0.009801171495042837,0.0,1.108925896131935e-05,0.009790082236081517,0.9817860764174574,0.17227017224114494,0.0
2015-03-11,0.0032150873764372526,0.0,1.0823859146035205e-05,0.0032042635172912174,0.9704478495380077,0.18030613187743788,0.0
2015-03-12,0.005287993878062993,1.7277320325177056e-05,1.2311147975563265e-05,0.005258405409762253,0.9999999999743581,0.10128619775823974,0.08164884947927163
2015-03-13,0.011099305692508872,0.0,1.2148694638734038e-05,0.011087156997870138,0.9928714214078784,0.10601671278029363,0.0
2015-03-16,0.0044124484365275825,0.0,3.521125671399973e-05,0.004377237179813582,0.9726390201229286,0.11583177341560198,0.0
2015-03-17,0.0061811297375167825,0.0,1.162362431823977e-05,0.0061695061131985425,0.9682447534682808,0.11972017823677764,0.0
2015-03-18,-0.0077104088921984395,0.0,1.1423104016862452e-05,-0.007721831996215302,0.9590159150891091,0.12512932185815007,0.0
2015-03-19,0.012465257665120168,4.953817208488606e-05,1.435708270610482e-05,0.012401362410329176,1.0000000000406348,-0.04806703750501698,0.2362406574176902
2015-03-20,-0.002834672581726692,0.0,1.3883741920377262e-05,-0.002848556323647069,0.9783474826590786,-0.035165677528461475,0.0
2015-03-23,-0.006351210372204338,0.0,4.222209448352026e-05,-0.006393432466687859,0.9892953936251295,-0.038108905473863114,0.0
2015-03-24,0.001204608593491115,0.0,1.4283543758674069e-05,0.001190325049732441,0.9979524967443949,-0.044746197638812296,0.0
2015-03-25,-0.007394228497196929,0.0,1.4247604602479389e-05,-0.007408476101799408,0.996585313960234,-0.043489822020761404,0.0
2015-03-26,-0.01103426957398274,3.980234765555371e-05,1.232876712337825e-05,-0.01108640068876167,1.000000000026166,0.10000000001955368,0.1875832815725092
2015-03-27,0.015461771661664308,0.0,1.2691355380160327e-05,0.015449080306284148,1.0164320401421474,0.08996309739044342,0.0
2015-03-30,0.0020194709563803852,0.0,3.645187466858771e-05,0.0019830190817117974,0.9908165480849429,0.10382093114930892,0.0
2015-03-31,0.004550671270309616,0.0,1.2172598111934806e-05,0.004538498672197681,0.9942305961192925,0.10563093394805133,0.0
2015-04-01,-0.009491227674046325,0.0,1.1943248389009507e-05,-0.009503170922435335,0.981540937810826,0.10968380541313183,0.0
2015-04-02,-0.002802888216614754,1.3392588215360235e-06,1.232876712334872e-05,-0.0028165562425596386,1.0000000000003537,0.0999999999958972,0.006651728731020934
2015-04-06,-0.00861204895788781,0.0,4.959298823743603e-05,-0.008661641946125245,1.0025436814859339,0.09747164615272641,0.0
2015-04-07,-0.005759161122141285,0.0,1.2755655003330173e-05,-0.005771916777144615,1.0207988073066816,0.0896359920635791,0.0
2015-04-08,0.013729720924428456,0.0,1.2990006879068073e-05,0.013716730917549389,1.032634273782147,0.08436377161017779,0.0
2015-04-09,-0.0020400067890536796,0.0,1.2479177327616872e-05,-0.0020524859663812963,1.0077461218398538,0.09676617692382225,0.0
2015-04-10,-0.002921260088720466,2.0292577361142987e-05,1.2328767123144424e-05,-0.0029538814332047535,0.9999999999827708,0.09999999999322788,0.10067105979699174
2015-04-13,0.000819697635579805,0.0,3.7419320097593304e-05,0.0007822783154822117,1.0079031375951562,0.09736634855371921,0.0
2015-04-14,-0.0046402338846312395,0.0,1.2429953922787206e-05,-0.004652663838554027,1.0054959337768512,0.09810929741338528,0.0
2015-04-15,-0.011137102069297414,0.0,1.260648885185644e-05,-0.011149708558149271,1.0141796626552189,0.09390597646969877,0.0
2015-04-16,-0.006241913894674279,0.0,1.3030714296324316e-05,-0.006254944608970603,1.0349442723732414,0.08370212874156648,0.0
2015-04-17,-0.0030784745502394715,5.068374054281989e-05,1.232876712258744e-05,-0.003141487057904879,0.9999999999392277,0.09999999999034438,0.25000000015790336
2015-04-20,0.005811918586129069,0.0,3.694148220500817e-05,0.005774977103924061,0.996136363006925,0.0972269626850594,0.0
2015-04-21,0.00514137323477662,0.0,1.2202197123410683e-05,0.00512917103765321,0.9932076407527626,0.10244725074378298,0.0
2015-04-22,0.0019115835732655406,0.0,1.2025925827609221e-05,0.0018995576474379315,0.9849321849800641,0.10703959956459093,0.0
2015-04-23,-0.006141857827434739,0.0,1.1985606514270657e-05,-0.00615384343394901,0.983693892011781,0.10874461647002315,0.0
2015-04-24,0.001452650770779182,2.038959143119037e-05,1.2328767123537744e-05,0.0014199324122244538,1.0000000000341875,0.10000000001593212,0.10079213208605506
2015-04-27,-0.0006231989942057549,0.0,3.6909629984763156e-05,-0.000660108624190518,0.9994431287684069,0.1013087991391701,0.0
2015-04-28,-0.0016042649576382458,0.0,1.2256203167537682e-05,-0.0016165211608057835,0.9954549387102679,0.10075210748001727,0.0
2015-04-29,-0.01176545765685065,0.0,1.230324347139577e-05,-0.011777760900322046,0.9974451500265129,0.09930837661462179,0.0
2015-04-30,-0.01161219227254028,0.0,1.2613290378318107e-05,-0.011624805562918599,1.00935646444474,0.08858626682751782,0.0
2015-05-01,0.005859610663213969,2.7352387342053497e-05,1.3416215912765167e-05,0.00581884205995915,0.999999999982446,0.0206162383505889,0.12926415876214875
2015-05-04,0.0017333464963229463,0.0,3.987489971324676e-05,0.0016934715966096996,0.996611907843303,0.026322681487631755,0.0
2015-05-05,-0.011003454181523415,0.0,1.3256502503337521e-05,-0.011016710684026753,0.9957332789654314,0.028008596221792192,0.0
2015-05-06,-0.0027844871116360945,0.0,1.3539754052771597e-05,-0.002798026865688866,1.005596615491648,0.01719456963932159,0.0
2015-05-07,0.010740710700773792,0.0,1.3590511920476385e-05,0.010727120188853316,1.0065578856529365,0.014450515458160423,0.0
2015-05-08,-0.0033095575368805794,2.623321855322959e-05,1.3617931574820994e-05,-0.0033494086870086296,1.0000000000039904,0.005890995042057673,0.12866249147224817
2015-05-11,0.0013494465210932886,0.0,4.154267127444903e-05,0.0013079038498188394,1.0134617805299224,0.0025901128516628014,0.0
2015-05-12,-0.00798674503609792,0.0,1.3777685357097922e-05,-0.008000522721455018,1.0097054446062912,0.0039344135381427225,0.0
2015-05-13,-0.0009459564620004712,0.0,1.4060676175868707e-05,-0.0009600171381763399,1.0223443470951903,-0.004085013743225341,0.0
2015-05-14,-0.0008019465282075199,0.0,1.4069969754646199e-05,-0.0008160164979621661,1.022071987425165,-0.0050358046640077425,0.0
2015-05-15,-0.00012109185129501298,3.992119121195509e-05,1.3605322575376157e-05,-0.00017461836508234424,0.9999999999595817,0.0068114519571221,0.18338381471371823
2015-05-18,0.0035333282842071705,0.0,4.08304999183195e-05,0.003492497784288851,1.0002336932487137,0.006691528569605865,0.0
2015-05-19,0.010367508567883326,0.0,1.3560730362451144e-05,0.010353947837520876,1.0001225873068864,0.010189270847953014,0.0
2015-05-20,0.00280268903984384,0.0,1.3172113193306237e-05,0.0027895169266505338,0.9819103798953143,0.020346116783959173,0.0
2015-05-21,-0.003681865236520366,0.0,1.3080351376652038e-05,-0.0036949455878970182,0.9779500619628722,0.023084411467273247,0.0
2015-05-22,0.008366299168122806,3.905406938796691e-06,1.3657738451647976e-05,0.008348736022732362,1.0000000000053566,0.002985093035054287,0.018929164475149775
2015-05-26,0.008075192441926494,0.0,5.3319801238165404e-05,0.008021872640688328,0.9843437796796581,0.011257407083139576,0.0
2015-05-27,0.007712406033673067,0.0,1.2973719498810092e-05,0.007699432314174257,0.9662602734480152,0.01917875003487865,0.0
2015-05-28,0.0036842018422852444,0.0,1.277767220857442e-05,0.00367142417007667,0.9594557626198399,0.02668569139390739,0.0
2015-05-29,-0.0014556409308919538,0.0,1.2607994513317074e-05,-0.001468248925405271,0.9506423998173938,0.03025880034524761,0.0
2015-06-01,0.00036478594908269304,1.0505229519283848e-05,4.083423657840412e-05,0.00031344648298500507,1.0000000000287437,0.006366909954243577,0.05039718450215491
2015-06-02,-0.009710132296095048,0.0,1.3641284680246667e-05,-0.009723773580775294,1.0025433681961005,0.006729586538093968,0.0
2015-06-03,0.007464514612762889,0.0,1.3964986714244523e-05,0.007450549626048645,1.0164342176466445,-0.0030098124932056436,0.0
2015-06-04,2.9997146895424675e-05,0.0,1.367127324201225e-05,1.6325873653412425e-05,1.0024247042620542,0.004421757595160197,0.0
2015-06-05,0.0035976365771584933,0.0,1.361009878547097e-05,0.0035840264783730223,0.9979888934038373,0.0044516820644565636,0.0
2015-06-08,-0.011745061709265993,2.311976228567328e-06,4.0634171521963995e-05,-0.011788007857016525,1.0000000000080351,0.011235159640244546,0.011362220919343843
2015-06-09,-0.012246735218486524,0.0,1.3926222885268717e-05,-0.012260661441371792,1.0160982861262744,-0.0005159844983419759,0.0
2015-06-10,-0.0012864403239969575,0.0,1.4409792254201994e-05,-0.0013008501162511596,1.0389936930990684,-0.012921141457677143,0.0
2015-06-11,0.009423100334579583,0.0,1.4542524116939706e-05,0.009408557810462643,1.0473781727469693,-0.014226087789629027,0.0
2015-06-12,0.0043418791079173815,0.0,1.4190166752397743e-05,0.004327688941164984,1.0311239534529637,-0.004758219472071501,0.0
2015-06-15,-0.0070864244992685736,5.154373173969325e-05,4.086624128020179e-05,-0.007178834472288469,1.0000000000021412,0.00558812885056429,0.2500000000019179
2015-06-16,0.00018872340215962466,0.0,1.3849931304592383e-05,0.00017487347085503227,1.0095358557960987,-0.0015091294391451349,0.0
2015-06-17,0.001926916827036004,0.0,1.390144366208978e-05,0.0019130153833739143,1.013485212159183,-0.0013201751733708522,0.0
2015-06-18,0.008810306439481911,0.0,1.3841020498796186e-05,0.008796465418983115,1.0110000795758785,0.0006055831637569557,0.0
2015-06-19,0.00040685301207340325,0.0,1.3620893702934424e-05,0.00039323211837046884,1.0036590255979752,0.009333785283762008,0.0
2015-06-22,0.005043840072854851,4.103578910787893e-05,3.68389575920657e-05,0.004965965326154906,0.9999999999732981,0.1035853652330328,0.20179302997683501
2015-06-23,0.00025623723064193267,0.0,1.2184148109376967e-05,0.0002440530825325557,0.9975352340703082,0.10809242208578945,0.0
2015-06-24,-0.0042665759394685905,0.0,1.2224842064809205e-05,-0.0042788007815334,1.000735693675087,0.10832222294401522,0.0
2015-06-25,-0.005657013389370636,0.0,1.2315825543840275e-05,-0.005669329214914477,1.0035580583399843,0.10450279363964433,0.0
2015-06-26,-0.0008216692283122434,0.0,1.2518510921835807e-05,-0.0008341877392340791,1.0132606619596223,0.09940936466560853,0.0
2015-06-29,-0.009133038210811744,5.098574656850884e-05,3.680040735740849e-05,-0.009220824364737661,0.9999999999959439,0.1045234209656705,0.2500000000032151
2015-06-30,-0.005971741591436302,0.0,1.2425247347740087e-05,-0.005984166838784042,1.0033212030201704,0.0962781466351439,0.0
2015-07-01,0.007267719328006217,0.0,1.2717874445580028e-05,0.0072550014535606375,1.019254901529304,0.09085006700196198,0.0
2015-07-02,-0.003243578039996626,0.0,1.2492793573780003e-05,-0.0032560708335704056,1.009384999769565,0.09741106888362473,0.0
2015-07-06,0.009115248557758427,0.0,5.037668898036959e-05,0.009064871868778059,1.013849682380622,0.0944751084888771,0.0
2015-07-07,0.004604476558998452,2.746847282465885e-06,1.2328767123187023e-05,0.004589400944592799,0.9999999999977967,0.10000000000514403,0.01346764027932984
2015-07-08,-0.0018187854804843212,0.0,1.2170463708012164e-05,-0.0018309559441923335,0.992570448542466,0.10412659785757769,0.0
2015-07-09,-0.003221241608897702,0.0,1.210509191032732e-05,-0.003233346700808029,0.9861671865340007,0.10249547708010608,0.0
2015-07-10,-0.0007441694278672918,0.0,1.2250911449844531e-05,-0.0007564203393171363,0.9939128005638209,0.09959626472517022,0.0
2015-07-13,-0.00021456941914581545,0.0,3.710995245742595e-05,-0.0002516793716032414,1.0019357687666581,0.09892692563596012,0.0
2015-07-14,0.0030053843193739178,5.623381177537003e-06,1.2328767123673447e-05,0.002987432171072707,1.000000000021275,0.09999999999311354,0.027867321813739437
2015-07-15,-0.0011373227550491912,0.0,1.2256769605282805e-05,-0.001149579524654474,0.9974427604584889,0.1026985792728443,0.0
2015-07-16,0.007416266070386927,0.0,1.2299130408111466e-05,0.007403966939978815,0.9995146634219538,0.10167814362981682,0.0
2015-07-17,0.0025053853290429966,0.0,1.2104135019597326e-05,0.0024932811940233993,0.9918944711912766,0.10829261476067183,0.0
2015-07-20,0.007161333523792421,0.0,3.616540578556836e-05,0.007125168118006852,0.9905473106925763,0.1105224365770796,0.0
2015-07-21,-0.004083090525629254,5.107610814595798e-05,1.2216930326998664e-05,-0.00414638356410221,0.9999999999819832,0.10816408611108075,0.24974468875505595
2015-07-22,0.001461116195841823,0.0,1.2345832969969638e-05,0.0014487703628718533,1.005760158985317,0.10451435217753313,0.0
2015-07-23,0.002988187298712611,0.0,1.2250318335961713e-05,0.002975936980376649,1.000095394894697,0.10582215636949169,0.0
2015-07-24,0.0004880850595330162,0.0,1.2054347418863306e-05,0.00047603071211415286,0.9884548533066789,0.10848749172965777,0.0
2015-07-27,0.0020727236558383912,0.0,3.569477745415085e-05,0.0020370288783842405,0.9774966438014596,0.10892372575045557,0.0
2015-07-28,-0.00020549815496241478,5.52786706111418e-05,1.2467636391729224e-05,-0.0002732444619652858,1.000000000007789,0.08986254341155579,0.25000000000736544
2015-07-29,-0.00037435474107529323,0.0,1.258334522270591e-05,-0.00038693808629799916,1.0082657515010696,0.08968155024353797,0.0
2015-07-30,0.002865757113840174,0.0,1.2646007310025354e-05,0.0028531111065301486,1.0125002988659797,0.0893417652341287,0.0
2015-07-31,0.004385517550169154,0.0,1.2561649389252437e-05,0.004372955900779902,1.0089455979134885,0.09194519249806073,0.0
2015-08-03,0.002729540153652272,0.0,3.72135834716301e-05,0.0026923265701806415,1.0014418253313564,0.09591129418835742,0.0
2015-08-04,-0.0029902510491847346,5.3103392129234326e-05,1.2470142581401671e-05,-0.0030558245838953704,1.0000000000350158,0.08967959159269383,0.25000000003446426
2015-08-05,0.0025132391724965505,0.0,1.2561428676356177e-05,0.0025006777438201944,1.0039393533274097,0.08695505995340881,0.0
2015-08-06,-0.005805602832593219,0.0,1.2512217296957437e-05,-0.005818115049890177,1.0026369885039006,0.08924512582600776,0.0
2015-08-07,-0.002825904473217175,0.0,1.2600164221399286e-05,-0.002838504637438574,1.0037398128957495,0.08392782473360173,0.0
2015-08-10,-0.0049174539709093594,0.0,3.802016103493801e-05,-0.004955474131944297,1.0064900355943764,0.08133278374421819,0.0
2015-08-11,-7.082763858026511e-05,5.2332851542210795e-05,1.451162481559743e-05,-0.00013767211493807333,1.0000000000000209,-0.0593486115385918,0.25000000000016875
2015-08-12,-0.002634764954146099,0.0,1.4424606422439578e-05,-0.0026491895605685383,0.993568648134689,-0.05942762070340002,0.0
2015-08-13,0.004890030910800134,0.0,1.4542428769243394e-05,0.004875488482030891,0.9993700627495047,-0.06222723740526316,0.0
2015-08-14,0.004538982768252012,0.0,1.4314215690581561e-05,0.0045246685525614306,0.9878787294929029,-0.057059015919551176,0.0
2015-08-17,0.0034301967856918956,0.0,4.24792290126356e-05,0.00338771755667926,0.98137777151869,-0.05228346778877643,0.0
2015-08-18,0.0014459427901775486,5.087817592250338e-05,1.6438356163988284e-05,0.001378626258091057,0.9999999999827908,-0.19999999998835405,0.24999999999537123
2015-08-19,8.096439287784234e-05,0.0,1.6325720335207654e-05,6.463867254263469e-05,0.9934968822545294,-0.19828070221562924,0.0
2015-08-20,-0.012455605198253172,0.0,1.62491402453561e-05,-0.012471854338498529,0.9880003106281385,-0.19818692728285653,0.0
2015-08-21,-0.0033858902422502866,0.0,1.658025167897624e-05,-0.003402470493929263,0.9970555584566008,-0.21330281410866475,0.0
2015-08-24,0.006205592188206807,0.0,4.951490653158535e-05,0.006156077281675222,0.9874342272006452,-0.2174284984012647,0.0
2015-08-25,-0.0023034938996485646,5.065738353005016e-05,1.9832945570405547e-05,-0.00237398422874902,1.0000000000550882,-0.4478050265845168,0.25000000005832634
2015-08-26,0.01090868765163249,0.0,1.9927995496241455e-05,0.010888759656136247,1.003564057454034,-0.45117961377159227,0.0
2015-08-27,-0.023285634800062485,0.0,1.9634897578693397e-05,-0.023305269697641177,0.9978189629411852,-0.4355285603034326,0.0
2015-08-28,-0.015812333447223503,0.0,2.088051783275495e-05,-0.015833213965056256,1.0545156735962982,-0.46976212819481306,0.0
2015-08-31,-0.019689199330762887,0.0,6.501183526990273e-05,-0.01975421116603279,1.0885683048923616,-0.4933863533419383,0.0
2015-09-01,0.013968482169958777,4.490390594303444e-05,1.994598108412574e-05,0.013903632282931616,1.0000000000001514,-0.4560566191410275,0.21675846953721165
2015-09-02,-0.0009778294294217487,0.0,1.916684666615618e-05,-0.000996996276087905,0.9631540119731068,-0.4360257946562946,0.0
2015-09-03,-0.002926704928328951,0.0,1.9326150174755024e-05,-0.002946031078503706,0.9733692128697498,-0.4374397498873668,0.0
2015-09-04,0.007144110893332121,0.0,1.9450044222131387e-05,0.00712466084910999,0.9781856068610159,-0.4416676213545752,0.0
2015-09-08,-0.0028174812605936245,0.0,7.62843330173499e-05,-0.0028937655936109746,0.9607394990259862,-0.43144957854064947,0.0
2015-09-09,0.009096656408133159,1.250387570708365e-05,2.002280636496864e-05,0.009064129726061106,1.0000000000032352,-0.46166486463947565,0.060376294137487255
2015-09-10,-0.005324388335730645,0.0,1.9551650629877834e-05,-0.005343939986360523,0.9787675763953811,-0.4485029195857005,0.0
2015-09-11,0.0033746937736282368,0.0,1.984172497876388e-05,0.003354852048649473,0.9921803597380137,-0.4562655637117496,0.0
2015-09-14,0.004892160449144962,0.0,5.9101720851325505e-05,0.004833058728293637,0.9867653057157842,-0.45137656833313655,0.0
2015-09-15,-0.0002969449110379761,0.0,1.9460513651335627e-05,-0.00031640542468931173,0.9762805950038178,-0.44433690154368294,0.0
2015-09-16,-0.017357161833327847,5.77145188104756e-06,2.0060824770304903e-05,-0.0173829941099792,0.9999999999785668,-0.46444020825369126,0.02823997491263885
2015-09-17,-0.0011595447627277887,0.0,2.0918749476996536e-05,-0.0011804635122047852,1.0367481014516813,-0.4903206103690659,0.0
2015-09-18,0.007033287324141478,0.0,2.0969907154057844e-05,0.00701231741698742,1.0387422070401995,-0.49206101520602286,0.0
2015-09-21,-0.004303996732036619,0.0,6.176419084721105e-05,-0.00436576092288383,1.0212784004582462,-0.48165024349055646,0.0
2015-09-22,0.007197591551401309,0.0,2.0814792011276798e-05,0.007176776759390032,1.0313947137304893,-0.488085103092717,0.0
2015-09-23,0.007046788371624598,5.041809297155457e-05,2.1917808219338156e-05,0.006974452470433705,1.0000000000094709,-0.6000000000022149,0.2500000000057166
2015-09-24,-0.007489554972448951,0.0,2.1573708425202603e-05,-0.007511128680874154,0.9860343841563356,-0.5888463308834543,0.0
2015-09-25,-0.0016240801096138852,0.0,2.193757834576935e-05,-0.0016460176879596546,1.0005942796824674,-0.6008489395586956,0.0
2015-09-28,0.01396340406499511,0.0,6.60177663100106e-05,0.0138973862986851,1.0029659776122506,-0.6034663359313406,0.0
2015-09-29,-0.00304325973510325,0.0,2.1294039277914047e-05,-0.003064553774381164,0.9730421909571612,-0.5814226763305643,0.0
2015-09-30,-0.001151870114323984,2.563125527953001e-05,2.1917808219071215e-05,-0.0011994191778225854,0.9999999999957887,-0.5999999999964101,0.12037491409912501
2015-10-01,0.0024398460323997056,0.0,2.200965671655178e-05,0.002417836375683154,1.0048311712563167,-0.6018737690519633,0.0
2015-10-02,-0.014352165034837895,0.0,2.1895899787135757e-05,-0.014374060934625031,1.0004125987871137,-0.5979880856737965,0.0
2015-10-05,-0.010193991964560712,0.0,6.792497549132077e-05,-0.010261916940052032,1.0315706405664613,-0.621270429722344,0.0
2015-10-06,-0.015016432540366333,0.0,2.3172214055989328e-05,-0.015039604754422323,1.05355998190089,-0.6380116441863309,0.0
2015-10-07,-0.0026477675467158055,5.0754064702702874e-05,2.191780821922889e-05,-0.002720439419637737,1.0000000000023415,-0.6000000000013672,0.2385510804610853
2015-10-08,-0.005429785735539307,0.0,2.2053791255445866e-05,-0.005451839526794753,1.0056350551200681,-0.6042917065274805,0.0
2015-10-09,-0.003423879553057861,0.0,2.232157837678577e-05,-0.003446201131434647,1.0164114036879166,-0.6130638178174446,0.0
2015-10-12,0.008759899814525202,0.0,6.747540651394584e-05,0.008692424408011256,1.0232819736221586,-0.6186195848838569,0.0
2015-10-13,0.004086076319415465,0.0,2.206428561557438e-05,0.0040640120337998905,1.0060886412483891,-0.604604208688541,0.0
2015-10-14,-0.0032094150073474943,2.031110192454463e-05,2.1917808219141055e-05,-0.00325164391749118,0.9999999999988276,-0.5999999999984692,0.09966959781675139
2015-10-15,-0.0021398500550239906,0.0,2.2091724532596e-05,-0.0021619417795565865,1.007518654995625,-0.6051772358838826,0.0
2015-10-16,0.0006826603085564877,0.0,2.220379412564452e-05,0.0006604565144308432,1.0122440563060815,-0.6086329148659687,0.0
2015-10-19,0.009147105874678475,0.0,6.651365603340217e-05,0.009080592218645073,1.0109499686135353,-0.6075489948659172,0.0
2015-10-20,-0.0024387986187938263,0.0,2.17282869929775e-05,-0.002460526905786804,0.993148006542826,-0.5930169439445314,0.0
2015-10-21,0.011201358597916114,5.435405498495164e-05,2.191619066358134e-05,0.011125088352267581,1.000000000000435,-0.5998819184410027,0.2500000000004634
2015-10-22,-0.0016054297745937576,0.0,2.1374516761581977e-05,-0.0016268042913553395,0.9781362290680146,-0.5822034945274696,0.0
2015-10-23,0.007044633370863443,0.0,2.147450836287368e-05,0.007023158862500569,0.9828788957609808,-0.5847602147287979,0.0
2015-10-26,0.009195683618125595,0.0,6.343153346172027e-05,0.009132252084663875,0.9698141575671418,-0.5736864900013845,0.0
2015-10-27,0.004781007975213115,0.0,2.070906258630475e-05,0.00476029891262681,0.9523791833724354,-0.5593823854278115,0.0
2015-10-28,-0.005435074817380417,5.048895787273444e-05,2.1917808218464817e-05,-0.005507481583471616,0.9999999999843687,-0.5999999999635627,0.2500000000122836
2015-10-29,0.004574234320391932,0.0,2.2169596842597077e-05,0.004552064723549335,1.0095926062326563,-0.60878796327693,0.0
2015-10-30,-0.007534920232475358,0.0,2.192333481353342e-05,-0.007556843567288892,0.9989276690766095,-0.6014757723113302,0.0
2015-11-02,0.0019036697228168875,0.0,6.691317170178835e-05,0.001836756551115099,1.0145725774238532,-0.6136479339863302,0.0
2015-11-03,-0.010108563650337729,0.0,2.2201277575211185e-05,-0.01013076492791294,1.010070563969589,-0.6106226990208272,0.0
2015-11-04,0.007741305593209639,2.7778354642893164e-05,2.1594144030765596e-05,0.00769193309453598,0.9999999999989417,-0.5763725142469466,0.13421717640138753
2015-11-05,-0.0015474828303843901,0.0,2.121280537416264e-05,-0.0015686956357585527,0.984244070140957,-0.5642907221729154,0.0
2015-11-06,0.006333111891227882,0.0,2.1286516831891282e-05,0.006311825374395991,0.987188501196269,-0.5667272275317946,0.0
2015-11-09,0.010084385684030497,0.0,6.287059155219025e-05,0.010021515092478306,0.972971869673668,-0.556879191429628,0.0
2015-11-10,0.0002713628148364431,0.0,2.0469515441054425e-05,0.00025089329939538866,0.9529051637004131,-0.5413694634965599,0.0
2015-11-11,0.00624123498670926,3.2222647487841756e-05,1.9178082191903547e-05,0.006189834257029515,1.0000000000073903,-0.40000000000156855,0.15967458140306465
2015-11-12,0.004685238428633627,0.0,1.888725949483578e-05,0.0046663511691387915,0.987433485916991,-0.39133645720602095,0.0
2015-11-13,0.0011285415126822953,0.0,1.867552685646199e-05,0.0011098659858258333,0.9784581119500947,-0.38485534857163084,0.0
2015-11-16,-0.0025993052919335903,0.0,5.592813072708877e-05,-0.002655233422660679,0.9776164538129313,-0.38330139387956197,0.0
2015-11-17,0.004678206777962766,0.0,1.8769156623326036e-05,0.00465943762133944,0.9832203499516938,-0.38692808355110647,0.0
2015-11-18,0.0013129294457614776,5.559340559733028e-06,1.9178082191812325e-05,0.0012881920230099324,1.000000000006704,-0.3999999999955958,0.026558534029608866
2015-11-19,0.005612624778761288,0.0,1.9114091791300686e-05,0.005593510686969987,0.997154554973493,-0.39817414579145693,0.0
2015-11-20,0.0053293087539400645,0.0,1.886275384676393e-05,0.0053104460000933,0.9866030929683669,-0.3903779378454001,0.0
2015-11-23,-0.00388809398631502,0.0,5.583753248285698e-05,-0.003943931518797877,0.9756986399433075,-0.38301465047287914,0.0
2015-11-24,-0.0029065233213644978,0.0,1.8798058317148282e-05,-0.002925321379681646,0.9838235528192183,-0.3884347043326065,0.0
2015-11-25,0.00015747411780583218,5.115111579703302e-05,1.7511550615522732e-05,8.881145139327642e-05,0.9999999999964617,-0.27834319493669757,0.2500000000009493
2015-11-27,0.012480197737833692,0.0,3.5030478542578e-05,0.012445167259291115,1.0004514498688404,-0.2781610169352567,0.0
2015-11-30,0.0019474051213860864,0.0,5.09452954195774e-05,0.001896459825966509,0.9772538348322417,-0.262415020377475,0.0
2015-12-01,-0.0024938325013641126,0.0,1.6884185744548407e-05,-0.002510716687108661,0.972570975450087,-0.2599745839019466,0.0
2015-12-02,0.011951283350325463,0.0,1.7042209863051515e-05,0.01193424114046241,0.9809522610803502,-0.26312905892241034,0.0
2015-12-03,-0.01236235436488248,5.0864008254625566e-05,1.5988854398927093e-05,-0.012429207227536031,1.0000000000229519,-0.16718637109872575,0.2500000000137488
2015-12-04,0.007496398063950177,0.0,1.640760076363453e-05,0.007479990463186543,1.015946395250503,-0.18180846049481766,0.0
2015-12-07,0.02259701153127374,0.0,4.8593410776400735e-05,0.02254841812049734,1.0094217719640022,-0.17301789026174888,0.0
2015-12-08,0.0017065433379307936,0.0,1.5231853582172191e-05,0.0016913114843486214,0.9648213934200915,-0.14710391807847825,0.0
2015-12-09,0.00010444999652642055,0.0,1.5157926840104882e-05,8.929206968631566e-05,0.9613767816248426,-0.1451518777028139,0.0
2015-12-10,0.006469626742050932,5.138663061834169e-05,1.62668760288172e-05,0.006401973235403773,1.0000000000199651,-0.18748195008369029,0.2500000000144764
2015-12-11,0.007761821013963039,0.0,1.5971639715396422e-05,0.007745849374247643,0.9860688402873086,-0.17986085893663037,0.0
2015-12-14,0.006292755886854984,0.0,4.6871798654471555e-05,0.006245884088200512,0.9697708696311989,-0.1707762309609421,0.0
2015-12-15,0.00645309289806497,0.0,1.536202356689314e-05,0.006437730874498077,0.9579652131818583,-0.16346250720134092,0.0
2015-12-16,0.007736881192431047,0.0,1.5143171997178705e-05,0.007721738020433868,0.9494464603105427,-0.15600509548350278,0.0
2015-12-17,0.012412483396163092,5.155737126120031e-05,1.7801121190553484e-05,0.012343124903711339,1.0000000000018792,-0.2994818469085251,0.2500000000023053
2015-12-18,-0.004634248251477952,0.0,1.727919732259519e-05,-0.004651527448800547,0.9778121714994722,-0.2835692330499765,0.0
2015-12-21,-0.009111970105208811,0.0,5.232494668316132e-05,-0.009164295051891973,0.9836900366688064,-0.2895503326214525,0.0
2015-12-22,0.0020340936724149404,0.0,1.7857289966813132e-05,0.0020162363824481272,1.002157520448496,-0.30142464712886263,0.0
2015-12-23,-0.015346107670885081,0.0,1.776172390719621e-05,-0.015363869394792277,0.9978177192590922,-0.2987881259662311,0.0
2015-12-24,-0.003412117122337706,5.0773230795382354e-05,1.8284708678798766e-05,-0.003481175061811887,1.0000000000426335,-0.3347837335096767,0.2500000000202732
2015-12-28,-0.006662760688830563,0.0,7.373294500952471e-05,-0.006736493633840088,1.0062489640599006,-0.3393772823639252,0.0
2015-12-29,-0.008805262285480073,0.0,1.874339802307058e-05,-0.008824005683503144,1.0198811061638402,-0.34838694952031235,0.0
2015-12-30,0.009151940095506588,0.0,1.9225706351630787e-05,0.009132714389154957,1.0431044260729305,-0.36037213759611686,0.0
2015-12-31,-0.008495053512930556,0.0,1.877050613589445e-05,-0.008513824019066451,1.0222053152464303,-0.3480416326738646,0.0
2016-01-04,0.0004897051292860757,2.323268048565069e-05,7.204028369501653e-05,0.00039443216510540846,1.000000000019219,-0.3147351774148326,0.11336262196935115
2016-01-05,0.005069654587608032,0.0,1.789523608061124e-05,0.005051759351527421,0.9922306612510745,-0.31412157263354623,0.0
2016-01-06,0.008834367014642934,0.0,1.7706199114783766e-05,0.00881666081552815,0.985054025804601,-0.3074985095746139,0.0
2016-01-07,-0.011497108146438086,0.0,1.7259265888941258e-05,-0.011514367412327028,0.9638724744645133,-0.29605393542819836,0.0
2016-01-08,-0.005644895501211463,0.0,1.7590410919179955e-05,-0.005662485912130644,0.9729664475213486,-0.311133549578788,0.0
2016-01-11,0.021020105548623564,2.473265385339454e-05,5.837019682872895e-05,0.02093700269794144,0.9999999999935547,-0.42034145617218294,0.12141710256506127
2016-01-12,0.010405168719553042,0.0,1.8524077577714043e-05,0.010386644641975327,0.9611254487776163,-0.3911322143955088,0.0
2016-01-13,-0.004487603655034785,0.0,1.8100966963289563e-05,-0.004505704621998075,0.9445573676635407,-0.3768132206565974,0.0
2016-01-14,0.010386544086889661,0.0,1.8169514821241358e-05,0.01036837457206842,0.9433479527856096,-0.3830266291650094,0.0
2016-01-15,0.0056874641772395535,0.0,1.7789331217528406e-05,0.005669674846022025,0.9298051168804562,-0.36881606199911765,0.0
2016-01-19,0.006464292918659482,5.015461562393351e-05,8.767123287751993e-05,0.0063264670701580275,1.0000000000133364,-0.6000000000014017,0.24536427957799067
2016-01-20,0.0020616725006455854,0.0,2.161498016613707e-05,0.0020400575204794482,0.9880892227131436,-0.5898043294148627,0.0
2016-01-21,-0.009440791087830538,0.0,2.1511490185677918e-05,-0.009462302578016217,0.9837927143598392,-0.5865460691946487,0.0
2016-01-22,-0.011951315258991718,0.0,2.19749916123922e-05,-0.01197329025060411,1.0024942478839851,-0.6016801398206453,0.0
2016-01-25,0.01137841241336454,0.0,6.791766827821406e-05,0.011310494745086325,1.0315955827750218,-0.6210676786615205,0.0
2016-01-26,-0.011022720978077065,3.3294481401553547e-06,2.1917808219796966e-05,-0.011047968234437017,1.000000000023277,-0.6000000000219013,0.01651417745606837
2016-01-27,-0.005535666744821841,0.0,2.2474388813757146e-05,-0.005558141133635598,1.0227816896621418,-0.6178486937421298,0.0
2016-01-28,-0.011353603755638667,0.0,2.2709872680500907e-05,-0.011376313628319168,1.0309521211244312,-0.6268685845521348,0.0
2016-01-29,-0.005156231657115436,0.0,2.3289106545590703e-05,-0.005179520763661027,1.05453842421374,-0.6455663536143811,0.0
2016-02-01,0.019879854275204674,0.0,7.088479377292932e-05,0.019808969481431744,1.0707527506191108,-0.6541105645221692,0.0
2016-02-02,0.013476766795647625,1.0792344603097037e-05,2.1917808219011093e-05,0.013444056642825518,0.9999999999946391,-0.599999999993171,0.05170982310955004
2016-02-03,-0.01849704054824397,0.0,2.122553957271451e-05,-0.018518266087816686,0.9707218037063599,-0.5787425851017995,0.0
2016-02-04,0.0054279850759502545,0.0,2.2068015224950247e-05,0.005405917060725305,1.0024569700936143,-0.6085081413277533,0.0
2016-02-05,-0.0031450898133078163,0.0,2.177563307622516e-05,-0.0031668654463840413,0.9897837300040806,-0.5998374845603559,0.0
2016-02-08,-0.0019615376088714556,0.0,6.568078528148987e-05,-0.0020272183941529454,0.9933342362500304,-0.6048982055995566,0.0
2016-02-09,0.011781990225213495,5.124774938225774e-05,2.1917808219214807e-05,0.01170882466761202,1.0000000000015294,-0.6000000000011513,0.25000000000037675
2016-02-10,0.003400833573847303,0.0,2.1313552870868516e-05,0.003379520020976434,0.9744789819687665,-0.5814103776046351,0.0
2016-02-11,0.00015843232829806155,0.0,2.1147580426782605e-05,0.00013728474787127895,0.9677106426486682,-0.5760627285064618,0.0
2016-02-12,-0.006724317502788264,0.0,2.112856767907231e-05,-0.006745446070467336,0.9665601964175765,-0.575825244154702,0.0
2016-02-16,0.00565511578603874,0.0,8.598076562285687e-05,0.005569135020415883,0.9826431676824449,-0.5865058049346933,0.0
2016-02-17,-0.014001462294360856,5.0500224348652416e-05,2.191780821924376e-05,-0.014073880326928752,1.0000000000033753,-0.6000000000014191,0.2500000000011682
2016-02-18,0.006819512665225268,0.0,2.261397227603408e-05,0.006796898692949234,1.0280537768947262,-0.6227661992557617,0.0
2016-02-19,0.005270498564302147,0.0,2.2285243558792967e-05,0.005248213320743354,1.0150343571316909,-0.611788422660196,0.0
2016-02-22,-0.009179941979486678,0.0,6.604426910688754e-05,-0.009245986248593565,1.0037258077307443,-0.603351407203519,0.0
2016-02-23,0.00970992774846696,0.0,2.2501079715174257e-05,0.009687426668751786,1.0243311606757033,-0.6182476585320179,0.0
2016-02-24,-0.0044707004304119806,2.4053642355913718e-05,2.1882910656601937e-05,-0.0045166369834244964,1.000000000024876,-0.5974524779070655,0.11881813389796271
2016-02-25,-0.0006781402165885763,0.0,2.2108248645421468e-05,-0.0007002484652339978,1.009247969338693,-0.6046541817770741,0.0
2016-02-26,-4.0967490811794896e-05,0.0,2.2144496154786256e-05,-6.311198696658115e-05,1.010791717244865,-0.6057565020545318,0.0
2016-02-29,-0.000683070603840109,0.0,6.649248532146344e-05,-0.0007495630891615724,1.0121481044484795,-0.6058357050404641,0.0
2016-03-01,-0.011585770954251031,0.0,2.2209882570082382e-05,-0.011607980836821113,1.0143476868595485,-0.6069737407564655,0.0
2016-03-02,-0.0013106640084621886,5.1486310991748644e-05,2.191780821956369e-05,-0.0013840681276735011,1.0000000000197025,-0.600000000008447,0.25000000000621847
2016-03-03,-0.0032619165608003533,0.0,2.1976299437226416e-05,-0.0032838928602375796,1.002125786481693,-0.6021440724358352,0.0
2016-03-04,-0.012733298392904975,0.0,2.2138292313420838e-05,-0.012755436685218396,1.0086947112988693,-0.6074006275808521,0.0
2016-03-07,-0.009697783294168677,0.0,6.828263788492855e-05,-0.009766065932053605,1.033397983411007,-0.6281462051222543,0.0
2016-03-08,0.012187554023811975,0.0,2.324313526433279e-05,0.012164310888547641,1.0526142244200594,-0.6441346498762344,0.0
2016-03-09,-0.01111846980575552,5.085664746349038e-05,2.0627441369775934e-05,-0.011189953894588787,1.0000000000759086,-0.5058032199177347,0.25000000005806483
2016-03-10,-0.002544534819437846,0.0,2.115166984003854e-05,-0.0025656864892778844,1.0213004198578948,-0.5227714784649187,0.0
2016-03-11,-0.009094618688041737,0.0,2.126081602301191e-05,-0.009115879504064749,1.025372293280109,-0.5266672763997601,0.0
2016-03-14,0.00468891243101279,0.0,6.50801962697802e-05,0.004623832234743009,1.0429273422628715,-0.5406907669684464,0.0
2016-03-15,0.005670828438508285,0.0,2.1468738216164198e-05,0.005649359700292121,1.0336830110133537,-0.5335348787666329,0.0
2016-03-16,-0.00961503542063552,5.825596339263284e-06,2.0506945651988037e-05,-0.009641367962626771,1.0000000000040064,-0.49700703259111995,0.02876775306812047
2016-03-17,-0.011834606291458351,0.0,2.1000021402142945e-05,-0.011855606312860494,1.0214474125536224,-0.511554149802813,0.0
2016-03-18,0.0016943840315260304,0.0,2.1584412849979455e-05,0.001672799618676051,1.0459938431737903,-0.5296682948747101,0.0
2016-03-21,0.001594205595310849,0.0,6.453009962059394e-05,0.001529675495690255,1.0431402328744257,-0.5270921912266929,0.0
2016-03-22,-0.0029086595670940072,0.0,2.14212750665326e-05,-0.00293008084216054,1.0390577078787149,-0.5246953719781651,0.0
2016-03-23,0.015377457668826167,2.7859192615795633e-05,1.917808219133126e-05,0.015330420394019039,0.9999999999986406,-0.39999999996854113,0.1380797545191422
2016-03-24,0.001346088481923486,0.0,1.8494563007809884e-05,0.0013275939189156761,0.9712879527231921,-0.3788151468469295,0.0
2016-03-28,-0.0018501431568621295,0.0,7.370887326880675e-05,-0.0019238520301309361,0.9682183400079126,-0.3769685971478104,0.0
2016-03-29,-0.002401369627561205,0.0,1.8520433939029677e-05,-0.0024198900615002347,0.972442741252866,-0.3795489362963002,0.0
2016-03-30,0.0019512336644809038,0.0,1.8666585109522625e-05,0.0019325670793713813,0.9797838872458806,-0.3828768257492708,0.0
2016-03-31,0.003653798313135174,5.2170552334889126e-05,1.7150504130669434e-05,0.0035844772566696152,1.0000000000114497,-0.2519868015274189,0.2500000000101089
2016-04-01,0.0056655955664556765,0.0,1.7015842428471957e-05,0.0056485797240272044,0.9947104587614861,-0.2474460385169668,0.0
2016-04-04,0.001915132904215025,0.0,5.0249819718229085e-05,0.001864883084496796,0.9823232152748667,-0.2404223978687079,0.0
2016-04-05,0.008006996297718425,0.0,1.666036846596521e-05,0.00799033592925246,0.978143593281006,-0.23806330473445422,0.0
2016-04-06,-0.004016416017230453,0.0,1.6354496940658304e-05,-0.004032770514171112,0.9656456237977784,-0.2282326528702778,0.0
2016-04-07,-0.0036562791126498223,5.086948419907829e-05,1.408380623611668e-05,-0.0037212324030850173,0.9999999999914895,-0.02811785524502819,0.24999999999904524
2016-04-08,-0.006759524577019413,0.0,1.4333027553327973e-05,-0.006773857604572741,1.0144181964589059,-0.0318928149340362,0.0
2016-04-11,0.005422109616377811,0.0,4.379218633163064e-05,0.005378317430046181,1.026693916783916,-0.03891595061909598,0.0
2016-04-12,-0.015194339517910178,0.0,1.442542450741093e-05,-0.015208764942417588,1.019741324877228,-0.03331466416376997,0.0
2016-04-13,-0.003760117287980379,0.0,1.504625030283211e-05,-0.003775163538283211,1.0491181126564886,-0.04925815945025516,0.0
2016-04-14,0.0037570663738775104,3.0074354917143167e-05,1.2721990143221847e-05,0.0037142700288171453,0.9999999999983313,0.07129471954313663,0.14411920720315824
2016-04-15,0.007209648329491159,0.0,1.2499328827395096e-05,0.007197149000663764,0.9872250592858601,0.07477405488601788,0.0
2016-04-18,-0.0033577442973455837,0.0,3.681357914931341e-05,-0.003394557876494897,0.9771949632456679,0.08139787061237497,0.0
2016-04-19,-0.014478449700497017,0.0,1.2391095541484077e-05,-0.014490840796038502,0.9828559148899982,0.07830594036166037,0.0
2016-04-20,-0.008698585702466198,0.0,1.3030502147860728e-05,-0.008711616204614058,1.0159926613155157,0.0647660045216826,0.0
2016-04-21,0.00021251409734211974,5.2996596815909774e-05,9.663106899656262e-06,0.0001498543936265537,0.99999999999802,0.2945931963231129,0.25000000000824885
2016-04-22,-0.004231945145718305,0.0,9.655074693733547e-06,-0.004241600220412038,0.9995819917512964,0.29476153910874764,0.0
2016-04-25,0.004473464204200589,0.0,2.926969941771399e-05,0.004444194504782875,1.0039965060836955,0.2917671535859885,0.0
2016-04-26,-0.0012006890322758766,0.0,9.583253219145582e-06,-0.0012102722854950222,0.994507376982561,0.2949298919849335,0.0
2016-04-27,0.0013323753090610654,0.0,9.627643376627206e-06,0.0013227476656844381,0.9969030925240544,0.29408512603026843,0.0
2016-04-28,0.009254642831151747,5.3042363876221666e-05,6.331839715898237e-06,0.009195268627559627,0.9999999999971905,0.5377757007366192,0.250000000003741
2016-04-29,-0.0025824520287841862,0.0,6.142946813174636e-06,-0.0025885949755973608,0.9904812015766465,0.5420460842148981,0.0
2016-05-02,0.006590040631623284,0.0,1.8949345888885202e-05,0.006571091285734399,1.0019644592292771,0.5408637092664037,0.0
2016-05-03,0.0006543905740892093,0.0,6.0406683830151295e-06,0.0006483499057061942,0.984848657612457,0.5438798656523526,0.0
2016-05-04,-0.0047296527284991854,0.0,6.060022996734268e-06,-0.00473571275149592,0.9865631150051678,0.5441814362435663,0.0
2016-05-05,0.004422701772912704,2.4979669543045476e-05,7.295074951083252e-06,0.0043904270284185745,1.000000000005061,0.46745952857598383,0.12210226685387704
2016-05-06,-0.002066228182537252,0.0,7.180987773072999e-06,-0.002073409170310325,0.994031629455266,0.46981952202093724,0.0
2016-05-09,0.001288057542524252,0.0,2.171218164649987e-05,0.0012663453608777523,0.9970549062668765,0.4687251528687131,0.0
2016-05-10,-0.0068517089790656694,0.0,7.151416611743313e-06,-0.006858860395677412,0.9914721767942253,0.46941876413696343,0.0
2016-05-11,-0.0025537099861934888,0.0,7.4165685828852375e-06,-0.002561126554776374,1.0071711558386474,0.4657616492880249,0.0
2016-05-12,0.0002672001225539254,5.19068571449568e-05,5.479452054904021e-06,0.00020981381335406457,1.0000000000447504,0.6000000000367569,0.2500000000380477
2016-05-13,0.004534626667815801,0.0,5.450558958482033e-06,0.004529176108857319,0.9980320861975236,0.6001412822283353,0.0
2016-05-16,0.00226197572737222,0.0,1.5969025558922836e-05,0.002246006701813297,0.9905291952039483,0.601949573270159,0.0
2016-05-17,-0.004353761625683729,0.0,5.235607762136131e-06,-0.004358997233445865,0.9850568935876967,0.6028575269517591,0.0
2016-05-18,-0.0023432774533549737,0.0,5.318737650418258e-06,-0.002348596191005392,0.9893919119361692,0.6011240634556363,0.0
2016-05-19,-0.00435918832893172,3.7509287765410584e-05,5.479452055216642e-06,-0.004402177068752347,1.000000000076851,0.6000000000460364,0.18121561719608492
2016-05-20,0.0005170741919612716,0.0,5.594743547062712e-06,0.0005114794484142089,1.006690801034686,0.5982745220991078,0.0
2016-05-23,0.00025838999974452424,0.0,1.6846256887771683e-05,0.00024154374285675255,1.0084110675353155,0.5984854832662044,0.0
2016-05-24,0.0037488580016950468,0.0,5.613373469287767e-06,0.003743244628225759,1.0083755486121004,0.5985992853540933,0.0
2016-05-25,-0.0006757213514371768,0.0,5.510026725210231e-06,-0.0006812313781623871,1.002333766399031,0.600101815458684,0.0
2016-05-26,0.003208334727968168,5.131346241423819e-05,7.95085608509252e-06,0.003149070409468837,1.0000000000574045,0.41958750584565063,0.2500000000176692
2016-05-27,-0.0020324003791475026,0.0,7.878337173806153e-06,-0.0020402787163213087,0.9965872199449837,0.4214686062571343,0.0
2016-05-31,-0.008237516322953973,0.0,3.178804650845942e-05,-0.008269304369462433,1.000425570993408,0.4202937222140236,0.0
2016-06-01,-0.006006836013242345,0.0,8.234306635092632e-06,-0.006015070319877438,1.0165964203616018,0.41549203599983986,0.0
2016-06-02,0.0007588357021891523,0.0,8.44474597743349e-06,0.0007503909562117188,1.0284296438814287,0.411963187528784,0.0
2016-06-03,0.008163237124348344,4.602707190994805e-05,5.479452055039346e-06,0.008111730600383357,1.000000000034944,0.6000000000170719,0.20827462835794291
2016-06-06,-0.002957444906463368,0.0,1.610759887267866e-05,-0.0029735525053360464,0.9952212486184367,0.6032696760499227,0.0
2016-06-07,0.0014731308849468853,0.0,5.422809942174326e-06,0.001467708075004711,0.9979677406611381,0.6021026148824123,0.0
2016-06-08,0.004491340597760286,0.0,5.417643800001903e-06,0.004485922953960284,0.9981791684689862,0.6026911710688474,0.0
2016-06-09,-0.0019455389505916585,0.0,5.372601085483916e-06,-0.0019509115516771424,0.9966707810136675,0.6044709017733414,0.0
2016-06-10,-0.00010227006969393889,4.650366380917296e-06,5.47945205526152e-06,-0.0001123998881301177,1.0000000000639935,0.6000000000299026,0.02314908258139601
2016-06-13,9.68367497574627e-05,0.0,1.6463094300408033e-05,8.037365545705466e-05,1.0005671272876753,0.5999651659777465,0.0
2016-06-14,-0.002335136038564267,0.0,5.49047977491584e-06,-0.002340626518339183,1.0008188009957437,0.6000137774268874,0.0
2016-06-15,0.004358500208095978,0.0,5.533749734816747e-06,0.004352966458361161,1.0030445965914176,0.5990808659497949,0.0
2016-06-16,0.0003874019831453649,0.0,5.492432349751622e-06,0.0003819095507956133,1.0017715609728146,0.6008239994409461,0.0
2016-06-17,-0.0013897739507673168,6.017298343467856e-07,5.479452054765297e-06,-0.001395855132656429,0.9999999999804997,0.5999999999826328,0.0030035650567330763
2016-06-20,-0.0018400300330821127,0.0,1.6502515697741582e-05,-0.0018565325487798542,1.0010081824694397,0.5994469671577279,0.0
2016-06-21,-0.0024501594758588856,0.0,5.531131237603437e-06,-0.002455690607096489,1.0024910578106676,0.5987184774656167,0.0
2016-06-22,0.0033601142160963704,0.0,5.579615922756843e-06,0.0033545346001736137,1.0050481354568,0.5977361730955504,0.0
2016-06-23,1.6640797018447825e-05,0.0,5.494127706164592e-06,1.1146669312283234e-05,1.0001579530312115,0.599086630481196,0.0
2016-06-24,-0.0021641560972391356,5.063193137364354e-05,5.479452054934278e-06,-0.0022202674806677133,0.9999999999802356,0.5999999999700331,0.25000000001819384
2016-06-27,-0.0017117288953762643,0.0,1.671257496214792e-05,-0.0017284414703384121,1.005838810410078,0.599166152997812,0.0
2016-06-28,0.0042283670883030144,0.0,5.654611838573827e-06,0.004222712476464441,1.0112755413130359,0.5984888770971467,0.0
2016-06-29,0.003693527031117622,0.0,5.680457820880433e-06,0.003687846573296742,1.0148562655236715,0.6001828445994,0.0
2016-06-30,0.0019814982529143825,0.0,5.627844061731302e-06,0.001975870408852651,1.012490167399543,0.6016575508931581,0.0
2016-07-01,0.0018244019003368648,3.1800141571176927e-06,5.479452054870605e-06,0.0018157424341248764,1.0000000000225104,0.6000000000169561,0.015786260437571586
2016-07-05,0.006467966124866035,0.0,2.198450947578174e-05,0.0064459816153902534,1.0019509223169099,0.6007336243838932,0.0
2016-07-06,0.00010811360660486602,0.0,5.357870600196843e-06,0.00010275573600466917,0.9944372020840502,0.6033126482696805,0.0
2016-07-07,-0.0016271150905683425,0.0,5.3686725012698436e-06,-0.0016324837630696124,0.995271855895186,0.6033587633024873,0.0
2016-07-08,0.004572477020291918,0.0,5.370083936398824e-06,0.004567106936355519,0.9947316989534133,0.6027155715962992,0.0
2016-07-11,0.0010457632898039156,2.8674405870632252e-05,1.6438356165032706e-05,0.0010006505277682506,1.000000000115332,0.6000000000995362,0.1369291011314024
2016-07-12,-0.002539977304954981,0.0,5.428004472078474e-06,-0.0025454053094270596,0.9966892543171145,0.600444927855386,0.0
2016-07-13,0.002577489345747518,0.0,5.457132481160512e-06,0.0025720322132663574,0.9978014158754708,0.5994307447507533,0.0
2016-07-14,-0.0018148017679310215,0.0,5.435483072970568e-06,-0.001820237251003992,0.9972540861307716,0.6004638218039201,0.0
2016-07-15,-0.003784642148361713,0.0,5.4322011186671785e-06,-0.0037900743494803804,0.9962913720442685,0.5997406903815645,0.0
2016-07-18,0.0013463527584736809,5.033259948704231e-05,1.643835616451388e-05,0.0012795818028221247,0.9999999999750878,0.5999999999719167,0.2500000000044867
2016-07-19,-0.0006168014381644285,0.0,5.458997472188385e-06,-0.0006222604356366169,0.9990846796939035,0.6005778642241514,0.0
2016-07-20,-0.00011980087770818442,0.0,5.481486144568164e-06,-0.00012528236385275259,1.0004831158261573,0.6003346272726815,0.0
2016-07-21,0.00028002017625809,0.0,5.444668182981502e-06,0.0002745755080751085,0.9977508095068477,0.6002900321491982,0.0
2016-07-22,-0.0014622086984504034,0.0,5.4553005041203975e-06,-0.0014676639989545238,0.9986421325645674,0.6004051957637785,0.0
2016-07-25,0.00015481841255232583,2.9226949854272607e-06,1.6438356164420338e-05,0.00013545736140247822,1.0000000000173812,0.6000000000164862,0.014336908595408926
2016-07-26,0.0001570076428360224,0.0,5.455445808824997e-06,0.0001515521970271974,0.9983210780956934,0.6000735340514686,0.0
2016-07-27,0.0014405446494077376,0.0,5.429640015939878e-06,0.0014351150093917977,0.9965033103846462,0.6001395892210352,0.0
2016-07-28,-0.0025712210777220318,0.0,5.4006594666102575e-06,-0.002576621737188642,0.9949661754654076,0.6007180344028589,0.0
2016-07-29,0.005916756179725712,0.0,5.510192012431519e-06,0.005911245987713281,1.0019360096567735,0.5996919927492725,0.0
2016-08-01,-0.0015785088286033612,2.8522061567291256e-05,1.6438356164432444e-05,-0.001623469246335085,1.0000000000404212,0.600000000039232,0.13614230130065744
2016-08-02,-0.003430764959764707,0.0,5.454322038976515e-06,-0.0034362192818036836,0.9975600987390262,0.5993945898937407,0.0
2016-08-03,-0.0029463927070037857,0.0,5.425051257881626e-06,-0.0029518177582616672,0.9940474903137707,0.598018748488412,0.0
2016-08-04,0.0017389851571852676,0.0,5.519245207685199e-06,0.0017334659119775824,0.999739001441323,0.5968341012803036,0.0
2016-08-05,-0.002350675334186938,0.0,5.508145297353239e-06,-0.0023561834794842912,0.9996318826452999,0.5975372759385134,0.0
2016-08-08,0.0007700651195195785,2.9188205733226634e-05,1.6438356164379965e-05,0.0007244385576219718,1.0000000000136202,0.6000000000137077,0.14497002752745755
2016-08-09,0.006637825317452241,0.0,5.472125575782552e-06,0.006632353191876458,0.9998003262285357,0.6003351591964095,0.0
2016-08-10,0.002979383469811324,0.0,5.366701939671356e-06,0.0029740167678716524,0.9947430905779573,0.6029738489819483,0.0
2016-08-11,-0.004611983118962174,0.0,5.30512299135628e-06,-0.004617288241953531,0.9914304393753173,0.6041564610063089,0.0
2016-08-12,0.0029691383957219965,0.0,5.328055593302352e-06,0.002963810340128694,0.9912736470571635,0.6023255887460919,0.0
2016-08-15,-0.0021969741174698047,5.037813719063119e-05,1.6438356164140163e-05,-0.0022637906108245757,1.0000000000500426,0.6000000000559653,0.2500000000338958
2016-08-16,-0.0024529342588206406,0.0,5.489415173659907e-06,-0.0024584236739943004,0.999886705033792,0.5991593973566189,0.0
2016-08-17,0.002564438919404107,0.0,5.486338507433223e-06,0.002558952580896674,0.9986797467261876,0.5981770356835624,0.0
2016-08-18,0.0008360175658056206,0.0,5.4748904825351654e-06,0.0008305426753230854,0.9988751346387761,0.5992081294137092,0.0
2016-08-19,-0.0017698133189035525,0.0,5.4727926841964935e-06,-0.001775286111587749,0.9990600642223626,0.5995461982760186,0.0
2016-08-22,-0.0016808056415327439,5.1858660194562786e-05,1.643835616412918e-05,-0.0017491026578914358,1.0000000000792597,0.6000000000854497,0.25000000002818057
2016-08-23,-0.0008428157622385316,0.0,5.529380546964607e-06,-0.0008483451427854962,1.0030123297467743,0.599367549818358,0.0
2016-08-24,-0.004579048989646226,0.0,5.576730331321689e-06,-0.004584625719977547,1.0061342349112685,0.5990329207247851,0.0
2016-08-25,-0.0007197685660220549,0.0,5.627465394472273e-06,-0.0007253960314165272,1.0079967462915547,0.5971917724950787,0.0
2016-08-26,-0.004029319715406382,0.0,5.660560546115976e-06,-0.0040349802759524975,1.0101259163110765,0.5969049964446103,0.0
2016-08-29,0.007091877612298132,5.3052217637891825e-05,1.643835616457468e-05,0.007022387038495666,1.0000000000375011,0.6000000000328507,0.25000000000375505
2016-08-30,-0.0024064572463458984,0.0,5.41967336664539e-06,-0.002411876919712544,0.99849452858691,0.6028583728217964,0.0
2016-08-31,0.0036061825281573697,0.0,5.419009568136582e-06,0.003600763518589233,0.9974913315298797,0.6019036330559092,0.0
2016-09-01,0.0048886182435757325,0.0,5.310241900464296e-06,0.004883308001675268,0.9909849992328886,0.603337340498995,0.0
2016-09-02,0.0027744583015754895,0.0,5.203034657162664e-06,0.002769255266918327,0.9850917677202774,0.605270237747403,0.0
2016-09-06,0.006089804080687489,4.7325656989422e-05,2.1917808219489046e-05,0.006020560615478577,1.0000000000593086,0.6000000000536334,0.22412935256963484
2016-09-07,-0.004054612973840986,0.0,5.5051578116511e-06,-0.004060118131652637,1.00433916153444,0.6024626412839098,0.0
2016-09-08,-0.012638243151821087,0.0,5.594489492877559e-06,-0.012643837641313965,1.009245273282873,0.6008475403028111,0.0
2016-09-09,-0.009207086491161507,0.0,5.843266249405448e-06,-0.009212929757410912,1.0223001954374535,0.5957417592308557,0.0
2016-09-12,0.0018871850106942209,0.0,1.7209392204700968e-05,0.0018699756184895199,1.0107504993155048,0.5919886223344478,0.0
2016-09-13,-0.004361057595999816,3.055842789089132e-06,5.479452054886131e-06,-0.004369592890843791,1.0000000000272589,0.6000000000205712,0.015061068546779355
2016-09-14,0.005724904421449248,0.0,5.380867482336326e-06,0.005719523553966912,0.9910563909738382,0.5982530647632865,0.0
2016-09-15,-1.3230061521902117e-05,0.0,5.2402862887197805e-06,-1.8470347810621898e-05,0.9830840475782507,0.6005431485017068,0.0
2016-09-16,0.0013008855105773622,0.0,5.264336811616896e-06,0.0012956211737657453,0.9848375978895596,0.6005410106415261,0.0
2016-09-19,0.0036135236382699074,0.0,1.565510680378209e-05,0.003597868531466125,0.9820040782387224,0.6010631460133582,0.0
2016-09-20,-0.001019297688687835,4.315719653269185e-06,5.479452055020833e-06,-0.0010290928603961251,1.0000000000963989,0.600000000079878,0.021158361123181514
2016-09-21,0.005144414041381778,0.0,5.534206067950703e-06,0.0051388798353138275,1.0035947871092046,0.5995977441488033,0.0
2016-09-22,0.004026837188911424,0.0,5.6328014978895315e-06,0.004021204387413534,1.0128448586879777,0.6016503493420419,0.0
2016-09-23,0.0037153265294526867,0.0,5.65288135789711e-06,0.0037096736480947898,1.0159117285236852,0.603251389397196,0.0
2016-09-26,-0.004424960152237181,0.0,1.6489908099782915e-05,-0.004441450060336963,1.0059778199322693,0.6047233895042182,0.0
2016-09-27,0.0022119056337699776,5.052010766586435e-05,5.479452055316878e-06,0.0021559060740487966,0.999999999926913,0.5999999998887808,0.2500000000550745
2016-09-28,-0.0037380633498895655,0.0,5.360506127282866e-06,-0.003743423856016848,0.9922333335271195,0.6009163862354702,0.0
2016-09-29,-0.00625861158354289,0.0,5.5631713519921e-06,-0.006264174754894882,1.00553372299785,0.5994222143024269,0.0
2016-09-30,0.00024161585829650796,0.0,5.663831592175183e-06,0.00023595202670433278,1.0103624118070842,0.596902705578296,0.0
2016-10-03,-0.008261305212271367,0.0,1.701206312031913e-05,-0.008278317275391685,1.0109636598553342,0.5970034572609022,0.0
2016-10-04,-0.010589003436090995,5.057724930529333e-05,5.4794520548558215e-06,-0.010645060137451144,0.9999999999901994,0.5999999999857244,0.2500000000024188
2016-10-05,-0.006099150904815292,0.0,5.545791417425196e-06,-0.006104696696232718,1.000595594629955,0.5957528211579158,0.0
2016-10-06,-0.0046347944485841406,0.0,5.674346158084022e-06,-0.004640468794742224,1.0075027063925428,0.5932754368524095,0.0
2016-10-07,0.0032950049944730432,0.0,5.746156719163517e-06,0.00328925883775388,1.0108543862893828,0.5913849457904462,0.0
2016-10-10,-0.00053761300187328,0.0,1.6994955912080926e-05,-0.0005546079577853609,1.0062742345769247,0.5927303073829553,0.0
2016-10-11,-0.006630415396859322,5.093844592821796e-05,5.783311651930695e-06,-0.006687137154439471,0.9999999999928675,0.5778182494019268,0.25000000000484796
2016-10-12,0.0030052425437509726,0.0,5.792124688691203e-06,0.0029994504190622813,0.9978582618861996,0.575033159611742,0.0
2016-10-13,-0.003018877667910545,0.0,5.715167118072188e-06,-0.0030245928350286174,0.9935169891350896,0.5763097895158199,0.0
2016-10-14,-0.000983376393883265,0.0,5.7655943589455424e-06,-0.0009891419882422105,0.9959185321041027,0.575030143901078,0.0
2016-10-17,0.000610852737936335,0.0,1.7286299043555093e-05,0.00059356643889278,0.9952484201991907,0.5746151434726835,0.0
2016-10-18,0.0033634578059281942,1.0669963808871797e-05,5.742410607026586e-06,0.003347045431512296,0.9999999999995498,0.5808040256866093,0.052903829923200224
2016-10-19,-0.0007842078608438121,0.0,5.7506089587679024e-06,-0.00078995846980258,1.0020132248055955,0.5822187708155385,0.0
2016-10-20,0.0012255076657208981,0.0,5.828392428618698e-06,0.0012196792732922794,1.0073668825235123,0.5818942352343474,0.0
2016-10-21,-0.00010399820838211117,0.0,5.736024551989383e-06,-0.00010973423293410056,1.0011391825334488,0.5824093902382238,0.0
2016-10-24,0.002815418060590126,0.0,1.728057660267943e-05,0.0027981374839874465,1.0028633285432282,0.5823692978780289,0.0
2016-10-25,0.0010043345056251836,3.802587482094141e-05,5.479452054828599e-06,0.0009608291787494136,1.000000000011667,0.6000000000091792,0.18388976389805045
2016-10-26,-0.0024833612550889503,0.0,5.416779781986476e-06,-0.002488778034870937,0.9958523504088836,0.6004274263238707,0.0
2016-10-27,-0.005928838798401955,0.0,5.380368974357729e-06,-0.0059342191673763135,0.9922028631679138,0.5994359280397995,0.0
2016-10-28,0.0010951531221038253,0.0,5.46073913106112e-06,0.0010896923829727641,0.9956840720480284,0.5970501154805667,0.0
2016-10-31,0.007185848768153445,0.0,1.6137071315356982e-05,0.007169711696838089,0.9901629190821298,0.5974941837417765,0.0
2016-11-01,-0.0028084425681712717,5.2956759406589024e-05,5.47945205486904e-06,-0.0028668787796327297,0.999999999986158,0.5999999999807182,0.2499999999945742
2016-11-02,-0.0021765803183987887,0.0,5.470683009436081e-06,-0.0021820510014082246,0.99826841533049,0.5989085556416563,0.0
2016-11-03,-0.0013073621120427488,0.0,5.451816103681232e-06,-0.00131281392814643,0.9960194979573647,0.5980369223886348,0.0
2016-11-04,0.0021411900754832254,0.0,5.416013273450838e-06,0.0021357740622097747,0.9928829539202185,0.5975139849583077,0.0
2016-11-07,0.007746050313466954,0.0,1.6159667353735094e-05,0.007729890646113219,0.9915957488548521,0.5983771765806314,0.0
2016-11-08,-0.000579406580902919,3.0186266323646837e-05,5.479452054846977e-06,-0.0006150722992814127,0.9999999999953534,0.599999999991524,0.145950433269137
2016-11-09,0.001779556754267592,0.0,5.498069975204285e-06,0.0017740586842923877,1.0011486155118872,0.5997895073219744,0.0
2016-11-10,-0.0008345595049048825,0.0,5.449400171628689e-06,-0.0008400089050765112,0.9983099477387372,0.600503735209843,0.0
2016-11-11,0.0010415536703932352,0.0,5.405078617817996e-06,0.0010361485917754173,0.994744065744622,0.6001733266439084,0.0
2016-11-14,-0.0004436654387146022,0.0,1.6204387318235294e-05,-0.00045986982603283747,0.9948993352383041,0.6005925771612453,0.0
2016-11-15,0.003457184010634129,5.500006567291953e-05,5.479452054792792e-06,0.003396704492906416,1.0000000000023814,0.6000000000025077,0.25000000000265077
2016-11-16,0.002982346771563472,0.0,5.447485081197796e-06,0.002976899286482274,0.9990807680915036,0.6014143571640643,0.0
2016-11-17,-0.002461641315718382,0.0,5.4314939422392655e-06,-0.0024670728096606214,0.999101873825985,0.6026028160425185,0.0
2016-11-18,0.003210555333067534,0.0,5.443423911427285e-06,0.003205111909156107,0.9989953739971533,0.6016254284629616,0.0
2016-11-21,0.007010575934529986,0.0,1.6308079012248086e-05,0.0069942678555177384,0.9997335328860983,0.6029036102547285,0.0
2016-11-22,0.0002498581072006342,3.4645922750932695e-05,5.479452054766521e-06,0.000209732732394935,1.0000000000422675,0.6000000000443113,0.16995586834136778
2016-11-23,0.002300972720164958,0.0,5.494797508811724e-06,0.0022954779226561466,1.0012442106500439,0.600123992506788,0.0
2016-11-25,0.0024268784520543453,0.0,1.0941296400304426e-05,0.002415937155654041,1.0004025976694695,0.6010452790583578,0.0
2016-11-28,0.006296852452837077,0.0,1.640299421896145e-05,0.006280449458618116,1.0011572465257477,0.6020177205310192,0.0
2016-11-29,0.0011014490969825073,0.0,5.430182456367493e-06,0.0010960189145261397,1.0009212480007428,0.6045179286859158,0.0
2016-11-30,-0.0008964182450212695,5.465854004241133e-05,5.4794520548056475e-06,-0.0009565562371184865,1.0000000000049454,0.6000000000041332,0.2500000000042406
2016-12-01,-0.0019007658586191701,0.0,5.4600239542468945e-06,-0.001906225882573417,0.9982589553914922,0.5996772067314688,0.0
2016-12-02,0.0013957640954358115,0.0,5.40717829798683e-06,0.0013903569171378246,0.9936421298364959,0.5989181140834574,0.0
2016-12-05,0.0011530043751181362,0.0,1.6219145992953575e-05,0.0011367852291251826,0.9941462723054036,0.5994803864768669,0.0
2016-12-06,0.0004616505629794191,0.0,5.428114953798663e-06,0.0004562224480256204,0.9962037666180045,0.5999513749907022,0.0
2016-12-07,-0.0013478693577108505,5.086245162848434e-05,8.056235531640458e-06,-0.0014067880448709754,1.0000000000046478,0.4118948061948945,0.2500000000045912
2016-12-08,-9.369139473603067e-05,0.0,8.154981003587564e-06,-0.00010184637573961824,1.006438916260278,0.4111253029983857,0.0
2016-12-09,-0.0003227830407608425,0.0,8.155266280450102e-06,-0.0003309383070412926,1.0064079164203985,0.41107347794754134,0.0
2016-12-12,-0.004266318480821337,0.0,2.4450219683032976e-05,-0.004290768700504369,1.0058420186672137,0.41088667304674453,0.0
2016-12-13,0.0011112491950143848,0.0,8.27488224970792e-06,0.0011029743127646768,1.0124389911085292,0.4083725868798512,0.0
2016-12-14,2.7087551514675583e-05,5.043194294432982e-05,8.204147881350699e-06,-3.1548539311004936e-05,0.9999999999997626,0.40109720466116155,0.25000000000034617
2016-12-15,0.0020798784778638477,0.0,8.104010430561461e-06,0.0020717744674332863,0.99272970892842,0.40113694749743356,0.0
2016-12-16,-0.003634899423856873,0.0,8.052070899737155e-06,-0.00364295149475661,0.9901843544601899,0.40238317877937757,0.0
2016-12-19,0.00016286661195299282,0.0,2.4503863737942506e-05,0.0001383627482150503,0.9964668954606501,0.400206211170716,0.0
2016-12-20,0.0028667321929656433,0.0,8.226006706025962e-06,0.0028585061862596173,1.0008121788203674,0.40031368928047206,0.0
2016-12-21,0.001210508123976559,5.062347001781307e-05,8.613084768473713e-06,0.001151271569190272,1.0000000000228766,0.3712448119242955,0.2500000000245945
2016-12-22,0.0013781436388948017,0.0,8.548051073591286e-06,0.0013695955878212105,0.9960347442940344,0.3720270159218704,0.0
2016-12-23,0.001333961493685877,0.0,8.486899435197296e-06,0.0013254745942506796,0.9924381037436081,0.37289444497420543,0.0
2016-12-27,-0.001205233918321182,0.0,3.388229638539158e-05,-0.0012391162147065734,0.9920849418612423,0.3737330328278458,0.0
2016-12-28,-0.000361502121359331,0.0,8.530231003656026e-06,-0.000370032352362987,0.9956968401046371,0.37298997683774715,0.0
2016-12-29,-0.0027618509811384857,5.047389940297848e-05,1.1933056703290628e-05,-0.0028242579372447546,1.00000000000848,0.12888686066826457,0.2500000000089967
2016-12-30,-0.003563059788528548,0.0,1.2029943425950893e-05,-0.003575089731954499,1.0046680982182403,0.12648222812382517,0.0
2017-01-03,0.00286258827613035,0.0,4.85588200104328e-05,0.002814029456119917,1.009558657281773,0.12336019209137448,0.0
2017-01-04,-0.0024588245191386384,0.0,1.211380919204318e-05,-0.0024709383283306814,1.0101766534879897,0.12586858246883748,0.0
2017-01-05,-0.0052762612683104415,0.0,1.2282433022733138e-05,-0.005288543701333174,1.0203330618593944,0.12371545119987531,0.0
2017-01-06,0.0030943235873061815,5.0611479038251334e-05,1.3980082478226517e-05,0.003029732025789704,1.0000000000714815,-0.02054602083905413,0.25000000006805023
2017-01-09,-0.002058380739226774,0.0,4.162979634277561e-05,-0.0021000105355695495,0.9955927280117901,-0.017398982995749462,0.0
2017-01-10,0.0011244691445707552,0.0,1.3927337692608264e-05,0.001110541806878147,0.9971973411681776,-0.019498310392225826,0.0
2017-01-11,0.0010182153287681905,0.0,1.3924470858043232e-05,0.0010042908579101471,0.9981329136729813,-0.01835345896417459,0.0
2017-01-12,-0.0033540644590489502,0.0,1.3885916742330065e-05,-0.0033679503757912802,0.9963540707146038,-0.017317851475490975,0.0
2017-01-13,0.001672098046672818,5.086877810859722e-05,1.0561378465189524e-05,0.0016106678900990312,1.000000000047082,0.2290193720882466,0.2500000000445085
2017-01-17,-0.006987068420239639,0.0,4.2147168680355296e-05,-0.0070292155889199945,0.9995063287171378,0.2303205003006536,0.0
2017-01-18,0.0049461744013467625,0.0,1.0690284868368192e-05,0.004935484116478394,1.0053051991040454,0.22491440371316723,0.0
2017-01-19,-0.0003655895442762295,0.0,1.0567313921796465e-05,-0.00037615685819802593,1.000145592849069,0.22873167655792687,0.0
2017-01-20,0.0007356001955124636,0.0,1.0515242226461594e-05,0.0007250849532860021,0.996064703339743,0.22845202080804683,0.0
2017-01-23,-0.004323628804251885,4.288397548297677e-05,2.947595986998731e-05,-0.0043959887396048496,0.999999999966924,0.2827516431305661,0.20458277612456865
2017-01-24,0.0055811815741413995,0.0,9.938470517016371e-06,0.005571243103624383,1.0051657327841008,0.27965738504190574,0.0
2017-01-25,0.005942106469657096,0.0,9.832239347104666e-06,0.005932274230309991,1.0014117099545836,0.2836582376159431,0.0
2017-01-26,8.774866970078139e-05,0.0,9.698558622649258e-06,7.805011107813213e-05,0.9958872663578331,0.2878924869044372,0.0
2017-01-27,-0.0012064739062455836,0.0,9.70035868740875e-06,-0.0012161742649329924,0.9960839446197887,0.2879577604389499,0.0
2017-01-30,-0.0037006885527571588,1.2757447837939763e-05,2.9507041896686926e-05,-0.0037429530424917855,1.000000000006468,0.2819953138537527,0.062188007219775
2017-01-31,-0.002806890836023111,0.0,9.865899844274233e-06,-0.002816756735867385,0.9995508711189441,0.2793401824869251,0.0
2017-02-01,0.0023438536119185006,0.0,9.95934295565112e-06,0.0023338942689628494,1.0043464546708472,0.2773144189083152,0.0
2017-02-02,-0.0003265807461776246,0.0,9.897592121643772e-06,-0.0003364783382992684,1.0015313243298232,0.2790070994498278,0.0
2017-02-03,0.0034316415619860124,0.0,9.909931214488535e-06,0.003421731630771524,1.0021992988813424,0.27877432022367954,0.0
2017-02-06,-0.003772734713370376,5.218137019649441e-07,2.959111286192427e-05,-0.003802847639934265,1.0000000000620137,0.27994958708852313,0.002607557749500113
2017-02-07,-0.0012321539642095123,0.0,9.968401564045962e-06,-0.0012421223657735582,1.004924434261243,0.2772311200858877,0.0
2017-02-08,-0.0031380429892784033,0.0,1.001530797784749e-05,-0.003148058297256251,1.0074596993528506,0.27634221696998407,0.0
2017-02-09,0.007105568784509105,0.0,1.0131371908735321e-05,0.007095437412600369,1.0136571020629146,0.274066952725236,0.0
2017-02-10,0.002179960430447895,0.0,9.973801711282963e-06,0.0021699866287366123,1.0072790603675317,0.27919153544387526,0.0
2017-02-13,0.003190837430130469,5.05630046111618e-05,1.9471126851589725e-05,0.003120803298667718,0.9999999999974434,0.5262025799420935,0.25000000000150513
2017-02-14,0.002724073473013026,0.0,6.450378504482182e-06,0.0027176230945085435,0.9986240554167043,0.5277464245895049,0.0
2017-02-15,0.002487770275349145,0.0,6.414931118655655e-06,0.002481355344230489,0.9973227580064585,0.5290327863445956,0.0
2017-02-16,-0.0027093041168936983,0.0,6.395466994361031e-06,-0.0027156995838880592,0.9970740203722435,0.5302049297838883,0.0
2017-02-17,0.0013242175108813899,0.0,6.441894470186185e-06,0.0013177756164112037,0.9991903425283695,0.528932046204778,0.0
2017-02-21,0.003564478960483542,5.2374060374189416e-05,2.1917808221667994e-05,0.003490187091887684,1.0000000000824474,0.6000000000370066,0.2500000000560714
2017-02-22,-0.0017739759046823899,0.0,5.457661873223806e-06,-0.0017794335665556136,0.999874569481509,0.6014652527361711,0.0
2017-02-23,-0.001632864337530507,0.0,5.476084070594771e-06,-0.0016383404216011018,1.0005144270101318,0.6007602898567135,0.0
2017-02-24,-0.0008541330466278291,0.0,5.5041593505216815e-06,-0.0008596372059783507,1.0019142435786834,0.6001106109906007,0.0
2017-02-27,0.002568957350349738,0.0,1.6620693016433404e-05,0.0025523366573333046,1.0042089277254527,0.5997720643255734,0.0
2017-02-28,-0.0028174531822547527,1.0472562749950926e-05,5.503790692316378e-06,-0.00283342953569702,0.9999999998915209,0.598223279352425,0.05109120597052167
2017-03-01,0.009563066329226072,0.0,5.520760812063011e-06,0.00955754556841401,1.000113199597207,0.5970976603166072,0.0
2017-03-02,-0.0053519935812282185,0.0,5.4274455996634765e-06,-0.005357421026827882,0.9971209596924234,0.6009174309169899,0.0
2017-03-03,0.0006372307850718694,0.0,5.433775335251268e-06,0.0006317970097366181,0.995438917573799,0.5987733181004564,0.0
2017-03-06,-0.002048959715952569,0.0,1.630677545553345e-05,-0.002065266491408102,0.9958302849585673,0.5990320822072535,0.0
2017-03-07,-0.0030254515295293142,2.7216773193123623e-05,5.4794520548863824e-06,-0.003058147754777324,1.0000000000203766,0.6000000000136706,0.13345993749324614
2017-03-08,-0.006670954766641172,0.0,5.486092566360092e-06,-0.006676440859207532,0.9992905423955302,0.5988057850512435,0.0
2017-03-09,-0.001533271570704909,0.0,5.501506195439127e-06,-0.001538773076900348,0.9977247074600053,0.596114755192949,0.0
2017-03-10,-0.0007970274300560805,0.0,5.487203353621132e-06,-0.0008025146334097017,0.9960636644487929,0.5954978196344504,0.0
2017-03-13,0.0013471159635363883,0.0,1.6515671474232906e-05,0.0013306002920621554,0.9970597708115814,0.5951784316052473,0.0
2017-03-14,-0.0035103164367394917,2.7700569166320314e-06,5.47945205485005e-06,-0.003518565945710974,1.000000000018299,0.6000000000142451,0.013736388901397223
2017-03-15,0.006771487590981787,0.0,5.509943700661122e-06,0.006765977647281126,1.0008217728137572,0.5985958826654952,0.0
2017-03-16,-0.00016898851782158036,0.0,5.525766783015011e-06,-0.0001745142846045954,1.004679969859107,0.6012989946990108,0.0
2017-03-17,4.091224448007422e-05,0.0,5.508139761914411e-06,3.5404104718159805e-05,1.0033291328846758,0.6012349302649238,0.0
2017-03-20,-0.0018861287141135347,0.0,1.658350835564975e-05,-0.0019027122224691845,1.004786592284298,0.6012545556301541,0.0
2017-03-21,-0.01175625275630652,2.5146601369012507e-06,5.479452055335922e-06,-0.011764246868498756,1.0000000001376796,0.6000000000981576,0.012508599203247716
2017-03-22,0.001203979146448138,0.0,5.570433829989275e-06,0.001198408712618149,1.0018880422061116,0.5952463726168946,0.0
2017-03-23,-5.530639473486169e-05,0.0,5.577414104768703e-06,-6.088380883963039e-05,1.0028876457000375,0.5957364160519222,0.0
2017-03-24,0.001402318875075383,0.0,5.571396783495781e-06,0.0013967474782918873,1.0024293443954169,0.5957173792002249,0.0
2017-03-27,-0.0006864778203990875,0.0,1.6713635179537132e-05,-0.0007031914555786247,1.0029852919762645,0.5962868359408612,0.0
2017-03-28,0.004814807037904671,5.423459643547857e-05,5.479452054866893e-06,0.0047550929894143255,1.0000000000274858,0.6000000000222026,0.2500000000228022
2017-03-29,0.0009819104954952103,0.0,5.467938354484124e-06,0.0009764425571407261,1.0011119669811621,0.6019524671038211,0.0
2017-03-30,0.005394678942857259,0.0,5.53973210525815e-06,0.005389139210752001,1.0067466647987318,0.6023462211148868,0.0
2017-03-31,5.722767897685366e-05,0.0,5.465419837450493e-06,5.176225913940317e-05,1.003458903776404,0.604483255642518,0.0
2017-04-03,-0.0014754413116902444,0.0,1.641214695242944e-05,-0.001491853458642674,1.0038714350691338,0.6045091925600173,0.0
2017-04-04,-0.004984792570203085,1.5730294151396505e-05,6.2668305952702094e-06,-0.005006789694949752,1.0000000000081681,0.5425213665534427,0.07467619911143851
2017-04-05,-0.002440572129765123,0.0,6.4836419902417255e-06,-0.0024470557717553645,1.0135473145920477,0.5402414493044019,0.0
2017-04-06,0.0014928199665815182,0.0,6.494236798309039e-06,0.0014863257297832093,1.0131994204872863,0.5391201342107265,0.0
2017-04-07,0.0020118459888381554,0.0,6.509731260392997e-06,0.0020053362575777624,1.0150210017726313,0.5398106197639428,0.0
2017-04-10,0.0025492373097430526,0.0,1.93162698318241e-05,0.0025299210399112285,1.0107673366013081,0.5407381040269218,0.0
2017-04-11,0.001812250004437473,5.227346474715893e-05,9.555201698454357e-06,0.0017504213379918596,1.0000000001023763,0.3024702761152085,0.250000000116288
2017-04-12,-0.004441512994187565,0.0,9.498118263561641e-06,-0.004451011112451126,0.9971134674180676,0.3037508341780678,0.0
2017-04-13,-0.006229620320277837,0.0,9.578258183126195e-06,-0.006239198578460964,0.9998603539447957,0.30064750657658335,0.0
2017-04-17,0.007704229054526511,0.0,3.888102522788399e-05,0.007665348029298627,1.005845061260266,0.2962663508513833,0.0
2017-04-18,-0.0024191557164253232,0.0,9.561613585789503e-06,-0.0024287173300111126,0.9996560560865863,0.30165826432395265,0.0
2017-04-19,-0.0007827281433900507,5.057713825043621e-05,1.0138671927297981e-05,-0.0008434439535677849,0.9999999999977148,0.2598769493049623,0.24999999999938277
2017-04-20,0.006251409816073491,0.0,1.0157196364672035e-05,0.006241252619708819,1.0007882717115018,0.25931293709044323,0.0
2017-04-21,0.0016005027492443213,0.0,1.0052631429038716e-05,0.0015904501178152825,0.9977592674779836,0.2639171731581571,0.0
2017-04-24,0.010302547231723889,0.0,2.9920766238693885e-05,0.010272626465485196,0.9931680323321963,0.26509605385731183,0.0
2017-04-25,0.0056179226548617334,0.0,9.806135884261236e-06,0.005608116518977472,0.9884462201232025,0.27259830057213214,0.0
2017-04-26,-0.005747479643335554,2.9846380899408062e-05,9.957425374586398e-06,-0.005787283449609549,0.9999999999664153,0.2731079476216084,0.14799922118024378
2017-04-27,0.0021360333816028785,0.0,1.0145348124245638e-05,0.002125888033478633,1.0095271785946482,0.2689167655247165,0.0
2017-04-28,-0.002255700892439086,0.0,1.0096966578914348e-05,-0.0022657978590180003,1.0075563536627519,0.27047779340200456,0.0
2017-05-01,0.006056767779607769,0.0,3.053460303438098e-05,0.0060262331765733885,1.0118398835255196,0.2688312096889158,0.0
2017-05-02,0.002911056617725294,0.0,1.002551750942168e-05,0.0029010311002158726,1.0051041394995572,0.2732413613117744,0.0
2017-05-03,-0.0008701189215265515,5.534895359325401e-05,6.581555727037715e-06,-0.0009320494308468432,1.0000000000141327,0.5195464319403797,0.25000000001161343
2017-05-04,0.0003569155509587804,0.0,6.591047951865787e-06,0.0003503245030069146,1.000306696470241,0.5191601959840385,0.0
2017-05-05,0.0023930086295004976,0.0,6.550748599141534e-06,0.002386457880901356,0.9975398234350089,0.5193351756976768,0.0
2017-05-08,0.0016345237093194297,0.0,1.966116601184507e-05,0.0016148625433075846,0.9989077725406997,0.5204860662524697,0.0
2017-05-09,0.0014744267119552834,0.0,6.505232998377136e-06,0.0014679214789569063,0.9961608052404595,0.5212787963589286,0.0
2017-05-10,0.0018862846000389695,1.1784268628401201e-05,5.845644923309454e-06,0.001868654686487259,1.0000000000119138,0.5732679206103236,0.05701982562147638
2017-05-11,-0.0005232829411667132,0.0,5.829937356854882e-06,-0.000529112878523568,0.9996668722777197,0.5740814452273133,0.0
2017-05-12,-0.0012267615732619152,0.0,5.834177739063475e-06,-0.0012325957510009786,0.9997567749066291,0.5738617999549954,0.0
2017-05-15,0.003006197816125117,0.0,1.7642734501906187e-05,0.0029885550816232107,1.0026482765169789,0.5733417369705949,0.0
2017-05-16,-0.00018869292366611176,0.0,5.8510570869307725e-06,-0.00019454398075304254,1.001757786874618,0.5746306195286714,0.0
2017-05-17,-0.012503943471120962,5.2106672273598666e-05,5.479452054807479e-06,-0.012561529595449369,0.9999999999994509,0.599999999998505,0.2500000000013731
2017-05-18,0.002135244339440911,0.0,5.60531563000601e-06,0.0021296390238109046,1.0041578281070866,0.5949697871166482,0.0
2017-05-19,0.0023777864314202674,0.0,5.577956330234342e-06,0.002372208475090033,1.0030269277195918,0.595836115612485,0.0
2017-05-22,0.0024518572071089238,0.0,1.6808790837316548e-05,0.002435048416271607,1.0058120827362136,0.5967981723615107,0.0
2017-05-23,0.0030656249791482654,0.0,5.5894478318633805e-06,0.003060035531316402,1.0058240630574797,0.5977943713314529,0.0
2017-05-24,0.002680151816479337,5.140839553890971e-05,5.4794520559244815e-06,0.002623263968884503,0.9999999999589266,0.5999999998764396,0.25000000008937623
2017-05-25,0.001949308439472949,0.0,5.434502523055687e-06,0.0019438739369498934,0.9978219832499642,0.6011032990668991,0.0
2017-05-26,0.0008590093325057507,0.0,5.434717175748781e-06,0.0008535746153300019,0.9986169773909892,0.601882623561328,0.0
2017-05-30,-0.0006366239214330868,0.0,2.1678330044827407e-05,-0.0006583022514779143,0.9978571100312642,0.6022275867131639,0.0
2017-05-31,-0.0014865727287721995,0.0,5.434368052445542e-06,-0.0014920070968246451,0.998696120183842,0.6019872523553174,0.0
2017-06-01,0.0037115807324625146,5.093142002723069e-05,5.47945205487968e-06,0.0036551698603804043,1.000000000026555,0.6000000000203386,0.2500000000257303
2017-06-02,0.005296266145838022,0.0,5.455477903074918e-06,0.005290810667934947,0.9997628356763637,0.6015129487518946,0.0
2017-06-05,-0.0014046926014775166,0.0,1.6233038117812284e-05,-0.001420925639595329,0.9986195265803955,0.6036155990469633,0.0
2017-06-06,-0.0012407443834017804,0.0,5.416382461270525e-06,-0.001246160765863051,0.9984637406474717,0.6030678209747232,0.0
2017-06-07,0.0010009301993418773,0.0,5.4252871828008695e-06,0.0009955049121590765,0.9986239499798567,0.6025779856353931,0.0
2017-06-08,0.0003299262166358657,5.279585231315638e-05,5.631786581071652e-06,0.0002714985777416377,1.0000000000355123,0.5888795796172813,0.2500000000212552
2017-06-09,-0.006007846635716463,0.0,5.6229532135414935e-06,-0.006013469588930004,0.9995251642993354,0.5890495797108066,0.0
2017-06-12,-0.0010114458016631412,0.0,1.7063809218108926e-05,-0.00102850961088125,1.0017884058489488,0.5865690482082981,0.0
2017-06-13,0.0026652215489826004,0.0,5.685456917689449e-06,0.002659536092064911,1.0011988290790828,0.5861604740877531,0.0
2017-06-14,0.006059965446960088,0.0,5.69755593281912e-06,0.00605426789102727,1.0031854293378857,0.58726384624209,0.0
2017-06-15,-0.004088603212877171,4.455732887914855e-05,5.569845702999953e-06,-0.00413873038745932,1.0000000000430047,0.5934012637240083,0.22156219231538507
2017-06-16,-0.0002416254958919,0.0,5.574169678463869e-06,-0.0002471996655703639,0.998676189595487,0.5917618030676246,0.0
2017-06-19,0.007422573154449786,0.0,1.6808564532437387e-05,0.007405764589917349,1.0006748409398099,0.5916664373171668,0.0
2017-06-20,-0.0017689655230673682,0.0,5.498969146138229e-06,-0.0017744644922135064,0.9961096616614968,0.5946849139934062,0.0
2017-06-21,0.005184689190111255,0.0,5.435438016512057e-06,0.005179253752094743,0.9907569022206503,0.5939699270152702,0.0
2017-06-22,0.0020185842941913704,5.239105989818084e-05,5.479452054777883e-06,0.001960713782238412,1.0000000000176394,0.600000000018854,0.25000000002648176
2017-06-23,0.0024497518357107103,0.0,5.447321410747272e-06,0.002444304514299963,0.9984949710325395,0.6008405080479886,0.0
2017-06-26,0.0010427232307634554,0.0,1.6304851089191095e-05,0.0010264183796742643,0.9985706069256362,0.6018192304219865,0.0
2017-06-27,-0.004643347789229013,0.0,5.442141258060008e-06,-0.004648789930487073,0.9995201113862296,0.6022437995478491,0.0
2017-06-28,0.005693783377696611,0.0,5.432002288862766e-06,0.005688351375407749,0.9969277130186789,0.6003915459316971,0.0
2017-06-29,-0.005732601384013889,3.3293322160587996e-05,5.485959320975017e-06,-0.005771380665495452,1.0000000000190217,0.5995249695878454,0.15077863103354833
2017-06-30,0.0013632943296749238,0.0,5.479685016824284e-06,0.0013578146446580994,0.9972562695691252,0.5972392633409522,0.0
2017-07-03,-0.0007323974089044876,0.0,1.639666532549861e-05,-0.0007487940742299862,0.9967763913954354,0.5977908684749691,0.0
2017-07-05,0.004397312794452102,0.0,1.0911408920236766e-05,0.004386401385531865,0.9957723055169144,0.5975058799282726,0.0
2017-07-06,-0.004966012654684469,0.0,5.349188238364042e-06,-0.004971361842922833,0.9897652754767142,0.5992745340761391,0.0
2017-07-07,0.002259953447418613,5.069318641161824e-06,5.689150935165261e-06,0.002249194977842286,0.9999999998729149,0.5846919816058508,0.025077287960481733
2017-07-10,0.0017739140592114258,0.0,1.6994872848705457e-05,0.0017569191863627204,0.9991766343485506,0.5856347283633845,0.0
2017-07-11,-0.00037902458518685573,0.0,5.6943327717087474e-06,-0.00038471891795856445,1.0020647152556357,0.5863784229208971,0.0
2017-07-12,0.008605390473169413,0.0,5.75992870112195e-06,0.00859963054446829,1.006699725338423,0.5862249301565203,0.0
2017-07-13,0.00211096553856101,0.0,5.688164677129137e-06,0.002105277373883881,1.0049946358655573,0.5897586144351302,0.0
2017-07-14,0.005243434177022552,8.5937021761645e-06,6.156398141965164e-06,0.005228684076704422,1.0000000000655216,0.5505829357020646,0.042273907028279205
2017-07-17,-0.0017355217234383427,0.0,1.835180080548069e-05,-0.0017538735242438235,0.9994957324287279,0.5529352461620312,0.0
2017-07-18,0.0017642005385613843,0.0,6.155975872918926e-06,0.0017580445626884653,1.0015543962741338,0.5521681575510521,0.0
2017-07-19,0.002633920103047533,0.0,6.1600528033968965e-06,0.002627760050244136,1.002644084012969,0.5529602293649954,0.0
2017-07-20,0.0025592207760422826,0.0,6.157664855674608e-06,0.002553063111186608,1.0036475422132047,0.5541380077489584,0.0
2017-07-21,0.004967401074123848,5.2438657095631814e-05,6.1178819454518365e-06,0.004908844535082765,1.0000000000427016,0.5533946180247173,0.2500000000168634
2017-07-24,0.00016674425414617828,0.0,1.7813077157827996e-05,0.0001489311769883503,0.9890860399147348,0.55563449574092,0.0
2017-07-25,-0.006591564899757059,0.0,5.9500924344362265e-06,-0.006597514992191495,0.9900752239021777,0.5557184761883334,0.0
2017-07-26,0.0015960183471083044,0.0,6.1357403144862874e-06,0.001589882606793818,1.0006828879758753,0.5527738450183763,0.0
2017-07-27,-0.004974743623428068,0.0,6.1735574671991515e-06,-0.004980917180895267,1.0041595745386755,0.5534898794331375,0.0
2017-07-28,-0.0008017279583277962,1.7943068554551192e-06,6.1570077368613425e-06,-0.0008096792729201126,1.000000000036451,0.5505384352455729,0.00895172462734678
2017-07-31,0.0014301645090859716,0.0,1.8580356663437803e-05,0.0014115841524225338,1.0023041905370735,0.5501821783934203,0.0
2017-08-01,0.00489347208962637,0.0,6.141245871003129e-06,0.004887330843755366,0.9991457418209971,0.550834793237769,0.0
2017-08-02,6.25576924448748e-05,0.0,6.042523289910054e-06,5.6515169154964745e-05,0.9941296471663106,0.5530254470028765,0.0
2017-08-03,0.0006746435019345861,0.0,6.0517258561401626e-06,0.0006685917760784459,0.9948327360978539,0.553056748599622,0.0
2017-08-04,0.0004740987128815409,5.2960997901650176e-05,6.0482472479086325e-06,0.0004150894677319821,1.0000000000743128,0.5584779509769825,0.2500000000357849
2017-08-07,0.0008615656022693675,0.0,1.8140938782265652e-05,0.0008434246634871019,1.0001496412166035,0.5587201308481393,0.0
2017-08-08,-0.002494751079912013,0.0,6.069235580161828e-06,-0.002500820315492175,1.002164326529668,0.5591101291778546,0.0
2017-08-09,-0.006315469260445467,0.0,6.0842894273743e-06,-0.006321553549872841,1.0021639911987232,0.5580108630003993,0.0
2017-08-10,-0.01402528990601196,0.0,6.237642186114075e-06,-0.014031527548198074,1.0105530324311551,0.5552051528448276,0.0
2017-08-11,0.0006896107229321743,3.3601893385524e-05,5.862567374292318e-06,0.000650146262172358,1.0000000000729417,0.5720325817496024,0.16676478079385762
2017-08-14,0.0077093215925503646,0.0,1.7612052634832992e-05,0.007691709539915531,1.000910028654187,0.5723500812065841,0.0
2017-08-15,0.0012986145895639654,0.0,5.759992281919068e-06,0.0012928545972820463,0.9961112466938951,0.5756318101138034,0.0
2017-08-16,0.006193699717262218,0.0,5.715504497581116e-06,0.006187984212764637,0.9934173289534117,0.5761855006299904,0.0
2017-08-17,-0.009014674616604644,0.0,5.597342134424709e-06,-0.009020271958739069,0.9874035856879642,0.5787976098749605,0.0
2017-08-18,0.00011781833545781442,5.5127119659292094e-05,5.860948889341238e-06,5.683026690918109e-05,1.0000000000722922,0.5721507311503821,0.25000000001038547
2017-08-21,0.00228526846950859,0.0,1.769752598594947e-05,0.0022675709435226407,1.0028758281510046,0.5722360291595675,0.0
2017-08-22,0.004320337445658771,0.0,5.848782960366744e-06,0.004314488662698404,1.0001826333698034,0.5732214772630313,0.0
2017-08-23,0.0006312232241921997,0.0,5.842488367360411e-06,0.0006253807358248394,1.0015623725616707,0.5750607217443608,0.0
2017-08-24,0.0001036301948407379,0.0,5.838931607788111e-06,9.779126323294979e-05,1.001574150697946,0.5753321433294141,0.0
2017-08-25,0.0042664116554323415,8.204267081730609e-06,5.854413814460475e-06,0.004252352974536151,1.0000000000203846,0.5726277915647701,0.0402937797838209
2017-08-28,0.0005680784583535435,0.0,1.735811697551696e-05,0.0005507203413780265,0.9968322793647721,0.5744514329605261,0.0
2017-08-29,-0.0006681420836884506,0.0,5.756388535411079e-06,-0.0006738984722238617,0.9949193738656005,0.5747030107805916,0.0
2017-08-30,0.001399321783050547,0.0,5.761176208016045e-06,0.001393560606842531,0.9949878339705989,0.5744219707854272,0.0
2017-08-31,0.0020711233588276605,0.0,5.761472062091289e-06,0.0020653618867655693,0.9956074279264342,0.5750199673937701,0.0
2017-09-01,0.00011668805582062654,1.648274839597449e-05,5.4794520547515306e-06,9.472585536990052e-05,0.999999999986994,0.5999999999901324,0.07941320779415309
2017-09-05,-0.0014852768122093816,0.0,2.2015254529700676e-05,-0.0015072920667390823,1.0018382420307228,0.6000598468636856,0.0
2017-09-06,0.0014033553640698238,0.0,5.448969766924504e-06,0.0013979063943028993,0.9972529517097934,0.5994781587243048,0.0
2017-09-07,0.004443780541492833,0.0,5.454275582595637e-06,0.004438326265910237,0.9982048280759284,0.600042710546447,0.0
2017-09-08,-0.0006760726718039652,0.0,5.391066851660748e-06,-0.0006814637386556259,0.9953633179942543,0.6018154378230197,0.0
2017-09-11,0.0034196628950082164,1.9458422605620166e-06,1.643835616446682e-05,0.0034012786965831876,0.9999999999882652,0.5999999999862393,0.009661646275196945
2017-09-12,5.078828814192559e-05,0.0,5.509727347387844e-06,4.527856079453775e-05,1.0035843179121182,0.6013742215528055,0.0
2017-09-13,-0.0033296326007800576,0.0,5.533187497765111e-06,-0.0033351657882778225,1.0053204667518838,0.6013977794150305,0.0
2017-09-14,0.0010346960801016554,0.0,5.599372676786453e-06,0.001029096707424869,1.0088236834133033,0.6000694780078922,0.0
2017-09-15,0.0028269011087622693,0.0,5.59211572816525e-06,0.002821308993034104,1.0087106638566254,0.6004862157005624,0.0
2017-09-18,-0.0013431638855265814,1.2627608045412281e-06,1.6509010460785125e-05,-0.0013609356567919077,1.0000000000032225,0.5982807454574511,0.006291085197822954
2017-09-19,0.0023092405662099628,0.0,5.568544687462705e-06,0.0023036720215225,1.004254844518536,0.5977510823337584,0.0
2017-09-20,-0.0020331424151222863,0.0,5.533348201640918e-06,-0.0020386757633239273,1.002615576586565,0.5986811578667779,0.0
2017-09-21,0.0013580951353685503,0.0,5.565004170268857e-06,0.0013525301311982814,1.0041121765832361,0.5978668721536097,0.0
2017-09-22,0.0002325378927724542,0.0,5.489535276208654e-06,0.00022704835749624554,0.9991516673328217,0.59841559216959,0.0
2017-09-25,-0.003939330468843413,7.720145133715721e-07,1.643835616480665e-05,-0.003956540839521592,1.0000000000260976,0.6000000000158026,0.003853848037170843
2017-09-26,-0.001038659211732363,0.0,5.51485735826403e-06,-0.001044174069090627,1.0010129630088347,0.5984283758555603,0.0
2017-09-27,-0.001769414776064962,0.0,5.5385502629456056e-06,-0.0017749533263279077,1.002328316704636,0.5980141475096068,0.0
2017-09-28,0.0017449783644470432,0.0,5.596330781531889e-06,0.0017393820336655114,1.0058370681418904,0.5973049210900628,0.0
2017-09-29,0.003924951656707307,0.0,5.557801217581817e-06,0.003919393855489725,1.0037292209540616,0.598009732070589,0.0
2017-10-02,0.001224118847596204,1.353694372257131e-06,1.6438356164495802e-05,0.001206326797059451,1.0000000000058027,0.6000000000030715,0.006755937284258898
2017-10-03,0.004460563550848394,0.0,5.457356683440174e-06,0.0044551061941649536,0.9988867578380018,0.6004997199468691,0.0
2017-10-04,-0.0007286683017518281,0.0,5.41708466144851e-06,-0.0007340853864132766,0.9977242554552674,0.6022770751695261,0.0
2017-10-05,0.0019604498088244657,0.0,5.43244022431418e-06,0.0019550173686001516,0.9985584555387702,0.6019903191638348,0.0
2017-10-06,-0.0005716604478029173,0.0,5.429501682926904e-06,-0.0005770899494858443,0.9991259614350849,0.6027723385814212,0.0
2017-10-09,0.0006740598614344709,1.6264185560226852e-06,1.6438356165165195e-05,0.0006559950867132831,1.00000000012233,0.6000000001033101,0.008075641332041944
2017-10-10,0.003578137300549243,0.0,5.4521141899879915e-06,0.0035726851863592548,0.9982846149201596,0.6002802790510362,0.0
2017-10-11,0.0013089723085082361,0.0,5.431864113572607e-06,0.0013035404443946636,0.9982347808812827,0.6017087005904823,0.0
2017-10-12,-0.0023351235889146156,0.0,5.421312024918036e-06,-0.0023405449009395334,0.9979884161170514,0.6022326382980345,0.0
2017-10-13,0.003074682181324422,0.0,5.4811903145202124e-06,0.003069200991009902,1.00143178877691,0.6013048958169342,0.0
2017-10-16,4.029262542537467e-05,7.696009931558175e-06,1.6438356164701e-05,1.6158259329115494e-05,1.000000000031386,0.6000000000236617,0.03835958768934537
2017-10-17,-0.0009063795513549074,0.0,5.475352509322569e-06,-0.0009118549038642299,0.9997313303796397,0.6000305971990921,0.0
2017-10-18,0.0013047003217942028,0.0,5.480102188781431e-06,0.0012992202196054213,0.9997184903987558,0.5996710306177113,0.0
2017-10-19,-0.0011245429569403983,0.0,5.458175162120517e-06,-0.0011300011321025189,0.9986427310678305,0.6001959442330329,0.0
2017-10-20,-5.649373799806686e-05,0.0,5.4588572711007114e-06,-6.195259526916757e-05,0.9982456992492804,0.5997491184589285,0.0
2017-10-23,-0.003055269758202036,1.3131197605489437e-06,1.643835616476654e-05,-0.0030730212341273516,1.0000000000195761,0.6000000000102567,0.006538843166675126
2017-10-24,-0.0003433797152902295,0.0,5.5158488396632865e-06,-0.00034889556412989276,1.0014417739792327,0.598784808683813,0.0
2017-10-25,-0.0013465726523346963,0.0,5.531159912492871e-06,-0.0013521038122471891,1.002424969013033,0.5986502954010532,0.0
2017-10-26,-0.0022328426064329573,0.0,5.504118834853846e-06,-0.002238346725267811,0.9999131077936572,0.5981124328493264,0.0
2017-10-27,0.006449294207339582,0.0,5.54265544443247e-06,0.0064437515518951495,1.001830214987031,0.5972163675434609,0.0
2017-10-30,-0.0005787008740979643,4.2154364802732066e-05,1.756139225162901e-05,-0.0006384166311523253,1.0000000000028244,0.5726727885465187,0.20093752583916918
2017-10-31,0.0018857298352305566,0.0,5.8438817710928764e-06,0.0018798859534594637,0.9990629246630128,0.5724595553732329,0.0
2017-11-01,0.0006761729176373624,0.0,5.845283495957019e-06,0.0006703276341414054,0.9999733026904404,0.5732676074855781,0.0
2017-11-02,0.0008033696808412566,0.0,5.8496771505783494e-06,0.0007975200036906782,1.0005857397416316,0.5735593077494119,0.0
2017-11-03,-0.0007456242736932593,0.0,5.842307595159831e-06,-0.0007514665812884191,1.00039343117776,0.5739049767310924,0.0
2017-11-06,0.0027512779712037137,6.067467042497057e-06,1.64383561645547e-05,0.002728772147996662,1.0000000000110336,0.6000000000068691,0.029647839411487586
2017-11-07,-0.0029492723710956917,0.0,5.457314107215199e-06,-0.0029547296852029067,0.9994949128963271,0.6011109830696175,0.0
2017-11-08,0.0009415914087202839,0.0,5.480426954912089e-06,0.0009361109817653719,1.0000055222536517,0.5999343545450692,0.0
2017-11-09,-0.002890800723930494,0.0,5.466571810592042e-06,-0.002896267295741086,0.9993737276127312,0.6003139854395123,0.0
2017-11-10,-0.0016771963733570217,0.0,5.463707917964955e-06,-0.0016826600812749866,0.9980091859184393,0.5991585079069979,0.0
2017-11-13,-0.0008015155227623965,8.027718510681932e-07,1.6438356166215154e-05,-0.0008187566507796798,1.000000000134679,0.6000000000901101,0.0040110025652479175
2017-11-14,-0.0008726218673423015,0.0,5.480625564418876e-06,-0.0008781024929067203,0.9997751505236161,0.5996894843210383,0.0
2017-11-15,-0.0015793562682195812,0.0,5.445067851651945e-06,-0.0015848013360712332,0.9968331003359203,0.5993431471653283,0.0
2017-11-16,0.007271074166528278,0.0,5.448548979936386e-06,0.007265625617548342,0.9964567070107501,0.5987126314753938,0.0
2017-11-17,0.0005508748321808147,0.0,5.411071681550439e-06,0.0005454637604992643,0.9966208463777135,0.6016126136245314,0.0
2017-11-20,0.0025250861965478337,2.8922713040302785e-05,1.643835616842008e-05,0.002479725127339111,0.9999999998382798,0.599999999740058,0.13256670117837055
2017-11-21,0.0059748918605048535,0.0,5.439024713831589e-06,0.0059694528357910216,0.9980834892352036,0.6010346851254976,0.0
2017-11-22,0.0035603273892468616,0.0,5.391083759961436e-06,0.0035549363054869,0.9969566784691777,0.6034075639919929,0.0
2017-11-24,0.00448076232226548,0.0,1.0631591009571205e-05,0.004470130731255909,0.9928708744658625,0.6048178026165134,0.0
2017-11-27,-0.005936673522641651,0.0,1.5611263420612438e-05,-0.005952284786062263,0.9864611181313419,0.6065870415631058,0.0
2017-11-28,-0.0004926972207196436,3.764301871918518e-05,5.479452054943073e-06,-0.0005358196914937717,1.0000000000651272,0.600000000054283,0.17428432658478454
2017-11-29,-0.0057871190425778,0.0,5.624440339630596e-06,-0.00579274348291743,1.0104128476571146,0.599828702864081,0.0
2017-11-30,0.006364852682664115,0.0,5.711509292453885e-06,0.006359141173371661,1.014442942413194,0.5975027640640606,0.0
2017-12-01,-0.002565330365165187,0.0,5.494819495398002e-06,-0.002570825184660585,1.001173625786566,0.6000518026225118,0.0
2017-12-04,0.0037504921305551585,0.0,1.6626027297414725e-05,0.0037338661032577437,1.0035931288158557,0.599026464578764,0.0
2017-12-05,0.001820833739469995,1.9161956403382108e-06,5.479452054852375e-06,0.0018134380917748045,1.0000000000273432,0.6000000000231198,0.0095069096479506
2017-12-06,-0.002111564740007581,0.0,5.38863756912134e-06,-0.0021169533775767025,0.9941019870241038,0.6007314444782461,0.0
2017-12-07,0.008354246924417406,0.0,5.3895714716589785e-06,0.008348857352945747,0.9933285359468247,0.5998898185157193,0.0
2017-12-08,0.0025176514554519696,0.0,5.154926627809345e-06,0.00251249652882416,0.9795176119898923,0.6032079681598103,0.0
2017-12-11,0.000987763200127289,0.0,1.5494553712709494e-05,0.0009722686464145796,0.981241690585186,0.6042075502425883,0.0
2017-12-12,0.003699420801970611,5.1379731126641e-05,5.479452054781476e-06,0.003642561618789189,1.000000000107201,0.6000000001081532,0.25000000010040346
2017-12-13,0.0030556275835495815,0.0,5.314504040335813e-06,0.003050313079509246,0.989467184481531,0.6015083895370166,0.0
2017-12-14,-0.001957847105565241,0.0,5.289009803767487e-06,-0.0019631361153690085,0.9888232312720135,0.6027255155969868,0.0
2017-12-15,0.005797667381888743,0.0,5.285767918096975e-06,0.005792381613970646,0.9878104350742176,0.6019493770531386,0.0
2017-12-18,-5.76033882035305e-05,0.0,1.551937834133467e-05,-7.312276654486518e-05,0.9818852214400771,0.6042470151342669,0.0
2017-12-19,-0.0005545199068691943,2.972028099405834e-05,5.479452054876859e-06,-0.0005897196399181295,1.0000000000547524,0.6000000000487414,0.14716843378934208
2017-12-20,0.0036623502355050143,0.0,5.43322783082647e-06,0.003656917007674188,0.9964248251566222,0.59979919350629,0.0
2017-12-21,0.004756034814153191,0.0,5.3134818280871594e-06,0.004750721332325104,0.9891469491217236,0.601262775671361,0.0
2017-12-22,-0.0009916221075858232,0.0,5.220090243092264e-06,-0.0009968421978289155,0.9842199845225178,0.6031533967767825,0.0
2017-12-26,0.0018882172109915185,0.0,2.1234787778318666e-05,0.0018669824232131998,0.9902975108522564,0.6027626338979407,0.0
2017-12-27,-0.003094379477115536,1.8401568080016095e-05,5.479452054813637e-06,-0.0031182604972503658,1.0000000000147145,0.600000000013319,0.09012408149824358
2017-12-28,-0.008342645838417751,0.0,5.62801448793859e-06,-0.00834827385290569,1.0096178075687172,0.5987727499492,0.0
2017-12-29,-0.001622553005273272,0.0,5.966058109072867e-06,-0.0016285190633823449,1.030922913934933,0.5954006719726137,0.0
2018-01-02,0.0017757802904157765,0.0,2.4103616498473158e-05,0.0017516766739173034,1.0346376763630294,0.5947466752658943,0.0
2018-01-03,0.007979180188325172,0.0,6.152986550270612e-06,0.007973027201774901,1.0446473864069246,0.59547936823717,0.0
2018-01-04,0.007053351506425103,5.207631827689538e-05,5.479452054819056e-06,0.0069957957360933885,1.0000000000057698,0.6000000000039787,0.250000000000727
2018-01-05,0.005867327706607787,0.0,5.3250803359936065e-06,0.005862002626271794,0.9915668982834243,0.6028360337558909,0.0
2018-01-08,-0.0006121800014600093,0.0,1.5689741126844226e-05,-0.0006278697425868535,0.9869396365308756,0.6051559357776664,0.0
2018-01-09,-0.003228695116552771,0.0,5.270373084305232e-06,-0.003233965489637076,0.9896608041360293,0.6049235689817474,0.0
2018-01-10,0.0007116056132181247,0.0,5.404495748824302e-06,0.0007062011174693004,0.9981752372491798,0.6036470475850056,0.0
2018-01-11,-0.00024678015350655615,5.3637002656041147e-05,5.524826934985102e-06,-0.00030594198309758235,1.0000000001691507,0.5966876339152382,0.25000000014037094
2018-01-12,0.0029329669930554933,0.0,5.639576533535842e-06,0.0029273274165219575,1.0083124728516941,0.5966233859035774,0.0
2018-01-16,0.0002473302230601657,0.0,2.277661962287624e-05,0.00022455360343728945,1.0134796860143351,0.5978063778968437,0.0
2018-01-17,0.0006746410303386385,0.0,5.628561113909873e-06,0.0006690124692247287,1.008804404469799,0.5979194431543784,0.0
2018-01-18,0.0006798653476482006,0.0,5.741650278637602e-06,0.000674123697369563,1.0173343553571719,0.598193885016627,0.0
2018-01-19,0.004251438646404525,5.2741324797166066e-05,7.661372648753077e-06,0.004191035948958606,0.9999999999832035,0.440719796624229,0.25000000001261247
2018-01-22,0.0036147422663525236,0.0,2.271632444357951e-05,0.003592025941908944,0.995878022824334,0.44311412803056593,0.0
2018-01-23,-0.0016167511638234668,0.0,7.55670477167766e-06,-0.0016243078685951443,0.9967694002944196,0.44512995196195043,0.0
2018-01-24,-4.6959066126371105e-05,0.0,7.706442234908252e-06,-5.4665508361279354e-05,1.006805057986703,0.4442347748384006,0.0
2018-01-25,-0.0019365362131832822,0.0,7.715390565555527e-06,-0.0019442516037488377,1.0074356101380315,0.44421209885247837,0.0
2018-01-26,0.002331557377990772,2.292355962754876e-06,7.784302214569361e-06,0.002321480719813448,1.0000000000863785,0.4317459384228151,0.011391194334856573
2018-01-29,-0.005473040940251293,0.0,2.3649436777392893e-05,-0.0054966903770286854,1.0085417554570995,0.4330721272072059,0.0
2018-01-30,-0.005874691227077496,0.0,7.940976569804215e-06,-0.0058826322036473,1.0096537463612494,0.4299624567655415,0.0
2018-01-31,0.01124275148110566,0.0,7.984687230682028e-06,0.011234766793874976,1.0094794482781468,0.4265972804383589,0.0
2018-02-01,-8.836589218424877e-05,0.0,7.635094020399334e-06,-9.600098620464811e-05,0.9903375149371715,0.4329756514480201,0.0
2018-02-02,-0.014082425610615375,5.3980868100728246e-05,5.479452054858384e-06,-0.014141885930770962,1.0000000000138736,0.6000000000092114,0.2500000000115508
2018-02-05,-0.02117214789078906,0.0,1.6670953786328757e-05,-0.021188818844575387,0.9999822896534498,0.5943224141861165,0.0
2018-02-06,0.010058734613122842,0.0,5.6436769821784465e-06,0.010053090936140664,0.9975459586094015,0.5855575389103749,0.0
2018-02-07,-0.008760158571335355,0.0,5.621683812010952e-06,-0.008765780255147366,1.0000710038520506,0.5896880855752512,0.0
2018-02-08,-0.019564511537177025,0.0,5.6710994538987615e-06,-0.019570182636630924,1.0000555063016041,0.5860652461669945,0.0
2018-02-09,0.0037512964707308747,5.1148396767461516e-05,5.479452055125233e-06,0.0036946686219082882,1.0000000000508011,0.600000000026659,0.2500000000351894
2018-02-12,0.008963776694261188,0.0,1.634125101529504e-05,0.008947435443245893,0.999165954781005,0.6015288467421589,0.0
2018-02-13,0.0016485457608341307,0.0,5.418217561343428e-06,0.0016431275432727873,1.0006086026234342,0.6050787206453639,0.0
2018-02-14,0.013975713028639637,0.0,5.4047751817597275e-06,0.013970308253457877,1.0002805597884126,0.6057319715199526,0.0
2018-02-15,0.00877826338449835,0.0,5.3360026544462e-06,0.008772927381843904,1.0006976525884361,0.6111694588138636,0.0
2018-02-16,0.0002199494086162837,5.1758913724645515e-05,5.479452055171709e-06,0.00016271104283646648,1.0000000000617502,0.6000000000342154,0.24999999999941314
2018-02-20,-0.0038400561652589,0.0,2.1944804268327804e-05,-0.0038620009695272276,1.0006149808140772,0.6001223029170946,0.0
2018-02-21,-0.0035489553905790412,0.0,5.530870518648051e-06,-0.0035544862610976894,1.0023475652888016,0.5985940174274942,0.0
2018-02-22,0.00548833469691596,0.0,5.558641629846133e-06,0.005482776055286114,1.0029485253524695,0.5971676863737017,0.0
2018-02-23,0.010652966792890042,0.0,5.528263224731944e-06,0.01064743852966531,1.0029330260300955,0.5993698106246634,0.0
2018-02-26,0.007813616223854092,3.13908142819278e-05,1.6438356164679212e-05,0.007765787053407486,1.0000000000272,0.6000000000200058,0.15177592571280976
2018-02-27,-0.013153992981885508,0.0,5.432184927784966e-06,-0.013159425166813293,0.9996793380819521,0.6031298383536493,0.0
2018-02-28,-0.010107763916092293,0.0,5.530008566100174e-06,-0.010113293924658392,1.0015337424584851,0.5978431171331723,0.0
2018-03-01,-0.006928361139827445,0.0,5.599274287385598e-06,-0.00693396041411483,1.0024870435389832,0.5937400205598343,0.0
2018-03-02,0.00415942782792835,0.0,5.6260090490065875e-06,0.004153801818879344,1.0016076596050894,0.5909089990276085,0.0
2018-03-05,0.007607134168119035,1.8180218673626038e-06,1.643835616612665e-05,0.0075888777900855455,1.0000000001541396,0.6000000001117244,0.00902985382929631
2018-03-06,0.0033127680519693553,0.0,5.438182354091752e-06,0.0033073298696152634,1.0000181190291921,0.6030308071804941,0.0
2018-03-07,-0.003304347975219186,0.0,5.409556507077029e-06,-0.003309757531726263,0.9992424326153683,0.6043448075987453,0.0
2018-03-08,-0.002094593413678434,0.0,5.424050558636849e-06,-0.0021000174642370707,0.9989920545509099,0.6030363637704199,0.0
2018-03-09,0.013666383645297455,0.0,5.461869539140877e-06,0.013660921775758315,1.0009228907012235,0.6022064143439394,0.0
2018-03-12,-0.0006454616335382996,5.0443071382346944e-05,2.6105774003813118e-05,-0.0007220104789244596,1.00000000002314,0.3647594992636874,0.250000000008767
2018-03-13,-0.005808985130220127,0.0,8.711530939939726e-06,-0.005817696661160067,1.0003188803459186,0.3643771217303187,0.0
2018-03-14,-0.0003834991475056388,0.0,8.758046821714208e-06,-0.000392257194327353,1.0000038022045012,0.3606663842193641,0.0
2018-03-15,-0.0005241599093557199,0.0,8.76960848482523e-06,-0.0005329295178405451,1.0006056834746968,0.3604242640824551,0.0
2018-03-16,0.0022076083303600976,0.0,8.788685769490545e-06,0.002198819644590607,1.001666069006022,0.3600920078332121,0.0
2018-03-19,-0.004650848078576296,5.028213551254214e-05,2.8710125013440942e-05,-0.004729840339102278,1.0000000000481153,0.30138695805438587,0.25000000002922196
2018-03-20,0.004459703382070071,0.0,9.594008115005036e-06,0.0044501093739550655,0.9985088867411274,0.29814629434575995,0.0
2018-03-21,0.008929101476979048,0.0,9.567347539163037e-06,0.008919534129439886,0.9996817043996693,0.3012653340407675,0.0
2018-03-22,-0.012799942163888136,0.0,9.453740150414224e-06,-0.01280939590403855,0.9975751369456582,0.30745210596541994,0.0
2018-03-23,-0.0002563391698503086,0.0,9.59923492807737e-06,-0.00026593840477838595,0.9992196038098748,0.2984754540602268,0.0
2018-03-26,0.009700887924688055,1.564052723228257e-05,2.8684830407387674e-05,0.009656562567048384,1.000000000053784,0.3020024601406842,0.07671412596433642
2018-03-27,-0.010950835359873139,0.0,9.439374390851055e-06,-0.01096027473426399,0.9977964838085516,0.3087221532764245,0.0
2018-03-28,-0.005883773565502357,0.0,9.58745177495915e-06,-0.005893361017277316,1.0009551199011346,0.3010711403291165,0.0
2018-03-29,0.006540391266326453,0.0,9.680624612915245e-06,0.006530710641713538,1.0036229223658286,0.2969373256230155,0.0
2018-04-02,-0.01122525355651011,0.0,3.849285179962708e-05,-0.011263746408309737,1.0040031964760143,0.3015086511328201,0.0
2018-04-03,0.003791351630580422,4.123496273815377e-05,1.2319407777866456e-05,0.003737797260064402,1.000000000015791,0.10068323223153955,0.2031303892489309
2018-04-04,0.0010971982963309806,0.0,1.2289673902486336e-05,0.0010849086224284943,1.001231728122661,0.10408553324115882,0.0
2018-04-05,0.0018855222560557022,0.0,1.2300186299484944e-05,0.0018732220697562172,1.002982341416231,0.10506874155383031,0.0
2018-04-06,-0.00998337249825365,0.0,1.2281699626394516e-05,-0.009995654197880044,1.0033183620458919,0.10675428931909234,0.0
2018-04-09,0.006742612296749787,0.0,3.716461778508656e-05,0.006705447678964701,1.002087004515385,0.09774797174494532,0.0
2018-04-10,0.014064441590137965,4.569967485765799e-07,1.2307943271998861e-05,0.01405167665011739,1.0000000000119962,0.10152014115607941,0.002274453673504151
2018-04-11,0.0022576123021694713,0.0,1.2116512225429788e-05,0.0022454957899440413,0.998488323906226,0.11398293144985155,0.0
2018-04-12,0.003354165322201135,0.0,1.2095620347692637e-05,0.003342069701853442,0.9989603962828373,0.11598011090127497,0.0
2018-04-13,-0.0019291605774723454,0.0,1.201851153986935e-05,-0.0019411790890122148,0.9962881236210187,0.11893678121055634,0.0
2018-04-16,-0.0010753867399887246,0.0,3.6177207658091856e-05,-0.0011115639476468164,0.997547248155959,0.11723519514239075,0.0
2018-04-17,0.003101068838366646,5.539518013711511e-05,1.5530286696331608e-05,0.003030143371533199,0.9999999999814587,-0.1337109288507486,0.2500000000259484
2018-04-18,0.007294234081112853,0.0,1.5503513625294406e-05,0.007278730567487558,1.0015412056289983,-0.1302152890174933,0.0
2018-04-19,0.0009438669401146123,0.0,1.5379093887546866e-05,0.0009284878462270654,1.0006410428060923,-0.12203281098482878,0.0
2018-04-20,-0.005913923390364346,0.0,1.5248413689634314e-05,-0.00592917180405398,0.9921575806187543,-0.12097661872455075,0.0
2018-04-23,-0.00024649774346864053,0.0,4.6187971500596566e-05,-0.0002926857149692371,0.9962599211212666,-0.12764738539324996,0.0
2018-04-24,-0.008044365635584833,1.2061311650124e-05,1.6251615241779412e-05,-0.008072678562476737,0.9999999999905492,-0.18636791265934768,0.05843658586338239
2018-04-25,-0.0003066014448051485,0.0,1.6437195778655886e-05,-0.00032303864058380436,1.0039208131202066,-0.19599447872167283,0.0
2018-04-26,0.0016868527695026892,0.0,1.6449389432132132e-05,0.001670403380070557,1.0044409150536704,-0.1963645134919753,0.0
2018-04-27,0.0013777584775930682,0.0,1.650981886724922e-05,0.001361248658725819,1.0108637645162168,-0.19435301279297634,0.0
2018-04-30,-0.0008910666102880533,0.0,4.936562098097103e-05,-0.0009404322312690244,1.0085171864310367,-0.19271292410592494,0.0
2018-05-01,-0.00532366878413296,5.157931396989661e-05,1.2928578541654171e-05,-0.005388176676644511,1.0000000000011016,0.056213766460347064,0.25000000000090516
2018-05-02,0.0011022749860326582,0.0,1.3097169653359032e-05,0.0010891778163792992,1.0072591726768685,0.05116578798165908,0.0
2018-05-03,0.003995530114316839,0.0,1.3027905288179484e-05,0.00398250220902866,1.0032482817286799,0.052211195691577755,0.0
2018-05-04,0.006786405159374548,0.0,1.2931269912343639e-05,0.006773473889462205,0.9999664739180233,0.05598377031693766,0.0
2018-05-07,-0.0012510183964927,0.0,3.8552008232338035e-05,-0.001289570404725038,1.0004467308353633,0.06234786384847077,0.0
2018-05-08,0.00020509034108090007,3.092576222093319e-06,1.2786478305721574e-05,0.0001892112865530852,0.9999999999989958,0.06658708368132121,0.015339571417046477
2018-05-09,0.006097949157074452,0.0,1.2788144042656841e-05,0.006085161013031795,1.0003140536939412,0.06677953857999192,0.0
2018-05-10,0.0004344043500141908,0.0,1.2718920498664618e-05,0.0004216854295155262,1.000917895164365,0.07243669876184797,0.0
2018-05-11,-0.0028010480552532495,0.0,1.2826102799001986e-05,-0.0028138741580522515,1.009145891708968,0.07284038738182305,0.0
2018-05-14,0.002441694119490029,0.0,3.857797651481061e-05,0.0024031161429752183,1.0089677392024436,0.07023697734205225,0.0
2018-05-15,-0.0057416610157074435,5.0786200803236375e-05,9.384488233135036e-06,-0.005801831704743815,1.000000000021065,0.3149323590022072,0.2500000000178023
2018-05-16,0.004494048313989332,0.0,9.457869150625404e-06,0.004484590444838707,1.001419486858648,0.31099503886299323,0.0
2018-05-17,-0.0035690537663535787,0.0,9.391198743123742e-06,-0.0035784449650967023,0.9996380727266454,0.3140805644786121,0.0
2018-05-18,-0.0020227601081795376,0.0,9.484614099822508e-06,-0.00203224472227936,1.0040034788142926,0.3116266495272494,0.0
2018-05-21,0.005605186224467311,0.0,2.8513438148939517e-05,0.005576672786318371,1.0040613565205543,0.310234361563026,0.0
2018-05-22,-0.005638995735824512,3.815985158424525e-05,9.412457661411497e-06,-0.005686568045070169,1.0000000000057263,0.3128905907226871,0.18896323518461983
2018-05-23,-0.00032833931767537166,0.0,9.569559868333656e-06,-0.00033790887754370534,1.0075866649118022,0.3090087945234453,0.0
2018-05-24,-0.002823243205074442,0.0,9.630814255468612e-06,-0.0028328740193299105,1.0118342369789088,0.3087847963297003,0.0
2018-05-25,-0.009501137417033931,0.0,9.67415360936475e-06,-0.009510811570643296,1.0130439795136703,0.30683076603004333,0.0
2018-05-29,-0.0022329883024253157,0.0,3.9132891086656724e-05,-0.0022721211935119723,1.0143598903782511,0.30018462804676593,0.0
2018-05-30,0.009750155914456942,5.1449681861731555e-05,9.197836828611646e-06,0.009689508395766598,1.0000000000096263,0.32855791152097613,0.2500000000096585
2018-05-31,-0.0078031267253082775,0.0,9.068017386348087e-06,-0.007812194742694625,0.9970267555537539,0.33506148635034333,0.0
2018-06-01,-0.0023450250924204464,0.0,9.227583220456504e-06,-0.002354252675640903,1.003448670718358,0.3298350956250332,0.0
2018-06-04,0.001416657406331907,0.0,2.7779436949609968e-05,0.001388877969382297,1.0042291834134804,0.3282628843063045,0.0
2018-06-05,0.004471809451131534,0.0,9.16860446887769e-06,0.004462640846662656,0.9985304183521471,0.3292222921240759,0.0
2018-06-06,0.001955465443797168,5.049637723574744e-05,1.1596564311212456e-05,0.0018933725022502077,1.0000000000080653,0.1534508052895563,0.25000000000640166
2018-06-07,-0.0017261800609876987,0.0,1.1559857070066928e-05,-0.0017377399180577657,0.9989821509453682,0.1551125848304824,0.0
2018-06-08,0.0011663396726850064,0.0,1.1654175323664394e-05,0.001154685497361342,1.0044082130688161,0.15365341444131536,0.0
2018-06-11,-0.0003767791357942763,0.0,3.4772549997846364e-05,-0.00041155168579212265,1.0007732421196998,0.1546411921721045,0.0
2018-06-12,0.0018274599971513136,0.0,1.1648094173090834e-05,0.0018158119029782227,1.0046388015904444,0.15432792695481334,0.0
2018-06-13,0.0013564833785913062,5.394880474925065e-05,8.207510302187057e-06,0.0012943270635398685,1.0000000000276654,0.40085174796801015,0.25000000002513434
2018-06-14,-0.0004165862680574213,0.0,8.193980054742518e-06,-0.0004247802481121638,0.9998488592852188,0.40168831528901516,0.0
2018-06-15,-0.011032775142879694,0.0,8.227907387061211e-06,-0.011041003050266755,1.0020794930165815,0.40144225376111303,0.0
2018-06-18,0.0040945715293122095,0.0,2.5002948171419772e-05,0.00406956858114079,1.003173186746623,0.3947681145754085,0.0
2018-06-19,-0.00488503397058987,0.0,8.282172083554996e-06,-0.004893316142673425,1.001844628095078,0.3972460659955634,0.0
2018-06-20,0.004990684103967038,2.4323944377835678e-05,7.626139426751039e-06,0.004958734020162451,1.0000000000168758,0.44329182186404986,0.11917646658555199
2018-06-21,-0.004652838211706029,0.0,7.555760544295819e-06,-0.004660393972250325,0.9976410804368597,0.44607056070326473,0.0
2018-06-22,0.011322518000840547,0.0,7.5992334512183654e-06,0.011314918767389328,0.9982285770848799,0.44348453514593916,0.0
2018-06-25,-0.0120343845121682,0.0,2.255775653663642e-05,-0.012056942268704837,0.9986239336311985,0.4497185245730455,0.0
2018-06-26,0.0083596630656201,0.0,7.613276146810547e-06,0.008352049789473289,0.998794833765661,0.443025675048491,0.0
2018-06-27,5.3542506854606744e-05,5.141193492793275e-05,7.563784155737468e-06,-5.433212229063471e-06,0.999999999957101,0.44784375658826586,0.25000000005190937
2018-06-28,0.004145204274628233,0.0,7.591271328261086e-06,0.0041376130032999715,1.0020625395924845,0.44789973262942523,0.0
2018-06-29,0.00321615654530247,0.0,7.551467326244504e-06,0.003208605077976225,1.0014393717597163,0.45018225694386754,0.0
2018-07-02,-0.0016269639516135956,0.0,2.2577868045451966e-05,-0.0016495418196590475,1.001343079017176,0.45194828991117825,0.0
2018-07-03,-0.0028912215222549496,0.0,7.536063959839231e-06,-0.002898757586214789,1.0011980462308585,0.4510653771625947,0.0
2018-07-05,0.002877644660502789,3.550776060711084e-05,1.0958904109611317e-05,0.002831177995786067,0.9999999999946354,0.5999999999938223,0.17663995908293223
2018-07-06,0.006171956645373126,0.0,5.4751121745285916e-06,0.006166481533198597,1.0008587982377006,0.6011756094971135,0.0
2018-07-09,0.004658067579855894,0.0,1.6344345238612093e-05,0.004641723234617283,1.0013377225492148,0.6036253217429876,0.0
2018-07-10,9.257257823776654e-06,0.0,5.420376162115093e-06,3.8368816616615615e-06,1.0011604112905388,0.6054729514561372,0.0
2018-07-11,-0.01498965040179733,0.0,5.4149192512757695e-06,-0.014995065321048606,1.0007689909024224,0.6054798855592914,0.0
2018-07-12,0.005755816935049225,2.8655611615031427e-05,5.479452054906332e-06,0.0057216818713792875,1.0000000000141325,0.6000000000059704,0.140474526914156
2018-07-13,0.00014835007189627127,0.0,5.45510035207261e-06,0.00014289497154419865,1.0005319187627426,0.6023095930614422,0.0
2018-07-16,-0.00705227633337784,0.0,1.6380849889591228e-05,-0.007068657183267431,1.0009725478692324,0.6023718672225127,0.0
2018-07-17,0.00310370330394498,0.0,5.490099072688626e-06,0.0030982132048722913,1.000334890744507,0.5995576584382372,0.0
2018-07-18,0.0028283739941769434,0.0,5.4695575058167e-06,0.0028229044366711266,1.000077653311535,0.6007999553869159,0.0
2018-07-19,-0.00038277717556398105,2.050969863956724e-05,5.479452054844375e-06,-0.00040876632625839267,1.0000000000035267,0.5999999999998873,0.10114044563239938
2018-07-20,-0.00028269952707459553,0.0,5.491857077542763e-06,-0.0002881913841521383,1.0007679930452387,0.5998624263846171,0.0
2018-07-23,0.002310762120758181,0.0,1.6429498522927232e-05,0.002294332622235254,0.9995370344388453,0.5997525703809493,0.0
2018-07-24,0.0006367440752319236,0.0,5.440923950240277e-06,0.0006313031512816833,0.9978726093088076,0.6006851609412673,0.0
2018-07-25,0.005757376857777844,0.0,5.451217815505733e-06,0.005751925639962338,0.9988814286366859,0.6009425281047676,0.0
2018-07-26,-0.00011320032491901979,5.124304668501258e-05,5.479452054787097e-06,-0.00016992282365881948,0.9999999999980913,0.5999999999986332,0.2500000000014453
2018-07-27,-0.007848259127014862,0.0,5.473301365659826e-06,-0.007853732428380522,0.9995397511496925,0.5999887514565251,0.0
2018-07-30,-0.0027471577461871937,0.0,1.656809385371338e-05,-0.002763725840040907,0.9999847687607719,0.5968278183204129,0.0
2018-07-31,0.0027783033860657234,0.0,5.5300970951519975e-06,0.0027727732889705715,0.9994241748640488,0.5957270869179532,0.0
2018-08-01,-2.3703919236756077e-05,0.0,5.531756763139822e-06,-2.92356759998959e-05,1.0006687030021884,0.5968504592929814,0.0
2018-08-02,0.00739593903340432,5.161552491701414e-05,5.4794520548526485e-06,0.007338844056432453,1.0000000000046645,0.6000000000004212,0.25000000000408445
2018-08-03,-3.642752415811956e-05,0.0,5.428487865064733e-06,-4.1856012023184295e-05,0.9992504442905699,0.6029708301408443,0.0
2018-08-06,0.0031754796225394784,0.0,1.6339987457337964e-05,0.0031591396350821406,1.0005660015645224,0.6029596401026318,0.0
2018-08-07,0.0016460254162569189,0.0,5.418477369857604e-06,0.0016406069388870612,0.9997751325207873,0.6042262845211821,0.0
2018-08-08,-0.004985892819900797,0.0,5.4070050182667614e-06,-0.004991299824919064,0.999591306044629,0.6048799397111553,0.0
2018-08-09,0.0012475849079224106,4.345998833177603e-05,5.479452054807038e-06,0.0011986454675358275,0.9999999999989475,0.5999999999980338,0.20584380684652837
2018-08-10,0.0012995177289431977,0.0,5.461425736313343e-06,0.0012940563032068843,0.9992118437731567,0.6005277650222827,0.0
2018-08-13,-5.419414958191211e-06,0.0,1.624164164984009e-05,-2.16610566080313e-05,0.9962627710151365,0.6010494908690277,0.0
2018-08-14,0.003276567828046069,0.0,5.350465860734629e-06,0.0032712173621853345,0.99164109881937,0.601057090985742,0.0
2018-08-15,-0.006155383791132756,0.0,5.3554186125780845e-06,-0.006160739209745334,0.9933087565807985,0.6023631978625985,0.0
2018-08-16,0.0026707720967492315,5.1355521696865055e-05,6.504980378396038e-06,0.0026129115946739705,1.000000000048739,0.5251364324258285,0.25000000004511813
2018-08-17,-0.0009263004145244791,0.0,6.5155014999378876e-06,-0.0009328159160244169,1.0020632945643233,0.5264316850688575,0.0
2018-08-20,0.000555202343165538,0.0,1.9741811936560435e-05,0.0005354605312289776,1.0063801325905055,0.5259960421342017,0.0
2018-08-21,0.001103097511158327,0.0,6.573931218300409e-06,0.0010965235799400266,1.0061664268951231,0.5262694479591935,0.0
2018-08-22,0.0006581220835970697,0.0,6.576089532245339e-06,0.0006515459940648244,1.006849438291946,0.5267949024380362,0.0
2018-08-23,0.002351678885761497,1.4865734635667605e-05,7.399261352376223e-06,0.002329413889773453,1.0000000000066855,0.45985392128322133,0.07166019358872489
2018-08-24,6.775957948908153e-05,0.0,7.314612402402003e-06,6.044496708667953e-05,0.9950981395764896,0.4611314342011435,0.0
2018-08-27,0.0006301126994557398,0.0,2.2184057848837723e-05,0.000607928641606902,1.000983392617195,0.461171318295477,0.0
2018-08-28,0.0044463395815933174,0.0,7.432537335641231e-06,0.004438907044257676,1.0040960847477076,0.46152085924589803,0.0
2018-08-29,0.0015920762832486092,0.0,7.313576253414726e-06,0.0015847627069951946,0.9977990210394706,0.4639079545401956,0.0
2018-08-30,0.0003388911440475779,3.8748749518947974e-05,7.337820002108891e-06,0.00029280457452652105,1.0000000000894596,0.4643391399355106,0.19155125584459887
2018-08-31,0.00026242296808217145,0.0,7.288921263316151e-06,0.0002551340468188553,0.9966332632757409,0.4645420110536619,0.0
2018-09-04,-0.0014191896766893035,0.0,2.928924927250692e-05,-0.0014484789259618105,0.9992146760567393,0.46468587683348805,0.0
2018-09-05,-0.0029362204794495467,0.0,7.310157062370414e-06,-0.002943530636511917,0.9975801581289732,0.4639386925759331,0.0
2018-09-06,-0.0022928803323516095,0.0,7.345815169598225e-06,-0.0023002261475212078,0.9986079604665157,0.46236345308584526,0.0
2018-09-07,-0.0016996396154926236,1.299481908547527e-06,7.312979745670275e-06,-0.0017082520771468414,1.0000000000259532,0.4661524785920233,0.006455482306325214
2018-09-10,0.0004939503913172242,0.0,2.1993697339645976e-05,0.00047195669397757825,1.0004275677522254,0.46524759915417335,0.0
2018-09-11,0.003067082385168268,0.0,7.347501484458545e-06,0.0030597348836838094,1.0018894517607813,0.46552184339530744,0.0
2018-09-12,-0.0024904388637709742,0.0,7.295661019843958e-06,-0.002497734524790818,0.9997427958839091,0.4671595414353003,0.0
2018-09-13,0.0034416547376772792,0.0,7.369067519837448e-06,0.0034342856701574417,1.0037745577594193,0.4658326288112854,0.0
2018-09-14,0.0020617131221086892,2.5459415437483088e-05,7.317346413606924e-06,0.002028936360257599,1.0000000000692593,0.4658337118759539,0.12439456796770233
2018-09-17,-0.004573914417473521,0.0,2.1810685442736332e-05,-0.004595725102916257,0.9976746962942245,0.46694801718764034,0.0
2018-09-18,0.0028239847820731535,0.0,7.2969196340310245e-06,0.0028166878624391223,0.997183991072697,0.4645088577884321,0.0
2018-09-19,-0.0021305819520523375,0.0,7.268406290548344e-06,-0.002137850358342886,0.9966138683139001,0.46602020910387104,0.0
2018-09-20,0.0018928798032979866,0.0,7.314957268304288e-06,0.0018855648460296822,0.9988753590490514,0.46488347846283834,0.0
2018-09-21,-0.0001363175512597793,1.3550797110957905e-05,6.463754101552566e-06,-0.00015633210247228976,1.0000000000363172,0.5281459506229796,0.06509178016327581
2018-09-24,-0.0007299283783912154,0.0,1.9310125819471957e-05,-0.0007492385042106874,0.99797191910803,0.5280921908342123,0.0
2018-09-25,0.0003059399495954592,0.0,6.433916977187073e-06,0.0002995060326182721,0.9974336181643495,0.5277576788296932,0.0
2018-09-26,-0.0007950191128714475,0.0,6.431571986151334e-06,-0.0008014506848575989,0.9974102628840691,0.5279055078950217,0.0
2018-09-27,0.004784387443888582,0.0,6.412361830711777e-06,0.00477797508205787,0.995635694333205,0.5275332806912454,0.0
2018-09-28,5.9224118996176385e-05,2.3788736745862105e-06,6.457925635848301e-06,5.038731968574187e-05,0.9999999999636101,0.5285714285466843,0.011746394513226609
2018-10-01,-0.0011061071371883877,0.0,1.9457817848506664e-05,-0.0011255649550368943,1.0020775853730475,0.528604017726052,0.0
2018-10-02,-0.0052919260317255915,0.0,6.5066909978969394e-06,-0.005298432722723488,1.0030807556356403,0.5280923127891635,0.0
2018-10-03,0.003009513987166961,0.0,6.633347261543215e-06,0.003002880639905418,1.0098195144836801,0.5255851643910252,0.0
2018-10-04,-0.006698052659258454,0.0,6.571193088397219e-06,-0.006704623852346851,1.0067092193274112,0.5270121238744143,0.0
2018-10-05,-0.006386527595037992,6.307869482128467e-06,6.849315069343101e-06,-0.006399684779589463,1.0000000000482752,0.49999999998622885,0.03128652406845332
2018-10-08,-0.0001021728460804305,0.0,2.080553998543438e-05,-0.00012297838606586487,1.0030609292912662,0.49679278964569623,0.0
2018-10-09,-0.00012323998146882134,0.0,6.900999289047498e-06,-0.00013014098075786885,1.000524654623227,0.49675170652275946,0.0
2018-10-10,-0.01633118726728991,0.0,6.901144189136452e-06,-0.016338088411479046,1.000476632476289,0.49669310666932825,0.0
2018-10-11,-0.012850714697775224,0.0,7.002316927658915e-06,-0.012857717014702882,0.999509604881213,0.48834046916211216,0.0
2018-10-12,0.007355221813638013,3.573964619995204e-05,7.108029450249125e-06,0.007312374137987812,1.0000000000599096,0.4811138501917235,0.16642716151598672
2018-10-15,-0.004216359523131302,0.0,2.1173644222053482e-05,-0.004237533167353356,1.0001484753680303,0.48492313263139575,0.0
2018-10-16,0.012743247170654585,0.0,7.133606919477538e-06,0.012736113563735108,1.003505757759799,0.4827524526379387,0.0
2018-10-17,0.0001834097773116077,0.0,7.0335819311395e-06,0.0001763761953804682,1.0027158541621526,0.489264373188969,0.0
2018-10-18,-0.008036101819343876,0.0,7.024951723028258e-06,-0.008043126771066904,1.0021829470328782,0.4893614712518153,0.0
2018-10-19,-0.00245709285987869,2.7427659967533504e-05,7.07460902422298e-06,-0.0024915951288704465,1.000000000020337,0.4835535412520596,0.13390257202914538
2018-10-22,0.0011269952687140285,0.0,2.1317041349226604e-05,0.0011056782273648018,1.0010128129198699,0.48229814008868926,0.0
2018-10-23,-0.005162294768149472,0.0,7.077090118793918e-06,-0.005169371858268266,0.9995187917288966,0.4828912130569404,0.0
2018-10-24,-0.016371094983875872,0.0,7.174159329182392e-06,-0.016378269143205056,1.0039249401464727,0.4802113091161581,0.0
2018-10-25,0.012211215765644793,0.0,7.285132921006711e-06,0.012203930632723787,1.0033783130860794,0.4715636098525895,0.0
2018-10-26,-0.010347791744825294,1.7703951175429754e-06,7.117181206184222e-06,-0.010356679321149021,1.000000000008188,0.48044577195673976,0.00881554165673934
2018-10-29,-0.0012635496980269373,0.0,2.168005931388536e-05,-0.0012852297573408228,1.0025656949829984,0.47501758501178815,0.0
2018-10-30,0.008752995797311067,0.0,7.1516999267252995e-06,0.008745844097384343,0.9964377963098825,0.4743637016589357,0.0
2018-10-31,0.007927341743303834,0.0,7.083156247713563e-06,0.00792025858705612,0.9959984733293396,0.4789280672462495,0.0
2018-11-01,0.0005672284978547402,0.0,6.953565822064629e-06,0.0005602749320326756,0.9906399939585788,0.48302968894786086,0.0
2018-11-02,-0.004804510026049349,5.159240146127284e-05,7.10771993732335e-06,-0.004863210147447945,1.0000000001321179,0.4811364447075134,0.25000000011494694
2018-11-05,0.0018592604931938572,0.0,2.1473401683303003e-05,0.0018377870915105541,1.0011791986325231,0.4786597576721502,0.0
2018-11-06,0.0026598957121293097,0.0,7.105344731229867e-06,0.0026527903673980798,0.9983277118536109,0.47963754647383067,0.0
2018-11-07,0.0074512547894283925,0.0,7.043763563403566e-06,0.007444211025864989,0.9952161333958481,0.4810213932673879,0.0
2018-11-08,-0.0013120980690139508,0.0,6.997816238938222e-06,-0.0013190958852528892,0.9957038093419178,0.48486322389942765,0.0
2018-11-09,-0.0012490543431072994,5.044725960279958e-05,1.0490550429649708e-05,-0.0013099921531397488,0.9999999999943153,0.23418981862988647,0.25000000000312506
2018-11-12,-0.004484261274909443,0.0,3.1272116397513035e-05,-0.004515533391306956,0.9942011474688314,0.23324631512934735,0.0
2018-11-13,-0.007893024358793006,0.0,1.0431674149446854e-05,-0.007903456032942452,0.9913119350828447,0.22979972217322422,0.0
2018-11-14,-0.002084570018598901,0.0,1.0504463435428079e-05,-0.0020950744820343293,0.9905003301722687,0.22367449938601905,0.0
2018-11-15,0.001445444107819631,0.0,1.0589424642019323e-05,0.0014348546831776117,0.9950831503162353,0.22205515144882476,0.0
2018-11-16,-0.0025252157123759797,4.545796157967172e-05,9.642650351021136e-06,-0.0025803163243066727,0.9999999999922196,0.2960865243676767,0.22307698053067973
2018-11-19,-0.004486845468985239,0.0,2.9193337045641007e-05,-0.00451603880603088,1.004691950733205,0.294320749289274,0.0
2018-11-20,-0.013131961094656168,0.0,9.792381631343696e-06,-0.013141753476287512,1.0059926019293768,0.2911487428412871,0.0
2018-11-21,0.0031979236645130705,0.0,9.890868662070479e-06,0.003188032795851,1.0037524765695678,0.28171906423842275,0.0
2018-11-23,-0.008694300970989582,0.0,1.9808067762418e-05,-0.008714109038752001,1.0070060230961324,0.28401154976787535,0.0
2018-11-26,0.0029853656692217477,5.034170792785047e-05,3.918678166251629e-05,0.0028958371796313806,1.0000000000330262,0.04645497957846326,0.2500000000435548
2018-11-27,0.002314265786406877,0.0,1.3055290235368844e-05,0.002301210496171508,1.0023337746429748,0.04929758746104915,0.0
2018-11-28,-0.003443928255222033,0.0,1.2982526958814145e-05,-0.003456910782180847,0.9992178241891281,0.05149335619569545,0.0
2018-11-29,0.001989617975395064,0.0,1.31007838050446e-05,0.0019765171915900196,1.0045733244879231,0.04821610671966736,0.0
2018-11-30,0.0002686784110348944,0.0,1.3082045101255204e-05,0.00025559636593363915,1.005095980356516,0.05010668796488618,0.0
2018-12-03,0.0027633478959890622,5.0242604417543404e-05,4.9275211442449444e-05,0.002663830080129069,0.999999999984204,-0.1990301451153989,0.2500000000023489
2018-12-04,-0.0032904770109465696,0.0,1.6517756095201824e-05,-0.0033069947670417714,1.0100508301211997,-0.1957453648285337,0.0
2018-12-06,-0.0027251733484700926,0.0,3.320823120265167e-05,-0.002758381579672744,1.012404202649036,-0.19969623624774963,0.0
2018-12-07,0.000833464815141168,0.0,1.662803777664669e-05,0.0008168367773645213,1.0108654481938424,-0.202981309501366,0.0
2018-12-10,-0.0020694788412558536,0.0,4.9902935196775e-05,-0.002119381776452629,1.012321898795167,-0.20198285765969132,0.0
2018-12-11,0.0008434223262451709,5.143174251478877e-05,1.965781228724737e-05,0.0007723327714431347,1.0000000000019225,-0.4350202969671355,0.25000000000226025
2018-12-12,-0.003246548670837032,0.0,1.9646038370380083e-05,-0.003266194709207412,1.0003189966400137,-0.4338418043977322,0.0
2018-12-13,0.0006869020950746893,0.0,1.978752473430389e-05,0.0006671145703403854,1.0059686587188799,-0.43852064688530407,0.0
2018-12-14,0.0022734615091375655,0.0,1.9782200369769047e-05,0.0022536793087677962,1.0065587727490115,-0.4375418542441293,0.0
2018-12-17,-0.002900862296487324,0.0,5.8977490815368316e-05,-0.0029598397873026924,1.0008293000217547,-0.4342896431522075,0.0
2018-12-18,0.006958879232215577,5.46907977709168e-05,1.9681136729711656e-05,0.006884507297714949,1.0000000000323446,-0.43672298123660647,0.2500000000421348
2018-12-19,-0.0029035430352372066,0.0,1.959276049265504e-05,-0.0029231357957298617,1.0034458980408694,-0.42682561792294843,0.0
2018-12-20,-0.0011811250766370679,0.0,1.9659141361150165e-05,-0.001200784217998218,1.0041283190313381,-0.4309890003326239,0.0
2018-12-21,0.0050771414148364415,0.0,1.9676981932937128e-05,0.005057464432903504,1.0037299887412692,-0.4326896923631411,0.0
2018-12-24,-0.005418156632244116,0.0,5.844813852633842e-05,-0.005476604770770455,0.9967772393798868,-0.4254607980943478,0.0
2018-12-26,-0.008434550647018464,5.025855331869462e-05,3.285113037761453e-05,-0.008517660330714773,1.0000000000797151,-0.19906625870321512,0.25000000007004847
2018-12-27,-0.0002148662188619111,0.0,1.6689492848468907e-05,-0.00023155571171038002,1.0090495635513972,-0.20928341438683293,0.0
2018-12-28,-0.009952626896944596,0.0,1.675982020969453e-05,-0.009969386717154291,1.0139200729430475,-0.2095468023646531,0.0
2018-12-31,-0.01397145020935736,0.0,5.106802316685976e-05,-0.01402251823252422,1.0209454910010258,-0.2217097393925617,0.0
2019-01-02,-0.0009230200008819541,0.0,3.46383628258927e-05,-0.0009576583637078468,1.0252672084560621,-0.23903303468902143,0.0
2019-01-03,-0.0040887427387516955,5.2191839768618775e-05,1.6767932684596318e-05,-0.00415770251120491,0.9999999999995912,-0.22405908597594013,0.2500000000006394
2019-01-04,-0.0014033392941430719,0.0,1.6900937771038632e-05,-0.0014202402319141104,1.0046680974296365,-0.2291003598561839,0.0
2019-01-07,-0.004581131721782065,0.0,5.117089140695736e-05,-0.004632302613189023,1.0143268221856228,-0.23083153538367332,0.0
2019-01-08,-0.0005827199204920816,0.0,1.715484160376732e-05,-0.0005998747620958489,1.0157951922088246,-0.23650824486618977,0.0
2019-01-09,-0.0060499333991079875,0.0,1.7236186082407616e-05,-0.006067169585190395,1.0210083089746478,-0.2372332750411085,0.0
2019-01-10,0.0012497871712820682,5.15370099343635e-05,1.6103275779821456e-05,0.0011821468855678832,0.9999999999988266,-0.17553913192814,0.25000000000167233
2019-01-11,0.0086259177453558,0.0,1.6057682509771578e-05,0.00860986006284603,0.998127270785798,-0.17408355242752707,0.0
2019-01-14,0.019914416716162373,0.0,4.7568208513064084e-05,0.019866848507649307,0.9934478455947007,-0.16404522822319204,0.0
2019-01-15,-0.007678682025029083,0.0,1.5451716966231446e-05,-0.007694133741995315,0.9866521729491786,-0.14132316558571673,0.0
2019-01-16,-0.003989296695409124,0.0,1.567469032027274e-05,-0.004004971385729397,0.9940952163669057,-0.15015717701300424,0.0
2019-01-17,0.0001718084148289686,4.884683592854869e-05,1.668154363267546e-05,0.00010628003526774445,1.0000000000286866,-0.21775268515662197,0.23592650886625885
2019-01-18,-0.004898151432282785,0.0,1.667899725704878e-05,-0.004914830429539834,1.0000090450686097,-0.21755775469595118,0.0
2019-01-22,0.0002071020236121772,0.0,6.767275376817946e-05,0.00013942926984399773,1.0114731169972826,-0.22355463927199276,0.0
2019-01-23,-0.0013929066979475502,0.0,1.675718082880985e-05,-0.00140966387877636,0.9999578000973914,-0.22331640040572784,0.0
2019-01-24,0.0011437728713491887,0.0,1.6778063616526805e-05,0.0011269948077326619,0.9997721251473791,-0.2250265188590778,0.0
2019-01-25,-0.007008353965024783,5.087276607119525e-05,1.7368586671435147e-05,-0.007076595317767414,1.0000000000131348,-0.2679068270016308,0.250000000011057
2019-01-28,0.0034192954138410826,0.0,5.303591238582327e-05,0.003366259501455259,1.0136660248951965,-0.27687450982650297,0.0
2019-01-29,-0.004292954943329493,0.0,1.7417164644583065e-05,-0.0043103721079740765,0.9989152375384364,-0.27253778151612773,0.0
2019-01-30,-0.00937183980573422,0.0,1.7622404934451596e-05,-0.009389462210668673,1.0084064146813974,-0.27802914553356894,0.0
2019-01-31,4.010006731632e-05,0.0,1.801312924138425e-05,2.208693807493575e-05,1.0248333305809965,-0.29012510404005365,0.0
2019-02-01,-0.0061820074448898895,5.2149894265102085e-05,1.5846224522855346e-05,-0.006250003563677846,1.0000000000275184,-0.15677439014092157,0.25000000003981165
2019-02-04,-0.0005208905014906935,0.0,4.826021841993991e-05,-0.0005691507199106334,1.0103507003743235,-0.16398128117754762,0.0
2019-02-05,0.0028269973352121522,0.0,1.61086486739716e-05,0.0028108886865381806,1.0113355016734977,-0.1645958515264289,0.0
2019-02-06,0.001061706424031678,0.0,1.6004591692475944e-05,0.0010457018323392021,1.0070197790331588,-0.16131541451758505,0.0
2019-02-07,0.00836808977454866,0.0,1.597853673401857e-05,0.008352111237814642,1.006346876032849,-0.1600863055505068,0.0
2019-02-08,0.0009525698253096446,5.051943217494768e-05,1.2577404985321974e-05,0.0008894729881493749,1.0000000000807792,0.08184943615227504,0.25000000004426076
2019-02-11,0.0017291756497053007,0.0,3.768764165285895e-05,0.0016914880080524418,0.9997943681677369,0.08272842128150248,0.0
2019-02-12,-0.005723172404189509,0.0,1.2492457490218141e-05,-0.005735664861679726,0.9962643759409922,0.0843149791550678,0.0
2019-02-13,-0.0033204039076982408,0.0,1.2695407197988464e-05,-0.0033330993148962293,1.0058099088851318,0.07904518343197409,0.0
2019-02-14,-0.0010780147596979026,0.0,1.2828954625214168e-05,-0.001090843714323117,1.0124917094573747,0.07597802181674038,0.0
2019-02-15,-0.0060924648428169045,5.054182102219081e-05,9.369855075027295e-06,-0.006152376518914123,0.9999999999867526,0.3160005795097601,0.25000000001390454
2019-02-19,0.0003619449039752475,0.0,3.841981692381618e-05,0.00032352508705143135,1.0129882481122794,0.3118265892526342,0.0
2019-02-20,-0.0030120843494878245,0.0,9.641576715363704e-06,-0.003021725926203188,1.0159226662212022,0.31208756599965165,0.0
2019-02-21,-0.0022721742041134953,0.0,9.742508409247655e-06,-0.0022819167125227428,1.0212153675897329,0.31001225371465413,0.0
2019-02-22,-7.73948546667246e-05,0.0,9.75670378558788e-06,-8.715155845231248e-05,1.02068329920089,0.30844392285297495,0.0
2019-02-25,0.005093834322835084,5.157346735909586e-05,1.852171451850323e-05,0.005023739140957485,0.9999999999986257,0.5493049467150469,0.250000000002232
2019-02-26,-0.0003159279426624103,0.0,5.9823778455831336e-06,-0.0003219103205079934,0.988341130860664,0.5516275481330954,0.0
2019-02-27,-0.0062733427809809564,0.0,6.013780578928384e-06,-0.006279356561559885,0.9904951325013153,0.5514891502395431,0.0
2019-02-28,-0.0020068571107104798,0.0,6.151620112803081e-06,-0.0020130087308232827,0.9977293140311823,0.5486610457965571,0.0
2019-03-01,0.001438030602165436,0.0,6.179586438554679e-06,0.0014318510157268814,0.9988666379773956,0.5477568279629041,0.0
2019-03-04,-0.0009204752894352373,5.153825523483611e-05,1.643835616464438e-05,-0.0009884519008347178,1.000000000013768,0.6000000000074216,0.2500000000104675
2019-03-05,0.00036695822553461986,0.0,5.537806194909657e-06,0.0003614204193397102,1.0039321241434436,0.5996722719150388,0.0
2019-03-06,0.0018533237271759955,0.0,5.550113021994528e-06,0.001847773614154001,1.0049806926676346,0.5998224420620338,0.0
2019-03-07,0.0011928894522182578,0.0,5.5074590367603055e-06,0.0011873819931814975,1.0026105653614739,0.6005660556779715,0.0
2019-03-08,0.004666429614345702,0.0,5.517863043124405e-06,0.004660911751302577,1.0038492769418943,0.6010452747938128,0.0
2019-03-11,-0.0029373997925659485,8.692442229323199e-07,1.6438356165274845e-05,-0.0029547073929541558,1.0000000000432834,0.6000000000215956,0.004333279800579043
2019-03-12,0.002053028098963798,0.0,5.541694348259376e-06,0.0020474864046155384,1.0033756609111673,0.5988319734882325,0.0
2019-03-13,-0.003612639535539701,0.0,5.549946248390705e-06,-0.0036181894817880916,1.0048032877315394,0.5996572115990176,0.0
2019-03-14,-0.003970434960892953,0.0,5.682617991077652e-06,-0.0039761175788840305,1.0130401189441027,0.5982090055954343,0.0
2019-03-15,0.0029133611092946763,0.0,5.709292184974871e-06,0.0029076518171097013,1.0133890946889133,0.5966107651857478,0.0
2019-03-18,-0.002023713595576758,4.334853513362668e-05,1.6438356164394284e-05,-0.0020835004868747786,0.9999999999994089,0.5999999999991479,0.20983703375175028
2019-03-19,0.0002590377422547733,0.0,5.534637052248316e-06,0.000253503105202525,1.00325327632088,0.5992247715067529,0.0
2019-03-20,-0.00013270536988732324,0.0,5.527164434464221e-06,-0.00013823253432178746,1.002814880473091,0.5993318767572029,0.0
2019-03-21,0.0016346273417136847,0.0,5.611065616119155e-06,0.0016290162760975657,1.008889801635259,0.5992820116585605,0.0
2019-03-22,0.006710301436207863,0.0,5.574831879784406e-06,0.006704726604328079,1.0069020552944385,0.599939328070177,0.0
2019-03-25,0.0015940793902004323,4.497963796693455e-05,1.6438356164644694e-05,0.001532661396068853,1.00000000003848,0.6000000000321262,0.21386846292579811
2019-03-26,-0.002486346605077158,0.0,5.483800011588737e-06,-0.002491830405088747,1.0009908512592123,0.6006734504132347,0.0
2019-03-27,0.0018739015578186535,0.0,5.566836677342342e-06,0.0018683347211413113,1.0060604856204038,0.5996814081744128,0.0
2019-03-28,-0.0008330867512946589,0.0,5.505312267698991e-06,-0.0008385920635623578,1.0023212945203803,0.600433498978354,0.0
2019-03-29,-0.0013556174948882818,0.0,5.507739335940214e-06,-0.001361125234224222,1.0021686259125804,0.6001036543889449,0.0
2019-04-01,-0.005910514399360245,5.1173139662788346e-05,1.6438356164403272e-05,-0.005978125895187436,1.000000000002139,0.6000000000016593,0.24999999999993278
2019-04-02,-0.0001363890158223765,0.0,5.616276403746228e-06,-0.00014200529222612273,1.0076505640656397,0.5976623865921652,0.0
2019-04-03,-0.0017157028144557899,0.0,5.674218124630017e-06,-0.00172137703258042,1.0118287845793565,0.597610861481365,0.0
2019-04-04,0.0001701146867812701,0.0,5.694379200376163e-06,0.00016442030758089394,1.0126123692991533,0.5969226876716935,0.0
2019-04-05,-0.00038472039818178774,0.0,5.702287611148221e-06,-0.00039042268579293597,1.0132616399292527,0.5969946443154324,0.0
2019-04-08,-0.0026291904498600962,5.1848118349425924e-05,1.643835616508233e-05,-0.0026974769243746045,0.9999999999669464,0.5999999999499432,0.25000000003394673
2019-04-09,0.0005556284954552019,0.0,5.5153444968661335e-06,0.0005501131509583358,1.0016067102001245,0.5989865619288968,0.0
2019-04-10,0.0018044400018152544,0.0,5.491822291849465e-06,0.001798948179523405,1.0001155830222435,0.5992125557172324,0.0
2019-04-11,0.0013152025660698417,0.0,5.5037778197726396e-06,0.0013096987882500691,1.00171351965938,0.5999377388159775,0.0
2019-04-12,-0.0014467235207169752,0.0,5.45790467807052e-06,-0.0014521814253950457,0.9988935526191967,0.6004665111200485,0.0
2019-04-15,-0.0005899168031217659,4.1397042310818406e-05,1.6438356165085337e-05,-0.0006477522015976696,0.999999999986956,0.5999999999698795,0.20482207220793733
2019-04-16,-0.002700086578241308,0.0,5.469511518912589e-06,-0.0027055560897602205,0.9990729449136544,0.5997986040330353,0.0
2019-04-17,-0.0008996590355945488,0.0,5.456257480331791e-06,-0.0009051152930748806,0.9970251796878791,0.5987183836236584,0.0
2019-04-18,0.00114114223710861,0.0,5.437220832649196e-06,0.001135705016275961,0.995277430438493,0.5983603096551016,0.0
2019-04-22,-0.0020440035439885573,0.0,2.1848199314463966e-05,-0.002065851743303021,0.9975510049502986,0.5988213674613314,0.0
2019-04-23,0.0038394784296854074,4.3305910683235677e-05,5.479452054825082e-06,0.0037906930669473465,1.0000000000105043,0.6000000000082732,0.21035634999339994
2019-04-24,0.004525589353200342,0.0,5.453400837671389e-06,0.004520135952362671,0.9996574134798746,0.6015591523298631,0.0
2019-04-25,0.0007618827742666343,0.0,5.3686183574178305e-06,0.0007565141559092164,0.9952666239197856,0.603357483828284,0.0
2019-04-26,0.004104096720478447,0.0,5.332417640124353e-06,0.0040987643028383225,0.9929291749633417,0.6036626872342638,0.0
2019-04-29,-0.0022303800025758993,0.0,1.5808763126613003e-05,-0.0022461887657025123,0.9899657626268396,0.6052858598792563,0.0
2019-04-30,0.0020303528654560766,2.246814108925972e-05,5.479452056518023e-06,0.002002405272310299,0.9999999998662871,0.5999999997404714,0.10822006560417685
2019-05-01,0.00021605808308024173,0.0,5.46124324184577e-06,0.00021059683983839594,0.9994980096016203,0.6008272529468789,0.0
2019-05-02,-0.0008944672095972596,0.0,5.438808429540261e-06,-0.0008999060180267999,0.9979497752157658,0.6009167598593268,0.0
2019-05-03,0.00234711337192402,0.0,5.44999226129747e-06,0.002341663379662722,0.9984121777507817,0.6005627426760665,0.0
2019-05-06,0.0017072367986115129,0.0,1.631628262551237e-05,0.0016909205159860005,0.998530886269185,0.6015013423817172,0.0
2019-05-07,-0.002447149247023688,1.550409902178741e-06,5.479452055011152e-06,-0.002454179108980878,1.0000000001473708,0.6000000001315567,0.007675693145180795
2019-05-08,0.0006521347648918017,0.0,5.477391512988839e-06,0.0006466573733788128,0.9988725409682264,0.5990229605200412,0.0
2019-05-09,0.0013715972317165787,0.0,5.431557223704558e-06,0.001366165674492874,0.9957912388949062,0.5992875615644732,0.0
2019-05-10,0.0023411357599648123,0.0,5.405293889434245e-06,0.002335730466075378,0.994426132346037,0.5998396784173372,0.0
2019-05-13,-0.00013855755449309433,0.0,1.6150323001089396e-05,-0.00015470787749418373,0.9937687527542202,0.6007775597277116,0.0
2019-05-14,-0.001514892415362746,1.857872620675863e-06,5.47945205487068e-06,-0.0015222297400382925,1.0000000000319273,0.6000000000263679,0.009194760163376975
2019-05-15,0.0019449164107440441,0.0,5.55883869409333e-06,0.0019393575720499509,1.0051927530235854,0.5993975283547721,0.0
2019-05-16,-0.0009550109027407316,0.0,5.554605401999546e-06,-0.0009605655081427312,1.0056646784238052,0.6001784840778384,0.0
2019-05-17,0.0017955516123315286,0.0,5.601628516533865e-06,0.0017899499838149948,1.0087185017088407,0.5997996200018687,0.0
2019-05-20,-0.005178095544170561,0.0,1.6617856113464426e-05,-0.005194713400284025,1.004888102460279,0.6005202703659779,0.0
2019-05-21,0.0029333536574536506,6.0273787343514154e-05,6.249749490401069e-06,0.0028668301206197355,1.0000000000802367,0.5437682872809587,0.2500000000397432
2019-05-22,0.0051774039947213,0.0,6.191735284207826e-06,0.005171212259437092,0.9971354962949182,0.5451388205477468,0.0
2019-05-23,0.00021650557437505793,0.0,6.0522065588381185e-06,0.00021045336781621982,0.9892961418676319,0.5474850630724493,0.0
2019-05-24,-0.0015668016483915584,0.0,6.070530196853566e-06,-0.001572872178588412,0.9907350316303926,0.5475863272600824,0.0
2019-05-28,-0.0009144843658324756,0.0,2.451592815787831e-05,-0.0009390002939903538,0.9942953863541598,0.5468796974728807,0.0
2019-05-29,-0.0038700308706184697,2.3518444953705046e-05,5.479452055454685e-06,-0.0038990287676276296,1.0000000001077978,0.6000000000596057,0.10852449003717418
2019-05-30,0.0050513034909304075,0.0,5.557433092856908e-06,0.005045746057837551,1.004156010961733,0.5984633951831786,0.0
2019-05-31,0.007286279061391927,0.0,5.4592232355134e-06,0.007280819838156413,0.9990081010297882,0.6004848048373098,0.0
2019-06-03,0.004836538783522687,0.0,1.5766695669282022e-05,0.004820772087853405,0.987034258691149,0.6033779974052863,0.0
2019-06-04,-0.0009234047367918483,0.0,5.147620425757491e-06,-0.0009285523572176058,0.9810728306064836,0.6052965395261868,0.0
2019-06-05,0.006415658231406552,6.854457983628166e-06,5.479452054683345e-06,0.00640332432136824,0.9999999999465091,0.5999999999546249,0.03187991439833249
2019-06-06,0.002387087688847376,0.0,5.350969035723788e-06,0.002381736719811652,0.9931780280537448,0.6025572884459083,0.0
2019-06-07,0.0024116342845610945,0.0,5.287450163765747e-06,0.0024063468343973288,0.9894908433514004,0.603506981396501,0.0
2019-06-10,-0.0031572968753296508,0.0,1.5803849747098157e-05,-0.003173100725076749,0.9890244093366171,0.6044640654905621,0.0
2019-06-11,-0.0019127347421997415,0.0,5.324815689886047e-06,-0.0019180595578896275,0.9919323944906662,0.6032208491289849,0.0
2019-06-12,0.001903172605493113,1.5183716779806975e-06,5.479452054790993e-06,0.0018961747817603412,0.9999999999927722,0.5999999999930299,0.00748177284405277
2019-06-13,0.00460350395909645,0.0,5.442486096170453e-06,0.004598061473000279,0.9980655040363192,0.600764019015876,0.0
2019-06-14,-0.003231182590333146,0.0,5.341607786665138e-06,-0.003236524198119811,0.992534114519562,0.6025967460930067,0.0
2019-06-17,0.0016468253469839227,0.0,1.6366775429350896e-05,0.001630458571554572,0.9995699255604257,0.6013117234462205,0.0
2019-06-18,0.005758019997431639,0.0,5.428627976465805e-06,0.005752591369455173,0.9982668924339091,0.6019770501519053,0.0
2019-06-19,0.006075832678860763,1.9515664013405865e-06,5.4794520550112326e-06,0.006068401660404411,1.0000000000406464,0.6000000000248262,0.009372581903316413
2019-06-20,0.00756468565146865,0.0,5.362651499355537e-06,0.007559322999969294,0.9938936649879517,0.6024201055349974,0.0
2019-06-21,-0.0023828780984839716,0.0,5.181273400081985e-06,-0.0023880593718840536,0.9836412723986021,0.6054083141926172,0.0
2019-06-24,-0.0062597398803477785,0.0,1.5467638022187945e-05,-0.006275207518369966,0.9808481356936763,0.6044689438204364,0.0
2019-06-25,-0.0018455400120178254,0.0,5.376009813737648e-06,-0.001850916021831563,0.9944355124112082,0.6019867960083598,0.0
2019-06-26,-0.00403327023526053,1.824825490308773e-06,5.4794520550805054e-06,-0.004040574512805919,1.000000000061928,0.600000000041051,0.008954031991690203
2019-06-27,0.00025073015770697834,0.0,5.515152108646918e-06,0.00024521500559833144,1.0009906510871103,0.5983845471558855,0.0
2019-06-28,0.0016603951707670661,0.0,5.601284050084862e-06,0.0016547938867169812,1.007382254604263,0.598488518948068,0.0
2019-07-01,0.0037388111736820838,0.0,1.671324107520638e-05,0.0037220979326068773,1.0058462982264313,0.5991574320630761,0.0
2019-07-02,0.0051026881233258705,0.0,5.455919014751096e-06,0.005097232204311119,0.9989426140118068,0.6006605259349769,0.0
2019-07-03,-0.0008983667764115599,5.079536490834113e-05,5.479452054715538e-06,-0.0009546415933746166,0.9999999999301575,0.5999999999359235,0.24999999999827893
2019-07-05,-0.012938767580821901,0.0,1.1142178742605816e-05,-0.012949909759564508,1.0063636311096404,0.5996741070045282,0.0
2019-07-08,-6.976804591770226e-05,0.0,1.7621395215723052e-05,-8.738944113342531e-05,1.0232204792482607,0.5944331956656661,0.0
2019-07-09,-0.0019596478627564723,0.0,5.863446964878592e-06,-0.001965511309721351,1.0224470016831548,0.5944153732470177,0.0
2019-07-10,-0.0018454801234729856,0.0,5.911797775655561e-06,-0.0018513919212486411,1.0251837347389037,0.5936224971160479,0.0
2019-07-11,-0.001549274511396689,2.429431789846132e-05,5.479452055034922e-06,-0.0015790482813501851,1.000000000035005,0.6000000000174557,0.11808865588400072
2019-07-12,-0.002509971489109907,0.0,5.424437431382432e-06,-0.002515395926541289,0.9953811351196336,0.5993972026287158,0.0
2019-07-15,0.005073813472993712,0.0,1.6590758734379394e-05,0.005057222714259332,1.0021008875445094,0.5983924250079442,0.0
2019-07-16,0.003943470867198369,0.0,5.407962903745728e-06,0.003938062904294623,0.9952110235773918,0.6004297316039536,0.0
2019-07-17,0.003747105184704899,0.0,5.238268779314482e-06,0.0037418669159255845,0.9843960997308923,0.602002478840935,0.0
2019-07-18,0.0032711930643061935,5.1514186063424056e-05,5.479452055013196e-06,0.003214199426187756,1.0000000000399378,0.6000000000239746,0.25000000002311346
2019-07-19,-0.000486698590455086,0.0,5.402724438101389e-06,-0.0004921013148931874,0.9957372556206145,0.6013383716392132,0.0
2019-07-22,-0.002573196183073974,0.0,1.6087250473338407e-05,-0.0025892834335473126,0.992603926707794,0.6011474985232262,0.0
2019-07-23,0.0004944027671738483,0.0,5.475957045034316e-06,0.0004889268101288141,0.9998730686452052,0.6001282043577002,0.0
2019-07-24,0.00610192229746035,0.0,5.449804454847936e-06,0.006096472493005502,0.9981648153417045,0.6003290901378052,0.0
2019-07-25,-0.0023196201901262217,3.1331158125187656e-05,5.479452054856801e-06,-0.002356430800306266,1.0000000000381895,0.6000000000336431,0.15500536935614
2019-07-26,0.004142498917966495,0.0,5.5050381372261785e-06,0.004136993879829269,1.0009598829351374,0.5990920989176265,0.0
2019-07-29,0.0022039360443861368,0.0,1.6153326858922814e-05,0.002187782717527214,0.9938135885518049,0.6007493016513497,0.0
2019-07-30,-0.0013941922939803273,0.0,5.309137540941242e-06,-0.0013995014315212686,0.9892040271827321,0.6016369866940215,0.0
2019-07-31,-0.004947154779416868,0.0,5.3724297883767785e-06,-0.004952527209205245,0.9932713868872743,0.6010840123357696,0.0
2019-08-01,0.014245145475197039,1.3930066384452873e-06,5.479452054832742e-06,0.014238273016503761,1.000000000031634,0.6000000000288436,0.006876490046450717
2019-08-02,0.003189791737118485,0.0,5.202756099623297e-06,0.003184588981018862,0.9854233275128658,0.6056221322403652,0.0
2019-08-05,0.008528831533310743,0.0,1.545492817322206e-05,0.008513376605137521,0.9829491818455769,0.6068792629638402,0.0
2019-08-06,0.0027673039915163964,0.0,4.993809353341871e-06,0.0027623101821630546,0.9747612031877986,0.6102131203938421,0.0
2019-08-07,0.002443841210657377,0.0,4.994844684947898e-06,0.002438846365972429,0.9759155086941619,0.6112918466929653,0.0
2019-08-08,-0.0017227141865591214,7.330834644024104e-06,5.479452055030276e-06,-0.0017355244732581757,1.0000000001013791,0.600000000084169,0.03574168521504077
2019-08-09,-0.00274909395548998,0.0,5.571817701145749e-06,-0.0027546657731911256,1.0060601081238638,0.599317415940224,0.0
2019-08-12,0.006232808190459184,0.0,1.6882511841199773e-05,0.0062159256786179845,1.0090239958329064,0.5982162076970454,0.0
2019-08-13,-0.006447780242859602,0.0,5.57644630860238e-06,-0.006453356689168205,1.0077955965220293,0.6007150159940555,0.0
2019-08-14,0.006517675134179978,0.0,5.75235689514193e-06,0.006511922777284835,1.0180492170292899,0.5981271636839287,0.0
2019-08-15,0.00040240839562698044,3.2269255168394145e-06,5.479452055580472e-06,0.0003937020180545605,0.9999999998696338,0.5999999998122594,0.015911925099479973
2019-08-16,-0.00037913161680750205,0.0,5.589448213498081e-06,-0.0003847210650210001,1.0081958411800065,0.6001661215946464,0.0
2019-08-19,-0.005037426976429009,0.0,1.6673485009269815e-05,-0.005054100461438279,1.0057392980351254,0.6000178294762265,0.0
2019-08-20,0.0024099250939463085,0.0,5.616498980937374e-06,0.002404308594965371,1.0080071941767885,0.5980027685683603,0.0
2019-08-21,0.0016057384435350947,0.0,5.630423227724258e-06,0.0016001080203073704,1.0099934743669567,0.598972578743086,0.0
2019-08-22,-0.00021220700089889092,1.77020035628321e-06,5.47945205487662e-06,-0.00021945665331005076,1.0000000000668505,0.6000000000608574,0.008803538131235508
2019-08-23,0.006519869658983909,0.0,5.432108089602841e-06,0.006514437550894306,0.9964633399155813,0.5999194493745739,0.0
2019-08-26,-0.005500515918326427,0.0,1.6059529962280525e-05,-0.0055165754482887075,0.9932961731487397,0.6025142773999138,0.0
2019-08-27,0.00547659916394449,0.0,5.514235283984417e-06,0.005471084928660506,1.0028646781400217,0.6003255024091595,0.0
2019-08-28,-0.002534367320296146,0.0,5.458085539254171e-06,-0.0025398254058354003,1.0009459858569534,0.6025057414913988,0.0
2019-08-29,-0.005847750982499557,5.057373341705017e-05,5.479452054801936e-06,-0.005903804167971409,1.0000000000058202,0.6000000000052789,0.250000000004196
2019-08-30,0.0009823528070123757,0.0,5.630914031067289e-06,0.0009767218929813083,1.0087375639229637,0.5976808396550514,0.0
2019-09-03,-0.0014582668986360152,0.0,2.230010204967019e-05,-0.0014805670006856854,1.0050558979807662,0.5980790355742853,0.0
2019-09-04,-0.006409000735994547,0.0,5.6706118694039264e-06,-0.0064146713478639514,1.0114600819430213,0.5975054154765347,0.0
2019-09-05,-0.006890728217056234,0.0,5.9373218204310405e-06,-0.006896665538876664,1.0283370763355084,0.5949125834440425,0.0
2019-09-06,-0.00270234432946553,4.243496913424307e-05,5.479452055389664e-06,-0.002750258750655163,0.9999999998935397,0.5999999998500943,0.20447838549441774
2019-09-09,-0.011461230758761074,0.0,1.672842344422466e-05,-0.011477959182205299,1.006003212807227,0.5989449089977602,0.0
2019-09-10,-0.005887574490645743,0.0,5.825673013218274e-06,-0.005893400163658961,1.0195792177432295,0.5943050877782953,0.0
2019-09-11,0.0025262247912872468,0.0,5.859869963139901e-06,0.002520364921324107,1.0196763586379536,0.5919058513287411,0.0
2019-09-12,-0.0029802199060110553,0.0,5.780936441024959e-06,-0.0029860008424520803,1.0149460170439955,0.5929376568491737,0.0
2019-09-13,-0.008988681422220896,2.1568077211163777e-05,5.4794520550314165e-06,-0.009015728951487091,1.0000000000328129,0.6000000000155196,0.09872070333386315
2019-09-16,0.0007263583750442595,0.0,1.6795247134317287e-05,0.0007095631279099423,1.0050725398253184,0.5963881928902643,0.0
2019-09-17,0.0036830263378601308,0.0,5.695730033123575e-06,0.0036773306078270074,1.012479453636579,0.5966911612185583,0.0
2019-09-18,0.0008426809756217974,0.0,5.620807488700091e-06,0.0008370601681330973,1.0084934488259438,0.5981745021508373,0.0
2019-09-19,0.004969262881002685,0.0,5.576582772858781e-06,0.004963686298229826,1.0056067314833013,0.5985161890646102,0.0
2019-09-20,0.006626027083932557,1.8201518544146943e-05,5.479452055023127e-06,0.006602346113333387,1.000000000026174,0.6000000000094857,0.08216315087199104
2019-09-23,0.0002214983055386823,0.0,1.6226642864625103e-05,0.0002052716626740572,0.9974954517830907,0.6026471420772133,0.0
2019-09-24,0.004173151291984237,0.0,5.431454003057631e-06,0.0041677198379811795,0.9992410561553079,0.6027449139321007,0.0
2019-09-25,-0.007298389766198461,0.0,5.3849765291388295e-06,-0.0073037747427276,0.9975023857358062,0.6043990991086717,0.0
2019-09-26,0.0031138592489733416,0.0,5.45317042019683e-06,0.0031084060785531446,0.9995753258633905,0.6014938851890217,0.0
2019-09-27,0.0008244227628478117,1.0915896395051563e-05,5.479452055573663e-06,0.0008080274143971865,1.0000000001091378,0.6000000000522603,0.050210249197198964
2019-09-30,-0.000791527699944785,0.0,1.6329069923068843e-05,-0.0008078567698678538,0.9976800336381103,0.6003393321767684,0.0
2019-10-01,0.002422505667910988,0.0,5.444090595920336e-06,0.0024170615773150676,0.9974511583324904,0.600032544830306,0.0
2019-10-02,0.003302566459376601,0.0,5.417908852781758e-06,0.003297148550523819,0.9965097369648213,0.601002390711753,0.0
2019-10-03,0.0015238031076581465,0.0,5.370864935544994e-06,0.0015184322427226015,0.9943921621759657,0.6023190218811812,0.0
2019-10-04,0.0027076976219988884,9.181341667435144e-07,5.479452057010847e-06,0.002701300035775134,1.0000000003446965,0.6000000001829048,0.004527755041165417
2019-10-07,-0.0013239729167923027,0.0,1.6330048156623964e-05,-0.0013403029649489268,0.9984484947468035,0.601083989602287,0.0
2019-10-08,0.0008232042350816379,0.0,5.390390504550718e-06,0.0008178138445770871,0.9940634625084345,0.6005649556762321,0.0
2019-10-09,-0.00026765453790603496,0.0,5.402053244706206e-06,-0.0002730565911507412,0.9952466251031731,0.6008967382396201,0.0
2019-10-10,-0.003449637472614803,0.0,5.382312559628491e-06,-0.0034550197851744313,0.9937019510798126,0.6007931342269327,0.0
2019-10-11,-0.00615630733772386,2.1512132399824733e-05,5.479452054689049e-06,-0.006183298922178374,0.9999999999284741,0.5999999999361736,0.098401516501188
2019-10-14,0.0025658835461477986,0.0,1.6755930376403575e-05,0.002549127615771395,1.0052660906204842,0.5975384514613306,0.0
2019-10-15,-0.004295176680612804,0.0,5.562110835781611e-06,-0.004300738791448586,1.0046125730806885,0.5985784820686308,0.0
2019-10-16,0.0018815098817144967,0.0,5.6088816169465026e-06,0.0018759010000975501,1.006298560242421,0.5968502022053264,0.0
2019-10-17,0.000634124472372364,0.0,5.5896628880487816e-06,0.0006285348094843152,1.0056560444917244,0.5976106536641633,0.0
2019-10-18,0.0009763076281519591,5.093019224843401e-05,5.479452054963017e-06,0.0009198979838485621,0.9999999999293099,0.5999999999170096,0.2500000000756101
2019-10-21,-0.0009299733394353869,0.0,1.644379937518903e-05,-0.000946417138810576,1.0005564302005994,0.6004239787376665,0.0
2019-10-22,0.0015930902435419146,0.0,5.476908980404756e-06,0.0015876133345615099,0.9998762698477988,0.6000619142782515,0.0
2019-10-23,-0.00012732271483157864,0.0,5.4571172783128466e-06,-0.00013277983210989149,0.999070884408003,0.6007013230911651,0.0
2019-10-24,0.0008404961836436321,0.0,5.482616759392621e-06,0.0008350135668842395,1.000884778516751,0.6006537550810893,0.0
2019-10-25,-0.002478721147295506,3.274430395221939e-07,5.479452054801774e-06,-0.0024845280423898297,1.000000000001671,0.600000000001142,0.0016346720740662013
2019-10-28,-0.004357320306558971,0.0,1.6534600582556643e-05,-0.004373854907141528,1.0013514823496956,0.5990095348408173,0.0
2019-10-29,0.0007411083732313169,0.0,5.553730086816691e-06,0.0007355546431445002,1.0026868594119411,0.5972645630743227,0.0
2019-10-30,0.003544754759492171,0.0,5.533956607457281e-06,0.003539220802884714,1.0015449612512322,0.5975661289068507,0.0
2019-10-31,0.00484393163294285,0.0,5.518401961340387e-06,0.00483841323098151,1.0018342657104247,0.5989909225325762,0.0
2019-11-01,-0.002477338852843284,2.4693878922298064e-07,5.4794520548008296e-06,-0.002483065243687308,1.000000000001852,0.6000000000013915,0.0012321379231069254
2019-11-04,-0.004163741417745724,0.0,1.6655428499444527e-05,-0.004180396846245168,1.004292135651351,0.5990100421648676,0.0
2019-11-05,-0.008143211583496238,0.0,5.584134378229372e-06,-0.008148795717874469,1.004985242962776,0.5973434333520319,0.0
2019-11-06,0.004234675358196457,0.0,5.667638223918654e-06,0.004229007719972538,1.0077785303830127,0.5940409400369508,0.0
2019-11-07,-0.007003327127314907,0.0,5.602343032750204e-06,-0.007008929470347657,1.0047271993944933,0.5957561580037283,0.0
2019-11-08,-0.0023167071182750563,2.751738315244362e-06,5.479452055304091e-06,-0.002324938308645605,0.9999999999717802,0.5999999999345816,0.013478882013206045
2019-11-11,0.0010797498644025108,0.0,1.6517997373917892e-05,0.001063231867028593,1.0010140439078155,0.5990761078091466,0.0
2019-11-12,-0.0017686304750551686,0.0,5.4783817484798825e-06,-0.0017741088568036484,0.9994402982123238,0.5995184305732927,0.0
2019-11-13,0.0034260003643360754,0.0,5.5371483437876005e-06,0.0034204632159922877,1.003023987147893,0.5988121580513981,0.0
2019-11-14,0.004298254304863014,0.0,5.505865194289416e-06,0.004292748439668724,1.002113406039209,0.6001852468560815,0.0
2019-11-15,0.0005838423669563594,5.0732538329196055e-05,5.479452054921985e-06,0.0005276303765722413,1.0000000001280762,0.6000000001187714,0.25000000010584017
2019-11-18,0.003221287208408328,0.0,1.6424187390963685e-05,0.0032048630210173646,0.9999223498308575,0.600267123317408,0.0
2019-11-19,0.0016705888824066694,0.0,5.4048915647006004e-06,0.0016651839908419688,0.9961175757746815,0.6015604915515377,0.0
2019-11-20,-0.0002158038251138057,0.0,5.3623846830101035e-06,-0.00022116620979681581,0.9936823414370012,0.6022282595772636,0.0
2019-11-21,-0.004186815127939107,0.0,5.3860774122015276e-06,-0.0041922012053513084,0.9953292811095986,0.602145630018887,0.0
2019-11-22,-0.002372154315680715,5.388788375907818e-05,5.479452054852905e-06,-0.0024315216514946463,1.0000000000403635,0.6000000000361015,0.25000000002246264
2019-11-25,0.0042878033269396695,0.0,1.6696618892669776e-05,0.004271106708047,1.0053689257878007,0.5990845327328361,0.0
2019-11-26,0.005238630616077038,0.0,5.446265575267413e-06,0.00523318435050177,0.9983836155413144,0.6008062285467932,0.0
2019-11-27,0.0012265372009418578,0.0,5.357091150101336e-06,0.0012211801097917565,0.9939574795200565,0.6028898255626589,0.0
2019-11-29,0.005782837472208126,0.0,1.0619798962479702e-05,0.005772217673245646,0.9910021898162447,0.6033795276857356,0.0
2019-12-02,-0.0042032767394355325,5.054728754565303e-05,1.6438356164553936e-05,-0.0042702623831457395,1.0000000002403626,0.6000000002362169,0.2500000001542929
2019-12-03,-0.0026291360718490035,0.0,5.5111464086677816e-06,-0.0026346472182576714,1.0006655306959944,0.5983518428632462,0.0
2019-12-04,0.0023365479763947567,0.0,5.654364829229514e-06,0.002330893611565527,1.01006500455016,0.5972963720164057,0.0
2019-12-05,-7.217006445859366e-06,0.0,5.60812060662335e-06,-1.2825127052482716e-05,1.0076312940024266,0.5982384897189221,0.0
2019-12-06,0.0028032510519510057,0.0,5.618244493570521e-06,0.002797632807457435,1.0083707932336041,0.5982389452029561,0.0
2019-12-09,0.004136315436421875,5.174663441027134e-05,1.643835616434148e-05,0.004068130445847262,1.000000000039127,0.600000000040151,0.2500000000193473
2019-12-10,-0.000661563735776395,0.0,5.316850996837337e-06,-0.0006668805867732323,0.9898186906637283,0.6016885678946027,0.0
2019-12-11,0.0038338400605708155,0.0,5.3490015238897925e-06,0.0038284910590469256,0.9919051961169231,0.6014280848729682,0.0
2019-12-12,-0.005596130062259031,0.0,5.294949027420704e-06,-0.005601425011286451,0.9894848017643328,0.6029535227626214,0.0
2019-12-13,0.0048151795405842,0.0,5.484919475940533e-06,0.004809694621108259,1.0011214153241201,0.6007222935804614,0.0
2019-12-16,-0.000850301914191576,5.041103533842958e-05,1.6438356164475758e-05,-0.0009171513056944813,1.0000000000226301,0.6000000000203866,0.2499999999964099
2019-12-17,0.002269451272917129,0.0,5.5889210759875365e-06,0.0022638623518411415,1.0076909520285293,0.5996997134814391,0.0
2019-12-18,0.0022736879648756723,0.0,5.51353298061836e-06,0.002268174431895054,1.0030973751776544,0.6006094675925142,0.0
2019-12-19,0.0014724299173475355,0.0,5.4442100351002425e-06,0.0014669857073124353,0.9989461385436768,0.6015188059813589,0.0
2019-12-20,-0.0012408585712734357,0.0,5.436358740965776e-06,-0.0012462949300144014,0.9989621402291616,0.60210795213866,0.0
2019-12-23,0.006258660730345179,2.313761687439272e-05,1.6438356164664392e-05,0.006219084757306122,0.9999999999991138,0.5999999999922804,0.11523487158259572
2019-12-24,0.001120566041660562,0.0,5.297182035950819e-06,0.0011152688596246113,0.9892058787010891,0.6025115900766793,0.0
2019-12-26,-0.0007576734100285625,0.0,1.053877115285754e-05,-0.00076821218118142,0.9876248410273711,0.6029596939480709,0.0
2019-12-27,0.0006896830737968102,0.0,5.372871106865282e-06,0.000684310202689945,0.9948845859296372,0.6026649951284718,0.0
2019-12-30,0.001275825195093769,0.0,1.606491150523401e-05,0.001259760283588535,0.9938549254134853,0.6029420787861239,0.0
2019-12-31,0.0005745055414224483,2.5783593141812013e-06,5.4794520549504495e-06,0.0005664477300533167,1.000000000142581,0.6000000001311981,0.012599243496204338
2020-01-02,0.008761595121391325,0.0,1.0941898255996591e-05,0.008750653223135329,0.9996137905440922,0.6002345042002167,0.0
2020-01-03,-0.0012849518964227254,0.0,5.333065290292771e-06,-0.0012902849617130183,0.9930269805280953,0.603713214336723,0.0
2020-01-06,-0.0007041716696334537,0.0,1.5906271270282357e-05,-0.0007200779409037361,0.9902591717176235,0.6032065708074195,0.0
2020-01-07,-0.0014925513666527225,0.0,5.353379187427132e-06,-0.0014979047458401496,0.9937332411369145,0.602936560454734,0.0
2020-01-08,0.0020792728804837485,8.157821852047727e-06,5.479452054680148e-06,0.0020656356065770205,1.0000000001237959,0.6000000001321449,0.03861221462440485
2020-01-09,0.0030533535894338216,0.0,5.463951378682829e-06,0.003047889638055139,0.9997066109587385,0.600838160314892,0.0
2020-01-10,-0.0042804082560249385,0.0,5.460515231590606e-06,-0.004285868771256529,1.000674124005688,0.6020565120995738,0.0
2020-01-13,0.003878469053421047,0.0,1.676388211563418e-05,0.0038617051713054126,1.0082702528752177,0.600349121394786,0.0
2020-01-14,-5.959531508357917e-05,0.0,5.533533916087657e-06,-6.512884899966682e-05,1.0058511935542664,0.6019032176798675,0.0
2020-01-15,0.0044521375773722135,1.235142637903396e-06,5.479452054707047e-06,0.004445422982679603,1.0000000000936011,0.6000000000999866,0.006151661075660786
2020-01-16,0.006794271175501709,0.0,5.356528118293726e-06,0.006788914647383415,0.9928035370757221,0.6017769844402802,0.0
2020-01-17,0.005569577838393856,0.0,5.221210198219981e-06,0.0055643566281956365,0.9856159212996338,0.6044675768295753,0.0
2020-01-21,0.005568886124364258,0.0,2.0300231444193745e-05,0.005548585892920064,0.9771406977312791,0.6066614738747433,0.0
2020-01-22,0.0006583021697329575,0.0,4.886434496503084e-06,0.0006534157352364545,0.965561810116001,0.6088520918712758,0.0
2020-01-23,0.00014738861835873323,7.016402493576348e-06,5.4794520552719095e-06,0.00013489276380988498,0.999999999983411,0.5999999999485617,0.03395187248191389
2020-01-24,0.0006815877873609945,0.0,5.483630477639208e-06,0.0006761041568833553,1.000371468813489,0.6000664439458272,0.0
2020-01-27,-0.006561189391958322,0.0,1.6125173348831348e-05,-0.006577314565307153,0.9927213560730853,0.6003421379181891,0.0
2020-01-28,0.0027109220693589137,0.0,5.397689339857963e-06,0.0027055243800190557,0.9917436120885769,0.5977122902789457,0.0
2020-01-29,0.003493229871875214,0.0,5.456275007466103e-06,0.003487773596867748,0.9971112114104145,0.5988031358653889,0.0
2020-01-30,0.005129013602808521,2.2617099161936477e-06,5.479452054431224e-06,0.005121272440837896,1.0000000000140241,0.6000000000405447,0.011240190236162295
2020-01-31,-0.0063410460891744945,0.0,5.3455839691758134e-06,-0.00634639167314367,0.9922734029666894,0.6020457732168549,0.0
2020-02-03,0.0050697700972534366,0.0,1.616987911001953e-05,0.005053600218143417,0.9929765072459728,0.5995094489021641,0.0
2020-02-04,0.002305245199609539,0.0,5.314142674613633e-06,0.0022999310569349254,0.9894716952097703,0.601539279962975,0.0
2020-02-05,0.0033136922293554036,0.0,5.42671388698887e-06,0.003308265515468415,0.9986090249523708,0.6024589112021832,0.0
2020-02-06,0.0023769107102325974,2.114704264914754e-06,5.479452054512709e-06,0.00236931655391317,1.0000000000542224,0.6000000000747947,0.010535311292207805
2020-02-07,-0.000551619580733352,0.0,5.456607362772438e-06,-0.0005570761880961244,0.999285400227728,0.6009530627453398,0.0
2020-02-10,0.00995687453868539,0.0,1.6302116936011822e-05,0.009940572421749378,0.9974209443836105,0.6007360989406562,0.0
2020-02-11,-0.0014669069989522278,0.0,5.209995390901414e-06,-0.0014721169943431292,0.9850117509332359,0.6046820873974328,0.0
2020-02-12,-0.001103503732607949,0.0,5.2698299076580354e-06,-0.001108773562515607,0.9888020761478579,0.6041044928888212,0.0
2020-02-13,0.0001603263580116956,1.5558369751055338e-05,5.479452054540038e-06,0.00013928853620610022,1.0000000000470202,0.6000000000655973,0.0736907925570097
2020-02-14,0.0004370583779896158,0.0,5.455010098279303e-06,0.0004316033678913365,0.9982924797869082,0.6000767426125192,0.0
2020-02-18,-0.008634405939653382,0.0,2.1872493547771808e-05,-0.008656278433201154,0.9994277362747032,0.6002547290278678,0.0
2020-02-19,-0.0003424125229401491,0.0,5.737903595482902e-06,-0.000348150426535632,1.0156532336872324,0.5967862712169805,0.0
2020-02-20,0.002164293067183168,0.0,5.810165581130689e-06,0.0021584829016020376,1.020793670619764,0.5966515831972238,0.0
2020-02-21,-0.002735104672859515,9.432000384774629e-06,5.479452054688951e-06,-0.0027500161252989783,1.000000000034049,0.6000000000417555,0.04527096003994566
2020-02-24,-0.007652273971894323,0.0,1.634905090245416e-05,-0.007668623022796777,0.9967388180797444,0.598911912786693,0.0
2020-02-25,-0.007533817032960074,0.0,5.318809330094142e-06,-0.007539135842290168,0.9841019065602656,0.5958288254633932,0.0
2020-02-26,0.002812596026230535,0.0,5.295524062977129e-06,0.002807300502167558,0.9793371928657014,0.5927639362683711,0.0
2020-02-27,-0.009256211269131811,0.0,5.2022042021516965e-06,-0.009261413473333962,0.9736701573143439,0.5939092505572702,0.0
2020-02-28,0.005811452718676828,3.071538506258885e-05,5.479452054880169e-06,0.005775257881559358,0.9999999999926024,0.5999999999863498,0.15203029987976244
2020-03-02,0.007081385575078901,0.0,1.5869387281905452e-05,0.007065516187796996,0.9884879158347087,0.602332825308343,0.0
2020-03-03,-0.009061741854807251,0.0,5.4622590842003136e-06,-0.00906720411389145,1.0038835074958097,0.6051385943491867,0.0
2020-03-04,0.011758970133190317,0.0,5.6144420980588095e-06,0.011753355691092258,1.0113853305307132,0.6015310573724202,0.0
2020-03-05,-0.0025013895954627517,0.0,5.623195500259466e-06,-0.002507012790963011,1.0166588197287558,0.6061655482098148,0.0
2020-03-06,0.0029952121637554273,1.2722668679386265e-06,5.479452054897592e-06,0.0029884604448325914,1.0000000000240015,0.6000000000164772,0.00634555752488105
2020-03-09,-0.0267502612693725,0.0,1.5717008071231938e-05,-0.026765978277443734,0.9836457504818454,0.6011985540818683,0.0
2020-03-10,-0.0027179123011278187,0.0,5.300934519152876e-06,-0.0027232132356469715,0.9772150464484305,0.5902468265502705,0.0
2020-03-11,-0.014988478692746665,0.0,5.689902078791313e-06,-0.014994168594825457,1.0044961014640845,0.5891332497123191,0.0
2020-03-12,-0.03493566233751557,0.0,5.596908744398765e-06,-0.034941259246259966,0.9914589799482743,0.5828846416071646,0.0
2020-03-13,0.019318564896323387,4.3445400913857276e-05,5.479452054796946e-06,0.019269640043354734,0.9999999999989276,0.5999999999987505,0.21383822451424922
2020-03-16,-0.026766606343513504,0.0,1.679807526025397e-05,-0.02678340441877376,1.0163633009484019,0.6076101362822219,0.0
2020-03-17,0.021259997159773218,0.0,5.347727773766819e-06,0.02125464943199945,0.9872127600586095,0.5968286325736316,0.0
2020-03-18,-0.012010809520037599,0.0,5.022231898258014e-06,-0.012015831751935857,0.9718477175881632,0.6052247890153282,0.0
2020-03-19,-0.017347929148110834,0.0,4.7360577741743175e-06,-0.01735266520588501,0.9461608463936706,0.6004286288789455,0.0
2020-03-20,0.004207864985443919,3.256559048711348e-05,5.4794520547959405e-06,0.00416981994290201,1.0000000000027955,0.6000000000026918,0.16073941660009777
2020-03-23,0.013603242698563611,0.0,1.5644491822492486e-05,0.013587598206741118,0.98238152330864,0.601698888961323,0.0
2020-03-24,0.02413788860191369,0.0,5.17886854010702e-06,0.024132709733373583,0.9851111329214358,0.6070537294936235,0.0
2020-03-25,0.007121866112517245,0.0,5.251789467090028e-06,0.007116614323050155,0.9996988212077811,0.6163181901102093,0.0
2020-03-26,0.021951984883207466,0.0,5.187333757846745e-06,0.02194679754944962,0.997709989862956,0.6190346255401437,0.0
2020-03-27,-0.0013362302800875824,5.060718986080815e-05,5.479452054633174e-06,-0.0013923169220030236,0.9999999999756752,0.5999999999874537,0.24999999999525727
2020-03-30,0.007932287526597439,0.0,1.6171028796921185e-05,0.007916116497800517,0.9929934956185263,0.5994984615601109,0.0
2020-03-31,-0.003194431021799064,0.0,5.359315626983675e-06,-0.0031997903374260477,0.9938900629126668,0.6026600221428584,0.0
2020-04-01,-0.0008150311494329227,0.0,5.279113067087799e-06,-0.0008203102625000104,0.986765166650321,0.6013899127529116,0.0
2020-04-02,0.004915945393828314,0.0,5.116741886616092e-06,0.0049108286519416984,0.9745901015292173,0.6010679438062425,0.0
2020-04-03,-0.01573593134162053,1.5938518094269484e-05,5.479452054956393e-06,-0.015757349311769753,1.000000000021462,0.6000000000096453,0.07834481308355015
2020-04-06,0.008644905139994507,0.0,1.7861480031609884e-05,0.008627043659962898,1.0282472609244289,0.5936179134885883,0.0
2020-04-07,-0.013886985419533612,0.0,6.117353300129874e-06,-0.013893102772833742,1.0436783024580674,0.5971115115485865,0.0
2020-04-08,0.012583766564739756,0.0,6.533740413961277e-06,0.012577232824325796,1.0684045336618122,0.5914414834426389,0.0
2020-04-09,0.019290650425005676,0.0,6.222951056397578e-06,0.01928442747394928,1.0507980729231159,0.5965226458060925,0.0
2020-04-13,-0.000613510460250679,5.40713093926705e-05,3.347378097708052e-05,-0.00070105555062043,1.0000000000083409,0.3891034971766213,0.25000000000941386
2020-04-14,0.01347923881206813,0.0,8.42256259797955e-06,0.013470816249470151,1.0036096004990007,0.3887625308464938,0.0
2020-04-15,0.010651647399799865,0.0,8.038649765365404e-06,0.0106436087500345,0.9837166993255514,0.3968952664538773,0.0
2020-04-16,-0.006247366058806227,0.0,7.724777887587805e-06,-0.0062550908366938145,0.9671636130398188,0.40325482724590883,0.0
2020-04-17,-0.007745328583306629,0.0,7.97925335542111e-06,-0.00775330783666205,0.9819919050176852,0.3995064100719441,0.0
2020-04-20,-0.005963462775050319,5.2671476125278036e-05,3.477756895281311e-05,-0.0060509118201284105,0.9999999999963095,0.1537458221445241,0.25000000000033357
2020-04-21,0.01843748730278206,0.0,1.1857902286340581e-05,0.01842562940049572,1.014308888071667,0.14868202116880472,0.0
2020-04-22,-0.0033735113296746626,0.0,1.1087610671002712e-05,-0.0033845989403456654,0.9734915165235394,0.16409593754034155,0.0
2020-04-23,0.008171905869521164,0.0,1.1316370233247144e-05,0.008160589499287916,0.9873632816012516,0.1612682545742101,0.0
2020-04-24,0.00867980497226365,0.0,1.1051257083869097e-05,0.008668753715179781,0.9748103885390829,0.16806862141663892,0.0
2020-04-27,-0.0015940669577909645,5.182105279991246e-05,3.051822391239474e-05,-0.0016764062345032717,1.0000000000234317,0.2573898848218263,0.2500000000090637
2020-04-28,6.445612485308049e-05,0.0,1.0117022867268256e-05,5.4339101985812234e-05,0.9947680249582637,0.25622535564768084,0.0
2020-04-29,-0.0005022939020753289,0.0,1.015289751080272e-05,-0.0005124467995861316,0.9974374042596282,0.2562758859710296,0.0
2020-04-30,-0.010999355872092421,0.0,1.0167881689706926e-05,-0.011009523753782129,0.9981600929772572,0.2559047296286516,0.0
2020-05-01,0.007645246960961069,0.0,1.0459292345903117e-05,0.0076347876686151655,1.0111600218775343,0.2476316806266067,0.0
2020-05-04,-0.0070980851267921415,1.8936712830443442e-05,3.350362873162696e-05,-0.007150525468354213,0.9999999999716024,0.18474503416868002,0.08679451608354452
2020-05-05,-0.011583739743916013,0.0,1.1448372868708038e-05,-0.011595188116784722,1.0146575859987872,0.17892636658310038,0.0
2020-05-06,0.007670297975479687,0.0,1.1892915082894436e-05,0.007658405060396793,1.0374885600149162,0.1693057589636226,0.0
2020-05-07,0.0037441601121509242,0.0,1.1492078491473962e-05,0.0037326680336594504,1.0145527334501785,0.17563100357257946,0.0
2020-05-08,-0.0036280195202032166,0.0,1.1473965251190068e-05,-0.0036394934854544064,1.0163075689882843,0.17870810565140952,0.0
2020-05-11,0.00018023055054714615,3.0413955347299925e-05,3.2021151860344826e-05,0.00011779544333950139,0.9999999999995082,0.22081863806445068,0.14072703985593837
2020-05-12,0.010524671242552335,0.0,1.0610935606239994e-05,0.010514060306946096,0.995571138276979,0.22097283902145926,0.0
2020-05-13,0.00930512596948971,0.0,1.0277058058826791e-05,0.009294848911430884,0.979314094508483,0.22908885621412703,0.0
2020-05-14,-0.0011146552002203182,0.0,9.996814720217984e-06,-0.001124652014940536,0.9659660269025548,0.23619855232664194,0.0
2020-05-15,-0.0010191019192011212,0.0,1.011021052363437e-05,-0.0010292121297247555,0.9733939506091219,0.23534858238381293,0.0
2020-05-18,-0.01679094444185455,2.767206434001927e-05,3.132671811365565e-05,-0.016849943224308227,1.0000000000302864,0.2377165259313323,0.13255133278525733
2020-05-19,0.0019295192080033732,0.0,1.093300678581495e-05,0.0019185862012175581,1.0228214607118957,0.22471196534740426,0.0
2020-05-20,-0.0005196361813064393,0.0,1.0927987236474423e-05,-0.0005305641685429138,1.0239505542568,0.226207485994167,0.0
2020-05-21,0.0008869652287915731,0.0,1.0969247976844834e-05,0.0008759959808147283,1.026562757573399,0.22580765526372623,0.0
2020-05-22,0.004077328072930564,0.0,1.0887486630877871e-05,0.004066440586299686,1.0212827347763398,0.2264962107222554,0.0
2020-05-26,-0.009868213405403474,1.8038849026201946e-05,3.996947226224192e-05,-0.009926221726691917,1.0000000000376648,0.27055713125174974,0.0834521663538936
2020-05-27,0.005161218478141502,0.0,1.0235055421678522e-05,0.005150983422719823,1.0104615627939295,0.26330251701139745,0.0
2020-05-28,-0.0005001530179728557,0.0,1.0046422772075679e-05,-0.0005101994407449314,1.0004768321462942,0.26708796978476973,0.0
2020-05-29,-0.000914748673673364,0.0,1.0058739220852456e-05,-0.0009248074128942165,1.0010118622732063,0.266723899150977,0.0
2020-06-01,-0.0010231706155886654,0.0,3.051254694713025e-05,-0.0010536831625357957,1.0085271760122816,0.2660552002987789,0.0
2020-06-02,-0.003759855687547245,1.0864863013730094e-05,9.653883269228388e-06,-0.0037803744338302035,1.000000000030438,0.29526652137676584,0.051766557143824464
2020-06-03,-0.006885135914555297,0.0,9.750617580209442e-06,-0.006894886532135506,1.0044079351885886,0.29261285183329927,0.0
2020-06-04,-0.0049587199804358,0.0,9.850536244928484e-06,-0.004968570516680728,1.0068005996261,0.28771145374632057,0.0
2020-06-05,-0.009719580586478854,0.0,9.99720447607359e-06,-0.009729577790954928,1.0139605525006283,0.28416462574725626,0.0
2020-06-08,0.004419472290658631,0.0,3.074165238118444e-05,0.004388730638277446,1.0251883896997793,0.277141515090958,0.0
2020-06-09,0.003338481598196865,7.899496166651745e-06,9.784212247703125e-06,0.00332079788978251,1.0000000000054952,0.285752505923167,0.03854886563287897
2020-06-10,0.005234811659960535,0.0,9.763527631547616e-06,0.0052250481323289875,1.0008716693396182,0.2881341522366422,0.0
2020-06-11,0.010184490174907971,0.0,9.726277087927052e-06,0.010174763897820044,1.001862292030546,0.2918440646118712,0.0
2020-06-12,-0.0014074517984078705,0.0,9.354788740737842e-06,-0.0014168065871486084,0.9818860164415997,0.29898643836773725,0.0
2020-06-15,-0.0009349552640428271,0.0,2.813589690776968e-05,-0.0009630911609505968,0.9826413547167518,0.2980011966276896,0.0
2020-06-16,-0.0036250911497276743,3.115358878420202e-06,9.546072627023549e-06,-0.003637752581233118,0.9999999999822305,0.30313669820951156,0.015399820780820608
2020-06-17,0.002539232344498327,0.0,9.63616426463024e-06,0.002529596180233697,1.004045125480523,0.3006051341625154,0.0
2020-06-18,0.00013314992619544051,0.0,9.577774439862972e-06,0.00012357215175557755,1.0015570026683642,0.3023794685583674,0.0
2020-06-19,-6.489709264066131e-05,0.0,9.617936058468143e-06,-7.451502869912946e-05,1.004584573236358,0.30247524096818357,0.0
2020-06-22,-0.0013959726551485976,0.0,2.9014461530408225e-05,-0.0014249871166790058,1.0084514435768512,0.3024328796702511,0.0
2020-06-23,0.0012413482708517178,4.618651906449215e-05,7.742787518856079e-06,0.0011874189642683696,1.0000000000180396,0.43477651114154564,0.2111357430457435
2020-06-24,0.005951832075961664,0.0,7.715356608068826e-06,0.005944116719353595,0.9987217699666693,0.4355007375776449,0.0
2020-06-25,-0.0014217942715317677,0.0,7.507316841455222e-06,-0.001429301588373223,0.9868781589467761,0.4388440295205448,0.0
2020-06-26,0.006469756313768123,0.0,7.580646997275263e-06,0.006462175666770847,0.9914355692360165,0.4380483384349224,0.0
2020-06-29,-0.0043863036599232005,0.0,2.2192278611468857e-05,-0.004408495938534669,0.9816760973742722,0.4416639844951966,0.0
2020-06-30,-0.0008100865664993039,5.3884713947569475e-05,5.6391528344470944e-06,-0.0008696104332813205,0.9999999999899702,0.5883418430753323,0.250000000002599
2020-07-01,-0.002928780433486812,0.0,5.680608282171252e-06,-0.0029344610417689834,1.0027275295440063,0.5880431249455048,0.0
2020-07-02,0.0012115590115868871,0.0,5.765432641683951e-06,0.0012057935789452031,1.0077129758882302,0.5868363930453018,0.0
2020-07-06,0.0019493859435104654,0.0,2.3064110004648844e-05,0.0019263218335058166,1.0082597491526883,0.5873397415678469,0.0
2020-07-07,0.0028992863111111365,0.0,5.745647208691545e-06,0.0028935406639024447,1.007588395713588,0.5881561494791051,0.0
2020-07-08,0.0007631318770547191,5.119257312973885e-05,6.202844167929878e-06,0.0007057364597570503,1.0000000000332403,0.5471923757743591,0.2500000000195285
2020-07-09,0.0035618769680699986,0.0,6.241905874262541e-06,0.003555635062195736,1.0032281970169186,0.547569068195753,0.0
2020-07-10,6.536883345036756e-05,0.0,6.179037515038278e-06,5.918979593532928e-05,1.0002480062577297,0.5491782676599355,0.0
2020-07-13,0.00011599748310326621,0.0,1.853550226587019e-05,9.746198083739602e-05,1.0002416839349215,0.5492111287987469,0.0
2020-07-14,0.0015558941066756164,0.0,6.103445472827651e-06,0.0015497906612027888,0.9948251125058742,0.5492735929894558,0.0
2020-07-15,-0.0029306303371264926,1.4209067799055444e-06,6.106602719840755e-06,-0.002938157846626239,1.0000000000132867,0.5542180014649116,0.0070828946506312175
2020-07-16,-0.0023424837218525576,0.0,6.21452829713659e-06,-0.002348698250149694,1.0065724792962085,0.5529119136052375,0.0
2020-07-17,0.0013199232678756665,0.0,6.240822352706489e-06,0.00131368244552296,1.0074456273897614,0.5518655956421875,0.0
2020-07-20,0.006403071682227801,0.0,1.8730023563711612e-05,0.006384341658664089,1.0082236689355617,0.552459762218579,0.0
2020-07-21,-0.0003926857903667972,0.0,6.175242006650498e-06,-0.0003988610323734477,1.006110163754692,0.5553174972692058,0.0
2020-07-22,0.0005507953051277339,1.0815767586824423e-05,5.849209220313936e-06,0.0005341303283205955,1.0000000000572453,0.5730077269743279,0.05279220198357064
2020-07-23,-0.0007636636095130018,0.0,5.912050719870199e-06,-0.000769575660232872,1.0048320333743066,0.5732523308237822,0.0
2020-07-24,-0.0005282044776014,0.0,5.873360543268728e-06,-0.0005340778381446688,1.0016848995325844,0.5729295798739674,0.0
2020-07-27,0.0033260530182887913,0.0,1.7652481511420413e-05,0.003308400536777371,1.002250962421906,0.5727072456440094,0.0
2020-07-28,0.001818607493745637,0.0,5.9175504299036744e-06,0.0018126899433157332,1.0061150153607523,0.5741338339777843,0.0
2020-07-29,0.001766127685091385,2.9827815683113038e-06,5.985106721652352e-06,0.0017571597968014214,1.0000000003268528,0.5630872096462314,0.014647414520718854
2020-07-30,0.0011313155896878467,0.0,6.024137452123469e-06,0.001125291452235723,1.0036245747488186,0.5638625407438054,0.0
2020-07-31,0.0018912591233134646,0.0,5.987163919596003e-06,0.0018852719593938686,1.001421754343631,0.5643587882131228,0.0
2020-08-03,0.0018946471412572784,0.0,1.8144521532668496e-05,0.00187650261972461,1.0067012114357414,0.5651845208074746,0.0
2020-08-04,0.004064547404106048,0.0,6.0498496987376435e-06,0.00405849755440731,1.0076560635066578,0.5660170354988096,0.0
2020-08-05,-0.00043367556311810896,8.789036494753197e-06,5.479452054727369e-06,-0.0004479440516675895,0.9999999999717905,0.5999999999766925,0.04166691221136625
2020-08-06,0.005032781510077092,0.0,5.52758173256567e-06,0.005027253928344526,1.003348483418689,0.5998350169413951,0.0
2020-08-07,-0.0029016831683408325,0.0,5.486846090665779e-06,-0.0029071700144314983,1.0023819495814759,0.6018421849628741,0.0
2020-08-10,-0.0022470347232361825,0.0,1.6331365996304424e-05,-0.002263366089232487,0.9980833730256042,0.6006868004488632,0.0
2020-08-11,-0.01090580746534869,0.0,5.47274330865663e-06,-0.010911280208657347,0.9993075881871246,0.5997973266551907,0.0
2020-08-12,-0.0005736313010172042,3.992682605825836e-05,5.479452055279306e-06,-0.000619037579130742,1.0000000000456426,0.6000000000102531,0.19653441563051235
2020-08-13,-0.001883091765013591,0.0,5.563899670270583e-06,-0.0018886556646838617,1.00596234193412,0.5997976660043675,0.0
2020-08-14,-0.0006353573957227071,0.0,5.619370128187351e-06,-0.0006409767658508944,1.0092599851537372,0.5990459657960607,0.0
2020-08-17,0.0019082904575897918,0.0,1.6817531438970533e-05,0.0018914729261508213,1.0080210200604593,0.5987944217121765,0.0
2020-08-18,0.003853658333434836,0.0,5.650472911760823e-06,0.003848007860523075,1.0120531668702217,0.5995686443116816,0.0
2020-08-19,-0.004248142012711381,7.226934539853708e-06,5.479452055269732e-06,-0.004260848399306505,1.0000000000531772,0.6000000000184869,0.03576518567777632
2020-08-20,0.0041603871099900255,0.0,5.521374482445884e-06,0.00415486573550758,1.0013614656296188,0.5983011284110692,0.0
2020-08-21,0.00256388314350826,0.0,5.472381186939465e-06,0.0025584107623213203,0.999452552665528,0.599968726018947,0.0
2020-08-24,1.6667755538809276e-05,0.0,1.6292847530924337e-05,3.7490800788493887e-07,0.9974543069619105,0.6009950170427516,0.0
2020-08-25,-0.0031310275382955693,0.0,5.442289257987837e-06,-0.003136469827553557,0.9982985753073937,0.6010114594742815,0.0
2020-08-26,0.004233541956265177,3.418371744609081e-05,5.479452054901903e-06,0.004193878786764184,0.999999999958483,0.5999999999506439,0.15350831146221183
2020-08-27,-0.003595109216190872,0.0,5.446955447813016e-06,-0.003600556171638685,0.9993377906124652,0.601710042922115,0.0
2020-08-28,0.0030570515644612957,0.0,5.46977759713882e-06,0.003051581786864157,0.9995700266972725,0.6002762621061388,0.0
2020-08-31,0.0030014844742055438,0.0,1.6335807891693047e-05,0.002985148666313851,0.9990024526555839,0.6014977939577197,0.0
2020-09-01,0.003698479035333467,0.0,5.426372471031436e-06,0.0036930526628624356,0.9988253193311102,0.6027001289458154,0.0
2020-09-02,0.0029170897122666414,2.8786925896628077e-05,5.4794520555820735e-06,0.002882823334314431,1.000000000089754,0.6000000000322627,0.1339551257353218
2020-09-03,-0.0075278827540131606,0.0,5.425676514899571e-06,-0.00753330843052806,0.9972583681191401,0.6011839825314717,0.0
2020-09-04,-0.002139322989427611,0.0,5.453362825336058e-06,-0.002144776352252947,0.9962577266756163,0.5981622404260838,0.0
2020-09-08,-0.0019419064247216148,0.0,2.157617063866074e-05,-0.0019634825953602757,0.9910691150885218,0.5973040009329632,0.0
2020-09-09,0.002823383261351247,0.0,5.3031479102436825e-06,0.0028180801134410033,0.9836631748601311,0.5965333774123424,0.0
2020-09-10,-0.00011806305200627945,1.942988410542042e-05,5.479452056587884e-06,-0.00014297238816828774,1.000000000430738,0.6000000002998225,0.09373973902453041
2020-09-11,-0.0010583110689200508,0.0,5.428953308753874e-06,-0.0010637400222288046,0.9962813076040387,0.5999677160650059,0.0
2020-09-14,0.0032268358641173263,0.0,1.6355792808586472e-05,0.0032104800713087397,0.9975381256554416,0.5995471673131707,0.0
2020-09-15,-0.0005115187660670235,0.0,5.41826250172397e-06,-0.0005169370285687475,0.9963781648973996,0.6008450022715498,0.0
2020-09-16,-0.005587078410932842,0.0,5.476780807369384e-06,-0.005592555191740211,1.000448977556983,0.6006439786190176,0.0
2020-09-17,-0.0033696092833118974,4.91534629908388e-06,5.479452058202264e-06,-0.0033800040816691834,1.000000000791247,0.6000000005424818,0.024280281421931442
2020-09-18,-0.0013504988327309709,0.0,5.534002636789479e-06,-0.0013560328353677603,1.0026360361799962,0.5986538436943643,0.0
2020-09-21,-6.292591996234721e-05,0.0,1.659029539812396e-05,-7.951621536047117e-05,1.0018115956587126,0.5981144076376963,0.0
2020-09-22,0.0016943003407350076,0.0,5.484036857642721e-06,0.001688816303877365,0.9984337308977471,0.5980990402898285,0.0
2020-09-23,-0.006612281133116415,0.0,5.474874276477163e-06,-0.006617756007392892,0.9984479298275359,0.5987821076447031,0.0
2020-09-24,-0.0007534653571338196,5.040345958913202e-05,5.47945205534185e-06,-0.0008093482687782934,1.0000000001418425,0.6000000001018875,0.2499999999687637
2020-09-25,0.0048357831357740445,0.0,5.520812061471813e-06,0.0048302623237125725,1.0027512072288354,0.599731926741393,0.0
2020-09-28,0.00465544535023522,0.0,1.646773598366373e-05,0.004638977614251557,1.0023764358081058,0.6016615268722882,0.0
2020-09-29,0.002616080544992655,0.0,5.484407423891924e-06,0.002610596137568763,1.0038790110653664,0.6035172691212558,0.0
2020-09-30,-0.0009437025835497111,0.0,5.369553735873286e-06,-0.0009490721372855844,0.9965325231748001,0.6045551004560501,0.0
2020-10-01,0.006357128539215755,5.039735056603565e-05,5.479452057844348e-06,0.006301251736591874,1.0000000006953231,0.6000000004726858,0.25000000042017523
2020-10-02,-0.002494455284330925,0.0,5.377480341277145e-06,-0.0024998327646722023,0.9951163101335376,0.6025602452203059,0.0
2020-10-05,0.0010375003799803408,0.0,1.5915220876848515e-05,0.0010215851591034923,0.9888399880356784,0.6015696133656978,0.0
2020-10-06,-0.00672421725993412,0.0,5.412974976427676e-06,-0.006729630234910547,0.9971393008015248,0.6019921275223044,0.0
2020-10-07,0.005529781793644857,0.0,5.4957374405649575e-06,0.005524286056204293,1.0004898174472747,0.599300984286033,0.0
2020-10-08,-0.0009148737247359422,2.7154487255781687e-05,7.157528997528091e-06,-0.000949185740989252,0.9999999999854495,0.47750038316589893,0.12719464805173164
2020-10-09,0.006220914078516814,0.0,7.26837989061241e-06,0.0062136456986262014,1.0076300394151592,0.47703830740045317,0.0
2020-10-12,0.00977298373865879,0.0,2.142592597778757e-05,0.009751557812681002,1.0016391618136684,0.4802749630208376,0.0
2020-10-13,-0.0040326968395178135,0.0,6.983612927112445e-06,-0.004039680452444926,0.9951191095906371,0.48531536591142876,0.0
2020-10-14,-0.004079196569415716,0.0,7.084674226724766e-06,-0.004086281243642441,1.0004160017303705,0.48323478317946256,0.0
2020-10-15,-0.001340536783278926,2.6147321730682127e-06,7.250695393810848e-06,-0.001350402210845805,1.0000000000172702,0.4706992362690782,0.012988253609475845
2020-10-16,0.0004210171749451922,0.0,7.269797554926084e-06,0.0004137473773902661,1.0006886010942775,0.46999337958467324,0.0
2020-10-19,-0.0035286546702937914,0.0,2.169546399857038e-05,-0.003550350134292362,0.9981428018306925,0.4702198445321466,0.0
2020-10-20,-0.0015361403729448556,0.0,7.229053459488115e-06,-0.0015433694264043436,0.9960749131288664,0.46835401058623416,0.0
2020-10-21,0.004895174146991116,0.0,7.295821958676851e-06,0.004887878325032439,1.0001344592992147,0.4675394563158046,0.0
2020-10-22,-0.0015796052821680368,2.298482836243388e-05,5.753935372606618e-06,-0.0016083440459030774,1.0000000000314586,0.5799627178311757,0.11017513434288816
2020-10-23,0.003856659139784324,0.0,5.814199515710347e-06,0.003850844940268614,1.003751414785787,0.5793148501389318,0.0
2020-10-26,-0.002734697019392618,0.0,1.7176499942370105e-05,-0.0027518735193349884,0.9988959195010252,0.5809344209033526,0.0
2020-10-27,-0.0001849616508216944,0.0,5.68031777569771e-06,-0.0001906419685973921,0.9944584446969437,0.5797952470710109,0.0
2020-10-28,-0.008113137451732533,0.0,5.729565709177133e-06,-0.00811886701744171,0.9979791013055336,0.5797208045356027,0.0
2020-10-29,0.00475249504627265,5.0265587811105096e-05,5.4794520549217495e-06,0.004696750006406623,0.9999999999913447,0.5999999999820571,0.25000000001693623
2020-10-30,-0.005446991680030776,0.0,5.3987974891531135e-06,-0.005452390477519929,0.9960376186013091,0.6019254018931318,0.0
2020-11-02,-0.0006142555052028728,0.0,1.619647663975538e-05,-0.0006304519818426281,0.9938627379773254,0.5997484730766112,0.0
2020-11-03,0.00368410718639012,0.0,5.501448581552285e-06,0.003678605737808568,1.0011179276675104,0.5995121812141937,0.0
2020-11-04,0.01007693766736388,0.0,5.5081381668868846e-06,0.010071429529196993,1.0030795858758155,0.600985499693073,0.0
2020-11-05,0.008953293226553086,3.100230710205742e-06,5.479452055036795e-06,0.008944713543787845,1.000000000040801,0.6000000000231149,0.015480800802085776
2020-11-06,0.0014406515678754418,0.0,5.377445024480416e-06,0.0014352741228509614,0.996108156408955,0.6035546696218845,0.0
2020-11-09,-0.009463033594586372,0.0,1.588692271160602e-05,-0.009478920517297979,0.990710017554514,0.604128231572101,0.0
2020-11-10,-0.0062205063972484926,0.0,5.514155657923255e-06,-0.006226020552906416,1.0028892870922022,0.6003559240638043,0.0
2020-11-11,0.004411396153378071,0.0,5.6276035309063185e-06,0.004405768549847165,1.0086727497004755,0.5978576919443142,0.0
2020-11-12,0.0006014237920918273,2.153511788298092e-06,5.47945205563393e-06,0.0005937908282478953,1.0000000001306881,0.6000000000694115,0.01064350503166074
2020-11-13,0.005127544314308068,0.0,5.442503400508148e-06,0.005122101810907559,0.9975477521205905,0.6002450038834957,0.0
2020-11-16,0.0010303167701662137,0.0,1.6086766072912393e-05,0.0010142300040933013,0.9937322110526357,0.6022875699451007,0.0
2020-11-17,-0.00046643890675072334,0.0,5.40985601328318e-06,-0.0004718487627640065,0.9976260925639084,0.6027066035942364,0.0
2020-11-18,-0.003129169651084971,0.0,5.413099885036989e-06,-0.003134582750970008,0.9976807567185836,0.6025244651108834,0.0
2020-11-19,0.0025043282687440545,5.042993016296362e-05,5.479452055448728e-06,0.0024484188865256423,1.0000000001347578,0.6000000000870007,0.24939187710522515
2020-11-20,-0.0017645786896544403,0.0,5.46951965369568e-06,-0.001770048209308136,1.00030768314287,0.6010327484230853,0.0
2020-11-23,0.00018843705719745897,0.0,1.6496447328985525e-05,0.00017194060986847344,1.0017443358349123,0.6003307841629311,0.0
2020-11-24,0.0022858279434925933,0.0,5.524892299513943e-06,0.0022803030511930793,1.003733123193954,0.6004159853294362,0.0
2020-11-25,-0.0013783861486500542,0.0,5.613001201025567e-06,-0.0013839991498510798,1.011079684952048,0.6013305972771816,0.0
2020-11-27,0.004484799124850355,5.07945978501272e-05,1.3934479018322366e-05,0.004420070047981906,1.0000000000546523,0.49139151588588587,0.2500000000273378
2020-11-30,-0.0015057096570047239,0.0,2.0733844316393794e-05,-0.0015264435013211176,0.9982176973076489,0.49369415227539976,0.0
2020-12-01,0.0062110471141808895,0.0,6.8960814778158625e-06,0.0062041510327030735,0.9963548369155562,0.4929408890349981,0.0
2020-12-02,-0.0014798410133398132,0.0,6.78301269044808e-06,-0.0014866240260302613,0.9912341431875259,0.4960742167848161,0.0
2020-12-03,0.001934911962567577,0.0,6.835186952392972e-06,0.001928076775615184,0.994299393884533,0.4953307463598463,0.0
2020-12-04,-0.0009562111454024415,2.9613568752240135e-05,5.4794520547977015e-06,-0.0009913041662094795,0.9999999999416938,0.5999999999414616,0.14573380718418813
2020-12-07,0.003151670029576394,0.0,1.6582139147879232e-05,0.0031350878904285147,1.0031369319195431,0.5996382126544818,0.0
2020-12-08,0.0007446138620968825,0.0,5.491346188603527e-06,0.0007391225159082789,1.0017742613608573,0.6009059895927998,0.0
2020-12-09,-0.0062222270216414025,0.0,5.490278439233999e-06,-0.006227717300080636,1.001996564451482,0.6012062383874002,0.0
2020-12-10,-0.0002984301631484865,0.0,5.516010381155276e-06,-0.00030394617352964175,1.001381382158436,0.5987126243341009,0.0
2020-12-11,-0.0007418718912618359,2.9540527594620775e-05,5.479452054817215e-06,-0.0007768918709112739,1.0000000000054228,0.600000000003766,0.14622243137038698
2020-12-14,-0.0006892060881302951,0.0,1.639589453665113e-05,-0.0007056019826669462,0.998690815909357,0.5997240488508463,0.0
2020-12-15,0.003493721997968587,0.0,5.494714094546156e-06,0.003488227283874041,1.0005719502918833,0.5994578213900139,0.0
2020-12-16,0.00035476139812091524,0.0,5.518406432493987e-06,0.00034924299168842126,1.003699291984276,0.600855622412215,0.0
2020-12-17,0.0012083910438234042,0.0,5.540342107867916e-06,0.0012028507017155363,1.0054454624760483,0.6010004886016904,0.0
2020-12-18,-0.0025893429960269746,2.3197446162064377e-06,5.479452054938424e-06,-0.0025971421926981194,1.0000000000432632,0.6000000000327583,0.011511501750708725
2020-12-21,0.0008751073759466371,0.0,1.6605546196423804e-05,0.0008585018297502132,1.003034548355931,0.5989662575762851,0.0
2020-12-22,0.002599502042056774,0.0,5.428981296615944e-06,0.002594073060760158,0.9956424764149246,0.5993268417619607,0.0
2020-12-23,-0.0014243249599932165,0.0,5.354173265804198e-06,-0.0014296791332590207,0.9912235913064231,0.6003689429027166,0.0
2020-12-24,-0.0003057311299983849,0.0,5.43745909107081e-06,-0.0003111685890894557,0.9967366561981803,0.5998021425500111,0.0
2020-12-28,0.0018313403762247938,5.072473588588426e-05,2.1917808219949507e-05,0.0017586978321189601,1.000000000045373,0.6000000000312946,0.2500000000024996
2020-12-29,-0.0010777962405466351,0.0,5.436800716332719e-06,-0.001083233041262968,0.9976612114333149,0.6007747591410263,0.0
2020-12-30,0.003670983003791248,0.0,5.454582783802337e-06,0.003665528421007446,0.9985318221267971,0.6003472789092265,0.0
2020-12-31,-0.00047579062296137977,0.0,5.438732921029963e-06,-0.00048122935588240976,0.9988398050517844,0.6018123018165971,0.0
