session,eligible_assets,gross,net,turnover,turnover_limit,forecast_volatility,risk_scaler,net_budget_ratio,maximum_factor_budget_ratio,maximum_sleeve_budget_ratio,exposure_equity,exposure_duration,exposure_credit,exposure_commodity,exposure_usd
2008-01-08,16,0.2500000000314837,0.25000000002935724,0.2500000000314837,0.25,0.019502562331203035,1.0,0.41666666671559544,0.10666666668492605,0.25000000001516276,2.1752346458279272e-12,0.010000000005304406,3.8376910857241017e-13,0.05333333334246303,-0.03000000000582933
2008-01-15,16,0.5048980644570568,0.5048980644434343,0.25000000009869816,0.25,0.036384254602559694,1.0,0.8414967740723905,0.27658489468897823,0.460650956861659,2.222777627927507e-12,0.06898226792500294,1.2977014240388418e-12,0.13829244734448912,-0.06855224709831279
2008-01-23,16,0.7450820556618875,0.6000000000332913,0.25000000006111256,0.25,0.0603032077999593,1.0,1.0000000000554856,0.36000000004050314,0.6209017129836738,-0.0461624722359014,0.09934427409130518,2.187756709834756e-12,0.18000000002025157,-0.09000000001444268
2008-01-30,16,0.9708985447968422,0.6000000000135279,0.25000000001453115,0.25,0.09802291103276167,1.0,1.0000000000225466,0.5486436665959578,0.6965038193579692,-0.13090381783368593,0.09741494419312707,2.459345814962677e-12,0.2743218332979789,-0.12537068749460512
2008-02-06,16,1.000000000106417,0.6000000000846448,0.0421937961349696,0.25,0.09856521397968221,1.0,1.0000000001410747,0.5382322767947114,0.6856586216410134,-0.14545454545987252,0.10362795389714374,4.075225611845826e-12,0.2691161383973557,-0.12341855190954876
2008-02-13,16,1.0000000000283253,0.6000000000231326,0.24999999999539535,0.25,0.09576987476377531,1.0,1.0000000000385543,0.4075723957178945,0.6351150178949102,-0.14552530880846737,0.10108075236617545,6.333270695806323e-13,0.20378619785894725,-0.1256792967858511
2008-02-21,16,1.000000000091818,0.6000000000440044,0.07976440013965608,0.25,0.09390102836415912,1.0,1.0000000000733409,0.38720192862400143,0.6243309226490878,-0.1488965461321135,0.09856519982835292,2.214933137032489e-12,0.19360096431200072,-0.12762043394085903
2008-02-28,16,1.000000000091808,0.6000000000647916,0.014417656926079964,0.25,0.09509521418316806,1.0,1.000000000107986,0.393597815669314,0.6163360638444004,-0.14884979445086904,0.09724515176749302,2.403279836109326e-12,0.196798907834657,-0.12905950852783182
2008-03-06,17,1.0000000000483122,0.6000000000260299,0.02038179731784857,0.25,0.09377822632864148,1.0,1.0000000000433833,0.39503799481385443,0.6150740621143288,-0.1520379323476958,0.09698962247892141,1.1838067401971114e-12,0.19751899740692722,-0.1292866688276776
2008-03-13,17,1.000000000096281,0.6000000000397576,0.01974849611943555,0.25,0.09589245927200149,1.0,1.0000000000662628,0.4010463641167271,0.6070253782581074,-0.15256529632229154,0.09574227097289774,1.945376888326585e-12,0.20052318205836356,-0.13073543192901588
2008-03-20,17,1.0000000000287057,0.6000000000065184,0.18152661430451486,0.25,0.10000000000112923,1.0,1.0000000000108642,0.42770412574381705,0.564073019030393,-0.16517912366551224,0.09025168304681108,6.025705860540603e-13,0.21385206287190853,-0.13846685657604388
2008-03-28,17,1.0000000000547897,0.6000000000184904,0.03700259629936962,0.25,0.10000000000602399,1.0,1.0000000000308173,0.4306551333232852,0.5566955000944267,-0.16952692544642894,0.08838913656207173,1.043183170952764e-12,0.2153275666616426,-0.13979480999708707
2008-04-04,17,1.0000000000959766,0.6000000000256785,0.226737301837034,0.25,0.10000000000362082,1.0,1.0000000000427975,0.4468734476308185,0.5161497143966947,-0.199830418285278,0.0822991483486026,1.2012551316340021e-12,0.22343672381540924,-0.14709305143412169
2008-04-11,18,0.9999999999904288,0.5999999999928539,0.0171594262571113,0.25,0.09999999999930982,1.0,0.9999999999880899,0.4459686447676429,0.518269271663067,-0.1955929646066234,0.08292308346583477,2.264871117054764e-13,0.22298432238382146,-0.15111856648453115
2008-04-18,19,0.9999999998938395,0.5999999999200172,0.2500000001220658,0.25,0.08823085141989868,1.0,0.9999999998666953,0.39106532594193955,0.7076752983924406,-0.19553266297096977,0.1129881135577667,3.704210379388548e-12,0.16215156288557903,-0.1170857832572599
2008-04-25,19,1.000000000149825,0.600000000074567,0.25000000008561485,0.25,0.0988517922794448,1.0,1.0000000001242784,0.4920709297566095,0.5770968147126667,-0.19542411397431914,0.0762901544776708,-5.955462870097252e-12,0.24603546487830474,-0.14069845944214393
2008-05-02,19,1.0000000000400844,0.6000000000179116,0.08515683393554598,0.25,0.10000000000166125,1.0,1.0000000000298528,0.5192676502279575,0.5972292543302286,-0.1953033640042778,0.07979403781489088,-7.223686998060481e-12,0.25963382511397876,-0.13719537022976003
2008-05-09,19,1.0000000000182934,0.6000000000133667,0.10473491226990615,0.25,0.09646046825285326,1.0,1.000000000022278,0.5190080981261049,0.5977148145682268,-0.1500937538723229,0.0805783365166336,7.00000371593844e-13,0.25950404906305247,-0.1823175795104447
2008-05-16,19,1.0000000000116553,0.6000000000084545,0.1344025591951168,0.25,0.0932248842941021,1.0,1.000000000014091,0.6124544302877314,0.7457270726019369,-0.08814093910982158,0.08000742870253011,5.054062198005523e-13,0.2598910333903867,-0.2449817721150926
2008-05-23,19,1.0000000000374087,0.6000000000314412,0.08545935584200297,0.25,0.09414644314021132,1.0,1.000000000052402,0.7042622334816498,0.9919089422596888,-0.05121365865726735,0.08076862944587794,3.992449839626525e-12,0.25931469199232055,-0.28170489339265997
2008-06-02,19,0.9999999999968515,0.5999999999965466,0.25000000000018274,0.25,0.0838998642368916,1.0,0.9999999999942444,0.6329264558586569,0.9999999999992687,-0.021715527927493063,0.10210381461452692,0.07778229818702354,0.2531511476922005,-0.2531705823434628
2008-06-09,19,0.9999999999956979,0.5999999999936938,0.018702270040458373,0.25,0.08838891512626765,1.0,0.9999999999894897,0.6338095824743764,0.9999999999972657,-0.021697517043510986,0.10251854507996258,0.07835483950792782,0.25408526907048923,-0.25352383298975056
2008-06-16,19,1.0000000000239369,0.6000000000258663,0.16457613053011297,0.25,0.09999999999983476,1.0,1.0000000000431106,0.6772226688789398,1.0,-0.02200762038530722,0.08707508579158439,0.07749358228990783,0.32296355850046815,-0.27088906755157593
2008-06-23,19,1.0000000000235023,0.6000000000241205,0.15547158726025515,0.25,0.10000000020899016,1.0,1.0000000000402007,0.6682828532107726,1.0,-0.022696137217027384,0.10407828510357287,0.07465050642369474,0.3110438042621014,-0.26731314128430905
2008-06-30,19,1.0000000000067597,0.6000000000073121,0.022444844595999564,0.25,0.10000000000032189,1.0,1.000000000012187,0.662171322284004,1.0,-0.014472245036243187,0.1037151273388593,0.07271270612969938,0.30761477203934146,-0.26486852891360163
2008-07-08,19,0.9999999999903495,0.5999999999828568,0.10819137713513342,0.25,0.09999999999795554,1.0,0.9999999999714281,0.6334732062192567,0.9999999999938338,-0.008071524058891262,0.10314638032013518,0.06888723672256315,0.3110530105950709,-0.2533892824877027
2008-07-15,19,1.0000000000073452,0.6000000000048439,0.23809874124749794,0.25,0.1000000000069074,1.0,1.000000000008073,0.6172819699008716,0.6520514242978297,-0.025236731469094012,0.0753818478624057,0.08666294226469698,0.3086409849504358,-0.16242445386153484
2008-07-22,19,0.9999999999817409,0.5840730564006907,0.016623197372689746,0.25,0.09999999999888233,1.0,0.9734550940011513,0.5912813782856172,0.6256239333163948,-0.027894260463225698,0.0760381227168518,0.0934734804227623,0.2956406891428086,-0.16017229691492096
2008-07-29,19,0.999999999977156,0.513140564149705,0.2152905059531709,0.25,0.10000000000644511,1.0,0.8552342735828417,0.5912091296897275,0.685498161735718,-0.05708257756246669,0.06387668281995151,0.02291659487220308,0.29560456484486375,-0.19781415793474433
2008-08-05,19,1.000000000021284,0.36571558605407956,0.16730998699580762,0.25,0.10000000000168703,1.0,0.6095259767567993,0.5363241188689053,0.7035526971248917,-0.14073764313856527,0.05639203293988919,-0.02089832904714459,0.26816205943445265,-0.18627174803462065
2008-08-12,19,1.000000000021857,0.3604556025733663,0.17451862910299207,0.25,0.10000000000234692,1.0,0.6007593376222772,0.4754974518033837,0.734116098028129,-0.14108992175509857,0.05784205074043443,-0.019895836758087235,0.2308123909589893,-0.1901989807213535
2008-08-19,19,1.000000000017174,0.3323266004531607,0.056713915478484186,0.25,0.10000000000280054,1.0,0.5538776674219346,0.4676082335484358,0.7283459807366864,-0.1369312485595432,0.045483870286386015,-0.02880173080209418,0.22635414809574628,-0.1870432934193743
2008-08-26,19,1.0000000000044775,0.23897341832747254,0.24160034107468908,0.25,0.10000000001437337,1.0,0.39828903054578757,0.46517695223838706,0.731106447374598,-0.23258847611919353,0.08434062568562256,-9.674422569327082e-13,0.18800003234911603,-0.15562877595961339
2008-09-03,19,0.9999999999900646,0.3332544984570137,0.23539250511007415,0.25,0.0999999999993401,1.0,0.5554241640950229,0.5181818181717979,0.5803187801374196,-0.25909090908589893,0.09285100482181106,6.176966972659601e-13,0.16785298285696418,-0.04051896910805191
2008-09-10,19,1.000000000011607,0.12009186547719164,0.25000000001171335,0.25,0.09399652824554791,1.0,0.20015310912865275,0.5010351287917015,0.5812608533076782,-0.25051756439585077,0.09300173652940495,-1.1092888023966087e-12,-0.008280103401194977,0.0515831531900858
2008-09-17,19,0.9999999999830489,-0.10218100925071648,0.25000000000781375,0.25,0.09999999999892277,1.0,0.17030168208452748,0.49599848748920183,0.5881819373501209,-0.24799924374460092,0.09392408299361577,-5.007799573183076e-13,-0.12694200900747687,0.12115235794067496
2008-09-24,19,1.0000000000031515,0.10105154766222534,0.2500000000014805,0.25,0.10000000000299077,1.0,0.1684192461037089,0.32423042760673926,0.750000000001021,-0.14351798225349063,0.12000000000066414,-8.865893963818988e-15,-0.13139229020686585,0.1296921710426957
2008-10-01,19,1.0000000000007137,0.25310995453919666,0.2299767842317485,0.25,0.1000000000299091,1.0,0.42184992423199447,0.6332020469589276,1.0,-0.11059971610123095,0.11877703022642076,1.725413669104431e-14,-0.15608202921836706,0.25328081878357106
2008-10-08,19,0.9999999999982059,0.3676962569677913,0.1429902293559424,0.25,0.0999999999998305,1.0,0.6128270949463188,0.6121139036338615,0.9999999999952501,-0.08886402544493174,0.2113280618197879,-1.9958772562162579e-13,-0.1548409980813412,0.24484556145354464
2008-10-15,19,1.0000000000062272,0.47169634790141657,0.09526008201425631,0.25,0.10000000131590954,1.0,0.7861605798356943,0.5731138695378774,1.0,-0.055172311815728195,0.26200587238138834,-5.573592374580612e-13,-0.1467515220311554,0.22924554781515094
2008-10-22,19,0.9959644735906732,0.47313135249823846,0.015427058438420254,0.25,0.10000000000907279,1.0,0.7885522541637308,0.5644704961026111,1.0,-0.060758849147108246,0.2614264132632105,-8.004483088375234e-13,-0.14381634465425838,0.22578819844104447
2008-10-29,19,1.0000000000007072,0.4616721915716516,0.06881724432089378,0.25,0.10000000001972964,1.0,0.7694536526194194,0.5464948642148433,1.0,-0.04862364963242617,0.24306565286901227,-0.012491425311075447,-0.14366804172978329,0.21859794568593732
2008-11-05,19,0.9521379827937907,0.34827488291150166,0.2500000000017294,0.25,0.10000000000660299,1.0,0.5804581381858361,0.5107874426020483,1.0,-0.1013090520944467,0.20164876689316666,-0.012840860622088368,-0.13511072308112573,0.20431497704081936
2008-11-12,19,1.000000000010525,0.12964237883896468,0.2500000000070658,0.25,0.10000000000071087,1.0,0.21607063139827448,0.5026987154186986,1.0,-0.11481723266702888,0.10526821720834648,-0.01245736115996283,-0.12173729628791582,0.20107948616747945
2008-11-19,19,1.00000000000307,0.12929479944842578,0.24211354142996483,0.25,0.10000000000130496,1.0,0.21549133241404297,0.5279727325855094,1.0,-0.08598815046465084,0.12051574639167514,-0.004967612943832824,-0.14770444724409842,0.21118909303420377
2008-11-26,19,1.0000000000064442,0.09833655835473326,0.13907374000863196,0.25,0.10000000000112053,1.0,0.16389426392455544,0.5154229322134757,1.0,-0.06831741714330793,0.08174144417247381,-0.036543786116725846,-0.14159589778923054,0.20616917288539027
2008-12-04,19,0.999999999994905,0.10649422159005839,0.0426501938218075,0.25,0.09999999999969819,1.0,0.17749036931676399,0.5085802970712812,0.9999999999935671,-0.06798989929530569,0.08485872575641354,-0.04766455764395527,-0.13308916274371976,0.20343211882851248
2008-12-11,19,0.9999999999902931,0.11678130198901343,0.02848063724496102,0.25,0.10000000001045015,1.0,0.19463550331502238,0.5060003683621598,0.9999999999899212,-0.06314118012739951,0.08787971148062113,-0.04532197244069672,-0.13079290019394688,0.20240014734486395
2008-12-18,19,0.99999999999223,0.12256910722688051,0.08879977927084355,0.25,0.10000000004531351,1.0,0.20428184537813418,0.5067003237415594,0.999999999985085,-0.06282002791100075,0.07135741342555425,-0.048133896761523326,-0.13063210657022375,0.20268012949662378
2008-12-26,19,0.999999999991199,0.15375613501416507,0.05433123917260824,0.25,0.09999999999725676,1.0,0.25626022502360846,0.5141538588377478,0.9999999999925423,-0.04570818045962236,0.09159649286485039,-0.050578366649381055,-0.13544514296245044,0.20566154353509913
2009-01-05,19,0.9999999999664547,0.21408027626674142,0.10278270251187198,0.25,0.10000000319994003,1.0,0.35680046044456903,0.5133744266202023,0.9999999999657047,-0.013606371360556542,0.12067520325261756,-0.05501786658664662,-0.13047822505526857,0.2053497706480809
2009-01-12,19,0.9999999999979733,0.2939796070619953,0.11527478054977926,0.25,0.10000003078107632,1.0,0.48996601176999216,0.5180740112515154,0.9999999999952468,-0.009717355530215936,0.16293207684248384,-0.036202289600254844,-0.1359960705894591,0.20722960450060618
2009-01-20,19,1.0000000000244205,0.5029472536312021,0.25000000002283274,0.25,0.10000000166072257,1.0,0.8382454227186702,0.5398734560490216,0.9280544952257119,0.006058737652074337,0.2699367280245108,0.009683640122341304,-0.1390403108157183,0.1954658396887498
2009-01-27,19,1.0000000000248743,0.49020265015185843,0.12506291663621186,0.25,0.10000000003070941,1.0,0.8170044169197641,0.5415083363285537,0.7500000000019208,0.01677855581754812,0.27075416816427683,0.013770840818694965,-0.1436136619365065,0.14121449761761753
2009-02-03,19,1.0000000000007536,0.5540841906247853,0.09300961464965564,0.25,0.10000000000043835,1.0,0.9234736510413089,0.5555919843878826,0.7500000000001736,0.025085111481990836,0.2777959921939413,0.04897996096946348,-0.13964832631337087,0.13374123724135265
2009-02-10,19,0.9949104579820162,0.5851944208954442,0.05762227051320688,0.25,0.1000000001794348,1.0,0.9753240348257403,0.5600000000011516,0.7500000000010135,0.028905969444394535,0.2800000000005758,0.060000000001460274,-0.13856124087201024,0.12810551149014177
2009-02-18,19,0.9949379767387463,0.5986287669754442,0.03570589157097509,0.25,0.10000000000115102,1.0,0.9977146116257404,0.5600000000012829,0.7500000000012992,0.030593886594301425,0.28000000000064146,0.060000000001388526,-0.13688707712123432,0.12531569342814375
2009-02-25,19,0.9984424799055158,0.5965142115183482,0.04747962965459318,0.25,0.10000000007519194,1.0,0.9941903525305803,0.5575894306732925,0.7499999999920629,0.03131360667763882,0.27879471533664624,0.05909603650476795,-0.14112375084282539,0.12748679199499063
2009-03-04,19,0.997585445379952,0.5687710805798903,0.06560120336572514,0.25,0.10000000000025581,1.0,0.9479518009664839,0.48941666195285316,0.7100063744867711,0.0258446883268836,0.24470833097642658,0.05879318269626821,-0.1459089664680909,0.13837745038954546
2009-03-11,19,0.9609934349428871,0.4850039120398941,0.13508298138493768,0.25,0.10000000000879918,1.0,0.8083398533998236,0.3405518996191323,0.6940256762464364,0.01843154768607245,0.17027594980956615,0.057289688216975394,-0.1528077409995159,0.13501744640428023
2009-03-18,19,0.9865167131584175,0.5071673328006056,0.140852638281303,0.25,0.10000000000668302,1.0,0.8452788880010093,0.43869125970405104,0.9999999999758479,0.012706863792682196,0.12905268768941763,0.05928951576868135,-0.14217762215627083,0.17547650388162042
2009-03-25,19,1.0000000000149718,0.42467116480165734,0.1059450833772863,0.25,0.10000000000419404,1.0,0.707785274669429,0.4435815563306581,1.0,0.004595444244605254,0.0947442001715614,0.03193832815454577,-0.1463225371020459,0.17743262253226325
2009-04-01,19,0.997372145597383,0.19264964991587288,0.25000000000003564,0.25,0.10000000000148801,1.0,0.32108274985978813,0.45494594771892893,0.9999999999983413,-0.03947866505436126,-0.01694625507405256,-0.030197017709241634,-0.14234756341738103,0.18197837908757158
2009-04-08,19,1.0000000000190596,0.1330762621919578,0.07202395635796172,0.25,0.10000000000391844,1.0,0.2217937703199297,0.4810080511765678,1.0,-0.04181001882815579,-0.02415931997415423,-0.04454523170217555,-0.15374828095637996,0.19240322047062713
2009-04-16,19,1.0000000000276075,0.1355877054321631,0.0446707472546235,0.25,0.10000000000400451,1.0,0.2259795090536052,0.48652817162184225,1.0,-0.03830865955021885,-0.02075294959533759,-0.04668911099783208,-0.16626649359609394,0.1946112686487369
2009-04-23,19,0.999999999996741,0.3642757576757305,0.2500000000003983,0.25,0.10000000001150458,1.0,0.6071262627928842,0.4198309007810698,0.9284198648312919,-0.03901023050787739,0.08535912935992629,-0.03828066340454678,-0.14365298686868516,0.16793236031242795
2009-04-30,19,1.0000000000100921,0.4161273941094621,0.15216605148539425,0.25,0.10000000000219858,1.0,0.6935456568491035,0.33810170207010604,0.7500000000013952,-0.03131963132057158,0.11432606964585121,-0.028369651775043483,-0.14438056825517745,0.13524068082804241
2009-05-07,19,1.0000000000062623,0.39507816349241776,0.10392769097020295,0.25,0.1000000000004613,1.0,0.6584636058206963,0.3616147632661004,0.7522312426817228,-0.017133286378747354,0.11553518986078425,-0.029017778740757165,-0.1649188781641292,0.14464590530644017
2009-05-14,19,1.0000000000023066,0.4808444806914525,0.10321379922974316,0.25,0.10000000000051275,1.0,0.8014074678190876,0.33999684557875554,0.8170092865400587,0.017447047354025594,0.16020557192407311,1.1175066141225225e-14,-0.16941176991376017,0.13599873823150221
2009-05-21,19,1.0000000000073295,0.45505130337449207,0.14144877175874382,0.25,0.10000000000195607,1.0,0.7584188389574869,0.38700315547808706,0.8103343479968887,0.0604598910014013,0.15897450773394925,0.008350615128830532,-0.19350157773904353,0.14958427125819282
2009-05-29,19,1.0000000000180422,0.4638137320934402,0.2500000000194946,0.25,0.1000000000016202,1.0,0.7730228868224003,0.4260768860771906,0.7500000000004946,0.11269031637601018,0.15966625960574193,0.08075379283808642,-0.2130384430385953,0.08377790646186781
2009-06-05,19,1.0000000000014804,0.5961060244072971,0.2500000000007404,0.25,0.10000000000014322,1.0,0.9935100406788285,0.6136664596630164,0.7129403102673919,0.1488303509427858,0.18933780945748227,0.1840999378989049,-0.16907234062455448,0.0304002893306621
2009-06-12,19,1.0000000000080453,0.6000000000026331,0.13098822802107965,0.25,0.10000000154567669,1.0,1.0000000000043885,0.7,0.7499999999999999,0.12037115333273213,0.21652891665329022,0.21,-0.16820256525146596,0.030030299788127306
2009-06-19,19,1.0000000000069675,0.4117024047855656,0.20517875776036693,0.25,0.10000000000316295,1.0,0.6861706746426093,0.7,0.7499999999999999,0.12554888168240894,0.10792634366995824,0.21,-0.17901887868521804,0.03186718166559422
2009-06-26,19,1.0000000000113216,0.282890348869676,0.25000000000799727,0.25,0.10000000000261627,1.0,0.4714839147827934,0.6970129105655863,0.7477596829241897,0.12624198735764594,-0.017051970875791786,0.2091038731696759,-0.15698481245353643,0.013303006604998953
2009-07-06,19,1.0000000000116516,0.4313874421852443,0.21072630123449912,0.25,0.10000000895542506,1.0,0.7189790703087405,0.6818075709538958,0.7363556782148314,0.1227070035675537,-0.03109154574298863,0.20454227128616873,-0.08047281988975898,-0.04105355127006541
2009-07-13,19,1.0000000000000708,0.22558659443620852,0.25000000000011047,0.25,0.10000000000009261,1.0,0.3759776573936809,0.6817374620443731,0.7363030965332797,0.12138835408179154,-0.07118259350046027,0.20452123861331192,-0.06269232273942929,-0.04653988771625185
2009-07-20,19,0.9999999999860961,0.23596437985452093,0.023630842573278844,0.25,0.10000000000182083,1.0,0.39327396642420154,0.6897440134749504,0.7374523438377667,0.1277588934963374,-0.07132598170671661,0.20692320404248513,-0.060797171172288896,-0.049615587269964775
2009-07-27,19,0.9999999999999784,0.482193728751842,0.2366375312229635,0.25,0.10000000000003592,1.0,0.8036562145864034,0.6997234313831889,0.7497925735373413,0.14268496822603377,-0.02710738846490537,0.20991702941495666,-0.05892418197308065,-0.05470997394669971
2009-08-03,19,1.0000000000048477,0.5077727778834034,0.2500000000037941,0.25,0.10000000000343404,1.0,0.8462879631390057,0.7,0.7499999999999999,0.12993952753346247,0.06560455956268649,0.21,-0.10472463892454141,-0.029929498970886148
2009-08-10,19,0.9999999999942017,0.43288993123017355,0.2499999999977737,0.25,0.10000000001953574,1.0,0.721483218716956,0.6979228790810628,0.7484421593084081,0.10194138413121714,0.1522309756617824,0.20937686372431882,-0.17818892190332464,0.017444496575522894
2009-08-17,19,1.000000000010953,0.2905278330280333,0.2500000000054323,0.25,0.10000000004006647,1.0,0.4842130550467222,0.7,0.7499999999999999,0.12001844921500267,0.11999999999867701,0.21,-0.1732200161568403,-0.09648627310289357
2009-08-24,19,1.0000000000117644,0.43713312659088094,0.2500000000098338,0.25,0.10000010486514291,1.0,0.7285552109848016,0.7,0.7499999999999999,0.25061804226525025,0.11986213023479744,0.21,-0.1313094649303373,-0.09883058011439907
2009-08-31,19,1.0000000000289788,0.4592573999837023,0.11108163902134102,0.25,0.10000000000311203,1.0,0.7654289999728372,0.7,0.7499999999999999,0.30108340883935736,0.12000000000196628,0.21,-0.13022277347017464,-0.09677038767182068
2009-09-08,19,1.0000000000320697,0.5953925693254494,0.12549394407491676,0.25,0.1000000087802482,1.0,0.992320948875749,0.7153808365480571,0.7499999999999999,0.35769041827402853,0.12000000000149709,0.21,-0.0825125530334308,-0.13331368685335804
2009-09-15,19,1.0000000000106162,0.600000000005724,0.07388608684271947,0.25,0.10000000000134546,1.0,1.00000000000954,0.7188703117363255,0.8760282760052529,0.35943515586816277,0.12000000000029368,0.21,-0.061119006089644,-0.17082551381962058
2009-09-22,19,1.0000000000321176,0.6000000000177692,0.10311146325655553,0.25,0.10000000000959758,1.0,1.0000000000296154,0.7826713146882885,0.7760335585191545,0.39133565734414427,0.11990644210205105,0.21,-0.08359496622669478,-0.15174755445443747
2009-09-29,19,1.0000000000184999,0.6000000000110042,0.07939253432054783,0.25,0.10000000000151049,1.0,1.0000000000183404,0.8337624201712066,0.7929083992955792,0.4168812100856033,0.1178044421077153,0.21,-0.08106374010879579,-0.1646176462325699
2009-10-06,19,1.0000000000545581,0.6000000000346319,0.06399194559492313,0.25,0.10000000004704639,1.0,1.00000000005772,0.8375859559244868,0.8292601900383841,0.4187929779622434,0.11618286728510041,0.21,-0.0681784451652628,-0.17888283428128648
2009-10-13,19,1.0000000000052267,0.6000000000029433,0.23493194504828763,0.25,0.09771353276556775,1.0,1.0000000000049056,0.8506573129547633,1.0,0.42532865647738166,0.14949139767549682,0.21,-0.042495315238448884,-0.21461267291743624
2009-10-20,19,1.000000000208226,0.6000000001799535,0.008555261092375463,0.25,0.09502591882489551,1.0,1.0000000002999225,0.8524356301529779,1.0,0.4262178150764889,0.14928046987974988,0.21,-0.04267067730336588,-0.21474826938635652
2009-10-27,19,1.000000000161324,0.600000000153408,0.060383090050371846,0.25,0.0946970960019862,1.0,1.0000000002556801,0.8924775352964454,1.0,0.4462387676482227,0.14934824331003582,0.21,-0.04999999999509301,-0.21520791016999494
2009-11-03,19,0.999999999935372,0.5999999999275893,0.2500000000466758,0.25,0.07734463165423296,1.0,0.9999999998793156,0.6999999999623545,0.9999999999536099,0.342205944853855,0.18403676019137608,0.20999999998870633,-0.04999999999025599,-0.17810255228507743
2009-11-10,19,0.9999999999992827,0.5999999999966346,0.18219418606517268,0.25,0.07771231714698035,1.0,0.9999999999943909,0.6900668539107723,0.999999999998721,0.3286800401352114,0.1794040112342623,0.2070200561732317,-0.03395201557016029,-0.19589398314733503
2009-11-17,19,1.0000000002954608,0.6000000002722098,0.01381955516145604,0.25,0.07745472491708577,1.0,1.000000000453683,0.6928097470694805,1.0,0.3305176675390982,0.17687606365249248,0.20784292412084415,-0.03363698758308892,-0.19677712958018623
2009-11-24,19,0.9999999999985849,0.5999999999952688,0.016095557484265284,0.25,0.07627802564281792,1.0,0.9999999999921146,0.6999999999966598,0.9999999999979938,0.32929881757293805,0.17999999999921684,0.20999999999899793,-0.034445739866637244,-0.19499999999931428
2009-12-02,19,1.0000000000179081,0.6000000000121709,0.00889130322603928,0.25,0.07566512817130656,1.0,1.0000000000202849,0.7,1.0,0.3271274129483839,0.1800000000001171,0.21,-0.033990028230317874,-0.19532996074129821
2009-12-09,19,1.0000000000213625,0.6000000000178936,0.21176790030485476,0.25,0.09994702567143614,1.0,1.0000000000298226,0.7,0.7499999999999999,0.32752255544681014,0.17999999999995997,0.21,-0.1340549621935225,-0.06500000000436687
2009-12-16,19,1.000000000037899,0.6000000000330225,0.03293599858515339,0.25,0.09751478548649757,1.0,1.0000000000550375,0.7,0.7499999999999999,0.32621105343628176,0.18000000000008967,0.21,-0.13376643174749886,-0.06500000000825508
2009-12-23,19,1.0000000001355094,0.6000000001010607,0.16377898914960426,0.25,0.10000000001695816,1.0,1.0000000001684346,0.6237080112172632,0.6069525210323682,0.3104519022872647,0.14948320448480015,0.18711240336517893,-0.11893301231930452,-0.08355278147777032
2009-12-31,19,1.000000000091548,0.6000000000706643,0.016761741020406302,0.25,0.10000000000651535,1.0,1.000000000117774,0.6233818340330984,0.6031666425342569,0.3116909170165492,0.1486755504016755,0.18650666280548112,-0.11823566679735156,-0.08464339845665009
2010-01-08,19,0.9999999999958261,0.5999999999925525,0.035275334431585065,0.25,0.09999999999957122,1.0,0.9999999999875875,0.6378414292059221,0.6334526797659564,0.30177912297900056,0.15513657167725475,0.19135242876177663,-0.12000000000017763,-0.07871155770835785
2010-01-15,19,1.0000000002487268,0.600000000217763,0.007357289854104717,0.25,0.09821019546830516,1.0,1.0000000003629383,0.6385875510739338,0.634851658263626,0.301482733189549,0.15543502041478685,0.19157626532218014,-0.12003552064419905,-0.07792259528033013
2010-01-25,19,1.0000000000004554,0.6000000000011195,0.2500000000004977,0.25,0.10000000000014102,1.0,1.0000000000018658,0.7789725444488151,0.6401443772295149,0.38948627222440757,0.15656413379283024,0.1924231003567224,-0.1440879716185237,-0.04098535478869507
2010-02-01,19,1.0000000000457294,0.6000000000352338,0.2499999999758381,0.25,0.1000003221447353,1.0,1.000000000058723,0.9466846007425238,0.7749484405098267,0.4733423003712619,0.09422102465321534,0.16401237428677082,-0.12961943903735115,-0.033727680009347824
2010-02-08,19,1.000000000141673,0.6000000000759376,0.015378872172653059,0.25,0.10000001787977289,1.0,1.0000000001265628,0.9465871630857516,0.7738078851390368,0.4732935815428758,0.09384578629827264,0.16428610759094836,-0.12872977638710678,-0.03450103458986603
2010-02-16,19,1.000000000245185,0.6000000001693659,0.020496915039359062,0.25,0.10000000001990221,1.0,1.0000000002822766,0.9564005287932267,0.7841057064091562,0.47820026439661334,0.09184616671949852,0.16347757945220917,-0.12207111862643241,-0.0454502129377287
2010-02-23,19,1.0000000000257123,0.6000000000227402,0.02306713015053624,0.25,0.09290223360532673,1.0,1.0000000000379003,0.9482468911806426,0.7768911665766824,0.4741234455903213,0.08116031401877186,0.16354612002846158,-0.10911802980698704,-0.04859594686692324
2010-03-02,19,1.0000000000112317,0.6000000000088727,0.25000000000279277,0.25,0.10000000019659333,1.0,1.0000000000147877,0.9125905778410942,0.777224058258453,0.4562952889205471,0.041983972856758534,0.1634662260211342,-0.12402900482902562,0.029697486268026534
2010-03-09,19,1.0000000000224518,0.6000000000194509,0.2500000000169345,0.25,0.07447953371311494,1.0,1.000000000032418,0.8791296274709786,0.7472616575945878,0.4395648137354893,0.054388941041145764,0.17065720218286026,-0.05778358745214192,0.0380538014386838
2010-03-16,19,1.0000000000005802,0.6000000000004125,0.009751305226338158,0.25,0.07352356280742148,1.0,1.0000000000006877,0.879558263147447,0.7476982309717427,0.4397791315737235,0.054119462663682665,0.17055242456514272,-0.05796422241260111,0.03801486897295107
2010-03-23,19,0.9999999999656768,0.5999999999497567,0.25000000002527833,0.25,0.09897982470475357,1.0,0.9999999999162612,0.8807131845884041,0.7485178414671285,0.44035659229420204,0.07507172972811224,0.17101389301717357,-0.14782107651047033,0.04434632295480788
2010-03-30,19,0.999999999956049,0.5999999999346974,0.24999999998317732,0.25,0.09652578092009481,1.0,0.9999999998911624,0.8938776368285208,0.7499999999530693,0.4469388184142604,0.0755861687346098,0.20999999998671914,-0.14999999999711625,0.04500000000099021
2010-04-07,19,1.0000000000331604,0.6000000000276964,0.1059675359682922,0.25,0.10000000000054002,1.0,1.0000000000461606,0.9981180307272234,0.831562199202391,0.4990590153636117,0.06007084536571311,0.21,-0.14999999999751437,0.04499999999806148
2010-04-14,19,1.000000000048911,0.6000000000372673,0.01570506596389279,0.25,0.09966796995976247,1.0,1.000000000062112,1.0000000000438622,0.8329948642123841,0.5000000000219311,0.06028058858931387,0.21,-0.15014242657063676,0.0450801149458677
2010-04-21,19,1.0000000000264033,0.6000000000232857,0.01502434794637373,0.25,0.09801959437657627,1.0,1.0000000000388096,1.0000000000264988,0.8329965695283473,0.5000000000132494,0.060282319483295106,0.21,-0.15014338609032693,0.04508065467519784
2010-04-28,19,0.9999999998937936,0.5999999998772451,0.022402480386750627,0.25,0.09821123992948562,1.0,0.9999999997954084,0.9999999998173047,0.8330956643066061,0.49999999990865235,0.06000950675644485,0.20999999997963015,-0.14999999998854577,0.04499999999869178
2010-05-05,19,1.000000000138257,0.6000000001200462,0.024714836338297092,0.25,0.10000000000817717,1.0,1.000000000200077,1.0000000001136895,0.8333333334347739,0.5000000000568448,0.05818332872886019,0.21,-0.14735614406910338,0.04445499860152029
2010-05-12,19,1.000000000005442,0.6000000000045489,0.16066834497354085,0.25,0.10000000000032218,1.0,1.0000000000075815,1.0000000000031768,0.832041962841654,0.5000000000015884,0.11000000000406997,0.21,-0.16677681950555157,0.05976755331242105
2010-05-19,19,1.0000000000163993,0.6000000000101556,0.031887085364655995,0.25,0.10000000000133442,1.0,1.000000000016926,1.0000000000129758,0.8240667458583382,0.5000000000064879,0.11223781779340035,0.21,-0.1666710306152082,0.05977061140495896
2010-05-26,19,1.0000000000027156,0.6000000000018171,0.03673374189059081,0.25,0.10000000000016958,1.0,1.0000000000030285,0.98345570100841,0.8086863754067686,0.491727850504205,0.11653057278072851,0.21,-0.16067248978090176,0.059761772932791515
2010-06-03,19,1.0000000000024019,0.6000000000011273,0.12027630088309593,0.25,0.10000000018191231,1.0,1.000000000001879,0.9139214800759913,0.7501707606895516,0.45696074003799564,0.13328552034041205,0.20999999999979196,-0.16712234083348193,0.06000000000135009
2010-06-10,19,0.999999999997751,0.5999999999968372,0.2500000000030987,0.25,0.09591976750703364,1.0,0.9999999999947287,0.7144483196818118,0.6768468773399725,0.3572241598409059,0.1275527760025117,0.18073875093619474,-0.14219316665453138,0.02221272914486656
2010-06-17,19,0.9999999999601648,0.5751319980550684,0.25000000011341994,0.25,0.08426896774049565,1.0,0.9585533300917808,0.6075887311383543,0.739457779279439,0.22952854135233544,0.12796215036688136,0.1822766193415063,-0.1535029059120568,0.13624120677727453
2010-06-24,19,1.0000000001058924,0.5935149272490806,0.25000000011351675,0.25,0.07430189810002498,1.0,0.9891915454151344,0.34210901973442837,0.7421584038931863,0.17105450986721418,0.11677959062014005,0.08127812597428163,-0.14385220986972502,0.13396904547838123
2010-07-01,19,1.0000000000420017,0.5874889720817342,0.2500000000210155,0.25,0.0690315076803177,1.0,0.9791482868028905,0.41719163548202004,1.0,0.07460867254458851,0.13570106696254175,0.060000000000382595,-0.14215148335548972,0.16687665419280803
2010-07-09,19,1.0000000000312608,0.600000000010237,0.2500000000257453,0.25,0.05861047966955448,1.0,1.0000000000170617,0.41270434854106963,1.0,0.013436148562383756,0.1621001791280945,0.059119053693632996,-0.1247284794240512,0.16508173941642787
2010-07-16,19,1.0000000001252685,0.6000000000787945,0.010646171489586825,0.25,0.05767121699021458,1.0,1.0000000001313243,0.4095487897424763,0.9894155434856428,0.01342548280379597,0.16291729838041508,0.059072124304918344,-0.12326408506285723,0.16381951589699054
2010-07-23,19,0.9999999999877572,0.5999999999877919,0.08471524413658427,0.25,0.05746328779730425,1.0,0.9999999999796532,0.3491565869677482,0.7083973987179021,0.013513983288955471,0.1745782934838741,0.05946152647281581,-0.12373001143562531,0.1218526607241803
2010-07-30,19,0.999999999997229,0.5999999999973574,0.022547792495840963,0.25,0.0563289885195799,1.0,0.9999999999955957,0.35215696283063047,0.6834369080559191,0.013636363636617726,0.17607848141531524,0.05999999999973731,-0.12155893288116776,0.1178920779785309
2010-08-06,19,0.999999999991471,0.5999999999886383,0.24999999999713107,0.25,0.05948285064399821,1.0,0.9999999999810638,0.5400665325862978,0.66372042620771,0.05073453082619475,0.19624571129714782,0.16201995977588932,-0.1302441168714195,0.015075664652774578
2010-08-13,19,1.000000000021688,0.6000000000179606,0.18041836797202948,0.25,0.06958378603862053,1.0,1.0000000000299345,0.5334897947989148,0.6665884359516102,0.05001706852790296,0.19775918180344548,0.16004693843967444,-0.1200000000153108,-0.04999999997400204
2010-08-20,19,1.000000000044268,0.600000000047099,0.11140710367744784,0.25,0.06729750490045135,1.0,1.0000000000784983,0.7,0.7499999999999999,0.0681818181977719,0.20724728325056904,0.21,-0.12976352353966963,-0.035354714685336186
2010-08-27,19,1.0000000000092264,0.6000000000075019,0.13574327679758869,0.25,0.06030009386116528,1.0,1.000000000012503,0.7,0.7534652821350128,0.06818181819308598,0.23207916928100764,0.21,-0.12316047820570056,-0.04180821155902501
2010-09-03,19,1.0000000000511624,0.600000000038661,0.2500000000386015,0.25,0.040785870939812216,1.0,1.0000000000644351,0.7,0.9188198882630219,0.09868924867960409,0.23205975211106616,0.21,-0.062177016756609464,-0.11916987822014168
2010-09-13,19,1.0000000000115512,0.6000000000092377,0.25000000000349804,0.25,0.06620489197305215,1.0,1.0000000000153961,0.7,0.753398357252272,0.07559067740457269,0.2320390143513632,0.21,-0.13063013728506864,-0.015895547778682864
2010-09-20,19,1.0000000000104903,0.6000000000059514,0.20387304108520682,0.25,0.07074239104429017,1.0,1.0000000000099192,0.6988571682074238,0.8339047492276297,0.06805714562168562,0.28027427962902324,0.20965715046222713,-0.18999999999817388,0.059999999997450766
2010-09-27,19,1.0000000000083051,0.6000000000044369,0.009254395857847184,0.25,0.071099383497628,1.0,1.0000000000073948,0.6922742509874974,0.8371962078332207,0.06733900919656598,0.2818541797591822,0.20768227529624922,-0.18999999999699704,0.059999999996742
2010-10-04,19,1.0000000000958995,0.6000000000905081,0.25000000005899115,0.25,0.06634890169895705,1.0,1.000000000150847,0.6927457643001799,0.7445593232251349,0.06739044703135746,0.1984314548046756,0.20782372929005397,-0.16619682679260403,0.02429524019274592
2010-10-11,19,1.0000000000184865,0.6000000000165663,0.011461901886556741,0.25,0.06654786232629616,1.0,1.0000000000276106,0.6906935377773203,0.7430201533329902,0.06716656775965049,0.1979138642619615,0.2072080613331961,-0.16583652571092075,0.023754788567209997
2010-10-18,19,1.0000000000606315,0.6000000000359017,0.07339359069042938,0.25,0.0667302710281529,1.0,1.0000000000598361,0.7,0.7499999999999999,0.06818181819819341,0.18333333334049012,0.21,-0.1598373169613205,0.014999999997116455
2010-10-25,19,0.9999999999233493,0.5999999999198533,0.015579807812052763,0.25,0.06623334170260872,1.0,0.9999999998664222,0.6999999999624605,0.7499999999574377,0.06818181816259142,0.18329482040986744,0.20999999998873814,-0.1599724907677802,0.014975241709228673
2010-11-01,19,1.0000000001015181,0.6000000000814745,0.11071455365302632,0.25,0.06627991219658738,1.0,1.000000000135791,0.7,0.7499999999999999,0.06818181822027734,0.16000000001616377,0.21,-0.1433333333258741,-1.7845244321787788e-11
2010-11-08,19,1.0000000003815956,0.6000000003279388,0.12693939785965425,0.25,0.06566737499956189,1.0,1.0000000005465646,0.7,0.7499999999999999,0.06818181831084535,0.1600000000508856,0.21,-0.1025233946526537,-0.06500000008059394
2010-11-15,19,1.000000000020967,0.6000000000152524,0.25000000000856987,0.25,0.08046359484634495,1.0,1.0000000000254208,0.5426202896329069,0.7260477948748906,0.0868713841696468,0.09656695960792178,0.16278608688987206,-0.0700676949969138,-0.09452876124143966
2010-11-22,19,1.0000000002371898,0.5968231632182428,0.2500000002117633,0.25,0.08713904945823271,1.0,0.9947052720304047,0.5431417063955334,0.7278571441009707,0.19757956130076204,0.06658059538540412,0.16294251191866,-0.07177142845091551,-0.09393127583990474
2010-11-30,19,1.0000000002083176,0.6000000001530996,0.08203755083215125,0.25,0.08850698989738022,1.0,1.000000000255166,0.542597622438663,0.7309424397538911,0.23079057179019014,0.05703904902005484,0.16277928673159892,-0.06330943845919766,-0.10339280908201887
2010-12-07,19,1.0000000002285108,0.6000000001525471,0.01325848063639048,0.25,0.0865886347937688,1.0,1.000000000254245,0.5419062786960924,0.7313826397274145,0.2321529905215699,0.05668197262548367,0.1625718836088277,-0.06467228457837777,-0.10162815235209949
2010-12-14,19,0.9999999999786157,0.5925385408390771,0.019612484919246886,0.25,0.08775705994754233,1.0,0.9875642347317952,0.5410669727244144,0.7273177317188328,0.23223834128437937,0.05623744217899038,0.16232009181732432,-0.07181458145360611,-0.09600885742793057
2010-12-21,19,1.0000000000492577,0.600000000035691,0.23184448964637602,0.25,0.10000000000346777,1.0,1.000000000059485,0.6910489731125284,0.7226378379184013,0.3455244865562642,0.03449777682789605,0.15000000000110236,-0.06795005231240439,-0.09722713743182869
2010-12-29,19,0.9999999999988971,0.5999999999972269,0.0444501729875489,0.25,0.10000000005379757,1.0,0.9999999999953781,0.7215890330010413,0.6851986389013401,0.36079451650052063,0.034478193464310455,0.14999999999969918,-0.07518410888799353,-0.08722383666761278
2011-01-05,19,1.000000000010732,0.6000000000104874,0.08462510971194454,0.25,0.09999999999996931,1.0,1.000000000017479,0.7855024035516668,0.681149116357769,0.3927512017758334,0.03236760210094247,0.15000000000020838,-0.0755080706901226,-0.08673789396361474
2011-01-12,19,1.0000000000025218,0.6000000000022239,0.13684457043274428,0.25,0.100000000000191,1.0,1.0000000000037066,0.8503891849950589,0.6816184201809963,0.42519459249752944,0.002188775837864412,0.14939763363434175,-0.07860525134467321,-0.05392917910662806
2011-01-20,19,1.000000000006599,0.6000000000072844,0.08992651918647597,0.25,0.10000000006385373,1.0,1.0000000000121407,0.8867593962222817,0.6687481997628058,0.44337969811114086,-0.01801154726659855,0.1411718701618697,-0.08247069096193543,-0.03114753938634588
2011-01-27,19,1.0000000000092681,0.6000000000119675,0.11956051608858594,0.25,0.10000000432693723,1.0,1.0000000000199458,0.9434250953073008,0.7499999999968027,0.4717125476536504,-0.03964610576222005,0.09720950605322726,-0.06695193839449066,-0.034892020542363705
2011-02-03,19,1.0000000000375242,0.6000000000398048,0.01690695303095753,0.25,0.10000000503198885,1.0,1.0000000000663414,0.9333544467285997,0.7424374826217149,0.46667722336429984,-0.040077747561405516,0.09584051793131035,-0.05916523284573589,-0.0383377083541081
2011-02-10,19,1.0000000000229958,0.600000000017504,0.241111548098544,0.25,0.09690655047121745,1.0,1.0000000000291733,0.9818181818336101,0.7500000000174479,0.49090909091680507,-0.026773767375769045,0.15000000000046074,-0.05706681816563778,-0.019879954551702907
2011-02-17,19,0.9999999999953533,0.5999999999890048,0.23843040436381485,0.25,0.09032688467261406,1.0,0.9999999999816747,0.980049730551507,0.749999999997344,0.4900248652757535,-0.023674858275416225,0.14756837952217372,-0.02919758913848442,-0.04286371720779992
2011-02-25,19,0.9999999999486869,0.5999999998705708,0.24999999995324432,0.25,0.08458600289201676,1.0,0.9999999997842848,0.9818181816713414,0.7499999999756141,0.4909090908356707,-0.0253364072686187,0.14999999998120023,0.05579869132214039,-0.12986855812040599
2011-03-04,19,0.9999999999953886,0.5999999999878587,0.24999999999493414,0.25,0.08036932954803293,1.0,0.9999999999797645,0.8549213169251487,0.9999999999949094,0.42746065846257436,-0.020000000000652426,0.1499999999982872,0.15563228829135548,-0.22903452972958355
2011-03-11,19,1.0000000000084157,0.6000000000062133,0.08666545262260263,0.25,0.08178969834132574,1.0,1.0000000000103557,0.7818181818258225,1.0,0.39090909091291126,-0.02000000000006036,0.15000000000012823,0.17999999999999192,-0.24000000000093136
2011-03-18,19,1.0000000000088236,0.600000000005857,0.012081843939609399,0.25,0.08669677861347724,1.0,1.0000000000097617,0.7817023848511768,1.0,0.3908511924255884,-0.019999999999653413,0.15000000000020794,0.18001929949473622,-0.24001736954669203
2011-03-25,19,0.9999999999628406,0.5999999998924768,0.2500000000470697,0.25,0.08697973905376842,1.0,0.9999999998207947,0.6403368187704642,0.9999999999465905,0.3201684093852321,0.029999999991279187,0.14999999998250305,0.15346860631423004,-0.24622220442142256
2011-04-01,19,1.0000000000628533,0.6000000000237565,0.009307729123428705,0.25,0.08722717200858736,1.0,1.0000000000395943,0.6388038663857908,0.9851564445327717,0.3194019331928954,0.030000000000110535,0.1500000000007902,0.1516091859138359,-0.2435576540056154
2011-04-08,19,1.0000000000574438,0.6000000000429513,0.16166136643500342,0.25,0.09450690569944022,1.0,1.0000000000715856,0.6750000000101344,1.0,0.24116624560487546,0.030000000003950214,0.15000000000148067,0.17999999999966582,-0.2700000000040538
2011-04-15,19,1.0000000000026372,0.6000000000023019,0.12135789504424405,0.25,0.09300328406985092,1.0,1.0000000000038365,0.6750000000089276,1.0,0.18773358660376957,0.05496342553590667,0.15000000000161035,0.18000000000236382,-0.27000000000357105
2011-04-25,19,1.0000000000297695,0.6000000000281033,0.2500000000080746,0.25,0.09424549951240868,1.0,1.0000000000468388,0.7616481834070715,0.9999999999963749,0.13133553528442463,0.030000000002578114,0.15000000000011635,0.20263761368991906,-0.3046592733628286
2011-05-02,19,0.9999999999914947,0.5999999999800133,0.021160962549320046,0.25,0.09829065167640978,1.0,0.9999999999666889,0.7599279825482804,0.9999999999910999,0.13342062719182088,0.02999999999892373,0.14999999999782426,0.20016752645440006,-0.3039711930193122
2011-05-09,19,1.000000000032178,0.6000000000288449,0.06703663490554701,0.25,0.10000000001145824,1.0,1.0000000000480749,0.7342891631103601,1.0,0.16741518103256345,0.0300000000017481,0.15000000000059732,0.18732736220978186,-0.29371566524414405
2011-05-16,19,1.0000000001560514,0.600000000152969,0.2500000001046365,0.25,0.10000000001394176,1.0,1.0000000002549483,0.7466810553597522,1.0,0.061732627216125054,0.07504237255112423,0.1500000000044494,0.19238223827352438,-0.2986724221439009
2011-05-23,19,1.000000000004741,0.6000000000048138,0.018735518958528423,0.25,0.10000000000039522,1.0,1.0000000000080231,0.7474876969043917,1.0,0.06161997474427515,0.07459829045411913,0.15000000000011562,0.19037216766969536,-0.2989950787617567
2011-05-31,19,0.9999999999068072,0.5999999998498199,0.2500000000865066,0.25,0.09692350682931272,1.0,0.9999999997496999,0.6626865684031771,0.9999999999027714,0.1347110338690361,0.07375622558687643,0.14999999997861252,0.12972818906767808,-0.26507462736127085
2011-06-07,19,1.00000000001594,0.6000000000122274,0.2500000000154653,0.25,0.08308584156053292,1.0,1.000000000020379,0.6665793242415606,0.9967678489374547,0.1440071084963827,0.14119937160925763,0.1999737972724682,0.04732650274539577,-0.22738134304860325
2011-06-14,19,1.0000000001058826,0.6000000000989558,0.25000000008516443,0.25,0.04420360449955584,1.0,1.0000000001649265,0.7,1.0,0.1876653544600064,0.18000000000735403,0.21,0.006411079635888791,-0.1905801909195303
2011-06-21,19,1.0000000000652471,0.6000000000590742,0.12005170640564854,0.25,0.04257883702869924,1.0,1.000000000098457,0.7,1.0,0.21243780498164283,0.1813079986392885,0.21,-0.024660312984206116,-0.17300953052547566
2011-06-28,19,1.0000000000193034,0.6000000000182009,0.249999999991185,0.25,0.03710148926888754,1.0,1.0000000000303348,0.7,1.0,0.1632277197060797,0.1896006915746434,0.21,-0.03867364376550402,-0.15198953435132728
2011-07-06,19,1.0000000000631986,0.600000000064919,0.2500000000294996,0.25,0.039069592041534394,1.0,1.0000000001081986,0.4500000000177065,1.0,0.12078492719143329,0.1711894300297566,0.09215854972285321,-0.01954215344401511,-0.1800000000070826
2011-07-13,19,0.9999999999995723,0.5999999999993563,0.2500000000003093,0.25,0.03387765451800872,1.0,0.9999999999989272,0.4499999999996849,0.999999999999479,0.05195425523211018,0.1972763120972662,0.059999999999930956,-0.019539347405495656,-0.17999999999987396
2011-07-20,19,0.9999999999855638,0.5999999999767305,0.0051288649224738555,0.25,0.033780059324566306,1.0,0.9999999999612175,0.44999999998765416,0.999999999978554,0.05256648259475654,0.1968937592993931,0.05983462451596769,-0.01974622246249758,-0.17999999999506167
2011-07-27,19,1.0000000000181801,0.5999999999995634,0.02746559797637564,0.25,0.03283528088413011,1.0,0.9999999999992725,0.4430761078630523,0.9857971443469331,0.04545454545771272,0.20000000000357476,0.060000000001492644,-0.02188024155406697,-0.17723044314522093
2011-08-03,19,0.999999999998547,0.599999999998471,0.018779863312099465,0.25,0.03421577708231494,1.0,0.9999999999974517,0.43548007824429896,0.9702155451157948,0.045454545454145845,0.1999999999999881,0.060000000001277025,-0.02446766823224786,-0.1741920312977196
2011-08-10,19,0.9999999999889416,0.5999999999675345,0.11710250176128326,0.25,0.04688979411384236,1.0,0.9999999999458908,0.48034092410062684,0.9853147161201816,0.013636363630675075,0.1999999999936887,0.05999999999785105,-0.005536125917977157,-0.19213636964025074
2011-08-17,19,0.9999999999960862,0.5999999999867656,0.20686634810525703,0.25,0.08634787484751168,1.0,0.9999999999779426,0.5624999999937078,0.9999999999950064,0.00456793222677899,0.14673260120345774,0.0200989018075114,0.029999999997702958,-0.22499999999748316
2011-08-24,19,1.000000000022779,0.600000000023734,0.00787152657397569,0.25,0.09024942726576823,1.0,1.0000000000395568,0.5630536929764939,1.0,0.004494753913886003,0.14632107617423812,0.01977691717769499,0.030492171532592753,-0.22522147719059757
2011-08-31,19,0.9999999999716341,0.5999999999655135,0.011200240914905124,0.25,0.09068148099224152,1.0,0.9999999999425224,0.5585493184284086,0.990734555530908,0.0045210231234637495,0.14639367756652033,0.0198925017544299,0.0291134923195769,-0.22341972737136345
2011-09-08,19,1.0000000000556648,0.5998343304522292,0.009129872471762557,0.25,0.09268246089067339,1.0,0.9997238840870487,0.5623980972167195,1.0,0.004542745519614159,0.14665077378338148,0.01998808033013925,0.029899486685752378,-0.22495923888668784
2011-09-15,19,1.0000000000211036,0.6000000000082973,0.01769357152708806,0.25,0.0930185923140004,1.0,1.000000000013829,0.5622203040992219,1.0,0.004579357077981802,0.1468655615390327,0.020149171145750048,0.029875690709184187,-0.22488812163968874
2011-09-22,19,0.9999999999911373,0.599999999994231,0.03766566659060212,0.25,0.09620484135974078,1.0,0.9999999999903851,0.5624999999988374,0.9999999999963288,0.004545454544015373,0.14666666666986303,0.019999999993760866,0.030000000001899278,-0.22499999999953496
2011-09-29,19,1.0000000000849276,0.6000000000273205,0.0380173994929406,0.25,0.09912348262021656,1.0,1.0000000000455342,0.5448136161147662,0.9891967032597431,0.004636742402537794,0.16275775794838723,0.020401666611791724,0.022859604718934563,-0.2179254464459065
2011-10-06,19,1.0000000000204214,0.6000000000027955,0.25000000001124423,0.25,0.06635383687765836,1.0,1.0000000000046592,0.5631007973976644,0.9844195993161122,0.004578931670289272,0.2815503986988322,0.020147299414795695,-0.016638003019188663,-0.18144514746443954
2011-10-13,19,1.0000000000117655,0.6000000000040829,0.250000000013752,0.25,0.08373040164904798,1.0,1.000000000006805,0.5644452012559251,0.9739639096336294,-0.013999040585019286,0.28222260062796256,0.020309368155859344,-0.11798666723379292,-0.02306416988584974
2011-10-20,19,1.0000000000190663,0.5999999999951695,0.08874897645787097,0.25,0.08928849352941405,1.0,0.9999999999919492,0.5948990515227163,1.0,-0.03734704495786357,0.29744952576135814,0.020587144320595017,-0.12331074374082197,0.015440358240524896
2011-10-27,19,0.9999999999499255,0.41200345421354917,0.24999999998741032,0.25,0.09999999999639342,1.0,0.6866724236892486,0.5955584027016122,0.999999999954084,-0.06733565858314625,0.2977792013508061,0.020834401023364726,-0.19563451870317575,0.1021932475255201
2011-11-03,19,1.0000000000173144,0.420743349989451,0.016391119845075217,0.25,0.10000000025044224,1.0,0.701238916649085,0.5953839484072615,1.0,-0.06427674073558626,0.29769197420363075,0.020768980652305768,-0.19487847160836586,0.10564312813964738
2011-11-10,19,1.0000000000032927,0.423837877448163,0.06879611384593005,0.25,0.1000000002760416,1.0,0.706396462413605,0.6271818300403379,0.9996086746787213,-0.05833491444002694,0.31359091502016895,0.03277536458272437,-0.19653198690426102,0.07735972164517194
2011-11-17,19,1.0000000000026987,0.5621482507068405,0.21446870617008146,0.25,0.08629609380040784,1.0,0.9369137511780675,0.7000000000000414,1.0,-0.017949397050970657,0.3500000000000207,0.06000000000010364,-0.15000000000101565,0.06567776239449377
2011-11-25,19,1.0000000000015872,0.5588849458755697,0.012921414795639796,0.25,0.0858170607192318,1.0,0.9314749097926162,0.7000000000001344,1.0,-0.0158638809618456,0.3500000000000672,0.06000000000033607,-0.15305095347896547,0.0661672581188873
2011-12-02,19,1.00000000000776,0.5632199594425517,0.14185134928058127,0.25,0.07666003445600011,1.0,0.9386999324042528,0.7000000000004233,1.0,0.04524634335808144,0.35000000000021164,0.060000000001058325,-0.1864746774832889,0.06551700608499995
2011-12-09,19,1.0000000000083913,0.567963167914388,0.024516664343604163,0.25,0.07716188788699499,1.0,0.9466052798573132,0.7000000000007038,1.0,0.045188560930881416,0.3500000000003519,0.06000000000175961,-0.1847239445580913,0.06407670881507431
2011-12-16,19,1.0000000000145561,0.5726421716095635,0.02784477219983686,0.25,0.07781291083906614,1.0,0.9544036193492726,0.7000000000003236,1.0,0.0434293960886111,0.3500000000001618,0.06000000000080916,-0.18265647690025275,0.06214525825433333
2011-12-23,19,1.000000000024735,0.5672091759739961,0.2500000000166762,0.25,0.08622315625691107,1.0,0.9453486266233269,0.6019985960522197,1.0,0.005283971246654537,0.30099929802610986,0.02324947351886206,-0.1603147055649961,0.02727435234710252
2012-01-03,19,1.0000000000202502,0.5659520923726544,0.06353381612787798,0.25,0.0882236161941214,1.0,0.9432534872877574,0.5751744492545378,1.0,0.0029978223859046796,0.2875872246272689,0.013190418472290327,-0.15574610869644895,0.020107186143390503
2012-01-10,19,1.000000000001841,0.40000000000048547,0.17543349068720007,0.25,0.08678888581531521,1.0,0.6666666666674758,0.5750658190440633,1.0,0.002988564122680244,0.28753290952203164,0.013149682141700614,-0.21657484107048616,0.06986226160613217
2012-01-18,19,1.000000000039901,0.3999999999949582,0.1830891440919151,0.25,0.08714645378155154,1.0,0.6666666666582637,0.6466666666756737,1.0,0.009090909081882323,0.32333333333783687,0.04000000000503406,-0.23000000000450074,0.090000000010131
2012-01-25,19,1.0000000000570979,0.40000000000612673,0.04249457057620621,0.25,0.09193693412864336,1.0,0.6666666666768779,0.6466666666797521,1.0,0.009090909080329671,0.3233333333398761,0.04000000000698612,-0.2300000000008937,0.09000000001272351
2012-02-01,19,1.0000000000572695,0.3999999999742223,0.045599435660550594,0.25,0.09425219685662584,1.0,0.6666666666237039,0.6466666666532156,1.0,0.00909090908010425,0.3233333333266078,0.040000000001291676,-0.2300000000085504,0.0900000000275957
2012-02-08,19,1.0000000000844205,0.40000000004947484,0.010475165392702768,0.25,0.09248414107132716,1.0,0.6666666667491248,0.6454526674603633,0.9978321442431874,0.009209155777083786,0.32272633373018167,0.04052028539382864,-0.2299999999976716,0.09000000002903964
2012-02-15,19,1.0000000000774,0.40519574038977085,0.003987302811535615,0.25,0.08783884750019366,1.0,0.6753262339829514,0.6494377281804635,1.0,0.009327079122043303,0.32471886409023176,0.04103914807462587,-0.2286144692427401,0.08922063898708285
2012-02-23,19,1.0000000000485767,0.4000000000440704,0.2500000000292119,0.25,0.0749582534902484,1.0,0.6666666667401173,0.48828610750925044,0.8002980286578861,0.039025884694498074,0.24414305375462522,0.129821182799468,-0.22999999999916018,0.09000000000224997
2012-03-01,19,0.9999999998542137,0.5593499919288208,0.18645182866272647,0.25,0.07269786663975542,1.0,0.9322499865480348,0.6999999998675793,0.7994583265698401,0.06818181814642604,0.259674995964309,0.2099999999602738,-0.18750666875212155,0.06609750117642997
2012-03-08,19,1.0000000001191274,0.6000000000978456,0.11765909447278021,0.25,0.07110638209450981,1.0,1.000000000163076,0.7,0.7499999999999999,0.1008282750985111,0.22965291333059995,0.21,-0.1766666666708735,0.060000000000079504
2012-03-15,19,1.0000000001229186,0.6000000000896887,0.250000000092191,0.25,0.07758432793386609,1.0,1.000000000149481,0.7,0.7499999999999999,0.22503200244886143,0.22057820102460768,0.21,-0.1764213920400618,0.05999999999681621
2012-03-22,19,0.9999999999515994,0.5999999999240899,0.2500000000334964,0.25,0.08820276035204112,1.0,0.9999999998734832,0.6982695047608338,0.74870212855799,0.34077180367765403,0.1929556590270393,0.20948085142825015,-0.17666666666683586,0.060000000000294866
2012-03-29,19,1.0000000001930092,0.6000000001762622,0.12938008460812317,0.25,0.09413694642227487,1.0,1.0000000002937703,0.7757768470791124,0.7499999999999999,0.3878884235395562,0.1788818228103858,0.21,-0.17666666664046324,0.059999999972114755
2012-04-05,19,1.0000000001066631,0.6000000000920427,0.008733871973607282,0.25,0.09231912465596478,1.0,1.0000000001534046,0.7764576786394743,0.7499999999999999,0.3882288393197372,0.1786321845360202,0.21,-0.17666666665728528,0.05999999999066855
2012-04-13,19,1.0000000000043854,0.6000000000032851,0.1660051786036069,0.25,0.10000014806264518,1.0,1.0000000000054752,0.8693371039380354,0.7486208678274411,0.4346685519690177,0.14457639522421672,0.20944834713097646,-0.1766666666665014,0.06000000000008791
2012-04-20,19,0.999999999964579,0.5999999999370498,0.011598715198904319,0.25,0.09851113634173392,1.0,0.999999999895083,0.8720287591166371,0.7436476829041903,0.43601437955831857,0.14342022856167935,0.20822059191811515,-0.1766666666605792,0.0599999999979759
2012-04-27,19,1.0000000000355347,0.5999759966254784,0.026997494814344214,0.25,0.09776053371345071,1.0,0.9999599943757974,0.869923292392735,0.7487864964281601,0.4349616461963675,0.14429113848506342,0.2098058394285056,-0.17667306757317597,0.06000360051235359
2012-05-04,19,1.0000000000116245,0.400000000008209,0.22173902631441794,0.25,0.09622938448326473,1.0,0.6666666666803484,0.8665283940824736,0.7127517131805164,0.4332641970412368,0.09525278511922626,0.19893958883838359,-0.22999999999916482,0.09000000000113442
2012-05-11,19,0.9999999999706002,0.40867585142732593,0.02251114913326764,0.25,0.09517521551937465,1.0,0.6811264190455433,0.8698347986623747,0.7165981852947081,0.43491739933118734,0.09633547440856453,0.19975160580659407,-0.22768643959554707,0.08869862227494492
2012-05-18,19,0.9999999999796154,0.39999999998497043,0.250000000015028,0.25,0.09091599080817717,1.0,0.6666666666416174,0.6719634498238624,0.6974314684307595,0.33044062810560687,0.14883220459067162,0.20158903494715869,-0.22999999998827986,0.08999999999482318
2012-05-25,19,1.0000000001435854,0.41504187505560597,0.027165641955599104,0.25,0.08984750711082799,1.0,0.69173645842601,0.6771550683139176,0.685740343693314,0.3385775341569588,0.14597706189888648,0.1983208660856248,-0.22598883335438968,0.08774371876129303
2012-06-04,19,1.0000000000233171,0.4209574897876568,0.09839539491420735,0.25,0.08632216861735545,1.0,0.7015958163127614,0.6617284549969795,0.6961228765306443,0.2972630009427161,0.17009572685657348,0.19851853649909385,-0.22441133606248784,0.0868563765356466
2012-06-11,19,1.000000000009357,0.42178445875480985,0.08041117311599769,0.25,0.08551392185808236,1.0,0.7029740979246831,0.6835934143727684,0.7376950607795763,0.2776607593508357,0.1790156048664484,0.20507802431183053,-0.22419081100064225,0.08673233118843514
2012-06-18,19,1.0000000001730673,0.4177714017876413,0.25000000018442836,0.25,0.09009886196567547,1.0,0.6962856696460689,0.4912897606072133,0.4851904985764485,0.24564488030360665,0.1838805042504399,0.10153741811462798,-0.22526095955514075,0.08733428976759924
2012-06-25,19,1.000000000018509,0.4067338592434279,0.2500000000172951,0.25,0.09026565405088266,1.0,0.6778897654057132,0.527978504513342,0.6106726620093742,0.12226895459749729,0.263989252256671,0.0979282753490402,-0.2282043041923612,0.08898992112864935
2012-07-02,19,1.0000000000880902,0.39999999981818884,0.2500000000863237,0.25,0.0941673408807407,1.0,0.6666666663636481,0.683555481669292,0.7944435208746541,0.060303382839545595,0.341777740834646,0.0599999999982992,-0.23000000004414933,0.09000000005998035
2012-07-10,19,1.0000000001089249,0.3979334242097672,0.013627708872173318,0.25,0.09261353516580378,1.0,0.6632223736829453,0.683539583540155,0.7942447942180103,0.05972171354972811,0.3417697917700775,0.060000000006785396,-0.22894652514240224,0.09030998641756195
2012-07-17,19,0.9999999999609166,0.4020240603246576,0.250000000044659,0.25,0.05292940696068036,1.0,0.670040100541096,0.6835419061795545,0.7942738275568197,0.06101219411118781,0.34177095308977723,0.05999999999619522,-0.18646131523618784,0.08969639094178264
2012-07-24,19,0.9999999999811418,0.2019872742472715,0.25000000001793155,0.25,0.06748231399360723,1.0,0.33664545707878585,0.6801324849340237,0.7516560618574072,0.013636363632664706,0.34006624246701184,0.05999999999743204,-0.20491945381292642,0.1197019088559513
2012-07-31,19,1.0000000000134295,0.20201087561209682,0.25000000001227585,0.25,0.07953077845678265,1.0,0.33668479268682805,0.6801340583748586,0.7516757296785472,0.01363636363416383,0.3400670291874293,0.060000000001437286,-0.22523245315085907,0.11969836866184769
2012-08-07,19,0.9999999999791725,0.4283162180870518,0.25000000002007877,0.25,0.06854392729277003,1.0,0.7138603634784196,0.6801363391281526,0.751704239304784,0.08563172346742493,0.3400681695640763,0.05999999999726997,-0.1542316948494684,0.08575256728051708
2012-08-14,19,1.00000000003456,0.6000000000246669,0.17666740107375373,0.25,0.056681873851966845,1.0,1.0000000000411116,0.7147467723557573,0.751713122774133,0.11665745141007779,0.35737338617787867,0.1465243063345666,-0.09000000000069515,0.06000000000450345
2012-08-21,19,1.0000000000315195,0.6000000000190593,0.11902644008121716,0.25,0.054156642465847546,1.0,1.0000000000317655,0.7152443450568139,0.751733084965585,0.11631166421338385,0.35762217252840695,0.14776424564891769,-0.06000000000159593,0.060000000004658445
2012-08-28,19,1.0000000000210716,0.6000000000193648,0.01950799349628375,0.25,0.05153395377645141,1.0,1.0000000000322748,0.7153358543741293,0.7500000000041424,0.11681646293718251,0.35766792718706464,0.14833963593449476,-0.05999999999971541,0.06000000000082114
2012-09-05,19,1.000000000088678,0.6000000000751795,0.2116667271977977,0.25,0.04761300784479601,1.0,1.0000000001252993,0.7,0.7499999999999999,0.1636363636773001,0.2700000000095353,0.21,-0.05999999999387021,0.06000000000025916
2012-09-12,19,1.0000000000237315,0.6000000000212217,0.015767737041536695,0.25,0.04723409972776485,1.0,1.0000000000353695,0.7,0.7499999999999999,0.16363636367142248,0.26845612309073746,0.21,-0.05999999999842037,0.05999999999956855
2012-09-19,19,0.9999999999766874,0.599999999969064,0.2500000000300933,0.25,0.050512314957295516,1.0,0.9999999999484399,0.6999999999798532,0.7499999999781228,0.2704313373282301,0.1876305022574755,0.20999999999395594,-0.060000000000262475,0.05999999999893198
2012-09-26,19,0.9999999999985945,0.599999999997057,0.24999999999968076,0.25,0.070778664856417,1.0,0.999999999995095,0.6999999999982675,0.7499999999981303,0.2688816505186534,0.18842284837015222,0.20999999999948024,-0.14681233305478053,0.05999999999839293
2012-10-03,19,0.99999999997539,0.5999999999303255,0.1614841834140315,0.25,0.08322436566331484,1.0,0.9999999998838759,0.6999999999635775,0.749999999959792,0.270778216235294,0.18805660936295177,0.20999999998907326,-0.15000000000610125,-0.00499999999408976
2012-10-10,19,0.9999999999905338,0.5999999999670684,0.25000000000082395,0.25,0.05234554042866226,1.0,0.9999999999451141,0.6999999999826462,0.932931518548864,0.2999999999950462,0.17953109956882524,0.20999999999479385,-0.0600602722201646,-0.12192164611438747
2012-10-17,19,0.9999999999662174,0.5999999999067214,0.2500000000162257,0.25,0.056428007957718636,1.0,0.9999999998445357,0.69999999994926,0.9682902919438373,0.29999999996339816,0.14822506956071085,0.20999999998477797,-0.03113862888659752,-0.16424334790869224
2012-10-24,19,1.000000000059802,0.6000000000510538,0.2500000000493229,0.25,0.05790522003333953,1.0,1.0000000000850897,0.7,0.9942591802076691,0.34392814576071445,0.1488528256190295,0.21,-0.027569915207049225,-0.1688173517864056
2012-11-02,19,1.0000000000519544,0.6000000000513641,0.25000000000650724,0.25,0.054088255689346734,1.0,1.0000000000856069,0.8022367920012003,1.0,0.4011183960006002,0.12810565387756043,0.20958511759342746,-0.017056912358744833,-0.16941463145770336
2012-11-09,19,0.9999999999923997,0.599999999983975,0.22529534120196043,0.25,0.04330176671146656,1.0,0.9999999999732917,0.6999999999905158,0.9999999999965302,0.28533908543190084,0.17999999999683014,0.2099999999971547,-0.01611617459889421,-0.17082573809957866
2012-11-16,19,0.9999999999935445,0.5999999999815684,0.007440440418064916,0.25,0.04247933758872764,1.0,0.9999999999692807,0.6999999999884324,0.9999999999941144,0.2857566297201419,0.17999999999685345,0.2099999999965297,-0.016236106395760147,-0.17064584040626543
2012-11-26,19,1.0000000000093436,0.6000000000065826,0.015267061136100962,0.25,0.04275858933074775,1.0,1.000000000010971,0.7,0.972161416124202,0.28494845074598335,0.1800000000003138,0.21,-0.019421229304414808,-0.1654505772860809
2012-12-03,19,1.0000000000428266,0.6000000000307588,0.24694834671472246,0.25,0.04894303838284154,1.0,1.0000000000512648,0.764417460047923,0.9685300062315394,0.3822087300239615,0.18000000000000008,0.21,-0.04377639925116931,-0.16571894671388404
2012-12-10,19,1.0000000000518656,0.600000000035209,0.25000000003998696,0.25,0.04199729024588354,1.0,1.0000000000586817,0.7,0.7499999999999999,0.30530800215863474,0.20049220671254356,0.21,-0.08067472642563189,-0.10584983701020048
2012-12-17,19,1.0000000000254217,0.6000000000171617,0.2500000000281701,0.25,0.04534469610437698,1.0,1.000000000028603,0.7,0.7499999999999999,0.23841858360722892,0.22023401532110007,0.21,-0.11999999998652522,-0.04251662808510793
2012-12-24,19,0.9999999999831737,0.5999999999764284,0.003365307240536519,0.25,0.043982765811509214,1.0,0.999999999960714,0.6999999999863693,0.7499999999828757,0.23853029550855867,0.2199903096817639,0.2099999999959108,-0.11998386471257902,-0.04298526058479123
2013-01-02,19,0.999999999984832,0.5999999999732268,0.05669398356815214,0.25,0.04280010099924479,1.0,0.9999999999553781,0.6999999999816964,0.7499999999788168,0.23675686427958256,0.2198846531349478,0.2099999999945089,-0.11984155237050366,-0.05025747739843444
2013-01-09,19,0.9999999999952592,0.599999999989901,0.10385934330046634,0.25,0.04162438378188565,1.0,0.9999999999831682,0.6999999999921273,0.7499999999912205,0.23648156158084052,0.21996540859912342,0.20999999999763816,-0.11999999999937375,-0.06503891532191325
2013-01-16,19,0.9999999999883173,0.5539789362785033,0.24999999999443354,0.25,0.04758369338927212,1.0,0.9232982271308388,0.6999999999788328,0.7499999999790297,0.32727272725777107,0.18719719150224276,0.20999999999364982,-0.11999999999627374,-0.11801053184544698
2013-01-24,19,1.0000000000597769,0.5538802250291842,0.2500000000518622,0.25,0.04222779852859105,1.0,0.9231337083819737,0.7,0.7499999999999999,0.32727272729527723,0.1871840300049126,0.21,-0.0873228174256725,-0.11819998736447657
2013-01-31,19,0.9999999999450421,0.554462619015443,0.11290570692733125,0.25,0.04279804656499924,1.0,0.9241043650257385,0.6999999999673572,0.7499999999676966,0.34460174239956426,0.17999999999449112,0.20999999999020716,-0.08000000000014218,-0.11776869046103075
2013-02-07,19,1.000000000049221,0.6000000000289009,0.25000000004058665,0.25,0.0491811404071397,1.0,1.0000000000481681,0.9303729410819047,0.7499999999999999,0.46518647054095236,0.1344308663995939,0.21,-0.08000000000654738,-0.09437478651425228
2013-02-14,19,1.000000000191736,0.6000000001232294,0.2500000000619762,0.25,0.05072605529697228,1.0,1.0000000002053824,1.0000000002062255,0.8748967149330363,0.5000000001031127,0.09669971795736457,0.20002478847106725,-0.07733080654607505,-0.08720751791254708
2013-02-22,19,0.9999999999856602,0.5999999999821303,0.013786863348073976,0.25,0.0516557886159476,1.0,0.9999999999702172,0.9987411582184568,0.8739230170603557,0.4993705791092284,0.09701130119920466,0.20025847589725473,-0.0799999999986218,-0.08013851963302393
2013-03-01,19,1.000000000004109,0.5990661028148413,0.2500000000042679,0.25,0.05482058164253331,1.0,0.9984435046914022,1.0000000000044498,0.8936735979090499,0.5000000000022249,0.03861687876964818,0.15090995936507337,-0.08000000000000268,-0.08062314195801856
2013-03-08,19,1.0000000000330624,0.5996513651055844,0.014367229639238754,0.25,0.054652753462740795,1.0,0.9994189418426407,1.000000000039375,0.8936046852341483,0.5000000000196875,0.03757752475873814,0.15000000000043762,-0.07999999999913847,-0.07951159414859285
2013-03-15,19,1.000000000004091,0.5969850940685343,0.25000000000156225,0.25,0.051140512243830205,1.0,0.9949751567808905,1.000000000002504,0.8916666666686668,0.500000000001252,0.03756616979931037,0.15000000000057626,-0.09716915098712514,0.00891281443972254
2013-03-22,19,1.0000000000184623,0.40000000000742364,0.25000000001434713,0.25,0.04792659312671297,1.0,0.6666666666790394,0.7903194327119738,0.6822965924318694,0.3951597163559869,0.03937480297215948,0.15000000000134156,-0.1300000000022293,0.07603541863098326
2013-04-01,19,1.00000000002903,0.40886532893742134,0.013146653799082308,0.25,0.04728560196704438,1.0,0.6814422148957022,0.800046817165599,0.6909365060979605,0.4000234085827995,0.039324717389540804,0.15000000000093433,-0.1285224451820465,0.07506173801166997
2013-04-08,19,1.000000000033752,0.41960794169885024,0.16422595271879412,0.25,0.052195021878474565,1.0,0.6993465694980837,0.9473319732464331,0.825986269045984,0.4736659866232166,0.03428081396404726,0.15000000000102345,-0.12673200972207868,0.0733812803250687
2013-04-15,19,1.0000000000792915,0.4689741768010571,0.060382345455188,0.25,0.05578763901600476,1.0,0.7816236280017618,1.0000000000396625,0.8796296296667859,0.5000000000198312,0.03378062070664375,0.1500000000012277,-0.11850430387118037,0.056320540163524134
2013-04-22,19,1.0000000000119809,0.6000000000046364,0.14063880498106576,0.25,0.051772177682704354,1.0,1.0000000000077274,1.0000000000025104,0.8796296296337018,0.5000000000012552,0.033776297071761927,0.1500000000002527,-0.09666666666149454,0.10224443281209447
2013-04-29,19,1.0000000000268625,0.6000000000208867,0.16607924941792404,0.25,0.046099593903138024,1.0,1.0000000000348113,0.8727272727379675,0.750000000009513,0.43636363636898373,0.03903692678937752,0.15000000000098093,-0.09666666666462238,0.1244460982122669
2013-05-06,19,1.0000000000141291,0.6000000000073026,0.008454175427115268,0.25,0.04693566353091033,1.0,1.000000000012171,0.8727272727299549,0.750000000002709,0.43636363636497744,0.03907058659138645,0.15000000000150754,-0.09666666666435107,0.12394120118824581
2013-05-13,19,1.0000000001068978,0.6000000000605502,0.13613031928060704,0.25,0.04505712251070213,1.0,1.000000000100917,0.8844969569615594,0.7500000000402112,0.4422484784807797,0.07354218943458787,0.17589330521997426,-0.09666666666197792,0.059999999998939665
2013-05-20,19,0.9999999998729593,0.5999999998640632,0.25000000010719875,0.25,0.05352512059966515,1.0,0.9999999997734387,0.8427165139686108,0.7113852628652239,0.4213582569843054,0.08678369915241904,0.1859192368480021,-0.07666666664215482,0.05999999997996173
2013-05-28,19,0.9999999999923873,0.5999999999871735,0.20281364226155543,0.25,0.05932053165049254,1.0,0.9999999999786224,0.9999999999847228,0.8714416283956291,0.4999999999923614,0.08007438105073614,0.1856560395877258,-0.0767363706803215,0.03140177303332883
2013-06-04,19,0.99999999993585,0.5999999998901231,0.12349409390748159,0.25,0.061642205563065613,1.0,0.9999999998168718,0.9999999998565599,0.8878877614907079,0.4999999999282799,0.07979018392660094,0.18597630946287688,-0.07666666667064409,0.01500000000457416
2013-06-11,19,1.0000000000557314,0.5996618619730281,0.011567336781906846,0.25,0.06471678260236731,1.0,0.9994364366217134,1.0000000000540339,0.8879240216789697,0.5000000000270169,0.07956577032581455,0.18579485925023517,-0.0767568368157088,0.015082867075363573
2013-06-18,19,0.9999999999642474,0.3818181817784814,0.2392771406746671,0.25,0.07526952157473148,1.0,0.6363636362974691,0.9999999999315757,0.9015151514619546,0.49999999996578787,0.029999999998453236,0.1499999999928992,-0.09804752671295347,0.047727272724328695
2013-06-25,19,1.0000000000823723,0.3706826267250457,0.043453234123223584,0.25,0.07616061212220046,1.0,0.6178043778750762,1.000000000074727,0.8977355320423455,0.5000000000373634,0.029339998832127887,0.14669999416396337,-0.10317260618814672,0.05153332644230916
2013-07-02,19,1.0000000000124314,0.2836771718571196,0.25000000001045974,0.25,0.07681497054714848,1.0,0.4727952864285327,1.0000000000081515,0.8281782328602865,0.5000000000040757,0.0029829780672608833,0.1449316462043352,-0.09928018736447893,0.048052329266316716
2013-07-10,19,1.0000000000020612,0.1453579255095565,0.2500000000016125,0.25,0.076444384190843,1.0,0.2422632091825942,1.0000000000008475,0.8679256767094294,0.5000000000004238,-0.050075258174876736,0.051923556728065666,-0.09773879710471359,0.04642863393229222
2013-07-17,19,1.000000000035611,0.08034837070372294,0.2500000000266155,0.25,0.07226958305711274,1.0,0.13391395117287158,1.000000000018056,0.9002903089378208,0.500000000009028,-0.07000000000566821,8.489552242045844e-13,-0.12855897371184946,0.04916033856360424
2013-07-24,19,1.0000000000067573,-0.17291240146597792,0.2500000000065567,0.25,0.06906728956010813,1.0,0.28818733577662986,0.7706740377380554,0.6892396654450372,0.3853370188690277,-0.1338203679671902,-0.04786527597107971,-0.13062154163278558,0.08894619407698844
2013-07-31,19,0.9999999999962844,-0.2120547308074691,0.25000000000250916,0.25,0.08176866015764643,1.0,0.3534245513457818,0.7576866833269874,0.7228664849875205,0.3788433416634937,-0.0790030780855549,-0.006752308560107347,-0.1572279167802995,0.13174397819811873
2013-08-07,19,1.000000000048974,-0.21323793780257044,0.03252717217954842,0.25,0.08408335659128514,1.0,0.35539656300428407,0.7584956997982596,0.7499999999999999,0.3792478498991298,-0.0735301167569843,-0.0026475875585618034,-0.1600000000013351,0.13500000000573067
2013-08-14,19,0.9999999999951934,-0.19999999999843898,0.05717739483466627,0.25,0.08671101190038287,1.0,0.3333333333307317,0.7727272727115776,0.7499999999948307,0.3863636363557888,-0.06999999999836813,-8.038828715192763e-14,-0.1599999999959407,0.1349999999980136
2013-08-21,19,1.0000000000623666,0.029900748875136135,0.25000000005478906,0.25,0.0769465358787164,1.0,0.04983458145856023,0.7724185406008732,0.6664093899020204,0.3862092703004366,-0.06985612947888512,2.8735355409109905e-12,-0.04498779149579111,0.06607595370860231
2013-08-28,19,1.000000000031982,0.026115431954393104,0.02776755824791864,0.25,0.07731909735480451,1.0,0.04352571992398851,0.7743119534649971,0.6679872339520114,0.3871559767324986,-0.07000000000390064,4.915125761743267e-13,-0.047576156311846016,0.06740307252177512
2013-09-05,19,1.0000000000428635,0.11879491743878037,0.2500000000255228,0.25,0.08756575401063411,1.0,0.19799152906463396,0.8727272727387202,0.7500000000154172,0.4363636363693601,-0.014433488156062603,6.18181647578099e-13,-0.06441676064492635,0.09008285381307667
2013-09-12,19,1.0000000000532598,0.15321424037570067,0.0195151847663855,0.25,0.08568071115174308,1.0,0.25535706729283447,0.9032405478096894,0.7810783357319084,0.4516202739048447,-0.014326566142861492,-1.7793091267507628e-14,-0.06065761556633163,0.0798257925141903
2013-09-19,19,1.0000000000079177,0.35555555555187957,0.25000000000611755,0.25,0.0713168453578772,1.0,0.592592592586466,1.0000000000021014,0.8796296296328259,0.5000000000010507,-0.027210060618194438,-1.2627300318746325e-12,0.011830888545893503,0.015170564598362976
2013-09-26,19,1.0000000000389537,0.35555555554548357,0.2500000000446484,0.25,0.06970755637371288,1.0,0.592592592575806,1.0000000000022138,0.8796296296510397,0.5000000000011069,-0.0874893984662552,-1.377164787078176e-12,0.03913600446114291,-0.021913486212203875
2013-10-03,19,0.9999999999919663,0.3555555555550718,0.24796773066933753,0.25,0.07450358419178454,1.0,0.5925925925917863,0.999999999989782,0.879629629621379,0.499999999994891,-0.20940740638813182,-2.640969404817528e-13,0.10249876489650944,-0.05848888858703334
2013-10-10,19,0.9999999999971574,0.35479180518471326,0.06971392059558157,0.25,0.0762364513770807,1.0,0.5913196753078555,0.999999999995584,0.8797329384134841,0.499999999997792,-0.22602775930744573,1.1258026541965232e-13,0.11964491163373182,-0.0683024508949083
2013-10-17,19,1.0000000000558564,0.35479180226120943,0.014769920655348424,0.25,0.07074994077450783,1.0,0.591319670435349,1.000000000042086,0.8801067179199877,0.500000000021043,-0.22602775970313,7.362199021351608e-13,0.11946549631637302,-0.06860521182931273
2013-10-24,19,1.0000000000301537,0.34354093469506153,0.01600415169291887,0.25,0.0698831253864807,1.0,0.5725682244917693,1.000000000016553,0.8800935392755385,0.5000000000082765,-0.2260680119232477,-1.4845361307520817e-12,0.10949698708860736,-0.06564032741969009
2013-10-31,19,1.000000000079112,0.341616413775142,0.004328401367851421,0.25,0.06604530768084439,1.0,0.5693606896252367,1.000000000069089,0.8799997646743807,0.5000000000345445,-0.22607185721766707,-2.406056910944806e-12,0.10900732481577455,-0.06639752077490434
2013-11-07,19,1.0000000000111138,0.33763892812871504,0.016784145500030212,0.25,0.06690010661023449,1.0,0.5627315468811918,1.0000000000052771,0.8798580749821282,0.5000000000026386,-0.22610304863050135,-1.964797911697406e-12,0.11130480631917837,-0.06508724610938324
2013-11-14,19,0.9999999999806971,0.14290747393648992,0.2500000000216994,0.25,0.06679324136075751,1.0,0.23817912322748322,0.9999999999699312,0.879629629609975,0.4999999999849656,-0.21437870273152201,-1.5573330158945256e-13,0.00805129196721975,0.0027154799298192986
2013-11-21,19,0.999999999999708,0.06636892516875384,0.2500000000001241,0.25,0.05969468456636663,1.0,0.11061487528125641,0.9999999999996904,0.8740976063571099,0.4999999999998452,-0.13417793508804926,0.008725898771267076,-0.025709129039533637,-0.10961513623729335
2013-11-29,19,1.0000000000192506,0.22371997041400127,0.2500000000152195,0.25,0.0567830792554145,1.0,0.3728666173566688,1.0000000000206937,0.8228857508245575,0.5000000000103468,-0.07374001895812966,0.13242922190631257,-0.02569816102796492,-0.10805108695474619
2013-12-06,19,0.9999999999887295,0.24337920049403589,0.2500000000081002,0.25,0.05528589428765434,1.0,0.4056320008233932,0.9999999999872258,0.8161416220485264,0.4999999999936129,0.012684678618977098,0.14828799170356988,-0.08546740723133546,-0.07354631035849128
2013-12-13,19,1.000000000000758,0.4098289336426262,0.24534866850301756,0.25,0.05495246929436997,1.0,0.6830482227377104,1.0000000000006783,0.788128359711065,0.5000000000003392,0.018304233979313286,0.15000000000000455,-0.1055701999575658,0.06083334916720069
2013-12-20,19,0.999999999987922,0.42134481411909325,0.01581963608244924,0.25,0.05204364376682122,1.0,0.7022413568651554,0.9999999999796322,0.7881169192656535,0.4999999999898161,0.018778563074502264,0.14999999999732025,-0.10445053445951306,0.058940051605264686
2013-12-30,19,1.000000000116366,0.42560985816854596,0.009073207933671792,0.25,0.04969923950614638,1.0,0.7093497636142433,1.0000000000732003,0.7885198775595448,0.5000000000366002,0.019295543875442446,0.15000000000204738,-0.10410221627084053,0.05801864567170063
2014-01-07,19,0.999999999996731,0.4264047260316019,0.0078947327825728,0.25,0.05046927429765228,1.0,0.7106745433860032,0.9999999999968284,0.7884332095665779,0.4999999999984142,0.02392697416805231,0.14999999999940453,-0.10494302306681504,0.05936565712582493
2014-01-14,19,0.9999999999854063,0.4259529840637459,0.0034951723200941087,0.25,0.05106120676628843,1.0,0.7099216401062431,0.9999999999820343,0.7883051825133018,0.49999999999101713,0.02457642922405805,0.14999999999760577,-0.10512007566953194,0.05975798280305805
2014-01-22,19,1.0000000001439724,0.18030611053864123,0.25000000010831114,0.25,0.06617134904778091,1.0,0.30051018423106873,0.9472421691332087,0.7347097490005874,0.47362108456660434,0.018419347326117445,0.1493272059379497,-0.1428002836305144,0.10653606977299962
2014-01-29,19,1.0000000000162454,0.23366067170300125,0.07832292140368921,0.25,0.0675974409208842,1.0,0.38943445283833544,1.0000000000082332,0.7780505597641074,0.5000000000041166,0.029999999987218647,0.15000000000012675,-0.13772322137459517,0.1021808450816197
2014-02-05,19,1.0000000000095897,0.23354867477115931,0.015128754302300124,0.25,0.07113358663646847,1.0,0.38924779128526554,1.0000000000028615,0.7779572289797636,0.5000000000014307,0.029999999987683268,0.1500000000002454,-0.13751021563627272,0.10229004209082121
2014-02-12,19,1.0000000000249285,0.23244654699946604,0.017340111501116168,0.25,0.07073312525344058,1.0,0.38741091166577674,1.0000000000110647,0.7770387891769378,0.5000000000055324,0.030000000001386896,0.1500000000011578,-0.13796836301974308,0.1033646166758575
2014-02-20,19,1.0000000000424991,0.23048508726581435,0.035023099758379916,0.25,0.06941617453225693,1.0,0.3841418121096906,1.0000000000262717,0.7754042394038072,0.5000000000131358,0.03000000000325806,0.15000000000309233,-0.13695983809351897,0.10527703992924461
2014-02-27,19,0.9999999999956561,0.2294825686426679,0.19129849283859243,0.25,0.06642136941598094,1.0,0.38247094773777984,0.9999999999948797,0.7745688071830872,0.4999999999974398,0.030000000003724946,0.15000000000205838,-0.15048259327793329,0.10625449558661305
2014-03-06,19,0.9999999999797892,0.4082359078965247,0.25000000004729206,0.25,0.06011685557541361,1.0,0.6803931798275412,0.9750602836857432,0.726452267740723,0.4875301418428716,0.09306484975599909,0.19729863731363953,-0.11690819352702704,0.0887646138081571
2014-03-13,19,1.0000000000251208,0.5042194436891969,0.10078719144871695,0.25,0.0595298375119177,1.0,0.8403657394819949,1.0000000000118074,0.7535162030834529,0.5000000000059037,0.11000000000202168,0.21,-0.0839646047798198,0.07436708344728839
2014-03-20,19,0.9999999999838618,0.5999999999793397,0.10941841062544844,0.25,0.05784457122187109,1.0,0.9999999999655662,0.9999999999820581,0.7930834609815756,0.49999999999102906,0.10999999999797141,0.2099999999965332,-0.031178182130804765,0.049776142382468136
2014-03-27,19,0.9999999999935811,0.5999999999899821,0.22135756823914898,0.25,0.05150361793366035,1.0,0.9999999999833036,0.9909964845339316,0.7873734331261858,0.4954982422669658,0.10999999999863506,0.209999999997895,-0.0074868144265796835,-0.089626042193328
2014-04-03,19,1.0000000000239146,0.6000000000198124,0.23080044049087511,0.25,0.05250880676961543,1.0,1.0000000000330207,0.974305086414357,0.7914660851999294,0.4871525432071785,0.049040268904053594,0.16428020167691626,0.052406611135103975,-0.12363158152522735
2014-04-10,19,1.0000000000766225,0.6000000000658222,0.10740350603064634,0.25,0.05279306308502036,1.0,1.0000000001097038,0.9721317390134523,1.0,0.48606586950672614,0.0494731616418501,0.16460487122891698,0.06693625828601937,-0.18000000000806088
2014-04-17,19,1.0000000000244142,0.6000000000141738,0.04303183631571803,0.25,0.05281788693746035,1.0,1.0000000000236229,0.9844127256584637,1.0,0.49220636282923186,0.04931364680122312,0.1644852351018916,0.06728171609765354,-0.18000000000956123
2014-04-25,19,0.999999999973706,0.5999999999785903,0.031665555467294645,0.25,0.054059201238678425,1.0,0.9999999999643172,0.9999999999763495,0.9984706183137678,0.49999999998817474,0.051596873116769644,0.16619765483477947,0.06325686426514718,-0.1797017705771905
2014-05-02,19,0.9999999999814558,0.527282274151818,0.18621495405311078,0.25,0.054365318785096574,1.0,0.8788037902530301,0.9999999999741211,0.9899047837036462,0.4999999999870606,-0.011007467833462707,0.14999999999615313,0.08000000001280659,-0.19416252363870595
2014-05-09,19,1.000000000049096,0.6000000000390775,0.08368515581248281,0.25,0.05378356414402654,1.0,1.0000000000651292,1.0000000000390592,1.0,0.5000000000195296,0.02794753134717623,0.16596064850985257,0.080000000024596,-0.19567938895212358
2014-05-16,19,1.000000000024688,0.6000000000198726,0.2500000000236521,0.25,0.04123223998928276,1.0,1.000000000033121,0.7997755524999876,1.0,0.3998877762499938,0.09302543676140593,0.21,0.07545802139534924,-0.1915939515823507
2014-05-23,19,1.0000000000245486,0.6000000000166276,0.2500000000161051,0.25,0.03818106491533686,1.0,1.0000000000277127,0.7383042519843206,1.0,0.3691521259921603,0.11000000000752133,0.21,0.06333333337012054,-0.1806812425575265
2014-06-02,19,0.9999999999869957,0.5999999999850327,0.21141607116129849,0.25,0.03898000040447346,1.0,0.9999999999750546,0.6999999999896537,0.9999999999910736,0.3018757039094037,0.1100000000036393,0.2099999999968961,0.11104080631562385,-0.19499999999495415
2014-06-09,19,1.000000000098683,0.600000000074776,0.003668124278911442,0.25,0.03937949171757948,1.0,1.0000000001246268,0.7,0.9953298277344064,0.301886977273427,0.11000000002294574,0.21,0.11090751197799345,-0.19408931641847055
2014-06-16,19,1.0000000000533462,0.6000000000427588,0.25000000002617756,0.25,0.04147871629795305,1.0,1.0000000000712648,0.7,0.7499999999999999,0.3408598454002132,0.11000000003279911,0.21,0.03791784692151213,-0.09604211312086508
2014-06-23,19,1.0000000001401832,0.6000000001281739,0.25000000007554124,0.25,0.04566382536227679,1.0,1.0000000002136231,0.8454545455310463,0.7500000000681372,0.42272727276552313,0.11850587291314897,0.21,-0.02520319543230787,-0.09015136719725175
2014-06-30,19,1.000000000077911,0.600000000067875,0.24999999999248287,0.25,0.04058173790327484,1.0,1.000000000113125,0.7,0.7499999999999999,0.3387121841372979,0.17648678391481865,0.21,-0.042601224101463005,-0.07868997904700983
2014-07-08,19,1.0000000001381717,0.6000000001149404,0.25000000002306094,0.25,0.046883199273006056,1.0,1.0000000001915674,0.9091640032322185,0.8031226095716484,0.45458200161610923,0.11844518900469682,0.20991711784878622,-0.04241614629584754,-0.07957702937571268
2014-07-15,19,1.0000000001527254,0.6000000001411497,0.10121335820298993,0.25,0.04985454533878861,1.0,1.0000000002352496,1.0000000001215437,0.8830192322956454,0.5000000000607718,0.09410051238866998,0.1980753842793217,-0.04155929250342398,-0.08263606811569531
2014-07-22,19,1.0000000000153988,0.6000000000173235,0.15415081708526632,0.25,0.04609847481803476,1.0,1.0000000000288725,1.0000000000113591,1.0,0.5000000000056796,0.09421123090576121,0.1981584231778385,-0.016666666662843978,-0.1794059130882273
2014-07-29,19,1.0000000000795277,0.600000000083635,0.10338397716492029,0.25,0.04741007524780923,1.0,1.0000000001393916,1.0000000000648495,1.0,0.5000000000324247,0.09440688473690605,0.19830516354532535,-0.04999999998775622,-0.17904604009165317
2014-08-05,19,1.0000000002893086,0.6000000002807089,0.17121397844426117,0.25,0.045908919208618615,1.0,1.0000000004678482,1.0000000002369356,1.0,0.5000000001184678,0.10349604350316559,0.20512203260456946,-0.04999999996380889,-0.15402457339923062
2014-08-12,19,1.000000000045515,0.6000000000447423,0.004773469434153077,0.25,0.04375963344890955,1.0,1.0000000000745706,1.0000000000308875,1.0,0.5000000000154438,0.10333333334450451,0.2049999999916292,-0.04999999999773762,-0.1537500000045613
2014-08-19,19,1.000000000012347,0.6000000000104501,0.25000000000322764,0.25,0.05861520119514311,1.0,1.0000000000174167,0.9844531895712668,0.8350492693452066,0.4922265947856334,0.10979408769542298,0.20897043835942503,-0.15000000000067656,-0.020308868480590277
2014-08-26,19,1.0000000000805076,0.6000000000770331,0.2500000000365551,0.25,0.05746127063985109,1.0,1.0000000001283886,1.0000000000682019,0.904973500697232,0.5000000000341009,0.10384911645467265,0.17924558205679322,-0.1751802116810635,0.03210476987487919
2014-09-03,19,1.0000000000163658,0.6000000000130163,0.2500000000102464,0.25,0.05833340278323299,1.0,1.000000000021694,1.0000000000120242,0.9771780529385434,0.5000000000060121,0.11445833002626342,0.06000000000109119,-0.1765692597604918,0.018874559657940864
2014-09-10,19,0.9999999999297479,0.5999999999169779,0.18228111954103499,0.25,0.056548687064924136,1.0,0.9999999998616299,0.881818181689696,0.8333333332219783,0.440909090844848,0.14999999999634525,0.05999999998885942,-0.1833333333239018,0.022380123965390356
2014-09-17,19,0.9999999999986979,0.5999999999978016,0.007932698302383911,0.25,0.05647308963090382,1.0,0.999999999996336,0.8819263358920443,0.833333333312567,0.44096316794602214,0.1500000000096501,0.05999999999980808,-0.1832530308249866,0.022655459908810155
2014-09-24,19,1.0000000001872236,0.6000000001099276,0.25000000015861357,0.25,0.04301371244153684,1.0,1.0000000001832128,0.9271215397041985,0.8727240340428055,0.46356076985209926,0.138970603868535,0.06000000001358104,-0.15000000002035005,0.02321287647466662
2014-10-01,19,1.0000000000419047,0.6000000000259379,0.2500000000265813,0.25,0.03837476178497656,1.0,1.0000000000432299,0.7033831057930091,0.6685790695758391,0.35169155289650456,0.26045046877208916,0.060000000016700174,-0.14843210075692653,0.060000000021573345
2014-10-08,19,1.0000000000376585,0.6000000000191266,0.25000000003394096,0.25,0.03926593253415774,1.0,1.0000000000318776,0.7045437206963663,0.8152816174157518,0.35227186034818314,0.2026907865701446,0.05993359890470357,-0.14673924439566416,0.1822922426135277
2014-10-15,19,0.9999999999795905,0.599999999992296,0.24999999999934064,0.25,0.0369833710523901,1.0,0.99999999998716,0.6929517960656997,0.9999999999827383,0.34647589803284984,0.20368939913253925,0.0600000000162383,-0.11666666666753336,0.209999999993842
2014-10-22,19,0.9999999999901841,0.39999999998601826,0.20620525129673672,0.25,0.04318887027200726,1.0,0.6666666666433638,0.5999999999914561,0.9999999999839786,0.29548508029772874,0.18583039265806076,0.05905747527374192,-0.14999999999637953,0.23999999999658247
2014-10-29,19,1.0000000000357037,0.39999999999476665,0.009273501864963424,0.25,0.043057816895099806,1.0,0.6666666666579445,0.6000000000135693,1.0,0.2983523502123996,0.1833038007094481,0.05837303352478598,-0.15000000000452796,0.24000000000542776
2014-11-05,19,0.9999999999994784,0.28100107274478037,0.25000000000041356,0.25,0.04519270455448651,1.0,0.4683351212413006,0.6446245977202733,0.9999999999995498,0.20028992950885283,0.23000000000073764,0.059999999999965935,-0.16189989272541316,0.2578498390881093
2014-11-12,19,1.0000000000302611,0.27878410186488306,0.25000000002556266,0.25,0.04316944913820376,1.0,0.4646401697748051,0.6454559618094502,1.0,0.08268923884691276,0.2620904468603397,0.05999999999877885,-0.1621215898176677,0.2581823847237801
2014-11-19,19,1.0000000000121454,0.399999999987263,0.250000000004577,0.25,0.042007310636926184,1.0,0.6666666666454384,0.6000000000089275,1.0,0.023707187029915103,0.2759952784402152,0.06000000000074015,-0.15000000000494998,0.240000000003571
2014-11-26,19,0.9999999999856553,0.3999999999855572,0.009933252757988703,0.25,0.04162441846200364,1.0,0.6666666666425953,0.5984451348767947,0.9958536930163964,0.024313761920893257,0.2759804915204347,0.059999999998986156,-0.1499999999983475,0.23937805395071793
2014-12-04,19,1.0000000000341687,0.40507508619606014,0.19564530087135604,0.25,0.051687663256843076,1.0,0.6751251436601002,0.5980968426891776,1.0,0.08478516897285666,0.2683632413114631,0.05906780124820591,-0.14915415230828347,0.23923873707567106
2014-12-11,19,1.0000000000371105,0.4124786803506155,0.10665435853754647,0.25,0.05328678318586618,1.0,0.687464467251026,0.5932493425381897,0.9944769270820943,0.11436501029818939,0.24221249243610857,0.03946782046295079,-0.1458404398936421,0.2372997370152759
2014-12-18,19,1.0000000000379303,0.40236237914519535,0.25000000001246486,0.25,0.05348593648712721,1.0,0.6706039652419923,0.5939116610967627,0.9861268086997459,0.11416502841823133,0.2409555181036407,0.03906155277541366,-0.2066642829446839,0.2375646644387051
2014-12-26,19,0.9999999999924934,0.45600876443786875,0.057231811318175604,0.25,0.055972078482124155,1.0,0.760014607396448,0.578996713329256,0.9999999999936104,0.13513674600127817,0.24181567991061587,0.03886175993376395,-0.19759649422103254,0.23159868533170241
2015-01-05,19,1.0000000000241975,0.40000000001353575,0.22875360965265798,0.25,0.06522702039295121,1.0,0.6666666666892263,0.6000000000038982,1.0,0.19736655835188788,0.18949012989925518,1.0044102922151063e-12,-0.22000000000251846,0.2400000000015593
2015-01-12,19,1.000000000009252,0.40000000000370173,0.03461317877905151,0.25,0.06734745851290189,1.0,0.6666666666728363,0.6000000000018293,1.0,0.19972214157881626,0.18886197436832627,7.109576903933813e-14,-0.22000000000091646,0.2400000000007317
2015-01-20,19,0.9999999999890512,0.39999999999628966,0.00602965449194709,0.25,0.07137171560205571,1.0,0.6666666666604828,0.5999999999853395,0.9999999999822364,0.19957875163264152,0.1889002116814113,1.3772498670261263e-13,-0.21999999999431102,0.2399999999941358
2015-01-27,19,1.0000000000486304,0.4000000000098686,0.25000000004083106,0.25,0.07454711769781312,1.0,0.6666666666831144,0.6298329701379163,1.0,0.31491648506895814,0.1552937243531477,1.7627163400276877e-12,-0.22000000000742456,0.24000000000510213
2015-02-03,19,1.0000000000547848,0.3999999999936403,0.057779985054244316,0.25,0.08113876284792548,1.0,0.6666666666560671,0.635349121879411,1.0,0.3176745609397055,0.1554821287973439,2.14787183219047e-12,-0.22000000001652065,0.240000000008961
2015-02-10,19,1.0000000000060572,0.24039444323234843,0.1798250719062638,0.25,0.09580274342930352,1.0,0.4006574053872474,0.6598520837900564,1.0,0.24545454545515163,0.15538592576696428,3.064055008685176e-12,-0.2998027783855742,0.2639408335160226
2015-02-18,19,1.0000000000053662,0.2318786380342318,0.2500000000042242,0.25,0.0981258488913382,1.0,0.3864643967237197,0.663045510738963,1.0,0.12585266418205673,0.18614432007999757,3.373553991131101e-12,-0.3040606809837804,0.26521820429558524
2015-02-25,19,1.0000000000187228,0.17200632603797963,0.07673235269548227,0.25,0.1000000000198079,1.0,0.2866772100632994,0.6854976277394772,0.9999999999937017,0.09545454546444154,0.18626751014106682,4.8879192181584106e-12,-0.3195947858122543,0.2741990510957909
2015-03-04,19,0.9999999998476544,0.16767460905225526,0.1545242287853144,0.25,0.0919626820379536,1.0,0.2794576817537588,0.6871220214327981,0.9999999997998401,0.09483995940961613,0.18594748864615052,-5.233152638180777e-12,-0.28740296975947044,0.2748488085731193
2015-03-11,19,0.9999999999743581,0.10128619775823974,0.08164884947927163,0.25,0.08916362607711036,1.0,0.16881032959706624,0.7120176758040079,0.9999999999566095,0.09101303835084382,0.17733762638529227,-2.6572740748137704e-12,-0.3018242194051011,0.2848070703216032
2015-03-18,19,1.0000000000406348,-0.04806703750501698,0.2362406574176902,0.25,0.10000000044920496,1.0,0.0801117291750283,0.7680251390770448,1.0,0.12142102670602126,0.1500000000050635,5.607475616185459e-12,-0.37855540107894636,0.30721005563081794
2015-03-25,19,1.000000000026166,0.10000000001955368,0.1875832815725092,0.25,0.09609894100427495,1.0,0.16666666669925614,0.7125000000008719,1.0,0.19545454545276614,0.1500000000078807,4.886265850342592e-12,-0.30000000000276517,0.28500000000034875
2015-04-01,19,1.0000000000003537,0.0999999999958972,0.006651728731020934,0.25,0.09891216803694551,1.0,0.16666666665982868,0.7125000000015763,1.0,0.19551687258162787,0.15000000000394753,2.988717138906122e-12,-0.3000000000022336,0.2850000000006305
2015-04-09,19,0.9999999999827708,0.09999999999322788,0.10067105979699174,0.25,0.09948754032901008,1.0,0.1666666666553798,0.7124999999735119,0.9999999999641176,0.24406043689309842,0.10219074200716712,-1.8233270062384996e-12,-0.29999999999002896,0.2849999999894048
2015-04-16,19,0.9999999999392277,0.09999999999034438,0.25000000015790336,0.25,0.09949980896730547,1.0,0.16666666665057397,0.7124999998744428,0.9999999998459299,0.3464229121956976,-1.055210182409177e-11,-5.954246228381813e-12,-0.2999999999392585,0.28499999994977715
2015-04-23,19,1.0000000000341875,0.10000000001593212,0.10079213208605506,0.25,0.0991087098609445,1.0,0.16666666669322022,0.7272727272901167,1.0,0.36363636364505836,7.431680740515926e-12,2.7312712253730894e-12,-0.3000000000054457,0.2850000000018028
2015-04-30,19,0.999999999982446,0.0206162383505889,0.12926415876214875,0.25,0.09999999999929571,1.0,0.0343603972509815,0.7422689106057603,0.9999999999853326,0.33837789400943885,4.69686762058335e-12,4.502985147494082e-13,-0.3423990235724705,0.29690756424230413
2015-05-07,19,1.0000000000039904,0.005890995042057673,0.12866249147224817,0.25,0.1000000000001724,1.0,0.009818325070096123,0.747790876860413,1.0,0.3000000000037157,0.01411879934106453,1.2940141581040636e-12,-0.3502927462050471,0.2991163507441652
2015-05-14,19,0.9999999999595817,0.0068114519571221,0.18338381471371823,0.25,0.10000003717247717,1.0,0.011352419928536833,0.747445705443994,0.9999999999212339,0.299999999963704,0.014241526918931678,-6.929611857026509e-12,-0.3665069912489994,0.29897828217759764
2015-05-21,19,1.0000000000053566,0.002985093035054287,0.018929164475149775,0.25,0.10000000000002145,1.0,0.004975155058423812,0.748880590113369,1.0,0.2989786083726265,0.014003716839680594,4.3853573928375434e-13,-0.3688059627879891,0.29955223604534764
2015-05-29,19,1.0000000000287437,0.006366909954243577,0.05039718450215491,0.25,0.09911850092889435,1.0,0.010611516590405962,0.7476124087737479,1.0,0.29439861046080656,0.014200491821699688,1.730079642161284e-12,-0.36745323602930785,0.29904496350949916
2015-06-05,19,1.0000000000080351,0.011235159640244546,0.011362220919343843,0.25,0.09597410388858114,1.0,0.018725266067074246,0.7428496928523459,0.9921676739188237,0.29467648394842433,0.01417951198356594,1.8344097793818943e-12,-0.36569494693311777,0.29713987714093837
2015-06-12,19,1.0000000000021412,0.00558812885056429,0.2500000000019179,0.25,0.09699525320756393,1.0,0.009313548084273818,0.8061932647605651,0.8286765592929147,0.40309663238028254,0.014369975076177537,1.9894449909720285e-12,-0.36776474846055457,0.14085659728500266
2015-06-19,19,0.9999999999732981,0.1035853652330328,0.20179302997683501,0.25,0.09078731732701088,1.0,0.172642275388388,0.8077493279856635,0.7470121956154813,0.40387466399283173,0.007438097022546649,-6.573356091317621e-13,-0.32880487824465565,0.12612368235160218
2015-06-26,19,0.9999999999959439,0.1045234209656705,0.2500000000032151,0.25,0.08551057984486113,1.0,0.17420570160945084,0.6554765790237487,0.7462304825195264,0.29373506279845113,0.00999999999963813,-7.65972323174456e-13,-0.32773828951187434,0.24284813453343795
2015-07-06,19,0.9999999999977967,0.10000000000514403,0.01346764027932984,0.25,0.08694595105543634,1.0,0.16666666667524005,0.6599999999875094,0.7499999999912546,0.2902690312247532,0.010000000001299636,-2.616932585110875e-13,-0.3299999999937547,0.24473096876661798
2015-07-13,19,1.000000000021275,0.09999999999311354,0.027867321813739437,0.25,0.08687156442214633,1.0,0.16666666665518926,0.6600000000029915,0.7500000000008127,0.3000000000019156,0.00930251766685636,-4.91592387874808e-13,-0.33000000000149576,0.24546223494003652
2015-07-20,19,0.9999999999819832,0.10816408611108075,0.24974468875505595,0.25,0.08029771145264913,1.0,0.18027347685180126,0.8131046200003831,0.743196594886723,0.40655231000019154,0.009124966802186885,-6.529740875052805e-13,-0.3259179569332522,0.133775387078715
2015-07-27,19,1.000000000007789,0.08986254341155579,0.25000000000736544,0.25,0.06457902419237586,1.0,0.14977090568592633,0.7959106922323065,0.680485255844507,0.39795534611615324,0.00910934121180131,-5.092539118556419e-13,-0.2507181608085517,0.13652061848824
2015-08-03,19,1.0000000000350158,0.08967959159269383,0.25000000003446426,0.25,0.06150086495490736,1.0,0.14946598598782304,0.7980133310255948,0.6823266071247136,0.3990066655127974,0.009029588762445057,-1.4035300915852563e-12,-0.1978737901593157,0.13654806126578475
2015-08-10,19,1.0000000000000209,-0.0593486115385918,0.25000000000016875,0.25,0.08020585075749115,1.0,0.09891435256431967,0.6597916537710884,0.6640958754213713,0.3298958268855442,0.0091436901062512,-1.5111096433216024e-12,-0.26714172243958717,0.1589022917331299
2015-08-17,19,0.9999999999827908,-0.19999999998835405,0.24999999999537123,0.25,0.0914666948989752,1.0,0.33333333331392345,0.5999999999793237,0.7499999999794738,0.2944732111060936,0.004330646809932346,1.1827694123249872e-12,-0.29999999998966187,0.22056708674348524
2015-08-24,19,1.0000000000550882,-0.4478050265845168,0.25000000005832634,0.25,0.09721441922426878,1.0,0.7463417109741948,0.6415974171738555,0.7499999999999999,0.058352976892891255,0.004375843229585872,-9.002759870436828e-12,-0.3000000000083797,0.25663896686954224
2015-08-31,19,1.0000000000001514,-0.4560566191410275,0.21675846953721165,0.25,0.10000000195786336,1.0,0.7600943652350459,0.6527110771800685,0.7499999999999104,0.0363330375473782,0.005649760002542846,-7.964619143652465e-12,-0.29936213434426867,0.26108443087202743
2015-09-08,19,1.0000000000032352,-0.46166486463947565,0.060376294137487255,0.25,0.10000000008693814,1.0,0.7694414410657928,0.6532404952846806,0.7481998425944938,0.054530504607738756,0.005572839302942185,-8.096747005318354e-12,-0.3122515263400238,0.2612961981138723
2015-09-15,19,0.9999999999785668,-0.46444020825369126,0.02823997491263885,0.25,0.09999999999897587,1.0,0.7740670137561522,0.652662364461084,0.7240628673542884,0.05435221874136461,0.005502517117926528,-6.024093504878387e-12,-0.31926053931333775,0.2610649457844336
2015-09-22,19,1.0000000000094709,-0.6000000000022149,0.2500000000057166,0.25,0.10000000195470488,1.0,1.0000000000036915,0.6356096033623185,0.6551197329657615,-0.0737303033073653,-0.006129406740790954,-0.09276290456870916,-0.3172090661844332,0.25424384134492745
2015-09-29,19,0.9999999999957887,-0.5999999999964101,0.12037491409912501,0.25,0.09999999999951141,1.0,0.9999999999940168,0.6881642319315822,0.6705092939567996,-0.058767911988518946,0.005386988475847254,-0.03994150741256648,-0.3440821159657911,0.2695516508372679
2015-10-06,19,1.0000000000023415,-0.6000000000013672,0.2385510804610853,0.25,0.10000000014476439,1.0,1.0000000000022788,0.6756196911685755,0.7476496519865146,-0.11980510595618829,0.007669969772682165,-0.04228274805234081,-0.33709147414125007,0.2702478764674302
2015-10-13,19,0.9999999999988276,-0.5999999999984692,0.09966959781675139,0.25,0.09999999999983501,1.0,0.9999999999974487,0.6746071574886338,0.7470670973519704,-0.11880071381987738,0.019450485792377847,-0.0403459517521463,-0.3373035787443169,0.22789621447389347
2015-10-20,19,1.000000000000435,-0.5998819184410027,0.2500000000004634,0.25,0.10000000000001127,1.0,0.9998031974016712,0.8267528213316498,0.9037889566615728,-0.11834693989001145,0.019277616905509214,-0.040671971485933815,-0.4133764106658249,0.22778069632037748
2015-10-27,19,0.9999999999843687,-0.5999999999635627,0.2500000000122836,0.25,0.09746743866323826,1.0,0.9999999999392711,0.7395037674567561,0.8449584779765156,-0.1844117961367972,0.006677296027494668,-0.14879620982853123,-0.36975188372837803,0.1953611370399157
2015-11-03,19,0.9999999999989417,-0.5763725142469466,0.13421717640138753,0.25,0.09999999999988467,1.0,0.9606208570782443,0.8391950644956078,0.9349020811697044,-0.12476818947343961,0.007324957421466892,-0.1499999999997891,-0.4195975322478039,0.1914558771367885
2015-11-10,19,1.0000000000073903,-0.40000000000156855,0.15967458140306465,0.25,0.08975667809585629,1.0,0.666666666669281,0.8111455429743487,0.9004403391579554,-0.0666559828458651,0.021195261541683687,-0.14402369229718218,-0.40557277148717435,0.16679289231214503
2015-11-17,19,1.000000000006704,-0.3999999999955958,0.026558534029608866,0.25,0.087429885108216,1.0,0.6666666666593264,0.8098736051902583,0.9061183387399471,-0.065152502776394,0.021779585435461112,-0.14110207283486473,-0.40493680259512915,0.1676693781494862
2015-11-24,19,0.9999999999964617,-0.27834319493669757,0.2500000000009493,0.25,0.09982709021020339,1.0,0.463905324894496,0.8999999999963063,0.9999999999961209,0.02446476616544238,0.04216568050850035,-0.0391715974674226,-0.44999999999815316,0.17999999999910046
2015-12-02,19,1.0000000000229519,-0.16718637109872575,0.2500000000137488,0.25,0.0967820293362934,1.0,0.2786439518312096,0.8756986914001442,0.9726553092656173,0.13175603659989513,0.04476882461626077,1.8025869250489813e-13,-0.4378493457000721,0.1750779556699534
2015-12-09,19,1.0000000000199651,-0.18748195008369029,0.2500000000144764,0.25,0.09999999999998391,1.0,0.3124699168061505,0.8899855600682532,0.9895682917358991,0.12820597291501357,0.03229111097067958,-2.592773096194861e-12,-0.4449927800341266,0.2818985561112143
2015-12-16,19,1.0000000000018792,-0.2994818469085251,0.2500000000023053,0.25,0.10000000000035997,1.0,0.4991364115142085,0.9127989601633905,1.0,0.06595363422516862,0.03098689725661728,-2.598438992816082e-12,-0.45639948008169523,0.3449222770351493
2015-12-23,19,1.0000000000426335,-0.3347837335096767,0.2500000000202732,0.25,0.1000000000222135,1.0,0.5579728891827945,0.9000618152342429,1.0,0.14291800771717855,0.0056755683737342265,-4.722333788227603e-12,-0.45003090761712145,0.35021756003084586
2015-12-31,19,1.000000000019219,-0.3147351774148326,0.11336262196935115,0.25,0.10000000000044375,1.0,0.5245586290247211,0.8829153164378726,1.0,0.17712971628372254,2.322648215920341e-12,5.333969421266158e-13,-0.4414576582189363,0.34721027661467085
2016-01-08,19,0.9999999999935547,-0.42034145617218294,0.12141710256506127,0.25,0.09999999999929504,1.0,0.700569093620305,0.8862959040725985,0.9995333338017894,0.12257429400736361,-0.009528737806651562,-0.047643689033156335,-0.44314795203629925,0.34868811178456827
2016-01-15,19,1.0000000000133364,-0.6000000000014017,0.24536427957799067,0.25,0.10000000000005392,1.0,1.0000000000023364,0.8845427307376788,0.962809061090295,0.018482559786796554,-0.020402844581367877,-0.10201422289843262,-0.43838862168175513,0.3538170922950715
2016-01-25,19,1.000000000023277,-0.6000000000219013,0.01651417745606837,0.25,0.09999999999986842,1.0,1.0000000000365024,0.8781969763631428,0.9569642031537029,0.019219668659126932,-0.02288512593104888,-0.10239817737594677,-0.4339577601863629,0.3512787905452571
2016-02-01,19,0.9999999999946391,-0.599999999993171,0.05170982310955004,0.25,0.10000000000563758,1.0,0.9999999999886183,0.8627111747150447,0.9436349620052472,0.020333538524981366,-0.028761200939011,-0.10483334722010001,-0.418665996384361,0.3450844698860179
2016-02-08,19,1.0000000000015294,-0.6000000000011513,0.25000000000037675,0.25,0.1000000000181021,1.0,1.000000000001919,0.8375833704475679,0.9270902464329319,-0.07674217636613627,-0.03209096908142372,-0.12993777845596072,-0.366356126438423,0.3350333481790272
2016-02-16,19,1.0000000000033753,-0.6000000000014191,0.2500000000011682,0.25,0.10000000000152506,1.0,1.0000000000023652,0.7900121787789528,0.9153509918169284,-0.20621136694145528,-0.009005710071405678,-0.1286250186604676,-0.33597488610612236,0.31600487151158113
2016-02-23,19,1.000000000024876,-0.5974524779070655,0.11881813389796271,0.25,0.10000000000098103,1.0,0.9957541298451091,0.7458666095529864,0.9217545592079368,-0.2545575937603321,-0.013197179420547456,-0.1500000000008142,-0.3085565572431233,0.2983466438211946
2016-03-01,19,1.0000000000197025,-0.600000000008447,0.25000000000621847,0.25,0.09827339968961038,1.0,1.0000000000140783,0.5931936289182622,0.7156858474009092,-0.2661875984856657,0.011338168859221875,-0.1500000000001925,-0.2965968144591311,0.18827386687984976
2016-03-08,19,1.0000000000759086,-0.5058032199177347,0.25000000005806483,0.25,0.1000000000017558,1.0,0.8430053665295578,0.6537693205135149,0.7788148744420371,-0.1892492334481117,0.016473226014187943,-0.15000000000112282,-0.32688466025675744,0.14318606859372351
2016-03-15,19,1.0000000000040064,-0.49700703259111995,0.02876775306812047,0.25,0.10000000000005128,1.0,0.8283450543185332,0.6626139937554225,0.7855051153724437,-0.18174590161880774,0.016766432256865853,-0.1500000000000582,-0.33130699687771126,0.14139092076520257
2016-03-22,19,0.9999999999986406,-0.39999999996854113,0.1380797545191422,0.25,0.10000000089727358,1.0,0.6666666666142352,0.6738576009575955,0.7962190702419056,-0.1658368945446155,0.0322643344042933,-0.08867832803305685,-0.33692880047879775,0.14331943264197114
2016-03-30,19,1.0000000000114497,-0.2519868015274189,0.2500000000101089,0.25,0.10000000004425183,1.0,0.4199780025456982,0.6966635445515527,0.8209175623561138,-0.13344286335545577,0.049883023718372,1.176955190556914e-13,-0.34833177227577633,0.1250367881318734
2016-04-06,19,0.9999999999914895,-0.02811785524502819,0.24999999999904524,0.25,0.0979343544627166,1.0,0.046863092075046985,0.6790950826079674,0.822901781220913,-0.020317858884953008,0.0895557270558341,-8.447371662615869e-14,-0.3395475413039837,0.10312232062060883
2016-04-13,19,0.9999999999983313,0.07129471954313663,0.14411920720315824,0.25,0.10000000000323032,1.0,0.11882453257189438,0.6516484980688108,0.773921067044663,0.0041021825349473184,0.11488662040375212,0.018049603155417097,-0.3258242490344054,0.09430579206836541
2016-04-20,19,0.99999999999802,0.2945931963231129,0.25000000000824885,0.25,0.09623376418021792,1.0,0.4909886605385216,0.514276389633395,0.5878390030523086,0.013636363632112418,0.17387730812431781,0.059999999998501564,-0.2571381948166975,0.06081102055125513
2016-04-27,19,0.9999999999971905,0.5377757007366192,0.250000000003741,0.25,0.09137747163294595,1.0,0.896292834561032,0.4610112155927016,0.7814797506129455,0.013636363635103184,0.2305056077963508,0.05999999999959576,-0.18390578988409087,0.024333644889179995
2016-05-04,19,1.000000000005061,0.46745952857598383,0.12210226685387704,0.25,0.10000000001228813,1.0,0.7790992142933064,0.48143255844728505,0.816015494372002,0.01363636363721093,0.24071627922364253,0.06000000000006454,-0.22291790609263215,0.05164493041411835
2016-05-11,19,1.0000000000447504,0.6000000000367569,0.2500000000380477,0.25,0.08368558775167363,1.0,1.0000000000612617,0.4829667734576186,0.8187677669802581,0.08835042056735377,0.2414833867288093,0.06000000000381865,-0.18173369277803741,0.04760053916292571
2016-05-18,19,1.000000000076851,0.6000000000460364,0.18121561719608492,0.25,0.07387671277384136,1.0,1.0000000000767273,0.4805699048783687,0.8137693529442546,0.10909090911870888,0.24028495243918435,0.06000000001066301,-0.13584853936582056,-0.023866434368920983
2016-05-25,19,1.0000000000574045,0.41958750584565063,0.2500000000176692,0.25,0.07330334831253481,1.0,0.699312509742751,0.3540903411317629,1.0,0.10909090912033428,0.17704517056588145,0.060000000017111116,-0.1262927117805209,-0.12183315030641267
2016-06-02,19,1.000000000034944,0.6000000000170719,0.20827462835794291,0.25,0.0427069834091414,1.0,1.0000000000284532,0.40000000001769426,1.0,0.10909090908999773,0.20000000000884713,0.06000000000363805,-0.034860581242786515,-0.15000000000174707
2016-06-09,19,1.0000000000639935,0.6000000000299026,0.02314908258139601,0.25,0.04361798306011379,1.0,1.0000000000498377,0.4173322474456694,0.9753228860830501,0.10909090910144495,0.2086661237228347,0.06000000001197547,-0.03992360833391348,-0.14258812567304743
2016-06-16,19,0.9999999999804997,0.5999999999826328,0.0030035650567330763,0.25,0.04319135037619064,1.0,0.9999999999710546,0.4185571499742479,0.9794298493689654,0.10909090909417109,0.20927857498712396,0.06000000000872964,-0.03947343685434591,-0.14323969779229034
2016-06-23,19,0.9999999999802356,0.5999999999700331,0.25000000001819384,0.25,0.04387017787426919,1.0,0.9999999999500552,0.6155726562448204,0.9644610943504186,0.1544261079514214,0.2278838518823848,0.1846717968734461,-0.0553308358463639,-0.12806991339790733
2016-06-30,19,1.0000000000225104,0.6000000000169561,0.015786260437571586,0.25,0.04487179198957975,1.0,1.0000000000282603,0.613414094778361,0.9417070258936272,0.15419062852305224,0.22866116252567048,0.18402422843350827,-0.05874394611366097,-0.12363287005114282
2016-07-08,19,1.000000000115332,0.6000000000995362,0.1369291011314024,0.25,0.04596081498025195,1.0,1.0000000001658937,0.6150238151057237,0.9604361811740777,0.15436623440213493,0.2244534064951747,0.1845071445317171,-0.02062737484060895,-0.14714535419975322
2016-07-15,19,0.9999999999750878,0.5999999999719167,0.2500000000044867,0.25,0.042981429942181584,1.0,0.9999999999531944,0.41589912965679493,0.9668219446302216,0.1099487902445858,0.20794956482839747,0.06235917317923589,-0.01965572194408513,-0.1483983340321139
2016-07-22,19,1.0000000000173812,0.6000000000164862,0.014336908595408926,0.25,0.04117350136228052,1.0,1.0000000000274771,0.4192883436692997,1.0,0.10995477300946932,0.20964417183464984,0.062375625768784165,-0.015665901071501693,-0.15431293064882812
2016-07-29,19,1.0000000000404212,0.600000000039232,0.13614230130065744,0.25,0.0426239214510746,1.0,1.0000000000653868,0.5526949845116061,0.9736650890429526,0.10749455608418551,0.2763474922558031,0.06000000000376345,-0.051999138504263895,-0.12986469237412965
2016-08-05,19,1.0000000000136202,0.6000000000137077,0.14497002752745755,0.25,0.045981855208774736,1.0,1.0000000000228462,0.6869236535989837,0.9832819269862283,0.10610982303253397,0.34346182679949183,0.06000000000533699,-0.050549156998142816,-0.13173997577167443
2016-08-12,19,1.0000000000500426,0.6000000000559653,0.2500000000338958,0.25,0.0442461860489543,1.0,1.0000000000932756,0.6903931381455889,0.9697336936701386,0.15098138890244725,0.34519656907279445,0.17964709523293648,-0.05145290034377563,-0.12909807027762066
2016-08-19,19,1.0000000000792597,0.6000000000854497,0.25000000002818057,0.25,0.05346543309259496,1.0,1.0000000001424163,0.6013673967345201,0.9597927155569319,0.15125438775812572,0.2807222545627329,0.18041021902035603,-0.011544040803720991,-0.1641187435447189
2016-08-26,19,1.0000000000375011,0.6000000000328507,0.25000000000375505,0.25,0.06332660359941043,1.0,1.0000000000547513,0.5525920455017957,0.693105174750969,0.14259271694971096,0.2762960227508979,0.1521299715431525,-0.026827379027099894,-0.12015550908067262
2016-09-02,19,1.0000000000593086,0.6000000000536334,0.22412935256963484,0.25,0.07547238727716983,1.0,1.0000000000893892,0.5499946242642664,0.6035799347689458,0.142338899640672,0.2749973121321332,0.15143197390757832,-0.09666666666278459,0.014999999994137644
2016-09-12,19,1.0000000000272589,0.6000000000205712,0.015061068546779355,0.25,0.07655506114785722,1.0,1.0000000000342855,0.5494116494326015,0.6055496546459102,0.14262540436059196,0.27470582471630073,0.15221986185836409,-0.09638194515520505,0.014999999993246258
2016-09-19,19,1.0000000000963989,0.600000000079878,0.021158361123181514,0.25,0.07381446461355755,1.0,1.00000000013313,0.5476699256736234,0.6244026720281789,0.14393191452052936,0.2738349628368117,0.15976106881127156,-0.09391504522886365,0.015203928134857015
2016-09-26,19,0.999999999926913,0.5999999998887808,0.2500000000550745,0.25,0.06733434710824662,1.0,0.9999999998146347,0.6999999999301519,0.7499999999308049,0.2320032355150281,0.1797476012505524,0.20999999997904556,-0.0997738543030485,0.020347805259321696
2016-10-03,19,0.9999999999901994,0.5999999999857244,0.2500000000024188,0.25,0.07030743948671245,1.0,0.9999999999762074,0.6999999999904291,0.7499999999904609,0.3484935425935654,0.12687722657804396,0.2099999999971287,-0.10044818449211432,0.0208917564638569
2016-10-10,19,0.9999999999928675,0.5778182494019268,0.25000000000484796,0.25,0.07077689412052134,1.0,0.9630304156698781,0.7646275771451857,0.7499999999933488,0.38231378857259285,0.12706511119340572,0.20999999999805324,-0.10986254878558577,0.024287168413827304
2016-10-17,19,0.9999999999995498,0.5808040256866093,0.052903829923200224,0.25,0.06888645712796702,1.0,0.9680067094776822,0.7363636363997018,0.7499999999995394,0.3681818181998509,0.13825990248064302,0.2099999999998637,-0.10841802682331826,0.023925872465358423
2016-10-24,19,1.000000000011667,0.6000000000091792,0.18388976389805045,0.25,0.06180964443754961,1.0,1.0000000000152987,0.7363636363690143,0.7499999999999999,0.3681818181845071,0.1800000000016588,0.21,-0.12986819541155414,0.044999999998448774
2016-10-31,19,0.999999999986158,0.5999999999807182,0.2499999999945742,0.25,0.0477306181858457,1.0,0.9999999999678637,0.7363636363531253,0.7499999999882564,0.36818181817656265,0.19241233431576107,0.20999999999650462,-0.12425943748153201,0.05896387611038072
2016-11-07,19,0.9999999999953534,0.599999999991524,0.145950433269137,0.25,0.04510716603594333,1.0,0.9999999999858733,0.699999999993254,0.7499999999932663,0.33593314493282284,0.1923856138956075,0.2099999999979762,-0.07601556068911976,0.04380466820688604
2016-11-14,19,1.0000000000023814,0.6000000000025077,0.25000000000265077,0.25,0.06362248992473334,1.0,1.0000000000041795,0.6944259117939349,0.7395485846136276,0.2686590680195005,0.17622260367531556,0.20832777353818044,0.04482171383697129,0.007553485849209991
2016-11-21,19,1.0000000000422675,0.6000000000443113,0.16995586834136778,0.25,0.06149769941964708,1.0,1.0000000000738523,0.7,0.7499999999999999,0.18747914818922295,0.18000000000364055,0.21,0.04869022628832647,0.07640552495523803
2016-11-29,19,1.0000000000049454,0.6000000000041332,0.2500000000042406,0.25,0.03188296065694974,1.0,1.0000000000068887,0.6985254860122169,0.7472352862729065,0.18322244032173754,0.18735259846350782,0.20955764580366504,-0.06480555565025993,0.10904352094375805
2016-12-06,19,1.0000000000046478,0.4118948061948945,0.2500000000045912,0.25,0.02944630071458815,1.0,0.6864913436581576,0.6979561913212449,0.746167858727334,0.01625227475078111,0.18918247652978107,0.20938685739637344,-0.08145196721655518,0.11430007966684731
2016-12-13,19,0.9999999999997626,0.40109720466116155,0.25000000000034617,0.25,0.03459583632108144,1.0,0.668495341101936,0.5297383160448408,0.5105884090139121,0.12147054421271211,0.12188260464361203,0.15892149481345222,-0.08151617367863208,0.11504382651796594
2016-12-20,19,1.0000000000228766,0.3712448119242955,0.2500000000245945,0.25,0.03935480442017321,1.0,0.6187413532071592,0.4982143635389642,1.0,0.1507975588098736,0.09797044834308698,0.14946430906168925,-0.08095269627598688,0.19525466370463632
2016-12-28,19,1.00000000000848,0.12888686066826457,0.2500000000089967,0.25,0.03838555267618998,1.0,0.21481143444710762,0.4988083028093876,1.0,0.15245774165601622,0.02723046488920973,0.14964249084281628,-0.08051146085987704,0.19500395706124962
2017-01-05,19,1.0000000000714815,-0.02054602083905413,0.25000000006805023,0.25,0.042698157414693,1.0,0.03424336806509022,0.49999999999064265,0.9936301817757902,0.17969627513731418,-0.11729471627816188,0.1499999999971928,-0.07999999998904539,0.19404452726185364
2017-01-12,19,1.000000000047082,0.2290193720882466,0.2500000000445085,0.25,0.043743941430363496,1.0,0.381698953480411,0.7176692630244063,0.9928277964792225,0.35883463151220313,-0.11725169664872481,0.14999999999607858,-0.06839392921682057,0.18739575465704952
2017-01-20,19,0.999999999966924,0.2827516431305661,0.20458277612456865,0.25,0.04789162471930624,1.0,0.4712527385509435,0.7647338013046683,0.9999999999719256,0.38236690065233414,-0.16002576771629276,0.14987116137938158,-0.02130960476260507,0.16758725351842826
2017-01-27,19,1.000000000006468,0.2819953138537527,0.062188007219775,0.25,0.0497602209763303,1.0,0.4699921897562545,0.7660443256312282,0.9925639000474631,0.3830221628156141,-0.160000000000409,0.1499999999998516,-0.011800468604082043,0.1665852879246421
2017-02-03,19,1.0000000000620137,0.27994958708852313,0.002607557749500113,0.25,0.04969087767662763,1.0,0.46658264514753856,0.7660616845496152,0.9856869478620464,0.3830308422748076,-0.15958026736863723,0.14999999999988461,-0.01208898780367888,0.16598652390311702
2017-02-10,19,0.9999999999974434,0.5262025799420935,0.25000000000150513,0.25,0.049728994158529695,1.0,0.8770042999034893,0.9818181818262869,0.9942189651705732,0.49090909091314344,-0.03575178088223455,0.14999999999946811,-0.002917089035786149,0.16328638996045397
2017-02-17,19,1.0000000000824474,0.6000000000370066,0.2500000000560714,0.25,0.05288343712312306,1.0,1.0000000000616778,1.000000000039322,0.7685185185586919,0.500000000019661,-0.03519099332515442,0.15000000000009855,0.07952179273130658,0.02818338114579009
2017-02-27,19,0.9999999998915209,0.598223279352425,0.05109120597052167,0.25,0.0541362111381028,1.0,0.9970387989207085,0.9999999998463975,0.7685185184126149,0.49999999992319877,-0.03547410695629968,0.14999999997756308,0.09482489938171625,-0.002570153797974345
2017-03-06,19,1.0000000000203766,0.6000000000136706,0.13345993749324614,0.25,0.05992698712786904,1.0,1.0000000000227844,1.000000000017748,0.7694239718613982,0.500000000008874,-0.06148966617493053,0.15000000000022526,0.13067649351717828,-0.060733417196204335
2017-03-13,19,1.000000000018299,0.6000000000142451,0.013736388901397223,0.25,0.05691565226689701,1.0,1.000000000023742,1.0000000000165623,0.7694016174888286,0.5000000000082812,-0.061165908151698284,0.15000000000059605,0.12825980367563106,-0.056770752757708876
2017-03-20,19,1.0000000001376796,0.6000000000981576,0.012508599203247716,0.25,0.05532583091907109,1.0,1.000000000163596,1.0000000001209297,0.7694471249672427,0.5000000000604649,-0.06197775166831969,0.1500000000020368,0.12922675670975403,-0.060752171137028674
2017-03-27,19,1.0000000000274858,0.6000000000222026,0.2500000000228022,0.25,0.07504190814106221,1.0,1.0000000000370044,1.0000000000215228,0.7697234415438128,0.5000000000107614,-0.03089818483979636,0.15000000000266214,0.008158391668093736,-0.024951025183039367
2017-04-03,19,1.0000000000081681,0.5425213665534427,0.07467619911143851,0.25,0.08152593259630059,1.0,0.9042022775890712,1.0000000000077554,0.7697333787567987,0.5000000000038777,-0.030556306751849373,0.15000000000000996,-0.046859781328433485,-0.0075766295081126575
2017-04-10,19,1.0000000001023763,0.3024702761152085,0.250000000116288,0.25,0.0810810642854068,1.0,0.5041171268586808,1.0000000000866323,0.7697405691192823,0.5000000000433161,-0.13300396319646907,0.14999999999718983,-0.1268404783383005,0.028427066057515226
2017-04-18,19,0.9999999999977148,0.2598769493049623,0.24999999999938277,0.25,0.07765141636107743,1.0,0.43312824884160384,0.9999999999953528,0.7998974577190096,0.4999999999976764,-0.1395254530865936,0.1499999999970148,-0.146841076273295,0.009441376696617192
2017-04-25,19,0.9999999999664153,0.2731079476216084,0.14799922118024378,0.25,0.07619465796055182,1.0,0.45517991270268066,0.9999999999344267,0.8109232896672335,0.49999999996721334,-0.1316655133764807,0.14999999999573146,-0.1480143257416553,-0.010995898996809618
2017-05-02,19,1.0000000000141327,0.5195464319403797,0.25000000001161343,0.25,0.04588738871143954,1.0,0.865910719900633,1.0000000000153701,0.8212089142412577,0.5000000000076851,-0.13185916191482153,0.15000000000016916,-0.02462071649009769,0.07513034572599803
2017-05-09,19,1.0000000000119138,0.5732679206103236,0.05701982562147638,0.25,0.044435896795166865,1.0,0.9554465343505394,1.0000000000122975,1.0,0.5000000000061487,-0.12966351609196164,0.15000000000010422,-0.0012842798501156933,0.0947322193245834
2017-05-16,19,0.9999999999994509,0.599999999998505,0.2500000000013731,0.25,0.036503851716939345,1.0,0.9999999999975083,0.9999999999988092,0.9150569855381696,0.4999999999994046,-0.05488969670590831,0.1592263387194837,-0.052312769030536034,0.10978179880075627
2017-05-23,19,0.9999999999589266,0.5999999998764396,0.25000000008937623,0.25,0.03631372913635523,1.0,0.9999999997940661,0.9999999998413202,0.8339244773522536,0.4999999999206601,0.038535797033916554,0.1858816927061608,-0.07999999999460478,0.058700884521167805
2017-05-31,19,1.000000000026555,0.6000000000203386,0.2500000000257303,0.25,0.03692344562587037,1.0,1.0000000000338978,1.0000000000330176,0.8247774745167554,0.5000000000165088,0.11104722892370104,0.21,-0.11175004327399776,-0.0024279554571247923
2017-06-07,19,1.0000000000355123,0.5888795796172813,0.2500000000212552,0.25,0.045779520857311684,1.0,0.9814659660288022,1.000000000036211,0.8055219153216678,0.5000000000181055,0.11075661878328831,0.20978795667909103,-0.1448457021800948,0.0027841977274494357
2017-06-14,19,1.0000000000430047,0.5934012637240083,0.22156219231538507,0.25,0.047360872609486765,1.0,0.9890021062066805,1.0000000000445552,0.812734147826195,0.5000000000222776,0.11103712160628272,0.21,-0.14129648112066898,-0.03095919380713328
2017-06-21,19,1.0000000000176394,0.600000000018854,0.25000000002648176,0.25,0.03832188482656063,1.0,1.0000000000314233,1.000000000017948,0.8168124642444629,0.500000000008974,0.11271638642153471,0.21,-0.04124379850029314,-0.191167615741105
2017-06-28,19,1.0000000000190217,0.5995249695878454,0.15077863103354833,0.25,0.04903595745905562,1.0,0.999208282646409,1.0000000000157665,0.8116331547758334,0.5000000000078832,0.11270235422288898,0.21,-0.07420698391636817,-0.18759093287744905
2017-07-06,19,0.9999999998729149,0.5846919816058508,0.025077287960481733,0.25,0.046732481567729585,1.0,0.9744866360097514,0.999999999823163,0.9024317135720413,0.4999999999115815,0.11102945925725627,0.2099999999767447,-0.06987126904280339,-0.2039270203856831
2017-07-13,19,1.0000000000655216,0.5505829357020646,0.042273907028279205,0.25,0.04695118916643778,1.0,0.9176382261701077,1.0000000000570877,0.8885576207478781,0.5000000000285438,0.10917483612437225,0.2093811270928817,-0.08294705631050346,-0.19543191764063764
2017-07-20,19,1.0000000000427016,0.5533946180247173,0.2500000000168634,0.25,0.054547388027785554,1.0,0.9223243633745289,1.000000000034085,0.7985367269639501,0.5000000000170425,0.11000000000369954,0.21,-0.1818530231078652,-0.03351404066673702
2017-07-27,19,1.000000000036451,0.5505384352455729,0.00895172462734678,0.25,0.05603827664157001,1.0,0.9175640587426215,1.0000000000309022,0.792115362725431,0.5000000000154511,0.110000000002921,0.21,-0.18595657385924685,-0.030546770418831127
2017-08-03,19,1.0000000000743128,0.5584779509769825,0.2500000000357849,0.25,0.06411358862751129,1.0,0.9307965849616375,1.0000000000894886,0.7987316258632766,0.5000000000447443,0.11000000000412712,0.21,-0.20127546170165642,-0.03132207729669213
2017-08-10,19,1.0000000000729417,0.5720325817496024,0.16676478079385762,0.25,0.0647345997642435,1.0,0.9533876362493373,1.0000000000657123,0.8100271514977414,0.5000000000328562,0.11000000000297333,0.21,-0.19569566562750146,-0.03358201235487953
2017-08-17,19,1.0000000000722922,0.5721507311503821,0.25000000001038547,0.25,0.04394686441494859,1.0,0.9535845519173035,1.0000000000733864,0.8856295407730103,0.5000000000366932,0.11000000000339102,0.21,-0.07006477287790154,-0.1975690764442184
2017-08-24,19,1.0000000000203846,0.5726277915647701,0.0402937797838209,0.25,0.043311127716424064,1.0,0.9543796526079501,1.0000000000230302,1.0,0.5000000000115151,0.11000000000069009,0.21,-0.05616658095745509,-0.22089416873181295
2017-08-31,19,0.999999999986994,0.5999999999901324,0.07941320779415309,0.25,0.044287353660005885,1.0,0.999999999983554,0.9999999999826704,0.9999999999890093,0.4999999999913352,0.11090909090794933,0.20999999999785368,-0.049999999981610144,-0.22499999999739978
2017-09-08,19,0.9999999999882652,0.5999999999862393,0.009661646275196945,0.25,0.043642136216241884,1.0,0.9999999999770656,0.9999999999808123,0.9999999999890812,0.4999999999904062,0.11090909090691453,0.20999999999771884,-0.049999999982101986,-0.22499999999709017
2017-09-15,19,1.0000000000032225,0.5982807454574511,0.006291085197822954,0.25,0.04197928824073172,1.0,0.9971345757624186,1.000000000001785,1.0,0.5000000000008925,0.11044437787660552,0.20965527307477072,-0.050859627272625496,-0.22474211181821585
2017-09-22,19,1.0000000000260976,0.6000000000158026,0.003853848037170843,0.25,0.04137736297936026,1.0,1.0000000000263376,1.000000000011382,1.0,0.500000000005691,0.110444763889095,0.2096071079041934,-0.04979059141524253,-0.224999999999776
2017-09-29,19,1.0000000000058027,0.6000000000030715,0.006755937284258898,0.25,0.04185531801134794,1.0,1.0000000000051192,1.0000000000039881,1.0,0.5000000000019941,0.11045456347639729,0.20961354603328203,-0.049791233304145165,-0.22499999999971126
2017-10-06,19,1.00000000012233,0.6000000001033101,0.008075641332041944,0.25,0.04155523392993754,1.0,1.0000000001721836,1.0000000000735807,1.0,0.5000000000367903,0.1097910670553568,0.20832817666877418,-0.04823023716085443,-0.22544504944702742
2017-10-13,19,1.000000000031386,0.6000000000236617,0.03835958768934537,0.25,0.04123929397719876,1.0,1.0000000000394362,1.0000000000262566,1.0,0.5000000000131283,0.10893126211585936,0.20919844658174538,-0.0454307054025591,-0.22965235385652408
2017-10-20,19,1.0000000000195761,0.6000000000102567,0.006538843166675126,0.25,0.039277588115335466,1.0,1.0000000000170945,1.0000000000110698,1.0,0.5000000000055349,0.10865583371261854,0.20899187528255064,-0.04503770062907619,-0.22977826685266028
2017-10-27,19,1.0000000000028244,0.5726727885465187,0.20093752583916918,0.25,0.03683295666907607,1.0,0.9544546475775312,1.0000000000028972,1.0,0.5000000000014486,0.11000000000014658,0.21,-0.03395392305488158,-0.22081101938067604
2017-11-03,19,1.0000000000110336,0.6000000000068691,0.029647839411487586,0.25,0.03617214260302485,1.0,1.0000000000114486,1.0000000000108655,0.9064409996710409,0.5000000000054328,0.11000000000039777,0.21,-0.025060477602193938,-0.2108469040267855
2017-11-10,19,1.000000000134679,0.6000000000901101,0.0040110025652479175,0.25,0.036306863995279146,1.0,1.0000000001501836,1.0000000001203502,0.906104271281995,0.5000000000601751,0.11000000001178381,0.21,-0.02508741587503953,-0.21078124199165088
2017-11-17,19,0.9999999998382798,0.599999999740058,0.13256670117837055,0.25,0.04036678248675573,1.0,0.9999999995667634,0.9999999996301138,0.8946834059520786,0.4999999998150569,0.10999999997456834,0.209999999962764,-0.056686512779418045,-0.20846387071800446
2017-11-27,19,1.0000000000651272,0.600000000054283,0.17428432658478454,0.25,0.057057095408897446,1.0,1.0000000000904716,1.0000000000759814,0.8105242589677513,0.5000000000379907,0.10960075749259844,0.2097005681250613,-0.14037731709362608,-0.09894366601079997
2017-12-04,19,1.0000000000273432,0.6000000000231198,0.0095069096479506,0.25,0.05758702365542045,1.0,1.0000000000385332,1.0000000000299525,0.8099861283056343,0.5000000000149762,0.10958407988707633,0.20968805991566558,-0.14014121783405414,-0.09797503089540754
2017-12-11,19,1.000000000107201,0.6000000001081532,0.25000000010040346,0.25,0.05936870040849968,1.0,1.0000000001802554,1.000000000097338,0.8816339090328557,0.500000000048669,0.08516546179455041,0.09101583998171163,-0.0891431099275664,-0.12044037579446326
2017-12-18,19,1.0000000000547524,0.6000000000487414,0.14716843378934208,0.25,0.059009589475760175,1.0,1.0000000000812357,1.0000000000484883,0.901169488821557,0.5000000000242442,0.07819445667790698,0.05864584250683506,-0.07487753300980782,-0.12710507981150568
2017-12-26,19,1.0000000000147145,0.600000000013319,0.09012408149824358,0.25,0.059849699596549705,1.0,1.0000000000221985,1.0000000000138358,0.9074234121551454,0.5000000000069179,0.05629117477355163,0.042218381080355055,-0.04999999998467861,-0.1383621418608636
2018-01-03,19,1.0000000000057698,0.6000000000039787,0.250000000000727,0.25,0.04969665857080803,1.0,1.0000000000066311,1.0000000000036253,0.8989915984559471,0.5000000000018127,0.0565602182850163,0.04242016371363716,0.006839546650437634,-0.19233947095043524
2018-01-10,19,1.0000000001691507,0.5966876339152382,0.25000000014037094,0.25,0.045730964147010306,1.0,0.9944793898587303,0.9990786597929503,0.8983819865581663,0.49953932989647515,0.05580837840722536,0.04185628380115177,-0.03871623534356681,-0.057614077315336014
2018-01-18,19,0.9999999999832035,0.440719796624229,0.25000000001261247,0.25,0.05660845554382759,1.0,0.734532994373715,0.9999999999788665,0.8916666666473816,0.49999999998943323,0.0800000000126513,0.05999999999872954,-0.1853443330928821,0.0027840610205707226
2018-01-25,19,1.0000000000863785,0.4317459384228151,0.011391194334856573,0.25,0.05793731696507928,1.0,0.7195765640380252,1.0000000000476357,0.8916666667073536,0.5000000000238178,0.08000000000798291,0.060000000003467495,-0.1928086177441427,0.005476218475746865
2018-02-01,19,1.0000000000138736,0.6000000000092114,0.2500000000115508,0.25,0.039777504120107984,1.0,1.0000000000153524,1.000000000008184,0.891958125870855,0.500000000004092,0.07906733057279947,0.059300497924302975,-0.010074552200801038,-0.09942837720187127
2018-02-08,19,1.0000000000508011,0.600000000026659,0.2500000000351894,0.25,0.06638172782324274,1.0,1.0000000000444318,1.0000000000284885,0.9099198072023729,0.5000000000142443,0.02158995035665635,0.01619246277161352,0.07070948007744933,-0.13591940299380245
2018-02-15,19,1.0000000000617502,0.6000000000342154,0.24999999999941314,0.25,0.07451997996772748,1.0,1.0000000000570257,1.000000000038058,0.916757191639354,0.500000000019029,4.980571306264991e-12,6.528180771247562e-12,0.14563021890359187,-0.25289378007717545
2018-02-23,19,1.0000000000272,0.6000000000200058,0.15177592571280976,0.25,0.07562330253376669,1.0,1.0000000000333429,0.9913335826972501,1.0,0.49566679134862507,-0.003333333333184752,1.9533909250746992e-12,0.18930673845437784,-0.30011940305430274
2018-03-02,19,1.0000000001541396,0.6000000001117244,0.00902985382929631,0.25,0.07862449665963415,1.0,1.0000000001862073,0.9861554331929939,1.0,0.49307771659649696,-0.0033333333316270153,7.46867722861214e-12,0.19162019423440999,-0.3002188698803968
2018-03-09,19,1.00000000002314,0.3647594992636874,0.250000000008767,0.25,0.07188796615678471,1.0,0.6079324987728123,0.793784225647337,0.9828358766373657,0.3968921128236685,-0.035578336327730165,4.531802056868635e-13,0.19199803763376255,-0.26213930638761995
2018-03-16,19,1.0000000000481153,0.30138695805438587,0.25000000002922196,0.25,0.06487421894148057,1.0,0.5023115967573099,0.711857529213727,1.0,0.2838831491923692,-0.04328710140626505,-1.304143252170487e-12,0.2112375849922448,-0.2847430116854908
2018-03-23,19,1.000000000053784,0.3020024601406842,0.07671412596433642,0.25,0.06732269377457335,1.0,0.503337433567807,0.740589003594593,0.9960833495124352,0.24291809355342536,-0.04330575117364823,-3.0123763132514367e-13,0.2395361778678199,-0.2962356014378372
2018-04-02,19,1.000000000015791,0.10068323223153955,0.2031303892489309,0.25,0.06624237814680041,1.0,0.16780538705256592,0.667117239535869,1.0,0.1808484880403846,-0.043349491694783485,-1.778235976919807e-12,0.21649454208600227,-0.2668468958143476
2018-04-09,19,1.0000000000119962,0.10152014115607941,0.002274453673504151,0.25,0.06725266170266808,1.0,0.16920023526013236,0.6644050700307422,0.9954147228863129,0.18150211820714213,-0.04333797847343564,-2.055622857433986e-12,0.21616936427152977,-0.2657620280122969
2018-04-16,19,0.9999999999814587,-0.1337109288507486,0.2500000000259484,0.25,0.07213737425338758,1.0,0.222851548084581,0.4721441436758684,0.9745769924237045,0.18408028369022714,-0.042468279180114483,-8.599304120712798e-13,0.011116375031287573,-0.18885765747034736
2018-04-23,19,0.9999999999905492,-0.18636791265934768,0.05843658586338239,0.25,0.07621398520323465,1.0,0.3106131877655795,0.4625541684421964,0.9999999999907474,0.16077634726851203,-0.04356026576796636,-0.0012823810947390467,-0.012546724769644843,-0.18502166737687856
2018-04-30,19,1.0000000000011016,0.056213766460347064,0.25000000000090516,0.25,0.08149079324660123,1.0,0.09368961076724511,0.5534744881022169,1.0,0.15929104226886182,-0.020096843594482917,-0.0012883007543755276,0.06783550522131085,-0.22138979524088676
2018-05-07,19,0.9999999999989958,0.06658708368132121,0.015339571417046477,0.25,0.08122138996600085,1.0,0.11097847280220202,0.5544577123254419,0.9999999999986974,0.16276155425047203,-0.01829982070074884,-3.450684399295168e-14,0.06999999999999156,-0.2217830849301768
2018-05-14,19,1.000000000021065,0.3149323590022072,0.2500000000178023,0.25,0.08447310220012971,1.0,0.5248872650036787,0.6431961926418195,0.992536912476449,0.22906557293558194,-0.011640875634148482,2.1099959043194618e-12,0.09402160409967433,-0.2572784770567278
2018-05-21,19,1.0000000000057263,0.3128905907226871,0.18896323518461983,0.25,0.08198042000896322,1.0,0.5214843178711452,0.5762509381154751,1.0,0.23811071120964486,-0.011614587903383777,2.2117485650633537e-12,0.09366691683023728,-0.23050037524619005
2018-05-29,19,1.0000000000096263,0.32855791152097613,0.2500000000096585,0.25,0.08129842201306342,1.0,0.5475965192016269,0.48454249600590377,0.750000000000226,0.24227124800295188,-0.042913954485516076,-0.002185465861425069,0.09430220219409949,-0.11171068287132298
2018-06-05,19,1.0000000000080653,0.1534508052895563,0.25000000000640166,0.25,0.07966741578570963,1.0,0.2557513421492605,0.46916821609819986,0.7500000000001195,0.23458410804909993,-0.1063315665156236,-0.050187510829116565,0.07614700842634234,-0.0542205126404272
2018-06-12,19,1.0000000000276654,0.40085174796801015,0.25000000002513434,0.25,0.07599186640919402,1.0,0.6680862466133503,0.672146298500194,0.6163024359917976,0.336073149250097,-0.10574387916070484,-0.049907768090826296,0.19832488307052692,-0.1277554262284181
2018-06-19,19,1.0000000000168758,0.44329182186404986,0.11917646658555199,0.25,0.08218058764296843,1.0,0.7388197031067498,0.7757198380568057,0.7027431848880786,0.38785991902840283,-0.10845551417413123,-0.05134163562742346,0.22000000000165498,-0.12649377327528336
2018-06-26,19,0.999999999957101,0.44784375658826586,0.25000000005190937,0.25,0.07481285416241881,1.0,0.7464062609804432,0.578952305807844,0.8111811293785891,0.289476152903922,-0.10749074073912507,-0.05080486245156548,0.21999999997542505,0.029660875478986257
2018-07-03,19,0.9999999999946354,0.5999999999938223,0.17663995908293223,0.25,0.081038947582711,1.0,0.9999999999897038,0.7199285489793231,0.8086109441603346,0.35996427448966156,-0.087327083817193,-0.050990625726712896,0.21999999999883443,0.03129164162464293
2018-07-11,19,1.0000000000141325,0.6000000000059704,0.140474526914156,0.25,0.07964499850382664,1.0,1.0000000000099507,0.8493732286429522,0.810796587911348,0.4246866143214761,-0.08758593132989481,-0.0513788969923575,0.16311462375876168,0.05310533464078997
2018-07-18,19,1.0000000000035267,0.5999999999998873,0.10114044563239938,0.25,0.07576578192289106,1.0,0.9999999999998122,0.8454545454568011,1.0,0.42272727272840055,-0.09333333333285185,-0.05999999999836718,0.1405821377130882,0.09000000000122088
2018-07-25,19,0.9999999999980913,0.5999999999986332,0.2500000000014453,0.25,0.07455366526725041,1.0,0.999999999997722,0.9347292467618714,0.9999999999980008,0.4673646233809357,-0.07928995809989471,-0.0594674685735122,0.08378545374821414,0.1263856640816862
2018-08-01,19,1.0000000000046645,0.6000000000004212,0.25000000000408445,0.25,0.0808211656594199,1.0,1.000000000000702,0.9377016180368408,1.0,0.4688508090184204,-0.054197387120661904,-0.04064804034069468,0.08611279250281205,0.13984318012013944
2018-08-08,19,0.9999999999989475,0.5999999999980338,0.20584380684652837,0.25,0.07570338345383482,1.0,0.999999999996723,0.96316906919937,0.9960234992325762,0.481584534599685,-2.787041804830142e-13,-1.8132690227303348e-13,0.03369498921059615,0.17054300580505974
2018-08-15,19,1.000000000048739,0.5251364324258285,0.25000000004511813,0.25,0.0603053198516667,1.0,0.875227387376381,1.000000000019416,1.0,0.500000000009708,0.024635539868990294,0.05483394315842512,-0.06944848942923917,0.21853636191754666
2018-08-22,19,1.0000000000066855,0.45985392128322133,0.07166019358872489,0.25,0.0606813970979983,1.0,0.7664232021387023,1.0000000000031775,0.979311897133355,0.5000000000015887,0.010975633178376326,0.05487816588929386,-0.08648312125086982,0.22508525897592718
2018-08-29,19,1.0000000000894596,0.4643391399355106,0.19155125584459887,0.25,0.05490771568754623,1.0,0.7738985665591844,1.0000000000620528,0.8070687675172264,0.5000000000310264,0.03000000000041706,0.15000000000063993,-0.08519167647957746,0.16577675389886093
2018-09-06,19,1.0000000000259532,0.4661524785920233,0.006455482306325214,0.25,0.054759678251484534,1.0,0.7769207976533722,1.0000000000198987,0.8070821875884978,0.5000000000099494,0.030000000000055926,0.1500000000002398,-0.08480920834929462,0.166635092584687
2018-09-13,19,1.0000000000692593,0.4658337118759539,0.12439456796770233,0.25,0.05252388211176069,1.0,0.7763895197932565,0.9354168300120915,1.0,0.46770841500604576,0.030000000004359224,0.15000000000096644,-0.09244434350489847,0.2301249432262779
2018-09-20,19,1.0000000000363172,0.5281459506229796,0.06509178016327581,0.25,0.05384827300297304,1.0,0.8802432510382995,1.000000000013398,0.9928485013396798,0.500000000006699,0.03000000000454196,0.15000000000110578,-0.07582774650301874,0.2197053826114947
2018-09-27,19,0.9999999999636101,0.5285714285466843,0.011746394513226609,0.25,0.04809355692869207,1.0,0.8809523809111405,0.9999999999503104,0.9999999999842496,0.4999999999751552,0.029999999997580254,0.14999999999358862,-0.07685004911789449,0.22071428570886653
2018-10-04,19,1.0000000000482752,0.49999999998622885,0.03128652406845332,0.25,0.04349959270021786,1.0,0.8333333333103814,0.981818181813166,0.9999999999986927,0.490909090906583,0.02999999999887119,0.1499999999993312,-0.08161964244717981,0.22500000000579326
2018-10-11,19,1.0000000000599096,0.4811138501917235,0.16642716151598672,0.25,0.04914372452862218,1.0,0.8018564169862058,0.9629320320120959,1.0,0.48146601600604794,0.029999999997478467,0.14999999999965152,-0.07151817983372649,0.2278329224736988
2018-10-18,19,1.000000000020337,0.4835535412520596,0.13390257202914538,0.25,0.05338740520870448,1.0,0.8059225687534327,0.966518677073402,1.0,0.483259338536701,0.029819764367070248,0.14909882184189976,-0.08008533112127197,0.2274669688098562
2018-10-25,19,1.000000000008188,0.48044577195673976,0.00881554165673934,0.25,0.05717929404910707,1.0,0.800742953261233,0.9622639537490063,1.0,0.48113197687450315,0.029999999999996148,0.15000000000003166,-0.08049395681801913,0.22793313420289413
2018-11-01,19,1.0000000001321179,0.4811364447075134,0.25000000011494694,0.25,0.06133136048379861,1.0,0.8018940745125224,0.7186654966532396,0.9918478454553458,0.3593327483266198,0.02988138991435858,0.14940694963082865,0.018588415874660567,0.18948327496741568
2018-11-08,19,0.9999999999943153,0.23418981862988647,0.25000000000312506,0.25,0.05264566932604039,1.0,0.39031636438314415,0.4982427881463909,0.9896638513364736,0.24251684823477626,-0.09498235462630203,0.14947283644391726,0.013877937656430714,0.19064611573046908
2018-11-15,19,0.9999999999922196,0.2960865243676767,0.22307698053067973,0.25,0.058745327559420475,1.0,0.4934775406127945,0.4976222989784129,0.9999999999958197,0.23957693136793126,-0.14438913970341566,0.14928668969352388,0.07000000002213622,0.14999999999262684
2018-11-23,19,1.0000000000330262,0.04645497957846326,0.2500000000435548,0.25,0.05270128629709242,1.0,0.07742496596410543,0.4999999999912413,1.0,0.03444647107463941,-0.144887440613322,0.14999999999737237,0.06132806335130589,0.19028466034347238
2018-11-30,19,0.999999999984204,-0.1990301451153989,0.2500000000023489,0.25,0.051303931726129196,1.0,0.3317169085256649,0.4769165275668466,0.9999999999858111,-0.0634548848273301,-0.21139355513762598,0.10263603855897636,0.06043304453633817,0.19076661102673864
2018-12-10,19,1.0000000000019225,-0.4350202969671355,0.25000000000226025,0.25,0.038197020262285,1.0,0.7250338282785592,0.5634604121407206,1.0,-0.07080654484715414,-0.2757390142885696,0.054444169193492535,-0.03459487635101352,0.22538416485628826
2018-12-17,19,1.0000000000323446,-0.43672298123660647,0.2500000000421348,0.25,0.07921715797226893,1.0,0.7278716353943442,0.5947254265731289,1.0,-0.10887371215785599,-0.29736271328656444,-0.05108072028857094,0.07345446998391018,0.19403649540684578
2018-12-24,19,1.0000000000797151,-0.19906625870321512,0.25000000007004847,0.25,0.08023731604761977,1.0,0.33177709783869186,0.47944833285353794,1.0,-0.10748752676846826,-0.17749034985726184,-0.05890451336916638,0.07574683518359067,0.19177933314141518
2019-01-02,19,0.9999999999995912,-0.22405908597594013,0.2500000000006394,0.25,0.07899666603764276,1.0,0.3734318099599002,0.5814058329702735,0.9999999999995559,-0.11400832322557307,-0.10784314168327755,-0.05999999999996837,-0.015457581998830633,0.23256233318810943
2019-01-09,19,0.9999999999988266,-0.17553913192814,0.25000000000167233,0.25,0.09106883937103649,1.0,0.2925652198802333,0.6187692626936512,0.9992100794828764,-0.12015839708043084,-0.07000000000016315,-0.05999999999985071,-0.07234574225689029,0.2475077050774605
2019-01-16,19,1.0000000000286866,-0.21775268515662197,0.23592650886625885,0.25,0.10000000000062235,1.0,0.3629211419277033,0.7150682790738941,1.0,-0.12857530119269794,-0.02430843362941522,-0.0257313252232683,-0.16039235241295918,0.2860273116295577
2019-01-24,19,1.0000000000131348,-0.2679068270016308,0.250000000011057,0.25,0.10000000000069414,1.0,0.44651137833605137,0.7085864415919705,1.0,-0.24585217761553274,0.010000000003654239,-1.1248730202493712e-12,-0.17422958304214106,0.2834345766367882
2019-01-31,19,1.0000000000275184,-0.15677439014092157,0.25000000003981165,0.25,0.09017137135427915,1.0,0.2612906502348693,0.7059560043332793,0.9999999999943571,-0.25111446780435165,0.04010332730745553,-3.394645425054479e-12,-0.21127467244393539,0.28238240173331175
2019-02-07,19,1.0000000000807792,0.08184943615227504,0.25000000004426076,0.25,0.07998565164786169,1.0,0.1364157269204584,0.7067633691292726,1.0,-0.13790302633787996,0.14092471809599424,3.328416315556814e-12,-0.21556530850060082,0.28270534765170907
2019-02-14,19,0.9999999999867526,0.3160005795097601,0.25000000001390454,0.25,0.07362134449459212,1.0,0.5266676325162669,0.5312077396528258,0.9999999999937176,-0.03751086912184774,0.14158864982168246,7.825971638398006e-13,-0.19671767201235255,0.21248309586113032
2019-02-22,19,0.9999999999986257,0.5493049467150469,0.250000000002232,0.25,0.06395369685697727,1.0,0.9155082445250783,0.45468962880525726,0.9999999999981407,0.01028187782201819,0.20277747897267287,0.04524026241531968,-0.146412746780864,0.18187585152210292
2019-03-01,19,1.000000000013768,0.6000000000074216,0.2500000000104675,0.25,0.06312362792817865,1.0,1.0000000000123694,0.4412665552362086,0.6510554626976455,0.013636363636751643,0.2206332776181043,0.06000000000146903,-0.10358606632525043,0.04907809294816421
2019-03-08,19,1.0000000000432834,0.6000000000215956,0.004333279800579043,0.25,0.06305464505707581,1.0,1.0000000000359928,0.4401109837655654,0.6500924864716225,0.013636363641950543,0.2200554918827827,0.060000000006810175,-0.10360580313624425,0.049079593150561894
2019-03-15,19,0.9999999999994089,0.5999999999991479,0.20983703375175028,0.25,0.0606614535827759,1.0,0.9999999999985798,0.41249999999976117,0.9999999999994107,0.01363636364163452,0.17999999998955757,0.060000000006795985,-0.12294909109783073,0.16499999999990447
2019-03-22,19,1.00000000003848,0.6000000000321262,0.21386846292579811,0.25,0.055205777236882365,1.0,1.0000000000535436,0.4101301714529658,0.9936804572160826,0.046057774554324,0.1300000000063319,0.060000000012065936,-0.1154456140207175,0.16405206858118634
2019-03-29,19,1.000000000002139,0.6000000000016593,0.24999999999993278,0.25,0.0499814455074858,1.0,1.0000000000027656,0.48750000001281446,1.0,0.10909090910128476,0.13000000000272485,0.06000000001263212,-0.129135714998608,0.1950000000051258
2019-04-05,19,0.9999999999669464,0.5999999999499432,0.25000000003394673,0.25,0.03797945078534452,1.0,0.9999999999165721,0.5249999999797073,0.9999999999580069,0.13212763145505754,0.13910993421933887,0.12335098653478888,-0.12412190120162969,0.20999999999188293
2019-04-12,19,0.999999999986956,0.5999999999698795,0.20482207220793733,0.25,0.036280774854392656,1.0,0.9999999999497993,0.6999999999831034,0.9966592049257461,0.16363636362518094,0.1334669651295828,0.209999999994931,-0.11999999999805547,0.20949888073852124
2019-04-22,19,1.0000000000105043,0.6000000000082732,0.21035634999339994,0.25,0.03527399154912641,1.0,1.0000000000137887,0.7,0.7499999999999999,0.1636363636403953,0.16000000000207515,0.21,-0.12000000000077224,0.11000000000117678
2019-04-29,19,0.9999999998662871,0.5999999997404714,0.10822006560417685,0.25,0.03360629852649449,1.0,0.9999999995674523,0.6999999998476115,0.7499999998358675,0.16363636355334946,0.16009339406291065,0.20999999995428345,-0.09666666665497357,0.10979986970046976
2019-05-06,19,1.0000000001473708,0.6000000001315567,0.007675693145180795,0.25,0.03247736424203741,1.0,1.0000000002192613,0.7,0.7499999999999999,0.16403475971529574,0.16009286804699627,0.21,-0.09686786213743522,0.10940260110472932
2019-05-13,19,1.0000000000319273,0.6000000000263679,0.009194760163376975,0.25,0.031710984408442604,1.0,1.0000000000439466,0.7,0.7499999999999999,0.1631689610022584,0.16078754949987703,0.21,-0.09725644241453284,0.10926055246090484
2019-05-20,19,1.0000000000802367,0.5437682872809587,0.2500000000397432,0.25,0.0738213090951297,1.0,0.9062804788015979,0.7,0.7499999999999999,0.14493437141381255,0.16078977433938185,0.21,-0.1782609507949174,0.11823153559003399
2019-05-28,19,1.0000000001077978,0.6000000000596057,0.10852449003717418,0.25,0.07150778669792694,1.0,1.000000000099343,0.7,0.7499999999999999,0.14501785406117032,0.17395350177470903,0.21,-0.17297064867010678,0.10956929013546082
2019-06-04,19,0.9999999999465091,0.5999999999546249,0.03187991439833249,0.25,0.07177699292957158,1.0,0.9999999999243749,0.6999999999685662,0.7499999999641571,0.14366035594338789,0.17541031054437314,0.20999999999056987,-0.176666666657073,0.10857514087683684
2019-06-11,19,0.9999999999927722,0.5999999999930299,0.00748177284405277,0.25,0.0694193620315456,1.0,0.9999999999883832,0.6999999999950147,0.7499999999942364,0.14412596520690088,0.17527035607215244,0.2099999999985044,-0.17666666666550412,0.10815207956977567
2019-06-18,19,1.0000000000406464,0.6000000000248262,0.009372581903316413,0.25,0.06720822053017575,1.0,1.0000000000413771,0.6970738199613049,0.7478053649709787,0.14397782330315623,0.17495615274021264,0.20912214598839146,-0.17666666666758551,0.10884309326557434
2019-06-25,19,1.000000000061928,0.600000000041051,0.008954031991690203,0.25,0.06602794217085613,1.0,1.0000000000684184,0.7,0.7499999999999999,0.1442084840512567,0.17519245145676574,0.21,-0.17655918879827262,0.10797427201343798
2019-07-02,19,0.9999999999301575,0.5999999999359235,0.24999999999827893,0.25,0.05974449141789932,1.0,0.9999999998932058,0.6992395697119044,0.756974630580975,0.06809886214464446,0.29689575110331556,0.2097718709135713,-0.17668767794133114,0.10604335067242654
2019-07-10,19,1.000000000035005,0.6000000000174557,0.11808865588400072,0.25,0.06143060955838996,1.0,1.000000000029093,0.7,0.8333333333514802,0.06818181818933938,0.3187854678917673,0.21,-0.17669288779663914,0.060000000004976704
2019-07-17,19,1.0000000000399378,0.6000000000239746,0.25000000002311346,0.25,0.05662588268366902,1.0,1.0000000000399576,0.6614136434608466,0.8778910256792712,0.07176342492521837,0.3307068217304233,0.13448667270113704,-0.1882592700899933,0.06000000000975248
2019-07-24,19,1.0000000000381895,0.6000000000336431,0.15500536935614,0.25,0.05507413956358944,1.0,1.0000000000560718,0.7180382137575193,0.9979564726600347,0.032264042342803514,0.35901910687875965,0.11122611641369415,-0.18852826816184157,0.05999999999781542
2019-07-31,19,1.000000000031634,0.6000000000288436,0.006876490046450717,0.25,0.054531365866251506,1.0,1.0000000000480727,0.7200000000024047,1.0,0.03181818183320431,0.36000000000120236,0.11000000000601196,-0.18901365081196456,0.06000000000197533
2019-08-07,19,1.0000000001013791,0.600000000084169,0.03574168521504077,0.25,0.0568521393604392,1.0,1.0000000001402818,0.7192703467351192,1.0,0.032315672725301295,0.3596351733675596,0.10817586683779828,-0.18906954209584093,0.06000000000936181
2019-08-14,19,0.9999999998696338,0.5999999998122594,0.015911925099479973,0.25,0.05737699877719979,1.0,0.999999999687099,0.719271843458666,0.9999999998751828,0.03231465207238347,0.359635921729333,0.1081796088433858,-0.18972881749966683,0.05999999999541379
2019-08-21,19,1.0000000000668505,0.6000000000608574,0.008803538131235508,0.25,0.05743895022988749,1.0,1.000000000101429,0.7175577510834809,0.9983234663651451,0.03142690133456452,0.3587788755417404,0.10892397861326689,-0.1894913164565128,0.05937541752332932
2019-08-28,19,1.0000000000058202,0.6000000000052789,0.250000000004196,0.25,0.05741680086967526,1.0,1.000000000008798,0.4756646229042827,0.7967379702906334,0.031435507792689374,0.23783231145214134,0.10894764638880644,-0.16529157982085124,0.023097128580520987
2019-09-05,19,0.9999999998935397,0.5999999998500943,0.20447838549441774,0.25,0.0579901339783364,1.0,0.9999999997501573,0.5525574284859432,0.8771311903458789,0.013636363621625805,0.2762787142429716,0.059999999978573616,-0.15459702358995467,0.022883614278973452
2019-09-12,19,1.0000000000328129,0.6000000000155196,0.09872070333386315,0.25,0.05346926577645263,1.0,1.000000000025866,0.5505983318207766,0.8754986098497599,0.013636363639929384,0.2752991659103883,0.06000000000266184,-0.13711630756043286,0.02258974977459232
2019-09-19,19,1.000000000026174,0.6000000000094857,0.08216315087199104,0.25,0.0483646123526457,1.0,1.0000000000158096,0.551082232330425,0.8757882426395521,0.013636363635194337,0.2755411161652125,0.0600000000012935,-0.11782790292187331,0.02264188368084528
2019-09-26,19,1.0000000001091378,0.6000000000522603,0.050210249197198964,0.25,0.04699164198490967,1.0,1.0000000000871005,0.5522665871098132,0.8764772254681601,0.01363636363174941,0.2761332935549066,0.060000000007683886,-0.10517726705350901,0.022765900586015724
2019-10-03,19,1.0000000003446965,0.6000000001829048,0.004527755041165417,0.25,0.04627623937822696,1.0,1.0000000003048413,0.5540113915796664,0.8778065721172001,0.013636363633182446,0.2770056957898332,0.06000000002117572,-0.10446651523202419,0.023005182975211296
2019-10-10,19,0.9999999999284741,0.5999999999361736,0.098401516501188,0.25,0.04473885835824117,1.0,0.9999999998936226,0.5562050710128404,0.8790668732945622,0.0136363636340016,0.2781025355064202,0.0600000000115649,-0.08882135813440828,0.023232037237969794
2019-10-17,19,0.9999999999293099,0.5999999999170096,0.2500000000756101,0.25,0.04656966644032838,1.0,0.9999999998616826,0.4404685494938541,0.6741527874823171,0.09156034032563864,0.22023427474692706,0.060000000003634,-0.08872206052228401,0.02308309079856354
2019-10-24,19,1.000000000001671,0.600000000001142,0.0016346720740662013,0.25,0.046117941203501704,1.0,1.0000000000019034,0.43860186022716935,0.6712851125361279,0.09232090530865811,0.21930093011358467,0.06000000000010754,-0.08871524953784925,0.022925461330447948
2019-10-31,19,1.000000000001852,0.6000000000013915,0.0012321379231069254,0.25,0.046535791855341485,1.0,1.0000000000023193,0.44080458685840057,0.6738604706775646,0.09101330699448754,0.22040229342920029,0.06000000000013865,-0.08853218017098079,0.022772586590571475
2019-11-07,19,0.9999999999717802,0.5999999999345816,0.013478882013206045,0.25,0.04851490525814693,1.0,0.9999999998909694,0.4468746730084351,0.6792489002741641,0.08989560844181349,0.22343733650421754,0.05999999999184748,-0.08905317821403508,0.023215588897147442
2019-11-14,19,1.0000000001280762,0.6000000001187714,0.25000000010584017,0.25,0.041933120297507426,1.0,1.0000000001979523,0.559167616412817,0.6443757123096125,0.12941317077675601,0.15152241759123145,0.16775028492384508,-0.09673058216001988,0.02330972550070617
2019-11-21,19,1.0000000000403635,0.6000000000361015,0.25000000002246264,0.25,0.05108845435750271,1.0,1.0000000000601692,0.6999999999957458,0.7499999999957296,0.14449491208143428,0.14901608771398914,0.20999999999872374,-0.12874678675269807,0.023493396824831012
2019-11-29,19,1.0000000002403626,0.6000000002362169,0.2500000001542929,0.25,0.052406099123038154,1.0,1.0000000003936949,0.6985335908772505,0.7472504828948446,0.2653701193469835,0.11923973041768002,0.20956007726317516,-0.1308476393843619,0.026140592661396355
2019-12-06,19,1.000000000039127,0.600000000040151,0.2500000000193473,0.25,0.05883972163018209,1.0,1.0000000000669182,0.7,0.7499999999999999,0.2790575684308045,0.12000000000862444,0.21,-0.14666905778082323,-8.343766421304781e-05
2019-12-13,19,1.0000000000226301,0.6000000000203866,0.2499999999964099,0.25,0.06173124148416508,1.0,1.0000000000339777,0.7522001780873133,0.7499999999999999,0.37610008904365666,0.12000000000907668,0.21,-0.165416813520736,0.028332716432274432
2019-12-20,19,0.9999999999991138,0.5999999999922804,0.11523487158259572,0.25,0.06107224035155505,1.0,0.999999999987134,0.7909090909027302,0.749999999996385,0.3954545454513651,0.11999999999861853,0.2099999999990443,-0.16923661871450232,0.04499999999977294
2019-12-30,19,1.000000000142581,0.6000000001311981,0.012599243496204338,0.25,0.060901295147144534,1.0,1.0000000002186635,0.7910784188349707,0.7499999999999999,0.3955392094174853,0.12000000001787998,0.21,-0.16918534757889045,0.045139695446633064
2020-01-07,19,1.0000000001237959,0.6000000001321449,0.03861221462440485,0.25,0.06393387616657217,1.0,1.0000000002202416,0.7911224312444719,0.7499999999999999,0.39556121562223595,0.1200000000147176,0.21,-0.17666666664835962,0.04517600567637651
2020-01-14,19,1.0000000000936011,0.6000000000999866,0.006151661075660786,0.25,0.06377539477729169,1.0,1.0000000001666443,0.7913735471429104,0.7499999999999999,0.3956867735714552,0.119989822389748,0.21,-0.176666666655754,0.04513128019687791
2020-01-22,19,0.999999999983411,0.5999999999485617,0.03395187248191389,0.25,0.06490324888371231,1.0,0.9999999999142695,0.7914567327758153,0.7499999999750282,0.39572836638790765,0.1199999999930942,0.20999999999251176,-0.17641620089069238,0.045451804580771714
2020-01-29,19,1.0000000000140241,0.6000000000405447,0.011240190236162295,0.25,0.06475326133624554,1.0,1.0000000000675744,0.7914446568999269,0.7499999999999999,0.39572232844996347,0.12000000000376299,0.21,-0.17606280635216495,0.04544184191265541
2020-02-05,19,1.0000000000542224,0.6000000000747947,0.010535311292207805,0.25,0.06267466960757435,1.0,1.0000000001246578,0.791423694559307,0.7499999999999999,0.3957118472796535,0.12000000000803854,0.21,-0.175509434332455,0.04406640083966802
2020-02-12,19,1.0000000000470202,0.6000000000655973,0.0736907925570097,0.25,0.06373915364059664,1.0,1.0000000001093288,0.7911209716813725,0.7499999999999999,0.39556048584068626,0.12000000001081339,0.21,-0.18458902078237865,0.04406725538266885
2020-02-20,19,1.000000000034049,0.6000000000417555,0.04527096003994566,0.25,0.06407250050379784,1.0,1.0000000000695926,0.7902479676487778,0.7499999999999999,0.3951239838243889,0.12000000001099713,0.21,-0.18900865809114145,0.04405036473710973
2020-02-27,19,0.9999999999926024,0.5999999999863498,0.15203029987976244,0.25,0.06507061632923264,1.0,0.9999999999772496,0.6966474388723471,0.7474855791515372,0.3412072258169057,0.11979884633912811,0.20899423166170414,-0.17694489748395678,0.04041734622716014
2020-03-05,19,1.0000000000240015,0.6000000000164772,0.00634555752488105,0.25,0.06884163382114777,1.0,1.000000000027462,0.694370216902681,0.7457776626770107,0.34140820447054077,0.11966221302590528,0.20831106507080427,-0.17690713279591921,0.04036069919161316
2020-03-12,19,0.9999999999989276,0.5999999999987505,0.21383822451424922,0.25,0.087998070964817,1.0,0.9999999999979176,0.6044616070199863,0.5731088171316256,0.30223080350999315,0.10584870538232044,0.1392435268527365,-0.1582361046363588,0.015000000001667745
2020-03-19,19,1.0000000000027955,0.6000000000026918,0.16073941660009777,0.25,0.10000000000012188,1.0,1.0000000000044864,0.5549175012070646,0.4483662146729421,0.2774587506035323,0.10655353043520609,0.0733390932268999,-0.15742648520395644,0.015000000001805541
2020-03-26,19,0.9999999999756752,0.5999999999874537,0.24999999999525727,0.25,0.09483982968406637,1.0,0.9999999999790895,0.354994920659263,0.5420397189465769,0.1774974603296315,0.15790400345621552,0.07822059028864886,-0.15676494367527144,0.01499999999939163
2020-04-02,19,1.000000000021462,0.6000000000096453,0.07834481308355015,0.25,0.09578361033821257,1.0,1.0000000000160756,0.3750579251339929,0.5994208180382828,0.15760352324270072,0.18752896256699644,0.05840735381681615,-0.1568783520907965,0.015000000002652718
2020-04-09,19,1.0000000000083409,0.3891034971766213,0.25000000000941386,0.25,0.1000000000005497,1.0,0.6485058286277022,0.45410308371995645,0.5924408743831842,0.0721850054723354,0.17597136386221207,0.05143697613371006,-0.22705154185997822,0.04663447542546285
2020-04-17,19,0.9999999999963095,0.1537458221445241,0.25000000000033357,0.25,0.09999999999989659,1.0,0.2562430369075402,0.5537035568346088,0.5960006274871185,0.06504068128670949,0.11225212604529966,0.003494728060770645,-0.2768517784173044,0.08238433122195575
2020-04-24,19,1.0000000000234317,0.2573898848218263,0.2500000000090637,0.25,0.10000000147781857,1.0,0.4289831413697105,0.4572098237935967,0.7076733310537124,3.5271472736837725e-13,0.17460399863134404,-1.9634295238032756e-12,-0.22860491189679835,0.12245736187009809
2020-05-01,19,0.9999999999716024,0.18474503416868002,0.08679451608354452,0.25,0.09999999999563897,1.0,0.30790839028113337,0.5035424765000612,0.7055732137855025,7.185801509807274e-12,0.17334392828059955,-2.6152316589645276e-13,-0.2517712382500306,0.14334232939263733
2020-05-08,19,0.9999999999995082,0.22081863806445068,0.14072703985593837,0.25,0.10000000000662584,1.0,0.36803106344075115,0.4969647867744289,0.7309846029337606,2.459305023641598e-13,0.18859076176043224,-2.7257823087565087e-13,-0.24848239338721445,0.13846570517704054
2020-05-15,19,1.0000000000302864,0.2377165259313323,0.13255133278525733,0.25,0.10000001995335456,1.0,0.39619420988555387,0.4567206590545096,0.7473574853160098,-4.3019688808320465e-12,0.1984144911886426,-6.065741420060354e-13,-0.2283603295272548,0.08978629290212542
2020-05-22,19,1.0000000000376648,0.27055713125174974,0.0834521663538936,0.25,0.10000000000061172,1.0,0.4509285520862496,0.4161173100136572,0.7482723431515989,0.01579645203764032,0.19896340588903097,2.5963232460267492e-14,-0.2080586550068286,0.08493513801986934
2020-06-01,19,1.000000000030438,0.29526652137676584,0.051766557143824464,0.25,0.10000000000524227,1.0,0.4921108689612764,0.39456797369267405,0.7454733114176716,0.030093202738659806,0.19728398684633702,-4.362198950877721e-13,-0.19405488113015937,0.08096609290530049
2020-06-08,19,1.0000000000054952,0.285752505923167,0.03854886563287897,0.25,0.10000002443969373,1.0,0.47625417653861163,0.3960740580676995,0.72093199953348,0.04036352184285185,0.18255919971513693,6.58101178172831e-14,-0.19803702903384976,0.08272988552400656
2020-06-15,19,0.9999999999822305,0.30313669820951156,0.015399820780820608,0.25,0.09999999999962343,1.0,0.505227830349186,0.38567470827937467,0.7252451358613043,0.04629825243388351,0.18514708151920337,-2.728713044643723e-13,-0.19283735413968733,0.07965251041267757
2020-06-22,19,1.0000000000180396,0.43477651114154564,0.2111357430457435,0.25,0.10000000062995447,1.0,0.7246275185692428,0.46042820125240713,0.7258357712146845,0.05567206915069324,0.23021410062620357,0.033534478427735555,-0.1464540139419432,0.03978352333133824
2020-06-29,19,0.9999999999899702,0.5883418430753323,0.250000000002599,0.25,0.09383630547978233,1.0,0.9805697384588873,0.5273214819862794,0.9401460109274781,0.049942191751702496,0.2636607409931397,0.013262094217919128,-0.09535311457669816,0.016748723536331552
2020-07-07,19,1.0000000000332403,0.5471923757743591,0.2500000000195285,0.25,0.10000004811330195,1.0,0.9119872929572652,0.3065784057156271,0.729024927557201,0.15328920285781356,0.13848203086839153,0.014472492545029032,-0.11113578793809528,0.022921143636246283
2020-07-14,19,1.0000000000132867,0.5542180014649116,0.0070828946506312175,0.25,0.10000000066321374,1.0,0.923696669108186,0.30657404113959197,0.7349196241862677,0.15328702056979598,0.1422689084544874,0.01446289048896282,-0.10920568958745537,0.02186729978167
2020-07-21,19,1.0000000000572453,0.5730077269743279,0.05279220198357064,0.25,0.10000012370288018,1.0,0.9550128782905465,0.3066370661117205,0.7500000000047943,0.15331853305586024,0.13946872719550513,0.014601545401420939,-0.10410117587803215,0.019048840956744695
2020-07-28,19,1.0000000003268528,0.5630872096462314,0.014647414520718854,0.25,0.09851136237939898,1.0,0.938478682743719,0.2971575652326564,0.7500000000507233,0.1485787826163282,0.13933936245433792,0.014504521819296063,-0.10640808955475091,0.020536918583128363
2020-08-04,19,0.9999999999717905,0.5999999999766925,0.04166691221136625,0.25,0.10000020015090655,1.0,0.9999999999611542,0.3090909090714826,0.7499999999699557,0.1545454545357413,0.14666666665831793,0.01999999999890383,-0.0967128253833551,0.014999999999128674
2020-08-11,19,1.0000000000456426,0.6000000000102531,0.19653441563051235,0.25,0.10000000000466375,1.0,1.0000000000170886,0.4000000000105679,0.7500000000086473,0.1500952949260038,0.20000000000528395,0.060000000000477956,-0.1142653739434902,0.04093767938139823
2020-08-18,19,1.0000000000531772,0.6000000000184869,0.03576518567777632,0.25,0.10000000000449794,1.0,1.0000000000308116,0.4188505081472268,0.7657087567835998,0.15630297992825562,0.2094252540736134,0.060000000002525596,-0.11700480377782801,0.045627561091790995
2020-08-25,19,0.999999999958483,0.5999999999506439,0.15350831146221183,0.25,0.10000000621116592,1.0,0.9999999999177399,0.41885243772743,0.7657103647454998,0.15804118789735794,0.209426218863715,0.05999999999553654,-0.07775725316091639,-0.049865186800181246
2020-09-01,19,1.000000000089754,0.6000000000322627,0.1339551257353218,0.25,0.10000000001683523,1.0,1.0000000000537712,0.41792859751817374,0.8321076704044057,0.14945690287878227,0.20896429875908687,0.0597520744576139,-0.0490574672093873,-0.11889541426566158
2020-09-09,19,1.000000000430738,0.6000000002998225,0.09373973902453041,0.25,0.1000000010044819,1.0,1.0000000004997043,0.41545542820266196,0.7628795234918958,0.12243906500953351,0.20772771410133098,0.06000000003096769,-0.05706858761285285,-0.10517680556483651
2020-09-16,19,1.000000000791247,0.6000000005424818,0.024280281421931442,0.25,0.09231184982940813,1.0,1.0000000009041363,0.400000000173447,0.7500000001128043,0.12160341775016201,0.2000000000867235,0.06000000009520468,-0.05503364485815352,-0.10826950353883366
2020-09-23,19,1.0000000001418425,0.6000000001018875,0.2499999999687637,0.25,0.08778950154987902,1.0,1.0000000001698126,0.46543529445347553,0.7297474907010808,0.23271764722673777,0.1918662538648634,0.06000000010878548,-0.07243030112005375,-0.08230076069417133
2020-09-30,19,1.0000000006953231,0.6000000004726858,0.25000000042017523,0.25,0.09081847139605986,1.0,1.0000000007878096,0.637195595656887,0.7768947660900726,0.3185977978284435,0.16949158074407553,0.11091515487086048,-0.06677262806397144,-0.09149447945373093
2020-10-07,19,0.9999999999854495,0.47750038316589893,0.12719464805173164,0.25,0.09999999999850617,1.0,0.795833971943165,0.5153358883522289,0.7726098763591907,0.25766794417611444,0.169226179454228,0.11109710452016847,-0.11628666153721048,-0.07228398338795144
2020-10-14,19,1.0000000000172702,0.4706992362690782,0.012988253609475845,0.25,0.09746060711910727,1.0,0.7844987271151304,0.5166722999874058,0.7643358791606399,0.2583361499937029,0.16808351926481566,0.10413797421311674,-0.11999999997555878,-0.06965038189672307
2020-10-21,19,1.0000000000314586,0.5799627178311757,0.11017513434288816,0.25,0.06910977940672539,1.0,0.9666045297186262,0.6282950135800475,0.7591519560153112,0.31414750679002373,0.16750842540385644,0.10367451319494932,-0.07691667813100045,-0.0850290391188838
2020-10-28,19,0.9999999999913447,0.5999999999820571,0.25000000001693623,0.25,0.06023657085103388,1.0,0.9999999999700953,0.5630409318414887,0.727848038875707,0.28152046592074437,0.15897383440327506,0.03322150403219253,-0.07265823533437171,-0.08193036757990783
2020-11-04,19,1.000000000040801,0.6000000000231149,0.015480800802085776,0.25,0.06083530754070942,1.0,1.000000000038525,0.5668556741343357,0.7141776795371515,0.28342783706716784,0.15854858963155674,0.033210120682185935,-0.07485394281692895,-0.07836234293182186
2020-11-11,19,1.0000000001306881,0.6000000000694115,0.01064350503166074,0.25,0.06332988593785706,1.0,1.000000000115686,0.5766474842555689,0.7063418368901652,0.28832374212778444,0.15694958633404252,0.03298802365077028,-0.07523897959018513,-0.0777366581960213
2020-11-18,19,1.0000000001347578,0.6000000000870007,0.24939187710522515,0.25,0.07304051550333039,1.0,1.0000000001450013,0.7999165403152501,0.7002214780549815,0.39995827015762503,0.12445479077171452,0.03334109309612971,-0.0759734226402605,-0.11363086658377684
2020-11-25,19,1.0000000000546523,0.49139151588588587,0.2500000000273378,0.25,0.06922095221676271,1.0,0.8189858598098098,0.592174105268489,0.6953616138670393,0.2960870526342445,0.16000000001218131,0.06000000002727372,-0.11999999999179972,-0.09808828053321712
2020-12-03,19,0.9999999999416938,0.5999999999414616,0.14573380718418813,0.25,0.07071931530573576,1.0,0.999999999902436,0.5635185161129584,0.49999999995021177,0.2817592580564792,0.1595457335164244,0.059659300142271866,-0.10583372183348115,-0.06525552488464645
2020-12-10,19,1.0000000000054228,0.600000000003766,0.14622243137038698,0.25,0.06831919942425331,1.0,1.0000000000062768,0.70177546344748,0.5849608414930518,0.35088773172374,0.1594791973903588,0.059609398043297165,-0.11999999999960295,-0.050000000001115055
2020-12-17,19,1.0000000000432632,0.6000000000327583,0.011511501750708725,0.25,0.06808552627499959,1.0,1.0000000000545972,0.7047761540207911,0.5877114745163879,0.35238807701039554,0.15859899483554424,0.05894924612896059,-0.11999999999845332,-0.050000000006684156
2020-12-24,19,1.000000000045373,0.6000000000312946,0.2500000000024996,0.25,0.059095926966751575,1.0,1.0000000000521578,0.7040077509384506,0.5865785159121191,0.3520038754692253,0.1589615415872574,0.059221156197653245,-0.09638811455628052,-0.08759785345283312
