session,gross_return,transaction_cost,borrow_cost,net_return,gross,net,turnover,long_pnl,short_pnl,cost_drag,segment
2018-01-02,0.0,0.0,0.0,0.0,0.0,0.0,0.0,0.0,0.0,0.0,train
2018-01-03,0.0,0.0,0.0,0.0,0.0,0.0,0.0,0.0,0.0,0.0,train
2018-01-04,0.0,0.0,0.0,0.0,0.0,0.0,0.0,0.0,0.0,0.0,train
2018-01-05,0.0,0.0,0.0,0.0,0.0,0.0,0.0,0.0,0.0,0.0,train
2018-01-08,0.0,0.0,0.0,0.0,0.0,0.0,0.0,0.0,0.0,0.0,train
2018-01-09,0.0,0.0,0.0,0.0,0.0,0.0,0.0,0.0,0.0,0.0,train
2018-01-10,0.0,0.0,0.0,0.0,0.0,0.0,0.0,0.0,0.0,0.0,train
2018-01-11,0.0,0.0,0.0,0.0,0.0,0.0,0.0,0.0,0.0,0.0,train
2018-01-12,0.0,0.0,0.0,0.0,0.0,0.0,0.0,0.0,0.0,0.0,train
2018-01-16,0.0,0.0,0.0,0.0,0.0,0.0,0.0,0.0,0.0,0.0,train
2018-01-17,0.0,0.0,0.0,0.0,0.0,0.0,0.0,0.0,0.0,0.0,train
2018-01-18,0.0,0.0,0.0,0.0,0.0,0.0,0.0,0.0,0.0,0.0,train
2018-01-19,0.0,0.0,0.0,0.0,0.0,0.0,0.0,0.0,0.0,0.0,train
2018-01-22,0.0,0.0,0.0,0.0,0.0,0.0,0.0,0.0,0.0,0.0,train
2018-01-23,0.0,0.0,0.0,0.0,0.0,0.0,0.0,0.0,0.0,0.0,train
2018-01-24,0.0,0.0,0.0,0.0,0.0,0.0,0.0,0.0,0.0,0.0,train
2018-01-25,0.0,0.0,0.0,0.0,0.0,0.0,0.0,0.0,0.0,0.0,train
2018-01-26,0.0,0.0,0.0,0.0,0.0,0.0,0.0,0.0,0.0,0.0,train
2018-01-29,0.0,0.0,0.0,0.0,0.0,0.0,0.0,0.0,0.0,0.0,train
2018-01-30,0.0,0.0,0.0,0.0,0.0,0.0,0.0,0.0,0.0,0.0,train
2018-01-31,0.0,0.0,0.0,0.0,0.0,0.0,0.0,0.0,0.0,0.0,train
2018-02-01,0.0,0.0,0.0,0.0,0.0,0.0,0.0,0.0,0.0,0.0,train
2018-02-02,0.0,0.0,0.0,0.0,0.0,0.0,0.0,0.0,0.0,0.0,train
2018-02-05,0.0,0.0,0.0,0.0,0.0,0.0,0.0,0.0,0.0,0.0,train
2018-02-06,0.0,0.0,0.0,0.0,0.0,0.0,0.0,0.0,0.0,0.0,train
2018-02-07,0.0,0.0,0.0,0.0,0.0,0.0,0.0,0.0,0.0,0.0,train
2018-02-08,0.0,0.0,0.0,0.0,0.0,0.0,0.0,0.0,0.0,0.0,train
2018-02-09,0.0,0.0,0.0,0.0,0.0,0.0,0.0,0.0,0.0,0.0,train
2018-02-12,0.0,0.0,0.0,0.0,0.0,0.0,0.0,0.0,0.0,0.0,train
2018-02-13,0.0,0.0,0.0,0.0,0.0,0.0,0.0,0.0,0.0,0.0,train
2018-02-14,0.0,0.0,0.0,0.0,0.0,0.0,0.0,0.0,0.0,0.0,train
2018-02-15,0.0,0.0,0.0,0.0,0.0,0.0,0.0,0.0,0.0,0.0,train
2018-02-16,0.0,0.0,0.0,0.0,0.0,0.0,0.0,0.0,0.0,0.0,train
2018-02-20,0.0,0.0,0.0,0.0,0.0,0.0,0.0,0.0,0.0,0.0,train
2018-02-21,0.0,0.0,0.0,0.0,0.0,0.0,0.0,0.0,0.0,0.0,train
2018-02-22,0.0,0.0,0.0,0.0,0.0,0.0,0.0,0.0,0.0,0.0,train
2018-02-23,0.0,0.0,0.0,0.0,0.0,0.0,0.0,0.0,0.0,0.0,train
2018-02-26,0.0,0.0,0.0,0.0,0.0,0.0,0.0,0.0,0.0,0.0,train
2018-02-27,0.0,0.0,0.0,0.0,0.0,0.0,0.0,0.0,0.0,0.0,train
2018-02-28,0.0,0.0,0.0,0.0,0.0,0.0,0.0,0.0,0.0,0.0,train
2018-03-01,0.0,0.0,0.0,0.0,0.0,0.0,0.0,0.0,0.0,0.0,train
2018-03-02,0.0,0.0,0.0,0.0,0.0,0.0,0.0,0.0,0.0,0.0,train
2018-03-05,0.0,0.0,0.0,0.0,0.0,0.0,0.0,0.0,0.0,0.0,train
2018-03-06,0.0,0.0,0.0,0.0,0.0,0.0,0.0,0.0,0.0,0.0,train
2018-03-07,0.0,0.0,0.0,0.0,0.0,0.0,0.0,0.0,0.0,0.0,train
2018-03-08,0.0,0.0,0.0,0.0,0.0,0.0,0.0,0.0,0.0,0.0,train
2018-03-09,0.0,0.0,0.0,0.0,0.0,0.0,0.0,0.0,0.0,0.0,train
2018-03-12,0.0,0.0,0.0,0.0,0.0,0.0,0.0,0.0,0.0,0.0,train
2018-03-13,0.0,0.0,0.0,0.0,0.0,0.0,0.0,0.0,0.0,0.0,train
2018-03-14,0.0,0.0,0.0,0.0,0.0,0.0,0.0,0.0,0.0,0.0,train
2018-03-15,0.0,0.0,0.0,0.0,0.0,0.0,0.0,0.0,0.0,0.0,train
2018-03-16,0.0,0.0,0.0,0.0,0.0,0.0,0.0,0.0,0.0,0.0,train
2018-03-19,0.0,0.0,0.0,0.0,0.0,0.0,0.0,0.0,0.0,0.0,train
2018-03-20,0.0,0.0,0.0,0.0,0.0,0.0,0.0,0.0,0.0,0.0,train
2018-03-21,0.0,0.0,0.0,0.0,0.0,0.0,0.0,0.0,0.0,0.0,train
2018-03-22,0.0,0.0,0.0,0.0,0.0,0.0,0.0,0.0,0.0,0.0,train
2018-03-23,0.0,0.0,0.0,0.0,0.0,0.0,0.0,0.0,0.0,0.0,train
2018-03-26,0.0,0.0,0.0,0.0,0.0,0.0,0.0,0.0,0.0,0.0,train
2018-03-27,0.0,0.0,0.0,0.0,0.0,0.0,0.0,0.0,0.0,0.0,train
2018-03-28,0.0,0.0,0.0,0.0,0.0,0.0,0.0,0.0,0.0,0.0,train
2018-03-29,0.0,0.0,0.0,0.0,0.0,0.0,0.0,0.0,0.0,0.0,train
2018-04-02,0.0,0.0,0.0,0.0,0.0,0.0,0.0,0.0,0.0,0.0,train
2018-04-03,0.0,0.0,0.0,0.0,0.0,0.0,0.0,0.0,0.0,0.0,train
2018-04-04,0.0,0.0,0.0,0.0,0.0,0.0,0.0,0.0,0.0,0.0,train
2018-04-05,0.00023777496165661952,8.778526269756894e-05,1.0273973013698606e-05,0.00013971572594535198,0.25000000999999955,9.324138683375338e-17,0.25000000999999955,0.0010182310688598053,-0.0007804561072031858,9.805923571126754e-05,train
2018-04-06,-0.000400754891298548,0.0,1.0336675894826468e-05,-0.0004110915671933745,0.25176352185284034,0.00023774174539616805,0.0,-0.003028896334973572,0.002628141443675024,1.0336675894826468e-05,train
2018-04-09,0.0002620283080958184,0.0,3.0374479500337278e-05,0.00023165382859548114,0.24620769798261044,-0.0001630801867919503,0.0,0.00022286771810675553,3.9160589989062946e-05,3.0374479500337278e-05,train
2018-04-10,0.00019939310304255755,8.779104258660911e-05,1.2869589488635793e-05,9.873247096731265e-05,0.31316001089013773,5.0306980803327406e-17,0.25000000999999983,0.0027423263811932374,-0.0025429332781506807,0.0001006606320752449,train
2018-04-11,0.00020477548980427898,0.0,1.3077306548489184e-05,0.0001916981832557898,0.3184138327649826,0.00019937341841236474,0.0,-0.0006543883099066538,0.0008591637997109328,1.3077306548489184e-05,train
2018-04-12,0.00037630628583872744,0.0,1.300419746474453e-05,0.0003633020883739829,0.31683954309057094,0.0004040714484540662,0.0,0.0013680382517534874,-0.0009917319659147603,1.300419746474453e-05,train
2018-04-13,-9.957219388894529e-05,8.781632726066984e-05,1.386123778541714e-05,-0.00020124975893503227,0.3372901194451505,1.1796119636642288e-16,0.2500000099999993,-0.0004823003884336706,0.0003827281945447254,0.00010167756504608698,train
2018-04-16,-0.0005146902990943063,0.0,4.149769342140767e-05,-0.000556187992515714,0.3364928099590597,-9.959223680248118e-05,0.0,0.001331334686912276,-0.001846024986006583,4.149769342140767e-05,train
2018-04-17,0.0002455727192901617,0.0,1.3992074778826558e-05,0.00023158064451133517,0.3398591952355146,-0.0006146243825982979,0.0,0.001765217393484987,-0.0015196446741948247,1.3992074778826558e-05,train
2018-04-18,0.000856344071970545,8.779703184661843e-05,1.4811338052946106e-05,0.0007537357020709804,0.3604092259550214,-4.753142324176451e-16,0.2500000099999997,0.0008498777872016097,6.466284768934853e-06,0.00010260836989956453,train
2018-04-19,-0.00014052015311626282,0.0,1.4799651551732892e-05,-0.0001553198046679957,0.36098055352650776,0.0008556991010074087,0.0,-0.001480379105115274,0.001339858951999011,1.4799651551732892e-05,train
2018-04-20,-7.941804755728354e-05,0.0,1.4691808087180223e-05,-9.410985564446376e-05,0.3582159535013203,0.0007152900466014661,0.0,-0.0012950230828532182,0.0012156050352959346,1.4691808087180223e-05,train
2018-04-23,-0.0006199621403450773,8.781672400106369e-05,4.520265611836195e-05,-0.0007529815204645029,0.3666437662933801,-1.5612511283791264e-16,0.2500000099999993,-0.0005401774270000158,-7.978471334506168e-05,0.00013301938011942564,train
2018-04-24,0.00032079709206177823,0.0,1.5085468766334772e-05,0.00030571162329544343,0.36645931066866083,-0.0006204293121520321,0.0,-0.0018334984544250011,0.002154295546486779,1.5085468766334772e-05,train
2018-04-25,0.00039725135332368915,0.0,1.4903847099662113e-05,0.00038234750622402706,0.3623607387780786,-0.0002995406470328067,0.0,0.0003326188708383565,6.463248248533263e-05,1.4903847099662113e-05,train
2018-04-26,-1.4577991017474565e-06,8.780359407335873e-05,1.4676395631459503e-05,-0.00010393778880656568,0.3571256270321815,1.9081958235744878e-16,0.2500000099999997,0.0016673639931182548,-0.0016688217922200027,0.00010247998970481823,train
2018-04-27,0.00011594934917773269,0.0,1.481509891505867e-05,0.00010113425026267403,0.36049928231579,-1.4579506377315754e-06,0.0,0.0005531693464658043,-0.00043721999728807154,1.481509891505867e-05,train
2018-04-30,0.0006866941739765591,0.0,4.454859902657739e-05,0.0006421455749499817,0.36145311636961475,0.00011447982070918183,0.0,-0.0013334235637712467,0.002020117737747805,4.454859902657739e-05,train
2018-05-01,-0.000527504431808747,8.780512906291434e-05,1.3682890044541527e-05,-0.0006289924509162029,0.33295032441717765,4.761815941556335e-16,0.2500000099999994,-0.00012163110464497411,-0.0004058733271637729,0.00010148801910745587,train
2018-05-02,-0.00037475528397237534,0.0,1.3724882343472992e-05,-0.0003884801663158483,0.3334443005875671,-0.0005278364369424261,0.0,-0.0014220949248699164,0.0010473396408975388,1.3724882343472992e-05,train
2018-05-03,0.001012084925667389,0.0,1.3644100095536579e-05,0.0009984408255718524,0.3311034931618909,-0.0009029424961658839,0.0,2.7546712832450555e-05,0.0009845382128349381,1.3644100095536579e-05,train
2018-05-04,0.0007701138519233654,8.780151084059539e-05,1.3656013048565788e-05,0.0006686563280342042,0.33229631751510125,3.972516759986888e-16,0.25000000999999983,0.0024985790736789942,-0.001728465221755628,0.00010145752388916118,train
2018-05-07,-2.5451534652779715e-06,0.0,4.136657602686242e-05,-4.3911729492140394e-05,0.3362984936946186,0.0007695992545121797,0.0,0.0005648303165899355,-0.0005673754700552135,4.136657602686242e-05,train
2018-05-08,-0.00021948833155958932,0.0,1.383609984297285e-05,-0.00023332443140256217,0.3374455172975376,0.0007670877851982168,0.0,3.3171169764540016e-05,-0.00025265950132412926,1.383609984297285e-05,train
2018-05-09,-0.00010423407146501612,8.777973779849145e-05,1.4657656324146714e-05,-0.00020667146558765427,0.35666963722090317,-2.411265631607762e-16,0.2500000099999997,0.0013884642133622268,-0.001492698284827242,0.00010243739412263817,train
2018-05-10,0.0006029166694820648,0.0,1.4783399161177494e-05,0.0005881332703208873,0.3596251239705257,-0.00010425561812666025,0.0,0.0018704694269375997,-0.0012675527574555346,1.4783399161177494e-05,train
2018-05-11,0.00032241973515340604,0.0,1.4878830844155577e-05,0.00030754090430925045,0.3625499184857053,0.0004983679445863289,0.0,0.0004653202304442088,-0.00014290049529080292,1.4878830844155577e-05,train
2018-05-14,-0.0001092568537004835,8.77862902707417e-05,4.197474218843204e-05,-0.00023901788615965724,0.340461797750615,-3.95516952522712e-16,0.2500000099999994,0.00020795305295092428,-0.0003172099066514077,0.00012976103245917374,train
2018-05-15,0.0007778684726920341,0.0,1.4021004047348614e-05,0.0007638474686446855,0.34106848217786323,-0.00010928297428638989,0.0,-0.0003179965446287189,0.0010958650173207532,1.4021004047348614e-05,train
2018-05-16,0.0008171717435693492,0.0,1.3920299964144194e-05,0.000803251443605205,0.33939537431837097,0.000668075190862245,0.0,0.0014701118831109109,-0.000652940139541562,1.3920299964144194e-05,train
2018-05-17,0.00037351780849041456,8.779598616303637e-05,1.3500262209407037e-05,0.00027222156011797116,0.32850638042890457,2.42861286636753e-17,0.2500000099999994,0.0003393599157439901,3.4157892746424534e-05,0.00010129624837244341,train
2018-05-18,0.00015078632552592314,0.0,1.3493781413144905e-05,0.00013729254411277823,0.3287220972097544,0.000373416156561732,0.0,-0.00013441420636191857,0.00028520053188784165,1.3493781413144905e-05,train
2018-05-21,0.0002529312400633302,0.0,4.040547345036697e-05,0.00021252576661296322,0.3282574151758513,0.0005241305228747169,0.0,0.0013753171911840118,-0.0011223859511206816,4.040547345036697e-05,train
2018-05-22,0.0001701653238328841,8.777786805769544e-05,1.4396138505158601e-05,6.799131727003007e-05,0.35030603695885915,-1.5439038936193583e-16,0.25000000999999944,-0.0006615248824464803,0.0008316902062793644,0.00010217400656285403,train
2018-05-23,0.0004206913448578178,0.0,1.4326806307579226e-05,0.00040636453855023857,0.34878910723928264,0.0001701537548548064,0.0,0.00038614350268360105,3.4547842174216784e-05,1.4326806307579226e-05,train
2018-05-24,0.0004045103019425897,0.0,1.4318148371151639e-05,0.00039019215357143804,0.3489988821301007,0.0005906050987442048,0.0,0.00017565676084984922,0.00022885354109274044,1.4318148371151639e-05,train
2018-05-25,-0.00041145172707542966,8.778283729363642e-05,1.3219455399136133e-05,-0.0005124540197682022,0.32167341471231264,8.673617379884035e-17,0.25000000999999916,-0.0005454401276252707,0.00013398840054984072,0.00010100229269277256,train
2018-05-29,-3.5131944466403726e-05,0.0,5.286085937541718e-05,-8.799280384182091e-05,0.32115856518184793,-0.0004116626852731977,0.0,-0.0018596844248078604,0.001824552480341457,5.286085937541718e-05,train
2018-05-30,0.00022548573330946893,0.0,1.306640137558514e-05,0.0002124193319338838,0.31750226619132693,-0.00044683394791153637,0.0,0.0021285261882816064,-0.0019030404549721372,1.306640137558514e-05,train
2018-05-31,-0.00011385703387228793,8.77767390393231e-05,1.4227701845750547e-05,-0.00021586147475736157,0.34620741157993035,2.931682674400804e-16,0.2500000099999998,-0.0017763351618059029,0.001662478127933615,0.00010200444088507364,train
2018-06-01,-0.00016292856962894553,0.0,1.4094102181520482e-05,-0.00017702267181046602,0.3428426048004727,-0.00011388161652567744,0.0,0.0016925210794986223,-0.0018554496491275674,1.4094102181520482e-05,train
2018-06-04,0.0002821779171179185,0.0,4.27473819329857e-05,0.00023943053518493278,0.3464519053710414,-0.000276859196509301,0.0,0.0010150982642729907,-0.0007329203471550722,4.27473819329857e-05,train
2018-06-05,0.000681593429199324,8.777805786457721e-05,1.4379793137904311e-05,0.0005794355781968424,0.34990829968900516,2.0643209364124004e-16,0.25000000999999994,0.0005322443811265102,0.0001493490480728142,0.00010215785100248153,train
2018-06-06,-0.0004684332398820696,0.0,1.4359197643690037e-05,-0.0004827924375257596,0.3500883413815504,0.000681198718426243,0.0,0.0013571394688138404,-0.00182557270869591,1.4359197643690037e-05,train
2018-06-07,0.0002077774870546565,0.0,1.451625305283276e-05,0.00019326123400182374,0.35344169253532254,0.00021286824972533563,0.0,-0.0002927662582804102,0.0005005437453350667,1.451625305283276e-05,train
2018-06-08,0.0001754600511985211,8.776617596844806e-05,1.4315937189678931e-05,7.33779380403941e-05,0.3483544716155208,7.979727989493313e-17,0.2500000099999996,0.0008288384886062874,-0.0006533784374077667,0.000102082113158127,train
2018-06-11,0.00036616639008342543,0.0,4.310575556953899e-05,0.00032306063451388643,0.34981102013017384,0.0001754471772465009,0.0,0.000987669334633441,-0.0006215029445500155,4.310575556953899e-05,train
2018-06-12,0.0005635290974675294,0.0,1.4415010701141323e-05,0.0005491140867663881,0.3513066990442551,0.0005414386498161679,0.0,0.0008131520391328154,-0.000249622941665286,1.4415010701141323e-05,train
2018-06-13,0.0001848241521611284,8.778414769688383e-05,1.3835922505676677e-05,8.320408195856789e-05,0.33667411430479927,1.231653667943533e-16,0.25000000999999916,-0.0004700183281027691,0.0006548424802638978,0.0001016200702025605,train
2018-06-14,0.0002700239794472355,0.0,1.3780953204506051e-05,0.0002562430262427294,0.33552133675163065,0.0001848087753167603,0.0,0.0008981461993986856,-0.0006281222199514499,1.3780953204506051e-05,train
2018-06-15,-0.00032511622700050175,0.0,1.3829036094278861e-05,-0.0003389452630947806,0.336961261197685,0.0004547162368993725,0.0,-7.958876903982666e-05,-0.0002455274579606751,1.3829036094278861e-05,train
2018-06-18,-0.0003002243734530009,8.778347241929823e-05,4.542047100878332e-05,-0.0004334283168810825,0.36841048707124235,-1.8735013540549517e-16,0.2500000099999994,-0.000437962331801732,0.0001377379583487312,0.00013320394342808157,train
2018-06-19,0.0002511878132915074,0.0,1.5135396184137737e-05,0.00023605241710736964,0.3679942859250622,-0.00030035455562270677,0.0,-0.0009165642930441894,0.0011677521063356978,1.5135396184137737e-05,train
2018-06-20,-0.0001312241448962914,0.0,1.5035867306138538e-05,-0.00014626001220242996,0.365823615976896,-4.9155139141783544e-05,0.0,0.0002530333399993546,-0.0003842574848956459,1.5035867306138538e-05,train
2018-06-21,7.836057377285451e-05,8.77654540016119e-05,1.492727406972007e-05,-2.433215429847746e-05,0.36323033569652174,-6.938893903907228e-18,0.2500000099999998,-0.0012820440791289816,0.001360404652901837,0.00010269272807133197,train
2018-06-22,0.0004525025085506105,0.0,1.4815820489489853e-05,0.0004376866880611206,0.36059666105808724,7.83624805008043e-05,0.0,0.0005745800639765913,-0.00012207755542598093,1.4815820489489853e-05,train
2018-06-25,0.0001572101121001745,0.0,4.445810406318122e-05,0.00011275200803699327,0.36113525458396883,0.0005306327381656636,0.0,-0.0023523496261359093,0.002509559738236083,4.445810406318122e-05,train
2018-06-26,0.0006782670323576533,8.777507486788634e-05,1.4897064496817614e-05,0.0005755948929929494,0.36249523608922896,3.191891195797325e-16,0.25000000999999955,0.0008997180376671117,-0.0002214510053094579,0.00010267213936470395,train
2018-06-27,-0.000504800968029511,0.0,1.4906685737127063e-05,-0.000519707653766638,0.3634072297866636,0.0006778768499050847,0.0,-0.0018946124364712204,0.0013898114684417092,1.4906685737127063e-05,train
2018-06-28,-0.0001223837909107852,0.0,1.4800146406893642e-05,-0.00013718393731767885,0.36031006177858615,0.00017316587750749318,0.0,0.0005058398215612037,-0.0006282236124719886,1.4800146406893642e-05,train
2018-06-29,0.00019804590495954197,8.775928476296707e-05,1.4767932462867294e-05,9.55186877337076e-05,0.3593530232631045,3.0184188481996443e-16,0.25000000999999916,0.00041654885875808465,-0.00021850295379854246,0.00010252721722583437,train
2018-07-02,0.0004577339491997257,0.0,4.435343824704671e-05,0.000413380510952679,0.3599536927712828,0.00019802698968164958,0.0,0.0005561459443942278,-9.841199519450183e-05,4.435343824704671e-05,train
2018-07-03,-0.0003636073224546924,0.0,1.4786455640233772e-05,-0.00037839377809492614,0.36045924388445694,0.0006554899721017866,0.0,-0.0008496811239481727,0.00048607380149348004,1.4786455640233772e-05,train
2018-07-05,0.00016972102625028229,8.777034380184105e-05,3.326760749778836e-05,4.868307495065288e-05,0.40475589122309164,-7.979727989493313e-17,0.25000000999999933,0.0015387201806203348,-0.0013689991543700518,0.0001210379512996294,train
2018-07-06,-0.00036590152359479417,0.0,1.6745509004465604e-05,-0.0003826470325992598,0.40764376520610734,0.0001697127641109887,0.0,0.0014501803203575674,-0.0018160818439523626,1.6745509004465604e-05,train
2018-07-09,0.0005739676210062761,0.0,5.070372964770662e-05,0.0005232638913585695,0.41106732106101984,-0.00019626385926716124,0.0,0.0021177590844662763,-0.00154379146346,5.070372964770662e-05,train
2018-07-10,0.00029909431712659237,8.774779536940228e-05,1.5564266155718818e-05,0.00019578225560147128,0.37873047645582464,2.688821387764051e-17,0.25000000999999966,0.0007970059461620015,-0.000497911629035409,0.0001033120615251211,train
2018-07-11,7.11962897742183e-05,0.0,1.560213577786639e-05,5.5594153996351915e-05,0.3799510063659777,0.00029903577122882084,0.0,-0.0016664678724225897,0.0017376641621968082,1.560213577786639e-05,train
2018-07-12,0.0004738983480477756,0.0,1.545845466619575e-05,0.00045843989338157986,0.3765259416901723,0.00037021147940904855,0.0,0.0016358561946928569,-0.001161957846645081,1.545845466619575e-05,train
2018-07-13,0.00021260306268364583,8.775587709545726e-05,1.4941518719744007e-05,0.00010990566686844457,0.36357695551377034,-4.371503159461554e-16,0.2500000099999992,0.00013754205839858538,7.506100428506065e-05,0.00010269739581520126,train
2018-07-16,-0.00036911021309721486,0.0,4.4801124068977335e-05,-0.0004139113371661922,0.3635994749251191,0.0002125796989696227,0.0,-0.0006347810864318527,0.00026567087333463814,4.4801124068977335e-05,train
2018-07-17,-0.00018919306530634387,0.0,1.491804680950339e-05,-0.00020411111211584727,0.3628492103672055,-0.0001565953307103192,0.0,0.0009111116679352412,-0.0011003047332415852,1.491804680950339e-05,train
2018-07-18,0.001343057424635823,8.774591584089693e-05,1.5309957301225177e-05,0.0012400015514937009,0.37254229432981234,-3.703634621210483e-16,0.2500000099999996,0.0015171669929152536,-0.00017410956827943077,0.0001030558731421221,train
2018-07-19,-0.0007110694280674128,0.0,1.5305289094476988e-05,-0.0007263747171618898,0.37377009539281797,0.0013413940938778804,0.0,-0.000838606595927074,0.00012753716785966163,1.5305289094476988e-05,train
2018-07-20,-0.0006216964866666801,0.0,1.5305924424054042e-05,-0.0006370024110907342,0.37307494383584017,0.0006307828505251146,0.0,-0.0010039596129053936,0.0003822631262387134,1.5305924424054042e-05,train
2018-07-23,0.0009173525272268608,8.775137075312103e-05,5.0633485584957085e-05,0.0007789676708887826,0.4106938275224297,-1.3877787807814457e-17,0.2500000099999996,0.00023521600386067497,0.0006821365233661853,0.0001383848563380781,train
2018-07-24,-0.00033168656422786287,0.0,1.6808669102878083e-05,-0.00034849523333074095,0.4099275866655063,0.000916638495472976,0.0,-0.0005828698751246681,0.00025118331089680535,1.6808669102878083e-05,train
2018-07-25,-0.00030488704743348444,0.0,1.679387648514695e-05,-0.0003216809239186314,0.4092361503271805,0.00058515585527144,0.0,0.0014075646035264773,-0.001712451650959962,1.679387648514695e-05,train
2018-07-26,-0.0003471831763565285,8.774629396757875e-05,1.653619281413449e-05,-0.00045146566313824176,0.4023806918106062,1.8041124150158794e-16,0.2500000099999994,0.000698221496970491,-0.00104540467332702,0.00010428248678171325,train
2018-07-27,0.0007323936294557547,0.0,1.6629624190227577e-05,0.0007157640052655271,0.4043068486404365,-0.0003473399884345498,0.0,-0.0007767251370921933,0.001509118766547948,1.6629624190227577e-05,train
2018-07-30,0.00035185650199881394,0.0,4.948134412894002e-05,0.00030237515786987393,0.4017334583875717,0.0003847782306137266,0.0,-0.0008786010428140605,0.0012304575448128746,4.948134412894002e-05,train
2018-07-31,-0.00036409267390027466,8.775004190185652e-05,1.5629989151775007e-05,-0.00046747270495390615,0.3803297360265252,-6.765421556309548e-17,0.2500000099999992,0.0007244443986096433,-0.001088537072509918,0.00010338003105363153,train
2018-08-01,0.0007986007890443322,0.0,1.5726809806575853e-05,0.0007828739792377563,0.3823214423364556,-0.0003642629568901233,0.0,-0.0004268943735897991,0.0012254951626341315,1.5726809806575853e-05,train
2018-08-02,0.00103063668771642,0.0,1.5613860491675924e-05,0.001015022827224744,0.3803712700304752,0.00043399806636101185,0.0,0.0015648133071133176,-0.0005341766193968973,1.5613860491675924e-05,train
2018-08-03,0.0005366378848562985,8.775761680461393e-05,1.407546199782652e-05,0.0004348048060538581,0.3425029086137785,-1.5265566588595902e-16,0.25000000999999983,0.0012218024630671219,-0.0006851645782108232,0.00010183307880244044,train
2018-08-06,-0.00010162746154022628,0.0,4.237690500203673e-05,-0.000144004366542263,0.34426018967005495,0.0005364046535347999,0.0,0.0005831983159850635,-0.0006848257775252898,4.237690500203673e-05,train
2018-08-07,0.0005182351973503453,0.0,1.4183964603724283e-05,0.0005040512327466211,0.34557797850145033,0.00043483981082607925,0.0,0.0010042321465770626,-0.00048599694922671745,1.4183964603724283e-05,train
2018-08-08,-4.722594092048199e-05,8.775138286977661e-05,1.283719426593056e-05,-0.00014781451805618917,0.31237172713764383,2.636779683484747e-16,0.2500000099999996,-0.00021139033649191768,0.00016416439557143553,0.00010058857713570716,train
2018-08-09,-3.821117630949518e-05,0.0,1.2825597111366787e-05,-5.1036773420861966e-05,0.31204229678729334,-4.723292263190959e-05,0.0,-0.0004524732067399861,0.00041426203043049085,1.2825597111366787e-05,train
2018-08-10,0.00015756425291253966,0.0,1.2792201050025348e-05,0.00014477205186251433,0.3111914437573284,-8.54484599550967e-05,0.0,-0.0009732557441469109,0.0011308199970594503,1.2792201050025348e-05,train
2018-08-13,0.0003054876707250567,8.775595932043292e-05,4.281045898545859e-05,0.00017492125241916522,0.3472403895487199,1.5612511283791264e-16,0.2500000099999994,-0.0007055607862726753,0.0010110484569977318,0.0001305664183058915,train
2018-08-14,-0.0008635846949389354,0.0,1.4184571938886391e-05,-0.0008777692668778218,0.3454633514233536,0.00030543424378476694,0.0,0.0008422717795499066,-0.0017058564744888425,1.4184571938886391e-05,train
2018-08-15,0.00011418241388510175,0.0,1.4337364218029846e-05,9.98450496670719e-05,0.3483172218298388,-0.0005586408088874388,0.0,-0.0015164834360662492,0.0016306658499513518,1.4337364218029846e-05,train
2018-08-16,-1.2065865732610993e-05,8.777426521515461e-05,1.4586840026176034e-05,-0.00011442697097394164,0.35494644063695024,4.336808689942018e-17,0.25000000999999933,0.001543896780376938,-0.0015559626461095484,0.00010236110524133064,train
2018-08-17,-0.0004295358908996409,0.0,1.4716411321323269e-05,-0.00044425230222096414,0.3580872749056485,-1.2067246551034083e-05,0.0,0.00045503199147772566,-0.0008845678823773662,1.4716411321323269e-05,train
2018-08-20,-9.051187793562002e-05,0.0,4.438706564860444e-05,-0.00013489894358422448,0.359586621964159,-0.0004417994078547323,0.0,0.0007000102490002687,-0.0007905221269358887,4.438706564860444e-05,train
2018-08-21,0.0013160716008018265,8.775017846923053e-05,1.5460525761804825e-05,0.0012128608965707912,0.3762061268705844,2.7929047963226594e-16,0.2500000099999993,0.001387134503302931,-7.10629025011047e-05,0.00010321070423103535,train
2018-08-22,1.3632979739796095e-05,0.0,1.544763072106552e-05,-1.8146509812694256e-06,0.3772068248685857,0.0013144773226580232,0.0,-0.00024856028543947836,0.0002621932651792746,1.544763072106552e-05,train
2018-08-23,-0.0003763613031770489,0.0,1.5426108582684e-05,-0.0003917874117597329,0.3766967548911029,0.0013281127124588534,0.0,-0.0005056985476898733,0.00012933724451282417,1.5426108582684e-05,train
2018-08-24,-0.00011927893325296997,8.775162053326814e-05,1.5680666478010315e-05,-0.00022271122026424844,0.381562884298251,-3.469446951953614e-17,0.2500000099999993,0.0014188900709953313,-0.001538169004248301,0.00010343228701127845,train
2018-08-27,0.0012363710734780808,0.0,4.743183758545172e-05,0.0011889392358926292,0.38460559935584765,-0.00011930550392737303,0.0,0.001874728390296443,-0.0006383573168183612,4.743183758545172e-05,train
2018-08-28,-0.0002353393979398529,0.0,1.5844242411687657e-05,-0.00025118364035154055,0.38665897104138147,0.001115739023648473,0.0,-0.00019941261723888324,-3.59267807009697e-05,1.5844242411687657e-05,train
2018-08-29,-0.0006331645254108164,8.773905773243259e-05,1.5157883197569962e-05,-0.0007360614663408189,0.36884182447420233,-8.673617379884035e-17,0.2500000099999999,0.000166440803396346,-0.0007996053288071624,0.00010289694093000255,train
2018-08-30,0.0003128150046496238,0.0,1.5234817945936041e-05,0.00029758018670368775,0.3700802724343978,-0.0006336309167125805,0.0,-0.0012235601831206862,0.00153637518777031,1.5234817945936041e-05,train
2018-08-31,-0.0003352510172737129,0.0,1.5104045868453072e-05,-0.000350355063142166,0.36721106232701983,-0.00032072047200501497,0.0,-2.7571642515036683e-06,-0.0003324938530222091,1.5104045868453072e-05,train
2018-09-04,-0.0010364527751007453,8.774868764371659e-05,6.830167446061992e-05,-0.0011925031372050819,0.4155018529687712,-1.3877787807814457e-17,0.2500000099999997,-0.0006220975752383901,-0.0004143551998623552,0.0001560503621043365,train
2018-09-05,0.00156708016425804,0.0,1.7129902669598002e-05,0.0015499502615884421,0.41578994140293646,-0.00103769022394826,0.0,4.549690150871154e-05,0.00152158326274933,1.7129902669598002e-05,train
2018-09-06,-0.001466751554718935,0.0,1.6978525162047508e-05,-0.0014837300798809824,0.4136726829585322,0.0005285706820428934,0.0,-0.0013997886492949098,-6.69629054240243e-05,1.6978525162047508e-05,train
2018-09-07,-0.0008727097898254576,8.774494041090214e-05,1.807150703822383e-05,-0.0009785262372745834,0.4397400045967804,5.134781488891349e-16,0.2500000099999994,-0.0007709470502411629,-0.00010176273958429458,0.00010581644744912596,train
2018-09-10,0.00018753135320843242,0.0,5.429274016778245e-05,0.00013323861304064997,0.439500883431867,-0.0008735645957017903,0.0,0.00078729818511714,-0.0005997668319087075,5.429274016778245e-05,train
2018-09-11,-0.0010325580789620808,0.0,1.8144458417446067e-05,-0.0010507025373795269,0.44082921297596817,-0.0006859418485528311,0.0,-0.0006469916424372867,-0.00038556643652479434,1.8144458417446067e-05,train
2018-09-12,-0.0005464923357303547,8.774852224251422e-05,1.8902492205200442e-05,-0.0006531433501780694,0.4599606436598774,-4.85722573273506e-17,0.2500000099999997,8.194806769682186e-05,-0.0006284404034271766,0.00010665101444771466,train
2018-09-13,0.0003731342492633445,0.0,1.89665327058113e-05,0.0003541677165575332,0.46097211300122565,-0.0005468495068493432,0.0,0.001202249051620517,-0.0008291148023571718,1.89665327058113e-05,train
2018-09-14,0.00043467224762759875,0.0,1.9027940045846018e-05,0.0004156443075817527,0.46283955402722105,-0.00017365375503210906,0.0,0.0006093063731378606,-0.00017463412551026143,1.9027940045846018e-05,train
2018-09-17,0.00014560345341712325,8.775918985736933e-05,4.942612411347828e-05,8.418139446275639e-06,0.4009007844759904,-1.1102230246251565e-16,0.2500000099999994,-0.0010716095548669825,0.0012172130082841069,0.0001371853139708476,train
2018-09-18,-0.00024165847569606466,0.0,1.6375191951052985e-05,-0.0002580336676471177,0.39860860637000645,0.00014560222771715925,0.0,0.0010791694106454192,-0.001320827886341484,1.6375191951052985e-05,train
2018-09-19,0.00046255180440311493,0.0,1.6488007608265992e-05,0.0004460637967948489,0.4011121040943505,-9.60810401220806e-05,0.0,0.0005664112083542813,-0.00010385940395116623,1.6488007608265992e-05,train
2018-09-20,0.0002670229323182969,8.773686138384434e-05,1.5227922189512179e-05,0.00016405814874494038,0.3705461066114627,-3.469446951953614e-16,0.2500000099999994,0.0014866587427382696,-0.001219635810419972,0.00010296478357335652,train
2018-09-21,-0.00012329024414907974,0.0,1.532565193064073e-05,-0.0001386158960797205,0.3731911761111401,0.0002669791322157597,0.0,0.0001345822637711777,-0.00025787250792025753,1.532565193064073e-05,train
2018-09-24,0.00018121394227925452,0.0,4.604692362945574e-05,0.00013516701864979878,0.3736354226917552,0.00014370880839193606,0.0,-0.0005363380677717251,0.0007175520100509798,4.604692362945574e-05,train
2018-09-25,-0.00020932972125240178,8.774305413766887e-05,1.4434564460363256e-05,-0.00031150733985043386,0.3512410685355052,-7.528699885739343e-16,0.2500000099999995,-0.0005548190361107001,0.0003454893148582983,0.00010217761859803213,train
2018-09-26,-0.0002711222583503593,0.0,1.4410657103780003e-05,-0.00028553291545413927,0.35044992790932994,-0.00020939494931679348,0.0,-0.0008583135716860612,0.0005871913133357017,1.4410657103780003e-05,train
2018-09-27,0.00016315678231275475,0.0,1.436649691180187e-05,0.0001487902854009529,0.3491041037368452,-0.0004806544503336875,0.0,0.0002680054300313517,-0.0001048486477185969,1.436649691180187e-05,train
2018-09-28,-0.00015549184221194188,8.774523164035975e-05,1.5507907137419946e-05,-0.00025874498098972157,0.37735907367721894,2.5673907444456745e-16,0.2500000099999993,-6.0814168575878236e-05,-9.467767363606375e-05,0.0001032531387777797,train
2018-10-01,0.0003603555073516913,0.0,4.6559113529005464e-05,0.0003137963938226858,0.3774906109832418,-0.00015553208535815793,0.0,0.00046976712058101046,-0.00010941161322931927,4.6559113529005464e-05,train
2018-10-02,0.0002221707417789911,0.0,1.5523825924408997e-05,0.0002066469158545821,0.3779511899965902,0.0002047591693046108,0.0,-0.00020928882912378625,0.00043145957090277756,1.5523825924408997e-05,train
2018-10-03,0.00023010684423429713,8.775653765917009e-05,1.4917356713874708e-05,0.00012743294986125234,0.36298901337095113,-6.938893903907228e-17,0.25000000999999933,0.0003169760330185718,-8.686918878427478e-05,0.0001026738943730448,train
2018-10-04,-0.00041389438910478175,0.0,1.4922595016896855e-05,-0.0004288169841216786,0.3633465562692667,0.00023007752477654728,0.0,-0.0011444239330495355,0.000730529543944754,1.4922595016896855e-05,train
2018-10-05,-0.00017152831747251353,0.0,1.4868927541402443e-05,-0.000186397245013916,0.36162667445218893,-0.00018389572193711762,0.0,-0.0009821915451221869,0.0008106632276496726,1.4868927541402443e-05,train
2018-10-08,-0.0009852251736774563,8.775152766651582e-05,4.698278631065406e-05,-0.0011199594876546261,0.38108260007530514,2.7755575615628914e-17,0.2500000099999999,-0.0007787551182347713,-0.0002064700554426849,0.00013473431397716988,train
2018-10-09,0.00015125637996137758,0.0,1.5695477210376282e-05,0.0001355609027510013,0.3809369489627021,-0.0009863298231207913,0.0,-0.0005819185914183408,0.0007331749713797183,1.5695477210376282e-05,train
2018-10-10,-0.0010102669076725035,0.0,1.5633097017080097e-05,-0.0010259000046895835,0.37957040049375557,-0.000834960255193461,0.0,-0.006131504218013967,0.005121237310341457,1.5633097017080097e-05,train
2018-10-11,0.0010993417876524925,8.775818928080016e-05,1.6080135680195556e-05,0.0009955034626914969,0.39128330155142493,-2.6107588313450947e-16,0.25000000999999955,-0.0029146011377567415,0.004013942925409232,0.00010383832496099573,train
2018-10-12,0.002769820396117322,0.0,1.5734558755313796e-05,0.0027540858373620086,0.383972511523459,0.001098248477489996,0.0,0.003974206146214029,-0.0012043857500967068,1.5734558755313796e-05,train
2018-10-15,-0.0013047460828187613,0.0,4.7370186534883435e-05,-0.0013521162693536446,0.38808229147708173,0.0038574451385827444,0.0,-0.0013602819970583977,5.5535914239636906e-05,4.7370186534883435e-05,train
2018-10-16,0.0013491719096072642,8.77655286437471e-05,1.7016721443472218e-05,0.001244389659520045,0.41407355512449096,3.642919299551295e-16,0.2500000099999996,0.005060383202124904,-0.0037112112925176345,0.00010478225008721931,train
2018-10-17,2.4906274381554093e-05,0.0,1.730022428839879e-05,7.606050093155303e-06,0.4223196194516754,0.0013474951006381426,0.0,-0.0004986608303128215,0.0005235671046943757,1.730022428839879e-05,train
2018-10-18,8.027240532746034e-05,0.0,1.725706011762047e-05,6.301534520983986e-05,0.42129418713197697,0.0013723909365454812,0.0,-0.0029339403905446182,0.0030142127958720784,1.725706011762047e-05,train
2018-10-19,-0.0011941335898374979,8.776723249802162e-05,1.5493976263014303e-05,-0.0012973947985985338,0.37702008906668155,1.5785983631388945e-16,0.2500000099999995,-0.001445172723417377,0.00025103913357987854,0.00010326120876103592,train
2018-10-22,0.00044010161634358113,0.0,4.648033206977261e-05,0.0003936212842738085,0.37581145303410446,-0.0011956848651621596,0.0,-0.000777394854562521,0.0012174964709061019,4.648033206977261e-05,train
2018-10-23,-0.00029671335337127147,0.0,1.5387319043885776e-05,-0.00031210067241515724,0.37366947744902845,-0.0007552859521920826,0.0,-0.0010333798549796455,0.0007366665016083741,1.5387319043885776e-05,train
2018-10-24,-0.0002330512857426101,8.776531095168368e-05,1.4845894169673586e-05,-0.00033566249086396734,0.36125009146205733,5.074066167232161e-17,0.25000000999999994,-0.0057901541693219085,0.005557102883579295,0.00010261120512135727,train
2018-10-25,-0.0002882531909621915,0.0,1.4393977505804627e-05,-0.00030264716846799614,0.35002032310266173,-0.000233129538584178,0.0,0.0023746212077751815,-0.0026628743987373747,1.4393977505804627e-05,train
2018-10-26,0.0004228393947429721,0.0,1.4617267769443102e-05,0.000408222126973529,0.3551653084841251,-0.0005215405723238294,0.0,-0.002660690413339703,0.003083529808082675,1.4617267769443102e-05,train
2018-10-29,-0.0005563807887490094,8.778410197858236e-05,4.1364965272207995e-05,-0.0006855298559997997,0.33551582943013053,-1.0321604682062002e-15,0.25000000999999983,-0.0007883497070027747,0.00023196891825376544,0.00012914906725079034,train
2018-10-30,0.00039825609114273923,0.0,1.3778701530191912e-05,0.00038447738961254734,0.33472497476862667,-0.0005567624660432185,0.0,0.0037388258220653822,-0.0033405697309226417,1.3778701530191912e-05,train
2018-10-31,0.0005243773380121212,0.0,1.4047867817788035e-05,0.0005103294701943332,0.3416730047766371,-0.00015844545620508077,0.0,0.0018884682752299917,-0.00136409093721787,1.4047867817788035e-05,train
2018-11-01,0.0021388517742184396,8.778301697893892e-05,1.4891912941144965e-05,0.002036176844298356,0.3623698815678609,4.683753385137379e-17,0.2500000099999997,0.004273321421956295,-0.002134469647737857,0.00010267492992008389,train
2018-11-02,-0.0007343279578262001,0.0,1.503673135839697e-05,-0.0007493646891845971,0.36802830193111646,0.0021345055434568716,0.0,-0.0009640965570613397,0.00022976859923513996,1.503673135839697e-05,train
2018-11-05,0.0008111532588560286,0.0,4.5087325653921436e-05,0.0007660659332021072,0.3671095356979349,0.0014012276161277128,0.0,0.0014081876679316694,-0.0005970344090756397,4.5087325653921436e-05,train
2018-11-06,0.0002329756658783599,8.77831271898675e-05,1.28101236776218e-05,0.0001323824150108706,0.31171300948879727,1.5265566588595902e-16,0.25000000999999983,0.0009667350233873172,-0.000733759357508957,0.00010059325086748929,train
2018-11-07,0.00061185270151175,0.0,1.2868729072477474e-05,0.0005989839724392725,0.31337201892503147,0.0002329448280796089,0.0,0.0031551841021707407,-0.002543331400658993,1.2868729072477474e-05,train
2018-11-08,-0.0004257559890133628,0.0,1.3069941324144058e-05,-0.00043882593033750685,0.3188795306998331,0.0008442918123277143,0.0,-0.0007215722769448703,0.0002958162879315078,1.3069941324144058e-05,train
2018-11-09,-0.00014808048352556267,8.780664981680192e-05,1.3781818044935462e-05,-0.0002496689513873001,0.3353575724267638,9.315465065995454e-16,0.2500000099999996,-0.0017071862690377598,0.0015591057855121973,0.00010158846786173738,train
2018-11-12,-0.0008640567010514779,0.0,4.0971246339914096e-05,-0.000905027947391392,0.3321742139598911,-0.0001481174638565154,0.0,-0.003668639628614213,0.002804582927562736,4.0971246339914096e-05,train
2018-11-13,0.00035128017877441545,0.0,1.343873087504496e-05,0.0003378414478993705,0.3259960269188143,-0.0010130910406129946,0.0,0.0003953123327388431,-4.403215396442789e-05,1.343873087504496e-05,train
2018-11-14,-0.000540530251522615,8.780171439058114e-05,1.4562271392331045e-05,-0.0006428942373055272,0.3543486038800552,-2.5673907444456745e-16,0.2500000099999997,-0.0012429614459845391,0.0007024311944619243,0.00010236398578291218,train
2018-11-15,5.963551245844842e-05,0.0,1.4513868203782577e-05,4.512164425466584e-05,0.35262991497985086,-0.0005408779788585736,0.0,0.0018415744648727739,-0.001781938952414325,1.4513868203782577e-05,train
2018-11-16,-0.0006306870830751788,0.0,1.4659667471296922e-05,-0.0006453467505464758,0.35623735438196324,-0.0004812207529285035,0.0,-0.00015226329178796527,-0.00047842379128721333,1.4659667471296922e-05,train
2018-11-19,-0.0015013483937039646,8.783156216757599e-05,4.8759905599344055e-05,-0.0016379398614708846,0.3954970120835686,-3.469446951953614e-18,0.25000000999999933,-0.004479219254015822,0.0029778708603118605,0.00013659146776692004,train
2018-11-20,-0.0013286750156037007,0.0,1.6034809410886473e-05,-0.0013447098250145872,0.38867655078499064,-0.0015038115465802575,0.0,-0.003816157083755479,0.002487482068151777,1.6034809410886473e-05,train
2018-11-21,4.1985753011149446e-05,0.0,1.5851674732698487e-05,2.613407827845096e-05,0.3828877845989116,-0.0028363005634182807,0.0,0.0009766279036679583,-0.0009346421506568083,1.5851674732698487e-05,train
2018-11-23,-0.0003059303224494755,8.781946448681809e-05,3.05576524621379e-05,-0.00042430743939843145,0.3717847716226771,-6.036837696399289e-16,0.2500000099999997,-0.0007801951128394654,0.0004742647903899895,0.000118377116948956,train
2018-11-26,-0.0001141186024484122,0.0,4.573894406433371e-05,-0.0001598575465127459,0.37068759722464284,-0.00030606018606393025,0.0,0.0028451055869998117,-0.0029592241894482235,4.573894406433371e-05,train
2018-11-27,0.0007790218843688947,0.0,1.5492015109619244e-05,0.0007635298692592754,0.3765521216993999,-0.00042024596800170795,0.0,0.0007437741924798855,3.5247691889009156e-05,1.5492015109619244e-05,train
2018-11-28,0.0009757456329681806,8.781932606917438e-05,1.5056608749434417e-05,0.0008728696981495718,0.36637747956957073,-1.4224732503009818e-16,0.2500000099999996,0.00457196948055092,-0.003596223847582741,0.0001028759348186088,train
2018-11-29,0.0012169964430330579,0.0,1.5338800017959842e-05,0.001201657643015098,0.3742190284473018,0.0009748946769456476,0.0,7.46169524515578e-05,0.0011423794905815001,1.5338800017959842e-05,train
2018-11-30,8.334906920240057e-06,0.0,1.522660864260193e-05,-6.8917017223618725e-06,0.3727034040151592,0.0021892603785123137,0.0,0.001114774662041147,-0.0011064397551209069,1.522660864260193e-05,train
2018-12-03,0.0012766106813525307,8.783003683820557e-05,4.3772007131833976e-05,0.001145008637382491,0.35503961340265333,-9.540979117872439e-18,0.25000000999999983,0.003274212348619553,-0.001997601667267021,0.00013160204397003956,train
2018-12-04,3.915714835493815e-05,0.0,1.4737980367531764e-05,2.4419167987406386e-05,0.35989933956614834,0.0012751506228753685,0.0,-0.0062703188126898325,0.006309475961044773,1.4737980367531764e-05,train
2018-12-06,-3.758727650577274e-05,0.0,2.843809216993089e-05,-6.602536867570362e-05,0.34731106374520426,0.0013142756777117445,0.0,0.00011540382141636936,-0.000152991097922142,2.843809216993089e-05,train
2018-12-07,-9.150423693120546e-05,8.784211418828046e-05,1.5160666899254725e-05,-0.00019450701801874062,0.36890956121519686,-1.43158054854986e-15,0.2500000099999993,-0.004754227928245597,0.004662723691314388,0.00010300278108753519,train
2018-12-10,-0.000408964073209032,0.0,4.434091262544614e-05,-0.00045330498583447815,0.3595625470344518,-9.152203861144707e-05,0.0,-0.0002820338349438914,-0.00012693023826514062,4.434091262544614e-05,train
2018-12-11,-0.0008811390242553275,0.0,1.4797444586213751e-05,-0.0008959364688415413,0.35957043851030845,-0.0005007130875595506,0.0,-0.0007624212527158798,-0.00011871777153944765,1.4797444586213751e-05,train
2018-12-12,2.6860046343566758e-05,8.782527174871012e-05,1.718949932791316e-05,-7.815472473305651e-05,0.4182778169792194,-7.719519468096792e-16,0.25000000999999994,0.0017137323485317928,-0.0016868723021882255,0.00010501477107662327,train
2018-12-13,-0.0005512745761167193,0.0,1.7329500748809957e-05,-0.0005686040768655292,0.42171138036678874,2.686214574639835e-05,0.0,-0.0010116700690748185,0.00046039549295809974,1.7329500748809957e-05,train
2018-12-14,0.0003940151843250597,0.0,1.7301497725503952e-05,0.0003767136865995558,0.4204784005375354,-0.0005247107830607398,0.0,-0.0032968081304139965,0.0036908233147390558,1.7301497725503952e-05,train
2018-12-17,0.0004327445794358572,8.783908488137943e-05,4.8484876943580956e-05,0.0002964206176108968,0.3932662240979332,-1.2542050731312315e-15,0.25000000999999955,-0.00402270506916885,0.004455449648604706,0.00013632396182496038,train
2018-12-18,-0.0007415902175753701,0.0,1.5790743604907213e-05,-0.0007573809611802774,0.38467404406243977,0.00043261634303102744,0.0,-0.0005469679124820472,-0.00019462230509332333,1.5790743604907213e-05,train
2018-12-19,-0.0002995685865367628,0.0,1.5818720756681836e-05,-0.00031538730729344463,0.3846129970164138,-0.0003092080628441991,0.0,-0.0032786870727272216,0.002979118486190456,1.5818720756681836e-05,train
2018-12-20,-0.00020951698839999784,8.784877233917473e-05,1.5355674681003778e-05,-0.00031272143542017633,0.37365475057109193,-7.589415207398531e-17,0.2500000099999997,-0.002784214087162803,0.002574697098762807,0.0001032044470201785,train
2018-12-21,0.00028413135315669667,0.0,1.5148793093700584e-05,0.0002689825600629961,0.36841104941736474,-0.00020958252934949852,0.0,-0.003090391612912527,0.0033745229660692238,1.5148793093700584e-05,train
2018-12-24,0.00024225494725129977,0.0,4.4602307882125845e-05,0.0001976526393691739,0.36184880382077556,7.452877686600092e-05,0.0,-0.004435985197236431,0.004678240144487731,4.4602307882125845e-05,train
2018-12-26,-0.00022187761472343832,8.785354489328432e-05,2.778935719005765e-05,-0.0003375205168067803,0.33810384581236574,-2.2898349882893854e-15,0.25000000999999994,0.008094123601930972,-0.008316001216654406,0.00011564290208334197,train
2018-12-27,-0.0007439673966209205,0.0,1.4583107642370987e-05,-0.0007585505042632915,0.3546336667694363,-0.00022195252825777702,0.0,0.001317447710252977,-0.0020614151068738956,1.4583107642370987e-05,train
2018-12-28,0.0008701884630525221,0.0,1.4763738061969877e-05,0.0008554247249905523,0.35828430632779773,-0.0009666531801359422,0.0,0.00045007755209258964,0.0004201109109599323,1.4763738061969877e-05,train
2018-12-31,-0.00030802672922762656,8.784081706344103e-05,4.491511647370267e-05,-0.0004407826627647703,0.3643115002866995,1.3010426069826053e-17,0.25000000999999966,0.0014867576202367654,-0.001794784349464393,0.00013275593353714372,train
2019-01-02,0.0008003624772457328,0.0,3.025177848569032e-05,0.0007701106987600425,0.36775514234728995,-0.00030816256194223,0.0,0.0005685078601354465,0.0002318546171102864,3.025177848569032e-05,train
2019-01-03,0.0007364471870222018,0.0,1.5095207718009433e-05,0.0007213519793041923,0.367808542296797,0.00049182115856742,0.0,-0.003848526208318534,0.004584973395340737,1.5095207718009433e-05,train
2019-01-04,0.001062310255835236,8.785915560248497e-05,1.3259681599524498e-05,0.0009611914186332265,0.3226522522550962,6.982261990806649e-17,0.2500000099999996,0.006183408433212701,-0.005121098177377466,0.00010111883720200946,train
2019-01-07,-0.0014145762926161863,0.0,4.100237020907251e-05,-0.0014555786628252588,0.333636070737547,0.001061290152847708,0.0,0.001699598542984667,-0.0031141748356008528,4.100237020907251e-05,train
2019-01-08,0.00042763249620358305,0.0,1.3943712482256084e-05,0.000413688783721327,0.33894320260976096,-0.00035380112513712283,0.0,0.002014472156086091,-0.0015868396598825078,1.3943712482256084e-05,train
2019-01-09,0.0002275333802313601,8.786841747911102e-05,1.5009672416367115e-05,0.00012465529033588196,0.3652353621315999,1.231653667943533e-16,0.25000000999999955,0.0010496321630146413,-0.0008220987827832813,0.00010287808989547813,train
2019-01-10,-0.0007828196271347416,0.0,1.5075362955589458e-05,-0.0007978949900903311,0.3670613369398706,0.0002275050205271089,0.0,0.0008069090612378753,-0.001589728688372618,1.5075362955589458e-05,train
2019-01-11,-0.00040444912413171926,0.0,1.5218168087585931e-05,-0.0004196672922193052,0.3697529987547583,-0.0005557580431659829,0.0,-4.656455450879342e-05,-0.0003578845696229258,1.5218168087585931e-05,train
2019-01-14,0.0001157728132601597,8.786746933481812e-05,5.197550385063775e-05,-2.4070159925296176e-05,0.4215790867885064,1.734723475976807e-16,0.2500000099999997,-0.0010960081663166066,0.001211780979576766,0.00013984297318545588,train
2019-01-15,0.000535667526613634,0.0,1.7225984145728302e-05,0.0005184415424679057,0.41928138981271956,0.00011577559999754322,0.0,0.001932539372604231,-0.0013968718459905964,1.7225984145728302e-05,train
2019-01-16,-0.00019085909601051837,0.0,1.7331810000020095e-05,-0.00020819090601053845,0.42239181556692595,0.0006511055664370005,0.0,0.0003509764157087265,-0.0005418355117192445,1.7331810000020095e-05,train
2019-01-17,0.00018204304527307078,8.783567309752364e-05,1.640380876981592e-05,7.780356340573122e-05,0.39915934673218745,1.231653667943533e-16,0.25000000999999994,0.0017871614580419499,-0.0016051184127688783,0.00010423948186733956,train
2019-01-18,-0.0003794688742246782,0.0,1.6534449871472487e-05,-0.0003960033240961507,0.4025203090886081,0.0001820288827774773,0.0,0.002534470678853185,-0.0029139395530778634,1.6534449871472487e-05,train
2019-01-22,-0.00023909574138577356,0.0,6.712238769883954e-05,-0.0003062181290846131,0.4081303402919592,-0.00019751820931466785,0.0,-0.002847497844093735,0.0026084021027079633,6.712238769883954e-05,train
2019-01-23,0.00021692799844019365,8.78596739960952e-05,1.671448063190853e-05,0.00011235384381218993,0.40671902870977444,1.214306433183765e-16,0.2500000099999997,0.000222946895265477,-6.018896825283291e-06,0.00010457415462800373,train
2019-01-24,0.0011817673416294385,0.0,1.6713097555004874e-05,0.0011650542440744336,0.4069022774669359,0.00021690362848392555,0.0,0.0013292671867533913,-0.00014749984512395237,1.6713097555004874e-05,train
2019-01-25,-0.0004766531444777951,0.0,1.6705757716019042e-05,-0.0004933589021938141,0.407903814428639,0.001397043338842282,0.0,0.0021002779394023352,-0.0025769310838801305,1.6705757716019042e-05,train
2019-01-28,-0.0005997535639738392,8.785984250950475e-05,5.073576711202995e-05,-0.0007383491735953739,0.4115234443531317,-7.45931094670027e-17,0.2500000099999993,-0.0017413848629507565,0.0011416312989769172,0.00013859560962153471,train
2019-01-29,0.0011372820414040962,0.0,1.683051645909045e-05,0.0011204515249450058,0.40894237045247583,-0.0006001967187251748,0.0,0.0009004648565493825,0.00023681718485471344,1.683051645909045e-05,train
2019-01-30,0.0006030583799448955,0.0,1.6792237145221406e-05,0.0005862661427996741,0.4091475880851728,0.0005364842181186198,0.0,0.0031023225025926075,-0.0024992641226477133,1.6792237145221406e-05,train
2019-01-31,0.0011150412981869302,8.784878695102862e-05,1.5957753064779914e-05,0.0010112347581711218,0.3883053245763113,2.0816681711721685e-17,0.25000000999999933,0.0024931017952316485,-0.0013780604970447185,0.00010380654001580853,train
2019-02-01,0.0006139024597515519,0.0,1.6054783156349754e-05,0.0005978476765952022,0.39178030500659805,0.0011139148687540172,0.0,0.0010321611667360965,-0.000418258706984545,1.6054783156349754e-05,train
2019-02-04,-3.447464328167266e-05,0.0,4.823864239268669e-05,-8.271328567435935e-05,0.39299577327035734,0.0017267849741208208,0.0,0.0013165468945855905,-0.0013510215378672627,4.823864239268669e-05,train
2019-02-05,-0.00020482544550796684,8.784665168731277e-05,1.549693362598291e-05,-0.0003081690308212625,0.3770920515655841,5.204170427930421e-18,0.2500000099999999,0.0005729660669696047,-0.0007777915124775717,0.00010334358531329568,train
2019-02-06,-0.00011081480777241183,0.0,1.5565658549410883e-05,-0.0001263804663218227,0.37855946944984,-0.00020488858582487154,0.0,-0.0003450622083175053,0.00023424740054509322,1.5565658549410883e-05,train
2019-02-07,-9.430433198265423e-05,0.0,1.5548370348702386e-05,-0.00010985270233135661,0.378027935187709,-0.00031574329738244186,0.0,-0.001518405498835907,0.001424101166853253,1.5548370348702386e-05,train
2019-02-08,0.0004088860598327786,8.784971350096522e-05,1.547417400156702e-05,0.00030556217233024637,0.376538234038131,9.71445146547012e-17,0.25000000999999944,0.00029159664130342717,0.00011728941852935139,0.00010332388750253224,train
2019-02-11,0.0005749995300797905,0.0,4.637942952692191e-05,0.0005286201005528686,0.37659746732069654,0.0004087611578855125,0.0,0.0006798190168387215,-0.0001048194867589309,4.637942952692191e-05,train
2019-02-12,0.0007642320197458416,0.0,1.5460252542335356e-05,0.0007487717672035062,0.37718271945720794,0.000983240927047574,0.0,0.002598288269239395,-0.0018340562494935542,1.5460252542335356e-05,train
2019-02-13,0.00038672855607772036,8.784729712704973e-05,1.4232378733106885e-05,0.00028464888021756374,0.34632121583893427,4.5102810375396984e-17,0.25000000999999944,0.0007202167634146007,-0.0003334882073368801,0.00010207967586015661,train
2019-02-14,0.0002254363566207887,0.0,1.425573084492932e-05,0.00021118062577585937,0.3472760690654999,0.00038661850555310115,0.0,-2.8391616473213023e-05,0.00025382797309400184,1.425573084492932e-05,train
2019-02-15,0.00045568100488411236,0.0,1.4231862778110867e-05,0.0004414491421060015,0.3469205865693665,0.0006119256353352871,0.0,0.002098583034263817,-0.0016429020293797043,1.4231862778110867e-05,train
2019-02-19,-0.00012585632701018833,8.783268640851295e-05,5.240756277356417e-05,-0.00026609657619226546,0.31881267353918274,6.487865800153259e-16,0.2500000099999997,0.0003302785870194374,-0.0004561349140296257,0.00014024024918207713,train
2019-02-20,-0.0003093988346863093,0.0,1.3142878509242809e-05,-0.00032254171319555207,0.31968415389904725,-0.00012588982586117514,0.0,0.0003641957259869982,-0.0006735945606733073,1.3142878509242809e-05,train
2019-02-21,0.0007175791105548601,0.0,1.3202500802963959e-05,0.0007043766097518962,0.3208254237675262,-0.00043542910459685655,0.0,-0.00031755216938386763,0.0010351312799387275,1.3202500802963959e-05,train
2019-02-22,0.0001486460659922798,8.783188070099186e-05,1.3371309125097488e-05,4.744287616619046e-05,0.325368522044039,7.28583859910259e-17,0.2500000099999994,0.0012399346767384418,-0.0010912886107461621,0.00010120318982608935,train
2019-02-25,0.000515094015222427,0.0,4.038109644285819e-05,0.0004747129187795688,0.3276841990506464,0.00014863901413000868,0.0,0.00031193510527590393,0.00020315890994652294,4.038109644285819e-05,train
2019-02-26,0.00017336991954297588,0.0,1.3437288633846528e-05,0.00015993263090912936,0.32763744151981045,0.0006634180962116175,0.0,-0.0003236114346053957,0.0004969813541483715,1.3437288633846528e-05,train
2019-02-27,-0.0006292285695824241,8.781834600461814e-05,1.4179966253646693e-05,-0.0007312268818406889,0.3450458455054027,-1.5612511283791264e-16,0.2500000099999997,-0.00021660731564080698,-0.00041262125394161703,0.00010199831225826483,train
2019-02-28,0.0005507216140666746,0.0,1.4224281506325418e-05,0.0005364973325603492,0.3454944943054676,-0.0006296890151176286,0.0,9.162571999654541e-05,0.00045909589407012893,1.4224281506325418e-05,train
2019-03-01,-0.0006029894827490116,0.0,1.4178940633395416e-05,-0.000617168423382407,0.34494196368798724,-7.892505796789143e-05,0.0,0.0003102764393620743,-0.0009132659221110857,1.4178940633395416e-05,train
2019-03-04,-0.0002044043525866625,8.783273881508155e-05,4.5500079084446235e-05,-0.0003377371704861902,0.36905619701828596,-1.2750217548429532e-16,0.25000000999999994,-0.0013865069215957984,0.001182102569009136,0.00013333281789952779,train
2019-03-05,-0.0006011369543465869,0.0,1.5074625174140172e-05,-0.0006162115795207272,0.3666114058265529,-0.0002044734108580179,0.0,-0.0010514629350816351,0.000450325980735049,1.5074625174140172e-05,train
2019-03-06,-0.0006658994787817203,0.0,1.504688414407847e-05,-0.0006809463629257988,0.3653347404081769,-0.000806107097732568,0.0,-0.0017065668858839364,0.001040667407102216,1.504688414407847e-05,train
2019-03-07,-0.00019909400643224382,8.78195394897641e-05,1.626887003689814e-05,-0.0003031824159589061,0.39587583756452144,3.9898639947466563e-17,0.25000000999999983,-0.0015653198820033995,0.0013662258755711555,0.00010408840952666224,train
2019-03-08,0.00016335591135172142,0.0,1.616147737493596e-05,0.00014719443397678546,0.3930634617369015,-0.00019915438654026507,0.0,-0.000347344658600584,0.0005107005699523052,1.616147737493596e-05,train
2019-03-11,-0.00041957147656435567,0.0,4.835138890155308e-05,-0.00046792286546590875,0.39214769455041393,-3.579320662775928e-05,0.0,0.0027008984345874222,-0.003120469911151778,4.835138890155308e-05,train
2019-03-12,-0.0003370556183749299,8.783357352784575e-05,1.7508689880065525e-05,-0.00044239788178284116,0.4260447870815946,2.3071822230491534e-16,0.2500000099999993,0.00042881837751913274,-0.0007658739958940626,0.00010534226340791128,train
2019-03-13,-0.000297255899162875,0.0,1.757941552386399e-05,-0.000314835314686739,0.42742857295029446,-0.000337204797062644,0.0,0.0014605859276099243,-0.0017578418267727995,1.757941552386399e-05,train
2019-03-14,0.00017302926055042038,0.0,1.772947753965013e-05,0.00015529978301077025,0.4307826262883863,-0.0006346605097668316,0.0,-7.960094296160855e-05,0.0002526302035120292,1.772947753965013e-05,train
2019-03-15,0.0002098031619344214,8.782156923770141e-05,1.6305832683889855e-05,0.00010567576001283014,0.3967752619746532,3.9898639947466563e-17,0.2500000099999995,0.0011012503846159548,-0.000891447222681534,0.00010412740192159127,train
2019-03-18,-0.00034546013211928157,0.0,4.913211488231119e-05,-0.00039459224700159277,0.39872582392747036,0.00020978099316856964,0.0,0.0006669747985438263,-0.0010124349306631076,4.913211488231119e-05,train
2019-03-19,0.00027077705968491374,0.0,1.64670832407321e-05,0.0002543099764441816,0.4005632928264601,-0.00013573269802101204,0.0,-3.634736237787943e-05,0.00030712442206279333,1.64670832407321e-05,train
2019-03-20,-0.00023826631169129894,8.779449473048353e-05,1.629319634343734e-05,-0.0003423540027652198,0.39646777769030883,1.448494102440634e-16,0.2500000099999998,-0.0012786710118863397,0.0010404047001950404,0.00010408769107392088,train
2019-03-21,-0.0004768908865273061,0.0,1.6213234294011142e-05,-0.0004931041208213172,0.39428368657655194,-0.00023834791105254056,0.0,0.002401749003303075,-0.0028786398898303827,1.6213234294011142e-05,train
2019-03-22,-3.2175583539384954e-05,0.0,1.6457950316022413e-05,-4.863353385540737e-05,0.39976119936443644,-0.0007155916587756172,0.0,-0.004357384134765329,0.004325208551225944,1.6457950316022413e-05,train
2019-03-25,0.0002259685833337098,8.778514683290128e-05,4.9026327069695954e-05,8.915710943111256e-05,0.39765798623197834,-1.734723475976807e-17,0.2500000099999993,-7.91823875122458e-05,0.0003051509708459558,0.00013681147390259723,train
2019-03-26,0.000583551024247114,0.0,1.6315573472149134e-05,0.0005672354507749649,0.39723823626071963,0.00022594843842404372,0.0,0.001872828475971862,-0.001289277451724748,1.6315573472149134e-05,train
2019-03-27,-0.00035402429971871245,0.0,1.6412231882130052e-05,-0.0003704365316008425,0.40017334967802354,0.0008090405461922481,0.0,-0.0012131703682532798,0.0008591460685345679,1.6412231882130052e-05,train
2019-03-28,0.00015740479699821256,8.777637397613594e-05,1.6474900299917884e-05,5.315352272215873e-05,0.4008892406313355,3.4867941867133823e-16,0.2500000099999993,0.000987357677910763,-0.000829952880912551,0.00010425127427605383,train
2019-03-29,0.0006522371893226487,0.0,1.6542236327063884e-05,0.0006356949529955848,0.40268514705604497,0.00015739643082379566,0.0,0.0018717003186327374,-0.0012194631293100892,1.6542236327063884e-05,train
2019-04-01,0.0014471300735453795,0.0,4.989568008791747e-05,0.001397234393457462,0.40551852442466474,0.0008091192671119702,0.0,0.003298918649832086,-0.0018517885762867046,4.989568008791747e-05,train
2019-04-02,0.000422746219269202,8.777873001975969e-05,1.4973245507973672e-05,0.0003199942437414686,0.36434897402735966,3.2526065174565133e-16,0.25000000999999983,0.00021900477269646328,0.00020374144657273892,0.00010275197552773336,train
2019-04-03,-0.0004153953316516047,0.0,1.4951715172863247e-05,-0.00043034704682446795,0.3642476801925256,0.00042261098618660495,0.0,0.0005454942531327537,-0.0009608895847843585,1.4951715172863247e-05,train
2019-04-04,-0.0004683070030003628,0.0,1.5037163597956903e-05,-0.0004833441665983197,0.36591153297805884,7.2187611075240354e-06,0.0,0.00020198600267208236,-0.000670293005672445,1.5037163597956903e-05,train
2019-04-05,-0.0005978480235220178,8.776743235632483e-05,1.5442528356028026e-05,-0.0007010579842343706,0.37576818999668193,1.3877787807814457e-17,0.25000000999999955,0.0008526784117817105,-0.0014505264353037281,0.00010320996071235286,train
2019-04-08,-0.00014193945122563067,0.0,4.6718001148337226e-05,-0.00018865745237396788,0.37833663075948964,-0.0005982674436901207,0.0,-6.58890094316675e-05,-7.605044179396325e-05,4.6718001148337226e-05,train
2019-04-09,0.0008301548587368936,0.0,1.5581857404210214e-05,0.0008145730013326834,0.3784181836023023,-0.0007403465668129241,0.0,-0.000743313477255605,0.0015734683359924996,1.5581857404210214e-05,train
2019-04-10,0.0003286433692331635,8.77642789292053e-05,1.542856184676519e-05,0.00022545052845719302,0.3754283382712863,5.724587470723463e-17,0.2500000099999997,0.0011982914874770429,-0.0008696481182438792,0.00010319284077597049,train
2019-04-11,0.00017575361740592736,0.0,1.5496546069791387e-05,0.00016025707133613597,0.37741119032470294,0.00032856929311245,0.0,0.00017693407626215985,-1.1804588562324858e-06,1.5496546069791387e-05,train
2019-04-12,-0.0006374491386374337,0.0,1.549416004509533e-05,-0.000652943298682529,0.37752880319947546,0.0005042421021558413,0.0,0.0007072250030368777,-0.0013446741416743107,1.549416004509533e-05,train
2019-04-15,0.0005174179125160053,8.776010329386909e-05,4.901541763991516e-05,0.000380642391582221,0.3975694986348677,2.2898349882893854e-16,0.2500000099999992,4.219023294961921e-06,0.0005131988892210432,0.00013677552093378426,train
2019-04-16,-0.0003420371269425102,0.0,1.62900911167757e-05,-0.00035832721805928593,0.3969094382111394,0.0005172210362640057,0.0,0.0003876471948005751,-0.0007296843217430852,1.62900911167757e-05,train
2019-04-17,-0.0020435536757811997,0.0,1.6355925944059913e-05,-0.0020599096017252594,0.3981694446771104,0.00017524670498576637,0.0,-0.0016755180614569352,-0.0003680356143242636,1.6355925944059913e-05,train
2019-04-18,0.0004979273322055856,8.775842813177292e-05,1.785033113008481e-05,0.0003923185729437279,0.43435805749873035,4.683753385137379e-17,0.25000000999999983,0.0006091472751494284,-0.00011121994294384239,0.00010560875926185773,train
2019-04-22,0.0008945982531593504,0.0,7.140987456095125e-05,0.0008231883785983991,0.43490780230845993,0.0004977320626731088,0.0,0.0006819738835292363,0.00021262436963011437,7.140987456095125e-05,train
2019-04-23,-0.00020793400759252522,0.0,1.782032318170573e-05,-0.00022575433077423094,0.4350190491965915,0.001391185108418706,0.0,0.0016566242444740207,-0.0018645582520665457,1.782032318170573e-05,train
2019-04-24,-4.328361804350098e-05,8.774731175969389e-05,1.654618746895928e-05,-0.00014757711727215415,0.40262389507800944,1.6479873021779667e-16,0.2500000099999994,8.498355881924005e-05,-0.00012826717686274114,0.00010429349922865317,train
2019-04-25,0.0002066241275525786,0.0,1.6559173731770376e-05,0.00019006495382080824,0.40289660413308814,-4.329000665772263e-05,0.0,-0.0004764439076873429,0.0006830680352399218,1.6559173731770376e-05,train
2019-04-26,1.183155816561227e-05,0.0,1.649989510173092e-05,-4.668336936118651e-06,0.4016607505581543,0.0001633030827019894,0.0,0.0009921299564934728,-0.0009802983983278613,1.649989510173092e-05,train
2019-04-29,0.0001877869926944702,8.775546182128624e-05,4.760460536209681e-05,5.242692551108715e-05,0.38612624349256286,-3.469446951953614e-17,0.2500000099999995,0.000193848800548552,-6.061807854081856e-06,0.00013536006718338305,train
2019-04-30,0.0009448518910100609,0.0,1.586786811460846e-05,0.0009289840228954525,0.3863059012702551,0.00018777714811588422,0.0,0.0012735808837681538,-0.00032872899275809223,1.586786811460846e-05,train
2019-05-01,0.0003888061067085765,0.0,1.588013454465763e-05,0.0003729259721639189,0.3875481850747448,0.0011315778214091993,0.0,-0.0013823202852937648,0.001771126392002341,1.588013454465763e-05,train
2019-05-02,0.0016164747497194884,8.777093225899862e-05,1.4613529224388434e-05,0.0015140902882361015,0.355595877793452,3.469446951953614e-17,0.25000000999999933,0.0009808392070722945,0.000635635542647194,0.00010238446148338705,train
2019-05-03,-0.00012800317458343307,0.0,1.4539271437503006e-05,-0.00014254244602093606,0.35540296927368953,0.0016140309611163868,0.0,0.001403385874179867,-0.0015313890487632996,1.4539271437503006e-05,train
2019-05-06,-0.00014143615006442816,0.0,4.400168920006376e-05,-0.00018543783926449194,0.35838882981706144,0.0014862396387664324,0.0,-0.0006886846564101335,0.0005472485063457051,4.400168920006376e-05,train
2019-05-07,-0.0005330623366749383,8.775865536185671e-05,1.5712158432126303e-05,-0.0006365331504689214,0.38232918851507336,-2.7755575615628914e-17,0.2500000099999992,-0.0035196391172201114,0.002986576780545175,0.00010347081379398302,train
2019-05-08,-0.0007861600232179709,0.0,1.54765376972707e-05,-0.0008016365609152415,0.37606234876894273,-0.0005334018646443398,0.0,-0.0004622983673190496,-0.000323861655898921,1.54765376972707e-05,train
2019-05-09,-0.0009505990395739478,0.0,1.551559433118918e-05,-0.0009661146339051371,0.37622550818002864,-0.0013206205455747397,0.0,-0.0009667426716482782,1.614363207432989e-05,1.551559433118918e-05,train
2019-05-10,-0.0004932483106645687,8.776101171665219e-05,1.7014724590461816e-05,-0.0005980240469716827,0.4140249650345708,-1.1796119636642288e-16,0.25000000999999983,0.00030757534077260364,-0.0008008236514371721,0.000104775736307114,train
2019-05-13,-0.00019006246191929596,0.0,5.127229920536159e-05,-0.00024133476112465755,0.4153817723152988,-0.0004935434615229127,0.0,-0.005361995952321216,0.005171933490401919,5.127229920536159e-05,train
2019-05-14,-4.7919466517860095e-05,0.0,1.6669698955734046e-05,-6.458916547359414e-05,0.4049455703150562,-0.0006837709411389482,0.0,0.001961655425425368,-0.0020095748919432294,1.6669698955734046e-05,train
2019-05-15,-3.2469779650268096e-05,8.777078316144128e-05,1.6806272406008688e-05,-0.00013704683521771806,0.4089526285462114,-6.938893903907228e-17,0.2500000099999995,0.0008363291198389173,-0.0008687988994891856,0.00010457705556744996,train
2019-05-16,-0.00039547250125532133,0.0,1.687999388447419e-05,-0.00041235249513979554,0.4107140436253979,-3.2474230140799865e-05,0.0,0.001320656512187463,-0.0017161290134427838,1.687999388447419e-05,train
2019-05-17,-0.0007530396888976338,0.0,1.7028067150186003e-05,-0.0007700677560478198,0.41392151071876504,-0.0004281232690943673,0.0,-0.0018736435910154565,0.0011206039021178231,1.7028067150186003e-05,train
2019-05-20,-0.000524866861760475,8.779293852498574e-05,5.032782099899939e-05,-0.0006629876212844602,0.40821454810299523,2.0469737016526324e-16,0.25000000999999944,-0.0017507312812076851,0.0012258644194472102,0.00013812075952398514,train
2019-05-21,0.00034359448445600013,0.0,1.668624712861117e-05,0.00032690823732738896,0.4055067983900197,-0.0005252150728520793,0.0,0.0024417130484882953,-0.002098118564032296,1.668624712861117e-05,train
2019-05-22,-0.00026284261723435337,0.0,1.6853185784506343e-05,-0.0002796958030188597,0.40991262618845475,-0.0001815612345329419,0.0,-0.0009148658224712706,0.0006520232052369173,1.6853185784506343e-05,train
2019-05-23,-0.00018261244267669973,8.7774765786803e-05,1.610046897831925e-05,-0.00028648767744182197,0.391778078472435,-1.3357370765021415e-16,0.2500000099999998,-0.0028738116948155957,0.002691199252138894,0.00010387523476512226,train
2019-05-24,-0.00022530742283211557,0.0,1.5883825039383766e-05,-0.00024119124787149934,0.386323744517788,-0.00018266477388365586,0.0,0.00021513217555061383,-0.0004404395983827292,1.5883825039383766e-05,train
2019-05-28,-0.0012973121265913777,0.0,6.369546500596588e-05,-0.0013610075915973436,0.38707267483318136,-0.00040807061977777333,0.0,-0.0022487152465964656,0.0009514031200050873,6.369546500596588e-05,train
2019-05-29,0.002303772939156143,8.777088594022294e-05,1.670999558933053e-05,0.0021992920576265895,0.4066098926737096,6.938893903907228e-17,0.25000000999999955,-0.00015795283075448034,0.002461725769910622,0.00010448088152955347,train
2019-05-30,-0.001030451675711429,0.0,1.647143646501117e-05,-0.0010469231121764402,0.4031036713702,0.0022987173882614747,0.0,5.856705679209608e-05,-0.0010890187325035246,1.647143646501117e-05,train
2019-05-31,-0.0012370139509785094,0.0,1.6578301060524945e-05,-0.0012535922520390344,0.4046749206868808,0.0012695948807738364,0.0,-0.003008888950034983,0.0017718749990564737,1.6578301060524945e-05,train
2019-06-03,0.0026483578001163925,8.777501995769922e-05,5.147436251745146e-05,0.002509108417641242,0.4175142737526616,-1.5959455978986625e-16,0.25000000999999955,0.001646350839631039,0.001002006960485354,0.00013924938247515068,train
2019-06-04,0.001286669947084745,0.0,1.7033026392772226e-05,0.001269636920691973,0.4171120383053957,0.0026417294146049257,0.0,0.005980568377201114,-0.004693898430116368,1.7033026392772226e-05,train
2019-06-05,-0.0019329950639693906,0.0,1.7396738721959662e-05,-0.0019503918026913503,0.4272440602796359,0.003923418045284061,0.0,0.0002359255281984831,-0.0021689205921678733,1.7396738721959662e-05,train
2019-06-06,-0.0007444494588977903,8.779123178548909e-05,1.501017347891488e-05,-0.0008472508641621943,0.3652475546535953,-1.0928757898653885e-16,0.2500000099999998,0.0006049467889471114,-0.0013493962478449014,0.00010280140526440397,train
2019-06-07,-0.0007709573361748813,0.0,1.513390497362672e-05,-0.000786091241148508,0.3675132736290606,-0.0007450807291895685,0.0,0.0010785028967916067,-0.0018494602329664875,1.513390497362672e-05,train
2019-06-10,0.0010589290440518252,0.0,4.5893822943439314e-05,0.001013035221108386,0.3707326664607311,-0.001517230747165605,0.0,0.0017090114115664433,-0.0006500823675146178,4.5893822943439314e-05,train
2019-06-11,0.0012967830203332205,8.778902466538518e-05,1.4098024161383622e-05,0.0011948959715064517,0.34305192126033446,-3.8163916471489756e-16,0.25000000999999933,0.0006397728462157152,0.0006570101741175048,0.00010188704882676881,train
2019-06-12,-0.00048286689975998053,0.0,1.402726220605351e-05,-0.000496894161966034,0.3426252823628011,0.0012952353488323645,0.0,-0.0008742808134385994,0.00039141391367861954,1.402726220605351e-05,train
2019-06-13,0.0008364444782310369,0.0,1.400204873572213e-05,0.0008224424294953148,0.34152929154679385,0.0008127723108886722,0.0,0.0014747896720004997,-0.0006383451937694625,1.400204873572213e-05,train
2019-06-14,0.00012428691361695489,8.778662247601895e-05,1.196973117489825e-05,2.4530559966037688e-05,0.29126345858919056,-1.6132928326584306e-16,0.2500000099999996,-0.00042873088628150044,0.0005530177998984555,9.97563536509172e-05,train
2019-06-17,-0.00024595342864114453,0.0,3.577195546519649e-05,-0.000281725384106341,0.2902745893047911,0.00012428386486399053,0.0,-4.7053740375225854e-05,-0.0001988996882659189,3.577195546519649e-05,train
2019-06-18,0.00041642188178703026,0.0,1.1943697917532466e-05,0.0004044781838694978,0.29050827880911534,-0.00012170385084127495,0.0,0.0018896430430969256,-0.0014732211613098952,1.1943697917532466e-05,train
2019-06-19,0.0004251953866704662,8.778728686865775e-05,1.4177296191864067e-05,0.0003232308036099444,0.3449808740020254,-3.621235256101585e-16,0.25000000999999983,0.0007862962402463608,-0.0003611008535758948,0.00010196458306052182,train
2019-06-20,0.0004267059175824977,0.0,1.420238506573781e-05,0.0004125035325167599,0.3460164279277863,0.00042505799483285537,0.0,0.001789056872987988,-0.0013623509554054902,1.420238506573781e-05,train
2019-06-21,-0.0007766534122744908,0.0,1.4308456827880667e-05,-0.0007909618691023714,0.34902386218009784,0.0008514127016682775,0.0,-0.0006150953886037673,-0.00016155802367072373,1.4308456827880667e-05,train
2019-06-24,-4.513310884031533e-05,8.777944220984894e-05,4.80976881455306e-05,-0.00018101023919569488,0.3901256927359704,3.122502256758253e-17,0.2500000099999995,-0.0006663936929092048,0.0006212605840688892,0.00013587713035537955,train
2019-06-25,-8.971527017670927e-05,0.0,1.5984393540315907e-05,-0.00010569966371702518,0.38890843486781296,-4.5141279874153645e-05,0.0,-0.0019121451297974617,0.0018224298596207513,1.5984393540315907e-05,train
2019-06-26,-0.0010143143586618239,0.0,1.5836278674061016e-05,-0.0010301506373358849,0.38521457692963507,-0.00013487080584968954,0.0,-0.0005152655695592734,-0.0004990487891025504,1.5836278674061016e-05,train
2019-06-27,0.0009143105403149892,8.779075274753817e-05,1.7542651356442933e-05,0.0008089771362110082,0.4268711830067781,1.0061396160665481e-16,0.25000001,0.001768321086552089,-0.0008540105462370998,0.0001053334041039811,train
2019-06-28,-0.0008500189567709512,0.0,1.7598607133278876e-05,-0.0008676175639042301,0.4291463450583266,0.0009135714818739593,0.0,0.0013118728503302265,-0.0021618918071011784,1.7598607133278876e-05,train
2019-07-01,0.0005828436808530586,0.0,5.337519987343358e-05,0.000529468480979625,0.432995784463455,6.36077122713706e-05,0.0,0.001950916275702787,-0.001368072594849729,5.337519987343358e-05,train
2019-07-02,0.0011596196808130387,8.779086629628732e-05,1.6420163237298734e-05,0.0010554086512794528,0.39955730544093604,9.020562075079397e-17,0.2500000099999997,0.0006521543613941759,0.0005074653194188629,0.00010421102953358605,train
2019-07-03,0.00029065720736559566,0.0,1.636118602171782e-05,0.00027429602134387783,0.3992805902936275,0.0011583970984937568,0.0,0.0018207421463422128,-0.001530084938976616,1.636118602171782e-05,train
2019-07-05,7.34082069262465e-05,0.0,3.296485072792335e-05,4.044335619832315e-05,0.4025210074680905,0.001448656945023042,0.0,-0.00021018636052067124,0.00028359456744691776,3.296485072792335e-05,train
2019-07-08,0.00020691972668085472,8.778603574582435e-05,4.626077390553139e-05,7.287291702949897e-05,0.3752262772337548,1.700029006457271e-16,0.25000000999999994,-0.000609008931798337,0.0008159286584791919,0.00013404680965135575,train
2019-07-09,0.00016302267295580412,0.0,1.5352076588442966e-05,0.00014767059636736115,0.3737741016343811,0.0002069046489356994,0.0,0.00022975893884141806,-6.67362658856138e-05,1.5352076588442966e-05,train
2019-07-10,0.00023008666799066154,0.0,1.5355294235524347e-05,0.0002147313737551372,0.37401536576699473,0.00036987270256893905,0.0,0.0009203220857247213,-0.0006902354177340598,1.5355294235524347e-05,train
2019-07-11,-0.0017335122410780622,8.777867240820569e-05,1.523817981267168e-05,-0.0018365290932989395,0.3707957087750106,-2.723515857283587e-16,0.2500000099999994,-5.171613339375827e-05,-0.0016817961076843052,0.00010301685222087737,train
2019-07-12,-0.00028966807878470346,0.0,1.5404700810954506e-05,-0.000305072779595658,0.37311101798886803,-0.0017367017443582367,0.0,0.001529767647976769,-0.0018194357267614732,1.5404700810954506e-05,train
2019-07-15,0.0003639034399572481,0.0,4.6676970293354654e-05,0.00031722646966389343,0.37657510417736423,-0.002026988202067953,0.0,0.00025975466413310003,0.00010414877582414816,4.6676970293354654e-05,train
2019-07-16,-0.0004662760752454874,8.779452092475688e-05,1.6182065301737733e-05,-0.000570252661471982,0.39376358900895114,-4.2327252813834093e-16,0.2500000099999993,-0.00079467010969959,0.0003283940344541023,0.00010397658622649462,train
2019-07-17,-0.00020706410841866586,0.0,1.6164291741621126e-05,-0.00022322840016028697,0.39286455692398137,-0.00046654212213274003,0.0,-0.0014953784580921743,0.0012883143496735076,1.6164291741621126e-05,train
2019-07-18,-0.0001523509732996967,0.0,1.6061988382933143e-05,-0.00016841296168262982,0.3901679606858734,-0.000673756632166506,0.0,0.0006392277293080881,-0.0007915787026077843,1.6061988382933143e-05,train
2019-07-19,-0.0007386834291309931,8.776141408121944e-05,1.656881528863849e-05,-0.000843013658500851,0.4031745053568697,-2.0469737016526324e-16,0.2500000099999996,-0.001023919111840389,0.00028523568270939607,0.00010433022936985793,train
2019-07-22,-0.0003286523946653718,0.0,4.967799300639924e-05,-0.00037833038767177106,0.40220441437714916,-0.0007393066747558392,0.0,0.00021041526189900138,-0.0005390676565643732,4.967799300639924e-05,train
2019-07-23,-0.00039893633877078716,0.0,1.66099219710281e-05,-0.0004155462607418153,0.4031064046979749,-0.0010683632637089368,0.0,0.001273413970162409,-0.0016723503089331958,1.66099219710281e-05,train
2019-07-24,-0.0005232092591001055,8.778992224174194e-05,1.7113641858207555e-05,-0.000628112823200055,0.4164319518830501,-3.5388358909926865e-16,0.25000000999999983,0.0016438223141059729,-0.002167031573206079,0.0001049035640999495,train
2019-07-25,0.0024589086021377937,0.0,1.730262204108567e-05,0.002441605980096708,0.42050693156632346,-0.0005235381000945616,0.0,-0.00019675133080763378,0.002655659932945426,1.730262204108567e-05,train
2019-07-26,-0.0005319663026258726,0.0,1.704273697342794e-05,-0.0005490090395993006,0.4166372562860912,0.001930656599344752,0.0,0.001268929710943017,-0.0018008960135688897,1.704273697342794e-05,train
2019-07-29,-0.0005262413506935587,8.775788662673402e-05,4.924275838259086e-05,-0.0006632419957028836,0.3994134846587929,3.226585665316861e-16,0.25000000999999983,-0.0010257788170361245,0.0004995374663425657,0.0001370006450093249,train
2019-07-30,0.0004242898734757504,0.0,1.6384061517909847e-05,0.00040790581195784055,0.39815223966144075,-0.000526590607698791,0.0,5.485195347596994e-05,0.00036943791999978015,1.6384061517909847e-05,train
2019-07-31,0.0001849076749745738,0.0,1.6347028709343135e-05,0.00016856064626523065,0.3976754395718427,-0.00010225902217357585,0.0,-0.0018518044242871491,0.002036712099261723,1.6347028709343135e-05,train
2019-08-01,0.0018128287618452857,8.777415381072268e-05,1.615741767733905e-05,0.001708897190357224,0.39316383014858336,-1.734723475976807e-16,0.2500000099999997,-0.0008126389010600014,0.002625467662905288,0.00010393157148806173,train
2019-08-02,0.00018980906034742978,0.0,1.5914429690450356e-05,0.00017389463065697942,0.38906085857651873,0.001809736108893338,0.0,-0.0013908943338106763,0.0015807033941581052,1.5914429690450356e-05,train
2019-08-05,0.00041277150951348244,0.0,4.734529349827353e-05,0.0003654262160152089,0.38602213367218957,0.001999197519526503,0.0,-0.00556206536764245,0.005974836877155933,4.734529349827353e-05,train
2019-08-06,0.0011936919861015552,8.778197608005316e-05,1.4267340138422806e-05,0.0010916426698830792,0.34717194336828777,-5.429684479807406e-16,0.25000001,0.0028028460932639555,-0.0016091541071624,0.00010204931621847596,train
2019-08-07,-0.00012252970447539465,0.0,1.438389730405107e-05,-0.00013691360177944573,0.3512005580538558,0.001192390321946412,0.0,0.0004803364460439445,-0.0006028661505193393,1.438389730405107e-05,train
2019-08-08,0.0016395901675433874,0.0,1.4435424352500826e-05,0.0016251547431908866,0.35233199969351925,0.0010700071159992011,0.0,0.0037840535253062376,-0.0021444633577628507,1.4435424352500826e-05,train
2019-08-09,1.0319236962117253e-05,8.77984324856103e-05,1.2851403543541297e-05,-9.033059906703434e-05,0.31271748622617235,8.049116928532385e-16,0.2500000099999995,-0.00114160823428324,0.001151927471245358,0.00010064983602915159,train
2019-08-12,-0.0001301141964438772,0.0,3.827363099992255e-05,-0.00016838782744379974,0.3104519938352285,1.0320169189982631e-05,0.0,-0.0023017337057644346,0.0021716195093205585,3.827363099992255e-05,train
2019-08-13,0.0006772668009796021,0.0,1.2581506297746958e-05,0.0006646852946818551,0.30603017237600216,-0.00011981420250714407,0.0,0.0027963260166822606,-0.0021190592157026584,1.2581506297746958e-05,train
2019-08-14,0.00021588495754032357,8.778902210039272e-05,1.2311246848589176e-05,0.00011578468859134169,0.29957367331566975,-1.9081958235744878e-16,0.25000000999999994,-0.004378674255325515,0.004594559212865837,0.0001001002689489819,train
2019-08-15,0.0004436228911711557,0.0,1.1932230275225368e-05,0.00043169066089593036,0.29056679666141194,0.00021585996426138482,0.0,0.00040852992627562345,3.509296489553213e-05,1.1932230275225368e-05,train
2019-08-16,-6.864628521048653e-05,0.0,1.1924198356876946e-05,-8.057048356736348e-05,0.2908146916363613,0.0006591982856889306,0.0,0.002251099355290557,-0.0023197456405010426,1.1924198356876946e-05,train
2019-08-19,-0.00013522561854783922,8.778440513073121e-05,4.214037925544051e-05,-0.00026515040293401094,0.3418052984052391,-5.915407053080912e-16,0.2500000099999995,0.0018732857400542652,-0.002008511358602104,0.00012992478438617172,train
2019-08-20,7.053946716225335e-05,0.0,1.4215645494642267e-05,5.632382166761108e-05,0.34577877888644326,-0.00013526148318518394,0.0,-0.0009995550788371428,0.0010700945459993954,1.4215645494642267e-05,train
2019-08-21,0.0003026150956385627,0.0,1.4126896837440563e-05,0.00028848819880112215,0.3436897713402167,-6.471837083695843e-05,0.0,0.0017726451398613762,-0.0014700300442228136,1.4126896837440563e-05,train
2019-08-22,-0.0010665563526396902,8.779316697098023e-05,1.4352129196857425e-05,-0.001168701648807528,0.34923514379019727,-7.28583859910259e-17,0.2500000099999997,-0.00019735618203136645,-0.0008692001706083236,0.00010214529616783766,train
2019-08-23,-7.172605812491556e-05,0.0,1.4440446880849607e-05,-8.616650500576517e-05,0.3503164031367245,-0.001067804297282605,0.0,-0.004518646241024512,0.0044469201828995965,1.4440446880849607e-05,train
2019-08-26,0.00010621549858364364,0.0,4.222847845593275e-05,6.398702012771088e-05,0.3413802522560153,-0.0011396285532169498,0.0,0.0017088009837865116,-0.0016025854852028672,4.222847845593275e-05,train
2019-08-27,-1.3018315305662713e-05,8.77966096617078e-05,1.4672633842255256e-05,-0.00011548755880962576,0.3570340901615446,1.0408340855860843e-17,0.2500000099999997,-0.0011234199326525043,0.0011104016173468414,0.00010246924350396304,train
2019-08-28,0.0003235370580580167,0.0,1.4583052116986968e-05,0.00030895400594102974,0.35484124836108344,-1.3019818932747534e-05,0.0,0.0017744961478299228,-0.0014509590897719066,1.4583052116986968e-05,train
2019-08-29,5.538608030775056e-05,0.0,1.4697768094143986e-05,4.068831221360658e-05,0.35795611162404783,0.00031042133321083736,0.0,0.002364932857119199,-0.002309546776811449,1.4697768094143986e-05,train
2019-08-30,0.0005481575264585489,8.779500989779745e-05,1.5265449136884108e-05,0.00044509706742386736,0.37145926233084675,6.938893903907228e-18,0.25000000999999994,0.00036365482202029784,0.0001845027044382509,0.00010306045903468156,train
2019-09-03,0.0006014447169331486,0.0,6.0973998776115124e-05,0.0005404707181570334,0.3714730728730661,0.000547913651698987,0.0,-0.0009534871156054721,0.0015549318325386206,6.0973998776115124e-05,train
2019-09-04,0.00027470012587824593,0.0,1.5107531899040691e-05,0.00025959259397920524,0.36876534705296876,0.0011487375096453185,0.0,0.002225144484907232,-0.0019504443590289847,1.5107531899040691e-05,train
2019-09-05,-0.0016477254421692774,8.780684164111595e-05,1.5260132735556277e-05,-0.0017507924165459496,0.37132989656520266,-3.642919299551295e-17,0.2500000099999998,0.0018151483371178566,-0.003462873779287134,0.00010306697437667222,train
2019-09-06,-0.0002473172925479713,0.0,1.5572015865525107e-05,-0.0002628893084134964,0.3772684374008112,-0.0016506153269663995,0.0,5.7562360054501664e-05,-0.000304879652602473,1.5572015865525107e-05,train
2019-09-09,-0.0029631276217890728,0.0,4.68035275483151e-05,-0.003009931149337388,0.3777301806394233,-0.0018984316969102386,0.0,-0.0010372725712585172,-0.0019258550505305552,4.68035275483151e-05,train
2019-09-10,-0.00461620495764101,8.781745229060454e-05,1.5838900198377195e-05,-0.0047198613101299925,0.3854132381605106,-1.1761425167122752e-15,0.25000000999999966,-0.001754768489380129,-0.00286143646826088,0.00010365635248898173,train
2019-09-11,-0.0015640537519469935,0.0,1.615031399960553e-05,-0.001580204065946599,0.3883528778622912,-0.004638096128109913,0.0,0.00023996145352919604,-0.0018040152054761896,1.615031399960553e-05,train
2019-09-12,0.0017573014378374043,0.0,1.6324385081653537e-05,0.0017409770527557508,0.39101473759949634,-0.006211966054073075,0.0,0.0013353968064542066,0.0004219046313831978,1.6324385081653537e-05,train
2019-09-13,-0.001086163632511782,8.778792502493101e-05,1.585548642083877e-05,-0.0011898070439575515,0.3858168362404099,-1.9949319973733282e-16,0.2500000099999996,-0.0004887097883015751,-0.0005974538442102068,0.00010364341144576979,train
2019-09-16,0.001141737498260212,0.0,4.77706144623414e-05,0.0010939668837978706,0.38638530425300044,-0.0010874574971020353,0.0,0.0004918075410585888,0.0006499299572016233,4.77706144623414e-05,train
2019-09-17,0.0023798525585604605,0.0,1.5852776840641985e-05,0.0023639997817198185,0.38580512380781207,5.4220685523793336e-05,0.0,0.0016678777146347447,0.0007119748439257161,1.5852776840641985e-05,train
2019-09-18,0.0003276091768270083,8.782707218892534e-05,1.2583716069505913e-05,0.00022719838856857704,0.30620375769131075,2.480654570646834e-16,0.25000000999999905,-0.00014283185796877944,0.0004704410347957879,0.00010041078825843125,train
2019-09-19,0.00022052858690648343,0.0,1.2542200115429007e-05,0.0002079863867910544,0.3055210709035632,0.00032753476145725704,0.0,2.8767299999320847e-05,0.00019176128690716264,1.2542200115429007e-05,train
2019-09-20,-0.00013345493326545778,0.0,1.2523834126756612e-05,-0.0001459787673922144,0.3052945798000958,0.000547949382351561,0.0,-0.0007620588486526367,0.000628603915387179,1.2523834126756612e-05,train
2019-09-23,0.0004316116121905183,8.77934945596448e-05,4.192513489685651e-05,0.00030189298273401705,0.3400594274967251,8.326672684688674e-17,0.2500000099999997,0.00046459771587602293,-3.298610368550461e-05,0.00012971862945650132,train
2019-09-24,2.8773068441168535e-05,0.0,1.3973537639265859e-05,1.4799530801902676e-05,0.3404542305731345,0.0004314813509985532,0.0,-0.001741670725484431,0.0017704437939256,1.3973537639265859e-05,train
2019-09-25,-0.00013438394472020993,0.0,1.3827817065793413e-05,-0.00014821176178600335,0.3369371295422975,0.00046024760799107025,0.0,0.0006001306493620036,-0.0007345145940822131,1.3827817065793413e-05,train
2019-09-26,-0.0003450744227965917,8.778032923856962e-05,1.4777476371691313e-05,-0.0004476322284068527,0.35958525837782185,-1.0495077029659683e-16,0.25000000999999916,-0.0008753877126061618,0.0005303132898095703,0.00010255780561026094,train
2019-09-27,-0.0010498664722707494,0.0,1.474048729518408e-05,-0.0010646069595659335,0.35833996189107464,-0.0003452289584046503,0.0,-0.0016449512431803723,0.000595084770909622,1.474048729518408e-05,train
2019-09-30,0.00018847225126143922,0.0,4.412170092424087e-05,0.00014435055033719835,0.35647943636588186,-0.0013965822418496882,0.0,0.000904157815321794,-0.0007156855640603549,4.412170092424087e-05,train
2019-10-01,0.00014240153271483357,8.781468008430851e-05,1.5508456541287367e-05,3.907839608923769e-05,0.3773724425046593,6.591949208711867e-17,0.2500000099999994,-0.002440072255852405,0.002582473788567237,0.00010332313662559587,train
2019-10-02,8.072198022691441e-05,0.0,1.529560069413675e-05,6.542637953277766e-05,0.3723353461921031,0.00014239596810886046,0.0,-0.0030410989880554204,0.003121820968282335,1.529560069413675e-05,train
2019-10-03,9.406761206872023e-05,0.0,1.5038028785567675e-05,7.902958328315255e-05,0.3661484704669713,0.0002231033514912186,0.0,0.001382452417751353,-0.0012883848056826324,1.5038028785567675e-05,train
2019-10-04,-7.874461752718786e-05,8.781976179568673e-05,1.675798971874115e-05,-0.00018332236904161577,0.40777774982270076,-5.637851296924623e-16,0.2500000099999996,0.0025322613694916327,-0.002611005987018823,0.00010457775151442788,train
2019-10-07,0.00036544494999862564,0.0,5.0927114931010356e-05,0.00031451783506761526,0.41299672871792625,-7.875905582445039e-05,0.0,-0.0008189130784929626,0.0011843580284915877,5.0927114931010356e-05,train
2019-10-08,0.0002353272476798376,0.0,1.68730536052201e-05,0.0002184541940746175,0.4108642334817203,0.000286595754697876,0.0,-0.0032117915524486748,0.003447118800128511,1.68730536052201e-05,train
2019-10-09,0.0005044734118955932,8.782613148482464e-05,1.503605714968747e-05,0.00040161122326108113,0.36587739064239516,8.847089727481716e-17,0.2500000099999999,0.0020713648812322786,-0.001566891469336686,0.00010286218863451211,train
2019-10-10,-0.00034956115587789053,0.0,1.5158754823839004e-05,-0.0003647199107017295,0.36936730493779546,0.0005042708910462726,0.0,0.0012254631106109679,-0.0015750242664888574,1.5158754823839004e-05,train
2019-10-11,0.00023290375830452227,0.0,1.5293786821703363e-05,0.0002176099714828189,0.37230357884292486,0.00015476618147627214,0.0,0.0027756978168384065,-0.0025427940585338836,1.5293786821703363e-05,train
2019-10-14,-5.8388595395189e-05,8.781293893110781e-05,4.584992895091732e-05,-0.0001920514632772141,0.3718938681574407,1.6132928326584306e-16,0.2500000099999995,-0.0002605765245801809,0.000202187929184992,0.00013366286788202514,train
2019-10-15,0.00022758668385009485,0.0,1.526962401798171e-05,0.00021231705983211315,0.37150245129305737,-5.8399811164209364e-05,0.0,0.0019557666046481487,-0.0017281799207980533,1.526962401798171e-05,train
2019-10-16,0.0007048431472924891,0.0,1.5408394738185236e-05,0.0006894347525543039,0.3751067562548924,0.000169150959051588,0.0,-0.0007785589256850165,0.0014834020729775055,1.5408394738185236e-05,train
2019-10-17,-0.0008330025657934455,8.782184279878851e-05,1.5106872697374361e-05,-0.0009359312812896084,0.36760056896944276,-5.204170427930421e-17,0.2500000099999996,0.00041757523212110527,-0.001250577797914551,0.00010292871549616287,train
2019-10-18,6.16424264396327e-05,0.0,1.5223908445779205e-05,4.6418517993853494e-05,0.36961465591797515,-0.000833782929318857,0.0,-0.0003942246260172289,0.0004558670524568616,1.5223908445779205e-05,train
2019-10-21,-0.001166557475577637,0.0,4.5557205064816166e-05,-0.0012121146806424532,0.36874744752947275,-0.0007721046629250387,0.0,0.0010563177268871375,-0.0022228752024647733,4.5557205064816166e-05,train
2019-10-22,-0.0017456615078617222,8.78223392549977e-05,1.7429249192910253e-05,-0.0018509130963096302,0.42411173036081573,-4.597017211338539e-16,0.2500000099999996,-0.0013821609935722261,-0.0003635005142894962,0.00010525158844790795,train
2019-10-23,-0.0007488283623551847,0.0,1.7491501196147453e-05,-0.0007663198635513321,0.4238776305391306,-0.0017488985671241797,0.0,0.00013201727234783635,-0.0008808456347030209,1.7491501196147453e-05,train
2019-10-24,0.003396440708359421,0.0,1.757736935477845e-05,0.0033788633390046427,0.4252163451777978,-0.002499642455144514,0.0,0.0030163870783797733,0.0003800536299796505,1.757736935477845e-05,train
2019-10-25,-0.0012079477893334487,8.780823952803113e-05,1.4651691008398907e-05,-0.0013104077198698787,0.3565244812043734,1.0408340855860843e-17,0.25000000999999994,0.00041971203087678863,-0.0016276598202102372,0.00010245993053643003,train
2019-10-28,-0.0002689704087463736,0.0,4.441461505722885e-05,-0.00031338502380360244,0.3590423449159986,-0.001209532770413222,0.0,0.00020875776556610992,-0.0004777281743124836,4.441461505722885e-05,train
2019-10-29,0.0009798367210742712,0.0,1.4848790403672604e-05,0.0009649879306705987,0.3598415998242036,-0.0014789666651631624,0.0,0.0006789062205374555,0.00030093050053681586,1.4848790403672604e-05,train
2019-10-30,0.0009503345811873041,8.78003003047238e-05,1.4674712414477809e-05,0.0008478595684681025,0.3570846687522934,7.19910242530375e-17,0.2500000099999997,0.000899816447794466,5.051813339283831e-05,0.00010247501271920161,train
2019-10-31,4.433867021744325e-05,0.0,1.4658132201487548e-05,2.9680538015955704e-05,0.3576307464163675,0.0009495295135038065,0.0,-0.0013219825356544192,0.0013663212058718623,1.4658132201487548e-05,train
2019-11-01,-4.5625491919891686e-05,0.0,1.4545400113101177e-05,-6.017089203299286e-05,0.35493190810484965,0.0009938386860543552,0.0,0.0015424080856559438,-0.0015880335775758346,1.4545400113101177e-05,train
2019-11-04,-0.0010352189146828812,8.780120688225838e-05,4.523660151549914e-05,-0.0011682567230806389,0.3669191011812707,-1.0148132334464322e-16,0.25000000999999983,0.0003606326239753047,-0.001395851538658186,0.0001330378083977575,train
2019-11-05,-0.0005493436173750576,0.0,1.5211365475542414e-05,-0.0005645549828506,0.36910679684084824,-0.001036429730683846,0.0,-0.0006456735860408951,9.63299686658372e-05,1.5211365475542414e-05,train
2019-11-06,0.0005442375802361937,0.0,1.521203597458e-05,0.0005290255442616137,0.36857287293810226,-0.0015866691100111015,0.0,0.000313069284976883,0.00023116829525931054,1.521203597458e-05,train
2019-11-07,-0.0015370944697877787,8.779738387202653e-05,1.5472319513926605e-05,-0.001640364173173732,0.37649310817221404,3.469446951953614e-17,0.2500000099999992,-0.00038478281753811014,-0.0011523116522496686,0.00010326970338595314,train
2019-11-08,-0.0012821444907921264,0.0,1.559260761558581e-05,-0.001297737098407712,0.37788049863863343,-0.0015396200072879986,0.0,-0.00019658041274536316,-0.0010855640780467629,1.559260761558581e-05,train
2019-11-11,0.0006182336348849312,0.0,4.710662820006646e-05,0.0005711270066848647,0.37926166423561725,-0.002825431164921833,0.0,7.769529578624933e-05,0.000540538339098682,4.710662820006646e-05,train
2019-11-12,-0.0004971849956732072,8.779375333445023e-05,1.569642362341245e-05,-0.0006006751726310699,0.3819463081697031,7.28583859910259e-17,0.2500000099999997,-2.9941077211906482e-05,-0.00046724391846130083,0.00010349017695786268,train
2019-11-13,0.0002520768655240093,0.0,1.5744284433919292e-05,0.00023633258109009,0.38261343740351583,-0.0004974838218537014,0.0,7.480900105764972e-05,0.00017726786446635966,1.5744284433919292e-05,train
2019-11-14,0.0002261687040974198,0.0,1.5725997906780778e-05,0.00021044270619063904,0.3824206000926252,-0.0002453489723737885,0.0,0.0004745315662285268,-0.00024836286213110665,1.5725997906780778e-05,train
2019-11-15,-8.320943694090557e-05,8.77886443457067e-05,1.526279773653614e-05,-0.0001862608790231484,0.37139474492237945,2.2551405187698492e-17,0.2500000099999997,0.0012590871190044733,-0.0013422965559453783,0.00010305144208224283,train
2019-11-18,-0.00017337457735205764,0.0,4.612796227738258e-05,-0.00021950253962944023,0.374065802422501,-8.322493849107458e-05,0.0,-0.00011294875051772254,-6.042582683433526e-05,4.612796227738258e-05,train
2019-11-19,-0.0009762692010976106,0.0,1.5384330831797423e-05,-0.000991653531929408,0.3740953943879495,-0.0002566558524545546,0.0,-0.0006253802443014938,-0.0003508889567961169,1.5384330831797423e-05,train
2019-11-20,-0.001149204317076886,8.778030983209689e-05,1.7344433957233536e-05,-0.0012543290608662164,0.42204789295934975,3.174543961037557e-16,0.25000000999999994,-0.0008618516730004949,-0.00028735264407639155,0.00010512474378933042,train
2019-11-21,0.00017899341822273657,0.0,1.7389864595300477e-05,0.0001616035536274361,0.42200272421116836,-0.0011506476078098678,0.0,-0.0003485828749443208,0.0005275762931670566,1.7389864595300477e-05,train
2019-11-22,0.0005865119239371644,0.0,1.7343699356796544e-05,0.0005691682245803679,0.42105852048986075,-0.0009714971921885359,0.0,0.0008073717802452142,-0.00022085985630804943,1.7343699356796544e-05,train
2019-11-25,-0.00032003837491927187,8.778025789370215e-05,5.051758139450838e-05,-0.00045833621420748237,0.4097537157554568,-1.1102230246251565e-16,0.2500000099999995,0.0017778975097839534,-0.002097935884703227,0.00013829783928821053,train
2019-11-26,-0.00027433376712418273,0.0,1.7019427504553843e-05,-0.0002913531946287366,0.4138192174834517,-0.0003201851273585028,0.0,0.00010018320670622017,-0.00037451697383040285,1.7019427504553843e-05,train
2019-11-27,-0.0002732064342454011,0.0,1.7055178802410044e-05,-0.00029026161304781113,0.41441465869870114,-0.000594692159943306,0.0,0.0008371834848946448,-0.001110389919140046,1.7055178802410044e-05,train
2019-11-29,7.976297293894076e-05,8.778797705751576e-05,3.540507599145588e-05,-4.343008011003089e-05,0.4307617578960467,1.4224732503009818e-16,0.25000000999999994,-0.0010154819526593604,0.0010952449255983022,0.00012319305304897164,train
2019-12-02,0.0010623910704262466,0.0,5.2839848433421006e-05,0.0010095512219928256,0.42866964817494996,7.976643720183398e-05,0.0,-0.0016135464417122935,0.00267593751213854,5.2839848433421006e-05,train
2019-12-03,-0.00019270497448510096,0.0,1.7375800980536494e-05,-0.00021008077546563744,0.4239521627970809,0.001141005604026234,0.0,-0.0016058441798007701,0.0014131392053156693,1.7375800980536494e-05,train
2019-12-04,0.0002622031100606078,8.776397215636715e-05,1.7913038021612903e-05,0.00015652609988262773,0.4358839251925806,3.469446951953614e-18,0.25000000999999994,0.0015052601691384947,-0.0012430570590778872,0.00010567701017798005,train
2019-12-05,0.000241343968581333,0.0,1.801238768616768e-05,0.0002233315808951653,0.4385635957716004,0.00026216207485348433,0.0,0.00030569822208275087,-6.435425350141807e-05,1.801238768616768e-05,train
2019-12-06,-1.6936995543150903e-05,0.0,1.8013654059027725e-05,-3.495064960217863e-05,0.4388356423894165,0.0005033936197419188,0.0,0.002194217190195792,-0.0022111541857389424,1.8013654059027725e-05,train
2019-12-09,0.0001255869729864217,8.776814236429837e-05,5.239652785366958e-05,-1.4577697231546254e-05,0.42499405925754224,-1.5612511283791264e-17,0.2500000099999998,-0.00042663170746841,0.0005522186804548318,0.00014016467021796795,train
2019-12-10,0.00019076481387865743,0.0,1.7420375396765013e-05,0.00017334443848189242,0.4240213901250639,0.00012558880378196052,0.0,3.124901805927895e-06,0.0001876399120727294,1.7420375396765013e-05,train
2019-12-11,-0.00044691777270241986,0.0,1.7401936409343107e-05,-0.00046431970911176294,0.4237634180830403,0.00031629878902464034,0.0,0.0004998555114766757,-0.0009467732841790952,1.7401936409343107e-05,train
2019-12-12,0.0009696460228036362,8.775648438151917e-05,1.7938168400093905e-05,0.0008639513700220231,0.4364954310689517,-1.0408340855860843e-16,0.2500000099999996,0.002822135476777215,-0.0018524894539735802,0.00010569465278161307,train
2019-12-13,-0.0008643099263740328,0.0,1.807481204863751e-05,-0.0008823847384226703,0.44078923553577043,0.0009688090189243423,0.0,-0.0006441602220473912,-0.00022014970432664103,1.807481204863751e-05,train
2019-12-16,0.00032462771930444746,0.0,5.432665664736577e-05,0.0002703010626570817,0.44075413974435673,0.00010459138238990036,0.0,0.002013920885178222,-0.0016892931658737747,5.432665664736577e-05,train
2019-12-17,0.0005339300131374264,8.776646079578627e-05,1.6356692666868985e-05,0.0004298068596747712,0.39801285489381205,9.71445146547012e-17,0.25000000999999983,0.00017040014747794093,0.0003635298656594858,0.00010412315346265525,train
2019-12-18,-0.0010608913334508297,0.0,1.6319799138210362e-05,-0.00107721113258904,0.39764881298806665,0.000533700624947904,0.0,-0.0005334437091247307,-0.0005274476243260992,1.6319799138210362e-05,train
2019-12-19,-0.0006305564378563804,0.0,1.638079657417439e-05,-0.0006469372344305548,0.39807162408830377,-0.0005277592166063787,0.0,0.0007058736578937535,-0.0013364300957501337,1.638079657417439e-05,train
2019-12-20,-0.00011711718920694204,8.776226044827887e-05,1.776692215434648e-05,-0.0002226463718095674,0.4323284390890976,6.938893903907228e-18,0.25000000999999966,0.0015474998359089154,-0.001664617025115858,0.00010552918260262536,train
2019-12-23,-0.0006985458328444098,0.0,5.372318124746852e-05,-0.0007522690140918783,0.43563754906984686,-0.00011714327073114594,0.0,-0.0003887075933938291,-0.0003098382394505805,5.372318124746852e-05,train
2019-12-24,0.00016121108652853022,0.0,1.794669398094393e-05,0.00014326439254758628,0.43588658368646926,-0.0008163031831663579,0.0,0.00031553500642340226,-0.00015432391989487186,1.794669398094393e-05,train
2019-12-26,-0.0001793678782288424,8.775315750512846e-05,3.8063824380429316e-05,-0.0003051848601144002,0.46310986329522325,1.734723475976807e-18,0.2500000099999993,0.0005121837062875847,-0.0006915515845164274,0.00012581698188555778,train
2019-12-27,-0.00018104448843341938,0.0,1.909457942302644e-05,-0.00020013906785644583,0.4644553433250093,-0.0001794226353007064,0.0,-0.0004267813626653468,0.0002457368742319274,1.909457942302644e-05,train
2019-12-30,0.00047546017011605653,0.0,5.723460049475126e-05,0.00041822556962130524,0.46387566473125263,-0.00036053928172989115,0.0,-0.0011027922455942147,0.0015782524157102718,5.723460049475126e-05,train
2019-12-31,-5.507366014354231e-05,8.773477179304807e-05,1.8690428445689157e-05,-0.00016149886038227955,0.4548004255117697,2.8449465006019636e-16,0.2500000099999998,0.0007697202813242517,-0.0008247939414677936,0.00010642520023873724,train
2020-01-02,-0.0005037025476231009,0.0,3.7522499297974355e-05,-0.0005412250469210753,0.45646865890277477,-5.5082555913257836e-05,0.0,0.001263473517769867,-0.0017671760653929678,3.7522499297974355e-05,train
2020-01-03,-0.0009778884521732156,0.0,1.8916735207728092e-05,-0.0009968051873809438,0.4597481356922496,-0.0005590876958007501,0.0,-0.002087005352642292,0.001109116900469077,1.8916735207728092e-05,train
2020-01-06,-0.0007262820633487754,8.775776475808118e-05,5.6184190462993836e-05,-0.0008702240185698505,0.45571621153317293,6.782768791069316e-16,0.2500000099999999,5.7612607051931404e-05,-0.0007838946704007066,0.000143941955221075,train
2020-01-07,-0.0004133564893039609,0.0,1.8808861109300913e-05,-0.0004321653504132618,0.45695537235106,-0.0007269146419289531,0.0,-0.00020543766248668242,-0.00020791882681727849,1.8808861109300913e-05,train
2020-01-08,-1.0500013527332742e-05,0.0,1.883408976894814e-05,-2.9334103296280882e-05,0.45715542024777533,-0.0011407641299628728,0.0,0.0007609857668494862,-0.0007714857803768193,1.883408976894814e-05,train
2020-01-09,-0.0007377172290794916,8.773448253938346e-05,1.9416376744880225e-05,-0.0008448680883637554,0.4724651674587526,4.683753385137379e-16,0.2500000099999996,0.001231420880881008,-0.0019691381099605004,0.00010715085928426369,train
2020-01-10,0.0001403257906946949,0.0,1.959477871605793e-05,0.00012073101197863696,0.47606794106088957,-0.0007383410298534773,0.0,-0.0008907259626108675,0.0010310517533055625,1.959477871605793e-05,train
2020-01-13,-0.0011468308206437105,0.0,5.8523038663320675e-05,-0.001205353859307031,0.4740889261091561,-0.0005979430488893666,0.0,0.0012293903172425492,-0.002376221137886262,5.8523038663320675e-05,train
2020-01-14,0.0004582539371234457,8.77542114087739e-05,2.117100314998502e-05,0.0003493287225646868,0.5151610766496357,2.42861286636753e-17,0.2500000099999995,0.00042483499231853205,3.341894480491355e-05,0.00010892521455875892,train
2020-01-15,-0.0014789265804524502,0.0,2.1160864289707634e-05,-0.0015000874447421578,0.5153724582946482,0.00045809391176244996,0.0,-0.001138022188252272,-0.0003409043922001786,2.1160864289707634e-05,train
2020-01-16,-7.431626135615547e-05,0.0,2.122071675957204e-05,-9.55369781157275e-05,0.5153484081753679,-0.00102236630755188,0.0,0.0022309754041529156,-0.0023052916655090716,2.122071675957204e-05,train
2020-01-17,-0.0005644190665003885,8.773843459126973e-05,2.0674389189692456e-05,-0.0006728318902813506,0.5030768036158503,5.342948306008566e-16,0.2500000099999994,0.0003717667332568373,-0.0009361857997572258,0.00010841282378096218,train
2020-01-21,-0.0008078200684113137,0.0,8.306123011548648e-05,-0.0008908812985268002,0.504724350787876,-0.0005647990813333649,0.0,-0.0015311131185778498,0.0007232930501665353,8.306123011548648e-05,train
2020-01-22,8.736067002043042e-05,0.0,2.0724321695645613e-05,6.66363483247848e-05,0.5029179848465241,-0.0013738430808525257,0.0,0.00033801282070721557,-0.00025065215068678496,2.0724321695645613e-05,train
2020-01-23,9.197891341977975e-05,8.772772373590505e-05,1.987296912459792e-05,-1.5621779440723222e-05,0.4835755820318831,2.983724378680108e-16,0.2500000099999994,0.0006156642191707112,-0.0005236853057509316,0.00010760069286050297,train
2020-01-24,-0.0021146107087674196,0.0,1.9916322880871173e-05,-0.002134527031648291,0.4847225037848488,9.198035031681914e-05,0.0,-0.0035367389401551354,0.0014221282313877145,1.9916322880871173e-05,train
2020-01-27,-0.0006478213265773056,0.0,5.9525365388419205e-05,-0.0007073466919657248,0.4807898956420974,-0.002026956952858469,0.0,-0.0041055056171808504,0.0034576842906035455,5.9525365388419205e-05,train
2020-01-28,0.0002944223995746207,8.772923492491937e-05,1.9170368280169637e-05,0.00018752279636953168,0.4664789614841283,4.996003610813204e-16,0.25000000999999966,0.002383840722229898,-0.0020894183226552758,0.00010689960320508901,train
2020-01-29,-0.0002770057443312048,0.0,1.933847488810208e-05,-0.00029634421921930686,0.47086392280949874,0.0002943671990148014,0.0,-0.0011113545279443954,0.0008343487836131906,1.933847488810208e-05,train
2020-01-30,-0.0013332167489029162,0.0,1.9275610491491386e-05,-0.0013524923593944075,0.46905722189413257,1.7366601175478752e-05,0.0,0.00030805251216158204,-0.0016412692610644985,1.9275610491491386e-05,train
2020-01-31,-0.0004332561346325021,8.773277445343844e-05,1.9515277811191886e-05,-0.0005405041868971325,0.4748717600723361,2.2898349882893854e-16,0.25000000999999983,-0.0048621823503534195,0.004428926215720913,0.00010724805226463033,train
2020-02-03,-0.0022316287195544332,0.0,5.7484840232007215e-05,-0.0022891135597864405,0.46583243588825185,-0.00043349043802901055,0.0,0.0007096958078816788,-0.002941324527436112,5.7484840232007215e-05,train
2020-02-04,-0.0012498183221325756,0.0,1.9447884527735835e-05,-0.0012692662066603115,0.4705606229262116,-0.002671233915360477,0.0,0.003740554345040864,-0.004990372667173441,1.9447884527735835e-05,train
2020-02-05,0.005879286975649656,8.772840190861485e-05,1.8743626500530263e-05,0.005772814947240511,0.456094911512903,-1.249000902703301e-16,0.2500000099999993,0.005234644858654133,0.000644642116995523,0.00010647202840914512,train
2020-02-06,-0.0008604432111826128,0.0,1.8583363896072338e-05,-0.0008790265750786851,0.4580407298826501,0.005845541744889906,0.0,-0.00020675565595090447,-0.0006536875552317082,1.8583363896072338e-05,train
2020-02-07,-0.0010109446834297153,0.0,1.865348855249352e-05,-0.001029598171982209,0.45889103920045354,0.004989484423111156,0.0,-0.0023201177736520136,0.0013091730902222995,1.865348855249352e-05,train
2020-02-10,-0.0008381163335799762,8.772562593205146e-05,4.933472422398486e-05,-0.0009751766837360126,0.4001594298167661,1.734723475976807e-17,0.25000000999999966,0.0008208683290053014,-0.0016589846625852773,0.00013706035015603632,train
2020-02-11,0.0008029681798567512,0.0,1.6597448423147516e-05,0.0007863707314336037,0.4030323105203684,-0.0008389344428878544,0.0,0.001692580628386074,-0.000889612448529323,1.6597448423147516e-05,train
2020-02-12,0.0010320228303014251,0.0,1.6657468308995512e-05,0.0010153653619924296,0.40529579084978634,-3.5938002437840844e-05,0.0,0.0022584394825313184,-0.0012264166522298944,1.6657468308995512e-05,train
2020-02-13,-0.0004153249461328897,8.773070226032527e-05,1.4723191051478246e-05,-0.0005177788394446932,0.3582643155859705,-1.249000902703301e-16,0.2500000099999995,-0.0005300985750335665,0.00011477362890067655,0.0001024538933118035,train
2020-02-14,-0.0007249417701099001,0.0,1.4721380021590112e-05,-0.0007396631501314902,0.3578047070880202,-0.00041554010400581334,0.0,-0.00020483832993578452,-0.0005201034401741155,1.4721380021590112e-05,train
2020-02-18,-0.0010289502085257423,0.0,5.9100227258465986e-05,-0.0010880504357842083,0.35838505641804874,-0.0011413260709526828,0.0,-0.0006573920109499142,-0.00037155819757582774,5.9100227258465986e-05,train
2020-02-19,-2.4208601885641976e-06,8.773868656172488e-05,1.663065550646856e-05,-0.00010679020225675763,0.40467928399073505,1.0061396160665481e-16,0.2500000099999996,0.0011594134421985458,-0.0011618343023871102,0.00010436934206819344,train
2020-02-20,0.0004816949964149005,0.0,1.6727935116376163e-05,0.00046496706129852436,0.40704400004641306,-2.4211187402249645e-06,0.0,-0.0002981992364646604,0.0007798942328795611,1.6727935116376163e-05,train
2020-02-21,0.0006946318721314181,0.0,1.6656089687448346e-05,0.0006779757824439698,0.4057772335292529,0.00047905113467637886,0.0,-0.0016846267972145253,0.002379258669345941,1.6656089687448346e-05,train
2020-02-24,-0.0009958434394656205,8.774194205094906e-05,4.7533774814531505e-05,-0.0011311191563311012,0.38555172905120016,1.2836953722228372e-16,0.25000000999999916,-0.0067413034911975814,0.005745460051731964,0.00013527571686548057,train
2020-02-25,-0.0007990978253914515,0.0,1.5389769674841535e-05,-0.000814487595066293,0.3734874242885321,-0.0009969711326118982,0.0,-0.006532674478957358,0.0057335766535659095,1.5389769674841535e-05,train
2020-02-26,-0.0005358935392925644,0.0,1.4930677650938602e-05,-0.0005508242169435031,0.36151562314648433,-0.001797533026355035,0.0,-0.002012702495701931,0.001476808956409367,1.4930677650938602e-05,train
2020-02-27,0.00034267879561224114,8.773982114992666e-05,1.4589847176298155e-05,0.0002403491272860163,0.35501961462325504,-7.719519468096792e-17,0.2500000099999996,-0.0072284171762321365,0.0075710959718443775,0.00010232966832622481,train
2020-02-28,0.0004166330893432456,0.0,1.3964209030144983e-05,0.00040266888031310064,0.340138349519715,0.0003425964528537082,0.0,-0.0013598384132419298,0.001776471502585175,1.3964209030144983e-05,train
2020-03-02,-0.0011863738955013678,0.0,4.143790726558321e-05,-0.001227811802766951,0.3368663939902047,0.0007589239471409203,0.0,0.006111152205633733,-0.007297526101135101,4.143790726558321e-05,train
2020-03-03,-0.000479615363931934,8.778436225880021e-05,1.6539951146007477e-05,-0.0005839396773367416,0.4024721445528486,2.0816681711721685e-17,0.25000000999999966,-0.0053914801933345686,0.004911864829402636,0.0001043243134048077,train
2020-03-04,-0.0014424670775860997,0.0,1.6145664322537216e-05,-0.001458612741908637,0.3923979362543954,-0.0004798955940102283,0.0,0.007113025215574455,-0.008555492293160556,1.6145664322537216e-05,train
2020-03-05,-0.00312329997980836,0.0,1.6873467324359764e-05,-0.0031401734471327197,0.4086625341425714,-0.0019251707501828988,0.0,-0.008768581690149933,0.005645281710341575,1.6873467324359764e-05,train
2020-03-06,-0.0007853947228239726,8.783385554052582e-05,1.851733777000951e-05,-0.0008917459161345079,0.45058855240356466,-9.020562075079397e-17,0.25000000999999994,-0.004804752645042687,0.004019357922218717,0.00010635119331053533,train
2020-03-09,-0.004576364550174138,0.0,5.4609636674350954e-05,-0.004630974186848489,0.44215873508259634,-0.0007860957204724843,0.0,-0.02115566794503568,0.01657930339486154,5.4609636674350954e-05,train
2020-03-10,0.0015331126895056126,0.0,1.6918880653550073e-05,0.0015161938088520625,0.4063053533460229,-0.005387409223695544,0.0,0.01009657520041964,-0.008563462510914027,1.6918880653550073e-05,train
2020-03-11,-0.0037472980644674397,8.793218217586403e-05,1.5289395255658846e-05,-0.0038505196418989625,0.3720419512210319,2.7755575615628914e-17,0.25000000999999994,-0.012252744886816528,0.008505446822349091,0.00010322157743152288,train
2020-03-12,-0.005384944922186972,0.0,1.4646714898048081e-05,-0.00539959163708502,0.3526416129691549,-0.003761782883348299,0.0,-0.020940102124119057,0.015555157201932087,1.4646714898048081e-05,train
2020-03-13,-0.0021066497189874134,0.0,1.344078356921259e-05,-0.002120090502556626,0.3178626823243237,-0.009196384526516069,0.0,0.011884261459490921,-0.013990911178478347,1.344078356921259e-05,train
2020-03-16,-0.00417271412287294,8.801292823360657e-05,4.8093355331196014e-05,-0.0043088204064377425,0.39009054879747834,-4.570996359198887e-16,0.2500000099999997,-0.027000900083347962,0.02282818596047502,0.0001361062835648026,train
2020-03-17,-0.004019624654248311,0.0,1.4216083738418383e-05,-0.004033840737986729,0.3417339328972955,-0.004190771404218605,0.0,0.005579999549897979,-0.009599624204146283,1.4216083738418383e-05,train
2020-03-18,-0.00448774058064956,0.0,1.5065867256068984e-05,-0.004502806447905629,0.358359120269512,-0.008243649628166696,0.0,-0.01579505736675481,0.011307316786105243,1.5065867256068984e-05,train
2020-03-19,0.015594919973003695,8.817592171855872e-05,1.6248065019959036e-05,0.015490495986265177,0.3953695821523364,-1.6393136847980827e-16,0.2500000099999999,0.014550212682216873,0.001044707290786822,0.00010442398673851776,train
2020-03-20,0.0058475462891129,0.0,1.5915657242655498e-05,0.0058316306318702445,0.40263802483612465,0.015357031931507571,0.0,-0.0036896577987643956,0.009537204087877301,1.5915657242655498e-05,train
2020-03-23,0.0014163176518554451,0.0,4.51321384030394e-05,0.0013711855134524056,0.3871534271643976,0.021081637895300237,0.0,-0.004447996315569496,0.005864313967424944,4.51321384030394e-05,train
2020-03-24,0.005583748829816719,8.827885173050811e-05,1.2424920159373774e-05,0.0054830450579268376,0.3023397238780947,-4.193694003173931e-16,0.2500000099999996,0.018912296796592225,-0.013328547966775493,0.00010070377188988189,train
2020-03-25,0.00891945724113203,0.0,1.3446688453860978e-05,0.00890601055267817,0.33275605221387583,0.0055532998365920875,0.0,0.009574745726025288,-0.000655288484893259,1.3446688453860978e-05,train
2020-03-26,0.0032963527457647917,0.0,1.3381373131071799e-05,0.00328297137263372,0.33995841320928083,0.014345000353200337,0.0,0.01185306055851522,-0.008556707812750428,1.3381373131071799e-05,train
2020-03-27,0.00040600045932839124,8.822048139480907e-05,1.0515908843854138e-05,0.00030726406908972804,0.2558871152004503,-3.2829641782861074e-16,0.25000000999999966,-0.005054086228518404,0.005460086687846795,9.873639023866321e-05,train
2020-03-30,-0.000176438475907403,0.0,3.019212683086936e-05,-0.00020663060273827237,0.24529757115423445,0.0004058757482940994,0.0,0.002375942810314319,-0.0025523812862217224,3.019212683086936e-05,train
2020-03-31,0.0003331769579057867,0.0,1.0275950366025394e-05,0.00032290100753976135,0.2502776102642313,0.00022948469094670725,0.0,-0.0015771678917910227,0.0019103448496968095,1.0275950366025394e-05,train
2020-04-01,-0.0004878316862436618,8.816634506606324e-05,1.0781118203086298e-05,-0.0005867791495128114,0.2623405429417659,-6.652664530371055e-16,0.25000000999999966,-0.0077481748643647005,0.007260343178121039,9.894746326914954e-05,train
2020-04-02,-0.001336423119381888,0.0,1.0190357157004083e-05,-0.001346613476538892,0.24747723938332924,-0.00048811810377012536,0.0,0.0018084117534835505,-0.0031448348728654388,1.0190357157004083e-05,train
2020-04-03,-0.0005301075431996615,0.0,1.0462926253092208e-05,-0.0005405704694527537,0.2527708706705998,-0.0018270014879773824,0.0,-0.002227649834528592,0.0016975422913289293,1.0462926253092208e-05,train
2020-04-06,0.0043214357677186024,8.82351049801437e-05,3.831931893707337e-05,0.004194881343801386,0.3108122536007063,4.5102810375396984e-17,0.25000000999999933,0.014610202603006451,-0.010288766835287856,0.00012655442391721708,train
2020-04-07,0.0011244282071001589,0.0,1.3561867954143653e-05,0.0011108663391460152,0.3343088371350349,0.0043033835842060456,0.0,0.0024251749962199334,-0.0013007467891197756,1.3561867954143653e-05,train
2020-04-08,0.002626363043432763,0.0,1.3653611311925598e-05,0.0026127094321208373,0.3376596641653661,0.005421788908509789,0.0,0.009447087188352287,-0.006820724144919519,1.3653611311925598e-05,train
2020-04-09,0.001577937026062872,8.8254809905187e-05,1.1587031585931175e-05,0.001478095184571754,0.28195110192432504,-1.5959455978986625e-16,0.2500000099999995,0.003413873602883109,-0.0018359365768202364,9.984184149111817e-05,train
2020-04-13,0.002183371564496021,0.0,4.6882425243630845e-05,0.00213648913925239,0.2867770283593647,0.0015756081272770128,0.0,-0.001971628558900191,0.004155000123396213,4.6882425243630845e-05,train
2020-04-14,0.000861832057471202,0.0,1.135483995919971e-05,0.0008504772175120023,0.28005207146795186,0.0037509657940922453,0.0,0.00436638283699943,-0.0035045507795282327,1.135483995919971e-05,train
2020-04-15,0.0003531623154621191,8.835600406977859e-05,1.157777605473358e-05,0.00025322853533760696,0.2817258839985175,3.400058012914542e-16,0.25000001,-0.0038573936921009358,0.004210556007563054,9.993378012451217e-05,train
2020-04-16,0.0017698732221281652,0.0,1.1228859490579238e-05,0.001758644362637586,0.2735886538447554,0.00035307290732727176,0.0,0.0002906992874066578,0.0014791739347215075,1.1228859490579238e-05,train
2020-04-17,0.0002804741669734962,0.0,1.1087784081769564e-05,0.0002693863828917266,0.2719219651663234,0.002119219176597329,0.0,0.0058770609205086284,-0.0055965867535351325,1.1087784081769564e-05,train
2020-04-20,0.0009522190357604064,8.827354357420805e-05,3.6873063132741186e-05,0.0008270724290534571,0.2990815120766785,-3.9898639947466563e-17,0.25000000999999994,-0.003024259896025303,0.003976478931785708,0.00012514660670694924,train
2020-04-21,0.0005412149325928859,0.0,1.1954300087431806e-05,0.0005292606325054541,0.2918394009266495,0.0009514321324754806,0.0,-0.004400266305889564,0.0049414812384824475,1.1954300087431806e-05,train
2020-04-22,0.0005055225523661711,0.0,1.1542042195989789e-05,0.0004939805101701814,0.28234821758605116,0.0014918574836329714,0.0,0.003614996670723624,-0.0031094741183574524,1.1542042195989789e-05,train
2020-04-23,0.0006763499442310205,8.82586160828556e-05,1.3046125282671141e-05,0.0005750452028654938,0.31745571521166427,-1.5959455978986625e-16,0.25000000999999955,0.0007575211138140007,-8.117116958298044e-05,0.00010130474136552674,train
2020-04-24,-0.0014905215305111785,0.0,1.30452952511964e-05,-0.001503566825762375,0.3181114790150772,0.0006759612359647955,0.0,0.0014357157081942803,-0.002926237238705458,1.30452952511964e-05,train
2020-04-27,0.0006337520771645627,0.0,3.991744224478759e-05,0.0005938346349197752,0.3229590224341896,-0.0008157868846430279,0.0,0.003959419016718094,-0.0033256669395535315,3.991744224478759e-05,train
2020-04-28,-3.564604531132773e-05,8.826203768665003e-05,1.3243871290948099e-05,-0.00013715195428892586,0.3222675347464037,-5.377642775528102e-17,0.25000001,0.0015187089512881953,-0.0015543549965995232,0.00010150590897759813,train
2020-04-29,-0.0005368992548568288,0.0,1.337346069241763e-05,-0.0005502727155492464,0.32538522591392227,-3.565093490677344e-05,0.0,0.0059686259030219515,-0.0065055251578787785,1.337346069241763e-05,train
2020-04-30,0.001415688245029858,0.0,1.391581888577284e-05,0.0014017724261440852,0.33804539413183077,-0.0005728654219749937,0.0,-0.00285877880805629,0.004274467053086149,1.391581888577284e-05,train
2020-05-01,0.0014063104601395996,8.826131552416597e-05,1.3105716918886518e-05,0.0013049434276965473,0.3189057783595716,-3.642919299551295e-16,0.25000000999999916,-0.00538104279777929,0.006787353257918887,0.0001013670324430525,train
2020-05-04,-0.00084227894488293,0.0,3.759449810942672e-05,-0.0008798734429923568,0.3063376290282169,0.0014044776962002271,0.0,0.0008137088820658317,-0.0016559878269487615,3.759449810942672e-05,train
2020-05-05,0.0008704039458143514,0.0,1.267876366576472e-05,0.0008577251821485866,0.3090792763843013,0.0005626938506930607,0.0,0.0013830946148889079,-0.0005126906690745557,1.267876366576472e-05,train
2020-05-06,-0.0006435750007437761,8.82666832045338e-05,1.2818425728092824e-05,-0.0007446601096764027,0.3119150260502588,1.0061396160665481e-16,0.2500000099999997,-0.0021711430920348064,0.0015275680912910292,0.00010108510893262662,train
2020-05-07,-0.0007475525346197939,0.0,1.2702331105617131e-05,-0.0007602548657254111,0.3084460023008356,-0.0006440546025146205,0.0,0.0023374020871878894,-0.0030849546218076835,1.2702331105617131e-05,train
2020-05-08,0.0011871279342637873,0.0,1.2965746291444145e-05,0.001174162187972343,0.31410716050696574,-0.0013926659181750355,0.0,0.004605091570683348,-0.003417963636419562,1.2965746291444145e-05,train
2020-05-11,-0.00018753381626976574,8.826103858792528e-05,4.010593970671521e-05,-0.0003159007945644062,0.3253037331766901,2.2551405187698492e-17,0.2500000099999997,-0.000848969512493313,0.0006614356962235473,0.00012836697829464048,train
2020-05-12,0.00028276323835553274,0.0,1.3318489312489487e-05,0.0002694447490430433,0.32389564686017236,-0.00018759307707184002,0.0,-0.003606118364401804,0.003888881602757336,1.3318489312489487e-05,train
2020-05-13,-0.0002451532147252438,0.0,1.299535367834268e-05,-0.00025814856840358644,0.3163154173647629,9.51445250910038e-05,0.0,-0.003983252764848792,0.003738099550123551,1.299535367834268e-05,train
2020-05-14,0.0012307166709800066,8.825875395696477e-05,1.3715060957038594e-05,0.0011287428560660033,0.333733149954606,1.7520707107365752e-16,0.2500000099999995,0.003298371797398228,-0.00206765512641822,0.00010197381491400336,train
2020-05-15,-0.00018150837089929442,0.0,1.3869350283953187e-05,-0.0001953777211832476,0.3387168526507638,0.001229329074569508,0.0,0.00040538920071631106,-0.0005868975716156058,1.3869350283953187e-05,train
2020-05-18,0.0017182247633367692,0.0,4.17609244758316e-05,0.0016764638388609375,0.33977552399068683,0.0010480254644971987,0.0,0.009036238772424918,-0.007318014009088141,4.17609244758316e-05,train
2020-05-19,0.00019200790397574976,8.827000484038145e-05,1.2270329126930848e-05,9.146757000843746e-05,0.2985780087553166,-7.320533068622126e-16,0.25000000999999955,-0.0014576087963980508,0.0016496167003738015,0.0001005403339673123,train
2020-05-20,-2.8971827389398698e-05,0.0,1.2133634358603399e-05,-4.11054617480021e-05,0.2954437597357676,0.000191990343084876,0.0,0.00241530416196725,-0.002444275989356651,1.2133634358603399e-05,train
2020-05-21,0.0004940763501038504,0.0,1.2335040792536332e-05,0.0004817413093113141,0.3003156845019731,0.00016302521692228462,0.0,-0.0004987068714186071,0.0009927832215224574,1.2335040792536332e-05,train
2020-05-22,-6.397247611641033e-05,8.832915507342715e-05,1.3302037775120907e-05,-0.00016560366896495836,0.32368291919460823,-5.551115123125783e-16,0.2500000099999993,0.00042205537821250175,-0.00048602785432891207,0.00010163119284854806,train
2020-05-26,-0.0019747032661517104,0.0,5.337678047067251e-05,-0.002028080046622383,0.3246447647913094,-6.398307194843689e-05,0.0,0.0026099331739866064,-0.0045846364401383125,5.337678047067251e-05,train
2020-05-27,-0.0009713164833161092,0.0,1.3748898417648022e-05,-0.0009850653817337573,0.33251369880320564,-0.0020428293595629327,0.0,0.003158343582251435,-0.004129660065567546,1.3748898417648022e-05,train
2020-05-28,0.0027812130759097727,8.828937543236851e-05,1.5485451350554457e-05,0.0026774382491268497,0.3768126495301585,7.632783294297951e-17,0.2500000099999997,0.00037833061522324417,0.0024028824606865296,0.00010377482678292297,train
2020-05-29,0.00194575328806977,0.0,1.524713091051562e-05,0.0019305061571592544,0.37378730525656323,0.0027737864340165036,0.0,0.0019307733643960606,1.4979923673709594e-05,1.524713091051562e-05,train
2020-06-01,1.0931118730616045e-05,0.0,4.5649572271395286e-05,-3.471845354077924e-05,0.3749791990447231,0.0047104461767391095,0.0,0.0016444532606116208,-0.0016335221418810042,4.5649572271395286e-05,train
2020-06-02,-0.0009146935252923305,8.830357180401481e-05,1.539139502978976e-05,-0.001018388492126135,0.3745239457248841,0.0,0.25000000999999916,0.0014540775105378833,-0.002368771035830213,0.00010369496683380457,train
2020-06-03,-0.002170305023283342,0.0,1.5601977413836687e-05,-0.0021859070006971784,0.37873249108176416,-0.0009156259882618697,0.0,0.0033149593060175938,-0.005485264329300935,1.5601977413836687e-05,train
2020-06-04,-0.0032807411701996376,0.0,1.608798790272457e-05,-0.003296829158102362,0.38838168095241915,-0.00309269134721208,0.0,-0.0013324354815823268,-0.001948305688617311,1.608798790272457e-05,train
2020-06-05,-0.0032418891830746856,8.825556895257318e-05,1.7861414675471387e-05,-0.0033480061667027303,0.43462775710313695,-1.6653345369377348e-16,0.25000000999999933,0.005517161040275417,-0.008759050223350101,0.00010611698362804456,train
2020-06-08,-0.005230857573994294,0.0,5.593126806530559e-05,-0.0052867888420596,0.4504119503541046,-0.0032527795089296735,0.0,0.0018537455474375462,-0.007084603121431838,5.593126806530559e-05,train
2020-06-09,0.005324568726051914,0.0,1.9328236473661174e-05,0.005305240489578253,0.46179169419922217,-0.008528726659866322,0.0,-0.0018354839759472546,0.007160052701999169,1.9328236473661174e-05,train
2020-06-10,0.006045380249233687,8.821590167707745e-05,1.5845703540162297e-05,0.005941318644016447,0.38557878614394925,-5.204170427930421e-18,0.2500000099999994,-0.0005038476801789975,0.006549227929412684,0.00010406160521723975,train
2020-06-11,0.003153041966429913,0.0,1.5217001777269904e-05,0.0031378249646526434,0.37629005143620176,0.006009674855967442,0.0,-0.011661284382748889,0.014814326349178808,1.5217001777269904e-05,train
2020-06-12,-0.00330325638327491,0.0,1.3955595696381135e-05,-0.003317211978971291,0.34872021769949746,0.009134055754223226,0.0,0.00257192295420721,-0.005875179337482118,1.3955595696381135e-05,train
2020-06-15,0.0010947419680012857,8.812444796420383e-05,4.014336209939484e-05,0.000966474157937687,0.3256072703617583,1.5699247457590104e-16,0.2500000099999998,0.0023930679098051848,-0.0012983259418038987,0.00012826781006359866,train
2020-06-16,-0.00027244456021429113,0.0,1.3474809366007055e-05,-0.0002859193695802982,0.3289807128559322,0.0010936849497605746,0.0,0.0031671491504366,-0.0034395937106508896,1.3474809366007055e-05,train
2020-06-17,0.0007663343952978357,0.0,1.376145036360179e-05,0.0007525729449342339,0.3356834341128798,0.0008214752652362478,0.0,-0.0012845722818480806,0.002050906677145916,1.376145036360179e-05,train
2020-06-18,0.00012317393187073116,8.810505664825744e-05,1.3772450664293486e-05,2.1296424558180232e-05,0.3351296328311423,7.650130529057719e-16,0.2500000099999996,0.0001548247170731939,-3.165078520246266e-05,0.00010187750731255092,train
2020-06-19,-0.0006006541003143132,0.0,1.3774758745583256e-05,-0.0006144288590598964,0.3353089674512889,0.00012317130876300826,0.0,-0.0018852043346572354,0.0012845502343429226,1.3774758745583256e-05,train
2020-06-22,0.00037788409985943934,0.0,4.103274952827895e-05,0.0003368513503311604,0.332343414267133,-0.0004777763511296055,0.0,0.0006729234436681403,-0.0002950393438087014,4.103274952827895e-05,train
2020-06-23,7.50208682474508e-05,8.803831895561627e-05,1.4641317865026685e-05,-2.7658768573192162e-05,0.3562720680489825,-2.6194324487249787e-16,0.25000000999999933,0.0005047781855373116,-0.0004297573172898611,0.00010267963682064296,train
2020-06-24,1.5041565033494962e-05,0.0,1.4677046333283864e-05,3.645187002110977e-07,0.3572164837198634,7.502294328941977e-05,0.0,-0.005943390068157653,0.005958431633191149,1.4677046333283864e-05,train
2020-06-25,-0.0010725584413100796,0.0,1.4187307054907508e-05,-0.001086745748364987,0.34531453614490876,9.006447549272066e-05,0.0,0.0013165653441157912,-0.00238912378542587,1.4187307054907508e-05,train
2020-06-26,0.0012135577784943672,8.804919583466363e-05,1.5000342908841242e-05,0.0011105082397508622,0.36500834411513705,7.112366251504909e-17,0.2500000099999995,-0.0035717023854533,0.004785260163947666,0.00010304953874350487,train
2020-06-29,0.00039089188670478857,0.0,4.377249184993682e-05,0.00034711939485485173,0.3562557566125591,0.0012122116075159728,0.0,0.003529844248662384,-0.0031389523619575945,4.377249184993682e-05,train
2020-06-30,0.0006033416329523814,0.0,1.484367417399337e-05,0.0005884979587783881,0.3627986187861719,0.0016025472189998662,0.0,0.0030349308656113555,-0.002431589232658975,1.484367417399337e-05,train
2020-07-01,0.00040028173795880187,8.801408618350017e-05,1.261228993445286e-05,0.0002996553618408488,0.30689905507168685,5.30825383648903e-16,0.2500000099999998,0.0004532995266418147,-5.301778868301289e-05,0.00010062637611795303,train
2020-07-02,-0.0004052001147986302,0.0,1.261286804738137e-05,-0.0004178129828460116,0.30731328431360216,0.00040016182732217865,0.0,0.0005892792784231345,-0.0009944793932217645,1.261286804738137e-05,train
2020-07-06,-0.0012676105229013786,0.0,5.0799649071710055e-05,-0.0013184101719730887,0.3090261581261512,-5.040393418268875e-06,0.0,0.001446839503285117,-0.0027144500261864967,5.0799649071710055e-05,train
2020-07-07,-8.751787689879694e-05,8.797540847960758e-05,1.4732095235619066e-05,-0.0001902253806140236,0.35848098406673046,-2.1510571102112408e-16,0.2500000099999995,-0.0027894409906777215,0.0027019231137789235,0.00010270750371522665,train
2020-07-08,-0.0007122791544879317,0.0,1.4512780062364806e-05,-0.0007267919345502965,0.35305678032268906,-8.753452818795367e-05,0.0,0.000649221859138577,-0.001361501013626509,1.4512780062364806e-05,train
2020-07-09,-0.00043754594293088876,0.0,1.4635321088592356e-05,-0.0004521812640194811,0.35532575108548103,-0.000800395403599676,0.0,-0.0026934092303347963,0.002255863287403908,1.4635321088592356e-05,train
2020-07-10,0.00029493990676682496,8.796196331137794e-05,1.6135740024285663e-05,0.00019084220343116136,0.3926363405909512,7.806255641895632e-18,0.25000000999999944,0.0033095765147042274,-0.003014636607937402,0.0001040977033356636,train
2020-07-13,0.0018977396431859542,0.0,4.914117691638701e-05,0.0018485984662695671,0.39888442973010874,0.00029488363052502554,0.0,-0.0006392334695677415,0.002536973112753696,4.914117691638701e-05,train
2020-07-14,-0.0002589378024452699,0.0,1.614203382845005e-05,-0.00027507983627371994,0.3949780672983694,0.002188577472751547,0.0,0.003015129715963126,-0.0032740675184083964,1.614203382845005e-05,train
2020-07-15,0.002416958156876962,8.793587487676704e-05,1.3798378509760374e-05,0.0023152239034904347,0.3357605437375025,1.3704315460216776e-16,0.25000000999999955,0.004420103030659149,-0.0020031448737821873,0.00010173425338652742,train
2020-07-16,-0.0009054424595000936,0.0,1.3930767707789779e-05,-0.0009193732272078834,0.3413933895060658,0.002411375283181187,0.0,-0.0008948278026251849,-1.0614656874908676e-05,1.3930767707789779e-05,train
2020-07-17,0.0006249318012894768,0.0,1.3944460308816932e-05,0.00061098734098066,0.3408225194599366,0.001507318612057891,0.0,0.001038564251353896,-0.0004136324500644191,1.3944460308816932e-05,train
2020-07-20,0.0002595458000836276,8.791311734820518e-05,3.793743552112879e-05,0.0001336952472142936,0.307714754782489,-1.249000902703301e-16,0.25000000999999933,-0.00012191648186706719,0.0003814622819506948,0.00012585055286933397,train
2020-07-21,-0.00011180733906623137,0.0,1.2612772508367783e-05,-0.00012442011157459915,0.30717030880829826,0.00025951110468220955,0.0,0.0014271908583332856,-0.001538998197399518,1.2612772508367783e-05,train
2020-07-22,-0.0008827516000882148,0.0,1.2740850728963024e-05,-0.0008954924508171778,0.310175089883322,0.00014772214522176634,0.0,0.0006899482512521273,-0.001572699851340342,1.2740850728963024e-05,train
2020-07-23,-0.0007742438657959424,8.792466355221122e-05,1.4347867031318176e-05,-0.0008765163963794718,0.3491314310954085,-3.7643499428696714e-16,0.25000000999999944,-0.0012611261462220477,0.0004868822804261043,0.0001022725305835294,train
2020-07-24,-0.0007992235908738907,0.0,1.4320401376248332e-05,-0.0008135439922501391,0.34768817705677796,-0.0007749230985981698,0.0,-0.0012835707757445328,0.0004843471848706426,1.4320401376248332e-05,train
2020-07-27,-0.0007797376269395332,0.0,4.287665810337096e-05,-0.0008226142850429042,0.34620190957980695,-0.0015754283697575044,0.0,0.00048137880894270825,-0.0012611164358822416,4.287665810337096e-05,train
2020-07-28,0.002562706625111086,8.7917000004402e-05,1.582702394553836e-05,0.0024589626011611455,0.3851242493414334,-6.331740687315346e-17,0.2500000099999997,0.000110467908223883,0.0024522387168872018,0.00010374402394994037,train
2020-07-29,-0.0018448131420129676,0.0,1.5587141879456373e-05,-0.001860400283892424,0.3818435395495229,0.0025564204827510997,0.0,0.0018775024790191163,-0.0037223156210320846,1.5587141879456373e-05,train
2020-07-30,-0.0008925738099516794,0.0,1.5922708240060387e-05,-0.0009084965181917398,0.38816550085756674,0.0007129336827639311,0.0,-0.001934216565763822,0.0010416427558121435,1.5922708240060387e-05,train
2020-07-31,-0.0012026554396444421,8.792452730602946e-05,1.5824525905892578e-05,-0.0013064044928563642,0.38506346371005296,1.5265566588595902e-16,0.2500000099999995,-0.001118422176702973,-8.423326294146953e-05,0.00010374905321192204,train
2020-08-03,0.0007676580931299162,0.0,4.755647555666618e-05,0.00072010161757325,0.3845316286435968,-0.0012042286493622323,0.0,0.0012962210974801782,-0.0005285630043502616,4.755647555666618e-05,train
2020-08-04,0.0004089207967640612,0.0,1.5884163841416853e-05,0.00039303663292264434,0.38607839706718905,-0.000436256407287762,0.0,0.0016751640232243747,-0.001266243226460314,1.5884163841416853e-05,train
2020-08-05,-0.00027470148769435666,8.79124044905231e-05,1.4325545075774988e-05,-0.00037693943726065473,0.3485882635105244,-3.7643499428696714e-16,0.2500000099999993,0.001005921965834008,-0.0012806234535283642,0.00010223794956629809,train
2020-08-06,0.0005679617131867917,0.0,1.443624338744142e-05,0.0005535254697993503,0.3510071173551771,-0.00027480507256414516,0.0,0.0002702033823592648,0.0002977583308275268,1.443624338744142e-05,train
2020-08-07,-0.00036621906875630283,0.0,1.440379723134677e-05,-0.0003806228659876496,0.3507853937568309,0.00029299446072612,0.0,0.000728375818103418,-0.001094594886859721,1.440379723134677e-05,train
2020-08-10,-0.0009106492693048989,8.791059461611754e-05,4.420164619040616e-05,-0.0010427615101114226,0.35852446354440504,-5.299580219109146e-16,0.2500000099999997,0.0011196381002777495,-0.0020302873695826474,0.00013211224080652369,train
2020-08-11,-0.0004324142356879897,0.0,1.491630915101056e-05,-0.00044733054483900027,0.3620519228240482,-0.0009115998505421956,0.0,-0.0008526120902814868,0.0004201978545934972,1.491630915101056e-05,train
2020-08-12,0.0005993793367438186,0.0,1.4888432391617517e-05,0.0005844909043522011,0.3609405726221787,-0.0013446155738474378,0.0,0.002266917378531756,-0.0016675380417879365,1.4888432391617517e-05,train
2020-08-13,0.0014635129027901269,8.788451218082708e-05,1.5383319733269888e-05,0.0013602450708760298,0.3743274468429006,-6.071532165918825e-17,0.25000001,0.0005182840670488743,0.0009452288357412519,0.00010326783191409696,train
2020-08-14,-0.0004145381132043865,0.0,1.5284838565658015e-05,-0.0004298229517700445,0.3733925966351337,0.0014615248707886101,0.0,-0.00011550852093637334,-0.000299029592268013,1.5284838565658015e-05,train
2020-08-17,0.0008278192915512448,0.0,4.594799852544906e-05,0.0007818712930257957,0.37373675834312126,0.0010474369700344773,0.0,0.000882621591355318,-5.480229980407285e-05,4.594799852544906e-05,train
2020-08-18,0.0007302021163247843,8.786874166991017e-05,1.3241522473811793e-05,0.0006290918521810623,0.32221038019608694,-2.2551405187698492e-17,0.2500000099999992,-0.00013231237992842484,0.0008625144962532095,0.00010111026414372196,train
2020-08-19,0.00019833886682921772,0.0,1.3162350543897305e-05,0.0001851765162853204,0.32101360627575803,0.0007297430409235325,0.0,-0.00023018089676705351,0.000428519763596271,1.3162350543897305e-05,train
2020-08-20,0.0005407284219569066,0.0,1.3124699355306034e-05,0.0005276037226016005,0.3202955943930435,0.0009279100805965959,0.0,-0.0004352350180988654,0.0009759634400557721,1.3124699355306034e-05,train
2020-08-21,-0.0008002699806223621,8.787754773228242e-05,1.3123700447351164e-05,-0.0009012712288019956,0.3193433775522113,-3.469446951953614e-16,0.2500000099999999,-0.00024143940947017798,-0.0005588305711521843,0.00010100124817963359,train
2020-08-24,0.0009455711764218891,0.0,3.954453553364849e-05,0.0009060266408882406,0.31994912965913536,-0.0008009918915690903,0.0,0.0024520320170443445,-0.0015064608406224558,3.954453553364849e-05,train
2020-08-25,-0.00025104433160304127,0.0,1.3293286472090066e-05,-0.00026433761807513135,0.3236144192316027,0.00014444841074442646,0.0,0.00010595451182407207,-0.0003569988434271134,1.3293286472090066e-05,train
2020-08-26,-0.0008932605753251338,8.789800302959511e-05,1.5610850249457613e-05,-0.0009967694286041864,0.3798640227368018,-9.71445146547012e-17,0.2500000099999999,5.656895882639995e-05,-0.0009498295341515335,0.00010350885327905272,train
2020-08-27,-0.0010079289664069856,0.0,1.57045722678727e-05,-0.0010236335386748583,0.38125044001302666,-0.0008941518385424171,0.0,0.00014028031404801462,-0.0011482092804550002,1.57045722678727e-05,train
2020-08-28,-0.0005698870119447558,0.0,1.5815134535518763e-05,-0.0005857021464802745,0.382930910530544,-0.0019040298337458569,0.0,0.0016857224522763043,-0.002255609464221059,1.5815134535518763e-05,train
2020-08-31,0.0014086017038886828,8.788488955485179e-05,5.1959434345280054e-05,0.001268757379988551,0.4214487452450493,2.0816681711721685e-17,0.25000000999999966,-0.0005741002243096976,0.0019827019281983796,0.00013984432390013184,train
2020-09-01,0.00022664803789723505,0.0,1.7135109349664714e-05,0.00020951292854757035,0.41836114430320614,0.001406816794698132,0.0,0.0009414862680229051,-0.0007148382301256702,1.7135109349664714e-05,train
2020-09-02,0.000581552507114939,0.0,1.7190261594749114e-05,0.0005643622455201898,0.41992948814451003,0.0016331226722816183,0.0,0.003925767595306982,-0.0033442150881920407,1.7190261594749114e-05,train
2020-09-03,-0.00174526023210756,8.785412702994405e-05,1.6425600910597157e-05,-0.0018495399600481012,0.3996896221578643,1.6653345369377348e-16,0.2500000099999998,-0.006667000543270434,0.0049217403111628715,0.0001042797279405412,train
2020-09-04,-0.0005310004697790117,0.0,1.605076083322989e-05,-0.0005470512306122415,0.38882001946670136,-0.0017484941418927369,0.0,-0.0012793312635929325,0.0007483307938139213,1.605076083322989e-05,train
2020-09-08,-0.001670007601675234,0.0,6.399202368587652e-05,-0.0017339996253611105,0.3870040684611981,-0.0022807422945506847,0.0,-0.0052947218914325385,0.003624714289757305,6.399202368587652e-05,train
2020-09-09,0.0018790767077624508,8.781791664408684e-05,1.5765385688330054e-05,0.001775493405430034,0.3836243850826977,-3.7556763254897874e-16,0.2500000099999998,0.003726010482405848,-0.0018469337746433987,0.00010358330233241689,train
2020-09-10,-0.0006807440172167733,0.0,1.5888977689221907e-05,-0.0006966329949059952,0.3885075367702515,0.00187574633251844,0.0,-0.0032858908012900756,0.002605146784073303,1.5888977689221907e-05,train
2020-09-11,-0.000547258236193085,0.0,1.5685783269913196e-05,-0.0005629440194629982,0.3828832282749005,0.0011958353736794512,0.0,0.00039867114392753663,-0.0009459293801206214,1.5685783269913196e-05,train
2020-09-14,-0.00026050769061234286,8.783751830955002e-05,5.1591034140359425e-05,-0.0003999362430622523,0.41846061024958225,1.682681771697503e-16,0.25000000999999983,0.0032783036076569206,-0.003538811298269263,0.00013942855244990945,train
2020-09-15,0.0005942562431214273,0.0,1.749486941506401e-05,0.0005767613737063633,0.42544787718112703,-0.00026061191876385753,0.0,0.0008495526626932495,-0.0002552964195718226,1.749486941506401e-05,train
2020-09-16,-0.0016815303960170665,0.0,1.7505756038525526e-05,-0.001699036152055592,0.42630684893957727,0.00033345200212275914,0.0,4.484358120328472e-05,-0.0017263739772203509,1.7505756038525526e-05,train
2020-09-17,-0.0005787227298311646,8.786610304652586e-05,1.9413366092445836e-05,-0.0006860021989701364,0.47239190824951516,-2.1206994493816467e-16,0.2500000099999994,-0.002089918967971769,0.0015111962381406045,0.0001072794691389717,train
2020-09-18,-0.0003682725010186916,0.0,1.9302399671081437e-05,-0.00038757490068977305,0.4691126053222184,-0.0005791200074299471,0.0,-0.0026918172804711498,0.0023235447794524595,1.9302399671081437e-05,train
2020-09-21,0.0032984634865174407,0.0,5.735650010334777e-05,0.003241106986414093,0.46427718544633667,-0.0009477598363730995,0.0,-0.0021203388712782976,0.0054188023577957396,5.735650010334777e-05,train
2020-09-22,0.0010231194570907085,8.783464825200542e-05,1.5207403247687683e-05,0.0009200774055910154,0.37004681236040043,1.1362438767648086e-16,0.25000000999999944,0.0019202814843060749,-0.0008971620272153659,0.00010304205149969311,train
2020-09-23,-0.0002611383510109094,0.0,1.5267095682603755e-05,-0.0002764054466935132,0.37252150725000444,0.001022178973313012,0.0,-0.003984714938332807,0.0037235765873218957,1.5267095682603755e-05,train
2020-09-24,0.0001959330972463072,0.0,1.4965184750440764e-05,0.00018096791249586644,0.36491407996362674,0.0007612510362348143,0.0,0.00036338267901609426,-0.00016744958176978715,1.4965184750440764e-05,train
2020-09-25,0.0011737279905682252,8.782169907287164e-05,1.3950866392282334e-05,0.001071955425103071,0.3394710822122034,-9.410874857174178e-17,0.25000000999999994,0.0030725220423870334,-0.0018987940518188071,0.00010177256546515398,train
2020-09-28,0.0010038411233116204,0.0,4.227547754294518e-05,0.0009615656457686751,0.344073566779865,0.001172471153754089,0.0,0.003741165180136226,-0.0027373240568246055,4.227547754294518e-05,train
2020-09-29,-0.00041687725277386663,0.0,1.4303058057308142e-05,-0.0004311803108311748,0.35021530101474757,0.002174221620249388,0.0,-0.0013060175134714089,0.0008891402606975421,1.4303058057308142e-05,train
2020-09-30,0.00034041465092886624,8.782862171043373e-05,1.450970314367582e-05,0.0002380763260747567,0.3530694431627785,1.3357370765021415e-16,0.2500000099999993,0.001364683248496938,-0.001024268597568072,0.00010233832485410955,train
2020-10-01,-0.0002584733586034931,0.0,1.4590415971119606e-05,-0.0002730637745746127,0.3553737889227935,0.0003403336255497942,0.0,0.0007279049031118731,-0.0009863782617153657,1.4590415971119606e-05,train
2020-10-02,0.0001797513357039718,0.0,1.4675495503209877e-05,0.00016507584020076193,0.3571856065375656,8.188262612525855e-05,0.0,-0.0004521016485299577,0.0006318529842339295,1.4675495503209877e-05,train
2020-10-05,0.0006622679502496269,8.783988142068198e-05,4.633422463019479e-05,0.0005280938441987503,0.37582204422269166,5.785302792382652e-16,0.25000000999999994,0.0033281603075526753,-0.0026658923573030504,0.00013417410605087677,train
2020-10-06,-5.8343854508240866e-05,0.0,1.5655588363882264e-05,-7.399944287212314e-05,0.3816145685830221,0.0006619183952203253,0.0,-0.0019488903598294726,0.0018905465053212329,1.5655588363882264e-05,train
2020-10-07,0.000840276044569446,0.0,1.550134807100428e-05,0.0008247746964984417,0.37780308893596803,0.0006036192081972057,0.0,0.003842057756129653,-0.003001781711560206,1.550134807100428e-05,train
2020-10-08,-0.00018255533972347482,8.784624378961011e-05,1.486333487640997e-05,-0.0002852649183894949,0.36167448199264296,3.972516759986888e-16,0.2500000099999999,0.0020066230942502646,-0.00218917843397374,0.00010270957866602007,train
2020-10-09,0.0008516439399161408,0.0,1.5047559891379583e-05,0.0008365963800247612,0.3659746832590195,-0.0001826074312170356,0.0,0.001324635550846595,-0.0004729916109304543,1.5047559891379583e-05,train
2020-10-12,0.001204707497180319,0.0,4.522147561978446e-05,0.0011594860215605345,0.36746489062351473,0.0006684772630407062,0.0,0.0023029191307110683,-0.0010982116335307487,4.522147561978446e-05,train
2020-10-13,0.0008764224798770788,8.781320804724144e-05,1.4123298644057744e-05,0.0007744859731857796,0.3436669336720722,3.86843335142828e-16,0.2500000099999993,-0.000378406533556611,0.0012548290134336902,0.00010193650669129918,train
2020-10-14,0.0006202333362173387,0.0,1.400931199718082e-05,0.0006062240242201578,0.34176900282632316,0.0008757442282565815,0.0,-0.00022125702962471296,0.000841490365842052,1.400931199718082e-05,train
2020-10-15,-0.0005293128998160781,0.0,1.3931702672609346e-05,-0.0005432446024886874,0.3404998362498787,0.0014950712163846313,0.0,-0.0002077130776507911,-0.00032159982216528686,1.3931702672609346e-05,train
2020-10-16,-0.0003173501978902315,8.783599729189023e-05,1.562382123447626e-05,-0.00042081001641659793,0.3801796500389232,8.482797797526587e-16,0.25000000999999966,0.00014931387528740434,-0.0004666640731776361,0.00010345981852636648,train
2020-10-19,-8.510410131715767e-05,0.0,4.700631228413298e-05,-0.00013211041360129065,0.380955938061938,-0.00031748379825173763,0.0,-0.0024178110842081194,0.002332706982890961,4.700631228413298e-05,train
2020-10-20,-0.0003086626526149224,0.0,1.5479086368820484e-05,-0.0003241417389837429,0.37625512721531496,-0.0004026410926501779,0.0,0.0006890789610054755,-0.0009977416136203975,1.5479086368820484e-05,train
2020-10-21,-0.0012432888314230944,8.783744850564837e-05,1.5994845384636924e-05,-0.0013471211253133796,0.3892079043594985,1.5612511283791264e-17,0.2500000099999999,-0.0014758734014589903,0.000232584570035896,0.0001038322938902853,train
2020-10-22,-0.001238663428924877,0.0,1.5997279117280398e-05,-0.0012546607080421573,0.3880221592357999,-0.0012449659513564474,0.0,0.0008967967820494131,-0.002135460210974291,1.5997279117280398e-05,train
2020-10-23,0.0006160402208475283,0.0,1.619311325784021e-05,0.0005998471075896881,0.391545673200392,-0.0024867494070530986,0.0,0.0010652753363674934,-0.000449235115519965,1.619311325784021e-05,train
2020-10-26,0.0009567796549309404,8.78124881551609e-05,4.839823850949046e-05,0.0008205689282662891,0.3925634901325342,3.9811903773667723e-16,0.25000000999999916,-0.00391878802142865,0.0048755676763595915,0.00013621072666465136,train
2020-10-27,0.0008962730295872304,0.0,1.5719115961854268e-05,0.0008805539136253762,0.38345448360009937,0.0009559951949787591,0.0,-0.0012029693131417637,0.0020992423427289944,1.5719115961854268e-05,train
2020-10-28,-0.0009582154004865492,0.0,1.553289794125648e-05,-0.0009737482984278057,0.37981782187471214,0.0018506386374710594,0.0,-0.0063971540790064,0.005438938678519848,1.553289794125648e-05,train
2020-10-29,0.00030002975577912716,8.782984649651099e-05,1.4392006058599437e-05,0.00019780790322401672,0.35020548075925273,-2.8536201179818477e-16,0.2500000099999992,0.0019428745953976425,-0.001642844839618515,0.00010222185255511043,train
2020-10-30,1.6530357549724263e-05,0.0,1.4524161407667642e-05,2.006196142056621e-06,0.3537212313391718,0.000299970419259183,0.0,-0.0009143181231587988,0.0009308484807085233,1.4524161407667642e-05,train
2020-11-02,-0.0008047250173733847,0.0,4.334287298578393e-05,-0.0008480678903591686,0.3518753588043172,0.00031650014184754233,0.0,0.002477413993288148,-0.0032821390106615323,4.334287298578393e-05,train
2020-11-03,-0.0005929774988968777,8.78489625250082e-05,1.5935746796733898e-05,-0.0006967622082186197,0.3877698387205253,4.198030811863873e-16,0.25000000999999994,0.003859787399923724,-0.004452764898820599,0.0001037847093217421,train
2020-11-04,0.0016809321259946414,0.0,1.631309382062262e-05,0.0016646190321740187,0.3963585586838645,-0.0005933909512860214,0.0,0.0032526826936292246,-0.0015717505676345821,1.631309382062262e-05,train
2020-11-05,0.0003086482675340011,0.0,1.6414954153687876e-05,0.0002922333133803132,0.4005162849145638,0.0010857338414921973,0.0,0.004766843389685648,-0.004458195122151647,1.6414954153687876e-05,train
2020-11-06,5.9752835459992196e-05,8.786158251619329e-05,1.5156024559754623e-05,-4.326477161595571e-05,0.36879659762069555,-3.0357660829594124e-16,0.2500000099999996,7.526589554029399e-05,-1.5513060080301776e-05,0.00010301760707594791,train
2020-11-09,0.0006043987789849134,0.0,4.5473866233802966e-05,0.0005589249127511104,0.36890333709494394,5.9755420764316496e-05,0.0,0.006765304605325823,-0.00616090582634091,4.5473866233802966e-05,train
2020-11-10,-9.56665547996492e-05,0.0,1.565558093840068e-05,-0.00011132213573804989,0.38161625269586824,0.0006637831947850057,0.0,0.0007376639131160895,-0.0008333304679157387,1.565558093840068e-05,train
2020-11-11,0.0028600344704163005,8.788079477538842e-05,1.4911422204150796e-05,0.002757242253436761,0.36284460696766974,2.671474153004283e-16,0.25000000999999955,0.001627910332103999,0.0012321241383123009,0.00010279221697953922,train
2020-11-12,0.0005877466382090515,0.0,1.4769428833789588e-05,0.0005729772093752618,0.3622416053013717,0.0028521703458250537,0.0,-0.0020277167686896243,0.002615463406898677,1.4769428833789588e-05,train
2020-11-13,-0.0015316915429082463,0.0,1.4546124640798116e-05,-0.0015462376675490445,0.35739364671144225,0.0034379471186880596,0.0,0.0026548115198375887,-0.004186503062745834,1.4546124640798116e-05,train
2020-11-16,-0.0015438478316623142,8.790243200811055e-05,4.7659064770014986e-05,-0.0016794093284404398,0.38656796980123315,5.516420653606247e-16,0.25000000999999955,0.0030112417991200956,-0.004555089630782408,0.00013556149677812552,train
2020-11-17,0.001571823310817046,0.0,1.628810023938037e-05,0.0015555352105776656,0.3947973275458596,-0.0015464449457295304,0.0,0.00040837393646336596,0.0011634493743536791,1.628810023938037e-05,train
2020-11-18,0.0003976835436514872,0.0,1.6167325419455268e-05,0.00038151621823203193,0.39343025748953764,2.5338949459427496e-05,0.0,-0.0014918633513665324,0.0018895468950180197,1.6167325419455268e-05,train
2020-11-19,0.00045631468541177555,8.79163368373158e-05,1.5795797107944582e-05,0.0003526025514665152,0.3843643962933181,-9.540979117872439e-17,0.2500000099999999,0.0013518462226408273,-0.0008955315372290519,0.00010371213394526039,train
2020-11-20,-0.00014769119001515412,0.0,1.5863808820305616e-05,-0.00016355499883545974,0.38647550180517226,0.00045615384440227547,0.0,-0.0013667305928390292,0.0012190394028238748,1.5863808820305616e-05,train
2020-11-23,-0.0016584739343105867,0.0,4.729857732144503e-05,-0.0017057725116320318,0.38395252916496975,0.00030851311324900203,0.0,0.002094097695920195,-0.003752571630230782,4.729857732144503e-05,train
2020-11-24,-0.0012405993056838745,8.789874967099454e-05,1.6808083707826118e-05,-0.0013453061390626953,0.40899670355710194,-2.96637714392034e-16,0.2500000099999995,0.003295266290454772,-0.004535865596138646,0.00010470683337882066,train
2020-11-25,0.0005966691012569788,0.0,1.720403927839953e-05,0.0005794650619785793,0.4173893519011874,-0.0012422705398678277,0.0,-0.0004409508224373972,0.0010376199236943762,1.720403927839953e-05,train
2020-11-27,0.00026952316754213373,0.0,3.42176829463403e-05,0.00023530548459579342,0.4156699149620195,-0.0006452275517875583,0.0,0.0006688277214129455,-0.00039930455387081224,3.42176829463403e-05,train
2020-11-30,0.0013002480328715065,8.792023544137423e-05,5.128824261137893e-05,0.0011610395548187532,0.4160046345145182,9.194034422677078e-17,0.25000000999999916,-0.000767390057092674,0.00206763808996418,0.00013920847805275316,train
2020-12-01,0.000836423588246159,0.0,1.690650888819717e-05,0.0008195170793579619,0.41269045642365726,0.0012987401441927598,0.0,0.0026796883250458886,-0.0018432647367997296,1.690650888819717e-05,train
2020-12-02,-0.0005821400968233928,0.0,1.7044042215743886e-05,-0.0005991841390391367,0.4168717759452135,0.0021334153621123033,0.0,0.00024129906423038633,-0.0008234391610537794,1.7044042215743886e-05,train
2020-12-03,-0.0009788342049517624,8.786705880526441e-05,1.565825963930829e-05,-0.0010823595233963351,0.3810176512231688,2.914335439641036e-16,0.25000000999999994,0.0004626795498597428,-0.0014415137548115051,0.00010352531844457271,train
2020-12-04,-0.0006679108388047597,0.0,1.5793834829434124e-05,-0.0006837046736341938,0.38333675271280654,-0.0009798948034238884,0.0,0.002341312475644501,-0.0030092233144492614,1.5793834829434124e-05,train
2020-12-07,0.0008836086530497148,0.0,4.815642953355625e-05,0.0008354522235161586,0.3889532176356228,-0.0016489330254446538,0.0,-0.0004936356425367358,0.0013772442955864508,4.815642953355625e-05,train
2020-12-08,-0.0002579077748129251,8.790314001485412e-05,1.5669518402236948e-05,-0.00036148043323001617,0.3812916144544324,3.2959746043559335e-17,0.2500000099999995,0.0006636159288185977,-0.0009215237036315231,0.00010357265841709108,train
2020-12-09,0.0006028967576198192,0.0,1.575095373808906e-05,0.0005871458038817301,0.38301520658969423,-0.0002580010371395708,0.0,-0.000947244953805119,0.0015501417114249386,1.575095373808906e-05,train
2020-12-10,-0.00040562018253620776,0.0,1.5614376914415182e-05,-0.0004212345594506229,0.38029453158600435,0.0003446933352348365,0.0,-0.0003322708882349043,-7.334929430130344e-05,1.5614376914415182e-05,train
2020-12-11,6.117916025245637e-05,8.789250197138631e-05,1.6112317665962895e-05,-4.2825659384892835e-05,0.39206639653843045,1.0408340855860843e-16,0.2500000099999996,-0.0010357371358735378,0.0010969162961259945,0.0001040048196373492,train
2020-12-14,-0.00021889765250717477,0.0,4.806853905339578e-05,-0.00026696619156057057,0.3899504429912795,6.118178040264224e-05,0.0,-0.001120565937878782,0.000901668285371607,4.806853905339578e-05,train
2020-12-15,0.00010816602139025986,0.0,1.5952995539509752e-05,9.221302585075011e-05,0.38803180013991684,-0.00015775798815381367,0.0,0.0028696820801432077,-0.002761516058752949,1.5952995539509752e-05,train
2020-12-16,-0.0005538711908757599,8.785584241681208e-05,1.4842522607796815e-05,-0.0006565695559003688,0.361168050123056,1.1796119636642288e-16,0.2500000099999994,-0.0001952606369410589,-0.0003586105539347011,0.0001026983650246089,train
2020-12-17,0.00026733035567305533,0.0,1.4881768363891938e-05,0.0002524485873091634,0.361568795103278,-0.0005542350847591096,0.0,0.0014325774431054885,-0.0011652470874324327,1.4881768363891938e-05,train
2020-12-18,-0.000973000402690063,0.0,1.4973761992043963e-05,-0.000987974164682107,0.3640747094877307,-0.0002868323186724156,0.0,-0.000934663820046462,-3.8336582643600996e-05,1.4973761992043963e-05,train
2020-12-21,0.0009702687736857993,8.785142425506724e-05,4.886876192664506e-05,0.000833548587504087,0.39637995784945423,-1.5959455978986625e-16,0.2500000099999994,-0.000599367327963735,0.0015696361016495342,0.0001367201861817123,train
2020-12-22,-0.0016075099107545061,0.0,1.614711671611376e-05,-0.0016236570274706199,0.3938826341065391,0.0009694606811042686,0.0,-0.0012264716149298998,-0.0003810382958246064,1.614711671611376e-05,train
2020-12-23,0.0016928317654359352,0.0,1.620474588173819e-05,0.001676627019554197,0.3936763962347296,-0.0006390868875663994,0.0,0.00149032018291069,0.00020251158252524492,1.620474588173819e-05,train
2020-12-24,0.00045816825642057554,8.784563101915907e-05,1.4640318829227083e-05,0.0003556823065721894,0.35624775817785914,1.0755285551056204e-16,0.2500000099999994,0.0005920794797632434,-0.00013391122334266783,0.00010248594984838615,train
2020-12-28,-0.00028135489382283334,0.0,5.858446346748722e-05,-0.0003399393572903206,0.3568468247792346,0.0004580053520206531,0.0,0.00014535041116700125,-0.00042670530498983464,5.858446346748722e-05,train
2020-12-29,0.00040237283310117053,0.0,1.4686179946347092e-05,0.00038768665315482345,0.3575404225568407,0.00017671052906149606,0.0,-0.0006624815542102687,0.0010648543873114393,1.4686179946347092e-05,train
2020-12-30,0.00025034741682408755,8.784231010408808e-05,1.3580287774799996e-05,0.00014892481894519948,0.3304536691868002,2.654126918244515e-16,0.2500000099999999,0.001030855177831599,-0.0007805077610075116,0.00010142259787888807,train
2020-12-31,-0.0001832806969492112,0.0,1.364240740456983e-05,-0.00019692310435378104,0.33221555698396465,0.00025031013943215864,0.0,0.0009829943394256537,-0.0011662750363748656,1.364240740456983e-05,train
2021-01-04,0.0010862400580380265,0.0,5.4963886166041665e-05,0.0010312761718719848,0.3344306834881488,6.704264472867302e-05,0.0,-0.001961052981961176,0.003047293039999202,5.4963886166041665e-05,train
2021-01-05,0.00018578140447362505,8.784509643725873e-05,1.3483065052450173e-05,8.445324298391615e-05,0.3280879162762873,-2.5153490401663703e-16,0.25000000999999955,0.0014007087307022993,-0.0012149273262286736,0.0001013281614897089,train
2021-01-06,-0.00042032622678757754,0.0,1.3581775068012142e-05,-0.0004339080018555897,0.33067562570425174,0.000185765715956231,0.0,0.0020919664758323993,-0.002512292702619975,1.3581775068012142e-05,train
2021-01-07,-0.0003344088006873112,0.0,1.379425031477757e-05,-0.0003482030510020888,0.3354254286602256,-0.00023466233269523774,0.0,0.0017854828343567225,-0.0021198916350440343,1.379425031477757e-05,train
2021-01-08,4.9377857018061686e-05,8.786822369381193e-05,1.5207620854704582e-05,-5.369798753045483e-05,0.3700521074644778,-3.920475055707584e-16,0.2500000099999993,0.0007212675391444452,-0.000671889682126384,0.00010307584454851651,train
2021-01-11,8.537837144219248e-05,0.0,4.579099287674778e-05,3.9587378565444704e-05,0.3714652116200502,4.938050865160512e-05,0.0,-0.0004261225165298749,0.000511500887972067,4.579099287674778e-05,train
2021-01-12,-0.0004767027498130464,0.0,1.5221020563071659e-05,-0.000491923770376118,0.37051292058029783,0.00013475354555418304,0.0,0.0008247384053713295,-0.0013014411551843757,1.5221020563071659e-05,train
2021-01-13,0.0008103018505831043,8.788369963510342e-05,1.587724219933093e-05,0.0007065409087486699,0.386346226850386,-6.245004513516506e-17,0.25000000999999983,6.969862892027661e-05,0.0007406032216628276,0.00010376094183443435,train
2021-01-14,-0.0010881712662697304,0.0,1.5805203678689913e-05,-0.0011039764699484202,0.3854030192581822,0.0008097297433943065,0.0,5.2871277111189365e-05,-0.001141042543380919,1.5805203678689913e-05,train
2021-01-15,0.0008417465099465748,0.0,1.5916559504499465e-05,0.0008258299504420753,0.3870241986873258,-0.00027874925549449536,0.0,-0.00137277357049523,0.0022145200804418053,1.5916559504499465e-05,train
2021-01-19,-0.0011535934969193892,8.78698004737111e-05,5.8218095391632585e-05,-0.001299681392784733,0.3541600802990984,1.4224732503009818e-16,0.2500000099999999,0.0007903143890276257,-0.0019439078859470147,0.0001460878958653437,train
2021-01-20,0.0007142506223423968,0.0,1.4733445884275292e-05,0.0006995171764581215,0.35735875509862336,-0.0011550947520754216,0.0,0.0015811366918146125,-0.000866886069472216,1.4733445884275292e-05,train
2021-01-21,-7.04148458082262e-05,0.0,1.479434789362884e-05,-8.520919370185504e-05,0.3595552627777113,-0.0004405359672570719,0.0,-0.0005624759770810843,0.0004920611312728587,1.479434789362884e-05,train
2021-01-22,-0.0008682426118709739,8.786486554986543e-05,1.5387636806368695e-05,-0.0009714951142272079,0.3744324956216383,7.632783294297951e-17,0.2500000099999995,-0.0015718940851466487,0.0007036514732756752,0.00010325250235623413,train
2021-01-25,-0.0012685295149566923,0.0,4.60341292477585e-05,-0.0013145636442044508,0.37251885030624604,-0.0008690869255729358,0.0,-0.0007845178993021497,-0.0004840116156545429,4.60341292477585e-05,train
2021-01-26,-0.00024259691827426916,0.0,1.540474203971573e-05,-0.0002580016603139849,0.3727082927941992,-0.002140430172216986,0.0,-0.0011115150302462699,0.0008689181119720015,1.540474203971573e-05,train
2021-01-27,-0.0017778720755544405,8.781512077304804e-05,1.6217937535894985e-05,-0.0018819051338633836,0.3946364800401113,-2.0816681711721685e-17,0.25000000999999983,-0.005837120286014947,0.004059248210460506,0.00010403305830894303,train
2021-01-28,0.004085493530387015,0.0,1.5914249805088833e-05,0.004069579280581926,0.3854655210866962,-0.0017812241704654314,0.0,0.004412675071117499,-0.0003271815407304847,1.5914249805088833e-05,train
2021-01-29,-0.00025783606146286594,0.0,1.5876530638439813e-05,-0.00027371259210130577,0.3886238421625394,0.002294929960503938,0.0,-0.0036524790882322285,0.0033946430267693616,1.5876530638439813e-05,train
2021-02-01,4.498362732626823e-06,8.786309484325491e-05,4.3996896745965926e-05,-0.000127361628856594,0.35686371805061234,-7.979727989493313e-17,0.25000000999999955,0.0027263153632094855,-0.0027218170004768556,0.00013185999158922085,train
2021-02-02,0.0020021735548995372,0.0,1.4891239807553454e-05,0.0019872823150919837,0.3623580009195251,4.498935724329967e-06,0.0,0.003551416918383052,-0.0015492433634835137,1.4891239807553454e-05,train
2021-02-03,0.0006003463777444121,0.0,1.4988787925355977e-05,0.0005853575898190561,0.36672986542541564,0.0020026925750868327,0.0,0.0007370301816899453,-0.00013668380394553316,1.4988787925355977e-05,train
2021-02-04,0.0006695395789431699,8.784132237202995e-05,1.3392220894276501e-05,0.0005683060356768635,0.32587737509406156,-6.938893903907228e-18,0.25000000999999916,0.0023352833497795344,-0.0016657437708363645,0.00010123354326630645,train
2021-02-05,-8.05843622717635e-05,0.0,1.3521447021241304e-05,-9.410580929300481e-05,0.3296910368085506,0.0006691592916788641,0.0,0.0010114138085970913,-0.0010919981708688545,1.3521447021241304e-05,train
2021-02-08,0.0004487665092425121,0.0,4.0837443927388124e-05,0.000407929065315124,0.3318256755117548,0.000588630322940019,0.0,0.002421243582306376,-0.001972477073063862,4.0837443927388124e-05,train
2021-02-09,0.00019001015592971795,8.779534435503774e-05,1.3427834351952698e-05,8.878697722272752e-05,0.3267439692308488,-2.445960101127298e-16,0.2500000099999994,-0.00038096910384051945,0.0005709792597702374,0.00010122317870699044,train
2021-02-10,5.58149672086869e-05,0.0,1.3379716605186327e-05,4.243525060350057e-05,0.32576309734653386,0.00018999328699983824,0.0,5.1918265253445734e-05,3.896701955241195e-06,1.3379716605186327e-05,train
2021-02-11,0.00033015169721883333,0.0,1.3378828594369116e-05,0.00031677286862446424,0.3257972936200314,0.0002457978237162678,0.0,0.0007330184907708895,-0.0004028667935520562,1.3378828594369116e-05,train
2021-02-12,0.00021529522886018658,8.77913308158102e-05,1.348402515025391e-05,0.00011401987289412247,0.32811127865617845,-1.0408340855860843e-16,0.2500000099999994,0.0010746369187277552,-0.0008593416898675686,0.00010127535596606412,train
2021-02-16,0.0006433493025665034,0.0,5.4212442600499994e-05,0.0005891368599660034,0.3300076298367657,0.00021527068372408954,0.0,0.0009063033845030068,-0.000262954081936503,5.4212442600499994e-05,train
2021-02-17,0.0004897279618933422,0.0,1.3566730653296662e-05,0.00047616123124004557,0.330981893669663,0.0008581144394442502,0.0,0.00035478911406778717,0.00013493884782555518,1.3566730653296662e-05,train
2021-02-18,-0.0004821723826893461,8.78121085480259e-05,1.3322016518542848e-05,-0.0005833065077559149,0.32416906861787614,1.214306433183765e-16,0.2500000099999995,-0.0011466055777585931,0.000664433195069247,0.00010113412506656875,train
2021-02-19,-0.00036860059299843704,0.0,1.3275149051836277e-05,-0.00038187574205027333,0.32254617312688494,-0.00048245380113111185,0.0,0.0010083191512498045,-0.0013769197442482417,1.3275149051836277e-05,train
2021-02-22,0.0006382441055136777,0.0,4.018030549697215e-05,0.0005980638000167056,0.32505554284901605,-0.0008513795153137268,0.0,-0.0006851612562033669,0.001323405361717044,4.018030549697215e-05,train
2021-02-23,-0.0008173679241188891,8.779626492958875e-05,1.4085324569777584e-05,-0.0009192495136182554,0.34274289786458834,4.371503159461554e-16,0.2500000099999994,-0.00011428988816684175,-0.0007030780359520475,0.00010188158949936634,train
2021-02-24,-5.3670562941464704e-05,0.0,1.415612481646151e-05,-6.782668775792621e-05,0.34364758388671746,-0.0008181199805126198,0.0,0.002754545522683065,-0.002808216085624532,1.415612481646151e-05,train
2021-02-25,-0.00029524282318612807,0.0,1.438791298195306e-05,-0.0003096307361680811,0.34923403288272786,-0.0008718496781299628,0.0,-0.004741760456572032,0.004446517633385902,1.438791298195306e-05,train
2021-02-26,0.001698877338487571,8.779708574258323e-05,1.5017204593375274e-05,0.0015960630481516125,0.3654186451054652,1.8388068845354155e-16,0.2500000099999995,0.000347268166744612,0.0013516091717429594,0.0001028142903359585,train
2021-03-01,0.0021380675192602897,0.0,4.464708072996252e-05,0.002093420438530327,0.36383360273147125,0.0016961701439975364,0.0,0.00502458809483721,-0.002886520575576922,4.464708072996252e-05,train
2021-03-02,-0.0013218509023030416,0.0,1.5088022934219103e-05,-0.0013369389252372607,0.3709681191591944,0.0038262277598628634,0.0,-0.0016938354846212432,0.0003719845823182015,1.5088022934219103e-05,train
2021-03-03,-0.0016407315637346,8.780026508943164e-05,1.4491893906395478e-05,-0.0017430237227304272,0.3526360850556231,-2.498001805406602e-16,0.25000000999999994,-0.002230531019095093,0.0005897994553604934,0.00010229215899582711,train
2021-03-04,-0.00012497009473151676,0.0,1.4468636415339098e-05,-0.00013943873114685584,0.3504265563820161,-0.0016435963912353642,0.0,-0.002962953672582751,0.002837983577851234,1.4468636415339098e-05,train
2021-03-05,8.248790979767568e-05,0.0,1.423736273092623e-05,6.825054706674945e-05,0.34467367999217996,-0.0017688131270249575,0.0,0.0031289187092104313,-0.003046430799412754,1.423736273092623e-05,train
2021-03-08,-0.001089048417983977,8.783682350363774e-05,4.7739866193439246e-05,-0.001224625107681054,0.38722335912456296,2.1163626406917047e-16,0.2500000099999994,-0.0001739845731985314,-0.0009150638447854452,0.00013557668969707697,train
2021-03-09,0.0027729697012112984,0.0,1.6008103383444803e-05,0.0027569615978278537,0.3884401319345479,-0.0010903837292756437,0.0,0.003490216505271142,-0.0007172468040598448,1.6008103383444803e-05,train
2021-03-10,-0.00031867800300012063,0.0,1.6022880708758685e-05,-0.0003347008837088793,0.3915680571473875,0.0016779599009261181,0.0,0.001194781058573153,-0.0015134590615732734,1.6022880708758685e-05,train
2021-03-11,0.0015154069210300705,8.78203738760222e-05,1.420958131192694e-05,0.0014133769658421214,0.345766478590223,7.598088824778415e-16,0.25000000999999994,0.0024641059886446747,-0.0009486990676146026,0.00010202995518794914,train
2021-03-12,-0.00033435472269250873,0.0,1.4267391375425596e-05,-0.00034862211406793434,0.34868645823810746,0.0015132681027512605,0.0,0.0006332893427408463,-0.0009676440654333546,1.4267391375425596e-05,train
2021-03-15,0.00034236523656051994,0.0,4.305578149066211e-05,0.0002993094550698578,0.3504095521651471,0.0011793245186656302,0.0,0.0016994381614565525,-0.0013570729248960317,4.305578149066211e-05,train
2021-03-16,-0.00027380120863058303,8.782822949469407e-05,1.3820354939310507e-05,-0.0003754497930645876,0.33629530352322257,2.688821387764051e-16,0.25000000999999994,-0.0011627380344651056,0.0008889368258345237,0.00010164858443400458,train
2021-03-17,0.00033297764526934466,0.0,1.3752454994938964e-05,0.0003192251902744057,0.33436916749766715,-0.0002739040458476418,0.0,0.0010283437791700312,-0.0006953661339006863,1.3752454994938964e-05,train
2021-03-18,0.0003501395445797114,0.0,1.3805201407761346e-05,0.0003363343431719501,0.335985622336518,5.905474765862881e-05,0.0,-0.0024559732971534526,0.0028061128417331653,1.3805201407761346e-05,train
2021-03-19,0.00036830984230393194,8.780719602999647e-05,1.413262742875449e-05,0.000266370018845181,0.343893934099693,4.9439619065339e-16,0.25000000999999933,0.0003238761863054823,4.443365599844953e-05,0.00010193982345875096,train
2021-03-22,0.0002758889380663819,0.0,4.237563844270808e-05,0.00023351329962367382,0.34408172357480715,0.00036821176173050703,0.0,0.0010068606389485094,-0.0007309717008821277,4.237563844270808e-05,train
2021-03-23,-0.0006013627225283839,0.0,1.4181980998883708e-05,-0.0006155447035272677,0.34573882130166766,0.0006439503288308175,0.0,-0.0026944758111771116,0.002093113088648726,1.4181980998883708e-05,train
2021-03-24,-0.0007796957003590318,8.781351382958433e-05,1.4182635252304394e-05,-0.0008816918494409205,0.3451107911394068,-1.1102230246251565e-16,0.25000000999999994,-0.0012875826671104773,0.0005078869667514448,0.00010199614908188872,train
2021-03-25,0.0010968269718738374,0.0,1.4153370029047582e-05,0.0010826736018447899,0.3436182869484662,-0.0007803837583583197,0.0,0.002217483441133344,-0.0011206564692595072,1.4153370029047582e-05,train
2021-03-26,-0.00041308753330176394,0.0,1.4230072256361316e-05,-0.00042731760555812527,0.34658119255078845,0.00031610097932967436,0.0,0.003713355896768821,-0.004126443430070588,1.4230072256361316e-05,train
2021-03-29,9.837052418092254e-05,8.781594725759322e-05,4.87475316827963e-05,-3.819295475946698e-05,0.39539664587157064,7.268491364342822e-16,0.2500000099999998,-0.0009816036623768569,0.0010799741865577792,0.00013656347894038952,train
2021-03-30,0.0014462323303503614,0.0,1.616102946343104e-05,0.0014300713008869304,0.39335009122487485,9.83742813861193e-05,0.0,0.00100829530461432,0.00043793702573604167,1.616102946343104e-05,train
2021-03-31,-0.000673832953617302,0.0,1.6102007620413326e-05,-0.0006899349612377153,0.3933579196319109,0.0015424008685199584,0.0,-0.0005213287146949891,-0.0001525042389223128,1.6102007620413326e-05,train
2021-04-01,2.3847709278401573e-05,8.77939179305133e-05,1.6274346308816205e-05,-8.022055496092793e-05,0.39600909351452723,-4.3368086899420177e-16,0.2500000099999993,0.002459806606015223,-0.002435958896736822,0.00010406826423932951,train
2021-04-05,-0.0006760971170632407,0.0,6.590353525236383e-05,-0.0007420006523156046,0.4009370224077212,2.3849622507936524e-05,0.0,0.001993050065124638,-0.00266914718218788,6.590353525236383e-05,train
2021-04-06,0.0008694462304479466,0.0,1.6707662870019004e-05,0.0008527385675779276,0.4059003980151361,-0.0006527318219930228,0.0,0.0005669524648238785,0.00030249376562406825,1.6707662870019004e-05,train
2021-04-07,-4.476366940845875e-05,8.781109956893552e-05,1.7713944041405722e-05,-0.0001502887130188,0.43103930500753873,-5.186823193170653e-16,0.2500000099999997,-0.0005588071767699399,0.0005140435073614812,0.00010552504361034125,train
2021-04-08,-0.0007527976198850666,0.0,1.767435014545254e-05,-0.0007704719700305191,0.43003108314145067,-4.477039789445303e-05,0.0,0.0003042767805948804,-0.0010570744004799475,1.767435014545254e-05,train
2021-04-09,-0.00012509044617174537,0.0,1.7774928056726266e-05,-0.00014286537422847164,0.4317250663849347,-0.0007981829954044322,0.0,0.0014016048961271337,-0.0015266953422988783,1.7774928056726266e-05,train
2021-04-12,-0.0008444012998308254,8.780028353872588e-05,5.6773967684214735e-05,-0.000988975551053766,0.46049996010529753,2.5326962749261384e-16,0.2500000099999995,-0.00042459449654875115,-0.00041980680328207416,0.00014457425122294063,train
2021-04-13,-0.0015179317249965018,0.0,1.8977929271560358e-05,-0.0015369096542680622,0.4609510417225272,-0.0008452372187747817,0.0,-0.0007830751595265518,-0.0007348565654699503,1.8977929271560358e-05,train
2021-04-14,0.0016096219426255441,0.0,1.9067633671598936e-05,0.0015905543089539452,0.46161227949735884,-0.0023668065115486706,0.0,0.0008182411163487722,0.0007913808262767721,1.9067633671598936e-05,train
2021-04-15,-0.0017496237267147373,8.780023364110961e-05,1.6574017202478948e-05,-0.0018539979775583258,0.40330108526032116,1.6132928326584306e-16,0.2500000099999997,0.000796753097994007,-0.002546376824708744,0.00010437425084358856,train
2021-04-16,0.0003511421187013223,0.0,1.6814482464828904e-05,0.0003343276362364934,0.4073995330934374,-0.0017528735507325501,0.0,0.0008041099998556799,-0.00045296788115435784,1.6814482464828904e-05,train
2021-04-19,0.00019698152710516154,0.0,5.0538241773996477e-05,0.00014644328533116506,0.40852003143798155,-0.001401262951101042,0.0,-0.0012464893343010386,0.0014434708614062004,5.0538241773996477e-05,train
2021-04-20,-0.0013233809046798847,8.779643811819664e-05,1.797046135951638e-05,-0.0014291478041575977,0.4372812264148991,5.594483210025203e-16,0.25000000999999955,-0.0030220237161640504,0.001698642811484164,0.00010576689947771302,train
2021-04-21,0.0014799050189228564,0.0,1.7856366268503008e-05,0.0014620486526543534,0.4331796376151543,-0.0013252749184188787,0.0,0.003824208964408922,-0.0023443039454860647,1.7856366268503008e-05,train
2021-04-22,-0.0015824857649015818,0.0,1.8022698722186387e-05,-0.0016005084636237681,0.43870673992702863,0.00015440435382650056,0.0,-0.0027926505349053854,0.0012101647700038035,1.8022698722186387e-05,train
2021-04-23,0.00036471398984982994,8.778824362053025e-05,1.860492767641685e-05,0.00025832081855288284,0.45271990679281054,4.675079767757495e-16,0.25000000999999933,0.0026409343774525477,-0.0022762203876027162,0.0001063931712969471,train
2021-04-26,0.0014509787984024684,0.0,5.636148350629702e-05,0.0013946173148961713,0.4575188749075962,0.0003646198009648405,0.0,0.001612227668984531,-0.0001612488705820614,5.636148350629702e-05,train
2021-04-27,-0.0009186457583198242,0.0,1.8774231632086355e-05,-0.0009374199899519106,0.4586527064412358,0.0018130700604678546,0.0,2.179256942973292e-05,-0.0009404383277495569,1.8774231632086355e-05,train
2021-04-28,-0.0009203226684570507,8.779095026743806e-05,1.8582083712465134e-05,-0.0010266957024369539,0.4521640370033174,-9.298117831235686e-16,0.2500000099999996,-0.0006566580351720434,-0.00026366463328500743,0.0001063730339799032,train
2021-04-29,4.985825805716671e-05,0.0,1.862287480374261e-05,3.1235383253424095e-05,0.45223535169350415,-0.0009212685308994306,0.0,0.0010848931505590142,-0.0010350348925018478,1.862287480374261e-05,train
2021-04-30,0.0016274146872301944,0.0,1.870736183315364e-05,0.0016087073253970407,0.4543410882185467,-0.0008713830548586054,0.0,-0.0013548622612380783,0.002982276948468272,1.870736183315364e-05,train
2021-05-03,0.001048688077383794,8.780805322621694e-05,4.513358826087529e-05,0.0009157464358967017,0.3660835492270986,-1.0269562977782698e-15,0.2500000099999995,0.001587850041786066,-0.0005391619644022721,0.00013294164148709223,train
2021-05-04,0.0010921285379620668,0.0,1.5075039188889205e-05,0.0010770534987731776,0.3678736822199339,0.0010477286236298903,0.0,-0.0003275854965953957,0.0014197140345574622,1.5075039188889205e-05,train
2021-05-05,0.001493563098419288,0.0,1.4942256754214363e-05,0.0014786208416650735,0.36573246925315694,0.0021375549006074357,0.0,0.0010733347757436017,0.00042022832267568644,1.4942256754214363e-05,train
2021-05-06,0.00048762318138908384,8.779563868033257e-05,1.222631028765949e-05,0.00038760123242109176,0.29750688366638117,2.983724378680108e-16,0.25000000999999983,0.0010123640563121602,-0.0005247408749230759,0.00010002194896799206,train
2021-05-07,3.4407791482608834e-05,0.0,1.2264685867282051e-05,2.214310561532678e-05,0.29892812368846944,0.00048743425127287243,0.0,0.0016922806717216984,-0.001657872880239091,1.2264685867282051e-05,train
2021-05-10,0.0009543832191559411,0.0,3.720202440670024e-05,0.0009171811947492408,0.302271584008821,0.0005218304878078714,0.0,-0.0003980401021755338,0.0013524233213314753,3.720202440670024e-05,train
2021-05-11,0.0005137058545023026,8.779339684382282e-05,1.2504513001760606e-05,0.00041340794465671914,0.30427648304284405,2.6124935548210715e-15,0.25000000999999983,-0.0013934328174270035,0.0019071386719293057,0.00010029790984558343,train
2021-05-12,-7.572290947489082e-05,0.0,1.2342659324617399e-05,-8.806556879950822e-05,0.3008515371378727,0.0005134935721826366,0.0,-0.0033955946063290187,0.0033198716968541285,1.2342659324617399e-05,train
2021-05-13,-0.0003316823094963276,0.0,1.2070856184568469e-05,-0.00034375316568089606,0.2941619763764583,0.0004378092186256132,0.0,0.0015873161749255195,-0.001918998484421846,1.2070856184568469e-05,train
2021-05-14,9.039834405765804e-05,8.779057646278858e-05,1.4298413875291744e-05,-1.1690646280422285e-05,0.3479280709654325,4.5102810375396984e-17,0.25000000999999955,0.003356400750938206,-0.0032660024068805484,0.00010208899033808033,train
2021-05-17,0.0001949805525052935,0.0,4.370106818157597e-05,0.00015127948432371754,0.3545546190958902,9.039940088512166e-05,0.0,-0.0001242343118898412,0.00031921486439513453,4.370106818157597e-05,train
2021-05-18,0.00028357958641949917,0.0,1.4538586499154137e-05,0.00026904099992034505,0.35405760826720567,0.000285336787788297,0.0,-0.0013306614417194303,0.0016142410281389289,1.4538586499154137e-05,train
2021-05-19,-0.0006003900947268281,8.778833370990978e-05,1.3349323625410237e-05,-0.0007015277520621481,0.3248335415516489,-1.6132928326584306e-16,0.25000000999999916,-0.0011628279509905152,0.0005624378562636878,0.00010113765733532002,train
2021-05-20,4.756647354892837e-05,0.0,1.331243489893138e-05,3.425403864999699e-05,0.32333510429327234,-0.0006008115807246395,0.0,0.0015121384150521265,-0.0014645719415031981,1.331243489893138e-05,train
2021-05-21,-0.00010037618037191112,0.0,1.3432350562690008e-05,-0.00011380853093460113,0.326300637535178,-0.000553226156945539,0.0,0.00012133252820124789,-0.0002217087085731594,1.3432350562690008e-05,train
2021-05-24,0.00037571632500015386,8.776202687680302e-05,4.627915114359594e-05,0.00024167514697975492,0.37537533705361137,-7.28583859910259e-17,0.25000000999999983,0.001703049848905973,-0.0013273335239058193,0.00013404117802039896,train
2021-05-25,1.6639572162280934e-05,0.0,1.5531725988445322e-05,1.1078461738356119e-06,0.37831429126447724,0.00037562554564113566,0.0,-0.0005969513353531458,0.0006135909075154266,1.5531725988445322e-05,train
2021-05-26,-0.0001296266028743601,0.0,1.548127670818732e-05,-0.0001451078795825474,0.377103331249126,0.0003922646832344827,0.0,0.0010133395533814243,-0.0011429661562557844,1.548127670818732e-05,train
2021-05-27,-0.00022489012740264252,8.780059011240502e-05,1.5230600202256505e-05,-0.0003279213177173041,0.3706112715882416,-9.194034422677078e-17,0.2500000099999993,0.0007737526657005092,-0.0009986427931031518,0.00010303119031466153,train
2021-05-28,-0.0005753343266711088,0.0,1.5317703433320886e-05,-0.0005906520301044297,0.372505819646281,-0.0002249638978605549,0.0,-1.7958993557036313e-05,-0.0005573753331140726,1.5317703433320886e-05,train
2021-06-01,-9.25232575367916e-05,0.0,6.149037983582488e-05,-0.00015401363737261648,0.3732657061329338,-0.0008007712016675824,0.0,0.0002773716741960737,-0.00036989493173286524,6.149037983582488e-05,train
2021-06-02,-9.025517621972717e-05,8.77654191057068e-05,1.63316721866876e-05,-0.00019435226751212157,0.39740402320939766,-6.38378239159465e-16,0.2500000099999998,0.00016945445140043532,-0.0002597096276201626,0.0001040970912923944,train
2021-06-03,-0.0010841995187195203,0.0,1.635619704746235e-05,-0.0011005557157669826,0.3979105221006555,-9.027272092838878e-05,0.0,-0.0009749746623149976,-0.00010922485640452265,1.635619704746235e-05,train
2021-06-04,0.0007317303637053821,0.0,1.6383205062894805e-05,0.0007153471586424872,0.39748222362787444,-0.0011757662358992185,0.0,0.0017442920201881885,-0.0010125616564828055,1.6383205062894805e-05,train
2021-06-07,-0.00031418610252345917,8.776354236997319e-05,4.985990850143071e-05,-0.0004518095533948631,0.4044192578449385,3.95516952522712e-16,0.2500000099999995,-0.0005939067956224832,0.0002797206930990237,0.0001376234508714039,train
2021-06-08,-0.0005146879343920003,0.0,1.6604480821642733e-05,-0.000531292415213643,0.40372803854100314,-0.0003143281189701072,0.0,-3.827778881712998e-05,-0.0004764101455748704,1.6604480821642733e-05,train
2021-06-09,0.0002793466415304309,0.0,1.6652485158968578e-05,0.00026269415637146233,0.4043810154641333,-0.0008294567374354522,0.0,-0.0010152800068233263,0.001294626648353758,1.6652485158968578e-05,train
2021-06-10,-0.0006274871261668143,8.77484121018905e-05,1.6952822648830397e-05,-0.0007321883609175353,0.41251868445487316,1.5265566588595902e-16,0.25000000999999983,0.00011320339926049533,-0.0007406905254273099,0.0001047012347507209,train
2021-06-11,9.837921434568573e-05,0.0,1.7026167683962418e-05,8.135304666172332e-05,0.41367546674150624,-0.0006279469015792703,0.0,0.0007780096310906456,-0.00067963041674496,1.7026167683962418e-05,train
2021-06-14,-0.00044945508737262777,0.0,5.124191446878748e-05,-0.0005006970018414153,0.41509933719359393,-0.0005295246087933803,0.0,-0.0004894920748142847,4.0036987441656756e-05,5.124191446878748e-05,train
2021-06-15,0.000546773011388782,8.7733403647723e-05,1.7878678875554646e-05,0.0004411609288655044,0.43504785263849577,-5.620504062164855e-16,0.25000000999999994,0.00022368314983864038,0.00032308986155014154,0.00010561208252327764,train
2021-06-16,-0.0004991643030159756,0.0,1.7844251357964344e-05,-0.0005170085543739399,0.43475664827999866,0.0005465319028662916,0.0,-0.001621583846982823,0.001122419543966848,1.7844251357964344e-05,train
2021-06-17,-0.0025919771946419923,0.0,1.776118037900811e-05,-0.0026097383750210003,0.4322361146578365,4.7392101972451584e-05,0.0,-0.002404611204704986,-0.00018736598993700427,1.776118037900811e-05,train
2021-06-18,-0.002064072392253363,8.77479010419348e-05,1.8911834805372577e-05,-0.0021707321281006706,0.4601879802640657,-3.8163916471489756e-16,0.25000000999999933,-0.004412925197163417,0.002348852804910054,0.00010665973584730737,train
2021-06-21,0.0018428999387056293,0.0,5.627850078111228e-05,0.0017866214379245171,0.45441261031461627,-0.0020685626877390145,0.0,0.00471620543039538,-0.002873305491689753,5.627850078111228e-05,train
2021-06-22,-0.0009242639459560989,0.0,1.896178482430972e-05,-0.0009432257307804086,0.4611781704307071,-0.0002252602941627234,0.0,0.0003913804080100668,-0.0013156443539661651,1.896178482430972e-05,train
2021-06-23,0.0001817900965752275,8.773359044278335e-05,1.872426762251429e-05,7.533223850992985e-05,0.455623845481181,-4.163336342344337e-17,0.2500000099999993,0.00023437008541739185,-5.2579988842164394e-05,0.00010645785806529765,train
2021-06-24,0.00013604702911289147,0.0,1.8727178505155056e-05,0.00011731985060773641,0.4558764533617249,0.00018177640295184531,0.0,0.001871175819614534,-0.0017351287905016438,1.8727178505155056e-05,train
2021-06-25,0.0004951753613861975,0.0,1.886757828893558e-05,0.00047630778309726193,0.4594288578468736,0.0003177861494411561,0.0,0.0014144970496564229,-0.0009193216882702251,1.886757828893558e-05,train
2021-06-28,-0.0015487187005218562,8.772594886747402e-05,4.768571482282138e-05,-0.0016841303642121516,0.3867841313406628,3.5778671692021646e-16,0.25000001,-0.0013472151248775277,-0.00020150357564432839,0.0001354116636902954,train
2021-06-29,-0.0008239609664964128,0.0,1.5938642964578974e-05,-0.0008398996094609918,0.38628898079334417,-0.0015513313447441312,0.0,-0.00031094309916417746,-0.0005130178673322358,1.5938642964578974e-05,train
2021-06-30,0.0008703540854140424,0.0,1.5994242374612533e-05,0.0008543598430394299,0.3868159421202323,-0.002377288995339305,0.0,0.0007894021671131005,8.095191830094191e-05,1.5994242374612533e-05,train
2021-07-01,0.00023272582135933214,8.77264601007382e-05,1.4886550138887712e-05,0.00013011281111970622,0.3622393867129343,-5.117434254131581e-17,0.25000001,0.0009353613114501204,-0.0007026354900907878,0.00010261301023962591,train
2021-07-02,-0.0005092567940888315,0.0,1.4942356809037776e-05,-0.0005241991508978693,0.3638300445646071,0.00023269554468782414,0.0,0.00045209663317428484,-0.0009613534272631162,1.4942356809037776e-05,train
2021-07-06,-0.001217106333809899,0.0,6.0117001918255215e-05,-0.0012772233357281541,0.3654350553707782,-0.0002767062986077729,0.0,-0.0023154904539279216,0.0010983841201180227,6.0117001918255215e-05,train
2021-07-07,-0.0013538881998319187,8.772931202144125e-05,1.7246942493443513e-05,-0.0014588644543468035,0.41967560067379245,2.723515857283587e-16,0.2500000099999993,-0.0007283277115201059,-0.0006255604883118126,0.00010497625451488476,train
2021-07-08,-0.00037413139578106286,0.0,1.732363125384614e-05,-0.000391455027034909,0.4201858276187175,-0.0013558662248719672,0.0,-0.002550154606112327,0.0021760232103312637,1.732363125384614e-05,train
2021-07-09,0.0014867902126084825,0.0,1.715149406965391e-05,0.0014696387185388286,0.41562234725945657,-0.0017306751021219117,0.0,0.0040681332558135585,-0.002581343043205078,1.715149406965391e-05,train
2021-07-12,-0.0001827252596643502,8.773641099584176e-05,4.838655801032744e-05,-0.00031884822867051936,0.3924687483059897,4.891920202254596e-16,0.25000000999999994,0.00037067172729295095,-0.0005533969869573012,0.0001361229690061692,train
2021-07-13,-0.0011937632231224385,0.0,1.6179496157659302e-05,-0.0012099427192800978,0.3935182896298379,-0.00018278353987178243,0.0,-0.0023839913082648163,0.0011902280851423775,1.6179496157659302e-05,train
2021-07-14,-0.0010799120493028796,0.0,1.6101150661772433e-05,-0.001096013199964652,0.39041645177974876,-0.001378214323380408,0.0,-0.0010931692640002051,1.325721469732518e-05,1.6101150661772433e-05,train
2021-07-15,-0.0005245929817921586,8.771994651093618e-05,1.7618798548109216e-05,-0.0006299317268512039,0.4287240980039908,-1.0321604682062002e-16,0.25000001,-0.0009916474567951425,0.000467054475002984,0.0001053387450590454,train
2021-07-16,-0.0005856109669368346,0.0,1.7591491947968545e-05,-0.0006032024588848032,0.4275347137527157,-0.0005249236478522303,0.0,-0.002784488876118043,0.002198877909181206,1.7591491947968545e-05,train
2021-07-19,0.0003928305170322857,0.0,5.226381243057772e-05,0.00034056670460170797,0.42280638481837113,-0.001111204896314835,0.0,-0.003863086486695792,0.004255917003728077,5.226381243057772e-05,train
2021-07-20,0.002134299427436711,8.77275684308627e-05,1.5154601591939031e-05,0.0020314172574139094,0.3687619720705163,-1.717376241217039e-16,0.2500000099999995,0.00529341413094881,-0.0031591147035121016,0.00010288217002280174,train
2021-07-21,0.002149006144738306,0.0,1.538300555229158e-05,0.0021336231391860146,0.3764497743368398,0.0021299725644113744,0.0,0.003946432559421611,-0.0017974264146833042,1.538300555229158e-05,train
2021-07-22,-0.0013538972725677272,0.0,1.5497673036416716e-05,-0.001369394945604144,0.3813799123052295,0.004269868419089428,0.0,-0.0011341632697386816,-0.0002197340028290462,1.5497673036416716e-05,train
2021-07-23,-0.0005579844523363181,8.773558517740821e-05,1.623845788709606e-05,-0.0006619584954008224,0.395135808586004,-6.245004513516506e-17,0.2500000099999996,0.0010227926357505182,-0.0015807770880868362,0.00010397404306450428,train
2021-07-26,0.0014267560996995162,0.0,4.913768141880469e-05,0.0013776184182807114,0.3980028396707551,-0.0005583540595495567,0.0,0.0018248418757555395,-0.00039808577605602316,4.913768141880469e-05,train
2021-07-27,-0.0003508044865867282,0.0,1.638936822292759e-05,-0.00036719385480965576,0.39967516745055737,0.0008672073593192983,0.0,-0.000897281635901332,0.0005464771493146045,1.638936822292759e-05,train
2021-07-28,0.0005852765558677095,8.774257534125312e-05,1.4607742456560243e-05,0.0004829262380698962,0.35545506644296665,7.355227538141662e-16,0.2500000099999994,0.0005491306001945072,3.614595567320238e-05,0.00010235031779781335,train
2021-07-29,-0.0005012443735694591,0.0,1.4597721933156384e-05,-0.0005158420955026154,0.3557962277536994,0.0005849940468940808,0.0,0.0012884890686966064,-0.0017897334422660655,1.4597721933156384e-05,train
2021-07-30,-0.0010296258541795016,0.0,1.4752433238048049e-05,-0.0010443782874175497,0.3590596683563975,8.379289722831862e-05,0.0,-0.0012303026846907559,0.00020067683051125428,1.4752433238048049e-05,train
2021-08-02,0.00014237789863351337,8.774173923569678e-05,5.075756489855101e-05,3.878594499265577e-06,0.4117002486215803,-7.892991815694472e-17,0.2500000099999993,-0.00027835171007430803,0.00042072960870782135,0.00013849930413424778,train
2021-08-03,-0.0006868068310953803,0.0,1.6884542295439927e-05,-0.0007036913733908202,0.41099957320211433,0.0001423773464094549,0.0,0.0014124426673921427,-0.002099249498487524,1.6884542295439927e-05,train
2021-08-04,-0.000985823611589364,0.0,1.706909472481958e-05,-0.0010028927063141836,0.4148031587724774,-0.0005448128647990002,0.0,-0.002412211627018132,0.0014263880154287687,1.706909472481958e-05,train
2021-08-05,0.002004937365130662,8.77470211482464e-05,1.71188305920074e-05,0.001900071513390408,0.41655821107217983,-1.942890293094024e-16,0.25000001,0.0025883140516085226,-0.0005833766864778597,0.0001048658517402538,train
2021-08-06,0.0012293713613597476,0.0,1.7134223111520726e-05,0.0012122371382482268,0.418933897445736,0.0020011350653982626,0.0,0.0012225243658786536,6.846995481093853e-06,1.7134223111520726e-05,train
2021-08-09,-0.000593687058326583,0.0,5.133874629941133e-05,-0.0006450258046259943,0.4196408705681041,0.0032265950284344445,0.0,-0.0009472346983404953,0.00035354764001391226,5.133874629941133e-05,train
2021-08-10,-0.0010517412715576693,8.774746069466892e-05,1.5163135230832278e-05,-0.0011546518674831704,0.368969623950252,-1.1015494072452725e-16,0.2500000099999998,0.00019587739576595916,-0.0012476186673236293,0.0001029105959255012,train
2021-08-11,-0.00014347372659412243,0.0,1.5283326151969e-05,-0.00015875705274609144,0.37084131262750686,-0.0010529570704055115,0.0,0.0008705176223462773,-0.001013991348940399,1.5283326151969e-05,train
2021-08-12,-0.001297499974179996,0.0,1.5369107860943774e-05,-0.0013128690820409397,0.3727850038473123,-0.0011966207689861688,0.0,-0.0007576593194822076,-0.0005398406546977883,1.5369107860943774e-05,train
2021-08-13,0.0001682331694619358,8.773229360722407e-05,1.6367536144545834e-05,6.41333397101659e-05,0.3982767128506153,1.7780915628762273e-17,0.2500000099999996,-3.3478299403847865e-05,0.0002017114688657836,0.0001040998297517699,train
2021-08-16,0.0007440275746201724,0.0,4.904972563640572e-05,0.0006949778489837667,0.39801599698720086,0.00016822238079885815,0.0,0.0005365067927331196,0.0002075207818870532,4.904972563640572e-05,train
2021-08-17,0.00017887245779247575,0.0,1.6321508955661546e-05,0.0001625509488368142,0.39806833432331035,0.0009116164022127211,0.0,-0.001465862121609582,0.001644734579402058,1.6321508955661546e-05,train
2021-08-18,-0.00036238297271258416,8.772091734995685e-05,1.498172158273313e-05,-0.00046508561164527415,0.36455522517984,5.065392549852277e-16,0.25000000999999916,-0.0016862581596492922,0.0013238751869367083,0.00010270263893268998,train
2021-08-19,6.729919934785218e-05,0.0,1.4879830318517717e-05,5.241936902933447e-05,0.3617133194936909,-0.0003625515902401736,0.0,-0.00032680864206984254,0.0003941078414176943,1.4879830318517717e-05,train
2021-08-20,-0.000151439484605608,0.0,1.4846659640665156e-05,-0.00016628614424627316,0.3609734810080926,-0.0002952369147595363,0.0,0.0011260959675227483,-0.0012775354521283569,1.4846659640665156e-05,train
2021-08-23,-3.3190586500081844e-05,8.77234717959541e-05,4.825908674301542e-05,-0.00016917314503905135,0.39143481469334745,1.7520707107365752e-16,0.2500000099999999,0.0019664982762853072,-0.001999688862785388,0.0001359825585389695,train
2021-08-24,-0.0009359533135047607,0.0,1.6253469887012473e-05,-0.0009522067833917731,0.3954679043815644,-3.31962024058656e-05,0.0,0.0005719753817748598,-0.0015079286952796205,1.6253469887012473e-05,train
2021-08-25,-0.00040531168870767113,0.0,1.639301877550829e-05,-0.0004217047074831794,0.39792671697781795,-0.0009700732262170192,0.0,0.0008102193130132883,-0.001215531001720959,1.639301877550829e-05,train
2021-08-26,0.0002777155288521728,8.772889315982718e-05,1.5465843922147895e-05,0.00017452079177019775,0.3763355354389322,1.1362438767648086e-16,0.25000000999999983,-0.001329796629123966,0.0016075121579761389,0.00010319473708197507,train
2021-08-27,-0.0004810301680828388,0.0,1.5331044049244815e-05,-0.0004963612121320836,0.3733330722684658,0.0002776670701753513,0.0,0.001958047174833112,-0.0024390773429159517,1.5331044049244815e-05,train
2021-08-30,0.0005663111859465189,0.0,4.66176876908334e-05,0.0005196934982556855,0.37791778051383695,-0.00020346408958961566,0.0,-7.655461663671893e-05,0.000642865802583238,4.66176876908334e-05,train
2021-08-31,-0.0005020490348058842,8.772892671514392e-05,1.5801308684760932e-05,-0.0006055792702057889,0.38449851132918267,6.938893903907228e-18,0.25000000999999944,-0.00032761303572724634,-0.00017443599907863787,0.00010353023539990486,train
2021-09-01,0.0003505357821313785,0.0,1.5825229320987697e-05,0.00033471055281039083,0.3845782268945139,-0.0005023532495200961,0.0,-0.00039306994962220884,0.0007436057317535875,1.5825229320987697e-05,train
2021-09-02,-0.0009857090941421905,0.0,1.575883639282479e-05,-0.0010014679305350154,0.3833132522225871,-0.0001517666694828921,0.0,0.0005145306214241988,-0.0015002397155663898,1.575883639282479e-05,train
2021-09-03,-8.576246686508847e-05,8.774769820735914e-05,1.6620675139058222e-05,-0.00019013084021150584,0.40443642838375005,2.949029909160572e-17,0.2500000099999997,-0.0006113512106317723,0.0005255887437666836,0.00010436837334641737,train
2021-09-07,-0.0007287735908717822,0.0,6.632251421226444e-05,-0.0007950961050840466,0.4033761826818862,-8.577877605580805e-05,0.0,-0.0016325884987299292,0.0009038149078581463,6.632251421226444e-05,train
2021-09-08,0.0010670245085801634,0.0,1.651947696805117e-05,0.0010505050316121122,0.4011587390262183,-0.0008152005296936139,0.0,0.00027495991228714234,0.000792064596293021,1.651947696805117e-05,train
2021-09-09,-4.901555274276206e-05,8.773666470613019e-05,1.6411974754968906e-05,-0.00015316419220386116,0.39935805237091027,1.6306400674181987e-16,0.2500000099999996,-0.00025839863916859567,0.0002093830864258334,0.0001041486394610991,train
2021-09-10,-0.00019487580136297645,0.0,1.6397276661855835e-05,-0.00021127307802483228,0.39895137571050515,-4.902306132019418e-05,0.0,-0.001067885201497056,0.0008730094001340798,1.6397276661855835e-05,train
2021-09-13,-0.00045032846586565525,0.0,4.898691701049337e-05,-0.0004993153828761486,0.3970943764600551,-0.00024395040283565692,0.0,0.0005129416509637307,-0.000963270116829385,4.898691701049337e-05,train
2021-09-14,0.0004822317319441962,8.774362061764201e-05,1.6024346795017827e-05,0.00037846376453153633,0.3899257720121002,-2.636779683484747e-16,0.25000000999999966,-0.0012758640669421942,0.00175809579888639,0.00010376796741265984,train
2021-09-15,-0.0004293947330495422,0.0,1.5873838097927716e-05,-0.00044526857114746994,0.38674544300999464,0.00048204929375353193,0.0,0.0015869030423720791,-0.002016297775421621,1.5873838097927716e-05,train
2021-09-16,0.0010225728800779329,0.0,1.6046706296741266e-05,0.0010065261737811917,0.39052253123727326,5.2678016569163155e-05,0.0,0.0005896678292205633,0.0004329050508573692,1.6046706296741266e-05,train
2021-09-17,-0.0004856553396484774,8.776223917535372e-05,1.4232109015177096e-05,-0.0005876496878390082,0.3463146527026424,-2.8102520310824275e-16,0.2500000099999994,-0.0014817363852559127,0.0009960810456074352,0.00010199434819053082,train
2021-09-20,0.000369693272106662,0.0,4.247567883999806e-05,0.00032721759326666397,0.3440390096884269,-0.0004859409026685257,0.0,-0.002787673356481545,0.003157366628588209,4.247567883999806e-05,train
2021-09-21,0.00021714540210583506,0.0,1.3894503501425956e-05,0.0002032508986044091,0.3379833755966302,-0.00011620960473467633,0.0,-0.00020763887400209436,0.00042478427610792953,1.3894503501425956e-05,train
2021-09-22,-0.0004533629457817215,8.774738542134883e-05,1.5069034187232464e-05,-0.0005561793653903028,0.36667983188932285,-4.2847669856627135e-16,0.2500000099999994,0.002264475126865804,-0.002717838072647526,0.00010281641960858129,train
2021-09-23,0.000534065529491578,0.0,1.5300928198944547e-05,0.0005187646012926334,0.37186897093710036,-0.00045361523721691895,0.0,0.0030765727050380922,-0.0025425071755465125,1.5300928198944547e-05,train
2021-09-24,-0.00110195598653667,0.0,1.550185957545326e-05,-0.0011174578461121234,0.3772923249151795,8.040857915015721e-05,0.0,-0.00033462045096812714,-0.0007673355355685434,1.550185957545326e-05,train
2021-09-27,-0.0012279478701261834,8.773938486884652e-05,5.2556157917952054e-05,-0.001368243412912982,0.42628883644561105,-4.85722573273506e-17,0.25000000999999994,2.869631162447843e-06,-0.0012308175012886312,0.00014029554278679858,train
2021-09-28,-0.0014801516677084483,0.0,1.7644023707496773e-05,-0.001497795691415945,0.4281082799120653,-0.0012296303036895776,0.0,-0.004226566631450899,0.002746414963742453,1.7644023707496773e-05,train
2021-09-29,5.057956989407142e-06,0.0,1.7444419146587834e-05,-1.2386462157180692e-05,0.4217670191409226,-0.0027138467593813883,0.0,0.00023464160038619262,-0.0002295836433967857,1.7444419146587834e-05,train
2021-09-30,0.0012669848317033452,8.774565716513392e-05,1.839015125730521e-05,0.001160849023280906,0.44749368059442685,8.500145032286355e-17,0.25000000999999983,-0.0023860718064241987,0.0036530566381275434,0.00010613580842243914,train
2021-10-01,-0.0024777332353978125,0.0,1.8068924733145967e-05,-0.0024958021601309585,0.44094268426552263,0.0012655157589706797,0.0,0.001624245592042794,-0.004101978827440606,1.8068924733145967e-05,train
2021-10-04,-0.0021731081989430348,0.0,5.5356379605397534e-05,-0.002228464578548432,0.44778649518697117,-0.0012152505012532587,0.0,-0.0030181543951258746,0.0008450461961828389,5.5356379605397534e-05,train
2021-10-05,0.001747172951795278,8.776497736177798e-05,1.8888715180405118e-05,0.001640519259253095,0.45962540272319097,-2.5413698923060224e-16,0.2500000099999995,0.002957644837343173,-0.0012104718855478955,0.0001066536925421831,train
2021-10-06,0.0006987298985283129,0.0,1.8957106521964174e-05,0.0006797727920063487,0.46303390340985107,0.0017443113753895702,0.0,0.0007813314290731583,-8.260153054484542e-05,1.8957106521964174e-05,train
2021-10-07,0.0008298996009299089,0.0,1.8951013305632148e-05,0.0008109485876242767,0.4635827054594531,0.002441381689070745,0.0,0.002527259907377584,-0.001697360306447674,1.8951013305632148e-05,train
2021-10-08,-0.0017941967568029522,8.775158104497327e-05,1.6607406917978668e-05,-0.001898555744765904,0.4041135683374811,4.5102810375396984e-17,0.25000001,-0.0012753157135888412,-0.0005188810432141109,0.00010435898796295193,train
2021-10-11,-0.0006268090276725834,0.0,5.0045177584265956e-05,-0.0006768542052568493,0.4041243863423967,-0.0017976096188716574,0.0,-0.0015642014594427721,0.0009373924317701888,5.0045177584265956e-05,train
2021-10-12,0.0008483093116325361,0.0,1.6615926467829798e-05,0.0008316933851647062,0.40189481664790283,-0.002426060735955589,0.0,0.0003838235155154456,0.00046448579611709054,1.6615926467829798e-05,train
2021-10-13,0.0008664305367772362,8.775043998117858e-05,1.512056599860961e-05,0.000763559530797448,0.36793377263283383,-5.204170427930421e-18,0.25000000999999994,0.0008680937658274066,-1.6632290501701161e-06,0.0001028710059797882,train
2021-10-14,0.0009641624023965375,0.0,1.5109165954700047e-05,0.0009490532364418374,0.3685221410346145,0.0008657694702467449,0.0,0.003406535663812562,-0.0024423732614160254,1.5109165954700047e-05,train
2021-10-15,-0.0006013195395296843,0.0,1.5295392820428792e-05,-0.000616614932350113,0.37401608878030485,0.0018281968165376992,0.0,0.0006910309610976411,-0.001292350500627326,1.5295392820428792e-05,train
2021-10-18,0.0001366109936982101,8.774229599276628e-05,4.609701094214508e-05,2.7716867632987337e-06,0.3738979776418434,-2.0816681711721685e-17,0.25000000999999955,0.0005827587614526095,-0.0004461477677543995,0.00013383930693491137,train
2021-10-19,0.0010689818852925171,0.0,1.540229730324626e-05,0.0010535795879892708,0.3749258449940487,0.00013661061505634842,0.0,0.001355682343491476,-0.0002867004581989585,1.540229730324626e-05,train
2021-10-20,0.00010819411333624055,0.0,1.5409626456574903e-05,9.278448687966565e-05,0.3761719007595237,0.0012043236495343848,0.0,0.0011690912784528172,-0.0010608971651165752,1.5409626456574903e-05,train
2021-10-21,-0.0009261017813581584,8.774085364558453e-05,1.4609765952441515e-05,-0.0010284524009561845,0.35550430484274353,-1.734723475976807e-18,0.25000000999999994,0.0004757876642780443,-0.0014018894456362032,0.00010235061959802604,train
2021-10-22,0.0004170795922060226,0.0,1.4740149284415814e-05,0.00040233944292160677,0.35774991070726647,-0.0009270552135183293,0.0,0.0005656520884475193,-0.00014857249624149668,1.4740149284415814e-05,train
2021-10-25,-0.0005447776947458848,0.0,4.4239282958928235e-05,-0.0005890169777048131,0.3583199690352262,-0.0005097705205250633,0.0,0.0006492069778712282,-0.0011939846726171125,4.4239282958928235e-05,train
2021-10-26,0.0004447471907084711,8.774578084263587e-05,1.5486787195047517e-05,0.0003415146226707877,0.3768451550794898,2.211772431870429e-16,0.2500000099999997,0.00036455390460365754,8.019328610481366e-05,0.00010323256803768338,train
2021-10-27,0.0008142003577647379,0.0,1.5474911057641886e-05,0.000798725446707096,0.3770007644241797,0.00044459535489382537,0.0,-0.0012865743406050576,0.0021007746983697944,1.5474911057641886e-05,train
2021-10-28,-0.0010387603057066537,0.0,1.5290032106352934e-05,-0.0010540503378130067,0.3733152390041687,0.0012577910829139974,0.0,0.0020134955070451235,-0.0030522558127517763,1.5290032106352934e-05,train
2021-10-29,-0.00021223671954020585,8.772768034585093e-05,1.5385222412656146e-05,-0.0003153496222987129,0.37437374537463297,-3.469446951953614e-18,0.2500000099999993,0.00013080702739046184,-0.00034304374693066745,0.00010311290275850707,train
2021-11-01,-0.0004032425433442541,0.0,4.625483981361331e-05,-0.0004494973831578674,0.37496584148544143,-0.0002123036694221779,0.0,0.0013272760475621127,-0.0017305185909063665,4.625483981361331e-05,train
2021-11-02,9.18164532310338e-05,0.0,1.5567511898463774e-05,7.624894133257003e-05,0.3781936331723479,-0.0006158230236040334,0.0,0.0003046142785017946,-0.0002127978252707608,1.5567511898463774e-05,train
2021-11-03,-0.00039739678286771515,8.774073259183787e-05,1.4024193716843998e-05,-0.000499161709176397,0.3412553804432041,1.1449174941446927e-16,0.25000000999999933,0.0009309970926672436,-0.0013283938755349592,0.00010176492630868187,train
2021-11-04,-0.00035747431131419235,0.0,1.4140435138879566e-05,-0.0003716147464530719,0.3436863264655454,-0.0003975952471907511,0.0,0.00021592854601381852,-0.0005734028573280107,1.4140435138879566e-05,train
2021-11-05,0.0023092320900185027,0.0,1.4192838408898506e-05,0.0022950392516096043,0.34460371769206416,-0.0007553502577994781,0.0,0.0024068333330690512,-9.76012430505487e-05,1.4192838408898506e-05,train
2021-11-08,0.002707613162726454,8.776337576785382e-05,3.650141402321457e-05,0.0025833483729353858,0.29606702485496245,-1.1102230246251565e-16,0.2500000099999997,0.0024967184230969544,0.00021089473962949975,0.0001242647897910684,train
2021-11-09,0.0003305968420391342,0.0,1.2118497891711092e-05,0.00031847834414742315,0.2975840851761785,0.002700636477875335,0.0,-3.135214834358162e-05,0.00036194899038271525,1.2118497891711092e-05,train
2021-11-10,-0.0008735871932017906,0.0,1.208489988072164e-05,-0.0008856720930825123,0.29709616534266137,0.003030268245101439,0.0,-0.0020041290269608406,0.0011305418337590497,1.208489988072164e-05,train
2021-11-11,0.00014111330061792308,8.775841997297722e-05,1.4853283784468675e-05,3.850159686047718e-05,0.361429905422072,8.838416110101832e-16,0.2500000099999997,0.0008485476751284522,-0.0007074343745105293,0.0001026117037574459,train
2021-11-12,0.0009810792889084338,0.0,1.4910854983796907e-05,0.0009661684339246369,0.3629719124734653,0.00014110786774056572,0.0,0.001917795800399504,-0.0009367165114910709,1.4910854983796907e-05,train
2021-11-15,0.0004096120896766217,0.0,4.492013572881617e-05,0.00036469195394780556,0.365473316003991,0.0011211039813710513,0.0,0.00013136592709486668,0.00027824616258175536,4.492013572881617e-05,train
2021-11-16,0.00018423364746126766,8.77738847454747e-05,1.5281405170945133e-05,8.117835754484782e-05,0.3718475258263314,-1.717376241217039e-16,0.25000000999999994,0.0006065521076754632,-0.00042231846021419507,0.00010305528991641985,train
2021-11-17,-0.0003333593034719,0.0,1.5314873041024625e-05,-0.0003486741765129246,0.3728461293578228,0.00018421869289017394,0.0,-0.0010528281570056548,0.0007194688535337552,1.5314873041024625e-05,train
2021-11-18,0.00031770383187274974,0.0,1.5261059752148577e-05,0.00030244277212060117,0.3712032613387496,-0.0001491926301991943,0.0,-0.00012503103067738132,0.00044273486255013106,1.5261059752148577e-05,train
2021-11-19,0.0006571405722724778,8.775104237043117e-05,1.5110329121503498e-05,0.0005542792007805432,0.36768467528991833,-6.765421556309548e-17,0.25000000999999994,-0.000615574514004749,0.0012727150862772267,0.00010286137149193467,train
2021-11-22,-0.0006284198089084988,0.0,4.4992228949546874e-05,-0.0006734120378580458,0.36559374468102424,0.000656776534699673,0.0,-0.0008198531197980475,0.00019143331088954864,4.4992228949546874e-05,train
2021-11-23,-0.0020204528869477477,0.0,1.4991771044208293e-05,-0.002035444657991956,0.3648281379101547,2.8375834419650317e-05,0.0,-0.0003631241257859721,-0.0016573287611617751,1.4991771044208293e-05,train
2021-11-24,0.00044713093259443235,8.774731942222532e-05,1.6548024350547808e-05,0.00034283558882165923,0.40266859252999676,1.1449174941446927e-16,0.25000000999999944,0.0007197615440834463,-0.00027263061148901404,0.00010429534377277312,train
2021-11-26,-0.00018605552825834757,0.0,3.312950671808225e-05,-0.00021918503497642982,0.40352264276273475,0.0004469776927340744,0.0,-0.005179650766331246,0.004993595238072899,3.312950671808225e-05,train
2021-11-29,0.00011838954983245853,0.0,4.84735873060893e-05,6.991596252636922e-05,0.393435631961083,0.00026097936724746307,0.0,0.002410892277758603,-0.0022925027279261457,4.84735873060893e-05,train
2021-11-30,-0.0002490539231919504,8.776455531968009e-05,1.5452996853059975e-05,-0.00035227147536469046,0.3760229234244593,-4.336808689942018e-17,0.2500000099999996,-0.0045804017697572965,0.004331347846565343,0.00010321755217274007,train
2021-12-01,-0.0035116245081269148,0.0,1.510231577525116e-05,-0.003526726823902166,0.36724054217574265,-0.00024914168870224414,0.0,-0.004327973726888948,0.0008163492187620332,1.510231577525116e-05,train
2021-12-02,0.0014506560674111125,0.0,1.5088431354778033e-05,0.0014355676360563346,0.36337775329986366,-0.0037740763330684386,0.0,0.0044729424289178,-0.003022286361506689,1.5088431354778033e-05,train
2021-12-03,-0.001846662250436195,8.777376744870023e-05,1.4342786478288544e-05,-0.0019487788043631839,0.34900780430502126,8.326672684688674e-17,0.25000000999999916,-0.0021351616154933963,0.000288499365057201,0.00010211655392698877,train
2021-12-06,-0.0006113130772625484,0.0,4.304110018889008e-05,-0.0006543541774514385,0.34726087796302957,-0.0018502680135232593,0.0,0.001518505784151931,-0.0021298188614144783,4.304110018889008e-05,train
2021-12-07,0.0013409342942978214,0.0,1.4531595811768924e-05,0.0013264026984860524,0.3511389718616996,-0.0024631928913441316,0.0,0.004156060760388191,-0.002815126466090372,1.4531595811768924e-05,train
2021-12-08,0.001220489357603187,8.779040419319554e-05,1.3905142841663988e-05,0.0011187938105683276,0.3383584758138237,5.204170427930421e-17,0.2500000099999997,0.000719073358005617,0.0005014159995975699,0.00010169554703485953,train
2021-12-09,-0.0007903418366308264,0.0,1.3848437022098092e-05,-0.0008041902736529245,0.3381977596120298,0.001219125407642866,0.0,-0.0020337819963061454,0.0012434401596753183,1.3848437022098092e-05,train
2021-12-10,-0.00033872468249901313,0.0,1.3757299947838665e-05,-0.0003524819824468518,0.3351900940695239,0.0004291286721162949,0.0,0.0009657976472656239,-0.0013045223297646366,1.3757299947838665e-05,train
2021-12-13,7.233357636354378e-05,8.778972633625503e-05,4.316891515956805e-05,-5.86250651322793e-05,0.35014786740538545,1.448494102440634e-16,0.25000000999999933,-0.0017850332117963171,0.0018573667881598614,0.00013095864149582307,train
2021-12-14,-0.0007982526406541568,0.0,1.4237812795266802e-05,-0.0008124904534494236,0.34652578250199845,7.233781717293133e-05,0.0,-0.0014405693581904157,0.0006423167175362589,1.4237812795266802e-05,train
2021-12-15,0.0011687248017558417,0.0,1.4196554205164383e-05,0.0011545282475506774,0.344722980557059,-0.0007265051019409285,0.0,0.0030404515462158863,-0.0018717267444600433,1.4196554205164383e-05,train
2021-12-16,-0.0018771288434873707,8.778351944939615e-05,1.5164727760630787e-05,-0.0019800770906973973,0.3690083755086831,6.132247487578013e-16,0.25000000999999994,-0.002147659004048484,0.0002705301605611133,0.00010294824721002694,train
2021-12-17,0.0005462467796680862,0.0,1.517253519431429e-05,0.0005310742444737719,0.3673175033174044,-0.0018808530775766314,0.0,-0.0008217930812429041,0.0013680398609109902,1.517253519431429e-05,train
2021-12-20,-0.0008798076667972935,0.0,4.51562993381777e-05,-0.0009249639661354712,0.3649338633994628,-0.0013338978990895907,0.0,-0.002562618251992427,0.0016828105851951348,4.51562993381777e-05,train
2021-12-21,0.0009904590173837112,8.778216477189125e-05,1.61417990113372e-05,0.0008865350536004827,0.3927837759425386,1.1796119636642288e-16,0.2500000099999997,0.004980053950955997,-0.003989594933572287,0.00010392396378322845,train
2021-12-22,-0.00040217462073660853,0.0,1.6455122880440792e-05,-0.00041862974361704935,0.40139757180922797,0.0009895817185019695,0.0,0.0018713177912822734,-0.0022734924120188797,1.6455122880440792e-05,train
2021-12-23,0.0009397525543886569,0.0,1.664895501824052e-05,0.0009231035993704164,0.4057122252173541,0.0005876531068348192,0.0,0.0019832956351654545,-0.001043543080776798,1.664895501824052e-05,train
2021-12-27,0.0008481826103979739,8.77655922214746e-05,5.878460399818263e-05,0.0007016324141783166,0.3576063409889444,2.949029909160572e-17,0.2500000099999998,0.0028756936894183548,-0.002027511079020381,0.00014655019621965723,train
2021-12-28,-0.000819335871223574,0.0,1.4852374838152534e-05,-0.0008341882460617266,0.3622553756436212,0.0008475879152428055,0.0,-0.0005558161230232579,-0.00026351974820031625,1.4852374838152534e-05,train
2021-12-29,-1.2770193689358932e-06,0.0,1.4886452098905328e-05,-1.6163471467841223e-05,0.3622652767045815,2.8275631218443315e-05,0.0,0.000545382908353707,-0.0005466599277226426,1.4886452098905328e-05,train
2021-12-30,0.0005219643415871533,8.778109596957279e-05,1.3494043528767677e-05,0.00042068920208881283,0.3283550592000146,1.0859368959614812e-15,0.25000000999999994,-0.0002050182636416232,0.0007269826052287761,0.00010127513949834046,train
2021-12-31,-2.834065873876827e-05,0.0,1.3428642249024485e-05,-4.1769300987792754e-05,0.32728537290875986,0.000521744849163952,0.0,-0.00012297880781525868,9.463814907649037e-05,1.3428642249024485e-05,train
2022-01-03,-0.0002423290727556451,0.0,4.0264273123597766e-05,-0.00028259334587924287,0.3270814179140604,0.0004934248004341904,0.0,0.00018779094479806359,-0.00043012001755370885,4.0264273123597766e-05,train
2022-01-04,-0.0024078053258426483,8.777990586554387e-05,1.4518337379987775e-05,-0.00251010356908818,0.35327954291303554,-2.706168622523819e-16,0.25000000999999933,-0.0005215319827819359,-0.0018862733430607126,0.00010229824324553164,train
2022-01-05,-0.0018269256260152586,0.0,1.4710297916473337e-05,-0.001841635923931732,0.35553671825875754,-0.0024138643754269724,0.0,-0.003955219937606772,0.002128294311591514,1.4710297916473337e-05,train
2022-01-06,-0.00032764929698540996,0.0,1.4562187865194054e-05,-0.00034221148485060404,0.35009795698403623,-0.004248614402352538,0.0,0.00013268024423960292,-0.0004603295412250128,1.4562187865194054e-05,train
2022-01-07,-0.0020454836233491664,8.77775377067268e-05,1.5906901483294995e-05,-0.002149168062539188,0.38706793609351164,6.591949208711867e-17,0.25000000999999983,-0.0020843035149083378,3.881989155917136e-05,0.0001036844391900218,train
2022-01-10,0.00010300430698912831,0.0,4.7813892512562985e-05,5.5190414476565325e-05,0.38577390564441605,-0.002049889179705869,0.0,-0.0006676000265238285,0.000770604333512957,4.7813892512562985e-05,train
2022-01-11,0.0005981091600438069,0.0,1.5873750749490646e-05,0.0005822354092943162,0.38431449080834224,-0.0019467774292635347,0.0,0.002492312904166649,-0.0018942037441228416,1.5873750749490646e-05,train
2022-01-12,0.00021168249485539541,8.77813738404363e-05,1.5932194103050865e-05,0.00010796892691190825,0.3876833898409043,-7.632783294297951e-17,0.2500000099999994,0.0004266742797708352,-0.00021499178491543987,0.00010371356794348716,train
2022-01-13,-0.0032858227302752637,0.0,1.5948142756855454e-05,-0.003301770873032119,0.3882831333923402,0.00021165964219087285,0.0,-0.003631971038246638,0.00034614830797137356,1.5948142756855454e-05,train
2022-01-14,-0.002887868892988152,0.0,1.5972429513534133e-05,-0.0029038413225016863,0.38557810460117325,-0.00308434689482405,0.0,-0.0014440242391652821,-0.0014438446538228707,1.5972429513534133e-05,train
2022-01-18,0.0001135410122631397,8.776199465316344e-05,7.76448905277394e-05,-5.1865872917763144e-05,0.47233975071041473,-5.898059818321144e-17,0.25000000999999966,-0.004419218767765398,0.0045327597800285365,0.00016540688518090286,train
2022-01-19,0.002648969927303046,0.0,1.9039654541879212e-05,0.002629930272761167,0.463411807420533,0.0001135469014722501,0.0,-0.00101112113479434,0.003660091062097387,1.9039654541879212e-05,train
2022-01-20,0.0010649836239188654,0.0,1.868967260374645e-05,0.001046293951315119,0.4575373040168897,0.0027552706590593737,0.0,-0.0022287772539230474,0.003293760877841914,1.868967260374645e-05,train
2022-01-21,-0.0008112546109694571,8.777293285186876e-05,1.5221143610947108e-05,-0.0009142486874322729,0.37038116119971326,3.0531133177191805e-16,0.2500000099999998,-0.0038890408955791138,0.003077786284609657,0.00010299407646281587,train
2022-01-24,0.0024229106136014057,0.0,4.494561609619908e-05,0.0023779649975052067,0.36374688913547415,-0.0008119969781406194,0.0,0.002570325995047084,-0.0001474153814456779,4.494561609619908e-05,train
2022-01-25,-0.0018941769993404652,0.0,1.4958417770910635e-05,-0.0019091354171113758,0.3655952577856986,0.0016070920268731123,0.0,-0.00255521264831536,0.0006610356489748951,1.4958417770910635e-05,train
2022-01-26,-0.0010992900880737622,8.77634019184923e-05,1.5722774343109273e-05,-0.0012027762643353637,0.3825875090156592,2.1510571102112408e-16,0.25000000999999994,-0.0017471106724937892,0.0006478205844200258,0.00010348617626160156,train
2022-01-27,0.0014079551451701084,0.0,1.5688398448902473e-05,0.001392266746721206,0.3806504150429685,-0.0011006138803250007,0.0,-0.0007346270459757947,0.0021425821911459026,1.5688398448902473e-05,train
2022-01-28,0.0011864110108785937,0.0,1.5490728576774936e-05,0.0011709202823018186,0.377247975993603,0.0003069139587462376,0.0,0.0036791427328813123,-0.0024927317220027213,1.5490728576774936e-05,train
2022-01-31,0.0017804153217331664,8.779327777096838e-05,4.414819591233576e-05,0.0016484738480498622,0.35809092240005685,1.942890293094024e-16,0.25000000999999983,0.004581596138602878,-0.002801180816869712,0.00013194147368330414,train
2022-02-01,7.91622399698841e-05,0.0,1.4921701309477549e-05,6.424053866040656e-05,0.3648722170478461,0.001777485183892421,0.0,0.0020204851343347324,-0.0019413228943648488,1.4921701309477549e-05,train
2022-02-02,0.0016474962848502031,0.0,1.5080293329149136e-05,0.001632415991521054,0.36881033250212225,0.0018565281594933036,0.0,0.0016854971415449064,-3.800085669470229e-05,1.5080293329149136e-05,train
2022-02-03,-0.00022581651917336055,8.776793594896948e-05,1.2854101366730713e-05,-0.00032643855648906075,0.31278313325711415,1.0755285551056204e-16,0.2500000099999996,-0.0025889238187504163,0.002363107299577057,0.0001006220373157002,train
2022-02-04,0.00046936039871241925,0.0,1.2664007389796895e-05,0.00045669639132262234,0.30793162289326126,-0.00022589025846315308,0.0,7.664067313365679e-05,0.0003927197255787624,1.2664007389796895e-05,train
2022-02-07,-0.0005920954971271716,0.0,3.787788847358624e-05,-0.0006299733856007578,0.30747512106260544,0.00024335899907259456,0.0,-0.00014830728772096855,-0.00044378820940620323,3.787788847358624e-05,train
2022-02-08,-0.0010008832963957536,8.7766750456844e-05,1.3572272835382626e-05,-0.0011022223196879802,0.3302586389943107,8.673617379884035e-17,0.25000000999999955,0.000911002643365355,-0.0019118859397611082,0.00010133902329222663,train
2022-02-09,0.00047293946949633533,0.0,1.374456371039595e-05,0.00045919490578593937,0.33344906257668816,-0.0010019877096132633,0.0,0.0030493835836102106,-0.002576444114113873,1.374456371039595e-05,train
2022-02-10,-0.00023846858342686285,0.0,1.3949920507889776e-05,-0.0002524185039347526,0.33891926027662056,-0.0005288054153640351,0.0,-0.002614131153535496,0.0023756625701086337,1.3949920507889776e-05,train
2022-02-11,-0.00023163036266714006,8.779854145840647e-05,1.3697211322266956e-05,-0.00033312611544781347,0.3332988088418286,-6.696032617270475e-16,0.2500000099999995,-0.0032418554301726866,0.0030102250675055455,0.00010149575278067343,train
2022-02-14,3.441399271517029e-05,0.0,4.036283260351537e-05,-5.948839888345082e-06,0.32715571245578734,-0.00023170755050402891,0.0,-0.0010452477995966174,0.0010796617923117878,4.036283260351537e-05,train
2022-02-15,-0.001478138365423415,0.0,1.3365617719029455e-05,-0.0014915039831424443,0.3250327364315864,-0.00019729473146363422,0.0,0.002331302477262695,-0.0038094408426861065,1.3365617719029455e-05,train
2022-02-16,-0.0010027424862508623,8.778174783944207e-05,1.6193761335140336e-05,-0.0011067179954254449,0.394048192488415,1.4224732503009818e-16,0.2500000099999996,0.0001767755760653171,-0.0011795180623161794,0.0001039755091745824,train
2022-02-17,0.0006524234737579846,0.0,1.6308757220292444e-05,0.0006361147165376922,0.3958425722248332,-0.0010038534689495735,0.0,-0.004175243813242576,0.0048276672870005595,1.6308757220292444e-05,train
2022-02-18,0.0009656673120795601,0.0,1.590184724970248e-05,0.0009497654648298576,0.38659374315524764,-0.00035120658751272224,0.0,-0.0007111078725383676,0.0016767751846179276,1.590184724970248e-05,train
2022-02-22,0.0004861465576886477,8.780198992161405e-05,5.7231812395604674e-05,0.000341112755371429,0.34816019207326154,-2.5066754227864863e-16,0.2500000099999991,-0.0015416188610333896,0.002027765418722036,0.00014503380231721872,train
2022-02-23,0.00045551367686136465,0.0,1.4136465319410985e-05,0.00044137721154195367,0.3444733035557783,0.000485980783444296,0.0,-0.00248518588421081,0.0029406995610721754,1.4136465319410985e-05,train
2022-02-24,0.0012401983146588427,0.0,1.3888633859139359e-05,0.0012263096807997034,0.3388978363284991,0.0009410790894413198,0.0,0.00313535611883905,-0.0018951578041802072,1.3888633859139359e-05,train
2022-02-25,-3.278969373199516e-05,8.778803624125328e-05,1.3493994712313023e-05,-0.00013407172468556146,0.3283538713329497,-5.516420653606247e-16,0.25000000999999916,0.004162745689588248,-0.004195535383320244,0.0001012820309535663,train
2022-02-28,-0.0007243850010187441,0.0,4.152206664599618e-05,-0.0007659070676647404,0.3367573020381429,-3.2794090492813815e-05,0.0,-0.001021688469173534,0.00029730346815479017,4.152206664599618e-05,train
2022-03-01,-0.0011449179627327252,0.0,1.3826843057327653e-05,-0.001158744805790053,0.3356954215967983,-0.0007577594648412768,0.0,-0.003573351505105764,0.0024284335423730395,1.3826843057327653e-05,train
2022-03-02,0.0022005416704200826,8.778352530302915e-05,1.64902310906299e-05,0.0020962679140264237,0.40126228987199436,6.591949208711867e-17,0.25000000999999994,0.0058525711043634476,-0.0036520294339433654,0.00010427375639365905,train
2022-03-03,-0.0012425270644569415,0.0,1.675527434941039e-05,-0.001259282338806352,0.40990761423087385,0.0021959383952210518,0.0,-0.0016871350178173472,0.0004446079533604051,1.675527434941039e-05,train
2022-03-04,-0.0039001273185881847,0.0,1.673981137878036e-05,-0.003916867129966965,0.40829002367562167,0.0009546134586329649,0.0,-0.003639555812442681,-0.0002605715061455018,1.673981137878036e-05,train
2022-03-07,-0.003825682665492937,8.777220914781087e-05,5.540502679991592e-05,-0.003968859901440664,0.44939632848820743,4.896257010944538e-16,0.25000000999999994,-0.010050520985983585,0.006224838320490646,0.0001431772359477268,train
2022-03-08,0.005503016170310791,0.0,1.8028263371336107e-05,0.005484987906939455,0.434846815270128,-0.003840926765717279,0.0,0.001437081649039993,0.004065934521270799,1.8028263371336107e-05,train
2022-03-09,0.001650823464024803,0.0,1.7597554598164903e-05,0.001633225909426638,0.42986018448432584,0.0016530225956465003,0.0,0.006013604025496685,-0.004362780561471882,1.7597554598164903e-05,train
2022-03-10,-0.0005019367274278672,8.780406482881002e-05,1.4951916249758727e-05,-0.0006046927085064359,0.3638299620774622,-1.4094628242311558e-16,0.2500000099999993,-0.0008391479747217221,0.0003372112472938549,0.00010275598107856874,train
2022-03-11,0.0005238094740557108,0.0,1.4933230272290565e-05,0.0005088762437834202,0.36287302953051737,-0.0005022404285530602,0.0,-0.0023237145675017853,0.0028475240415574985,1.4933230272290565e-05,train
2022-03-14,0.0005914415036492591,0.0,4.4075132813115e-05,0.0005473663708361441,0.3575198575592653,2.155807511036354e-05,0.0,-0.0011087427446597343,0.001700184248308993,4.4075132813115e-05,train
2022-03-15,-0.00015994726734707115,8.780931462859972e-05,1.3317725437946523e-05,-0.0002610743074136174,0.3240646523233651,-2.918672248330978e-16,0.2500000099999997,0.0030623460908986476,-0.003222293358245719,0.00010112704006654624,train
2022-03-16,0.001802751198007212,0.0,1.3586118453857156e-05,0.001789165079553355,0.33043556000748325,-0.00015998903637422712,0.0,0.005124498750111522,-0.0033217475521043122,1.3586118453857156e-05,train
2022-03-17,-0.001101308647884738,0.0,1.3834386798847924e-05,-0.001115143034683586,0.3382765736768455,0.001639828238212706,0.0,0.001860185169467965,-0.002961493817352704,1.3834386798847924e-05,train
2022-03-18,-0.0013060454112300375,8.782005016909912e-05,1.58616789799047e-05,-0.0014097271403790412,0.3859675218443477,1.734723475976807e-17,0.25000000999999944,0.0016311134842873266,-0.0029371588955173643,0.00010368172914900382,train
2022-03-21,0.0010743427178220005,0.0,4.8377466928364335e-05,0.0010259652508936362,0.3910871203519652,-0.0013078891781009988,0.0,-4.679553609324833e-05,0.0011211382539152487,4.8377466928364335e-05,train
2022-03-22,0.0009573116738877866,0.0,1.6017240827313884e-05,0.0009412944330604726,0.38951955303599817,-0.00023330709530642452,0.0,0.0023228991908530888,-0.001365587516965305,1.6017240827313884e-05,train
2022-03-23,-5.854225137664592e-05,8.78038030985093e-05,1.4995135142516682e-05,-0.00016134118961767192,0.3648816218012393,-1.6479873021779667e-17,0.25000001,-0.003035882279771577,0.00297734002839493,0.00010279893824102598,train
2022-03-24,0.0010422846726491786,0.0,1.4752802498175775e-05,0.0010275318701510028,0.35892630909076656,-5.855169817730807e-05,0.0,0.0031794876788206277,-0.0021372030061714495,1.4752802498175775e-05,train
2022-03-25,0.0006280564752169775,0.0,1.4913139293323074e-05,0.0006131433359236545,0.3638691126659309,0.0009827231950693977,0.0,0.001061812350672392,-0.00043375587545541446,1.4913139293323074e-05,train
2022-03-28,-0.0009301984915415621,8.782242817964731e-05,3.922382447396348e-05,-0.0010572447441951729,0.3181487985110373,1.3183898417423734e-16,0.2500000099999993,0.0003397027799435763,-0.0012699012714851394,0.00012704625265361078,train
2022-03-29,0.0006880962353075868,0.0,1.3192931762725876e-05,0.0006749033035448609,0.32009682324647687,-0.0009311829798527571,0.0,0.0029935315803863096,-0.002305435345078725,1.3192931762725876e-05,train
2022-03-30,-0.0017404078340191717,0.0,1.3373393851617624e-05,-0.0017537812278707893,0.325176327594214,-0.00024292279514822115,0.0,-0.002164164036841439,0.0004237562028222683,1.3373393851617624e-05,train
2022-03-31,-0.0019213993105469938,8.781169959819395e-05,1.6537308565273038e-05,-0.0020257483187104608,0.4024078417549773,3.9898639947466563e-17,0.25000000999999955,-0.003877003012168204,0.001955603701621212,0.000104349008163467,train
2022-04-01,-0.0020720904883614636,0.0,1.6409816171975583e-05,-0.0020885003045334393,0.39738022736866874,-0.0019252994827371212,0.0,-0.0008589972937052201,-0.001213093194656244,1.6409816171975583e-05,train
2022-04-04,0.0004389929876416411,0.0,4.963222430141016e-05,0.0003893607633402309,0.3985667300066155,-0.004005755993711337,0.0,0.0010164488811100917,-0.0005774558934684509,4.963222430141016e-05,train
2022-04-05,-0.0019742755515836556,8.779304163974384e-05,1.61913822489739e-05,-0.0020782599754723733,0.3939903013916979,-3.365363543395006e-16,0.2500000099999995,-0.0037244431846141074,0.0017501676330304524,0.00010398442388871773,train
2022-04-06,5.816828180088562e-05,0.0,1.6080953255997628e-05,4.2087328544888e-05,0.3893248087415193,-0.001978387154423023,0.0,-0.002079574102738103,0.0021377423845389894,1.6080953255997628e-05,train
2022-04-07,8.450320297090895e-05,0.0,1.5904579021231243e-05,6.85986239496777e-05,0.38509128479081944,-0.0019201380591407913,0.0,0.0009258676129336898,-0.0008413644099627808,1.5904579021231243e-05,train
2022-04-08,0.0007387973253152158,8.780027806196788e-05,1.6601079202148423e-05,0.0006343959680510995,0.40395959391894537,3.660266534311063e-16,0.2500000099999997,0.000248854389256098,0.0004899429360591175,0.0001044013572641163,train
2022-04-11,0.0012566753064772458,0.0,4.965093140850228e-05,0.0012070243750687435,0.4034625503569363,0.0007383289324177471,0.0,-0.0014339647245179494,0.0026906400309951958,4.965093140850228e-05,train
2022-04-12,0.00037963486106510334,0.0,1.6309476038679242e-05,0.0003633253850264241,0.39885651606437844,0.001992599123183579,0.0,-0.0005348139915603185,0.0009144488526254218,1.6309476038679242e-05,train
2022-04-13,0.0008011327901719378,8.779254919216648e-05,1.4565765903302786e-05,0.0006987744750764685,0.35443363698036773,-1.8214596497756474e-17,0.25000000999999944,0.0029909992410804545,-0.0021898664509085158,0.00010235831509546926,train
2022-04-14,0.00016474521577632543,0.0,1.4735458164621138e-05,0.0001500097576117043,0.3593633887090498,0.0008005733699355715,0.0,-0.001212471504920035,0.0013772167206963603,1.4735458164621138e-05,train
2022-04-18,-0.0003932706026902756,0.0,5.848027646697964e-05,-0.00045175087915725525,0.3567201889743502,0.000965173800224076,0.0,-0.0002712472738661097,-0.00012202332882416591,5.848027646697964e-05,train
2022-04-19,0.0005167367242178654,8.780514866763126e-05,1.43801229095839e-05,0.00041455145264065026,0.34991632413320806,-2.697495005143935e-16,0.2500000099999994,0.003841838199995486,-0.00332510147577762,0.00010218527157721516,train
2022-04-20,0.0007954020912699703,0.0,1.4647346842380812e-05,0.0007807547444275895,0.35693529576362365,0.0005165225990238489,0.0,0.0008287177343038983,-3.331564303392798e-05,1.4647346842380812e-05,train
2022-04-21,-0.0019014014591977133,0.0,1.4638655914353826e-05,-0.0019160401151120672,0.3575181951139071,0.0013109011979640347,0.0,-0.00391855897392671,0.0020171575147289976,1.4638655914353826e-05,train
2022-04-22,0.001914853431718968,8.780525739985703e-05,1.6698236735635437e-05,0.0018103499375834754,0.40632376056712893,1.9949319973733282e-17,0.25000000999999966,-0.004849294448592427,0.006764147880311394,0.00010450349413549246,train
2022-04-25,0.0007900292450403674,0.0,4.8339327029159455e-05,0.0007416899180112079,0.39399704571111394,0.0019113931412649953,0.0,0.001134695044547715,-0.0003446657995073476,4.8339327029159455e-05,train
2022-04-26,0.0001066681394114858,0.0,1.612947463684877e-05,9.053866477463704e-05,0.3951833030835056,0.002699420253518865,0.0,-0.005297488283175018,0.005404156422586505,1.612947463684877e-05,train
2022-04-27,0.0009999223465622618,8.781364055282283e-05,1.447647015349737e-05,0.0008976322358559416,0.35226077373510156,-1.1032841307212493e-15,0.25000000999999933,0.0007590408212285249,0.00024088152533373693,0.0001022901107063202,train
2022-04-28,0.0003261656084204004,0.0,1.4443706535371696e-05,0.0003117219018850287,0.3524625512830326,0.0009990255889880395,0.0,0.0036669493729996434,-0.0033407837645792458,1.4443706535371696e-05,train
2022-04-29,-0.0002329285294290763,0.0,1.4713704918242523e-05,-0.0002476422343473188,0.35935826457891884,0.001324778235017452,0.0,-0.005753210438457459,0.005520281909028385,1.4713704918242523e-05,train
2022-05-02,0.0008183498733487892,8.78092308987463e-05,4.430145156432802e-05,0.000686239190885715,0.3593339960217713,-4.518954654919582e-16,0.2500000099999995,0.0014200613116577177,-0.0006017114383089291,0.00013211068246307431,train
2022-05-03,-0.00012692551694627464,0.0,1.4806445492923244e-05,-0.0001417319624391979,0.36110796233584225,0.000817788674709892,0.0,0.0008835615692773762,-0.0010104870862236508,1.4806445492923244e-05,train
2022-05-04,-0.000806795427865586,0.0,1.4891609843124464e-05,-0.0008216870377087105,0.36305346727173,0.0006909610890347331,0.0,0.004892329966185501,-0.005699125394051091,1.4891609843124464e-05,train
2022-05-05,-0.0009905022109649715,8.786189048154315e-05,1.5347657472088773e-05,-0.0010937117589186033,0.3734596651541608,5.516420653606247e-16,0.2500000099999997,-0.006711472168151063,0.005720969957186088,0.00010320954795363193,train
2022-05-06,-0.0015188249652910248,0.0,1.4893730211145047e-05,-0.0015337186955021698,0.36142251508350837,-0.0009915867210211898,0.0,-0.002576258373867007,0.0010574334085759825,1.4893730211145047e-05,train
2022-05-09,-0.003263982081864177,0.0,4.448868675920173e-05,-0.0033084707686233785,0.3583384136253591,-0.00251426786594372,0.0,-0.008603559738877298,0.005339577657013121,4.448868675920173e-05,train
2022-05-10,0.003213186591083261,8.782605643245996e-05,1.847196513886915e-05,0.0031068885695119323,0.4494844850458162,1.5612511283791264e-16,0.25000000999999983,0.001880067821187428,0.0013331187698958325,0.00010629802157132912,train
2022-05-11,0.0013620365684754796,0.0,1.830552052065968e-05,0.00134373104795482,0.44863756716782033,0.003203234498434758,0.0,-0.002882382810278112,0.004244419378753593,1.830552052065968e-05,train
2022-05-12,-0.0020720445378756757,0.0,1.7932567585530642e-05,-0.0020899771054612064,0.4409182893837327,0.004559144802487015,0.0,-0.0005252345704897353,-0.0015468099673859406,1.7932567585530642e-05,train
2022-05-13,0.00222766017310012,8.783751591989439e-05,1.8325379306360377e-05,0.0021214972778738654,0.4459175631214357,-1.8735013540549517e-16,0.25000000999999994,0.007291128268096574,-0.0050634680949964515,0.00010616289522625477,train
2022-05-16,-0.00039193108439754796,0.0,5.610563634389236e-05,-0.00044803672074144034,0.457301994547929,0.0022229442030243587,0.0,-0.001777431810621809,0.0013855007262242606,5.610563634389236e-05,train
2022-05-17,0.0007664427457948725,0.0,1.8596333849714857e-05,0.0007478464119451576,0.4543426241905183,0.001831833847456766,0.0,0.005571544926427223,-0.004805102180632349,1.8596333849714857e-05,train
2022-05-18,-0.0005704558811538286,8.786112207832033e-05,1.734366297359705e-05,-0.0006756606662057461,0.4220291323575283,4.85722573273506e-17,0.2500000099999994,-0.009372556968426732,0.008802101087272909,0.00010520478505191739,train
2022-05-19,0.0012707587827268242,0.0,1.6631439819968274e-05,0.001254127342906856,0.40412752737620783,-0.0005708415763535576,0.0,0.0007504709014039511,0.0005202878813228732,1.6631439819968274e-05,train
2022-05-20,-0.0007061975919756019,0.0,1.6567898178342332e-05,-0.0007227654901539442,0.4038512295268727,0.0006990405205426521,0.0,-0.0003565367182527446,-0.0003496608737228572,1.6567898178342332e-05,train
2022-05-23,0.002300963067376491,8.785111559442261e-05,4.961663793884311e-05,0.0021634953138432254,0.4024460632817274,-1.0061396160665481e-16,0.25000000999999955,0.004135864312934091,-0.001834901245557599,0.0001374677535332657,train
2022-05-24,-0.0015357749662559981,0.0,1.665366299211068e-05,-0.0015524286292481087,0.4075351284994839,0.0022959956914573275,0.0,-0.0025834504312648625,0.0010476754650088644,1.665366299211068e-05,train
2022-05-25,0.0013549737034629446,0.0,1.6593312613473396e-05,0.0013383803908494712,0.4045320096764793,0.0007614027486266793,0.0,0.003448717822168523,-0.0020937441187055803,1.6593312613473396e-05,train
2022-05-26,0.0015285022236009571,8.785823393740597e-05,1.4599705002992371e-05,0.0014260442846605588,0.3552594884061481,3.191891195797325e-16,0.2500000099999994,0.005508220295410667,-0.00397971807180971,0.00010245793894039834,train
2022-05-27,0.0008431766848354999,0.0,1.4905549145315182e-05,0.0008282711356901847,0.36422802148501654,0.0015263256156804947,0.0,0.005246593143715005,-0.004403416458879506,1.4905549145315182e-05,train
2022-05-31,0.000609909037942252,0.0,6.101935457297288e-05,0.0005488896833692791,0.37356861498661786,0.002367541334366202,0.0,-0.001345601354381162,0.001955510392323414,6.101935457297288e-05,train
2022-06-01,0.000302947023042222,8.786411746120524e-05,1.4128359075736729e-05,0.00020095454650528004,0.3437900708429268,-2.706168622523819e-16,0.25000000999999944,-0.0020160658890999543,0.0023190129121421765,0.00010199247653694197,train
2022-06-02,-0.0002963857994053184,0.0,1.3934954982179726e-05,-0.0003103207543874981,0.339386790723065,0.0003028861566916931,0.0,0.0035657261178398884,-0.003862111917245207,1.3934954982179726e-05,train
2022-06-03,-0.00020116085722142278,0.0,1.425681302336423e-05,-0.000215417670244787,0.34692228594363794,6.502375108324854e-06,0.0,-0.0023216595443665243,0.002120498687145103,1.425681302336423e-05,train
2022-06-06,0.00019836009922296005,8.783348977572427e-05,4.632913025982538e-05,6.41974791874104e-05,0.37578072321858347,-1.97758476261356e-16,0.25000000999999966,0.000941821625888605,-0.000743461526665645,0.00013416262003554966,train
2022-06-07,0.00045404557040543267,0.0,1.550315458334732e-05,0.00043854241582208536,0.37744177556060665,0.00019834736582186735,0.0,0.001970221756251498,-0.0015161761858460657,1.550315458334732e-05,train
2022-06-08,-0.0005704385243091581,0.0,1.5620921367507916e-05,-0.000586059445676666,0.38076119356902516,0.000652106959665829,0.0,-0.0032544394868520045,0.0026840009625428486,1.5620921367507916e-05,train
2022-06-09,-0.0017436551776107713,8.784533479661201e-05,1.5594473671842313e-05,-0.0018470949860792255,0.3794655260148294,-1.8214596497756474e-16,0.2500000099999994,-0.0058536445686368154,0.004109989391026043,0.00010343980846845432,train
2022-06-10,0.0011029637334105875,0.0,1.528489898491245e-05,0.001087678834425675,0.3701856601319147,-0.001746881834288335,0.0,-0.005138437688973518,0.006241401422384103,1.528489898491245e-05,train
2022-06-13,-0.0015296375775010322,0.0,4.426757236003933e-05,-0.0015739051498610715,0.35841597954568527,-0.0006432184857449001,0.0,-0.008731612148580004,0.007201974571078974,4.426757236003933e-05,train
2022-06-14,-0.0002680158938362222,8.785214869565948e-05,1.5781298552423794e-05,-0.0003716493410843055,0.3840115981089784,-6.817463260588852e-16,0.25000000999999983,-0.001167430313766698,0.0008994144199304757,0.00010363344724808327,train
2022-06-15,-0.0004094825285771579,0.0,1.571321388513953e-05,-0.00042519574246229744,0.3820867556662616,-0.0002681155388002208,0.0,0.002323360047290828,-0.0027328425758679845,1.571321388513953e-05,train
2022-06-16,-0.002578656132150168,0.0,1.594461066372551e-05,-0.0025946007428138936,0.3873076398489073,-0.0006778863017467742,0.0,-0.009252008370442632,0.0066733522382924635,1.594461066372551e-05,train
2022-06-17,0.0033956752049960864,8.78637968050582e-05,1.7948812137206587e-05,0.0032898625960538215,0.4367544286720267,-2.2724877535296173e-16,0.25000000999999944,0.0030498032781239625,0.0003458719268721238,0.00010581260894226479,train
2022-06-21,-0.0017478393772060192,0.0,7.144648810157785e-05,-0.001819285865307597,0.4380173431496277,0.0033845405316958177,0.0,0.0030795198217411636,-0.004827359198947183,7.144648810157785e-05,train
2022-06-22,-0.0007419849069087167,0.0,1.829166904957778e-05,-0.0007602765759582946,0.44673696441518695,0.0016396842087944234,0.0,-0.0010399639525432004,0.0002979790456344838,1.829166904957778e-05,train
2022-06-23,-0.00448251412616933,8.789252544030646e-05,1.8088015696330954e-05,-0.004588494667305968,0.44014171527738666,6.938893903907228e-17,0.2500000099999998,-0.0014124582818270108,-0.003070055844342319,0.00010598054113663741,train
2022-06-24,0.0026734216187568383,0.0,1.842489157011535e-05,0.002654996727186723,0.44383585127664404,-0.0045031769294961825,0.0,0.00958622603470201,-0.0069128044159451705,1.842489157011535e-05,train
2022-06-27,0.000933778748000513,0.0,5.6828322815519784e-05,0.0008769504251849933,0.4591159304345881,-0.0018249101801835511,0.0,-0.0005406464555041361,0.0014744252035046495,5.6828322815519784e-05,train
2022-06-28,0.0013390695463197464,8.78757450673673e-05,1.5385587545036464e-05,0.0012358082137073428,0.37438263026255425,2.5673907444456745e-16,0.25000000999999983,-0.0026239043572615327,0.003962973903581279,0.00010326133261240376,train
2022-06-29,-0.0022447482747788502,0.0,1.504127553070485e-05,-0.002259789550309555,0.36734178800285955,0.0013374167557081568,0.0,-0.002390633281008875,0.00014588500623002374,1.504127553070485e-05,train
2022-06-30,-0.0008285120962582433,0.0,1.5063324926509435e-05,-0.0008435754211847528,0.36563152000378896,-0.0009093865412738607,0.0,-0.001688556141065723,0.0008600440448074793,1.5063324926509435e-05,train
2022-07-01,-0.0005095262781391014,8.786328915033837e-05,1.6561992996628567e-05,-0.0006139515602860685,0.4030084962512954,3.0878077872387166e-16,0.25000000999999944,0.0021357756802102587,-0.0026453019583493604,0.00010442528214696693,train
2022-07-05,-0.00012248375820020805,0.0,6.715889260849208e-05,-0.00018964265080870013,0.40804009074022424,-0.0005098392947693138,0.0,-4.4494017994160894e-05,-7.798974020604701e-05,6.715889260849208e-05,train
2022-07-06,-0.0021502048687077717,0.0,1.679931913516897e-05,-0.0021670041878429406,0.4081509892979768,-0.0006324429911348413,0.0,-0.0014582460762597729,-0.0006919587924479982,1.679931913516897e-05,train
2022-07-07,0.002606522823337984,8.787530440971707e-05,1.851468405866364e-05,0.0025001328348696035,0.4505239787608153,6.765421556309548e-17,0.2500000099999995,0.005314192740585042,-0.002707669917247055,0.00010638998846838072,train
2022-07-08,-0.00029652026474809073,0.0,1.8690503529465847e-05,-0.0003152107682775566,0.4574022749722453,0.0026000224219096327,0.0,-0.0006789063406874661,0.0003823860759393758,1.8690503529465847e-05,train
2022-07-11,-0.0009477265560817825,0.0,5.5994873797958116e-05,-0.0010037214298797407,0.4564848715026718,0.002304228474789371,0.0,-0.0029240637839143637,0.001976337227832581,5.5994873797958116e-05,train
2022-07-12,0.002734965903532279,8.790485677097032e-05,1.6244393281746493e-05,0.0026308166534795624,0.3952802365224981,6.158268339717665e-17,0.2500000099999996,0.0004416591655507093,0.00229330673798157,0.00010414925005271681,train
2022-07-13,-0.0002267248234885963,0.0,1.6013773016244705e-05,-0.000242738596504841,0.39239626631787494,0.0027277895892537426,0.0,-0.0012073773888838894,0.000980652565395293,1.6013773016244705e-05,train
2022-07-14,-0.0018324508628972777,0.0,1.5937039970242102e-05,-0.0018483879028675198,0.3903029779606776,0.0025016720181197417,0.0,-0.0020836521739937192,0.0002512013110964419,1.5937039970242102e-05,train
2022-07-15,0.000682090175186473,8.789111504655795e-05,1.6376941337799783e-05,0.0005778221188021151,0.398505572553128,-1.0755285551056204e-16,0.25000000999999933,0.004726401987131958,-0.004044311811945487,0.00010426805638435774,train
2022-07-18,0.0018222732151036828,0.0,5.00991032134992e-05,0.0017721741118901836,0.4070410890077155,0.0006816962759997793,0.0,0.000519353806930634,0.0013029194081730492,5.00991032134992e-05,train
2022-07-19,0.0005159856123724276,0.0,1.6563258826240816e-05,0.0004994223535461867,0.40553883797644524,0.0024995398712519927,0.0,0.00659768148706643,-0.0060816958746940045,1.6563258826240816e-05,train
2022-07-20,0.00041772088291806993,8.789490544631827e-05,1.5435937929738166e-05,0.0003143900395420135,0.3756078229569621,9.367506770274758e-17,0.25000000999999966,0.0021675546663164798,-0.0017498337833984083,0.00010333084337605644,train
2022-07-21,-0.0026667818261135465,0.0,1.557486330264845e-05,-0.002682356689416195,0.37940592996135397,0.0004175895969082792,0.0,-0.0003336998250884047,-0.0023330820010251403,1.557486330264845e-05,train
2022-07-22,-0.0006240305116417275,0.0,1.5809028921597292e-05,-0.0006398395405633248,0.38243112883395947,-0.0022552415915746762,0.0,-0.0021274597697689733,0.0015034292581272454,1.5809028921597292e-05,train
2022-07-25,0.0003827866522206016,8.788039602309108e-05,5.103432252524716e-05,0.00024387193367226336,0.4139450604825601,-2.6020852139652106e-16,0.25000000999999983,0.00021539871734891887,0.00016738793487168296,0.00013891471854833823,train
2022-07-26,-0.000837395774781962,0.0,1.6993538682155497e-05,-0.0008543893134641175,0.4138921345898432,0.00038269332405940423,0.0,-0.003197596402103662,0.0023602006273216996,1.6993538682155497e-05,train
2022-07-27,0.0009388940114746127,0.0,1.6813915218979507e-05,0.0009220800962556332,0.4086835123859894,-0.0004550912758452888,0.0,0.0054493418689519155,-0.004510447857477307,1.6813915218979507e-05,train
2022-07-28,-0.000755816273834549,8.786686364369976e-05,1.5994046560751433e-05,-0.0008596771840390002,0.38918846631161824,-2.0816681711721685e-17,0.2500000099999996,0.0022228297795889164,-0.0029786460534234655,0.0001038609102044512,train
2022-07-29,-0.00031125975730212805,0.0,1.6252838979166738e-05,-0.0003275125962812948,0.39472928190215406,-0.0007564665909032663,0.0,0.0016082779555792624,-0.00191953771288139,1.6252838979166738e-05,train
2022-08-01,-0.0001678147124697584,0.0,4.924795693266643e-05,-0.00021706266940242484,0.39838757451947177,-0.0010680761566004733,0.0,-0.00010990748137619352,-5.7907231093565006e-05,4.924795693266643e-05,train
2022-08-02,0.002055552271558327,8.786396688099517e-05,1.7291137238897385e-05,0.0019503971674384346,0.4207510061465036,5.464378949326942e-16,0.25000000999999955,0.0001725289274406038,0.0018830233441177234,0.00010515510411989256,train
2022-08-03,-0.0010510440162355065,0.0,1.7103010533615672e-05,-0.0010681470267691223,0.41822480725041283,0.0020515509324314004,0.0,0.0024152355263866807,-0.0034662795426221873,1.7103010533615672e-05,train
2022-08-04,-0.00040302620085394634,0.0,1.7406502926397653e-05,-0.000420432703780344,0.424559814623097,0.0010015767474207352,0.0,-0.0008554536812985894,0.00045242748044464336,1.7406502926397653e-05,train
2022-08-05,0.001128696591635768,8.787563422334945e-05,1.561232477984508e-05,0.0010252086326325734,0.3798999029762301,-1.8388068845354155e-16,0.2500000099999994,0.0009474276399218285,0.00018126895171393975,0.00010348795900319453,train
2022-08-08,0.000337390194150109,0.0,4.674435516924162e-05,0.0002906458389808674,0.3802761992222107,0.001127540627250883,0.0,0.0008327913436498635,-0.0004954011494997546,4.674435516924162e-05,train
2022-08-09,0.0001420781718834966,0.0,1.561763042648095e-05,0.00012646054145701565,0.3814935122134373,0.001464505169067435,0.0,-0.001828174331527474,0.00197025250341097,1.561763042648095e-05,train
2022-08-10,-0.0005546762131903703,8.787953939166683e-05,1.2762206401934609e-05,-0.0006553179589839719,0.3105470224470755,5.204170427930421e-18,0.2500000099999997,0.003895884462259651,-0.0044505606754500215,0.00010064174579360144,train
2022-08-11,0.0001231038803548143,0.0,1.3136614568953127e-05,0.00010996726578586117,0.31910258123702795,-0.0005550399408315483,0.0,0.0002851807163979007,-0.00016207683604308636,1.3136614568953127e-05,train
2022-08-12,-0.00023503124121103305,0.0,1.3148490049237567e-05,-0.0002481797312602706,0.3195147026312422,-0.00043188856687190365,0.0,0.002945360309525556,-0.0031803915507365894,1.3148490049237567e-05,train
2022-08-15,0.0004029158818594192,8.789647242162345e-05,4.313928699681285e-05,0.0002718801224409829,0.34990755008526014,2.736526283353413e-16,0.2500000099999995,0.0008931775581082906,-0.0004902616762488714,0.0001310357594184363,train
2022-08-16,-8.728092616425712e-05,0.0,1.4416138351050575e-05,-0.0001016970645153077,0.35119550624237933,0.0004028063668153558,0.0,0.0006689560015892448,-0.0007562369277535016,1.4416138351050575e-05,train
2022-08-17,0.00026111942408964256,0.0,1.4479767360701382e-05,0.0002466396567289412,0.3526565633089927,0.00031555753192577963,0.0,-0.0016601472026789446,0.001921266626768586,1.4479767360701382e-05,train
2022-08-18,4.5017524508739805e-05,8.784795704692808e-05,1.48426125655691e-05,-5.7673045103757373e-05,0.3611702390955147,-2.949029909160572e-17,0.2500000099999996,0.0007546666946422419,-0.0007096491701335026,0.00010269056961249718,train
2022-08-19,0.00027059223482517824,0.0,1.4901799326765862e-05,0.0002556904354984124,0.36265547040559226,4.5020120956191026e-05,0.0,-0.0024368695789784888,0.0027074618138036685,1.4901799326765862e-05,train
2022-08-22,-0.00012826029321485094,0.0,4.402654748924498e-05,-0.00017228684070409592,0.3574197502012254,0.0003155316773493745,0.0,-0.003673400201938129,0.003545139908723278,4.402654748924498e-05,train
2022-08-23,0.00010452764051177655,8.784321302210077e-05,1.5039172042421216e-05,1.6452554472545681e-06,0.36595318636558294,-8.673617379884035e-18,0.25000000999999983,0.00017205027480672372,-6.752263429494711e-05,0.00010288238506452198,train
2022-08-24,-0.00021478292393390706,0.0,1.5044697095609856e-05,-0.00022982762102951692,0.36619215679504397,0.00010452746853739127,0.0,0.0008330251938205829,-0.00104780811775449,1.5044697095609856e-05,train
2022-08-25,0.0002347398693742252,0.0,1.513429659014903e-05,0.00021960557278407616,0.36815760289265576,-0.00011028080097065258,0.0,0.0029852089482947535,-0.0027504690789205296,1.513429659014903e-05,train
2022-08-26,-0.0006612740105696611,8.785149310337042e-05,1.4606211871264738e-05,-0.0007637317155442963,0.3554178222007751,-1.5439038936193583e-16,0.2500000099999997,-0.006623467479011805,0.005962193468442143,0.00010245770497463516,train
2022-08-29,9.227201657299568e-06,0.0,4.238087333456409e-05,-3.315367167726452e-05,0.3430941931700643,-0.0006617794325111202,0.0,-0.0010248323813651862,0.001034059583022486,4.238087333456409e-05,train
2022-08-30,0.0011940200087129263,0.0,1.4042432137768085e-05,0.0011799775765751583,0.34104660815294996,-0.0006525738660735237,0.0,-0.0014883638638332843,0.0026823838725462106,1.4042432137768085e-05,train
2022-08-31,0.00028232661625222303,8.784894187149458e-05,1.1869093115530004e-05,0.00018260858126519845,0.2888145991445632,-2.914335439641036e-16,0.2500000099999997,-0.0010170334945879132,0.0012993601108401366,9.971803498702459e-05,train
2022-09-01,0.00020067034920432584,0.0,1.1760148889986822e-05,0.00018891020031433902,0.28644589806008114,0.0002822750704017975,0.0,0.00022656061418669561,-2.5890264982369713e-05,1.1760148889986822e-05,train
2022-09-02,-0.0006542770096424164,0.0,1.1760055262576315e-05,-0.0006660370649049927,0.2866441989262122,0.0004828542035218118,0.0,-0.0015340707643144702,0.000879793754672054,1.1760055262576315e-05,train
2022-09-06,-9.566792323667329e-05,8.783955072661505e-05,5.764741133715658e-05,-0.00024115488530044492,0.3506884189677023,-1.8735013540549517e-16,0.2500000099999996,-0.00060245652044979,0.0005067885972131164,0.00014548696206377165,train
2022-09-07,-0.0002798085980437683,0.0,1.4373665256580253e-05,-0.0002941822633003486,0.3496634969105306,-9.56909995889002e-05,0.0,0.003442953739962222,-0.003722762338005994,1.4373665256580253e-05,train
2022-09-08,0.00041257348393945026,0.0,1.4683965484918308e-05,0.000397889518454532,0.3569342167042182,-0.0003756100954606656,0.0,0.0021792404983652382,-0.0017666670144257889,1.4683965484918308e-05,train
2022-09-09,0.00011338460183703887,8.782517434438807e-05,1.577410284949686e-05,9.785324643153948e-06,0.38383650267109004,-2.8102520310824275e-16,0.25000000999999944,0.003126900281503953,-0.0030135156796669144,0.00010359927719388493,train
2022-09-12,0.00021342939749041716,0.0,4.806489687861046e-05,0.0001653645006118067,0.3899731026188496,0.00011338349234248438,0.0,0.0018482288226085173,-0.0016347994251180993,4.806489687861046e-05,train
2022-09-13,-0.0009942996740179915,0.0,1.6153328181859244e-05,-0.0010104530021998507,0.3933910779474262,0.0003267588555179307,0.0,-0.008582567347558917,0.007588267673540922,1.6153328181859244e-05,train
2022-09-14,-0.0009123925956934844,8.78194423647407e-05,1.6841392028138857e-05,-0.0010170534300863638,0.4098072060180447,-9.08995101411847e-16,0.2500000099999996,-7.563978805532586e-05,-0.0008367528076381586,0.00010466083439287956,train
2022-09-15,0.00020603601031124767,0.0,1.692738228372042e-05,0.00018910862802752726,0.4109863140780792,-0.0009133214924510712,0.0,-0.001739028508553887,0.001945064518865136,1.692738228372042e-05,train
2022-09-16,0.001720652219149112,0.0,1.6764343685067304e-05,0.0017038878754640449,0.40722521124966254,-0.0007071517536418829,0.0,-0.0008359949690459232,0.002556647188195036,1.6764343685067304e-05,train
2022-09-19,-0.00022744629306911958,8.783837640921183e-05,4.0672418118648584e-05,-0.00035595708759698,0.3298985025179274,1.3877787807814457e-17,0.2500000099999999,0.0008196192349452885,-0.0010470655280144085,0.00012851079452786042,train
2022-09-20,-0.0002129669329721398,0.0,1.3648391128157303e-05,-0.0002266153241002971,0.33188332350214295,-0.00022752728301811452,0.0,-0.0026016893896743075,0.002388722456702167,1.3648391128157303e-05,train
2022-09-21,0.0005735179337494924,0.0,1.3455106908964624e-05,0.0005600628268405277,0.32696700739011625,-0.0004405940613562676,0.0,-0.0026091748107074835,0.003182692744456975,1.3455106908964624e-05,train
2022-09-22,-0.0004385233603008183,8.783390559547548e-05,1.3951396633984516e-05,-0.0005403086625302783,0.3394839847602892,-7.103692634125025e-16,0.25000000999999955,-0.0022915566003848353,0.0018530332400840171,0.00010178530222946,train
2022-09-23,0.001151457475508188,0.0,1.3806552331884395e-05,0.0011376509231763037,0.33552067964949306,-0.00043876042636066884,0.0,-0.0026910826554000598,0.0038425401309082497,1.3806552331884395e-05,train
2022-09-26,0.0001585766084225308,0.0,4.042619045404555e-05,0.00011815041796848523,0.328613209741754,0.0007118871700513129,0.0,-0.002097104448547558,0.00225568105697009,4.042619045404555e-05,train
2022-09-27,0.00017564845410622686,8.783410177578962e-05,1.4668504383828751e-05,7.31458479466085e-05,0.356933606673166,-3.365363543395006e-16,0.2500000099999993,0.0001499804600672468,2.566799403898017e-05,0.00010250260615961836,train
2022-09-28,-0.0005944059765069956,0.0,1.466532197827705e-05,-0.0006090712984852726,0.3570318037451654,0.00017563560709048416,0.0,0.004091051822178884,-0.004685457798685879,1.466532197827705e-05,train
2022-09-29,-0.00045405362865106344,0.0,1.5059600469129388e-05,-0.0004691132291201928,0.3660312524962743,-0.00041902558587420154,0.0,-0.0037434001892075615,0.0032893465605564978,1.5059600469129388e-05,train
2022-09-30,-0.00031731998629814254,8.782410076842536e-05,1.5942438565888003e-05,-0.0004210865256324559,0.38793267176994123,-1.9081958235744878e-16,0.25000001,-0.0027506962793980376,0.0024333762930998947,0.00010376653933431336,train
2022-10-03,-0.0003982127536071597,0.0,4.7247200264249984e-05,-0.0004454599538714097,0.3829098373704921,-0.00031745366175780967,0.0,0.005653295228307547,-0.006051507981914707,4.7247200264249984e-05,train
2022-10-04,0.0014015812088937693,0.0,1.6253691341036636e-05,0.0013853275175527327,0.3947905039403885,-0.000715985358169597,0.0,0.007583213103869822,-0.006181631894976051,1.6253691341036636e-05,train
2022-10-05,-0.0006825047227311137,8.784800261525929e-05,1.3839768513069901e-05,-0.0007841924938594429,0.3367677004847013,3.174543961037557e-16,0.2500000099999995,-0.0009125769948296279,0.00023007227209851462,0.00010168777112832919,train
2022-10-06,-0.001405592594644557,0.0,1.383170518268992e-05,-0.0014194242998272469,0.3358884524209357,-0.0006830403578524293,0.0,-0.002380339605556458,0.0009747470109119016,1.383170518268992e-05,train
2022-10-07,-0.0012406413077994136,0.0,1.377113607519359e-05,-0.001254412443874607,0.33300604267342726,-0.0020916018229500417,0.0,-0.005369440224661439,0.004128798916862025,1.377113607519359e-05,train
2022-10-10,-0.00036029004489441315,8.784026263418889e-05,4.6990415715855365e-05,-0.0004951207232444574,0.3811444830286048,1.3183898417423734e-16,0.2500000099999993,-0.001956598271992591,0.0015963082270981778,0.00013483067835004425,train
2022-10-11,-0.0009205384075809436,0.0,1.553996264690417e-05,-0.0009360783702278479,0.3777786225543394,-0.00036046852032877233,0.0,-0.0015879235584123064,0.0006673851508313633,1.553996264690417e-05,train
2022-10-12,-0.0006442106985670954,0.0,1.549961792995426e-05,-0.0006597103164970497,0.37587516245457536,-0.0012822071743117357,0.0,-0.0010981703974161621,0.0004539596988490673,1.549961792995426e-05,train
2022-10-13,-2.6263884718080374e-05,8.78152225028245e-05,1.6768060617278733e-05,-0.0001308471678381836,0.40802280835378285,3.191891195797325e-16,0.2500000099999993,0.0048451600565267905,-0.004871423941244868,0.00010458328312010323,train
2022-10-14,-0.0012145275899840054,0.0,1.717069836339883e-05,-0.0012316982883474042,0.4177940595209825,-2.6267321722412557e-05,0.0,-0.005999355415423409,0.004784827825439406,1.717069836339883e-05,train
2022-10-17,0.0010281397208733909,0.0,5.039434515917405e-05,0.0009777453757142168,0.40751180787636226,-0.0012423250813827225,0.0,0.005258888942594647,-0.004230749221721257,5.039434515917405e-05,train
2022-10-18,0.00016746407392772802,8.783716329087222e-05,1.5142118968372238e-05,6.448479166848356e-05,0.3684582282303913,1.8735013540549517e-16,0.25000000999999983,0.0028245578255024144,-0.0026570937515746898,0.00010297928225924445,train
2022-10-19,-0.0017070711806975928,0.0,1.5359519780191795e-05,-0.0017224307004777846,0.3739157679270721,0.00016745327573831903,0.0,-0.002815926849887838,0.001108855669190244,1.5359519780191795e-05,train
2022-10-20,1.6714344315347097e-05,0.0,1.5294725062068846e-05,1.4196192532782514e-06,0.37062936881133335,-0.0015422743656752815,0.0,-0.0010138483203039593,0.0010305626646193065,1.5294725062068846e-05,train
2022-10-21,-0.001342299269118031,8.782021382864958e-05,1.692301102111045e-05,-0.001447042493967791,0.4117932681803542,-5.551115123125783e-17,0.25000000999999983,0.004896271997739711,-0.0062385712668577425,0.00010474322484976004,train
2022-10-24,0.0004487544184655158,0.0,5.2383111498258044e-05,0.0003963713069672578,0.42354099326013644,-0.0013442444479565448,0.0,0.0025242840233880423,-0.002075529604922525,5.2383111498258044e-05,train
2022-10-25,0.002098641928159697,0.0,1.76246427377864e-05,0.0020810172854219106,0.4279711713958966,-0.0008951352235725615,0.0,0.0057259279317630465,-0.0036272860036033507,1.76246427377864e-05,train
2022-10-26,-0.00044562550140998537,8.786521564357976e-05,1.5457374212914987e-05,-0.0005489480912664801,0.3761294391809313,-5.724587470723463e-17,0.25000000999999955,0.0002528862422447657,-0.0006985117436547511,0.00010332258985649474,train
2022-10-27,-0.0012685418378832135,0.0,1.552330762714306e-05,-0.0012840651455103566,0.37728794866610893,-0.0004458702610387992,0.0,-0.00034802725961514296,-0.0009205145782680705,1.552330762714306e-05,train
2022-10-28,0.0008522698264467171,0.0,1.5619022201619497e-05,0.0008366508042450976,0.3783462572266008,-0.001716616346140296,0.0,0.004788878834162865,-0.003936609007716148,1.5619022201619497e-05,train
2022-10-31,0.0005133611963165335,8.784469268800337e-05,4.6386535595634534e-05,0.00037912996803289556,0.3762463442757027,3.434752482434078e-16,0.25000000999999944,-0.0006222999642831482,0.0011356611605996814,0.0001342312282836379,train
2022-11-01,0.00043339174189892883,0.0,1.5363011940452328e-05,0.0004180287299584765,0.374346457190472,0.0005131666394652609,0.0,0.0005375059769081769,-0.00010411423500924786,1.5363011940452328e-05,train
2022-11-02,-8.05488210325777e-05,0.0,1.5365146202284087e-05,-9.591396723486179e-05,0.37483138711368574,0.0009461628581062809,0.0,-0.004733851146124169,0.004653302325091592,1.5365146202284087e-05,train
2022-11-03,-0.0024016111240398727,8.784762392783979e-05,1.5890497021090715e-05,-0.002505349244988803,0.3866687608465408,-2.168404344971009e-17,0.25000000999999983,-0.0017913931335243364,-0.000610217990515537,0.0001037381209489305,train
2022-11-04,-0.0013549785140869323,0.0,1.5980689131871697e-05,-0.001370959203218804,0.38645579243132133,-0.0024076431108899544,0.0,0.002620897141598534,-0.003975875655685466,1.5980689131871697e-05,train
2022-11-07,2.6455366783630367e-05,0.0,4.89895830167156e-05,-2.2534216233085234e-05,0.3935921640281946,-0.003767787107387532,0.0,0.0014733235345278164,-0.0014468681677441864,4.89895830167156e-05,train
2022-11-08,0.00014789281854960196,8.784830535808687e-05,1.6559849923371227e-05,4.3484663268143864e-05,0.4029563481353664,-1.491862189340054e-16,0.2500000099999992,0.0019561577678622994,-0.0018082649493126972,0.0001044081552814581,train
2022-11-09,0.0006574972188433531,0.0,1.6707747908961303e-05,0.0006407894709343918,0.406703085505818,0.00014788638775968185,0.0,-0.004060099212687178,0.00471759643153053,1.6707747908961303e-05,train
2022-11-10,0.0015338948847705984,0.0,1.630954926960703e-05,0.0015175853355009915,0.3976705667495267,0.0008048678557555713,0.0,0.012879280443874928,-0.011345385559104334,1.630954926960703e-05,train
2022-11-11,-0.0015841856857873923,8.787998776721918e-05,1.4184280342988307e-05,-0.0016862499538976,0.34515082167938177,-4.0592529337857286e-16,0.2500000099999993,0.0013906306877589497,-0.0029748163735463418,0.00010206426811020749,train
2022-11-14,0.0006500901220385893,0.0,4.335947230321717e-05,0.0006067306497353722,0.350106636039568,-0.001586861530971236,0.0,-0.0014973826841420176,0.002147472806180607,4.335947230321717e-05,train
2022-11-15,0.0005402741832652366,0.0,1.4267995989721831e-05,0.0005260061872755148,0.34625169903092046,-0.0009362033856441937,0.0,0.002054482245282231,-0.001514208062016994,1.4267995989721831e-05,train
2022-11-16,0.0010118462160539831,8.787319827786154e-05,1.3962141249648255e-05,0.0009100108765264734,0.3397454370747742,1.734723475976807e-17,0.2500000099999996,-0.0016752298225029042,0.002687076038556888,0.0001018353395275098,train
2022-11-17,0.0003683009540461613,0.0,1.3728792334489399e-05,0.00035457216171167193,0.3350782064014022,0.0010109262621600668,0.0,-0.000690800244058644,0.0010591011981048064,1.3728792334489399e-05,train
2022-11-18,0.0006440240316062523,0.0,1.3636907653120911e-05,0.0006303871239531314,0.3332101579132431,0.001378738353967627,0.0,0.0013939683847403056,-0.0007499443531340533,1.3636907653120911e-05,train
2022-11-21,0.00031562381121345574,8.78950427932028e-05,3.4774727284491985e-05,0.00019295404113576096,0.2820616768631018,1.249000902703301e-16,0.2500000099999997,-0.0003675483479340156,0.0006831721591474713,0.00012266977007769478,train
2022-11-22,-0.0008031782994325575,0.0,1.153319924772697e-05,-0.0008147114986802844,0.2809567446167622,0.00031556292207252784,0.0,0.0017539300945740193,-0.002557108394006577,1.153319924772697e-05,train
2022-11-23,-2.5397528507416827e-05,0.0,1.1752947802102807e-05,-3.715047630951963e-05,0.2855003835506991,-0.0004880129671358466,0.0,0.0007954125558535169,-0.0008208100843609342,1.1752947802102807e-05,train
2022-11-25,0.0001591684176877369,8.786498357085983e-05,2.798408050822651e-05,4.331935360865054e-05,0.34047297951675587,-7.112366251504909e-17,0.2500000099999995,0.00019342458043992929,-3.425616275219226e-05,0.00011584906407908634,train
2022-11-28,-0.00040346821870818967,0.0,4.198274882186028e-05,-0.00044545096753004996,0.3406859019668912,0.00015916152291337894,0.0,-0.0029443233670543487,0.0025408551483461577,4.198274882186028e-05,train
2022-11-29,-0.0006062815596764195,0.0,1.3791555659645987e-05,-0.0006200731153360655,0.33535010548043825,-0.000244415570947374,0.0,0.00014027178903773389,-0.0007465533487141534,1.3791555659645987e-05,train
2022-11-30,0.0006079536370619115,8.787483585754277e-05,1.6285812967820224e-05,0.0005037929882365486,0.3962881155502921,-1.0408340855860843e-17,0.25000000999999944,0.006092566274409412,-0.005484612637347494,0.00010416064882536299,train
2022-12-01,0.00022103426881879757,0.0,1.6728175510074244e-05,0.00020430609330872332,0.4076599182536477,0.0006076475085077943,0.0,0.00015549327983843515,6.554098898036246e-05,1.6728175510074244e-05,train
2022-12-02,0.00017760751437779026,0.0,1.6719372709752215e-05,0.00016088814166803804,0.40766658177781023,0.0008285125071729946,0.0,-0.00013563900008412824,0.0003132465144619185,1.6719372709752215e-05,train
2022-12-05,-0.00010932604281687464,8.787063238038559e-05,5.014481220989386e-05,-0.00024734148740715407,0.4067301434802504,1.700029006457271e-16,0.2500000099999994,-0.0039512164759081345,0.0038418904330912614,0.00013801544459027945,train
2022-12-06,0.00043298085412812827,0.0,1.6403222784401257e-05,0.00041657763134372703,0.39903573466339126,-0.0001093530903727314,0.0,-0.0027252074438449945,0.003158188297973122,1.6403222784401257e-05,train
2022-12-07,0.0008876696077453046,0.0,1.613692338269997e-05,0.0008715326843626046,0.39298862864950534,0.0003234930038061058,0.0,0.0001833072222094916,0.0007043623855358132,1.613692338269997e-05,train
2022-12-08,-0.0006624422174052971,8.787664212367874e-05,1.5360384763097426e-05,-0.0007656792442920732,0.3737693625687041,6.938893903907228e-17,0.2500000099999996,0.0010638611075017611,-0.001726303324907058,0.00010323702688677617,train
2022-12-09,0.00032438775724251694,0.0,1.5514151571461404e-05,0.00030887360567105555,0.3768480717479018,-0.0006629498243257096,0.0,-0.0016001591379549293,0.0019245468951974455,1.5514151571461404e-05,train
2022-12-12,-0.00037565945896299497,0.0,4.605368413713562e-05,-0.0004217131431001306,0.3732080915858357,-0.0003384575264866307,0.0,0.0025415928230700137,-0.002917252282033009,4.605368413713562e-05,train
2022-12-13,0.0003500764448771985,8.784110762812668e-05,1.662123025840103e-05,0.0002456141069906708,0.4044499362877584,6.245004513516506e-17,0.2500000099999992,0.001392928141264073,-0.0010428516963868744,0.00010446233788652771,train
2022-12-14,0.0003047110452074288,0.0,1.6702841642925892e-05,0.0002880082035645029,0.4067858037934742,0.00034999048227750667,0.0,-0.0014124922843094128,0.0017172033295168407,1.6702841642925892e-05,train
2022-12-15,-0.0007582886181066915,0.0,1.6556933110677825e-05,-0.0007748455512173693,0.4035398853821923,0.0006545130223651469,0.0,-0.005202032248310732,0.004443743630204042,1.6556933110677825e-05,train
2022-12-16,4.988081207425439e-05,8.787355879082145e-05,1.7891504757775147e-05,-5.5884251474342214e-05,0.4353599491058616,-2.8796409701215e-16,0.25000000999999944,-0.0021407319553554986,0.0021906127674297515,0.0001057650635485966,train
2022-12-19,0.0005818268575429377,0.0,5.3137332720051004e-05,0.0005286895248228867,0.43105269344019526,4.988359978160342e-05,0.0,-0.0015869582256986651,0.0021687850832416027,5.3137332720051004e-05,train
2022-12-20,0.0001536266974914927,0.0,1.7524922688756485e-05,0.0001361017748027362,0.4270711620815085,0.0006313766551007682,0.0,0.00024967745039827446,-9.605075290678172e-05,1.7524922688756485e-05,train
2022-12-21,-0.00013029341655948403,8.784512672302924e-05,1.6190092397784264e-05,-0.00023432863568029753,0.3939589150127506,9.020562075079397e-17,0.25000000999999994,0.0031047772737122893,-0.0032350706902717742,0.00010403521912081351,train
2022-12-22,-0.0003321228445274599,0.0,1.6459845632072968e-05,-0.0003485826901595329,0.40039258642524816,-0.00013032395519400365,0.0,-0.0028593461315784526,0.0025272232870509927,1.6459845632072968e-05,train
2022-12-23,-0.0006281496548384136,0.0,1.6257795835784128e-05,-0.0006444074506741977,0.39514375728053136,-0.00046260805688243516,0.0,0.0008029439962399408,-0.001431093651078355,1.6257795835784128e-05,train
2022-12-27,-0.0014383149536966741,8.787137103991902e-05,7.095651878649364e-05,-0.0015971428435230868,0.43165215595117,3.122502256758253e-16,0.25000000999999983,-0.0013470030967116329,-9.131185698504108e-05,0.00015882788982641264,train
2022-12-28,-0.00018653718200040625,0.0,1.7775024033187223e-05,-0.00020431220603359346,0.4310849689846075,-0.0014406158229482487,0.0,-0.002534873017903843,0.002348335835903436,1.7775024033187223e-05,train
2022-12-29,2.7546163617478327e-05,0.0,1.7585603082226555e-05,9.960560535251773e-06,0.42628885614740725,-0.0016274855201055625,0.0,0.003948948181857799,-0.003921402018240319,1.7585603082226555e-05,train
2022-12-30,0.000356005850906219,8.785796371441903e-05,1.7944545361645362e-05,0.0002502033418301546,0.43665060380003706,-8.326672684688674e-17,0.2500000099999999,-0.0004373192665390523,0.0007933251174452716,0.00010580250907606439,train
2023-01-03,-0.0011785137687051507,0.0,7.149947282284774e-05,-0.0012500132415279985,0.435311043138324,0.00035591679933353465,0.0,-0.0010347665229742612,-0.00014374724573088904,7.149947282284774e-05,development
2023-01-04,-0.0009899929431988932,0.0,1.790906962199775e-05,-0.001007902012820891,0.43496373428852575,-0.0008236265134194641,0.0,0.002843748679207404,-0.0038337416224062983,1.790906962199775e-05,development
2023-01-05,-0.00022858767266297609,8.782743138035727e-05,1.7563505542959716e-05,-0.0003339786095862931,0.4273786348786865,1.0061396160665481e-16,0.25000000999999966,-0.0024630703942388134,0.0022344827215758376,0.00010539093692331698,development
2023-01-06,0.0005466824675543177,0.0,1.7385655866030475e-05,0.0005292968116882872,0.42282229536518,-0.00022866404156154235,0.0,0.005236762401388415,-0.004690079933834098,1.7385655866030475e-05,development
2023-01-09,-0.0011303540232702608,0.0,5.328522196587168e-05,-0.0011836392452361324,0.43252020613430486,0.00031785018890118436,0.0,-2.961781059210947e-05,-0.001100736212678151,5.328522196587168e-05,development
2023-01-10,-0.0002536113756868202,8.783909238210394e-05,1.8499166759430856e-05,-0.000359949634828355,0.45014639114615057,-2.8449465006019636e-16,0.2500000099999998,0.002370967884947413,-0.0026245792606342327,0.0001063382591415348,development
2023-01-11,-0.00034562262302736024,0.0,1.8721624444652903e-05,-0.00036434424747201316,0.4553058254573408,-0.0002537026958798396,0.0,0.0022796258114368665,-0.002625248434464228,1.8721624444652903e-05,development
2023-01-12,-0.0015401446516910575,0.0,1.894430053550396e-05,-0.0015590889522265614,0.46037843593803607,-0.0005995437592269809,0.0,0.000756207820901147,-0.0022963524725922043,1.894430053550396e-05,development
2023-01-13,0.0008001500071520643,8.78446487790044e-05,1.954662308762581e-05,0.0006927587352854341,0.4756344951322278,-2.1337098754514727e-16,0.2500000099999997,0.0010614805086623515,-0.0002613305015102866,0.00010739127186663022,development
2023-01-17,-0.001357951273470178,0.0,7.821822287056e-05,-0.001436169496340738,0.4766271185425561,0.0007995960799827293,0.0,-0.000939731869794308,-0.00041821940367587,7.821822287056e-05,development
2023-01-18,0.0005921312983135213,0.0,1.961710340071307e-05,0.0005725141949128082,0.4767903578445234,-0.0005591582394946538,0.0,-0.003709294750434645,0.004301426048748168,1.961710340071307e-05,development
2023-01-19,-0.0015113993257883946,8.784682532532978e-05,1.722875093583857e-05,-0.001616474902049563,0.41923293943873824,-4.753142324176451e-16,0.2500000099999995,-0.003141815220004176,0.0016304158942157814,0.00010507557626116835,development
2023-01-20,-0.0009678190790991686,0.0,1.7122422115624826e-05,-0.0009849415012147934,0.41513175839300426,-0.0015138464205332264,0.0,0.0035816720695036747,-0.004549491148602845,1.7122422115624826e-05,development
2023-01-23,-0.0012368642322130737,0.0,5.2540808307495564e-05,-0.0012894050405205693,0.4236802218448496,-0.002484112204836614,0.0,0.0024612361613629927,-0.0036981003935760664,5.2540808307495564e-05,development
2023-01-24,0.0022391875593778974,8.783315743672511e-05,1.9802352071405407e-05,0.0021315520498697673,0.48185723373753103,-4.839878497975292e-16,0.25000000999999944,0.0008492135177178481,0.0013899740416600502,0.00010763550950813052,development
2023-01-25,-0.000126363979058915,0.0,1.9646230666375995e-05,-0.00014601020972529097,0.48029270431516835,0.0022344247666857033,0.0,0.0006688939733022686,-0.0007952579523611836,1.9646230666375995e-05,development
2023-01-26,-0.0017888287774126192,0.0,1.9714472848008518e-05,-0.0018085432502606277,0.4818272079325133,0.0021083686309727873,0.0,0.0019799835110783934,-0.0037688122884910118,1.9714472848008518e-05,development
2023-01-27,-0.002032327844435784,8.782740206450223e-05,1.9217731640978775e-05,-0.002139372978141265,0.4676314699304832,-2.5153490401663703e-16,0.2500000099999996,-0.0009337178054230033,-0.00109861003901278,0.000107045133705481,development
2023-01-30,0.0015655290379855608,0.0,5.804827197403124e-05,0.0015074807660115297,0.4687992987159174,-0.0020366850734471614,0.0,-0.002116202442396706,0.003681731480382268,5.804827197403124e-05,development
2023-01-31,8.656832021427402e-06,0.0,1.9018146434507803e-05,-1.0361314413080401e-05,0.46230444972713314,-0.00047044684588998416,0.0,0.003696074026926077,-0.0036874171949046516,1.9018146434507803e-05,development
2023-02-01,-0.0006557420945126326,8.781948753113736e-05,1.807260960185272e-05,-0.0007616341916456227,0.43976683364508273,-1.0408340855860843e-16,0.2500000099999995,0.002796557740534413,-0.003452299835047045,0.00010589209713299008,development
2023-02-02,-0.0013588767869008801,0.0,1.8370351761240367e-05,-0.0013772471386621205,0.446355650946059,-0.0006562419107900026,0.0,0.0015075421516801794,-0.00286641893858106,1.8370351761240367e-05,development
2023-02-03,0.001181609890540388,0.0,1.8631608167421275e-05,0.0011629782823729669,0.45135123423219814,-0.002017897841719501,0.0,-0.001918722344573727,0.0031003322351141173,1.8631608167421275e-05,development
2023-02-06,0.0007712694485150994,8.78255606704489e-05,4.855463318973292e-05,0.0006348892546549176,0.39383202476116663,-4.475586568020162e-16,0.25000000999999916,-0.0007915558002349119,0.0015628252487500118,0.00013638019386018183,development
2023-02-07,0.00029992546666804783,0.0,1.6046238755039555e-05,0.0002838792279130083,0.3912292564611479,0.0007707800885187474,0.0,0.002100911528457753,-0.0018009860617897052,1.6046238755039555e-05,development
2023-02-08,6.698969885850258e-05,0.0,1.618966909593038e-05,5.0800029762572196e-05,0.3950190163580207,0.0010704016903813774,0.0,-0.0017109016892996598,0.0017778913881581616,1.618966909593038e-05,development
2023-02-09,-0.0005724364919828305,8.779813314042981e-05,1.5379422760175835e-05,-0.0006756140478834362,0.3742326204976122,1.960237527853792e-16,0.2500000099999997,-0.001162418429341714,0.0005899819373588822,0.00010317755590060564,development
2023-02-10,0.0010765668534514733,0.0,1.534129588910696e-05,0.0010612255575623663,0.37273204313535013,-0.0005728234995859074,0.0,0.0008189693863347459,0.00025759746711672744,1.534129588910696e-05,development
2023-02-13,0.0003226761982546159,0.0,4.5911647869539295e-05,0.0002767645503850766,0.3728976864992992,0.0005032093352581764,0.0,0.001977111760039568,-0.0016544355617849513,4.5911647869539295e-05,development
2023-02-14,-0.0008745062414895443,8.777056067672112e-05,1.4532463876376848e-05,-0.0009768092660426423,0.3536232876585037,3.677613769070831e-16,0.2500000099999993,-7.728093779240531e-05,-0.0007972253036971392,0.00010230302455309797,development
2023-02-15,0.0005427999814915593,0.0,1.4612262637346016e-05,0.0005281877188542133,0.3546896962062325,-0.0008753613025206178,0.0,0.0010216242779372208,-0.00047882429644566227,1.4612262637346016e-05,development
2023-02-16,0.00013759576452509087,0.0,1.4643883339635359e-05,0.00012295188118545552,0.35600210883884054,-0.0003323857589532537,0.0,-0.002097902722588086,0.002235498487113177,1.4643883339635359e-05,development
2023-02-17,0.0009438099958693998,8.77869386231368e-05,1.5380568700344986e-05,0.0008406424885459181,0.37426050504172803,-2.5153490401663703e-17,0.25000001,-0.00022743664449248599,0.0011712466403618858,0.00010316750732348179,development
2023-02-21,0.0012305112357218365,0.0,6.108585604672575e-05,0.0011694253796751108,0.3725486415397453,0.0009430172554969734,0.0,-0.0031084912069141105,0.004339002442635948,6.108585604672575e-05,development
2023-02-22,-0.0001769438697658738,0.0,1.4897412261939943e-05,-0.00019184128202781372,0.3646746880546591,0.002170989680787088,0.0,-0.00046240194500352176,0.0002854580752376476,1.4897412261939943e-05,development
2023-02-23,0.00014019013162199517,8.780599338996602e-05,1.4278164050966704e-05,3.8105974181062454e-05,0.34743532524019005,2.402592014227878e-16,0.2500000099999993,0.0007600073442070117,-0.0006198172125850163,0.00010208415744093272,development
2023-02-24,0.00019423904604681406,0.0,1.4328561927642278e-05,0.00017991048411917178,0.34880185836237304,0.0001401847897442572,0.0,-0.0018760271770291244,0.00207026622307594,1.4328561927642278e-05,development
2023-02-27,-1.1900628246403974e-05,0.0,4.2467568819111e-05,-5.4368197065514974e-05,0.34479353299082643,0.0003343636802594836,0.0,0.0008225946606576824,-0.0008344952889040863,4.2467568819111e-05,development
2023-02-28,0.0006443955456734668,8.77907615047795e-05,1.5750421819435253e-05,0.0005408543623492521,0.3832602642729239,-4.683753385137379e-16,0.2500000099999994,-6.842317294049758e-05,0.0007128187186139642,0.00010354118332421477,development
2023-03-01,0.0001834784323347941,0.0,1.5683351570436045e-05,0.00016779508076435805,0.382272268757207,0.0006440472099299519,0.0,7.177340147949545e-05,0.0001117050308552987,1.5683351570436045e-05,development
2023-03-02,0.0002009612226475777,0.0,1.5671540727581193e-05,0.00018528968191999648,0.38216821118197036,0.0008273868108280014,0.0,0.0016179347212932319,-0.0014169734986456538,1.5671540727581193e-05,development
2023-03-03,0.00014522932477158292,8.780519025095125e-05,1.5070751999794918e-05,4.235338252083675e-05,0.3667216319950096,-6.245004513516506e-17,0.2500000099999997,0.0025522059401405254,-0.0024069766153689423,0.00010287594225074617,development
2023-03-06,0.00032016471941811455,0.0,4.580381713603833e-05,0.0002743609022820762,0.3716650732775009,0.0001452231740788762,0.0,-0.0006155318301340824,0.0009356965495521972,4.580381713603833e-05,development
2023-03-07,-0.0008526375521328907,0.0,1.5186865797426472e-05,-0.0008678244179303172,0.37001232798165407,0.000465260244276575,0.0,-0.003180594181476087,0.002327956629343196,1.5186865797426472e-05,development
2023-03-08,0.00045952437157775197,8.777212126294364e-05,1.6957156514952278e-05,0.00035479509379985605,0.41262414186383806,-7.41594285980085e-16,0.2500000099999996,0.0008690242703481364,-0.00040949989877038425,0.00010472927777789592,development
2023-03-09,-0.0006384824664219784,0.0,1.6984787921454846e-05,-0.0006554672543434332,0.41375586748114335,0.00045936139240870203,0.0,-0.004404937961104865,0.003766455494682886,1.6984787921454846e-05,development
2023-03-10,0.0006810096563441428,0.0,1.6686153464157068e-05,0.0006643235028799857,0.4058504957354692,-0.00017923855901942534,0.0,-0.003242459439680103,0.003923469096024246,1.6686153464157068e-05,development
2023-03-13,-0.0018997898534097188,8.779277360153221e-05,4.426832594979781e-05,-0.0020318509529610486,0.3590653104816934,6.418476861114186e-17,0.25000001,-0.002777288268735298,0.0008774984153255792,0.00013206109955133,development
2023-03-14,-0.001138450549134384,0.0,1.471388190748406e-05,-0.0011531644310418681,0.35613413527978277,-0.0019036578023294277,0.0,0.0020809065258063776,-0.00321935707494076,1.471388190748406e-05,development
2023-03-15,-0.0015935533543192512,0.0,1.4995779197761699e-05,-0.001608549133517013,0.3618516733595611,-0.003045620452640249,0.0,-0.0032239078633433784,0.0016303545090241268,1.4995779197761699e-05,development
2023-03-16,9.829138758604803e-06,8.780451185537135e-05,1.724515622470318e-05,-9.522052932146973e-05,0.4196321348011104,-2.5326962749261384e-16,0.25000000999999944,0.0037266248366174376,-0.0037167956978588325,0.00010504966808007453,development
2023-03-17,-0.0024762121902173577,0.0,1.7552317623036322e-05,-0.002493764507840394,0.42711622556866713,9.830074783272191e-06,0.0,-0.004510828787461577,0.002034616597244219,1.7552317623036322e-05,development
2023-03-20,0.0024039999757452237,0.0,5.228565469480407e-05,0.0023517143210504197,0.42162220667869404,-0.002472548068050126,0.0,0.0035418455710387073,-0.0011378455952934814,5.228565469480407e-05,development
2023-03-21,0.0008950533227468355,8.779293288135116e-05,1.4339585754296038e-05,0.0007929208041111882,0.34892992002120493,1.3725999503666486e-15,0.25000000999999994,0.0030724463813942278,-0.002177393058647391,0.0001021325186356472,development
2023-03-22,-0.0010436941936280944,0.0,1.4507046628257794e-05,-0.0010582012402563523,0.3538991454662493,0.0008943441786429373,0.0,-0.004158215210731472,0.0031145210171033763,1.4507046628257794e-05,development
2023-03-23,-0.0007166361201489662,0.0,1.4266155062435535e-05,-0.0007309022752114017,0.3469935982944906,-0.00014950822477404098,0.0,-0.00047168307840089144,-0.00024495304174807446,1.4266155062435535e-05,development
2023-03-24,-0.0008715316376520933,8.779643466505278e-05,1.5496482516226273e-05,-0.0009748245548333723,0.37708107456150575,-2.185751579730777e-16,0.2500000099999993,0.0003336737165882381,-0.0012052053542403313,0.00010329291718127906,development
2023-03-27,0.0018242277248792802,0.0,4.6832274723000874e-05,0.0017773954501562792,0.3789894018072376,-0.0008723820571027692,0.0,0.002016301695311697,-0.0001920739704324167,4.6832274723000874e-05,development
2023-03-28,0.0007248130609016118,0.0,1.5598819871212766e-05,0.0007092142410303991,0.3805214403961348,0.0009501568632907598,0.0,0.0006358602682929753,8.895279260863641e-05,1.5598819871212766e-05,development
2023-03-29,-0.0002907418196594483,8.778280870934153e-05,1.4308404046462985e-05,-0.0003928330324152528,0.3481711651305998,4.926614671774132e-16,0.25000001,0.0029075506416926414,-0.0031982924613520904,0.0001020912127558045,development
2023-03-30,0.0003218947633677866,0.0,1.4577003728028838e-05,0.00030731775963975777,0.3544162346378345,-0.0002908560775338881,0.0,0.0010304645882478745,-0.0007085698248800878,1.4577003728028838e-05,development
2023-03-31,0.0006913638220225114,0.0,1.4630746055672719e-05,0.0006767330759668387,0.35604584983806115,3.1029150025032454e-05,0.0,0.002725916062665474,-0.0020345522406429624,1.4630746055672719e-05,development
2023-04-03,0.0011185604469092967,8.779528260284207e-05,3.9534299061709206e-05,0.0009912308652447455,0.3206670923894198,6.696032617270475e-16,0.2500000099999998,0.001080276772601733,3.828367430756372e-05,0.00012732958166455127,development
2023-04-04,-0.0011691682827412917,0.0,1.3161906595805428e-05,-0.001182330189337097,0.321390513291143,0.0011174527932108838,0.0,-0.002545549478490268,0.001376381195748976,1.3161906595805428e-05,development
2023-04-05,-0.0002155720593279504,0.0,1.3064225602567246e-05,-0.00022863628493051765,0.3178443796224425,-5.177670669383877e-05,0.0,-0.0005375440081948717,0.00032197194886692096,1.3064225602567246e-05,development
2023-04-06,-0.000538163971006284,8.779668739145128e-05,1.292399011380264e-05,-0.0006388846485115379,0.31448375943586493,6.557254739192331e-16,0.2500000099999997,-7.122224001530835e-05,-0.00046694173099097545,0.00010072067750525392,development
2023-04-10,0.0012282214644470993,0.0,5.1882622555926924e-05,0.0011763388418911723,0.31508077919971234,-0.0005385080155098365,0.0,0.0017516142634604887,-0.0005233927990133892,5.1882622555926924e-05,development
2023-04-11,0.0002799418969340057,0.0,1.2998383721548547e-05,0.0002669435132124572,0.3169829069565177,0.0006889030655030139,0.0,0.000992068916118396,-0.0007121270191843902,1.2998383721548547e-05,development
2023-04-12,0.0006293526717560186,8.777552618597461e-05,1.4267704264710036e-05,0.000527309441305334,0.3471808037746111,1.5265566588595902e-16,0.2500000099999991,-0.0007502835395409372,0.0013796362112969566,0.00010204323045068464,development
2023-04-13,0.00011851613999309535,0.0,1.414684974018441e-05,0.00010436929025291094,0.3448690313275403,0.0006290209830530358,0.0,0.001349485682583901,-0.001230969542590806,1.414684974018441e-05,development
2023-04-14,0.0003055732088154914,0.0,1.424653841792425e-05,0.0002913266703975671,0.3474132272807593,0.0007474591112691907,0.0,-0.0002731875700095212,0.0005787607788250127,1.424653841792425e-05,development
2023-04-17,0.0008410970207944274,8.778454755433099e-05,4.3432485355089114e-05,0.0007098799878850074,0.3522857145468336,-2.498001805406602e-16,0.2500000099999996,0.001474782842304408,-0.0006336858215099814,0.0001312170329094201,development
2023-04-18,0.0005562171010122843,0.0,1.4519271943922889e-05,0.0005416978290683614,0.3541427843351945,0.000840500366404269,0.0,0.0006893626016839397,-0.00013314550067165538,1.4519271943922889e-05,development
2023-04-19,0.0005309166136302824,0.0,1.452234868497589e-05,0.0005163942649453066,0.354773112612636,0.0013959612782226648,0.0,0.00010687892994688924,0.0004240376836833935,1.452234868497589e-05,development
2023-04-20,-0.0006128149660738466,8.779261127889868e-05,1.4068009339173772e-05,-0.000714675586691919,0.3423215605865606,-1.1934897514720433e-15,0.2500000099999994,-0.0015010585097037506,0.0008882435436299042,0.00010186062061807245,development
2023-04-21,0.0002399357475559569,0.0,1.4005012060730389e-05,0.00022593073549522652,0.3401753735679097,-0.0006132532431964086,0.0,-0.00025633450157522107,0.0004962702491311779,1.4005012060730389e-05,development
2023-04-24,-0.0002394958104645393,0.0,4.1883205472138854e-05,-0.00028137901593667814,0.33934610010321953,-0.00037323317079566293,0.0,0.0002880875110060345,-0.0005275833214705739,4.1883205472138854e-05,development
2023-04-25,1.329501797066356e-06,8.777641094324774e-05,1.4827076462270318e-05,-0.00010127398560845171,0.3607921939152442,-1.8214596497756474e-16,0.2500000099999995,-0.0034415227809685765,0.0034428522827656426,0.00010260348740551807,development
2023-04-26,0.00026915436325993067,0.0,1.4545575390435763e-05,0.00025460878786949493,0.353943664137058,1.3296364544668204e-06,0.0,-0.001267607774763574,0.001536762138023504,1.4545575390435763e-05,development
2023-04-27,0.0008289421081041543,0.0,1.4415595836229633e-05,0.0008145265122679246,0.35104991383122874,0.00027041514964092593,0.0,0.0031302361571859867,-0.002301294049081833,1.4415595836229633e-05,development
2023-04-28,-2.258833239832689e-05,8.780811181686146e-05,1.3955685388614157e-05,-0.0001243521296038025,0.33958834445627883,9.71445146547012e-16,0.25000001,0.0015984855233810871,-0.0016210738557794135,0.00010176379720547562,development
2023-05-01,0.0006235214899611046,0.0,4.227202962389996e-05,0.0005812494603372046,0.3428505380299792,-2.25911416539353e-05,0.0,0.00010601446523950892,0.0005175070247215958,4.227202962389996e-05,development
2023-05-02,-0.0008497186744424681,0.0,1.4039980985979025e-05,-0.0008637586554284471,0.3422401185862631,0.0006005812607734543,0.0,-0.00315484512999531,0.0023051264555528413,1.4039980985979025e-05,development
2023-05-03,-0.00012472415483393833,8.779922656963803e-05,1.6291093161465098e-05,-0.00022881447456504146,0.39641660026231634,-1.0321604682062002e-15,0.2500000099999998,-0.0018182613142440965,0.0016935371594101573,0.00010409031973110313,development
2023-05-04,9.280635736543913e-05,0.0,1.6155594960417233e-05,7.665076240502189e-05,0.39299472467009433,-0.00012475270005848568,0.0,-0.0020708246650641402,0.002163631022429581,1.6155594960417233e-05,development
2023-05-05,0.00093033558697001,0.0,1.5976537659849982e-05,0.00091435904931016,0.3887304724955137,-3.194389416920698e-05,0.0,0.004417603000565357,-0.0034872674135953494,1.5976537659849982e-05,development
2023-05-08,-8.713559519405066e-05,8.780167147307902e-05,4.362114890479292e-05,-0.00021855841557192262,0.3538159855610982,6.938893903907228e-17,0.2500000099999993,9.381090582483034e-05,-0.00018094650101888117,0.00013142282037787193,development
2023-05-09,0.0004622554378096868,0.0,1.4558437152373769e-05,0.000447697000657313,0.3541681493975203,-8.715464357479316e-05,0.0,-0.0003386585450347823,0.0008009139828444691,1.4558437152373769e-05,development
2023-05-10,-9.845469188377699e-05,0.0,1.4486123211925478e-05,-0.00011294081509570247,0.35287059776140306,0.0003749329378831545,0.0,3.4107058395603156e-05,-0.00013256175027938008,1.4486123211925478e-05,development
2023-05-11,-0.0005951231848157019,8.778870330520567e-05,1.4852770137925623e-05,-0.0006977646582588332,0.36141740668952355,6.938893903907228e-17,0.2500000099999998,-0.001097504496667315,0.000502381311851613,0.00010264147344313129,development
2023-05-12,0.00025614633830281,0.0,1.4821820665884593e-05,0.00024132451763692538,0.3600687641391639,-0.0005955387306945253,0.0,-0.0001389039858045587,0.0003950503241073687,1.4821820665884593e-05,development
2023-05-15,8.135215548084893e-05,0.0,4.435734781313114e-05,3.6994807667717786e-05,0.3594480661980612,-0.00033931050844694666,0.0,0.0015493016949817446,-0.0014679495395008952,4.435734781313114e-05,development
2023-05-16,-0.0011467350986219815,8.778551452346866e-05,1.4271667050573407e-05,-0.0012487922801960236,0.3472772315639535,5.828670879282072e-16,0.2500000099999996,-0.0025415501171221194,0.001394815018500139,0.00010205718157404206,development
2023-05-17,-0.0009517225699596257,0.0,1.417472600869928e-05,-0.000965897295968325,0.34377016395524024,-0.001148168923108931,0.0,0.002403390904702486,-0.0033551134746621124,1.417472600869928e-05,development
2023-05-18,0.0008810132073801691,0.0,1.446445994278775e-05,0.0008665487474373813,0.3498666035409146,-0.0021019217335873745,0.0,0.002225748160474393,-0.0013447349530942242,1.446445994278775e-05,development
2023-05-19,0.00018901749965658773,8.78012134750518e-05,1.5236153878700822e-05,8.598013230283511e-05,0.37074641104838646,-2.393918396847994e-16,0.25000000999999916,-0.0007058269943922918,0.0008948444940488794,0.00010303736735375262,development
2023-05-22,-8.993179699296787e-05,0.0,4.548390433641627e-05,-0.00013541570132938414,0.36911400308912484,0.00018900124930391893,0.0,0.00028674195350315834,-0.0003766737504961262,4.548390433641627e-05,development
2023-05-23,-0.0014038729217087879,0.0,1.5194318481107579e-05,-0.0014190672401898955,0.36982749924330505,9.908286968724617e-05,0.0,-0.0027532726924140655,0.0013493997707052792,1.5194318481107579e-05,development
2023-05-24,0.0007748775728138931,8.775881633549785e-05,1.5831572843891156e-05,0.0006712871836345041,0.3852349392013511,-4.0592529337857286e-16,0.25000000999999983,-0.0018166216411272169,0.0025914992139411085,0.00010359038917938901,development
2023-05-25,0.0007332834134595477,0.0,1.5608095394099734e-05,0.000717675318065448,0.3805713456794696,0.0007743577563760831,0.0,0.0013005878973207715,-0.0005673044838612233,1.5608095394099734e-05,development
2023-05-26,-0.00022592626530507876,0.0,1.5643496208779252e-05,-0.000241569761513858,0.3821649676959069,0.0015065599489451041,0.0,0.0021242000991525544,-0.0023501263644576317,1.5643496208779252e-05,development
2023-05-30,-0.0008496836756589109,8.780392420514977e-05,7.243884673435296e-05,-0.0010099264465984136,0.4406696509673135,-3.452099717193846e-16,0.2500000099999995,-0.0007323517901147719,-0.00011733188554413882,0.00016024277093950272,development
2023-05-31,0.0020022150410971768,0.0,1.813767311596788e-05,0.0019840773679812088,0.4404995031606983,-0.0008505426611867609,0.0,-0.0009888258673048272,0.002991040908402002,1.813767311596788e-05,development
2023-06-01,0.0005574516405760813,0.0,1.7856405646877653e-05,0.0005395952349292036,0.43565526263814924,0.0011493918974597346,0.0,0.0022068686692982664,-0.0016494170287221855,1.7856405646877653e-05,development
2023-06-02,0.0003576151526877938,8.779098293023961e-05,1.6679023899068543e-05,0.00025314514585848564,0.4058562482106677,-3.0704605524789486e-16,0.25000000999999994,0.004282533535168653,-0.003924918382480861,0.00010447000682930815,development
2023-06-05,-0.00102516201133218,0.0,5.0991951426534515e-05,-0.0010761539627587146,0.41395890844006067,0.00035752464705855486,0.0,-0.0012984338438872486,0.00027327183255506786,5.0991951426534515e-05,development
2023-06-06,-0.0006090669151470943,0.0,1.6993143682525677e-05,-0.00062606005882962,0.4128314729892273,-0.0006683566188975757,0.0,0.00109355708918326,-0.0017026240043303545,1.6993143682525677e-05,development
2023-06-07,-0.0019378831802144818,8.77888036472636e-05,1.643938210333627e-05,-0.0020421113659650817,0.40002496451451536,-4.961309141293668e-16,0.2500000099999997,-0.0003601061556551226,-0.0015777770245593591,0.00010422818575059987,development
2023-06-08,0.0007352941555027453,0.0,1.660296751539665e-05,0.0007186911879873486,0.40206369422323474,-0.0019418486514170196,0.0,0.0010147054665738317,-0.00027941131107108667,1.660296751539665e-05,development
2023-06-09,-0.0007248905236845658,0.0,1.6613992498629318e-05,-0.0007415045161831952,0.40306812948805815,-0.001205687978588602,0.0,-0.00025330882951280095,-0.0004715816941717649,1.6613992498629318e-05,development
2023-06-12,-0.001094132696545558,8.777851122640185e-05,5.399023389481062e-05,-0.0012359014416667706,0.43792078603568674,5.776629175002768e-16,0.2500000099999994,0.0018772531064202391,-0.002971385802965797,0.00014176874512121247,development
2023-06-13,-0.001422126207719462,0.0,1.8263540057745568e-05,-0.0014403897477772076,0.44331732146178315,-0.0010954866100256321,0.0,0.0019975637024327642,-0.003419689910152228,1.8263540057745568e-05,development
2023-06-14,0.0029416079187406722,0.0,1.8571360458526456e-05,0.0029230365582821457,0.4493818600984911,-0.0025212443923194328,0.0,0.0015233271376151247,0.0014182807811255476,1.8571360458526456e-05,development
2023-06-15,-0.0005387819169468298,8.77864983636409e-05,1.5570487336356167e-05,-0.0006421389026468269,0.3788818585180003,2.6281060661048627e-16,0.25000000999999994,0.0022377713713105166,-0.0027765532882573466,0.00010335698569999707,development
2023-06-16,0.00010858168233965922,0.0,1.5808848672403595e-05,9.277283366725562e-05,0.38414285624974004,-0.0005391281120808548,0.0,-0.0006514298116182909,0.0007600114939579503,1.5808848672403595e-05,development
2023-06-20,0.00036707494788296965,0.0,6.297968509323069e-05,0.00030409526278973897,0.3826959111600526,-0.00043050649043416267,0.0,-0.001174156618950672,0.0015412315668336418,6.297968509323069e-05,development
2023-06-21,0.0001168495253442134,8.776434608666941e-05,1.509710990100351e-05,1.3988069356540477e-05,0.36736300759108564,2.706168622523819e-16,0.2500000099999991,-0.00031748148696471876,0.0004343310123089322,0.00010286145598767292,development
2023-06-22,0.0005876353508844511,0.0,1.5061200784514485e-05,0.0005725741500999367,0.3666060669807205,0.00011684789086808395,0.0,2.1947680369596357e-05,0.0005656876705148547,1.5061200784514485e-05,development
2023-06-23,-0.0002517599145593546,0.0,1.50061137946336e-05,-0.0002667660283539882,0.3658528491064365,0.0007040801036855629,0.0,-0.00151431408889242,0.0012625541743330648,1.50061137946336e-05,development
2023-06-26,0.0005912994732903509,8.77658073747197e-05,4.5860941634460284e-05,0.00045767272428117096,0.3719831932572888,-1.8041124150158794e-16,0.2500000099999997,0.0004792158671122453,0.00011208360617810575,0.00013362674900917998,development
2023-06-27,-0.0006930198270105155,0.0,1.527077917452068e-05,-0.0007082906061850362,0.37217998888878534,0.0005910289754488506,0.0,0.002335161567793767,-0.0030281813948042826,1.527077917452068e-05,development
2023-06-28,-0.0005222744848417849,0.0,1.5530671024405778e-05,-0.0005378051558661906,0.3778109317852809,-0.00010206314192632779,0.0,8.264617286832231e-05,-0.000604920657710107,1.5530671024405778e-05,development
2023-06-29,-0.0002060152990429,8.777274186656056e-05,1.5500806474986968e-05,-0.00030928884738444756,0.37718629089134936,-3.0878077872387166e-16,0.25000001,0.0009604580155924316,-0.0011664733146353314,0.00010327354834154753,development
2023-06-30,-0.000813208715779182,0.0,1.5601506365919473e-05,-0.0008288102221451014,0.3794305758670494,-0.00020607903699103314,0.0,0.0019310573563848198,-0.002744266072164002,1.5601506365919473e-05,development
2023-07-03,0.00041344181446311334,0.0,4.752057298096821e-05,0.0003659212414821451,0.38442451426266233,-0.0010201332496354576,0.0,0.0007985166278754337,-0.0003850748134123206,4.752057298096821e-05,development
2023-07-05,0.000247508620078583,8.775413751129242e-05,3.1259172371459405e-05,0.0001284953101958312,0.3803199305194228,2.7755575615628914e-17,0.2500000099999995,-0.0004985032556618516,0.0007460118757404346,0.00011901330988275182,development
2023-07-06,-8.410175926875422e-05,0.0,1.5566269948462675e-05,-9.96680292172169e-05,0.3790267122330596,0.0002474768204677961,0.0,-0.001824074556145072,0.0017399727968763165,1.5566269948462675e-05,development
2023-07-07,-0.0004908088634048352,0.0,1.5424795844708636e-05,-0.0005062336592495438,0.37550009023400277,0.00016339134609249725,0.0,-0.00013805287857982765,-0.00035275598482500747,1.5424795844708636e-05,development
2023-07-10,-0.00020977432292659158,8.775978858368656e-05,5.114746634778838e-05,-0.0003486815778580665,0.41486278259872783,-2.229119666630197e-16,0.25000000999999983,0.001669439537352268,-0.0018792138602788595,0.00013890725493147493,development
2023-07-11,-0.0006973486243902068,0.0,1.7209612057670938e-05,-0.0007145582364478778,0.4185573792437778,-0.00020984749288173715,0.0,0.001780991420169429,-0.002478340044559637,1.7209612057670938e-05,development
2023-07-12,0.0008423465688180286,0.0,1.7425762961866357e-05,0.0008249208058561622,0.42311905391347876,-0.0009078448252692562,0.0,0.0011911704161237705,-0.0003488238473057419,1.7425762961866357e-05,development
2023-07-13,0.00024870371435174764,8.77926468222392e-05,1.674281235377444e-05,0.00014416825517573397,0.40740843394184445,-3.2959746043559335e-16,0.2500000099999999,0.0009849867516372685,-0.0007362830372855211,0.00010453545917601365,development
2023-07-14,0.0015123549440737936,0.0,1.6800906610406518e-05,0.001495554037463387,0.40907072871756456,0.0002486678643392991,0.0,9.963971647350367e-05,0.0014127152276002895,1.6800906610406518e-05,development
2023-07-17,0.00041972316397192056,0.0,4.997963184996327e-05,0.0003697435321219573,0.4071487402640876,0.0017583930366077485,0.0,0.001112053298275808,-0.0006923301343038874,4.997963184996327e-05,development
2023-07-18,-0.00022339975856274587,8.776608375072894e-05,1.553098456912789e-05,-0.00032669682688260266,0.3779206245154453,-3.2959746043559335e-17,0.25000000999999983,0.0011941215061013627,-0.0014175212646641087,0.00010329706831985682,development
2023-07-19,0.0006662453128909032,0.0,1.565260682320515e-05,0.000650592706067698,0.3806566265982522,-0.0002234727664064632,0.0,0.0007559118337523514,-8.966652086144823e-05,1.565260682320515e-05,development
2023-07-20,0.001377282010488793,0.0,1.5649795031735756e-05,0.0013616322154570574,0.3812541637747563,0.0004424846691861218,0.0,0.0002720978079064543,0.0011051842025823386,1.5649795031735756e-05,development
2023-07-21,-5.116665053227806e-05,8.780412790469703e-05,1.3838351186000043e-05,-0.00015280912962297515,0.3367332121926697,2.0127129130020904e-15,0.25000000999999966,0.00026781110347907255,-0.00031897775401135055,0.00010164247909069707,development
2023-07-24,-0.0002507773042696688,0.0,4.1600062476273695e-05,-0.0002923773667459425,0.33737155450376344,-5.117447045655324e-05,0.0,0.0004058491418533574,-0.0006566264461230261,4.1600062476273695e-05,development
2023-07-25,-0.0007822227419353604,0.0,1.3924728064356963e-05,-0.0007961474699997174,0.33853300948160864,-0.0003020400844107496,0.0,0.00018698404536859466,-0.000969206787303955,1.3924728064356963e-05,development
2023-07-26,-0.00044340505301303863,8.77619543617662e-05,1.590107702206706e-05,-0.0005470680843968718,0.38692620753696616,9.454242944073599e-16,0.25000000999999966,-0.0001799410970375783,-0.0002634639559754599,0.00010366303138383326,development
2023-07-27,-0.0006888656053789313,0.0,1.593144718008155e-05,-0.0007047970525590129,0.3872215669567761,-0.00044364775854150405,0.0,-0.0021634001143293296,0.0014745345089503977,1.593144718008155e-05,development
2023-07-28,0.0004293238394051102,0.0,1.5821403441420404e-05,0.0004135024359636898,0.3838541716222683,-0.00113331211896151,0.0,0.0012950530247858832,-0.0008657291853807728,1.5821403441420404e-05,development
2023-07-31,0.0011424334644932915,8.774905374717124e-05,4.8208276585805064e-05,0.001006476134160315,0.3910226878626408,-2.2811613709095013e-16,0.25000000999999983,0.000993254515819714,0.00014917894867357714,0.0001359573303329763,development
2023-08-01,0.0008778119333668658,0.0,1.604101934201372e-05,0.0008617709140248521,0.3914727554442583,0.001141284788591078,0.0,8.748194952896893e-05,0.000790329983837897,1.604101934201372e-05,development
2023-08-02,-0.0007349115021021695,0.0,1.5962304863153264e-05,-0.0007508738069653228,0.39043344322471574,0.0020173582213196444,0.0,-0.0028043336984860294,0.0020694221963838597,1.5962304863153264e-05,development
2023-08-03,0.0013355098493785132,8.776186554285098e-05,1.5788140142176986e-05,0.0012319598436934852,0.38417807679297367,3.7990444123892075e-16,0.25000000999999983,-0.00033187688031507576,0.0016673867296935901,0.00010355000568502797,development
2023-08-04,-0.0008871040792314249,0.0,1.563183686224718e-05,-0.000902735916093672,0.3817085635606644,0.0013338665793163375,0.0,-0.001861909211658582,0.0009748051324271565,1.563183686224718e-05,development
2023-08-07,-0.00041999336302103073,0.0,4.669730300998777e-05,-0.0004666906660310185,0.3792141794762839,0.0004471661730497938,0.0,0.0016151779296706594,-0.0020351712926916913,4.669730300998777e-05,development
2023-08-08,-0.0006197978232728842,8.775097494566792e-05,1.622479541134775e-05,-0.0007237735936298999,0.3948033550094628,8.291978215169138e-16,0.25000000999999955,-0.001242302294336259,0.0006225044710633756,0.00010397577035701567,development
2023-08-09,-6.454737195763928e-05,0.0,1.618534518575068e-05,-8.073271714338996e-05,0.393223152778448,-0.0006202467414850761,0.0,-0.0007702448079253137,0.0007056974359676744,1.618534518575068e-05,development
2023-08-10,-0.0008655893152264454,0.0,1.612864476608284e-05,-0.0008817179599925282,0.3917788399048199,-0.0006848494031958703,0.0,-0.0005036986250230316,-0.0003618906902034138,1.612864476608284e-05,development
2023-08-11,1.5021901204261638e-05,8.776690751620464e-05,1.6933393770674693e-05,-8.967840008261769e-05,0.412045915086418,5.065392549852277e-16,0.25000000999999983,-0.00031590082761314835,0.00033092272881741027,0.00010470030128687934,development
2023-08-14,0.000582535960960308,0.0,5.0723132696223606e-05,0.0005318128282640844,0.41143598845116824,1.5023248465646788e-05,0.0,0.0007980439218569291,-0.00021550796089662148,5.0723132696223606e-05,development
2023-08-15,0.0005489105845604688,0.0,1.691642750867108e-05,0.0005319941570517977,0.41223031096635054,0.0005972415886875103,0.0,-0.002343767505838337,0.0028926780903988053,1.691642750867108e-05,development
2023-08-16,-0.0003034324482190533,8.776361392578646e-05,1.4325596359894519e-05,-0.00040552165850473424,0.3485895114241001,7.632783294297951e-17,0.25000000999999944,-0.0013920258879458003,0.001088593439726747,0.00010208921028568098,development
2023-08-17,0.00022501005111686526,0.0,1.4241898324721217e-05,0.00021076815279214405,0.3462493036883153,-0.000303555546567677,0.0,-0.0012899755902697862,0.001514985641386651,1.4241898324721217e-05,development
2023-08-18,8.572943164216589e-05,0.0,1.4114404090058192e-05,7.16150275521077e-05,0.343371970580699,-7.852894405033228e-05,0.0,0.0002966188205964112,-0.00021088938895424527,1.4114404090058192e-05,development
2023-08-21,0.0005987953965075327,8.776063353459422e-05,4.4404379557428067e-05,0.0004666303834155104,0.3601688564102501,1.249000902703301e-16,0.2500000099999995,0.0009515603590728585,-0.00035276496256532566,0.0001321650130920223,development
2023-08-22,-0.00014259372613603503,0.0,1.4823537120150896e-05,-0.00015741726325618592,0.3613045860343772,0.0005985161107054521,0.0,-0.0008228072592795901,0.000680213533143555,1.4823537120150896e-05,development
2023-08-23,0.0003575283279867004,0.0,1.4769954204291912e-05,0.0003427583737824085,0.3598582131370264,0.00045599416592306125,0.0,0.0017414621423825964,-0.0013839338143958962,1.4769954204291912e-05,development
2023-08-24,0.00017828499982981932,8.775223550187468e-05,1.3977720005090807e-05,7.655504432285383e-05,0.3401245201238761,-2.0816681711721685e-16,0.2500000099999997,-0.001727939220539026,0.0019062242203688453,0.00010172995550696549,development
2023-08-25,2.1742844293270926e-05,0.0,1.3819986052128059e-05,7.922858241142867e-06,0.33646459862070777,0.0001782713522583343,0.0,0.0010752176574972084,-0.0010534748132039382,1.3819986052128059e-05,development
2023-08-28,0.0002678997507156813,0.0,4.1719388532427726e-05,0.00022618036218325356,0.338590608486016,0.00020001261188003217,0.0,0.0012950685215476344,-0.0010271687708319534,4.1719388532427726e-05,development
2023-08-29,-0.000404656913919741,8.776012940151086e-05,1.4601971774189333e-05,-0.0005070190150954412,0.35531464650527445,6.522560269672795e-16,0.2500000099999999,0.002096222526767729,-0.0025008794406874706,0.00010236210117570019,development
2023-08-30,-6.300384922344792e-05,0.0,1.4815035013501509e-05,-7.781888423694943e-05,0.36009432314179046,-0.0004048621867462493,0.0,0.0005681460050741733,-0.0006311498542976207,1.4815035013501509e-05,development
2023-08-31,2.976221793241768e-05,0.0,1.4868067360404468e-05,1.4894150572013213e-05,0.36132173665555933,-0.0004679024476161031,0.0,-0.0003970282850765924,0.00042679050300901007,1.4868067360404468e-05,development
2023-09-01,-0.00020657533855206506,8.774927384143111e-05,1.6369800306914342e-05,-0.0003106944127004105,0.39833180746824937,3.5041414214731503e-16,0.2500000099999994,0.0007790034966505973,-0.0009855788352026626,0.00010411907414834546,development
2023-09-05,0.0002257634843495954,0.0,6.582367819511877e-05,0.00015993980615447662,0.4002207361466702,-0.00020663954030233564,0.0,-0.0016510378847931382,0.0018768013691427333,6.582367819511877e-05,development
2023-09-06,0.0002270039027480554,0.0,1.6299055034298154e-05,0.00021070484771375724,0.3966294600537782,1.91208858564898e-05,0.0,-0.0007072253727771742,0.0009342292755252298,1.6299055034298154e-05,development
2023-09-07,0.00021529166580936348,8.777359971436449e-05,1.6035023474057955e-05,0.00011148304262094104,0.39018557120207575,-1.124100812432971e-15,0.2500000099999994,-0.0005760513627646281,0.0007913430285739916,0.00010380862318842244,development
2023-09-08,0.0010398869444691186,0.0,1.5968201397621457e-05,0.001023918743071497,0.3887748350092359,0.00021526766711373567,0.0,0.00038396901611538627,0.0006559179283537322,1.5968201397621457e-05,development
2023-09-11,-0.00017140775479574185,0.0,4.769403618746604e-05,-0.0002191017909832079,0.38810549760371205,0.0012538707498207236,0.0,0.0005796966248885957,-0.0007511043796843378,4.769403618746604e-05,development
2023-09-12,0.0010941233442564597,8.774569502123712e-05,1.385539581766241e-05,0.0009925222534175602,0.33714796489645193,-1.734723475976807e-17,0.25000001,0.0001329900434958949,0.0009611333007605649,0.00010160109083889953,development
2023-09-13,5.001926427366088e-05,0.0,1.3762738735602594e-05,3.625652553805829e-05,0.33598634771223834,0.0010930384792419562,0.0,-0.0005522759529802126,0.0006022952172538733,1.3762738735602594e-05,development
2023-09-14,0.0004736085586810199,0.0,1.3712737842886175e-05,0.0004598958208381337,0.3348196371452795,0.0011430163017158712,0.0,0.0018233967807563668,-0.0013497882220753466,1.3712737842886175e-05,development
2023-09-15,-0.0005957159770931202,8.775224701236709e-05,1.2805808562889435e-05,-0.0006962740326683768,0.311608008363644,1.0026701691145945e-15,0.25000000999999994,-0.001894999815494709,0.0012992838384015889,0.00010055805557525652,development
2023-09-18,-0.00029473567853435323,0.0,3.81235988031327e-05,-0.00033285927733748595,0.3086286147999713,-0.0005961310476606651,0.0,-0.00023625259114451593,-5.848308738983738e-05,3.81235988031327e-05,development
2023-09-19,0.0004502662675289638,0.0,1.271690603696487e-05,0.0004375493614919989,0.3085535502079587,-0.0008911633581864236,0.0,-0.0002590149518476282,0.0007092812193765916,1.271690603696487e-05,development
2023-09-20,7.747822790400915e-05,8.774607694619248e-05,1.4329716847654485e-05,-2.459756588983782e-05,0.34868977662625933,9.71445146547012e-17,0.2500000099999996,-0.0008545683629752756,0.0009320465908792847,0.00010207579379384697,development
2023-09-21,-0.00036108306382237284,0.0,1.425346087898425e-05,-0.0003753365247013571,0.34691169485567686,7.748013372680176e-05,0.0,-0.003219027019043552,0.0028579439552211803,1.425346087898425e-05,development
2023-09-22,0.0005746472274150436,0.0,1.4023825029565e-05,0.0005606234023854786,0.3409626996361464,-0.00028370941660202376,0.0,-0.00029531510934960087,0.0008699623367646444,1.4023825029565e-05,development
2023-09-25,-0.00043161067424033617,8.774047593422012e-05,4.4179687771107466e-05,-0.0005635308379456638,0.3583463563656497,2.0816681711721685e-16,0.25000001,0.0002895792177470683,-0.0007211898919874047,0.00013192016370532758,development
2023-09-26,0.0005394153624500081,0.0,1.479417544598816e-05,0.0005246211870040199,0.35955974848173766,-0.00043185403730764196,0.0,-0.002067353186807465,0.0026067685492574743,1.479417544598816e-05,development
2023-09-27,0.0004339646005028108,0.0,1.457227557222607e-05,0.0004193923249305847,0.35469954384994834,0.0001075049257806028,0.0,0.000657716530426972,-0.00022375192992416128,1.457227557222607e-05,development
2023-09-28,0.00021313378508034368,8.775416389242535e-05,1.4796715132784633e-05,0.00011058290605513369,0.36005340156442583,-2.983724378680108e-16,0.2500000099999995,0.0015339770606000406,-0.0013208432755196968,0.00010255087902520999,development
2023-09-29,0.0006716688400028015,0.0,1.4903629507124589e-05,0.0006567652104956769,0.3628680948920977,0.00021311021873274966,0.0,-0.0004758148444266925,0.0011474836844294948,1.4903629507124589e-05,development
2023-10-02,3.724200885436434e-05,0.0,4.4398787759722936e-05,-7.156778905358598e-06,0.3610076990657741,0.0008841983480213922,0.0,-0.0012525230183782863,0.0012897650272326495,4.4398787759722936e-05,development
2023-10-03,-0.0002081157296901381,8.773096046346285e-05,1.4861476563991871e-05,-0.0003107081667175928,0.3616292630571353,-2.0469737016526324e-16,0.25000000999999933,-0.0024072320282604795,0.0021991162985703413,0.00010259243702745472,development
2023-10-04,-0.00015837230800734285,0.0,1.4685290118748384e-05,-0.00017305759812609122,0.3571338791431658,-0.00020818041304482282,0.0,0.0010044436754547206,-0.0011628159834620635,1.4685290118748384e-05,development
2023-10-05,0.00037242786384338933,0.0,1.4783422418773196e-05,0.00035764444142461616,0.35936332935671567,-0.00036661616676542455,0.0,-0.000471065517846912,0.0008434933816903013,1.4783422418773196e-05,development
2023-10-06,-0.00047011241625431375,8.774215803580553e-05,1.4879822928241421e-05,-0.0005727343972183606,0.36207569125387457,-4.85722573273506e-17,0.25000000999999983,0.0016195908693770087,-0.0020897032856313238,0.00010262198096404695,development
2023-10-09,0.00012886786424763945,0.0,4.5180614580088106e-05,8.368724966755135e-05,0.3659946031072787,-0.0004703818201025542,0.0,0.0008883251284422288,-0.0007594572641945895,4.5180614580088106e-05,development
2023-10-10,0.0012574763487578206,0.0,1.5121360539956842e-05,0.0012423549882178636,0.3676116210944004,-0.0003414853778828386,0.0,0.0021326030131784287,-0.0008751266644206077,1.5121360539956842e-05,development
2023-10-11,0.0005730631949024922,8.774704999000527e-05,1.4096912036728441e-05,0.0004712192328757585,0.3430248595603923,2.463307335887066e-16,0.2500000099999997,0.0005702310689398606,2.8321259626313296e-06,0.00010184396202673371,development
2023-10-12,-0.00043774220747427525,0.0,1.4090039761524443e-05,-0.0004518322472357997,0.3434304274807858,0.0005727932836910119,0.0,-0.0019010149021759565,0.0014632726947016808,1.4090039761524443e-05,development
2023-10-13,-0.0007161772296487988,0.0,1.397608561909166e-05,-0.0007301533152678904,0.3402198621887952,0.00013511212423145819,0.0,-0.0005399848645201658,-0.00017619236512863328,1.397608561909166e-05,development
2023-10-16,0.00036929651541985526,8.774434531784557e-05,4.513078472327867e-05,0.00023642138537873102,0.3660608094221496,3.174543961037557e-16,0.2500000099999997,0.002469437426096598,-0.002100140910676743,0.00013287513004112424,development
2023-10-17,2.5016052824803985e-05,0.0,1.5212612642228938e-05,9.803440182575048e-06,0.37054278352070086,0.0003692092264633573,0.0,0.0009121021831802695,-0.0008870861303554657,1.5212612642228938e-05,development
2023-10-18,-0.000995898760150838,0.0,1.528537398177578e-05,-0.0010111841341326137,0.3723383216377728,0.00039422141456209574,0.0,-0.003303456597651523,0.002307557837500685,1.528537398177578e-05,development
2023-10-19,0.0005246974508296298,8.774924427108231e-05,1.5946610903609667e-05,0.00042100159565493776,0.38803419865450206,1.8214596497756474e-16,0.2500000099999997,-0.0015378412589961677,0.0020625387098257984,0.00010369585517469198,development
2023-10-20,0.0003852759830632128,0.0,1.5770447790351013e-05,0.0003695055352728618,0.3842720395438666,0.0005244766453252362,0.0,-0.0021209131324319364,0.0025061891154951484,1.5770447790351013e-05,development
2023-10-23,-0.00022468122597252518,0.0,4.6676131842534935e-05,-0.0002713573578150601,0.3795047082055954,0.0009094165939231291,0.0,-0.0007509425940334978,0.0005262613680609731,4.6676131842534935e-05,development
2023-10-24,0.0003749843922574884,8.773728394295363e-05,1.4513342449780985e-05,0.00027273376586475377,0.35315799961133704,-2.3418766925686896e-16,0.2500000099999996,0.0011980125095277187,-0.0008230281172702309,0.00010225062639273462,development
2023-10-25,-8.233337905321387e-06,0.0,1.4577012952768264e-05,-2.2810350858089652e-05,0.35508219733326474,0.00037488214923693183,0.0,-0.0022915504532817895,0.0022833171153764683,1.4577012952768264e-05,development
2023-10-26,0.0009488966149925921,0.0,1.4389671286325083e-05,0.000934506943706267,0.3505153251421541,0.00036665717491040674,0.0,-0.0004609372789946532,0.001409833893987245,1.4389671286325083e-05,development
2023-10-27,0.00018383311690570335,8.774829990240634e-05,1.4011094777773219e-05,8.20737222255238e-05,0.34093663959248144,-1.9081958235744878e-16,0.2500000099999996,-0.0017197254159572158,0.0019035585328629181,0.00010175939468017956,development
2023-10-30,0.000335232425879548,0.0,4.156050271102031e-05,0.0002936719231685277,0.3372856733529958,0.00018381803027554908,0.0,0.0016366075838759923,-0.0013013751579964445,4.156050271102031e-05,development
2023-10-31,-0.000586016227877249,0.0,1.3956364652978489e-05,-0.0005999725925302275,0.3401237712928374,0.0005188980703608424,0.0,0.0012178105375265935,-0.001803826765403842,1.3956364652978489e-05,development
2023-11-01,-3.661862021938462e-05,8.776496699096419e-05,1.5404662293619246e-05,-0.00013978824950396806,0.37484678247806863,2.498001805406602e-16,0.2500000099999994,0.0012593801899546612,-0.0012959988101740462,0.00010316962928458343,development
2023-11-02,-0.00047566988777888043,0.0,1.551335132799662e-05,-0.0004911832391068771,0.3774549252414635,-3.662373978760222e-05,0.0,0.003902558593443529,-0.0043782284812224105,1.551335132799662e-05,development
2023-11-03,0.00030343399206162673,0.0,1.5881006207782948e-05,0.00028755298585384376,0.38592527234145135,-0.0005125453812670488,0.0,0.0027658691964690266,-0.0024624352044073992,1.5881006207782948e-05,development
2023-11-06,0.0007853941002125111,8.778646511997958e-05,4.8245833181301136e-05,0.0006493618019112303,0.39132731358166484,-3.2959746043559335e-17,0.2500000099999997,-0.0002893686074974897,0.0010747627077100001,0.00013603229830128072,development
2023-11-07,0.00016953485835349851,0.0,1.5983228834582992e-05,0.00015355162951891552,0.3897101194011,0.0007848844262471621,0.0,0.00019155410501536395,-2.201924666186557e-05,1.5983228834582992e-05,development
2023-11-08,0.0009159741067607601,0.0,1.5982584483787077e-05,0.000899991522276973,0.38986382852661644,0.0009542727544641985,0.0,0.0002163112978519285,0.0006996628089088315,1.5982584483787077e-05,development
2023-11-09,-0.0005660520401794695,8.777677742041722e-05,1.4919440496401627e-05,-0.0006687482580962883,0.36303971874577257,-4.111294638065033e-16,0.25000000999999983,-0.0017832028392171185,0.0012171507990376487,0.00010269621791681885,development
2023-11-10,0.0007506786104766266,0.0,1.482931778513747e-05,0.0007358492926914891,0.3602803019318611,-0.0005664308398173491,0.0,0.0026438675616130146,-0.001893188951136386,1.482931778513747e-05,development
2023-11-13,-0.0003718716010007438,0.0,4.492171145978708e-05,-0.0004167933124605309,0.3645491052433659,0.00018411229175962357,0.0,-0.00010055867120208345,-0.0002713129297986603,4.492171145978708e-05,development
2023-11-14,0.0007248534814525538,8.776672123801288e-05,1.6161534113869716e-05,0.0006209252261006713,0.3932639967708299,1.5612511283791264e-16,0.2500000099999992,0.005324110802953389,-0.004599257321500833,0.0001039282553518826,development
2023-11-15,0.0011913751947499537,0.0,1.6529291809328122e-05,0.0011748459029406256,0.40293717104125093,0.0007244036809333377,0.0,0.0015831917429609326,-0.0003918165482109777,1.6529291809328122e-05,development
2023-11-16,-0.002163600285386761,0.0,1.6542061535959368e-05,-0.0021801423469227205,0.4044370281469071,0.0019135307718957852,0.0,-0.001460070192218133,-0.0007035300931686283,1.6542061535959368e-05,development
2023-11-17,0.0010847133977116793,8.778240210281847e-05,1.759042513358252e-05,0.0009793405704752783,0.42803367825050775,-1.97758476261356e-16,0.25000000999999955,0.0015169389811903104,-0.0004322255834786313,0.000105372827236401,development
2023-11-20,-0.0003986391842317157,0.0,5.2826116812640986e-05,-0.0004514653010443567,0.42956215516907886,0.0010836521332131359,0.0,0.0011151541324985821,-0.0015137933167302978,5.2826116812640986e-05,development
2023-11-21,-0.0006938222827593563,0.0,1.7741136480233956e-05,-0.0007115634192395902,0.43238631003393463,0.0006853223482416876,0.0,-0.0006270012868963752,-6.682099586298055e-05,1.7741136480233956e-05,development
2023-11-22,-3.24169291756686e-05,8.777718027969259e-05,1.772660441898319e-05,-0.00013792071387434438,0.4313473741952587,1.0755285551056204e-15,0.25000000999999983,0.0010563445900506512,-0.0010887615192263196,0.00010550378469867578,development
2023-11-24,0.00030255630687653226,0.0,3.56370984283332e-05,0.0002669192084481991,0.43355227614396324,-3.2421400757334795e-05,0.0,0.0008191571316952979,-0.000516600824818766,3.56370984283332e-05,development
2023-11-27,-0.00039722761547255405,0.0,5.356873014474976e-05,-0.0004507963456173038,0.43477198510635734,0.0002700628211647557,0.0,-0.0007331628511013262,0.00033593523562877234,5.356873014474976e-05,development
2023-11-28,0.0004095432648356989,8.77843857396794e-05,1.8320708558086486e-05,0.000303438170537933,0.4458039082467712,7.632783294297951e-17,0.25000000999999983,0.00015579349728737143,0.0002537497675483276,0.00010610509429776589,development
2023-11-29,-0.001684448015158539,0.0,1.829430122351401e-05,-0.001702742316382053,0.44557074880364805,0.00040941903147388714,0.0,-0.0002154102520993173,-0.0014690377630592205,1.829430122351401e-05,development
2023-11-30,-0.0003069355482089453,0.0,1.8446453610504274e-05,-0.0003253820018194496,0.44758650078974394,-0.0012772037325266654,0.0,0.001698589950299034,-0.002005525498507978,1.8446453610504274e-05,development
2023-12-01,-0.00044364135897030416,8.778742710358693e-05,1.738303517618665e-05,-0.0005488118212500778,0.4229871892872101,1.6375789613221059e-15,0.25000000999999983,0.002533245076659766,-0.002976886435630071,0.00010517046227977358,development
2023-12-04,-0.0012359452317190181,0.0,5.291217114591998e-05,-0.001288857402864938,0.42873261432639775,-0.00044388496828653284,0.0,-0.001351577000700749,0.00011563176898173085,5.291217114591998e-05,development
2023-12-05,-0.0007155732372357567,0.0,1.7650635553259216e-05,-0.0007332238727890159,0.4278168004069898,-0.0016819980556511752,0.0,-0.002031737016632445,0.0013161637793966878,1.7650635553259216e-05,development
2023-12-06,-0.0006928300795847437,8.776493826762643e-05,1.713260307647729e-05,-0.0007977276209288474,0.41689334152761387,-2.3592239273284576e-16,0.25000000999999933,-0.0004052393783197249,-0.0002875907012650186,0.00010489754134410372,development
2023-12-07,0.00022592008789728023,0.0,1.7169937601836697e-05,0.00020875015029544352,0.41710843176750245,-0.0006933832105238888,0.0,0.0014724956624608124,-0.001246575574563532,1.7169937601836697e-05,development
2023-12-08,0.0007302468115959719,0.0,1.7268791005521356e-05,0.0007129780205904505,0.419739882241024,-0.0004673655599957277,0.0,0.0012240129732278876,-0.0004937661616319159,1.7268791005521356e-05,development
2023-12-11,0.002053629521435979,8.777982552993251e-05,4.632999945568946e-05,0.0019195196964503568,0.3757877733628141,-3.608224830031759e-16,0.2500000099999993,0.0033117091469058993,-0.0012580796254699198,0.00013410982498562196,development
2023-12-12,-0.0007753356079963512,0.0,1.551695186200165e-05,-0.0007908525598583529,0.3796288570667095,0.002049695091336075,0.0,0.00016498613987814284,-0.000940321747874494,1.551695186200165e-05,development
2023-12-13,0.0005174001055518354,0.0,1.5606581085607223e-05,0.0005017935244662282,0.3810355078612512,0.001275368111475439,0.0,0.003581100666415512,-0.0030637005608636775,1.5606581085607223e-05,development
2023-12-14,-0.0019873303492554187,8.776892996890419e-05,1.383381548469374e-05,-0.0020889330947090165,0.3366228434608811,3.469446951953614e-17,0.2500000099999998,0.00043906264843963287,-0.0024263929976950514,0.00010160274545359793,development
2023-12-15,0.0003201395580325765,0.0,1.4062620920387074e-05,0.00030607693711218946,0.3401989519565431,-0.0019914904395423524,0.0,-0.00042449652236179055,0.0007446360803943669,1.4062620920387074e-05,development
2023-12-18,0.0007871946175004052,0.0,4.1991401265141345e-05,0.0007452032162352638,0.33892608189673257,-0.0016708394760805295,0.0,0.0005658916071762223,0.00022130301032418284,4.1991401265141345e-05,development
2023-12-19,0.00019325239818936493,8.777134126627628e-05,1.4213688174801728e-05,9.126736874828693e-05,0.3458664122535088,6.938893903907228e-17,0.2500000099999998,0.0016196544883304487,-0.0014264020901410823,0.000101985029441078,development
2023-12-20,0.00029631688661019794,0.0,1.4329618876148536e-05,0.0002819872677340494,0.3488806274151089,0.00019323476216114022,0.0,-0.0029176702310169628,0.0032139871176271604,1.4329618876148536e-05,development
2023-12-21,1.8053696582456428e-05,0.0,1.4061490390156667e-05,3.992206192299761e-06,0.3426523464675017,0.000489413640356099,0.0,0.002156742966812692,-0.0021386892702302336,1.4061490390156667e-05,development
2023-12-22,-6.206398125589128e-05,8.777805566507064e-05,1.4279619245619365e-05,-0.00016412165616658128,0.34747073497673786,1.3877787807814457e-17,0.2500000099999992,0.0003678636651968812,-0.0004299276464527725,0.00010205767491069001,development
2023-12-26,0.00010834616351567573,0.0,5.726922217761474e-05,5.1076941338060984e-05,0.34832569407818503,-6.207416897129753e-05,0.0,0.0009646778534227061,-0.0008563316899070297,5.726922217761474e-05,development
2023-12-27,-7.156390900454966e-05,0.0,1.4386954129359286e-05,-8.595086313390894e-05,0.35012882011230917,4.6269631233136765e-05,0.0,0.0001865253299841066,-0.00025808923898865615,1.4386954129359286e-05,development
2023-12-28,0.00015662732808772762,8.776375161119908e-05,1.5855417005479382e-05,5.300815947104915e-05,0.38581514713333165,-4.5102810375396984e-17,0.2500000099999999,0.00025349875015892267,-9.687142207119494e-05,0.00010361916861667847,development
2023-12-29,0.00018381189801672574,0.0,1.586253819621585e-05,0.0001679493598205099,0.3861450484672537,0.0001566190260013818,0.0,-0.0004840406108625475,0.0006678525088792732,1.586253819621585e-05,development
2024-01-02,0.0008151195391595725,0.0,6.321996708373912e-05,0.0007518995720758333,0.38492850685120955,0.0003403737584632763,0.0,-0.00017371867613963002,0.0009888382152992026,6.321996708373912e-05,development
2024-01-03,-0.0004037264990712235,8.779703601142881e-05,1.4947937182096935e-05,-0.0005064714722647493,0.3637331380976925,3.885780586188048e-16,0.25000000999999994,-0.002405209283172071,0.0020014827841008465,0.00010274497319352574,development
2024-01-04,0.00020700225618363024,0.0,1.4790922928298928e-05,0.0001922113332553313,0.3595085268433016,-0.0004039310786389319,0.0,-0.00018160204124366796,0.00038860429742729825,1.4790922928298928e-05,development
2024-01-05,-0.0008071668020372981,0.0,1.4756146550456152e-05,-0.0008219229485877542,0.3588693417499884,-0.0001968909777779592,0.0,-8.505079524161168e-05,-0.0007221160067956863,1.4756146550456152e-05,development
2024-01-08,0.00027484776215436137,8.777511710746526e-05,5.237168694937449e-05,0.0001347009580975216,0.4247925719227045,1.960237527853792e-16,0.2500000099999993,0.0030225662020927015,-0.0027477184399383407,0.00014014680405683976,development
2024-01-09,0.0003473657715632656,0.0,1.7680687249388275e-05,0.00032968508431387736,0.43050486714666525,0.0002748107448839257,0.0,-0.0006538567659969583,0.0010012225375602233,1.7680687249388275e-05,development
2024-01-10,0.0007209378988836813,0.0,1.759259496987122e-05,0.0007033453039138101,0.42870844906193295,0.0006219714617333831,0.0,0.0005234305653195393,0.00019750733356414208,1.759259496987122e-05,development
2024-01-11,-0.00015676679401808134,8.775543061570835e-05,1.5485741797347833e-05,-0.0002600079664311375,0.3768197170687974,1.0234868508263162e-16,0.25000000999999933,-4.535439943408105e-05,-0.0001114123945840005,0.00010324117241305619,development
2024-01-12,0.0010340198613962054,0.0,1.549892882543009e-05,0.0010185209325707753,0.3769837938535647,-0.00015680756523413393,0.0,-3.583807083142822e-05,0.001069857932227633,1.549892882543009e-05,development
2024-01-16,-0.00014490260904514134,0.0,6.15812593852774e-05,-0.00020648386843041873,0.37549564767326116,0.0008763197461569821,0.0,-0.000993728527707208,0.0008488259186620668,6.15812593852774e-05,development
2024-01-17,-8.559282968300766e-05,8.776545120762147e-05,1.4409711628876288e-05,-0.00018776799251950545,0.3506363163026563,-1.0321604682062002e-16,0.2500000099999995,-0.0012811420563967545,0.0011955492267137467,0.00010217516283649776,development
2024-01-18,-0.0009792591485924124,0.0,1.4314135045274524e-05,-0.0009935732836376869,0.34822501053071825,-8.560890429521253e-05,0.0,0.0009437927550301869,-0.0019230519036225987,1.4314135045274524e-05,development
2024-01-19,-0.00018803768343515892,0.0,1.4486587592248981e-05,-0.0002025242710274079,0.35144103761511936,-0.0010659271296059088,0.0,0.001547281367608395,-0.0017353190510435532,1.4486587592248981e-05,development
2024-01-22,7.618904115052456e-05,8.775900740098606e-05,4.534798842868378e-05,-5.6917954679145285e-05,0.36782257281043507,-8.586881206085195e-17,0.2500000099999995,0.0001570874480772631,-8.089840692673833e-05,0.00013310699582966983,development
2024-01-23,0.00042726722357309304,0.0,1.5123506126061833e-05,0.0004121437174470312,0.3680815091120929,7.619337792166836e-05,0.0,0.00046382902941721846,-3.6561805844125124e-05,1.5123506126061833e-05,development
2024-01-24,0.0002201568091869425,0.0,1.5120279477801403e-05,0.0002050365297091411,0.3684300538153556,0.000503253188854697,0.0,8.188281694217346e-05,0.00013827399224476908,1.5120279477801403e-05,development
2024-01-25,-0.001410841600651205,8.775498414001808e-05,1.5039185359265349e-05,-0.0015136357701504885,0.36595351040879015,-8.500145032286355e-17,0.2500000099999997,7.914457821273647e-05,-0.0014899861788639406,0.00010279416949928343,development
2024-01-26,0.00048537927736087616,0.0,1.5184633981857806e-05,0.00047019464337901836,0.3680797798869728,-0.0014129803382337556,0.0,-0.00033307220178319943,0.0008184514791440751,1.5184633981857806e-05,development
2024-01-29,0.00014851461218344815,0.0,4.533077770295573e-05,0.00010318383448049242,0.36675580958894877,-0.0009271651128033125,0.0,0.001698987529347639,-0.00155047291716419,4.533077770295573e-05,development
2024-01-30,0.00020943932208235532,8.77448569375123e-05,1.5273526304708363e-05,0.00010642093884013465,0.37165580674790305,-4.2327252813834093e-16,0.2500000099999996,0.00020461784124434744,4.8214808380083175e-06,0.00010301838324222067,development
2024-01-31,0.0009708210954771288,0.0,1.5271504810732627e-05,0.0009555495906663962,0.37181603409688496,0.00020941703572438,0.0,-0.0017958049135247051,0.0027666260090018348,1.5271504810732627e-05,development
2024-02-01,-4.059458127677197e-05,0.0,1.5029749221468138e-05,-5.5624330498240105e-05,0.3669030091541469,0.0011791114317555437,0.0,0.0021393543386924335,-0.0021799489199692055,1.5029749221468138e-05,development
2024-02-02,-0.0009359949520163976,8.775850914470038e-05,1.36535692166104e-05,-0.0010374070303777083,0.3322368509375201,3.0357660829594124e-16,0.25000000999999944,-0.00036783612926612034,-0.0005681588227502776,0.00010141207836131078,development
2024-02-05,-0.00023712126652085754,0.0,4.114348414583292e-05,-0.00027826475066669045,0.33278240443695306,-0.0009369669681360739,0.0,-0.0009050921817942253,0.0006679709152733678,4.114348414583292e-05,development
2024-02-06,0.0007156892365570038,0.0,1.3663395037427423e-05,0.0007020258415195765,0.3313015308777707,-0.0011744150329632587,0.0,0.0009843898212117817,-0.0002687005846547778,1.3663395037427423e-05,development
2024-02-07,-0.00043943083791831263,8.774196323465409e-05,1.3134231410308218e-05,-0.0005403070325632748,0.31959963098416677,1.0234868508263162e-16,0.2500000099999994,0.0009494903112101006,-0.0013889211491284123,0.00010087619464496231,development
2024-02-08,2.231341203995119e-05,0.0,1.3255551380607753e-05,9.057860659343439e-06,0.322112081867612,-0.0004396683938433961,0.0,0.0007128453595487236,-0.0006905319475087719,1.3255551380607753e-05,development
2024-02-09,-0.0002470519546794262,0.0,1.331218685115436e-05,-0.00026036414153058057,0.32351252884326165,-0.00041735120149441994,0.0,0.0002259251027164327,-0.0004729770573958587,1.331218685115436e-05,development
2024-02-12,0.0005473798349459008,8.775808747662938e-05,4.2148100439790366e-05,0.000417473647029481,0.3418679257894107,-8.066464163292153e-17,0.2500000099999999,0.0008669637489393632,-0.00031958391399346264,0.00012990618791641976,development
2024-02-13,-0.0009196503399133937,0.0,1.4069760230160503e-05,-0.0009337201001435542,0.34291131701422195,0.000547151413649684,0.0,-0.003075023721826214,0.00215537338191282,1.4069760230160503e-05,development
2024-02-14,-0.0005994633638971851,0.0,1.3905590182622803e-05,-0.0006133689540798079,0.3379965140494293,-0.0003728470610589009,0.0,0.0012763758546417473,-0.0018758392185389324,1.3905590182622803e-05,development
2024-02-15,0.0008827784976257102,8.773312248674986e-05,1.6268519713964658e-05,0.0007787768554249957,0.3958673130398065,-3.0184188481996443e-16,0.2500000099999995,0.0024383258763402684,-0.0015555473787145578,0.00010400164220071452,development
2024-02-16,-0.0019149510733821131,0.0,1.6383613743982037e-05,-0.0019313346871260952,0.399550025982042,0.0008820915451456836,0.0,-0.001361112241164295,-0.0005538388322178178,1.6383613743982037e-05,development
2024-02-20,0.002329950517837797,0.0,6.584370520735729e-05,0.0022641068126304396,0.39951434849234335,-0.0010348581857468134,0.0,0.00013992301015171245,0.0021900275076860852,6.584370520735729e-05,development
2024-02-21,-0.0005605161932483757,8.773471096674255e-05,1.4299959664294613e-05,-0.0006625508638794128,0.3479656851645025,1.942890293094024e-16,0.25000000999999916,-6.685651738557117e-05,-0.0004936596758628044,0.00010203467063103716,development
2024-02-22,-1.964404762772368e-05,0.0,1.435004206494058e-05,-3.399408969266426e-05,0.3486234691036029,-0.0005608878099511994,0.0,0.0025258861977587796,-0.002545530245386504,1.435004206494058e-05,development
2024-02-23,0.0008196323231561144,0.0,1.455975867468724e-05,0.0008050725644814272,0.35370690949115435,-0.0005805515929018443,0.0,0.0006751030856763368,0.00014452923747977742,1.455975867468724e-05,development
2024-02-26,-0.00011017330316087756,8.775372316342432e-05,4.039014579923012e-05,-0.000238317172123532,0.32760896037153375,4.40619762898109e-16,0.25000000999999955,-0.0005702785430150477,0.00046010523985417,0.00012814386896265443,development
2024-02-27,0.0007247259501940086,0.0,1.3428765369435553e-05,0.000711297184824573,0.32665642442398923,-0.00011019956560928516,0.0,0.0012385120391013914,-0.0005137860889073822,1.3428765369435553e-05,development
2024-02-28,-0.00025673078959813654,0.0,1.3461419293397244e-05,-0.0002701922088915338,0.32817529239039167,0.0006140895843921215,0.0,-8.469235486008482e-05,-0.00017203843473805177,1.3461419293397244e-05,development
2024-02-29,0.000747091605405563,8.774738551917102e-05,1.6000902947511248e-05,0.0006433433169388807,0.38935530505610705,8.066464163292153e-17,0.25000000999999955,0.0015997605719568005,-0.000852668966551237,0.00010374828846668226,development
2024-03-01,0.0003842301846898196,0.0,1.606065281466968e-05,0.0003681695318751499,0.3915558297683252,0.0007466112780295745,0.0,0.0013004850756477607,-0.0009162548909579409,1.606065281466968e-05,development
2024-03-04,0.0008014118709896498,0.0,4.8390068558644285e-05,0.0007530218024310055,0.3936276480280233,0.0011304252745752384,0.0,0.0005328440058660829,0.00026856786512356664,4.8390068558644285e-05,development
2024-03-05,-0.0005001632363781489,8.776342619236643e-05,1.5856242473198975e-05,-0.0006037829050437142,0.3858352335145084,-1.6479873021779667e-17,0.25000000999999994,-0.0014261242708375203,0.0009259610344593706,0.00010361966866556541,development
2024-03-06,-0.00021777941022267774,0.0,1.5789669619397536e-05,-0.00023356907984207527,0.3837148286631701,-0.0005004654088365907,0.0,0.0011336060618820823,-0.0013513854721047595,1.5789669619397536e-05,development
2024-03-07,-0.000312527072548775,0.0,1.590445718735733e-05,-0.0003284315297361323,0.38629004560766167,-0.0007184126180333952,0.0,0.0016431877675210029,-0.001955714840069779,1.590445718735733e-05,development
2024-03-08,0.0013146375423422566,8.774800015661504e-05,1.6273770732584347e-05,0.0012106157714530572,0.3959950878262186,-4.631711680858075e-16,0.25000000999999955,5.1626618421996795e-05,0.0012630109239202588,0.00010402177088919938,development
2024-03-11,0.0004066737257000041,0.0,4.845122902464588e-05,0.0003582224966753582,0.39430635003458436,0.0013130479457899528,0.0,0.0005987579689625865,-0.000192084243262582,4.845122902464588e-05,development
2024-03-12,-0.0006981134694028306,0.0,1.6160408399059536e-05,-0.0007142738778018902,0.39495571022621606,0.0017191058491006425,0.0,0.0007332552198334529,-0.0014313686892362832,1.6160408399059536e-05,development
2024-03-13,-0.0006660980255535809,8.776113573256205e-05,1.5673012521638783e-05,-0.0007695321738077817,0.3813766380265436,-1.0755285551056204e-16,0.2500000099999999,-0.0006026156028722491,-6.348242268133197e-05,0.00010343414825420083,development
2024-03-14,-0.000140533728214886,0.0,1.5690304449100272e-05,-0.00015622403266398626,0.38113079725727117,-0.0006666110041688069,0.0,-0.0015477715309420638,0.0014072378027271785,1.5690304449100272e-05,development
2024-03-15,0.000689211200524309,0.0,1.557707458146243e-05,0.0006736341259428465,0.37823487730142813,-0.0008072708474909478,0.0,-8.657643537400043e-05,0.0007757876358983091,1.557707458146243e-05,development
2024-03-18,0.00039396450216015814,8.773169820153289e-05,4.723730893298452e-05,0.00025899549502564074,0.3831470613453184,-4.874572967494828e-16,0.2500000099999997,0.0009389055127250374,-0.000544941010564879,0.0001349690071345174,development
2024-03-19,-2.3524460918736392e-06,0.0,1.578647069163791e-05,-1.8138916783511548e-05,0.3845313159900706,0.0003938624935481867,0.0,0.0009922721906773092,-0.0009946246367691831,1.578647069163791e-05,development
2024-03-20,-4.967720593410593e-05,0.0,1.586850849933847e-05,-6.55457144334444e-05,0.38652522396638933,0.0003915171491532983,0.0,0.0015505050969328478,-0.0016001823028669532,1.586850849933847e-05,development
2024-03-21,-0.0005109792143877735,8.774121018433997e-05,1.598622785731318e-05,-0.0006147066524294267,0.3889982111946207,7.806255641895632e-18,0.25000000999999944,0.0011026551799206412,-0.0016136343943084154,0.00010372743804165315,development
2024-03-22,-0.0009199731201383636,0.0,1.6128769803870827e-05,-0.0009361018899422344,0.3919554383842805,-0.0005112935099096409,0.0,-0.0015156534815858964,0.0005956803614475333,1.6128769803870827e-05,development
2024-03-25,-0.00027841380139774735,0.0,4.828462865462718e-05,-0.0003266984300523745,0.39020938027959995,-0.0014326076968205507,0.0,-0.0005717606646370448,0.00029334686323929737,4.828462865462718e-05,development
2024-03-26,7.461263028357736e-05,8.773816098150319e-05,1.5838471046510754e-05,-2.8964001744436578e-05,0.3854027954650949,-4.0766001685454967e-17,0.25000000999999994,-3.550830150504125e-05,0.00011012093178861858,0.00010357663202801394,development
2024-03-27,0.00018806751327483408,0.0,1.5829878507649985e-05,0.0001722376347671841,0.3852683251442428,7.461479142648834e-05,0.0,0.002838235498868671,-0.002650167985593837,1.5829878507649985e-05,development
2024-03-28,0.0007367483075812516,0.0,1.6044936991865713e-05,0.0007207033705893858,0.39068943720411275,0.00026263706871380074,0.0,0.001137724157117465,-0.00040097584953621365,1.6044936991865713e-05,development
2024-04-01,-0.000273598645671514,8.775416329698439e-05,6.278676900513217e-05,-0.00042413957797363057,0.3819528447812208,7.45931094670027e-17,0.2500000099999995,-0.0009338976041248233,0.00066029895845331,0.00015054093230211656,development
2024-04-02,0.0003723744587541837,0.0,1.564905848907615e-05,0.00035672540026510753,0.38052004182859434,-0.0002737147389252747,0.0,-0.0015947626976006973,0.00196713715635488,1.564905848907615e-05,development
2024-04-03,-0.00043860194804533803,0.0,1.54818532127902e-05,-0.00045408380125812824,0.37682371938251263,9.862453795111796e-05,0.0,-8.155331083855418e-05,-0.0003570486372067841,1.54818532127902e-05,development
2024-04-04,-0.00018882330530672328,8.773199281414566e-05,1.5716083602430415e-05,-0.0002922713817232994,0.38242470099247305,-4.3021142204224816e-16,0.2500000099999993,-0.002501442903153896,0.0023126195978471716,0.00010344807641657607,development
2024-04-05,-0.0004826951772293123,0.0,1.553054441299419e-05,-0.0004982257216423065,0.37772103554043535,-0.00018887850908998714,0.0,0.001421882756838074,-0.0019045779340673861,1.553054441299419e-05,development
2024-04-08,0.00021366756354867974,0.0,4.708471401094438e-05,0.00016658284953773535,0.3812374385292691,-0.0006719084483908684,0.0,0.0003636839071779676,-0.00015001634362928783,4.708471401094438e-05,development
2024-04-09,-0.0009155077188522237,8.775157672987777e-05,1.4777528468939481e-05,-0.0010180368240510409,0.3595865260775268,-5.84601811404184e-16,0.2500000099999995,0.00016124245903996609,-0.0010767501778921901,0.00010252910519881725,development
2024-04-10,-6.334638577943581e-05,0.0,1.4881178070822113e-05,-7.822756385025792e-05,0.36119222570078335,-0.0009164406892214925,0.0,-0.002647953658632416,0.002584607272852981,1.4881178070822113e-05,development
2024-04-11,-0.00011028847323657194,0.0,1.4669892186268723e-05,-0.00012495836542284066,0.35598751280518576,-0.0009798637273532185,0.0,0.0002564907850178226,-0.0003667792582543946,1.4669892186268723e-05,development
2024-04-12,0.0008052018492356119,8.77359698809739e-05,1.5877660040494168e-05,0.0007015882193141438,0.3863563943186904,-1.0026701691145945e-15,0.25000000999999994,-0.0026898975261701024,0.0034950993754057124,0.00010361362992146807,development
2024-04-15,-0.0002180937965680636,0.0,4.673838369664864e-05,-0.00026483218026471223,0.3799048606424277,0.0008046373251664532,0.0,-0.002020948010419116,0.0018028542138510525,4.673838369664864e-05,development
2024-04-16,0.00040989437796819586,0.0,1.543536921630024e-05,0.00039445900875189564,0.3761806831686545,0.000586698905348659,0.0,-0.000395366550363222,0.0008052609283314175,1.543536921630024e-05,development
2024-04-17,-0.00048006847001762345,8.773548242280597e-05,1.5399844541229504e-05,-0.000583203796981659,0.3747295505032511,-2.42861286636753e-16,0.2500000099999996,-0.0005490376095499779,6.896913953235469e-05,0.00010313532696403547,development
2024-04-18,-0.0003556201540083758,0.0,1.540315902565886e-05,-0.0003710233130340346,0.3743298543465472,-0.0004803486111517735,0.0,-0.0005831310909138132,0.00022751093690543723,1.540315902565886e-05,development
2024-04-19,-7.516188505373323e-05,0.0,1.5390169608314376e-05,-9.05520546620476e-05,0.373657848091468,-0.0008362790441817404,0.0,9.610469135615364e-05,-0.000171266576409887,1.5390169608314376e-05,development
2024-04-22,7.753934297176034e-05,8.774291334247933e-05,4.1894868520414946e-05,-5.209843889113393e-05,0.33981393355447753,8.049116928532385e-16,0.25000000999999966,0.001211063707105671,-0.0011335243641339113,0.00012963778186289427,development
2024-04-23,0.0004570130326798593,0.0,1.4058855003963146e-05,0.00044295417767589615,0.34217634847929834,7.754338286175989e-05,0.0,0.0019448661801910255,-0.001487853147511167,1.4058855003963146e-05,development
2024-04-24,0.0004449968372732634,0.0,1.4174865487872737e-05,0.00043082197178539067,0.3454560466079522,0.0005343197363821628,0.0,0.00016289405453753675,0.000282102782735727,1.4174865487872737e-05,development
2024-04-25,9.050639860308713e-05,8.774762093312582e-05,1.5760267584666794e-05,-1.3001489914705487e-05,0.383499844560225,-2.992397996059992e-16,0.25000000999999994,0.0001465484884295341,-5.604208982644677e-05,0.00010350788851779262,development
2024-04-26,7.4462024331906085e-06,0.0,1.5765078753343032e-05,-8.318876320152423e-06,0.38370742390668316,9.050757533611911e-05,0.0,0.0005307657806064291,-0.0005233195781732386,1.5765078753343032e-05,development
2024-04-29,-0.0005294028718651869,0.0,4.742466848418783e-05,-0.0005768275403493748,0.3847647100754983,9.795459264145493e-05,0.0,0.0007694608997294883,-0.0012988637715946757,4.742466848418783e-05,development
2024-04-30,-0.00036548577599562597,8.773377438836628e-05,1.63826395873485e-05,-0.0004696021899713407,0.3986442299588135,6.938893903907228e-18,0.25000000999999933,-0.003224965878401682,0.002859480102406055,0.00010411641397571478,development
2024-05-01,0.0009256373970309093,0.0,1.6155200342967392e-05,0.000909482196687942,0.392744217522653,-0.0003656574895534899,0.0,-0.0013848730967635206,0.0023105104937944294,1.6155200342967392e-05,development
2024-05-02,6.223867248014432e-05,0.0,1.5950788412790126e-05,4.6287884067354194e-05,0.3886953224563851,0.0005594710784919635,0.0,0.0018613414138350568,-0.001799102741354912,1.5950788412790126e-05,development
2024-05-03,0.0006943795504588617,8.774737763972147e-05,1.527875137881963e-05,0.0005913534214403207,0.37178295021794416,-7.37257477290143e-17,0.2500000099999993,0.0017243813190593246,-0.0010300017686004626,0.00010302612901854109,development
2024-05-06,0.00024187794095836834,0.0,4.6062987669931484e-05,0.00019581495328843684,0.37431598026997154,0.0006939691694160827,0.0,0.0017256381884634218,-0.0014837602475050525,4.6062987669931484e-05,development
2024-05-07,0.0004067558879458658,0.0,1.5473252226203816e-05,0.000391282635719662,0.37745146806435237,0.0009356638933928699,0.0,0.0005079472442544503,-0.00010119135630858474,1.5473252226203816e-05,development
2024-05-08,0.0003479160651607459,8.774217614998604e-05,1.4488729276100665e-05,0.00024568515973465925,0.35255907905178335,5.134781488891349e-16,0.2500000099999995,7.0886553037214e-05,0.00027702951212353193,0.0001022309054260867,development
2024-05-09,0.0002563600266889692,0.0,1.4462406528500904e-05,0.00024189762016046829,0.35226638946853134,0.0003478306083426865,0.0,0.0015309503464793683,-0.0012745903197903979,1.4462406528500904e-05,development
2024-05-10,0.0004225042049413798,0.0,1.456364446576572e-05,0.0004079405604756141,0.3549860598517328,0.0006040445181002578,0.0,0.0006405479419372971,-0.00021804373699591724,1.456364446576572e-05,development
2024-05-13,-0.00011082002403169398,8.77376397253987e-05,4.47115104950603e-05,-0.00024326917425215297,0.36266002957104493,3.122502256758253e-16,0.25000001,-0.0003422165005395758,0.00023139647650788182,0.000132449150220459,development
2024-05-14,-0.00029784010104089766,0.0,1.4888439841672853e-05,-0.0003127285408825705,0.36217452249101906,-0.00011084698968702976,0.0,0.0006469337104828188,-0.000944773811523717,1.4888439841672853e-05,development
2024-05-15,-0.0003513616241914878,0.0,1.4970774272109896e-05,-0.0003663323984635977,0.3638800256825136,-0.0004088149388272351,0.0,0.001520342807126733,-0.0018717044313182201,1.4970774272109896e-05,development
2024-05-16,0.0010458350468712093,8.774066733375204e-05,1.6562026170452956e-05,0.0009415323533670043,0.4030093034810218,-1.8214596497756474e-16,0.25000000999999955,0.0003398869228941347,0.0007059481239770741,0.000104302693504205,development
2024-05-17,-0.00030795182049167763,0.0,1.6488478600914825e-05,-0.00032444029909259244,0.4022644972411753,0.0010448512855811935,0.0,9.848705035401014e-05,-0.0004064388708456878,1.6488478600914825e-05,development
2024-05-20,-0.00019260386724621827,0.0,4.958173992104417e-05,-0.00024218560716726244,0.4029001402043674,0.0007371386225646943,0.0,-0.0001784346840481715,-1.416918319804682e-05,4.958173992104417e-05,development
2024-05-21,0.0004939073306794728,8.776102565958939e-05,1.691305583487923e-05,0.0003892332491850042,0.4115510253153945,-4.163336342344337e-17,0.2500000099999994,0.00022682409026250614,0.00026708324041696665,0.00010467408149446862,development
2024-05-22,0.0006925746446992227,0.0,1.6884531766561204e-05,0.0006756901129326614,0.4113506548133127,0.000493715160323413,0.0,-0.0003535675746484233,0.0010461422193476463,1.6884531766561204e-05,development
2024-05-23,0.0009881585269277849,0.0,1.6787204526437734e-05,0.0009713713224013471,0.4096741322586252,0.0011854887819736544,0.0,-0.0019172914280883061,0.0029054499550160914,1.6787204526437734e-05,development
2024-05-24,0.0003016531944757566,8.774744508987292e-05,1.5244785521029531e-05,0.00019866096386485417,0.37095644767838526,-9.367506770274758e-17,0.2500000099999998,0.001200115519110522,-0.0008984623246347663,0.00010299223061090245,development
2024-05-28,0.00019702300605798926,0.0,6.126235651917594e-05,0.00013576064953881332,0.3729809287713176,0.0003015932796640447,0.0,-0.0008958823695382928,0.0010929053755962816,6.126235651917594e-05,development
2024-05-29,0.0001953195118989138,0.0,1.522369451204854e-05,0.00018009581738686527,0.3709417817289544,0.0004985486024399327,0.0,-0.001855504911609839,0.002050824423508752,1.522369451204854e-05,development
2024-05-30,0.0008030435147098377,8.774162583434382e-05,1.3554727052959947e-05,0.000701747161822534,0.32983169162202464,-7.91033905045424e-16,0.25000000999999966,0.0005709971993797477,0.00023204631533008986,0.00010129635288730377,development
2024-05-31,0.00029620728261254507,0.0,1.3526162806709846e-05,0.00028268111980583524,0.32993910867298876,0.0008024803763825097,0.0,0.0023315776474091155,-0.0020353703647965696,1.3526162806709846e-05,development
2024-06-03,-0.0005971748377783899,0.0,4.106875120429444e-05,-0.0006382435889826843,0.3342115813811176,0.0010983771685070878,0.0,-0.0008164550418018959,0.0002192802040235067,4.106875120429444e-05,development
2024-06-04,-0.000608216569332659,8.774389159346176e-05,1.4479552337996297e-05,-0.000710440013264117,0.35233577355791046,5.342948306008566e-16,0.2500000099999997,-0.0002454796425295783,-0.0003627369268030806,0.00010222344393145805,development
2024-06-05,-0.00022962140115843254,0.0,1.4519681694835983e-05,-0.00024414108285326854,0.3527036055964222,-0.0006086489779200746,0.0,0.0013167439422851353,-0.0015463653434435686,1.4519681694835983e-05,development
2024-06-06,-0.000282050268704208,0.0,1.4650356970229806e-05,-0.0002967006256744378,0.3556535445236315,-0.0008384750852937772,0.0,-0.0005492385044550771,0.0002671882357508691,1.4650356970229806e-05,development
2024-06-07,0.00010748046002268665,8.773066847312161e-05,1.6241664749166986e-05,3.5081268003980463e-06,0.3952138422297309,9.645062526431047e-16,0.2500000099999993,-2.807309727991443e-05,0.00013555355730260102,0.0001039723332222886,development
2024-06-10,0.0011473858736313946,0.0,4.86913992670839e-05,0.0010986944743643107,0.3950488296937615,0.0001074800829698741,0.0,0.0014783937128119633,-0.00033100783918056816,4.86913992670839e-05,development
2024-06-11,0.0005310806708918104,0.0,1.6239829934715676e-05,0.0005148408409570947,0.3964226838335135,0.0012534887554319987,0.0,-0.00040875112493891577,0.000939831795830726,1.6239829934715676e-05,development
2024-06-12,0.00039006029299521806,8.774732096602856e-05,1.542115854668491e-05,0.0002868918134825046,0.37524819130266607,-1.6653345369377348e-16,0.2500000099999994,0.0010929787959480445,-0.0007029185029528268,0.00010316847951271347,development
2024-06-13,-3.902968692763524e-05,0.0,1.5474493164808508e-05,-5.4504180092443744e-05,0.3769359487636594,0.0003899484199856862,0.0,-0.0006057656637572824,0.0005667359768296474,1.5474493164808508e-05,development
2024-06-14,-0.0011526669460725425,0.0,1.542875305715226e-05,-0.0011680956991296947,0.37578392891801005,0.0003509378606383999,0.0,-0.0012750915946506823,0.00012242464857814087,1.542875305715226e-05,development
2024-06-17,-0.00043281847931383555,8.776362769441745e-05,5.223786471258109e-05,-0.000572819971720834,0.4237071248909354,-9.020562075079397e-17,0.25000000999999983,0.0015289021303029724,-0.001961720609616809,0.00014000149240699853,development
2024-06-18,0.0008376517578050865,0.0,1.7583931308274572e-05,0.0008200678264968119,0.4274425952861993,-0.00043306654848198137,0.0,0.0012375788730896783,-0.0003999271152845911,1.7583931308274572e-05,development
2024-06-20,-0.0012417664947734107,0.0,3.5204733790635477e-05,-0.0012769712285640462,0.42872851481327345,0.0004042536938750202,0.0,-0.0008608454214782714,-0.0003809210732951393,3.5204733790635477e-05,development
2024-06-21,-0.0003930140214423065,8.77381312322315e-05,1.6359549865709125e-05,-0.0004971117025402471,0.39808238006558894,2.8102520310824275e-16,0.2500000099999994,0.0003868708917029635,-0.0007798849131452694,0.00010409768109794062,development
2024-06-24,0.0004266824316762829,0.0,4.9295455334398815e-05,0.0003773869763418841,0.39944770599964247,-0.000393209490481293,0.0,0.00024764813037361967,0.00017903430130266333,4.9295455334398815e-05,development
2024-06-25,-9.632870404376964e-05,0.0,1.6410910033030947e-05,-0.00011273961407680059,0.3993656044507947,3.3460313708367356e-05,0.0,-0.000770676621188214,0.0006743479171444444,1.6410910033030947e-05,development
2024-06-26,-0.0011412291603449412,8.773941134685302e-05,1.73331186040618e-05,-0.0012463016902958559,0.42177255269883696,-1.942890293094024e-16,0.2500000099999996,-0.0011221879651575877,-1.9041195187353594e-05,0.00010507252995091482,development
2024-06-27,-0.0005812891980539281,0.0,1.7356314838323534e-05,-0.0005986455128922516,0.42119434114818266,-0.0011426532510233067,0.0,6.659701182342782e-05,-0.0006478862098773557,1.7356314838323534e-05,development
2024-06-28,-0.0009003875783128692,0.0,1.7419994161022423e-05,-0.0009178075724738916,0.42216154948719964,-0.0017249750976793092,0.0,-0.00047268890579091143,-0.0004276986725219573,1.7419994161022423e-05,development
2024-07-01,-4.393278958599126e-05,8.772893326034091e-05,5.163581252879627e-05,-0.00018329753537512844,0.4188238127335696,-1.6653345369377348e-16,0.25000000999999966,-0.0011972520881446565,0.001153319298558664,0.00013936474578913718,development
2024-07-02,-0.0005522974229073413,0.0,1.7120282248134944e-05,-0.0005694177051554762,0.41654959386078244,-4.3940843834532756e-05,0.0,0.0008725210611887644,-0.0014248184840961057,1.7120282248134944e-05,development
2024-07-03,0.0013914387581032027,0.0,1.7247211484274496e-05,0.0013741915466189282,0.41908556814854625,-0.0005965779687998191,0.0,0.001340960599010244,5.047815909295848e-05,1.7247211484274496e-05,development
2024-07-05,-0.00033874522701801224,8.774922907262602e-05,3.154426825181622e-05,-0.0004580387243424545,0.3837885970637639,-7.112366251504909e-17,0.2500000099999997,-0.00016687489521852723,-0.00017187033179948507,0.00011929349732444225,development
2024-07-08,0.0005621901076435017,0.0,4.738048345985017e-05,0.0005148096241836516,0.38396946538445603,-0.00033890045655088005,0.0,0.00043779516194412797,0.0001243949456993736,4.738048345985017e-05,development
2024-07-09,-0.00015646446396810491,0.0,1.5775149045952657e-05,-0.00017223961301405757,0.3840851348767603,0.000223174758579036,0.0,-0.0004410199729782095,0.0002845555090101043,1.5775149045952657e-05,development
2024-07-10,0.00029257496177105134,8.774206593428222e-05,1.5300577185137453e-05,0.00018953231865163168,0.3723140448383445,-1.700029006457271e-16,0.25000000999999955,0.0017206587367977482,-0.0014280837750266964,0.00010304264311941966,development
2024-07-11,-1.3432290504161541e-05,0.0,1.5415032286958345e-05,-2.8847322791119887e-05,0.3753916385025212,0.0002925195198680286,0.0,0.0006395261040969798,-0.0006529583946011414,1.5415032286958345e-05,development
2024-07-12,-0.00039135051808648875,0.0,1.546914634367112e-05,-0.00040681966443015987,0.3766949896431794,0.00027909528051552404,0.0,0.00149438162698775,-0.0018857321450742389,1.546914634367112e-05,development
2024-07-15,-0.0013744832312108275,8.77437729379138e-05,4.6082519396363115e-05,-0.0015083095235451044,0.37378043510383396,-2.393918396847994e-16,0.25000000999999955,-0.00033136949921979856,-0.0010431137319910292,0.00013382629233427693,development
2024-07-16,-0.0019509430820561227,0.0,1.546990858446617e-05,-0.001966412990640589,0.37505788271298185,-0.00137655950902826,0.0,0.0023718411994373494,-0.0043227842814934705,1.546990858446617e-05,development
2024-07-17,-0.001478831426045045,0.0,1.585638612633455e-05,-0.0014946878121713796,0.382504670346663,-0.0033340587274776536,0.0,-0.002477346865560911,0.000998515439515866,1.585638612633455e-05,development
2024-07-18,-0.0005408193966369938,8.775074227478988e-05,1.822653233884073e-05,-0.0006467966712506244,0.44351228691178973,-1.3782378016635732e-15,0.25000001,-0.0021691914587549338,0.0016283720621179413,0.00010597727461363061,development
2024-07-19,0.0013697535265733349,0.0,1.810440340707327e-05,0.0013516491231662616,0.43999931348222976,-0.0005411694232198847,0.0,-0.0005415566671274,0.0019113101937007358,1.810440340707327e-05,development
2024-07-22,0.0011806911297946648,0.0,5.376925109455452e-05,0.0011269218787001102,0.436955835649284,0.0008274656601194967,0.0,0.002943436509346769,-0.0017627453795521033,5.376925109455452e-05,development
2024-07-23,0.0011930553330131285,8.7736407675142e-05,1.5125477823606963e-05,0.0010901934475143794,0.36805329370776985,4.145989107584569e-16,0.25000000999999994,-0.0001540853991438807,0.0013471407321570086,0.00010286188549874897,development
2024-07-24,0.0008678171936029207,0.0,1.4998402767393043e-05,0.0008528187908355277,0.36615289009489904,0.0011917560883350116,0.0,-0.0028728323165259926,0.0037406495101289135,1.4998402767393043e-05,development
2024-07-25,-0.00234559268722499,0.0,1.4678434078322878e-05,-0.002360271121303313,0.3592330475749831,0.0020578183357930525,0.0,-0.0019769485331053564,-0.00036864415411963367,1.4678434078322878e-05,development
2024-07-26,-0.001615632752929858,8.776209333060354e-05,1.675141453063741e-05,-0.001720146260791099,0.4076177535788428,-8.560860353945543e-16,0.25000000999999933,0.0018613047501760491,-0.003476937503105908,0.00010451350786124096,development
2024-07-29,0.00016681487890055226,0.0,5.119964151938601e-05,0.00011561523738116625,0.41366756454648995,-0.0016184166663076698,0.0,7.448801178939948e-05,9.232686711115263e-05,5.119964151938601e-05,development
2024-07-30,-0.002839673464801044,0.0,1.7056986615946484e-05,-0.0028567304514169906,0.41360190700850813,-0.0014514339795230202,0.0,-0.0015438362178890755,-0.0012958372469119694,1.7056986615946484e-05,development
2024-07-31,0.0037091644603635863,8.775694604636847e-05,1.9060903233160625e-05,0.0036023466110840572,0.4638153120069095,9.107298248878237e-16,0.2500000099999998,0.004090977202666474,-0.0003818127423028867,0.0001068178492795291,development
2024-08-01,-0.0012097720793262437,0.0,1.9023754943241118e-05,-0.0012287958342694848,0.466607221010564,0.0036958507250301077,0.0,-0.0037169039961300943,0.0025071319168038504,1.9023754943241118e-05,development
2024-08-02,-0.002520864901921199,0.0,1.884084085299784e-05,-0.002539705742774197,0.46094959804351415,0.00248913728723334,0.0,-0.006419012430487376,0.00389814752856618,1.884084085299784e-05,development
2024-08-05,-0.0006317108291417775,8.77723867072989e-05,5.220525857931999e-05,-0.0007716884744283964,0.4234426529211516,4.2674197509029455e-16,0.25000000999999944,-0.00537751958985135,0.004745808760709577,0.0001399776452866189,development
2024-08-06,0.0011098264807092135,0.0,1.7024824246940888e-05,0.0010928016564622726,0.41363852465264467,-0.0006321986895836407,0.0,0.002705868977452176,-0.0015960424967429627,1.7024824246940888e-05,development
2024-08-07,-0.0012481508125544755,0.0,1.7137278176037623e-05,-0.0012652880907305132,0.41748420869203434,0.0004771064084521017,0.0,-0.0022704596280278284,0.0010223088154733525,1.7137278176037623e-05,development
2024-08-08,0.0014775104063471439,8.778864880272386e-05,1.6381420696903655e-05,0.0013733403368475163,0.3986145702913225,1.8041124150158794e-16,0.25000000999999994,0.005680203944291932,-0.004202693537944787,0.00010417006949962752,development
2024-08-09,0.0003592688449187152,0.0,1.6703907413202587e-05,0.00034256493750551263,0.40793723111916147,0.0014754840645650798,0.0,0.0010045470707276513,-0.000645278225808936,1.6703907413202587e-05,development
2024-08-12,0.0005795530235805488,0.0,5.0253616812019654e-05,0.0005292994067685291,0.40944679430019676,0.001834124602703888,0.0,-0.0005992338538947252,0.001178786877475274,5.0253616812019654e-05,development
2024-08-13,0.00015556186868385968,8.778539412997022e-05,1.5064926307173186e-05,5.2711548246716265e-05,0.3665798734745477,9.020562075079397e-17,0.2500000099999997,0.003022135123367093,-0.002866573254683235,0.0001028503204371434,development
2024-08-14,-0.0007798148978012884,0.0,1.5299728595450062e-05,-0.0007951146263967385,0.37244894949182744,0.00015555366920920553,0.0,-7.974991101466143e-05,-0.0007000649867866268,1.5299728595450062e-05,development
2024-08-15,0.0015535777964256169,0.0,1.5369488688661723e-05,0.0015382083077369552,0.37336613344129976,-0.0006247579828021618,0.0,0.004427018378696979,-0.0028734405822713614,1.5369488688661723e-05,development
2024-08-16,-2.8713337689706135e-05,8.77868638159992e-05,1.3984623484657629e-05,-0.00013048482499036296,0.34029250479333595,3.5388358909926865e-16,0.2500000099999995,0.0003268713120053356,-0.0003555846496950414,0.00010177148730065683,development
2024-08-19,0.00044245685710547295,0.0,4.204703536079742e-05,0.0004004098217446755,0.3410194586194125,-2.871708483314847e-05,0.0,0.0015748815857346444,-0.0011324247286291713,4.204703536079742e-05,development
2024-08-20,-0.0004961922053755018,0.0,1.410310743595747e-05,-0.0005102953128114593,0.3435891884480765,0.0004135741731113862,0.0,-0.0008236985345164026,0.00032750632914090087,1.410310743595747e-05,development
2024-08-21,0.00024161472691770704,8.777241517821163e-05,1.5082099974502181e-05,0.00013876021176499322,0.3669977660462216,1.908195823574488e-15,0.2500000099999994,0.001809834713689466,-0.001568219986771759,0.00010285451515271381,development
2024-08-22,-0.00043994959485203257,0.0,1.5208884379918206e-05,-0.0004551584792319508,0.37032443444973684,0.00024158120506042463,0.0,-0.0015063026074784987,0.0010663530126264655,1.5208884379918206e-05,development
2024-08-23,0.0014461792406809605,0.0,1.5128124621021759e-05,0.0014310511160599388,0.36791924039156865,-0.00019845871996077014,0.0,0.0034566356678487503,-0.002010456427167789,1.5128124621021759e-05,development
2024-08-26,6.28974406705152e-05,8.779242974283083e-05,4.4456788703729824e-05,-6.935177777604544e-05,0.360593952819142,1.3183898417423734e-16,0.25000000999999994,-0.00022337207982415955,0.0002862695204946749,0.00013224921844656065,development
2024-08-27,6.716736024557476e-05,0.0,1.4796426724723538e-05,5.2370933520851226e-05,0.360109285437962,6.290180302252063e-05,0.0,0.00029563870909779993,-0.00022847134885222519,1.4796426724723538e-05,development
2024-08-28,0.0009233121621622042,0.0,1.4814429346258046e-05,0.0009084977328159461,0.36061450977739373,0.00013006235178131265,0.0,-0.0006262600804108258,0.0015495722425730295,1.4814429346258046e-05,development
2024-08-29,0.0010035356393227894,8.778222256504415e-05,1.4099694350053737e-05,0.0009016537224076916,0.3430925625179745,1.942890293094024e-16,0.25000000999999983,0.0010786542433825872,-7.511860405979786e-05,0.00010188191691509788,development
2024-08-30,0.00013662673099410698,0.0,1.4093161330520109e-05,0.00012253356966358687,0.3439362239887864,0.0010026316127970999,0.0,0.0017626158967319991,-0.0016259891657378926,1.4093161330520109e-05,development
2024-09-03,-0.0005072330173294634,0.0,5.690024491247315e-05,-0.0005641332622419366,0.34728227531438116,0.0011391187635028457,0.0,-0.003519231420459842,0.0030119984031303777,5.690024491247315e-05,development
2024-09-04,2.001778007495165e-05,8.779401727309831e-05,1.4474299631855168e-05,-8.225053683000183e-05,0.3522079577084762,3.677613769070831e-16,0.2500000099999995,-0.00034084984774350723,0.00036086762781845885,0.00010226831690495348,development
2024-09-05,0.001188150734889645,0.0,1.4445827455946996e-05,0.001173704907433698,0.3515351541880608,2.001942668390655e-05,0.0,-0.0007448931506186263,0.0019330438855082708,1.4445827455946996e-05,development
2024-09-06,-0.0006439640162070085,0.0,1.4270198135009043e-05,-0.0006582342143420176,0.34844824174061634,0.0012067537887296628,0.0,-0.0027351312390043714,0.002091167222797364,1.4270198135009043e-05,development
2024-09-09,-6.293988934318962e-05,8.778166349114173e-05,4.709788677611945e-05,-0.0001978194396104508,0.3820161927396353,-2.8796409701215e-16,0.2500000099999997,0.002079791197251963,-0.002142731086595153,0.00013487955026726117,development
2024-09-10,-0.0010263700062520956,0.0,1.5878551562041384e-05,-0.001042248557814137,0.38631513566713305,-6.2952342540612e-05,0.0,-0.0005044294033407673,-0.0005219406029113284,1.5878551562041384e-05,development
2024-09-11,0.0015612810613079167,0.0,1.5938062212032772e-05,0.001545342999095884,0.3867357216148119,-0.0010904588779856485,0.0,0.002058525826252668,-0.0004972447649447512,1.5938062212032772e-05,development
2024-09-12,-0.0001809872697086767,8.780326586292128e-05,1.5597050314167505e-05,-0.00028438758588576545,0.37952822431140903,-2.949029909160572e-16,0.2500000099999995,0.0010786960509997614,-0.0012596833207084374,0.00010340031617708879,development
2024-09-13,0.0002002518763974098,0.0,1.5705052251464202e-05,0.0001845468241459456,0.3819752326974122,-0.00018103875488342455,0.0,0.0017505137685001832,-0.0015502618921027732,1.5705052251464202e-05,development
2024-09-16,-0.0014184414276264808,0.0,4.7488649231950715e-05,-0.0014659300768584316,0.38520492001338125,1.9209576447656168e-05,0.0,0.0005865178297725105,-0.002004959257398991,4.7488649231950715e-05,development
2024-09-17,-0.0001562300929143212,8.77935966998577e-05,1.7751747225014204e-05,-0.0002617754368391931,0.4319591824753459,2.706168622523819e-16,0.2500000099999997,6.351583469264301e-05,-0.00021974592760696412,0.0001055453439248719,development
2024-09-18,0.0002382538694676761,0.0,1.7774461451543643e-05,0.00022047940801613245,0.43235562432007174,-0.0001562710008235664,0.0,-0.00041672811162414965,0.0006549819810918252,1.7774461451543643e-05,development
2024-09-19,0.0007286572022695163,0.0,1.7716721143921638e-05,0.0007109404811255946,0.43118884596585405,8.196479709417746e-05,0.0,0.003322918726007455,-0.0025942615237379402,1.7716721143921638e-05,development
2024-09-20,0.00010338638975207289,8.77885957605532e-05,1.680600816223824e-05,-1.2082141707185534e-06,0.4089461986144637,-2.671474153004283e-16,0.2500000099999999,-0.0002200871643208739,0.0003234735540729471,0.00010459460392279145,development
2024-09-23,0.0003878244450457002,0.0,5.033832470381781e-05,0.0003374861203418824,0.40840313133452044,0.00010338651466484244,0.0,0.0008999756811459487,-0.0005121512361002484,5.033832470381781e-05,development
2024-09-24,0.00016444886459918249,0.0,1.6815861070371652e-05,0.00014763300352881083,0.4096769979511349,0.0004910452387580123,0.0,0.0005775027712563704,-0.0004130539066571878,1.6815861070371652e-05,development
2024-09-25,-0.0007749376447141054,8.777879654051479e-05,1.6042808319204587e-05,-0.0008787592495738248,0.39037500243397805,-3.157196726277789e-16,0.2500000099999993,-0.001361223085023345,0.0005862854403092399,0.00010382160485971938,development
2024-09-26,-0.00034231175991379897,0.0,1.6008688257675583e-05,-0.00035832044817147457,0.38876912837615474,-0.0007756192272845462,0.0,0.0022806975587064742,-0.002623009318620273,1.6008688257675583e-05,development
2024-09-27,-0.0004330746560385432,0.0,1.62300936391121e-05,-0.0004493047496776553,0.39381394684341064,-0.0011183317083172679,0.0,0.00019473700358589694,-0.00062781165962444,1.62300936391121e-05,development
2024-09-30,0.0011268477063325752,8.780334095353944e-05,5.1300104043435285e-05,0.0009877442613356003,0.4161008439078637,-2.498001805406602e-16,0.2500000099999997,0.0006446277594013761,0.0004822199469311988,0.00013910344499697472,development
2024-10-01,-0.0001945620038377365,0.0,1.7043565480962453e-05,-0.00021160556931869897,0.41585249580404143,0.0011257357672884057,0.0,-0.001281309302837335,0.0010867472989995984,1.7043565480962453e-05,development
2024-10-02,0.00030670592784063717,0.0,1.6957832156882235e-05,0.0002897480956837549,0.4135719533308433,0.0009313708467089191,0.0,0.00016178732831534433,0.00014491859952529276,1.6957832156882235e-05,development
2024-10-03,-0.00026582917152047385,8.779866871922198e-05,1.6990842642814396e-05,-0.0003706186828825102,0.4134438376418171,-1.3877787807814457e-17,0.2500000099999999,-0.0007879659756029401,0.0005221368040824652,0.00010478951136203638,development
2024-10-04,-0.0017414251494046315,0.0,1.6954210836343674e-05,-0.001758379360240975,0.4122865359550575,-0.00026592772930527156,0.0,0.001028915729606158,-0.002770340879010789,1.6954210836343674e-05,development
2024-10-07,-0.00045577286884996735,0.0,5.163652686309057e-05,-0.0005074093957130579,0.41681871799435777,-0.002010888784043506,0.0,-0.001705844914805495,0.0012500720459555277,5.163652686309057e-05,development
2024-10-08,0.0011516189185205087,8.777922490958918e-05,1.593583209092352e-05,0.0010479038615199962,0.38777191421247215,-2.185751579730777e-16,0.2500000099999995,0.0014090892473902251,-0.0002574703288697164,0.0001037150570005127,development
2024-10-09,0.00028093876030894796,0.0,1.5940290144166305e-05,0.00026499847016478163,0.38903080690392716,0.0011504133958803904,0.0,0.0015598965407215579,-0.0012789577804126102,1.5940290144166305e-05,development
2024-10-10,-0.00011553786332234843,0.0,1.6041159079118826e-05,-0.00013157902240146726,0.3917658438757714,0.0014309729505466093,0.0,-0.0007074063907606488,0.0005918685274383005,1.6041159079118826e-05,development
2024-10-11,-0.00017786425084301318,8.77883019327863e-05,1.5689000562766442e-05,-0.00028134155333856594,0.38176568036065006,-2.2551405187698492e-17,0.25000000999999933,0.0015306326518279472,-0.001708496902670959,0.00010347730249555275,development
2024-10-14,0.0007219477555837038,0.0,4.7501639082102584e-05,0.0006744461165016012,0.385113158249302,-0.00017791430553012848,0.0,0.0014617977719309139,-0.00073985001634721,4.7501639082102584e-05,development
2024-10-15,0.0012365135145028007,0.0,1.5883976398222515e-05,0.0012206295381045782,0.3870537591328556,0.0005436667761077639,0.0,-0.0007082478140987264,0.0019447613286015274,1.5883976398222515e-05,development
2024-10-16,-0.0007946812453986148,8.778845772300809e-05,1.3913781640646058e-05,-0.0008963834847622689,0.33856868658905426,1.700029006457271e-16,0.25000001,0.0008995085316503534,-0.001694189777048968,0.00010170223936365415,development
2024-10-17,-0.0005655826481880189,0.0,1.4065638321365912e-05,-0.0005796482865093848,0.3414684715962595,-0.0007953942236443878,0.0,-0.0009024643320534307,0.00033688168386541154,1.4065638321365912e-05,development
2024-10-18,0.00016696620786869372,0.0,1.4046091208543914e-05,0.0001529201166601498,0.34042645319061504,-0.0013617662172868976,0.0,0.0007633081937801322,-0.0005963419859114388,1.4046091208543914e-05,development
2024-10-21,-0.0006202664098046618,8.778311559353702e-05,4.802085027305935e-05,-0.0007560703756712583,0.3895024522148147,3.469446951953614e-18,0.2500000099999994,-0.002021511371911032,0.0014012449621063708,0.00013580396586659638,development
2024-10-22,0.00048742251384471867,0.0,1.5903803667029654e-05,0.000471518710177689,0.3863718201680206,-0.0006207357297010156,0.0,-5.0250118228680896e-05,0.0005376726320733992,1.5903803667029654e-05,development
2024-10-23,0.00019024535063023873,0.0,1.585213681679492e-05,0.00017439321381344382,0.3856020788228701,-0.00013325038580624254,0.0,-0.0009368669355599986,0.0011271122861902366,1.585213681679492e-05,development
2024-10-24,0.0012290019248757979,8.776087889022235e-05,1.5918547118069327e-05,0.0011253224988675061,0.3873513132063532,-3.7296554733501353e-16,0.2500000099999997,0.0012054010795987974,2.36008452770005e-05,0.00010367942600829168,development
2024-10-25,0.0013237650573899931,0.0,1.5898716139592115e-05,0.001307866341250401,0.3880963798526978,0.0012276204559562732,0.0,0.0004919760919529118,0.0008317889654370815,1.5898716139592115e-05,development
2024-10-28,-0.0005099488676561049,0.0,4.7429018952278246e-05,-0.0005573778866083831,0.38725009561351464,0.0025480530005910773,0.0,0.0004545925010017833,-0.000964541368657888,4.7429018952278246e-05,development
2024-10-29,-7.34348850416956e-05,8.776600575540493e-05,1.6545676400982606e-05,-0.00017774656719808315,0.4026114590905757,-9.575673587391975e-16,0.2500000099999996,-0.0006511352075824935,0.0005777003225407982,0.00010431168215638753,development
2024-10-30,0.0004595044467625978,0.0,1.6501127201406526e-05,0.0004430033195611913,0.4014539806273969,-7.344794016188663e-05,0.0,-0.00039831692069402705,0.0008578213674566252,1.6501127201406526e-05,development
2024-10-31,-0.00011703879785300281,0.0,1.6423345738907534e-05,-0.00013346214359191035,0.4000206318714343,0.0003858855580175409,0.0,-0.0028884757379928957,0.002771436940139891,1.6423345738907534e-05,development
2024-11-01,-0.00020995053955827917,8.776136251804183e-05,1.3082612687516183e-05,-0.0003107945147638372,0.31834357539622626,-8.344019919448442e-16,0.2500000099999997,0.0006299740453056057,-0.000839924584863885,0.00010084397520555801,development
2024-11-04,0.0009374362873890028,0.0,3.946720894676045e-05,0.0008979690784422424,0.31991290120129134,-0.0002100158113212819,0.0,0.0005793023188921424,0.0003581339684968608,3.946720894676045e-05,development
2024-11-05,-0.00018930391522161723,0.0,1.3114524209724426e-05,-0.00020241843943134166,0.3198468569642957,0.0007267678610013376,0.0,0.0015223546331961193,-0.0017116585484177349,1.3114524209724426e-05,development
2024-11-06,-0.0024675438717454232,8.775092578646801e-05,1.4967713279413926e-05,-0.0025702625108113054,0.3642143564657391,2.42861286636753e-16,0.2500000099999999,0.003450031457428055,-0.005917575329173479,0.00010271863906588193,development
2024-11-07,0.0007693799937992423,0.0,1.5493912756971563e-05,0.0007538860810422707,0.3745446413025057,-0.002473902450469032,0.0,0.0013375216800893303,-0.0005681416862900876,1.5493912756971563e-05,development
2024-11-08,0.0009045219913540246,0.0,1.5528902310621068e-05,0.0008889930890434035,0.3761667178161721,-0.0017032384089405873,0.0,0.0015464316294178679,-0.0006419096380638433,1.5528902310621068e-05,development
2024-11-11,-0.001875103581338241,8.777079806362195e-05,4.598678595650862e-05,-0.0020088611653583718,0.37300393053612574,2.706168622523819e-16,0.25000001,-0.000559343653185451,-0.0013157599281527898,0.00013375758402013057,development
2024-11-12,-0.0005059172314536455,0.0,1.546814666292976e-05,-0.0005213853781165752,0.3745126908115984,-0.0018788779863592123,0.0,-0.0015674618160260757,0.0010615445845724306,1.546814666292976e-05,development
2024-11-13,-0.0006095841470619666,0.0,1.5388919980964973e-05,-0.0006249730670429316,0.37207768027301774,-0.002386039263796603,0.0,-0.0003328034288137379,-0.0002767807182482286,1.5388919980964973e-05,development
2024-11-14,0.0005978634745457808,8.777210814329515e-05,1.5573940484600752e-05,0.0004945174259178849,0.37896588512528495,5.377642775528102e-17,0.25000000999999944,-0.0010065572512497384,0.0016044207257955186,0.00010334604862789591,development
2024-11-15,-0.00038724556785657555,0.0,1.543443768956329e-05,-0.00040268000554613884,0.3761688850794798,0.0005975679667730872,0.0,-0.002138083024144457,0.00175083745628788,1.543443768956329e-05,development
2024-11-18,0.0006017303098912674,0.0,4.589007874046554e-05,0.0005558402311508018,0.37242993468721286,0.00021040712565904146,0.0,0.0014863222717712453,-0.000884591961879977,4.589007874046554e-05,development
2024-11-19,0.00044245144753714467,8.775850533993469e-05,1.2767776105830512e-05,0.0003419251660913795,0.3106825519085422,-1.730386667286865e-16,0.25000000999999955,-9.045143317003678e-05,0.0005329028807071818,0.0001005262814457652,development
2024-11-20,0.0009556946211763033,0.0,1.2719626708585102e-05,0.0009429749944677182,0.3099532167895337,0.0004423002139628497,0.0,0.0007916571321637722,0.0001640374890125312,1.2719626708585102e-05,development
2024-11-21,-0.0003996474543680439,0.0,1.2694173886691029e-05,-0.0004123416282547349,0.3102882423790441,0.0013966778028956985,0.0,0.0017081234135189946,-0.0021077708678870384,1.2694173886691029e-05,development
2024-11-22,-0.00019609830071335007,8.776147847863211e-05,1.3735448644336291e-05,-0.00029759522783631844,0.3342292503455166,2.2898349882893854e-16,0.25000000999999983,0.0010081651924405733,-0.0012042634931539236,0.0001014969271229684,development
2024-11-25,0.0010054643794444025,0.0,4.1515642473332935e-05,0.0009639487369710696,0.3365418322743633,-0.0001961566760038105,0.0,0.0019230656594444186,-0.0009176012800000163,4.1515642473332935e-05,development
2024-11-26,-0.0012332940793093863,0.0,1.390056734006801e-05,-0.0012471946466494543,0.3390556669319058,0.0008085283235842629,0.0,-0.00040251470221835527,-0.0008307793770910311,1.390056734006801e-05,development
2024-11-27,0.0012661077574283352,8.775274282265481e-05,1.580801490359775e-05,0.0011625469997020824,0.3846616959875456,3.4867941867133823e-16,0.2500000099999995,0.00027575231411266967,0.0009903554433156653,0.00010356075772625256,development
2024-11-29,0.00034401016639966624,0.0,3.1416708252210784e-05,0.0003125934581474555,0.38350125462539586,0.0012646375568312758,0.0,0.0010695732447150515,-0.0007255630783153848,3.1416708252210784e-05,development
2024-12-02,0.0006265118133969013,0.0,4.728918605263114e-05,0.0005792226273442702,0.38517598745451254,0.0016081450276155575,0.0,0.0001896949450152783,0.00043681686838162277,4.728918605263114e-05,development
2024-12-03,0.00010776970697112652,8.776213520484377e-05,1.270498619440486e-05,7.302585571877883e-06,0.30915466406385117,-4.49293380277993e-16,0.2500000099999997,-0.00048777867665248845,0.0005955483836236151,0.00010046712139924863,development
2024-12-04,-0.00018542334408390228,0.0,1.2655944591070853e-05,-0.00019807928867497313,0.308069087302703,0.0001077689199789171,0.0,0.00010361731991569523,-0.00028904066399959745,1.2655944591070853e-05,development
2024-12-05,0.0007013272028811337,0.0,1.2682213441792303e-05,0.0006886449894393414,0.3085228572747273,-7.766980888547666e-05,0.0,-0.0005195202115759839,0.0012208474144571177,1.2682213441792303e-05,development
2024-12-06,-0.00027397428717707364,8.774884677044744e-05,1.2555169678605723e-05,-0.0003742783036261268,0.3055091288460722,-3.6038880213418167e-16,0.2500000099999993,-4.796459884972861e-05,-0.00022600968832734493,0.00010030401644905316,development
2024-12-09,0.0004113672311373713,0.0,3.7735360979011e-05,0.00037363187015836027,0.30580162885044204,-0.00027407686820272656,0.0,-0.00031073426497887766,0.0007221014961162486,3.7735360979011e-05,development
2024-12-10,-0.0002461732362764985,0.0,1.2514427062982865e-05,-0.0002586876633394814,0.304654964285288,0.00013723908603827171,0.0,-0.0012292087729332704,0.000983035536656772,1.2514427062982865e-05,development
2024-12-11,-0.0009954361493234162,8.774827415394096e-05,1.3763383047040477e-05,-0.0010969478065243976,0.33490898747798437,-6.054184931159057e-16,0.2500000099999992,-0.00033797092530507577,-0.0006574652240183401,0.00010151165720098144,development
2024-12-12,0.0008219980065202182,0.0,1.3832594919286278e-05,0.000808165411600932,0.33559661374602334,-0.0009965292899427602,0.0,-0.0006594066629019464,0.0014814046694221642,1.3832594919286278e-05,development
2024-12-13,-0.0003945316988927725,0.0,1.3699763956012219e-05,-0.0004082314628487847,0.3331865325824548,-0.0001743903471758384,0.0,-0.000701423704708491,0.0003068920058157185,1.3699763956012219e-05,development
2024-12-16,-0.0015587435370332352,8.775584989988254e-05,4.4581477910503623e-05,-0.0016910808648436214,0.3616053208296406,3.2959746043559335e-17,0.2500000099999993,-0.001279644376220626,-0.00027909916081260915,0.00013233732781038615,development
2024-12-17,-0.0006533314336573021,0.0,1.490864401650471e-05,-0.0006682400776738068,0.3612156204380379,-0.0015613839635766867,0.0,-0.0017209502848845035,0.0010676188512272022,1.490864401650471e-05,development
2024-12-18,0.0006357673474469108,0.0,1.4830805060208693e-05,0.0006209365423867022,0.3586667267832909,-0.002216196348454015,0.0,-0.00482006825949743,0.005455835606944334,1.4830805060208693e-05,development
2024-12-19,-0.00014660212101396953,8.777992325084494e-05,1.3832101212763814e-05,-0.0002482141454775783,0.3365811295105853,-8.27463098040937e-16,0.2500000099999999,-0.0007173102349194812,0.0005707081139055114,0.00010161202446360875,development
2024-12-20,-4.1893029161220354e-05,0.0,1.3788616226146292e-05,-5.568164538736665e-05,0.33537635631745705,-0.00014663851876942427,0.0,0.002112170263287008,-0.0021540632924482296,1.3788616226146292e-05,development
2024-12-23,-0.0005360273834191206,0.0,4.189932059557858e-05,-0.0005779267040146992,0.3396615027845421,-0.00018854204626200452,0.0,0.00031442173218415337,-0.0008504491156032741,4.189932059557858e-05,development
2024-12-24,0.0006396186985503922,8.775207364422647e-05,1.7041553740591942e-05,0.0005348250711655738,0.4146778076877372,3.729655473350135e-17,0.2500000099999999,0.002197331856723092,-0.0015577131581726996,0.00010479362738481841,development
2024-12-26,-0.000811102067486128,0.0,3.432081428620069e-05,-0.0008454228817723286,0.41820918394606693,0.0006392767972918257,0.0,-0.00016019585896337042,-0.0006509062085227573,3.432081428620069e-05,development
2024-12-27,-0.0005999837064176191,0.0,1.7228471627658865e-05,-0.000617212178045278,0.4190541722815754,-0.00017197065812367667,0.0,-0.00195441143013386,0.0013544277237162415,1.7228471627658865e-05,development
2024-12-30,7.116766031871456e-05,8.774306113036655e-05,5.851207991577235e-05,-7.508748072742433e-05,0.47459798153904226,-2.255140518769849e-16,0.25000000999999994,-0.0026318712796868657,0.0027030389400055786,0.00014625514104613888,development
2024-12-31,-0.0007277071669695007,0.0,1.928330698942267e-05,-0.0007469904739589233,0.4692983097471384,7.117300452009687e-05,0.0,-0.0006314021038550655,-9.63050631144353e-05,1.928330698942267e-05,development
